robust_method,trial_key,video,data_file,time_mae,time_rmse,time_ccc,time_dtw,time_snr,freq_mae,freq_rmse,freq_r,freq_snr,freq_kl,diag_fail_total,diag_nis_mean,diag_nis_pass,diag_nis_overstrict,diag_nis_truefail,base,variant,baseline_method,baseline_time_mae,baseline_freq_mae,baseline_fail_total,baseline_nis_truefail,q_vis_mean,q_drift_mean,q_out_mean,q_harm_mean,q_burst_rate,alpha_R_mean,alpha_Q_mean,g_t_mean,g_z_eff_mean,lambda_mean,instability_u,delta_time_mae,delta_freq_mae,delta_fail_total,delta_nis_truefail,better_time,better_freq,better_dual
of_farneback__robust_ossm_ekf,14_1,cohface_14_1,data/cohface_14_1.pkl,0.66,0.81,0.67,0.4858211927559541,1.84849280287036,0.43,0.5,0.97,5.9980010198567015,0.20008162,0.0761750405186385,0.1307548446295978,0.0,0.0,1.0,of_farneback,robust_ossm_ekf,of_farneback__kfstd,0.65,0.42,,,0.5188269902751399,0.3263316227901665,0.3403457138564822,0.4446141053043391,0.0097244732576985,1.0,1.6200300833013164,1.0,1.0,1.0718615878901308,0.6773196432185806,0.010000000000000009,0.010000000000000009,,,0.0,0.0,0.0
dof__robust_ossm_ekf,14_1,cohface_14_1,data/cohface_14_1.pkl,0.76,0.96,0.53,0.4180010509488122,0.4436456936811217,3.54,5.29,-0.62,5.060131517237146,0.4383676,0.1110210696920583,0.1543712228680629,0.0,0.0,1.0,dof,robust_ossm_ekf,dof__kfstd,0.71,2.37,,,0.5188269902751399,0.3263316227901665,0.3122476591246884,0.3802958724994859,0.0032414910858995,1.6166639054339136,1.6200300833013164,0.543545503989243,0.264979346036233,1.0735092684895242,0.5666827425343955,0.050000000000000044,1.17,,,0.0,0.0,0.0
profile1d_linear__robust_ossm_ekf,14_1,cohface_14_1,data/cohface_14_1.pkl,0.26,0.33,0.95,0.2252350572216609,9.63534465299414,0.08,0.11,1.0,14.579173297912437,0.019760482,0.0024311183144246,0.0314131919129674,0.0,0.0,1.0,profile1d_linear,robust_ossm_ekf,profile1d_linear__kfstd,0.24,0.09,,,0.5188269902751399,0.3263316227901665,0.3064452103459324,0.4676415216966146,0.0072933549432739,1.0,1.6200300833013164,1.0,1.0,1.0803204944370253,0.6244329801886767,0.020000000000000018,-0.009999999999999995,,,0.0,1.0,0.0
profile1d_quadratic__robust_ossm_ekf,14_1,cohface_14_1,data/cohface_14_1.pkl,0.24,0.33,0.95,0.2156376166238982,9.834153046366804,0.06,0.09,1.0,14.04015959155424,0.012944965,0.0121555915721231,0.0714288737327904,0.0,0.0,1.0,profile1d_quadratic,robust_ossm_ekf,profile1d_quadratic__kfstd,0.23,0.04,,,0.5188269902751399,0.3263316227901665,0.3160708793403139,0.5191313769802525,0.0008103727714748,1.0,1.6200300833013164,1.0,1.0,1.0765791783200718,0.6356591437579331,0.009999999999999981,0.019999999999999997,,,0.0,0.0,0.0
profile1d_cubic__robust_ossm_ekf,14_1,cohface_14_1,data/cohface_14_1.pkl,0.24,0.33,0.95,0.2175131252840482,9.715099545837752,0.06,0.09,1.0,13.924071334432991,0.010999804,0.0113452188006482,0.0723340384758541,0.0,0.0,1.0,profile1d_cubic,robust_ossm_ekf,profile1d_cubic__kfstd,0.23,0.04,,,0.5188269902751399,0.3263316227901665,0.316338867428428,0.5226443226564531,0.0008103727714748,1.0,1.6200300833013164,1.0,1.0,1.0764979491536868,0.6361083693890848,0.009999999999999981,0.019999999999999997,,,0.0,0.0,0.0
of_farneback__robust_ossm_ekf,14_3,cohface_14_3,data/cohface_14_3.pkl,0.56,0.7,0.75,0.4718212606961288,3.101919233600341,0.47,0.64,0.81,8.368230597707477,0.10598183,0.0186234817813765,0.0978382084817815,0.0,0.0,1.0,of_farneback,robust_ossm_ekf,of_farneback__kfstd,0.55,0.47,,,0.4109078271451392,0.2162480469462531,0.2839825278696706,0.2631863224793914,0.0040485829959514,1.0,1.410871289197881,1.0,1.0,1.07443378657671,0.418761617580686,0.010000000000000009,0.0,,,0.0,0.0,0.0
dof__robust_ossm_ekf,14_3,cohface_14_3,data/cohface_14_3.pkl,0.7,0.91,0.59,0.4535001358433778,0.83103151781856,1.22,1.77,0.89,4.30193836171868,0.24525222,0.3076923076923077,0.1432291595736273,0.0,0.0,1.0,dof,robust_ossm_ekf,dof__kfstd,0.66,0.5,,,0.4109078271451392,0.2162480469462531,0.355262769958677,0.4057454736457904,0.0,1.7809705209560025,1.410871289197881,0.4553687244456429,0.2285945028977224,1.0746032248816773,0.6061839795288986,0.039999999999999925,0.72,,,0.0,0.0,0.0
profile1d_linear__robust_ossm_ekf,14_3,cohface_14_3,data/cohface_14_3.pkl,0.35,0.48,0.89,0.3050327760148925,6.485356839797893,0.27,0.34,0.92,12.03177674682551,0.121140644,0.0,0.016132038175117,0.0,0.0,1.0,profile1d_linear,robust_ossm_ekf,profile1d_linear__kfstd,0.37,0.28,,,0.4109078271451392,0.2162480469462531,0.2452032367286457,0.3948529748953163,0.0,1.0,1.410871289197881,1.0,1.0,1.0817782650134542,0.4293926458910451,-0.020000000000000018,-0.010000000000000009,,,1.0,1.0,1.0
profile1d_quadratic__robust_ossm_ekf,14_3,cohface_14_3,data/cohface_14_3.pkl,0.39,0.52,0.87,0.3413758978166293,5.768484964218054,0.27,0.35,0.91,12.19613464344206,0.098153576,0.0,0.0256806606916103,0.0,0.0,1.0,profile1d_quadratic,robust_ossm_ekf,profile1d_quadratic__kfstd,0.38,0.29,,,0.4109078271451392,0.2162480469462531,0.2380507565202073,0.3952000411876514,0.0,1.0,1.410871289197881,1.0,1.0,1.0808670414426271,0.42959704672323085,0.010000000000000009,-0.019999999999999962,,,0.0,1.0,0.0
profile1d_cubic__robust_ossm_ekf,14_3,cohface_14_3,data/cohface_14_3.pkl,0.39,0.52,0.86,0.3442093357103233,5.652546838223154,0.27,0.35,0.91,12.010513949711514,0.09181821,0.0,0.0267519172344534,0.0,0.0,1.0,profile1d_cubic,robust_ossm_ekf,profile1d_cubic__kfstd,0.38,0.29,,,0.4109078271451392,0.2162480469462531,0.2381257899788657,0.3932747998408696,0.0,1.0,1.410871289197881,1.0,1.0,1.0807660587536576,0.4284631972479821,0.010000000000000009,-0.019999999999999962,,,0.0,1.0,0.0
of_farneback__robust_ossm_ekf,15_2,cohface_15_2,data/cohface_15_2.pkl,0.78,0.93,0.57,0.5760959282477315,0.6437542232798348,0.34,0.4,0.88,5.852987136657421,0.3853079,0.4246128769356153,0.2863970741149314,0.0,0.0,1.0,of_farneback,robust_ossm_ekf,of_farneback__kfstd,0.77,0.33,,,0.4181732872208473,0.273518867578754,0.4449404162537225,0.4274060308877039,0.0138549307253463,1.0,1.5196858483996327,1.0,1.0,1.0606744675286797,0.8418141430212144,0.010000000000000009,0.010000000000000009,,,0.0,0.0,0.0
dof__robust_ossm_ekf,15_2,cohface_15_2,data/cohface_15_2.pkl,1.02,1.25,0.22,0.599386001327257,-1.897912522915881,10.38,10.39,0.99,8.849127133543657,3.0379553,0.0032599837000814,0.1073498637656311,0.0,0.0,1.0,dof,robust_ossm_ekf,dof__kfstd,0.94,9.91,,,0.4181732872208473,0.273518867578754,0.3355926905824518,0.180762988532844,0.0024449877750611,2.059623438249197,1.5196858483996327,0.3634642372243751,0.1940519112550307,1.0780649368957318,0.4888042794909234,0.08000000000000007,0.47000000000000064,,,0.0,0.0,0.0
profile1d_linear__robust_ossm_ekf,15_2,cohface_15_2,data/cohface_15_2.pkl,0.29,0.37,0.93,0.2421506855192162,8.7708332785122,0.04,0.07,0.99,17.668440434331032,0.0068918485,0.0301548492257538,0.04542744336023,0.0,0.0,1.0,profile1d_linear,robust_ossm_ekf,profile1d_linear__kfstd,0.29,0.04,,,0.4181732872208473,0.273518867578754,0.3599092009811205,0.4042716142390565,0.0,1.0,1.5196858483996327,1.0,1.0,1.0789968942830284,0.6515224770309006,0.0,0.0,,,0.0,0.0,0.0
profile1d_quadratic__robust_ossm_ekf,15_2,cohface_15_2,data/cohface_15_2.pkl,0.27,0.33,0.94,0.2440838006452238,9.581441933219368,0.03,0.05,1.0,17.69239990244069,0.0028412342,0.0301548492257538,0.037139678960751,0.0,0.0,1.0,profile1d_quadratic,robust_ossm_ekf,profile1d_quadratic__kfstd,0.26,0.04,,,0.4181732872208473,0.273518867578754,0.3256151389286629,0.4219478007440581,0.0065199674001629,1.0,1.5196858483996327,1.0,1.0,1.0797832597789596,0.6302491821079503,0.010000000000000009,-0.010000000000000002,,,0.0,1.0,0.0
profile1d_cubic__robust_ossm_ekf,15_2,cohface_15_2,data/cohface_15_2.pkl,0.27,0.34,0.94,0.2442970232126845,9.524335121729823,0.02,0.05,1.0,17.769506435994312,0.0030413866,0.0301548492257538,0.0392765844048344,0.0,0.0,1.0,profile1d_cubic,robust_ossm_ekf,profile1d_cubic__kfstd,0.26,0.05,,,0.4181732872208473,0.273518867578754,0.328249686247434,0.4231706061018896,0.0040749796251018,1.0,1.5196858483996327,1.0,1.0,1.0795834439069028,0.6257093703140695,0.010000000000000009,-0.030000000000000002,,,0.0,1.0,0.0
of_farneback__robust_ossm_ekf,40_1,cohface_40_1,data/cohface_40_1.pkl,0.72,0.9,0.6,0.490029901600555,0.9197034500871824,4.99,6.74,-0.38,0.1086807432617636,0.41866544,0.0754870129870129,0.3839892700256297,0.0,0.0,1.0,of_farneback,robust_ossm_ekf,of_farneback__kfstd,0.72,4.97,,,0.392575295937356,0.2235934667023776,0.434226806829834,0.3115220444584253,0.0284090909090909,1.0,1.4248275867345177,1.0,1.0,1.0551643434535092,0.793256324726444,0.0,0.020000000000000462,,,0.0,0.0,0.0
dof__robust_ossm_ekf,40_1,cohface_40_1,data/cohface_40_1.pkl,0.54,0.67,0.78,0.3976629108781915,3.536900710284189,3.39,4.59,-0.12,8.136965635014844,0.14725551,0.3993506493506493,0.1145380179538932,0.0,0.0,1.0,dof,robust_ossm_ekf,dof__kfstd,0.47,3.37,,,0.392575295937356,0.2235934667023776,0.3924807853564551,0.5261867321951261,0.0040584415584415,1.926781961219348,1.4248275867345177,0.4503178966813781,0.1758744949553334,1.0771902396614197,0.754774919981479,0.07000000000000006,0.020000000000000018,,,0.0,0.0,0.0
profile1d_linear__robust_ossm_ekf,40_1,cohface_40_1,data/cohface_40_1.pkl,0.94,1.13,0.38,0.574040186014832,-0.6813193764315318,4.53,6.24,-0.03,1.8720650439341304,0.35865605,0.0844155844155844,0.2831597796043905,0.0,0.0,1.0,profile1d_linear,robust_ossm_ekf,profile1d_linear__kfstd,0.97,3.66,,,0.392575295937356,0.2235934667023776,0.4262235099123447,0.3394944166282595,0.0324675324675324,1.0,1.4248275867345177,1.0,1.0,1.059849159643921,0.799057406539969,-0.030000000000000027,0.8700000000000001,,,1.0,0.0,0.0
profile1d_quadratic__robust_ossm_ekf,40_1,cohface_40_1,data/cohface_40_1.pkl,0.67,0.89,0.61,0.4788520776009683,1.148325314216998,3.77,5.33,0.1,2.5344602974245003,0.512223,0.1753246753246753,0.2031569028435423,0.0,0.0,1.0,profile1d_quadratic,robust_ossm_ekf,profile1d_quadratic__kfstd,0.68,4.73,,,0.392575295937356,0.2235934667023776,0.3987108323815216,0.2510276211243359,0.0202922077922077,1.0,1.4248275867345177,1.0,1.0,1.065323752783992,0.6811446835701503,-0.010000000000000009,-0.9600000000000004,,,1.0,1.0,1.0
profile1d_cubic__robust_ossm_ekf,40_1,cohface_40_1,data/cohface_40_1.pkl,0.67,0.89,0.61,0.4769013399443068,1.0790223453985182,3.55,5.11,0.18,2.499493111146724,0.5000386,0.1761363636363636,0.2013697297559478,0.0,0.0,1.0,profile1d_cubic,robust_ossm_ekf,profile1d_cubic__kfstd,0.68,4.51,,,0.392575295937356,0.2235934667023776,0.4021289552161883,0.2519255672263479,0.0162337662337662,1.0,1.4248275867345177,1.0,1.0,1.0654444723491867,0.6713416773313693,-0.010000000000000009,-0.96,,,1.0,1.0,1.0
of_farneback__robust_ossm_ekf,25_3,cohface_25_3,data/cohface_25_3.pkl,0.59,0.75,0.73,0.4951826421715073,2.6093786241550188,0.42,0.45,0.95,5.741251066520782,0.15510762,0.1263243683781581,0.5439922929945664,0.0,0.0,1.0,of_farneback,robust_ossm_ekf,of_farneback__kfstd,0.59,0.41,,,0.8335137527560581,0.2408259804852695,0.4050751662673697,0.4524349885220696,0.0293398533007334,1.0,1.457569362922012,1.0,1.0,1.0447089035164865,0.6591798336231218,0.0,0.010000000000000009,,,0.0,0.0,0.0
dof__robust_ossm_ekf,25_3,cohface_25_3,data/cohface_25_3.pkl,0.78,0.97,0.54,0.5293941238971147,0.4509490060790095,2.03,2.96,-0.93,9.816056556921785,0.5506617,0.5998370008149959,0.2165187339834103,0.0,0.0,1.0,dof,robust_ossm_ekf,dof__kfstd,0.69,0.46,,,0.8335137527560581,0.2408259804852695,0.3423430627174075,0.4872355950762281,0.0032599837000814,1.5798143626475354,1.457569362922012,0.6617318495902923,0.3082117212076348,1.0679087102521398,0.48741973894355173,0.09000000000000008,1.5699999999999998,,,0.0,0.0,0.0
profile1d_linear__robust_ossm_ekf,25_3,cohface_25_3,data/cohface_25_3.pkl,0.6,0.73,0.73,0.4416221391476027,2.755270982417914,0.34,0.43,0.98,8.20196819981092,0.11268255,0.0668296658516707,0.1388212778537016,0.0,0.0,1.0,profile1d_linear,robust_ossm_ekf,profile1d_linear__kfstd,0.48,0.36,,,0.8335137527560581,0.2408259804852695,0.3271583544985843,0.3507238565397305,0.0040749796251018,1.0,1.457569362922012,1.0,1.0,1.07066067521709,0.3847941125581443,0.12,-0.019999999999999962,,,0.0,1.0,0.0
profile1d_quadratic__robust_ossm_ekf,25_3,cohface_25_3,data/cohface_25_3.pkl,0.59,0.73,0.74,0.4766357470370607,2.7761221245496444,0.38,0.4,0.97,7.868728691915257,0.12601613,0.1100244498777506,0.2473462327001226,0.0,0.0,1.0,profile1d_quadratic,robust_ossm_ekf,profile1d_quadratic__kfstd,0.48,0.32,,,0.8335137527560581,0.2408259804852695,0.345556672534074,0.3408339519542938,0.0236348818255908,1.0,1.457569362922012,1.0,1.0,1.061740717323015,0.4872203398284093,0.10999999999999999,0.06,,,0.0,0.0,0.0
profile1d_cubic__robust_ossm_ekf,25_3,cohface_25_3,data/cohface_25_3.pkl,0.62,0.76,0.72,0.492194114721331,2.518792350530823,0.46,0.48,0.94,6.919221936320983,0.11366051,0.0912795436022819,0.2472464205949755,0.0,0.0,1.0,profile1d_cubic,robust_ossm_ekf,profile1d_cubic__kfstd,0.5,0.34,,,0.8335137527560581,0.2408259804852695,0.3406004563854297,0.3357016589115085,0.0203748981255093,1.0,1.457569362922012,1.0,1.0,1.0618315752296228,0.4629880348800954,0.12,0.12,,,0.0,0.0,0.0
of_farneback__robust_ossm_ekf,29_0,cohface_29_0,data/cohface_29_0.pkl,0.41,0.51,0.87,0.4092173457737871,5.840363487576617,0.08,0.11,0.99,11.920255981962557,0.03960234,0.0092850510677808,0.256746220348053,0.0,0.0,1.0,of_farneback,robust_ossm_ekf,of_farneback__kfstd,0.41,0.08,,,0.6942766841243689,0.2323388432303713,0.3014584174920953,0.4283973977102916,0.0092850510677808,1.0,1.4414438021377054,1.0,1.0,1.0610134710794537,0.45985320457844947,0.0,0.0,,,0.0,0.0,0.0
dof__robust_ossm_ekf,29_0,cohface_29_0,data/cohface_29_0.pkl,0.42,0.56,0.84,0.3692547125414491,5.013891728590929,0.16,0.21,0.94,14.42311675580977,0.3174418,0.4280408542246982,0.0641524890853282,0.0,0.0,1.0,dof,robust_ossm_ekf,dof__kfstd,0.42,0.15,,,0.6942766841243689,0.2323388432303713,0.2922989743646162,0.5360771348802481,0.0018570102135561,1.8276311005066703,1.4414438021377054,0.5052262269838305,0.1343671671060374,1.0821001429374644,0.458962326429526,0.0,0.010000000000000009,,,0.0,0.0,0.0
profile1d_linear__robust_ossm_ekf,29_0,cohface_29_0,data/cohface_29_0.pkl,0.45,0.61,0.82,0.4107397652103103,4.389248043399768,0.14,0.17,0.97,11.078891411352162,0.060704686,0.1077065923862581,0.1655204670195383,0.0,0.0,1.0,profile1d_linear,robust_ossm_ekf,profile1d_linear__kfstd,0.38,0.12,,,0.6942766841243689,0.2323388432303713,0.3038516379517938,0.4562691724700644,0.0060352831940575,1.0,1.4414438021377054,1.0,1.0,1.068843053685004,0.4674184919498451,0.07,0.020000000000000018,,,0.0,0.0,0.0
profile1d_quadratic__robust_ossm_ekf,29_0,cohface_29_0,data/cohface_29_0.pkl,0.38,0.49,0.88,0.3598692643243193,6.299477287537824,0.09,0.11,0.99,14.344847626047937,0.0720405,0.0334261838440111,0.141212280332187,0.0,0.0,1.0,profile1d_quadratic,robust_ossm_ekf,profile1d_quadratic__kfstd,0.33,0.07,,,0.6942766841243689,0.2323388432303713,0.2940405158497428,0.422788853992921,0.0060352831940575,1.0,1.4414438021377054,1.0,1.0,1.0703325544733475,0.4312543493741078,0.04999999999999999,0.01999999999999999,,,0.0,0.0,0.0
profile1d_cubic__robust_ossm_ekf,29_0,cohface_29_0,data/cohface_29_0.pkl,0.39,0.5,0.88,0.3747322824421281,6.0348559802498345,0.1,0.12,0.99,14.102520726543045,0.07301245,0.032497678737233,0.1401400754224851,0.0,0.0,1.0,profile1d_cubic,robust_ossm_ekf,profile1d_cubic__kfstd,0.34,0.07,,,0.6942766841243689,0.2323388432303713,0.2957308153177156,0.4250436569334442,0.0060352831940575,1.0,1.4414438021377054,1.0,1.0,1.070421480463351,0.4354157218155391,0.04999999999999999,0.03,,,0.0,0.0,0.0
of_farneback__robust_ossm_ekf,34_0,cohface_34_0,data/cohface_34_0.pkl,0.31,0.43,0.91,0.2871358418173094,7.297759089656253,0.11,0.14,0.94,12.560497380445396,0.0333129,0.0,0.0306142124133152,0.0,0.0,1.0,of_farneback,robust_ossm_ekf,of_farneback__kfstd,0.3,0.11,,,0.7591666587265796,0.1592032685738326,0.2833548061432226,0.0246780386282075,0.0,1.0,1.302486210290282,1.0,1.0,1.080608050755985,0.1067094424951414,0.010000000000000009,0.0,,,0.0,0.0,0.0
dof__robust_ossm_ekf,34_0,cohface_34_0,data/cohface_34_0.pkl,0.53,0.69,0.74,0.4119424410879989,3.128885261145233,0.33,0.41,0.77,7.818150284261861,0.04639234,0.0898692810457516,0.143867466899831,0.0,0.0,1.0,dof,robust_ossm_ekf,dof__kfstd,0.52,0.3,,,0.7591666587265796,0.1592032685738326,0.3251897292280677,0.1860297230699209,0.005718954248366,1.626298601969579,1.302486210290282,0.6122545305086899,0.3621843692870384,1.075218382970274,0.2628702940949265,0.010000000000000009,0.030000000000000027,,,0.0,0.0,0.0
profile1d_linear__robust_ossm_ekf,34_0,cohface_34_0,data/cohface_34_0.pkl,0.31,0.45,0.9,0.2911047996190655,6.997379191151605,0.16,0.19,0.9,13.076012490223434,0.057908203,0.0408496732026143,0.0058021971977807,0.0,0.0,1.0,profile1d_linear,robust_ossm_ekf,profile1d_linear__kfstd,0.32,0.16,,,0.7591666587265796,0.1592032685738326,0.3001503178692144,0.0029934725441857,0.0,1.0,1.302486210290282,1.0,1.0,1.0827736488862296,0.1348635832583333,-0.010000000000000009,0.0,,,1.0,0.0,0.0
profile1d_quadratic__robust_ossm_ekf,34_0,cohface_34_0,data/cohface_34_0.pkl,0.29,0.42,0.91,0.2741237349021951,7.495363228459136,0.12,0.13,0.98,15.47648321147634,0.09846884,0.0,0.0082934601976247,0.0,0.0,1.0,profile1d_quadratic,robust_ossm_ekf,profile1d_quadratic__kfstd,0.31,0.12,,,0.7591666587265796,0.1592032685738326,0.2922743365180038,0.0062571163011448,0.0,1.0,1.302486210290282,1.0,1.0,1.0825395122126786,0.12166115803736761,-0.020000000000000018,0.0,,,1.0,0.0,0.0
profile1d_cubic__robust_ossm_ekf,34_0,cohface_34_0,data/cohface_34_0.pkl,0.29,0.42,0.91,0.2747158056034802,7.529366045462624,0.11,0.13,0.98,15.538453747443508,0.10041062,0.0016339869281045,0.0085646062298972,0.0,0.0,1.0,profile1d_cubic,robust_ossm_ekf,profile1d_cubic__kfstd,0.31,0.11,,,0.7591666587265796,0.1592032685738326,0.2918005333618049,0.007470125683925,0.0,1.0,1.302486210290282,1.0,1.0,1.0825126349921907,0.12086692675872045,-0.020000000000000018,0.0,,,1.0,0.0,0.0
of_farneback__robust_ossm_ekf,17_3,cohface_17_3,data/cohface_17_3.pkl,0.47,0.56,0.84,0.4052890419202259,5.062348101388576,0.08,0.11,0.95,12.35126550357432,0.06713502,0.0718321226795803,0.1567338507604678,0.0,0.0,1.0,of_farneback,robust_ossm_ekf,of_farneback__kfstd,0.46,0.08,,,0.6794364841587833,0.3364671202660181,0.3303818009398367,0.4805351118435099,0.003228410008071,1.0,1.639287528505435,1.0,1.0,1.0694263993822812,0.5962560886091995,0.009999999999999953,0.0,,,0.0,0.0,0.0
dof__robust_ossm_ekf,17_3,cohface_17_3,data/cohface_17_3.pkl,0.47,0.59,0.83,0.3504595597347604,4.785789602810608,0.31,0.34,0.53,14.231057580222627,0.16230191,0.5730427764326069,0.1535186303305839,0.0,0.0,1.0,dof,robust_ossm_ekf,dof__kfstd,0.46,0.28,,,0.6794364841587833,0.3364671202660181,0.3332039961924588,0.4986699278974044,0.003228410008071,1.6048728755392918,1.639287528505435,0.6041596994751306,0.2737246263564721,1.073580782674302,0.6116672032016425,0.009999999999999953,0.02999999999999997,,,0.0,0.0,0.0
profile1d_linear__robust_ossm_ekf,17_3,cohface_17_3,data/cohface_17_3.pkl,0.65,0.81,0.68,0.4651381424065551,1.9124273051329577,1.57,3.6,-0.43,6.763549937554526,0.17676635,0.0411622276029055,0.1247873361502716,0.0,0.0,1.0,profile1d_linear,robust_ossm_ekf,profile1d_linear__kfstd,0.53,0.35,,,0.6794364841587833,0.3364671202660181,0.3656813768564962,0.4282461478582542,0.0072639225181598,1.0,1.639287528505435,1.0,1.0,1.0718893285148303,0.6406042567430289,0.12,1.2200000000000002,,,0.0,0.0,0.0
profile1d_quadratic__robust_ossm_ekf,17_3,cohface_17_3,data/cohface_17_3.pkl,0.47,0.57,0.84,0.3757730211107983,5.029823141726242,0.38,0.42,0.89,9.854451854260644,0.054966986,0.1065375302663438,0.1861421020888392,0.0,0.0,1.0,profile1d_quadratic,robust_ossm_ekf,profile1d_quadratic__kfstd,0.39,0.31,,,0.6794364841587833,0.3364671202660181,0.3656571408926763,0.4153123482984245,0.0104923325262308,1.0,1.639287528505435,1.0,1.0,1.0663660907911705,0.6457231021977232,0.07999999999999996,0.07,,,0.0,0.0,0.0
profile1d_cubic__robust_ossm_ekf,17_3,cohface_17_3,data/cohface_17_3.pkl,0.5,0.62,0.81,0.3978243004762803,4.261135115723835,0.46,0.51,0.87,9.040485341704956,0.07720351,0.1428571428571428,0.1939456198958168,0.0,0.0,1.0,profile1d_cubic,robust_ossm_ekf,profile1d_cubic__kfstd,0.43,0.4,,,0.6794364841587833,0.3364671202660181,0.3682305103152293,0.4268047769031567,0.0121065375302663,1.0,1.639287528505435,1.0,1.0,1.06575086852503,0.6631934971149448,0.07,0.06,,,0.0,0.0,0.0
of_farneback__robust_ossm_ekf,22_2,cohface_22_2,data/cohface_22_2.pkl,0.33,0.42,0.91,0.2801760510218039,7.598836637534529,0.06,0.09,0.92,18.553548854329737,0.10539576,0.0115702479338842,0.1099547446645041,0.0,0.0,1.0,of_farneback,robust_ossm_ekf,of_farneback__kfstd,0.32,0.06,,,0.6303505070583594,0.1707372464612709,0.3077857065966681,0.4088504669852799,0.0,1.0,1.3244007682764147,1.0,1.0,1.0732684955379126,0.4042182623298137,0.010000000000000009,0.0,,,0.0,0.0,0.0
dof__robust_ossm_ekf,22_2,cohface_22_2,data/cohface_22_2.pkl,0.94,1.18,0.25,0.5393211982799617,-1.2564533656847638,10.95,10.96,0.85,10.461143812000792,3.11505,0.0297520661157024,0.1666179636582871,0.0,0.0,1.0,dof,robust_ossm_ekf,dof__kfstd,0.8,10.62,,,0.6303505070583594,0.1707372464612709,0.3403524071210629,0.227995788844955,0.0041322314049586,1.891358063905118,1.3244007682764147,0.4694326460178745,0.2772326039534646,1.0726738888945844,0.3686507655079849,0.1399999999999999,0.33000000000000007,,,0.0,0.0,0.0
profile1d_linear__robust_ossm_ekf,22_2,cohface_22_2,data/cohface_22_2.pkl,0.24,0.3,0.95,0.2144185057013245,10.407688040864947,0.07,0.1,0.88,20.70496720415213,0.06448484,0.0008264462809917,0.0654118640635676,0.0,0.0,1.0,profile1d_linear,robust_ossm_ekf,profile1d_linear__kfstd,0.24,0.09,,,0.6303505070583594,0.1707372464612709,0.3837566777658714,0.3778746281674958,0.0,1.0,1.3244007682764147,1.0,1.0,1.0771154986982292,0.5133247315647588,0.0,-0.01999999999999999,,,0.0,1.0,0.0
profile1d_quadratic__robust_ossm_ekf,22_2,cohface_22_2,data/cohface_22_2.pkl,0.23,0.29,0.96,0.2151416378598777,10.71340338418688,0.06,0.1,0.89,21.913308471855164,0.061980173,0.0157024793388429,0.0453609416826887,0.0,0.0,1.0,profile1d_quadratic,robust_ossm_ekf,profile1d_quadratic__kfstd,0.24,0.07,,,0.6303505070583594,0.1707372464612709,0.3177435389480521,0.3732469727424666,0.0016528925619834,1.0,1.3244007682764147,1.0,1.0,1.0790015557967128,0.4064836444838353,-0.009999999999999981,-0.010000000000000009,,,1.0,1.0,1.0
profile1d_cubic__robust_ossm_ekf,22_2,cohface_22_2,data/cohface_22_2.pkl,0.24,0.31,0.95,0.2201269750939948,10.287302903824935,0.05,0.09,0.91,22.187826384062607,0.062068455,0.0173553719008264,0.0457404920171573,0.0,0.0,1.0,profile1d_cubic,robust_ossm_ekf,profile1d_cubic__kfstd,0.25,0.07,,,0.6303505070583594,0.1707372464612709,0.3165489153834003,0.3736975535189732,0.0033057851239669,1.0,1.3244007682764147,1.0,1.0,1.0789664209667151,0.4112879277743431,-0.010000000000000009,-0.020000000000000004,,,1.0,1.0,1.0
of_farneback__robust_ossm_ekf,10_3,cohface_10_3,data/cohface_10_3.pkl,0.4,0.52,0.86,0.3275515856554897,5.683591619668641,0.13,0.17,0.99,9.423275233418735,0.06163565,0.0325732899022801,0.0582218658284071,0.0,0.0,1.0,of_farneback,robust_ossm_ekf,of_farneback__kfstd,0.41,0.14,,,0.5629701749799291,0.1487042139784726,0.292992240989737,0.3809266226754096,0.004071661237785,1.0,1.282538006559098,1.0,1.0,1.0779729771796889,0.3911732666611074,-0.009999999999999953,-0.010000000000000009,,,1.0,1.0,1.0
dof__robust_ossm_ekf,10_3,cohface_10_3,data/cohface_10_3.pkl,0.67,0.98,0.52,0.4782339369742694,0.1693914505049118,0.49,0.65,0.97,5.80221683737503,0.116715625,0.1001628664495114,0.1961905344098613,0.0,0.0,1.0,dof,robust_ossm_ekf,dof__kfstd,0.64,0.37,,,0.5629701749799291,0.1487042139784726,0.2876310997030462,0.3497863108665401,0.004071661237785,1.5954958121648335,1.282538006559098,0.5367861409336102,0.3177663456541235,1.0700024713845269,0.3638467013135013,0.030000000000000027,0.12,,,0.0,0.0,0.0
profile1d_linear__robust_ossm_ekf,10_3,cohface_10_3,data/cohface_10_3.pkl,0.38,0.47,0.89,0.3209143639344178,6.607616317215054,0.19,0.22,0.99,13.290445693957436,0.07989612,0.004885993485342,0.0167356201270461,0.0,0.0,1.0,profile1d_linear,robust_ossm_ekf,profile1d_linear__kfstd,0.4,0.25,,,0.5629701749799291,0.1487042139784726,0.2933143895840333,0.428837693015075,0.0,1.0,1.282538006559098,1.0,1.0,1.0817350138118178,0.40381604978611274,-0.020000000000000018,-0.06,,,1.0,1.0,1.0
profile1d_quadratic__robust_ossm_ekf,10_3,cohface_10_3,data/cohface_10_3.pkl,0.33,0.41,0.92,0.270014926305876,7.761479337234113,0.11,0.15,0.99,11.086302742192512,0.03181588,0.00814332247557,0.0288956431704834,0.0,0.0,1.0,profile1d_quadratic,robust_ossm_ekf,profile1d_quadratic__kfstd,0.35,0.16,,,0.5629701749799291,0.1487042139784726,0.2779263701975115,0.4051411898364659,0.0,1.0,1.282538006559098,1.0,1.0,1.0805806600669858,0.36406548176813114,-0.019999999999999962,-0.05,,,1.0,1.0,1.0
profile1d_cubic__robust_ossm_ekf,10_3,cohface_10_3,data/cohface_10_3.pkl,0.33,0.41,0.91,0.2732551413435422,7.715905062781515,0.12,0.16,0.99,11.013091780702526,0.032857638,0.017915309446254,0.030302585090267,0.0,0.0,1.0,profile1d_cubic,robust_ossm_ekf,profile1d_cubic__kfstd,0.35,0.16,,,0.5629701749799291,0.1487042139784726,0.2788393938343721,0.4026428542733032,0.0,1.0,1.282538006559098,1.0,1.0,1.080450181745573,0.36412460680885406,-0.019999999999999962,-0.04000000000000001,,,1.0,1.0,1.0
of_farneback__robust_ossm_ekf,3_2,cohface_3_2,data/cohface_3_2.pkl,0.7,0.93,0.56,0.5865095880105043,0.6321280992279715,0.56,0.93,0.87,3.6225608222690657,0.15580878,0.0869205298013245,0.3082735726258095,0.0,0.0,1.0,of_farneback,robust_ossm_ekf,of_farneback__kfstd,0.7,0.56,,,0.5197321132575092,0.1896345115890665,0.3528250709423515,0.2149039984729243,0.0149006622516556,1.0,1.3603055720192263,0.9983443708609272,0.9983443708609272,1.0658243284917983,0.48415122666646315,0.0,0.0,,,0.0,0.0,0.0
dof__robust_ossm_ekf,3_2,cohface_3_2,data/cohface_3_2.pkl,0.88,1.07,0.44,0.5463337846464161,-0.5180645590051991,3.93,4.46,-0.5,1.4668545135983178,0.27832437,0.1374172185430463,0.2738895883235125,0.0,0.0,1.0,dof,robust_ossm_ekf,dof__kfstd,0.77,3.45,,,0.5197321132575092,0.1896345115890665,0.3398443097270377,0.4681164383814566,0.0049668874172185,1.6280313325500673,1.3603055720192263,0.5473118364215442,0.2633317033712998,1.0633826411286482,0.5722046582934883,0.10999999999999999,0.48,,,0.0,0.0,0.0
profile1d_linear__robust_ossm_ekf,3_2,cohface_3_2,data/cohface_3_2.pkl,0.44,0.55,0.85,0.3801608129974929,5.203681441294124,0.38,0.54,0.95,4.40462059644886,0.020400694,0.0620860927152317,0.0283802219293022,0.0,0.0,1.0,profile1d_linear,robust_ossm_ekf,profile1d_linear__kfstd,0.45,0.45,,,0.5197321132575092,0.1896345115890665,0.2869629518863508,0.2036726710736404,0.0,1.0,1.3603055720192263,1.0,1.0,1.0806316107036855,0.3081621237912028,-0.010000000000000009,-0.07,,,1.0,1.0,1.0
profile1d_quadratic__robust_ossm_ekf,3_2,cohface_3_2,data/cohface_3_2.pkl,0.44,0.64,0.8,0.3718564271922775,3.937452813744065,0.42,0.82,0.93,5.591167916905247,0.038583573,0.0223509933774834,0.0718409495244639,0.0,0.0,1.0,profile1d_quadratic,robust_ossm_ekf,profile1d_quadratic__kfstd,0.42,0.56,,,0.5197321132575092,0.1896345115890665,0.313335263167501,0.2252451002781788,0.0033112582781456,1.0,1.3603055720192263,1.0,1.0,1.076725609581482,0.37817916370987614,0.020000000000000018,-0.14000000000000007,,,0.0,1.0,0.0
profile1d_cubic__robust_ossm_ekf,3_2,cohface_3_2,data/cohface_3_2.pkl,0.44,0.64,0.8,0.376780010907076,3.958754432975132,0.35,0.53,0.94,5.281770503110567,0.032727003,0.0298013245033112,0.0712120449123817,0.0,0.0,1.0,profile1d_cubic,robust_ossm_ekf,profile1d_cubic__kfstd,0.42,0.57,,,0.5197321132575092,0.1896345115890665,0.3156155984670731,0.2346157690289925,0.0024834437086092,1.0,1.3603055720192263,1.0,1.0,1.0767770270994246,0.38424427507699027,0.020000000000000018,-0.21999999999999997,,,0.0,1.0,0.0
of_farneback__robust_ossm_ekf,17_0,cohface_17_0,data/cohface_17_0.pkl,0.5,0.61,0.82,0.4402466617090608,4.311132518388122,0.18,0.29,0.78,9.638967660204507,0.068823926,0.0538336052202283,0.142070137806783,0.0,0.0,1.0,of_farneback,robust_ossm_ekf,of_farneback__kfstd,0.5,0.18,,,0.8916917153974661,0.3978262148289269,0.3010857631112625,0.4594981062468159,0.0073409461663947,1.0,1.755869808174961,1.0,1.0,1.0707118633362969,0.48306869888217696,0.0,0.0,,,0.0,0.0,0.0
dof__robust_ossm_ekf,17_0,cohface_17_0,data/cohface_17_0.pkl,0.96,1.15,0.36,0.5065330976591373,-1.0407130479808016,3.59,4.55,-0.61,2.4420275646797087,0.63658404,0.2446982055464926,0.1646282890741676,0.0,0.0,1.0,dof,robust_ossm_ekf,dof__kfstd,1.0,4.13,,,0.8916917153974661,0.3978262148289269,0.3266312471034133,0.3190111268190159,0.0057096247960848,1.6131010608125629,1.755869808174961,0.6464211380054056,0.3772242224120092,1.072807745365024,0.43669599886942123,-0.040000000000000036,-0.54,,,1.0,1.0,1.0
profile1d_linear__robust_ossm_ekf,17_0,cohface_17_0,data/cohface_17_0.pkl,0.54,0.69,0.76,0.3914015686740067,3.168825839125141,0.56,0.64,0.81,7.950933583800042,0.25903714,0.0154975530179445,0.0483058972283152,0.0,0.0,1.0,profile1d_linear,robust_ossm_ekf,profile1d_linear__kfstd,0.47,0.51,,,0.8916917153974661,0.3978262148289269,0.3155699970247813,0.5299462484211639,0.0008156606851549,1.0,1.755869808174961,1.0,1.0,1.078757562981964,0.5070677792773849,0.07000000000000006,0.050000000000000044,,,0.0,0.0,0.0
profile1d_quadratic__robust_ossm_ekf,17_0,cohface_17_0,data/cohface_17_0.pkl,0.44,0.58,0.83,0.3672682999380858,4.632086375878387,0.16,0.19,0.97,11.02880360815061,0.09554917,0.0081566068515497,0.0860032840416026,0.0,0.0,1.0,profile1d_quadratic,robust_ossm_ekf,profile1d_quadratic__kfstd,0.38,0.18,,,0.8916917153974661,0.3978262148289269,0.3034958096027163,0.4441517021773633,0.0081566068515497,1.0,1.755869808174961,1.0,1.0,1.0754525270077158,0.48129858268137643,0.06,-0.01999999999999999,,,0.0,1.0,0.0
profile1d_cubic__robust_ossm_ekf,17_0,cohface_17_0,data/cohface_17_0.pkl,0.45,0.62,0.81,0.3732360326776126,4.170886257317888,0.2,0.22,0.97,10.61408627800757,0.09461283,0.0097879282218597,0.0838493270991273,0.0,0.0,1.0,profile1d_cubic,robust_ossm_ekf,profile1d_cubic__kfstd,0.39,0.22,,,0.8916917153974661,0.3978262148289269,0.3112608200297471,0.4468633670613681,0.0089722675367047,1.0,1.755869808174961,1.0,1.0,1.0756530030048972,0.4991400353932154,0.06,-0.01999999999999999,,,0.0,1.0,0.0
of_farneback__robust_ossm_ekf,26_1,cohface_26_1,data/cohface_26_1.pkl,0.71,0.92,0.58,0.4695362428996069,0.7984790151822795,6.87,8.11,-0.21,0.7089930448700347,0.7983162,0.3863080684596577,0.3273386543474499,0.0,0.0,1.0,of_farneback,robust_ossm_ekf,of_farneback__kfstd,0.7,6.68,,,0.3513179396467203,0.2177911654018743,0.42838704633345,0.4214438459734371,0.0252648736756316,1.0,1.4138032142635613,0.9991850040749796,0.9991850040749796,1.0615584089204493,0.8594501159359853,0.010000000000000009,0.1900000000000004,,,0.0,0.0,0.0
dof__robust_ossm_ekf,26_1,cohface_26_1,data/cohface_26_1.pkl,0.63,0.82,0.67,0.4544976495062031,1.767724624686862,5.03,5.37,0.34,3.908189983229605,0.6102559,0.2746536267318663,0.1926513420259604,0.0,0.0,1.0,dof,robust_ossm_ekf,dof__kfstd,0.54,2.16,,,0.3513179396467203,0.2177911654018743,0.3639623223068087,0.3970040608643687,0.0097799511002444,1.7434942602090204,1.4138032142635613,0.4990207449199841,0.2124787205092842,1.070401894613143,0.675779272393985,0.08999999999999997,2.87,,,0.0,0.0,0.0
profile1d_linear__robust_ossm_ekf,26_1,cohface_26_1,data/cohface_26_1.pkl,0.62,0.79,0.69,0.4514215724428561,2.1364214129469614,4.17,4.79,-0.39,3.830230223453976,0.66800416,0.6079869600651997,0.116485244254112,0.0,0.0,1.0,profile1d_linear,robust_ossm_ekf,profile1d_linear__kfstd,0.64,4.39,,,0.3513179396467203,0.2177911654018743,0.4520375303564867,0.4745227777621912,0.0122249388753056,1.0,1.4138032142635613,1.0,1.0,1.0728431584596534,0.8461500056129212,-0.020000000000000018,-0.21999999999999975,,,1.0,1.0,1.0
profile1d_quadratic__robust_ossm_ekf,26_1,cohface_26_1,data/cohface_26_1.pkl,0.6,0.72,0.75,0.3494358909098184,2.964602337525503,3.16,3.95,-0.25,4.383506811410058,0.3792979,0.5762021189894051,0.1671561470855765,0.0,0.0,1.0,profile1d_quadratic,robust_ossm_ekf,profile1d_quadratic__kfstd,0.6,4.22,,,0.3513179396467203,0.2177911654018743,0.4069732640155001,0.3928972362524643,0.0228198859005704,1.0,1.4138032142635613,1.0,1.0,1.0681362040057163,0.7970659746574638,0.0,-1.0599999999999996,,,0.0,1.0,0.0
profile1d_cubic__robust_ossm_ekf,26_1,cohface_26_1,data/cohface_26_1.pkl,0.6,0.72,0.74,0.3521772153099824,2.9294969397525272,2.98,3.78,-0.21,4.62393950992338,0.37091455,0.582722086389568,0.1740702373165478,0.0,0.0,1.0,profile1d_cubic,robust_ossm_ekf,profile1d_cubic__kfstd,0.6,4.21,,,0.3513179396467203,0.2177911654018743,0.4078639809498077,0.3954473032224242,0.0211898940505297,1.0,1.4138032142635613,1.0,1.0,1.0675449024254882,0.7936100853591956,0.0,-1.23,,,0.0,1.0,0.0
of_farneback__robust_ossm_ekf,24_0,cohface_24_0,data/cohface_24_0.pkl,0.3,0.4,0.92,0.2910297721064624,8.012203576565263,0.14,0.16,0.97,9.512129172460336,0.033488013,0.0,0.032703107593905,0.0,0.0,1.0,of_farneback,robust_ossm_ekf,of_farneback__kfstd,0.3,0.14,,,0.6213331179701044,0.2638993091660851,0.2866191421810806,0.0285652637337698,0.0033085194375516,1.0,1.5014086874155617,1.0,1.0,1.0802803898823776,0.2583634888111172,0.0,0.0,,,0.0,0.0,0.0
dof__robust_ossm_ekf,24_0,cohface_24_0,data/cohface_24_0.pkl,0.95,1.19,0.28,0.6351179329779874,-1.4724833358567215,6.03,6.34,0.35,3.621051875701663,2.4480405,0.130686517783292,0.2601151394110698,0.0,0.0,1.0,dof,robust_ossm_ekf,dof__kfstd,1.06,6.16,,,0.6213331179701044,0.2638993091660851,0.3261937386153373,0.4564108363642835,0.0,1.561510666499966,1.5014086874155617,0.5875682326933193,0.2969352959964632,1.064880958037165,0.5342463825244355,-0.1100000000000001,-0.1299999999999999,,,1.0,1.0,1.0
profile1d_linear__robust_ossm_ekf,24_0,cohface_24_0,data/cohface_24_0.pkl,0.31,0.38,0.93,0.3020333318645544,8.489977094416407,0.18,0.21,0.94,9.926911158082286,0.05603457,0.0206782464846981,0.0072195207093704,0.0,0.0,1.0,profile1d_linear,robust_ossm_ekf,profile1d_linear__kfstd,0.34,0.19,,,0.6213331179701044,0.2638993091660851,0.2800581236142648,0.0195946532900072,0.0,1.0,1.5014086874155617,1.0,1.0,1.0826417960786354,0.23427159319885027,-0.030000000000000027,-0.010000000000000009,,,1.0,1.0,1.0
profile1d_quadratic__robust_ossm_ekf,24_0,cohface_24_0,data/cohface_24_0.pkl,0.27,0.36,0.94,0.2542954840012241,8.984581446432998,0.11,0.13,0.98,10.73852855441296,0.109156825,0.0,0.0097651188562011,0.0,0.0,1.0,profile1d_quadratic,robust_ossm_ekf,profile1d_quadratic__kfstd,0.29,0.14,,,0.6213331179701044,0.2638993091660851,0.2739849636625017,0.0205341553793557,0.0033085194375516,1.0,1.5014086874155617,1.0,1.0,1.0823946683924672,0.23718494741014898,-0.019999999999999962,-0.030000000000000013,,,1.0,1.0,1.0
profile1d_cubic__robust_ossm_ekf,24_0,cohface_24_0,data/cohface_24_0.pkl,0.27,0.36,0.94,0.254807787826523,8.933925408272936,0.11,0.13,0.98,10.755304446288038,0.11064426,0.0,0.0101169180587523,0.0,0.0,1.0,profile1d_cubic,robust_ossm_ekf,profile1d_cubic__kfstd,0.29,0.15,,,0.6213331179701044,0.2638993091660851,0.2746689723724123,0.0201153947974279,0.0033085194375516,1.0,1.5014086874155617,1.0,1.0,1.0823609353225403,0.23833154406145965,-0.019999999999999962,-0.039999999999999994,,,1.0,1.0,1.0
of_farneback__robust_ossm_ekf,33_3,cohface_33_3,data/cohface_33_3.pkl,0.53,0.82,0.67,0.4330509858204598,1.8051212366084344,0.4,0.45,0.65,9.81640058271416,0.20426908,0.0533223954060705,0.2115759191627607,0.0,0.0,1.0,of_farneback,robust_ossm_ekf,of_farneback__kfstd,0.51,0.4,,,0.6594150377388107,0.1295960269007228,0.3351877707053469,0.4714614222730371,0.0024610336341263,1.0,1.2462324511113734,1.0,1.0,1.066083626137895,0.4549074065157897,0.020000000000000018,0.0,,,0.0,0.0,0.0
dof__robust_ossm_ekf,33_3,cohface_33_3,data/cohface_33_3.pkl,0.73,0.92,0.62,0.4407948898676494,0.9175164948825854,1.24,1.52,0.23,8.077407874353671,0.1211448,0.2206726825266612,0.1809501277911983,0.0,0.0,1.0,dof,robust_ossm_ekf,dof__kfstd,0.76,1.38,,,0.6594150377388107,0.1295960269007228,0.3166680982175545,0.3584518155272225,0.0065627563576702,1.7092574440681072,1.2462324511113734,0.5462325030944445,0.2625759362587717,1.0711818095361494,0.3735402161296977,-0.030000000000000027,-0.1399999999999999,,,1.0,1.0,1.0
profile1d_linear__robust_ossm_ekf,33_3,cohface_33_3,data/cohface_33_3.pkl,0.51,0.67,0.77,0.4109326199127707,3.447432693061142,0.3,0.37,0.66,14.417283850744534,0.28188357,0.0065627563576702,0.0641772805139229,0.0,0.0,1.0,profile1d_linear,robust_ossm_ekf,profile1d_linear__kfstd,0.51,0.33,,,0.6594150377388107,0.1295960269007228,0.3313454402529502,0.4729412286753893,0.0008203445447087,1.0,1.2462324511113734,1.0,1.0,1.0772766892270251,0.44284490612055977,0.0,-0.030000000000000027,,,0.0,1.0,0.0
profile1d_quadratic__robust_ossm_ekf,33_3,cohface_33_3,data/cohface_33_3.pkl,0.45,0.65,0.79,0.3628521206774064,3.787840198289919,0.25,0.3,0.88,12.264407559689458,0.19687156,0.0910582444626743,0.0880695672625727,0.0,0.0,1.0,profile1d_quadratic,robust_ossm_ekf,profile1d_quadratic__kfstd,0.42,0.28,,,0.6594150377388107,0.1295960269007228,0.3428799422656494,0.4512603290840104,0.0065627563576702,1.0,1.2462324511113734,1.0,1.0,1.075400811697034,0.47213739802582944,0.030000000000000027,-0.030000000000000027,,,0.0,1.0,0.0
profile1d_cubic__robust_ossm_ekf,33_3,cohface_33_3,data/cohface_33_3.pkl,0.45,0.66,0.79,0.3594029074326422,3.693594760612606,0.27,0.32,0.82,12.091443582204375,0.18616456,0.0598851517637407,0.0852404653320558,0.0,0.0,1.0,profile1d_cubic,robust_ossm_ekf,profile1d_cubic__kfstd,0.43,0.3,,,0.6594150377388107,0.1295960269007228,0.344468217008522,0.4647317372518575,0.0073831009023789,1.0,1.2462324511113734,1.0,1.0,1.0756794822682856,0.4859802211329987,0.020000000000000018,-0.02999999999999997,,,0.0,1.0,0.0
of_farneback__robust_ossm_ekf,3_1,cohface_3_1,data/cohface_3_1.pkl,0.63,0.76,0.71,0.4847285788703723,2.374549811001069,0.27,0.38,0.62,7.430466222666282,0.34626508,0.1666666666666666,0.5195878294297793,0.0,0.0,1.0,of_farneback,robust_ossm_ekf,of_farneback__kfstd,0.61,0.27,,,0.7477205296485867,0.2850778036790344,0.3834342032486377,0.5018393419370037,0.0206270627062706,1.0,1.5416478269901652,0.9942244224422442,0.9942244224422442,1.0585009940151464,0.7013385088431624,0.020000000000000018,0.0,,,0.0,0.0,0.0
dof__robust_ossm_ekf,3_1,cohface_3_1,data/cohface_3_1.pkl,0.88,1.07,0.32,0.4344352101583639,-0.6211192384975358,5.55,6.21,0.01,6.8762955145394535,1.2723618,0.1443894389438944,0.2352800386868076,0.0,0.0,1.0,dof,robust_ossm_ekf,dof__kfstd,1.0,7.7,,,0.7477205296485867,0.2850778036790344,0.342967965950731,0.3684812123830002,0.0066006600660066,1.6067340202020746,1.5416478269901652,0.630351183113639,0.3100052976250492,1.0671196445609392,0.4994549874399067,-0.12,-2.1500000000000004,,,1.0,1.0,1.0
profile1d_linear__robust_ossm_ekf,3_1,cohface_3_1,data/cohface_3_1.pkl,0.33,0.4,0.92,0.3002594103006771,7.94252984901318,0.18,0.24,0.76,16.264484272736933,0.03023058,0.0,0.0196733710688347,0.0,0.0,1.0,profile1d_linear,robust_ossm_ekf,profile1d_linear__kfstd,0.34,0.19,,,0.7477205296485867,0.2850778036790344,0.3103807627598157,0.3693891914779282,0.0024752475247524,1.0,1.5416478269901652,1.0,1.0,1.081444282463601,0.42903749533404234,-0.010000000000000009,-0.010000000000000009,,,1.0,1.0,1.0
profile1d_quadratic__robust_ossm_ekf,3_1,cohface_3_1,data/cohface_3_1.pkl,0.35,0.48,0.89,0.3315267988294074,6.394312309933472,0.11,0.13,0.92,14.759550348794056,0.01479418,0.0,0.0340521669332979,0.0,0.0,1.0,profile1d_quadratic,robust_ossm_ekf,profile1d_quadratic__kfstd,0.3,0.12,,,0.7477205296485867,0.2850778036790344,0.2993749817639048,0.3720610805033983,0.0033003300330033,1.0,1.5416478269901652,1.0,1.0,1.0801848299934576,0.41542752863657834,0.04999999999999999,-0.009999999999999995,,,0.0,1.0,0.0
profile1d_cubic__robust_ossm_ekf,3_1,cohface_3_1,data/cohface_3_1.pkl,0.36,0.49,0.88,0.3382721491549367,6.286595595364125,0.1,0.13,0.92,14.85522650617516,0.015667431,0.0,0.0361193324594504,0.0,0.0,1.0,profile1d_cubic,robust_ossm_ekf,profile1d_cubic__kfstd,0.31,0.13,,,0.7477205296485867,0.2850778036790344,0.302409655161558,0.3790010934585817,0.0024752475247524,1.0,1.5416478269901652,1.0,1.0,1.079995682089969,0.4213364337303278,0.04999999999999999,-0.03,,,0.0,1.0,0.0
of_farneback__robust_ossm_ekf,28_2,cohface_28_2,data/cohface_28_2.pkl,0.44,0.54,0.85,0.4044655090548984,5.388948220202954,0.27,0.31,0.87,9.054577796423263,0.12741825,0.1080645161290322,0.3327478296097523,0.0,0.0,1.0,of_farneback,robust_ossm_ekf,of_farneback__kfstd,0.43,0.27,,,0.5230261157992612,0.2450765559812416,0.3143453235148503,0.4589301329263378,0.0241935483870967,1.0,1.465645456364359,0.9991935483870968,0.9991935483870968,1.060461704935271,0.6388882789561955,0.010000000000000009,0.0,,,0.0,0.0,0.0
dof__robust_ossm_ekf,28_2,cohface_28_2,data/cohface_28_2.pkl,0.44,0.54,0.85,0.3926360725667961,5.363180497485791,0.22,0.27,0.74,11.098416502140372,0.12760422,0.2193548387096774,0.0687403802990758,0.0,0.0,1.0,dof,robust_ossm_ekf,dof__kfstd,0.42,0.25,,,0.5230261157992612,0.2450765559812416,0.2957757536285422,0.4590001517355965,0.0032258064516129,1.6397052356512394,1.465645456364359,0.5562594049314677,0.2121429710814089,1.0816533844736351,0.524820033803802,0.020000000000000018,-0.03,,,0.0,1.0,0.0
profile1d_linear__robust_ossm_ekf,28_2,cohface_28_2,data/cohface_28_2.pkl,1.09,1.31,0.3,0.4564625937882605,-1.4458903379854906,4.17,4.68,-0.24,3.563677925225777,1.0714872,0.1266129032258064,0.2305853905816873,0.0,0.0,1.0,profile1d_linear,robust_ossm_ekf,profile1d_linear__kfstd,1.09,4.24,,,0.5230261157992612,0.2450765559812416,0.413348553132782,0.2916941068000738,0.0290322580645161,1.0,1.465645456364359,1.0,1.0,1.0632491897485854,0.7106066691319395,0.0,-0.07000000000000028,,,0.0,1.0,0.0
profile1d_quadratic__robust_ossm_ekf,28_2,cohface_28_2,data/cohface_28_2.pkl,0.5,0.7,0.76,0.3250939141246078,3.1887791803467724,1.63,2.32,0.73,3.9913992068677606,0.34162003,0.039516129032258,0.1419772983739008,0.0,0.0,1.0,profile1d_quadratic,robust_ossm_ekf,profile1d_quadratic__kfstd,0.47,1.3,,,0.5230261157992612,0.2450765559812416,0.3402886825443553,0.3650063106057658,0.0137096774193548,1.0,1.465645456364359,1.0,1.0,1.0704019426636229,0.5855707171560582,0.030000000000000027,0.32999999999999985,,,0.0,0.0,0.0
profile1d_cubic__robust_ossm_ekf,28_2,cohface_28_2,data/cohface_28_2.pkl,0.51,0.72,0.74,0.3269060912711813,2.9087315604596564,1.66,2.31,0.73,3.935543056366156,0.34691137,0.0379032258064516,0.1480552714051884,0.0,0.0,1.0,profile1d_cubic,robust_ossm_ekf,profile1d_cubic__kfstd,0.47,1.27,,,0.5230261157992612,0.2450765559812416,0.3437237592741318,0.3648831089183961,0.0137096774193548,1.0,1.465645456364359,1.0,1.0,1.0698611511616098,0.5912563421121876,0.040000000000000036,0.3899999999999999,,,0.0,0.0,0.0
of_farneback__robust_ossm_ekf,39_1,cohface_39_1,data/cohface_39_1.pkl,0.29,0.35,0.94,0.2509164710432735,9.128330901157025,0.06,0.09,0.99,12.715881138830293,0.07597756,0.000814332247557,0.0950624293246273,0.0,0.0,1.0,of_farneback,robust_ossm_ekf,of_farneback__kfstd,0.28,0.06,,,0.8660771477720964,0.2752018455670137,0.3100314356282778,0.4855267425922679,0.002442996742671,1.0,1.522883506577326,1.0,1.0,1.0746162093561704,0.45001441645350804,0.009999999999999953,0.0,,,0.0,0.0,0.0
dof__robust_ossm_ekf,39_1,cohface_39_1,data/cohface_39_1.pkl,0.8,1.01,0.48,0.5250566271157789,-0.0983246008170122,10.74,11.11,0.31,3.396814197634308,1.6663748,0.0895765472312703,0.1741862860298099,0.0,0.0,1.0,dof,robust_ossm_ekf,dof__kfstd,0.63,2.6,,,0.8660771477720964,0.2752018455670137,0.3087399995944639,0.2587356904829647,0.003257328990228,1.5790872506064983,1.522883506577326,0.6399081295874426,0.3299183437530215,1.0719694842451033,0.31750631298343995,0.17000000000000004,8.14,,,0.0,0.0,0.0
profile1d_linear__robust_ossm_ekf,39_1,cohface_39_1,data/cohface_39_1.pkl,0.29,0.38,0.93,0.2306642727012396,8.345277366902852,0.14,0.18,0.95,13.364081192915904,0.008160688,0.017915309446254,0.0463307560433214,0.0,0.0,1.0,profile1d_linear,robust_ossm_ekf,profile1d_linear__kfstd,0.26,0.14,,,0.8660771477720964,0.2752018455670137,0.3531609399142151,0.4245737312730014,0.004885993485342,1.0,1.522883506577326,1.0,1.0,1.0789114618969795,0.49608270959127054,0.02999999999999997,0.0,,,0.0,0.0,0.0
profile1d_quadratic__robust_ossm_ekf,39_1,cohface_39_1,data/cohface_39_1.pkl,0.26,0.34,0.94,0.2326130926999877,9.377371655499404,0.09,0.13,0.98,13.928908992680508,0.015433942,0.013843648208469,0.0549684397638809,0.0,0.0,1.0,profile1d_quadratic,robust_ossm_ekf,profile1d_quadratic__kfstd,0.24,0.1,,,0.8660771477720964,0.2752018455670137,0.3196207521854528,0.4836784414362971,0.0,1.0,1.522883506577326,1.0,1.0,1.078122690009928,0.4553319972941875,0.020000000000000018,-0.010000000000000009,,,0.0,1.0,0.0
profile1d_cubic__robust_ossm_ekf,39_1,cohface_39_1,data/cohface_39_1.pkl,0.26,0.35,0.94,0.2323169035281461,9.219915008414496,0.11,0.14,0.97,13.796593660578372,0.01612246,0.010586319218241,0.0559202462112955,0.0,0.0,1.0,profile1d_cubic,robust_ossm_ekf,profile1d_cubic__kfstd,0.24,0.1,,,0.8660771477720964,0.2752018455670137,0.3185267250715548,0.5029119395245849,0.000814332247557,1.0,1.522883506577326,1.0,1.0,1.078033972286315,0.46802378291450425,0.020000000000000018,0.009999999999999995,,,0.0,0.0,0.0
of_farneback__robust_ossm_ekf,21_1,cohface_21_1,data/cohface_21_1.pkl,0.64,0.81,0.67,0.5546086983493625,1.8083304041934047,0.27,0.32,0.93,0.6144104530434196,0.11744141,0.0513245033112582,0.1433119827617087,0.0,0.0,1.0,of_farneback,robust_ossm_ekf,of_farneback__kfstd,0.64,0.27,,,0.50180537050479,0.2394438422299807,0.314969961846904,0.2040433653850893,0.0066225165562913,1.0,1.4549433002369636,1.0,1.0,1.0705373671160818,0.4250350636297132,0.0,0.0,,,0.0,0.0,0.0
dof__robust_ossm_ekf,21_1,cohface_21_1,data/cohface_21_1.pkl,0.84,1.04,0.45,0.5863239696769886,-0.2165541821979396,5.62,5.85,0.36,1.852826629618788,0.53328764,0.2019867549668874,0.1611872897028059,0.0,0.0,1.0,dof,robust_ossm_ekf,dof__kfstd,0.85,6.22,,,0.50180537050479,0.2394438422299807,0.3264278913268212,0.3132832246929049,0.0024834437086092,1.6479721839051595,1.4549433002369636,0.5416208044107556,0.2967643918807948,1.073007300066087,0.4921967611134071,-0.010000000000000009,-0.5999999999999996,,,1.0,1.0,1.0
profile1d_linear__robust_ossm_ekf,21_1,cohface_21_1,data/cohface_21_1.pkl,0.84,1.04,0.55,0.6211390337728754,0.1370588458622461,8.89,9.2,0.78,2.7648760621178634,0.4862303,0.2077814569536424,0.2781755965054441,0.0,0.0,1.0,profile1d_linear,robust_ossm_ekf,profile1d_linear__kfstd,0.93,6.82,,,0.50180537050479,0.2394438422299807,0.379853195444225,0.2814598674079324,0.0331125827814569,1.0,1.4549433002369636,1.0,1.0,1.061208007251925,0.6531826017813632,-0.09000000000000008,2.0700000000000003,,,1.0,0.0,0.0
profile1d_quadratic__robust_ossm_ekf,21_1,cohface_21_1,data/cohface_21_1.pkl,0.71,0.91,0.59,0.5462234802066075,0.7228638503491152,2.81,4.13,-0.34,-0.5262421463950676,0.2280207,0.0008278145695364,0.1048526277345645,0.0,0.0,1.0,profile1d_quadratic,robust_ossm_ekf,profile1d_quadratic__kfstd,0.66,2.03,,,0.50180537050479,0.2394438422299807,0.3114047460694371,0.1464579460335869,0.0033112582781456,1.0,1.4549433002369636,1.0,1.0,1.0738439720486073,0.3720398695820881,0.04999999999999993,0.7800000000000002,,,0.0,0.0,0.0
profile1d_cubic__robust_ossm_ekf,21_1,cohface_21_1,data/cohface_21_1.pkl,0.71,0.9,0.59,0.5486863957771976,0.7620799322760634,3.45,4.74,-0.38,-0.5208790822387132,0.24256577,0.0016556291390728,0.0937283826859616,0.0,0.0,1.0,profile1d_cubic,robust_ossm_ekf,profile1d_cubic__kfstd,0.66,2.45,,,0.50180537050479,0.2394438422299807,0.3056528311276955,0.1341015759777645,0.0,1.0,1.4549433002369636,1.0,1.0,1.074761206781934,0.3420162800455345,0.04999999999999993,1.0,,,0.0,0.0,0.0
of_farneback__robust_ossm_ekf,21_2,cohface_21_2,data/cohface_21_2.pkl,0.83,1.03,0.46,0.5859714645009322,-0.2004198492549848,5.41,7.04,0.42,2.5229043727458107,0.7606977,0.0845070422535211,0.3379595387849984,0.0,0.0,1.0,of_farneback,robust_ossm_ekf,of_farneback__kfstd,0.84,5.63,,,0.5010449221217415,0.3236759767661136,0.3499423444262288,0.2593038935941107,0.0198840099420049,1.0,1.6149843558556156,1.0,1.0,1.059243862374294,0.629952153338444,-0.010000000000000009,-0.21999999999999975,,,1.0,1.0,1.0
dof__robust_ossm_ekf,21_2,cohface_21_2,data/cohface_21_2.pkl,0.69,0.87,0.59,0.4517773915381788,0.9641450492362236,6.43,7.58,-0.42,2.466742971684014,1.4668238,0.4117647058823529,0.2360187442413934,0.0,0.0,1.0,dof,robust_ossm_ekf,dof__kfstd,0.73,3.77,,,0.5010449221217415,0.3236759767661136,0.3491313746394742,0.4322763108903007,0.0057995028997514,1.6569913910331149,1.6149843558556156,0.5345250169995318,0.2763597340079335,1.0667790296387525,0.6747223576219693,-0.040000000000000036,2.6599999999999997,,,1.0,0.0,0.0
profile1d_linear__robust_ossm_ekf,21_2,cohface_21_2,data/cohface_21_2.pkl,0.95,1.14,0.36,0.6815093215045154,-0.9525161339696998,7.04,7.75,0.75,1.7128616175915552,1.164042,0.2145816072908036,0.1629562388183729,0.0,0.0,1.0,profile1d_linear,robust_ossm_ekf,profile1d_linear__kfstd,0.98,6.45,,,0.5010449221217415,0.3236759767661136,0.3898275676119538,0.3472348601635462,0.0339685169842584,1.0,1.6149843558556156,1.0,1.0,1.069113242159061,0.7699047502353651,-0.030000000000000027,0.5899999999999999,,,1.0,0.0,0.0
profile1d_quadratic__robust_ossm_ekf,21_2,cohface_21_2,data/cohface_21_2.pkl,0.84,1.02,0.46,0.6043366824016816,-0.1609074441001838,4.41,6.24,0.04,1.0877547986461722,0.7860307,0.2502071251035626,0.1205080101117516,0.0,0.0,1.0,profile1d_quadratic,robust_ossm_ekf,profile1d_quadratic__kfstd,0.89,3.21,,,0.5010449221217415,0.3236759767661136,0.3629144056370213,0.2618894901962613,0.0165700082850041,1.0,1.6149843558556156,1.0,1.0,1.0723178282978023,0.64010441723967,-0.050000000000000044,1.2000000000000002,,,1.0,0.0,0.0
profile1d_cubic__robust_ossm_ekf,21_2,cohface_21_2,data/cohface_21_2.pkl,0.85,1.03,0.45,0.6050652280996043,-0.2460087206471456,4.8,6.46,0.16,1.015215047391284,0.8074206,0.2270091135045567,0.1234518514216213,0.0,0.0,1.0,profile1d_cubic,robust_ossm_ekf,profile1d_cubic__kfstd,0.9,3.49,,,0.5010449221217415,0.3236759767661136,0.3693336937276714,0.2809422422323629,0.0140845070422535,1.0,1.6149843558556156,1.0,1.0,1.0720614406914863,0.6522493403344084,-0.050000000000000044,1.3099999999999996,,,1.0,0.0,0.0
of_farneback__robust_ossm_ekf,27_0,cohface_27_0,data/cohface_27_0.pkl,0.46,0.61,0.82,0.3997663738255589,4.391760747064036,0.31,0.38,0.98,5.7682414846320125,0.07182805,0.0440097799511002,0.0922050912971459,0.0,0.0,1.0,of_farneback,robust_ossm_ekf,of_farneback__kfstd,0.46,0.31,,,0.481068981225866,0.2195938684597475,0.2856223415537716,0.2341784931256238,0.0,1.0,1.4172283500735203,1.0,1.0,1.0749169111908707,0.36164100345790806,0.0,0.0,,,0.0,0.0,0.0
dof__robust_ossm_ekf,27_0,cohface_27_0,data/cohface_27_0.pkl,0.46,0.62,0.81,0.3824252934210043,4.102882183314456,0.47,0.56,0.94,7.436579933855151,0.065716945,0.0806845965770171,0.1175856717222704,0.0,0.0,1.0,dof,robust_ossm_ekf,dof__kfstd,0.46,0.52,,,0.481068981225866,0.2195938684597475,0.3074299852163866,0.4152021737472234,0.0032599837000814,1.6655347184843952,1.4172283500735203,0.5265374186775871,0.2267002970289937,1.0771642447699237,0.5177104563599145,0.0,-0.050000000000000044,,,0.0,1.0,0.0
profile1d_linear__robust_ossm_ekf,27_0,cohface_27_0,data/cohface_27_0.pkl,0.72,0.9,0.6,0.5448952235595421,0.9753135247753514,0.81,0.95,0.76,6.158324797019413,0.08721346,0.1263243683781581,0.1548726193840262,0.0,0.0,1.0,profile1d_linear,robust_ossm_ekf,profile1d_linear__kfstd,0.71,1.05,,,0.481068981225866,0.2195938684597475,0.3691100095957618,0.2917546747534351,0.0228198859005704,1.0,1.4172283500735203,1.0,1.0,1.0694839553674589,0.6258108735648688,0.010000000000000009,-0.24,,,0.0,1.0,0.0
profile1d_quadratic__robust_ossm_ekf,27_0,cohface_27_0,data/cohface_27_0.pkl,0.39,0.5,0.88,0.3429530298671384,6.146953391526527,0.28,0.38,0.98,9.02045971572702,0.08830646,0.0065199674001629,0.022574436095406,0.0,0.0,1.0,profile1d_quadratic,robust_ossm_ekf,profile1d_quadratic__kfstd,0.43,0.47,,,0.481068981225866,0.2195938684597475,0.2533366254254416,0.2596592604448477,0.0,1.0,1.4172283500735203,1.0,1.0,1.0811684935125214,0.3230088225323392,-0.03999999999999998,-0.18999999999999995,,,1.0,1.0,1.0
profile1d_cubic__robust_ossm_ekf,27_0,cohface_27_0,data/cohface_27_0.pkl,0.39,0.5,0.88,0.3438499473545852,6.145192998748007,0.28,0.37,0.98,9.021205156785156,0.08750376,0.0065199674001629,0.0227092706716436,0.0,0.0,1.0,profile1d_cubic,robust_ossm_ekf,profile1d_cubic__kfstd,0.43,0.47,,,0.481068981225866,0.2195938684597475,0.2530334876769322,0.2597918981411113,0.0,1.0,1.4172283500735203,1.0,1.0,1.0811556282657788,0.3230869380281227,-0.03999999999999998,-0.18999999999999995,,,1.0,1.0,1.0
of_farneback__robust_ossm_ekf,31_2,cohface_31_2,data/cohface_31_2.pkl,0.45,0.61,0.82,0.3733974523018007,4.397275335927757,0.29,0.41,0.89,8.572514437246399,0.08987276,0.0551558752997601,0.1758029359793271,0.0,0.0,1.0,of_farneback,robust_ossm_ekf,of_farneback__kfstd,0.45,0.28,,,0.562246504577558,0.17709095934822,0.3240108751580223,0.4647689064827114,0.0079936051159072,1.0,1.3364728227616185,1.0,1.0,1.0681990529343155,0.5289098798958617,0.0,0.009999999999999953,,,0.0,0.0,0.0
dof__robust_ossm_ekf,31_2,cohface_31_2,data/cohface_31_2.pkl,0.45,0.6,0.82,0.3767024152996056,4.540443896601828,0.18,0.22,0.97,11.00168059819491,0.039498225,0.2302158273381295,0.100627910000354,0.0,0.0,1.0,dof,robust_ossm_ekf,dof__kfstd,0.49,0.15,,,0.562246504577558,0.17709095934822,0.3194695542329348,0.4119471186409048,0.0031974420463629,1.8898682726075269,1.3364728227616185,0.4563456106199983,0.1925045953308198,1.0785965996423212,0.4712073099898571,-0.03999999999999998,0.03,,,1.0,0.0,0.0
profile1d_linear__robust_ossm_ekf,31_2,cohface_31_2,data/cohface_31_2.pkl,0.54,0.85,0.64,0.417984518648391,1.4752502216190333,0.18,0.22,0.97,9.063556639260696,0.044094577,0.158273381294964,0.1184413137717376,0.0,0.0,1.0,profile1d_linear,robust_ossm_ekf,profile1d_linear__kfstd,0.5,0.15,,,0.562246504577558,0.17709095934822,0.3698409403019475,0.4204237330808922,0.0127897681854516,1.0,1.3364728227616185,1.0,1.0,1.0733400148679415,0.5985989392331138,0.040000000000000036,0.03,,,0.0,0.0,0.0
profile1d_quadratic__robust_ossm_ekf,31_2,cohface_31_2,data/cohface_31_2.pkl,0.41,0.54,0.85,0.3482241979522962,5.357579090408148,0.25,0.4,0.88,10.521475222382058,0.038946502,0.0743405275779376,0.0829544652930886,0.0,0.0,1.0,profile1d_quadratic,robust_ossm_ekf,profile1d_quadratic__kfstd,0.4,0.25,,,0.562246504577558,0.17709095934822,0.3225694329407142,0.4672521497455312,0.0071942446043165,1.0,1.3364728227616185,1.0,1.0,1.0756522011841,0.5247925510805685,0.009999999999999953,0.0,,,0.0,0.0,0.0
profile1d_cubic__robust_ossm_ekf,31_2,cohface_31_2,data/cohface_31_2.pkl,0.41,0.54,0.85,0.348247000792439,5.339387686795469,0.26,0.41,0.88,10.434111313322472,0.04178067,0.0735411670663469,0.08454410410663,0.0,0.0,1.0,profile1d_cubic,robust_ossm_ekf,profile1d_cubic__kfstd,0.4,0.25,,,0.562246504577558,0.17709095934822,0.3216838323544085,0.464692489252252,0.0079936051159072,1.0,1.3364728227616185,1.0,1.0,1.0755083925197977,0.5249640772880849,0.009999999999999953,0.010000000000000009,,,0.0,0.0,0.0
of_farneback__robust_ossm_ekf,4_0,cohface_4_0,data/cohface_4_0.pkl,0.64,0.92,0.58,0.3965832852614911,0.7930346522940677,0.76,0.99,0.85,3.258008980902817,0.07491093,0.086021505376344,0.139083189992838,0.0,0.0,1.0,of_farneback,robust_ossm_ekf,of_farneback__kfstd,0.64,0.76,,,0.494550278695575,0.2116776648740265,0.3295446487516351,0.283523272837972,0.009925558312655,1.0,1.4021875632606502,1.0,1.0,1.0714986241794586,0.49227414335333514,0.0,0.0,,,0.0,0.0,0.0
dof__robust_ossm_ekf,4_0,cohface_4_0,data/cohface_4_0.pkl,0.76,0.98,0.49,0.3854729649219475,0.2114275028936974,1.84,2.45,0.34,6.545253864324038,0.05502655,0.1546732837055417,0.1187747590867129,0.0,0.0,1.0,dof,robust_ossm_ekf,dof__kfstd,0.8,1.68,,,0.494550278695575,0.2116776648740265,0.285869543032372,0.389552035139427,0.0016542597187758,1.5710233395391455,1.4021875632606502,0.5445279083971469,0.2356347248485245,1.0770132014474767,0.44877215832936834,-0.040000000000000036,0.16000000000000014,,,1.0,0.0,0.0
profile1d_linear__robust_ossm_ekf,4_0,cohface_4_0,data/cohface_4_0.pkl,0.56,0.9,0.6,0.4233500295277692,0.9526243434503412,0.96,1.39,0.8,5.130879701702459,0.104689404,0.1877584780810587,0.0860549652770447,0.0,0.0,1.0,profile1d_linear,robust_ossm_ekf,profile1d_linear__kfstd,0.62,0.82,,,0.494550278695575,0.2116776648740265,0.3011297515049613,0.268823439801211,0.0033085194375516,1.0,1.4021875632606502,1.0,1.0,1.075762937599761,0.40979778740953715,-0.05999999999999994,0.14,,,1.0,0.0,0.0
profile1d_quadratic__robust_ossm_ekf,4_0,cohface_4_0,data/cohface_4_0.pkl,0.49,0.65,0.79,0.3755788362612502,3.826574938591951,0.83,1.25,0.82,4.521562391602671,0.14769156,0.0272952853598014,0.0287377378322822,0.0,0.0,1.0,profile1d_quadratic,robust_ossm_ekf,profile1d_quadratic__kfstd,0.53,0.93,,,0.494550278695575,0.2116776648740265,0.30418615753995,0.2722832062565677,0.0,1.0,1.4021875632606502,1.0,1.0,1.0806002609379075,0.4038650711062573,-0.040000000000000036,-0.10000000000000009,,,1.0,1.0,1.0
profile1d_cubic__robust_ossm_ekf,4_0,cohface_4_0,data/cohface_4_0.pkl,0.5,0.66,0.78,0.3816270009982381,3.615300195532038,0.85,1.27,0.82,4.530682892182332,0.1611768,0.0281224152191894,0.0312260704741561,0.0,0.0,1.0,profile1d_cubic,robust_ossm_ekf,profile1d_cubic__kfstd,0.54,0.95,,,0.494550278695575,0.2116776648740265,0.3034264322506215,0.271624394764599,0.0,1.0,1.4021875632606502,1.0,1.0,1.0803706664501074,0.4022035518445131,-0.040000000000000036,-0.09999999999999998,,,1.0,1.0,1.0
of_farneback__robust_ossm_ekf,1_1,cohface_1_1,data/cohface_1_1.pkl,0.54,0.67,0.78,0.4897754622777855,3.519413125114684,0.25,0.29,0.59,4.465005454927612,0.1442029,0.0207125103562551,0.1119480227170662,0.0,0.0,1.0,of_farneback,robust_ossm_ekf,of_farneback__kfstd,0.54,0.24,,,0.3757643969802102,0.235141333664713,0.3223039795232731,0.2040126403176225,0.0099420049710024,1.0,1.4467685339629548,1.0,1.0,1.073782058644065,0.4997623402768787,0.0,0.010000000000000009,,,0.0,0.0,0.0
dof__robust_ossm_ekf,1_1,cohface_1_1,data/cohface_1_1.pkl,0.84,1.02,0.52,0.5181018286165421,0.0996717166250894,3.26,3.51,0.15,4.266927233336526,1.0608346,0.2642916321458161,0.2274392747206217,0.0,0.0,1.0,dof,robust_ossm_ekf,dof__kfstd,0.91,3.29,,,0.3757643969802102,0.235141333664713,0.3278304814296894,0.4948716628073283,0.0,1.605124121882188,1.4467685339629548,0.4993446879057955,0.2459834398970716,1.0674656783145495,0.6409782682603336,-0.07000000000000006,-0.03000000000000025,,,1.0,1.0,1.0
profile1d_linear__robust_ossm_ekf,1_1,cohface_1_1,data/cohface_1_1.pkl,0.38,0.54,0.85,0.3484177573042965,5.332706566468536,0.14,0.2,0.74,12.44492128553332,0.013401531,0.0903065451532725,0.0874073627978224,0.0,0.0,1.0,profile1d_linear,robust_ossm_ekf,profile1d_linear__kfstd,0.27,0.06,,,0.3757643969802102,0.235141333664713,0.2690957722090492,0.105228510262942,0.0057995028997514,1.0,1.4467685339629548,1.0,1.0,1.0757939710304614,0.3359978825797725,0.10999999999999999,0.08000000000000002,,,0.0,0.0,0.0
profile1d_quadratic__robust_ossm_ekf,1_1,cohface_1_1,data/cohface_1_1.pkl,0.24,0.32,0.95,0.2329250635869454,9.870271308011883,0.09,0.14,0.9,16.16847966314669,0.026293179,0.0,0.0191697809364031,0.0,0.0,1.0,profile1d_quadratic,robust_ossm_ekf,profile1d_quadratic__kfstd,0.24,0.07,,,0.3757643969802102,0.235141333664713,0.2749605180365361,0.1136131995326102,0.0024855012427506,1.0,1.4467685339629548,1.0,1.0,1.0815652324249254,0.3376515391068724,0.0,0.01999999999999999,,,0.0,0.0,0.0
profile1d_cubic__robust_ossm_ekf,1_1,cohface_1_1,data/cohface_1_1.pkl,0.24,0.33,0.95,0.2364602449572462,9.798880503110013,0.09,0.14,0.88,16.12860331849547,0.027498964,0.0091135045567522,0.0192101319174717,0.0,0.0,1.0,profile1d_cubic,robust_ossm_ekf,profile1d_cubic__kfstd,0.25,0.08,,,0.3757643969802102,0.235141333664713,0.2743774366817581,0.1117575354208053,0.0016570008285004,1.0,1.4467685339629548,1.0,1.0,1.0815607246047012,0.3323023969188087,-0.010000000000000009,0.009999999999999995,,,1.0,0.0,0.0
of_farneback__robust_ossm_ekf,38_0,cohface_38_0,data/cohface_38_0.pkl,0.36,0.45,0.9,0.3428437122606629,7.07984206983582,0.21,0.28,0.99,7.776206364723813,0.06459216,0.0478507704785077,0.1556609908644423,0.0,0.0,1.0,of_farneback,robust_ossm_ekf,of_farneback__kfstd,0.39,0.21,,,0.6615574220376297,0.1608598315091322,0.3006368954146907,0.2046707669552959,0.0024330900243309,1.0,1.3056336798673511,1.0,1.0,1.0702794231965869,0.26148679528377994,-0.030000000000000027,0.0,,,1.0,0.0,0.0
dof__robust_ossm_ekf,38_0,cohface_38_0,data/cohface_38_0.pkl,0.56,0.81,0.67,0.4230835981940313,1.8127980947709756,1.32,1.91,0.41,6.0543208459810085,0.108880565,0.2124898621248986,0.1333111040260606,0.0,0.0,1.0,dof,robust_ossm_ekf,dof__kfstd,0.57,1.43,,,0.6615574220376297,0.1608598315091322,0.3048716707355756,0.3750609376900117,0.0056772100567721,1.9919714258603949,1.3056336798673511,0.4235395220699529,0.1848240789248618,1.075583008596469,0.3817737635630719,-0.009999999999999898,-0.10999999999999988,,,1.0,1.0,1.0
profile1d_linear__robust_ossm_ekf,38_0,cohface_38_0,data/cohface_38_0.pkl,0.56,0.71,0.75,0.4084908792326929,2.983961147251234,0.31,0.34,0.98,4.364117503297841,0.079031855,0.0178426601784266,0.0710975978085146,0.0,0.0,1.0,profile1d_linear,robust_ossm_ekf,profile1d_linear__kfstd,0.5,0.4,,,0.6615574220376297,0.1608598315091322,0.3196334191749125,0.2905850647172028,0.0024330900243309,1.0,1.3056336798673511,1.0,1.0,1.076682699299575,0.3439287394915937,0.06000000000000005,-0.09000000000000002,,,0.0,1.0,0.0
profile1d_quadratic__robust_ossm_ekf,38_0,cohface_38_0,data/cohface_38_0.pkl,0.7,0.91,0.51,0.4740200548493189,0.5716812516125195,3.57,5.11,-0.38,2.768837823529521,0.28697324,0.0673154906731549,0.0932065295180863,0.0,0.0,1.0,profile1d_quadratic,robust_ossm_ekf,profile1d_quadratic__kfstd,0.58,1.87,,,0.6615574220376297,0.1608598315091322,0.3089422894839362,0.1584188422461566,0.0089213300892133,1.0,1.3056336798673511,1.0,1.0,1.074819962906969,0.2738472099868876,0.12,1.6999999999999997,,,0.0,0.0,0.0
profile1d_cubic__robust_ossm_ekf,38_0,cohface_38_0,data/cohface_38_0.pkl,0.73,0.93,0.49,0.4861104492696928,0.3912593922843969,3.93,5.27,-0.19,2.159619033438912,0.3686881,0.0519059205190592,0.0981930696456447,0.0,0.0,1.0,profile1d_cubic,robust_ossm_ekf,profile1d_cubic__kfstd,0.64,2.52,,,0.6615574220376297,0.1608598315091322,0.3219256935725257,0.1342839233596973,0.0072992700729927,1.0,1.3056336798673511,1.0,1.0,1.0743824540110285,0.2749777310556972,0.08999999999999997,1.4100000000000001,,,0.0,0.0,0.0
of_farneback__robust_ossm_ekf,26_0,cohface_26_0,data/cohface_26_0.pkl,0.79,0.96,0.58,0.5366867075776343,0.8620612075246785,2.83,4.11,-0.67,5.811773304027753,0.38659602,0.3130081300813008,0.6402814030669768,0.0,0.0,1.0,of_farneback,robust_ossm_ekf,of_farneback__kfstd,0.8,2.73,,,0.3539602130930634,0.2659716704724866,0.4320345410779579,0.4165173664465729,0.0219512195121951,1.0,1.5053461738977247,0.9934959349593496,0.9934959349593496,1.0553912555684517,0.8844112414617517,-0.010000000000000009,0.10000000000000009,,,1.0,0.0,0.0
dof__robust_ossm_ekf,26_0,cohface_26_0,data/cohface_26_0.pkl,0.65,0.78,0.7,0.3593332592861904,2.2408654214670247,0.25,0.31,0.96,10.349287678796497,0.058556654,0.5845528455284553,0.1019524978786423,0.0,0.0,1.0,dof,robust_ossm_ekf,dof__kfstd,0.73,0.32,,,0.3539602130930634,0.2659716704724866,0.3946154527769182,0.423934067368129,0.0,1.7564373001126576,1.5053461738977247,0.507620332788492,0.2008610085313241,1.0784348957829717,0.7391803015944851,-0.07999999999999996,-0.07,,,1.0,1.0,1.0
profile1d_linear__robust_ossm_ekf,26_0,cohface_26_0,data/cohface_26_0.pkl,0.77,0.95,0.55,0.5482115459746061,0.4624521126553206,0.46,0.63,0.22,11.374768225891517,0.042498603,0.2463414634146341,0.157319641777847,0.0,0.0,1.0,profile1d_linear,robust_ossm_ekf,profile1d_linear__kfstd,0.69,0.37,,,0.3539602130930634,0.2659716704724866,0.4174355117477872,0.4491702368539557,0.0186991869918699,1.0,1.5053461738977247,1.0,1.0,1.0706960585217762,0.8662994086885935,0.08000000000000007,0.09000000000000002,,,0.0,0.0,0.0
profile1d_quadratic__robust_ossm_ekf,26_0,cohface_26_0,data/cohface_26_0.pkl,0.51,0.63,0.81,0.3918456870839267,4.099348801482192,2.79,4.11,-0.69,6.336664189599466,0.24312514,0.1430894308943089,0.0846204684626575,0.0,0.0,1.0,profile1d_quadratic,robust_ossm_ekf,profile1d_quadratic__kfstd,0.44,2.29,,,0.3539602130930634,0.2659716704724866,0.3714824454314455,0.5231294855699703,0.0008130081300813,1.0,1.5053461738977247,1.0,1.0,1.0753812785766437,0.7501089192239917,0.07,0.5,,,0.0,0.0,0.0
profile1d_cubic__robust_ossm_ekf,26_0,cohface_26_0,data/cohface_26_0.pkl,0.51,0.63,0.81,0.393259453466612,4.115109416322587,2.8,4.12,-0.68,6.255269660030027,0.24825145,0.1479674796747967,0.0859482439891132,0.0,0.0,1.0,profile1d_cubic,robust_ossm_ekf,profile1d_cubic__kfstd,0.44,2.48,,,0.3539602130930634,0.2659716704724866,0.373689234876738,0.5211340238482776,0.0065040650406504,1.0,1.5053461738977247,1.0,1.0,1.0752589078818011,0.7763309475749227,0.07,0.31999999999999984,,,0.0,0.0,0.0
of_farneback__robust_ossm_ekf,33_2,cohface_33_2,data/cohface_33_2.pkl,0.49,0.63,0.8,0.3688066813506395,4.068555439782362,0.1,0.13,0.99,9.4316185461382,0.12239072,0.0786699107866991,0.2784194090132909,0.0,0.0,1.0,of_farneback,robust_ossm_ekf,of_farneback__kfstd,0.49,0.1,,,0.6668049254732494,0.1360782731109537,0.365338543652689,0.5009284409712388,0.0089213300892133,1.0,1.2585487189108122,1.0,1.0,1.0592720270586835,0.5499867795048046,0.0,0.0,,,0.0,0.0,0.0
dof__robust_ossm_ekf,33_2,cohface_33_2,data/cohface_33_2.pkl,0.59,0.75,0.8,0.3868467729372903,2.4420798432973383,5.55,6.08,0.73,3.332873018305147,0.9846689,0.3154906731549067,0.1808787826325703,0.0,0.0,1.0,dof,robust_ossm_ekf,dof__kfstd,0.74,5.84,,,0.6668049254732494,0.1360782731109537,0.3503063327387236,0.3269130725884426,0.0105433901054339,1.6830988710613812,1.2585487189108122,0.5928770210491395,0.2981368848244092,1.0711143342305005,0.42872345745892887,-0.15000000000000002,-0.29000000000000004,,,1.0,1.0,1.0
profile1d_linear__robust_ossm_ekf,33_2,cohface_33_2,data/cohface_33_2.pkl,0.35,0.48,0.89,0.289939657119107,6.449471252854389,0.27,0.31,0.9,11.22820119404214,0.05084561,0.1167883211678832,0.0881017345599917,0.0,0.0,1.0,profile1d_linear,robust_ossm_ekf,profile1d_linear__kfstd,0.33,0.32,,,0.6668049254732494,0.1360782731109537,0.3910881636771364,0.4671455534616824,0.0024330900243309,1.0,1.2585487189108122,1.0,1.0,1.0751682049223263,0.5475768166237396,0.019999999999999962,-0.04999999999999999,,,0.0,1.0,0.0
profile1d_quadratic__robust_ossm_ekf,33_2,cohface_33_2,data/cohface_33_2.pkl,0.38,0.5,0.87,0.2828500333019871,5.997745823868394,0.25,0.29,0.94,11.612053841785889,0.06505935,0.1265206812652068,0.1161161452853087,0.0,0.0,1.0,profile1d_quadratic,robust_ossm_ekf,profile1d_quadratic__kfstd,0.36,0.27,,,0.6668049254732494,0.1360782731109537,0.3705477643027323,0.448658565034137,0.0064882400648824,1.0,1.2585487189108122,1.0,1.0,1.0725302550091402,0.5183060323923416,0.020000000000000018,-0.020000000000000018,,,0.0,1.0,0.0
profile1d_cubic__robust_ossm_ekf,33_2,cohface_33_2,data/cohface_33_2.pkl,0.38,0.5,0.88,0.2789631648495398,6.026790336283577,0.25,0.29,0.94,11.834481783197184,0.059721537,0.1240875912408759,0.1220725570808194,0.0,0.0,1.0,profile1d_cubic,robust_ossm_ekf,profile1d_cubic__kfstd,0.36,0.27,,,0.6668049254732494,0.1360782731109537,0.3707159274489355,0.4533457775730673,0.008110300081103,1.0,1.2585487189108122,1.0,1.0,1.0719994719741035,0.5277678357002524,0.020000000000000018,-0.020000000000000018,,,0.0,1.0,0.0
of_farneback__robust_ossm_ekf,19_2,cohface_19_2,data/cohface_19_2.pkl,0.5,0.65,0.79,0.428816608946196,3.831375297304722,0.25,0.3,0.86,7.424906230201518,0.11949629,0.0330305532617671,0.2620690875052144,0.0,0.0,1.0,of_farneback,robust_ossm_ekf,of_farneback__kfstd,0.46,0.25,,,0.5460609887504376,0.2607283602384079,0.301474747715088,0.3765010087763091,0.0239471511147811,1.0,1.495383884452975,1.0,1.0,1.0620000447071678,0.5695364105588034,0.03999999999999998,0.0,,,0.0,0.0,0.0
dof__robust_ossm_ekf,19_2,cohface_19_2,data/cohface_19_2.pkl,0.54,0.67,0.77,0.4644723441882546,3.4344339576751866,0.25,0.29,0.76,11.899553918135032,0.045651264,0.1362510322047894,0.1049684391930131,0.0,0.0,1.0,dof,robust_ossm_ekf,dof__kfstd,0.51,0.24,,,0.5460609887504376,0.2607283602384079,0.2841783737070036,0.4793110195507054,0.0041288191577208,1.5575850197829064,1.495383884452975,0.5725215545877308,0.2415365899896276,1.0782751329531848,0.5226588671510539,0.030000000000000027,0.010000000000000009,,,0.0,0.0,0.0
profile1d_linear__robust_ossm_ekf,19_2,cohface_19_2,data/cohface_19_2.pkl,0.66,0.85,0.64,0.5015926600677105,1.4720092545370345,0.43,0.56,0.45,4.323810078311292,0.1674132,0.0792733278282411,0.1356942557771314,0.0,0.0,1.0,profile1d_linear,robust_ossm_ekf,profile1d_linear__kfstd,0.58,0.33,,,0.5460609887504376,0.2607283602384079,0.3211278482575613,0.3845483755765796,0.0099091659785301,1.0,1.495383884452975,1.0,1.0,1.0709331922543923,0.5516636622899487,0.08000000000000007,0.09999999999999998,,,0.0,0.0,0.0
profile1d_quadratic__robust_ossm_ekf,19_2,cohface_19_2,data/cohface_19_2.pkl,0.69,0.87,0.63,0.5967045521020878,1.2564299715038405,0.3,0.38,0.75,7.881980125332601,0.045782737,0.0751445086705202,0.3212663094352916,0.0,0.0,1.0,profile1d_quadratic,robust_ossm_ekf,profile1d_quadratic__kfstd,0.61,0.26,,,0.5460609887504376,0.2607283602384079,0.3000336794387303,0.4328265639329081,0.028075970272502,1.0,1.495383884452975,1.0,1.0,1.0576886661245497,0.6055203172443345,0.07999999999999996,0.03999999999999998,,,0.0,0.0,0.0
profile1d_cubic__robust_ossm_ekf,19_2,cohface_19_2,data/cohface_19_2.pkl,0.69,0.91,0.7,0.4711603579534208,1.8862264408968696,0.31,0.38,0.71,6.579999893068963,0.07112564,0.0817506193228736,0.3188254666052381,0.0,0.0,1.0,profile1d_cubic,robust_ossm_ekf,profile1d_cubic__kfstd,0.63,0.26,,,0.5460609887504376,0.2607283602384079,0.2998940071724087,0.3888703951855837,0.0297274979355904,1.0,1.495383884452975,1.0,1.0,1.058053463707246,0.5793986894586165,0.05999999999999994,0.04999999999999999,,,0.0,0.0,0.0
of_farneback__robust_ossm_ekf,27_2,cohface_27_2,data/cohface_27_2.pkl,0.45,0.59,0.83,0.3738307816806845,4.615018948178905,0.28,0.31,1.0,11.585470082573767,0.11183442,0.0852272727272727,0.1406102042288296,0.0,0.0,1.0,of_farneback,robust_ossm_ekf,of_farneback__kfstd,0.44,0.29,,,0.4647008477598625,0.2370284749852624,0.3089095085630865,0.4518769092748512,0.0081168831168831,1.0,1.4503541024719986,1.0,1.0,1.0708682759767545,0.5804350146913302,0.010000000000000009,-0.009999999999999953,,,0.0,1.0,0.0
dof__robust_ossm_ekf,27_2,cohface_27_2,data/cohface_27_2.pkl,0.73,0.97,0.52,0.4916603166657644,0.451654606039171,4.41,6.13,-0.61,4.616684783172797,0.7352416,0.0592532467532467,0.1409008681290731,0.0,0.0,1.0,dof,robust_ossm_ekf,dof__kfstd,0.62,0.5,,,0.4647008477598625,0.2370284749852624,0.2955700712167358,0.4447074010985328,0.0016233766233766,1.6208830159977636,1.4503541024719986,0.5114532360891383,0.234704802016422,1.0747297233455897,0.528153284897235,0.10999999999999999,3.91,,,0.0,0.0,0.0
profile1d_linear__robust_ossm_ekf,27_2,cohface_27_2,data/cohface_27_2.pkl,0.47,0.6,0.82,0.3820021975294198,4.471194465647777,0.2,0.26,0.99,6.893552257269407,0.049718734,0.2873376623376623,0.1478384561292543,0.0,0.0,1.0,profile1d_linear,robust_ossm_ekf,profile1d_linear__kfstd,0.47,0.31,,,0.4647008477598625,0.2370284749852624,0.3792832055179296,0.4025434137336853,0.0162337662337662,1.0,1.4503541024719986,1.0,1.0,1.070319188262018,0.7014705043198977,0.0,-0.10999999999999999,,,0.0,1.0,0.0
profile1d_quadratic__robust_ossm_ekf,27_2,cohface_27_2,data/cohface_27_2.pkl,0.38,0.5,0.88,0.3304805362416981,6.035092496479973,0.23,0.28,1.0,13.834037571527723,0.110705696,0.0527597402597402,0.0404184894517265,0.0,0.0,1.0,profile1d_quadratic,robust_ossm_ekf,profile1d_quadratic__kfstd,0.39,0.31,,,0.4647008477598625,0.2370284749852624,0.2858064586653985,0.4665113509710045,0.0,1.0,1.4503541024719986,1.0,1.0,1.079486426696941,0.5182031948842107,-0.010000000000000009,-0.07999999999999999,,,1.0,1.0,1.0
profile1d_cubic__robust_ossm_ekf,27_2,cohface_27_2,data/cohface_27_2.pkl,0.39,0.5,0.88,0.3294984856044298,6.001680609757751,0.23,0.28,1.0,13.894009603392176,0.11437192,0.0519480519480519,0.0411231681068501,0.0,0.0,1.0,profile1d_cubic,robust_ossm_ekf,profile1d_cubic__kfstd,0.39,0.32,,,0.4647008477598625,0.2370284749852624,0.2856295043431527,0.4642316548075469,0.0,1.0,1.4503541024719986,1.0,1.0,1.079421341438325,0.5165639665066619,0.0,-0.09,,,0.0,1.0,0.0
of_farneback__robust_ossm_ekf,12_0,cohface_12_0,data/cohface_12_0.pkl,0.37,0.47,0.89,0.3383020982640761,6.581298371897688,0.38,0.62,0.94,6.2221478850560175,0.045507237,0.0139505389980976,0.1248129805800874,0.0,0.0,1.0,of_farneback,robust_ossm_ekf,of_farneback__kfstd,0.37,0.39,,,0.5492456866949643,0.1906215023845344,0.2936191400579502,0.4538691250008945,0.0076093849080532,1.0,1.3621808545306155,1.0,1.0,1.0720691770497972,0.485222804402618,0.0,-0.010000000000000009,,,0.0,1.0,0.0
dof__robust_ossm_ekf,12_0,cohface_12_0,data/cohface_12_0.pkl,0.37,0.51,0.87,0.3207906016400542,5.844166341196974,0.68,1.15,0.83,7.636380412554959,0.09416489,0.092580849714648,0.1299148875478465,0.0,0.0,1.0,dof,robust_ossm_ekf,dof__kfstd,0.36,0.74,,,0.5492456866949643,0.1906215023845344,0.2922499052723817,0.4091927958972569,0.0025364616360177,1.606856486428686,1.3621808545306155,0.5384637554304331,0.2668223460766625,1.075807550656679,0.43653944614502144,0.010000000000000009,-0.05999999999999994,,,0.0,1.0,0.0
profile1d_linear__robust_ossm_ekf,12_0,cohface_12_0,data/cohface_12_0.pkl,0.28,0.37,0.93,0.2666114744800089,8.764943929890054,0.22,0.32,0.99,8.867409287738989,0.037833214,0.0228281547241597,0.0282474065016272,0.0,0.0,1.0,profile1d_linear,robust_ossm_ekf,profile1d_linear__kfstd,0.31,0.5,,,0.5492456866949643,0.1906215023845344,0.2653075185264499,0.457393138337873,0.0012682308180088,1.0,1.3621808545306155,1.0,1.0,1.0806206799032725,0.41474413603957583,-0.02999999999999997,-0.28,,,1.0,1.0,1.0
profile1d_quadratic__robust_ossm_ekf,12_0,cohface_12_0,data/cohface_12_0.pkl,0.27,0.34,0.94,0.2547417184629453,9.29562508781175,0.2,0.28,0.99,8.308111340305585,0.019583236,0.0342422320862396,0.046894815923536,0.0,0.0,1.0,profile1d_quadratic,robust_ossm_ekf,profile1d_quadratic__kfstd,0.29,0.51,,,0.5492456866949643,0.1906215023845344,0.2799581258988139,0.4900594528593061,0.0012682308180088,1.0,1.3621808545306155,1.0,1.0,1.0788946563362791,0.4585412586177517,-0.019999999999999962,-0.31,,,1.0,1.0,1.0
profile1d_cubic__robust_ossm_ekf,12_0,cohface_12_0,data/cohface_12_0.pkl,0.28,0.35,0.94,0.2590140827216342,9.166124490911344,0.19,0.28,0.99,8.262003925004024,0.019849297,0.0348763474952441,0.0494790981207114,0.0,0.0,1.0,profile1d_cubic,robust_ossm_ekf,profile1d_cubic__kfstd,0.29,0.52,,,0.5492456866949643,0.1906215023845344,0.2821462670345775,0.4830920348864062,0.0,1.0,1.3621808545306155,1.0,1.0,1.078659391390324,0.4530867091121943,-0.009999999999999953,-0.33,,,1.0,1.0,1.0
of_farneback__robust_ossm_ekf,15_3,cohface_15_3,data/cohface_15_3.pkl,0.82,0.97,0.55,0.6194443376076768,0.3370701287084379,0.68,0.84,0.74,4.435149330434991,0.4442793,0.1115537848605577,0.1407907722097321,0.0,0.0,1.0,of_farneback,robust_ossm_ekf,of_farneback__kfstd,0.82,0.66,,,0.433824569277811,0.2565592709212305,0.4408703333669667,0.4350187395087526,0.0103585657370517,1.0,1.4874626147503385,1.0,1.0,1.0717410118188897,0.813678599888942,0.0,0.020000000000000018,,,0.0,0.0,0.0
dof__robust_ossm_ekf,15_3,cohface_15_3,data/cohface_15_3.pkl,0.67,0.94,0.57,0.4539774691737927,0.5954970566460931,6.13,7.4,-0.82,8.596163449476746,1.3584462,0.1864541832669322,0.1236726503971476,0.0,0.0,1.0,dof,robust_ossm_ekf,dof__kfstd,0.73,6.77,,,0.433824569277811,0.2565592709212305,0.3237439674799221,0.326655504781518,0.0031872509960159,1.814842602793474,1.4874626147503385,0.445957872318688,0.2280663027561678,1.076334768030608,0.5390199083600188,-0.05999999999999994,-0.6399999999999997,,,1.0,1.0,1.0
profile1d_linear__robust_ossm_ekf,15_3,cohface_15_3,data/cohface_15_3.pkl,0.38,0.52,0.86,0.3312243569717925,5.816687604993993,0.08,0.12,1.0,14.712748149589755,0.022983491,0.1426294820717131,0.0975611763453374,0.0,0.0,1.0,profile1d_linear,robust_ossm_ekf,profile1d_linear__kfstd,0.31,0.15,,,0.433824569277811,0.2565592709212305,0.3404557645430141,0.4338759335640197,0.0071713147410358,1.0,1.4874626147503385,1.0,1.0,1.0750024756880625,0.6459472470232688,0.07,-0.06999999999999999,,,0.0,1.0,0.0
profile1d_quadratic__robust_ossm_ekf,15_3,cohface_15_3,data/cohface_15_3.pkl,0.27,0.34,0.94,0.242050859894957,9.36299364188104,0.09,0.11,1.0,14.220086114950476,0.023105526,0.0302788844621513,0.0467809863691686,0.0,0.0,1.0,profile1d_quadratic,robust_ossm_ekf,profile1d_quadratic__kfstd,0.26,0.12,,,0.433824569277811,0.2565592709212305,0.2872283079222529,0.4958687259546101,0.0071713147410358,1.0,1.4874626147503385,1.0,1.0,1.078900058163333,0.5932325832968433,0.010000000000000009,-0.03,,,0.0,1.0,0.0
profile1d_cubic__robust_ossm_ekf,15_3,cohface_15_3,data/cohface_15_3.pkl,0.27,0.35,0.94,0.2434786784758429,9.29411525119536,0.09,0.12,1.0,14.183440946773324,0.0235705,0.0302788844621513,0.0469629559918483,0.0,0.0,1.0,profile1d_cubic,robust_ossm_ekf,profile1d_cubic__kfstd,0.27,0.12,,,0.433824569277811,0.2565592709212305,0.2874759535045151,0.4941604286256322,0.0039840637450199,1.0,1.4874626147503385,1.0,1.0,1.0788831497425595,0.5800278270262583,0.0,-0.03,,,0.0,1.0,0.0
of_farneback__robust_ossm_ekf,15_1,cohface_15_1,data/cohface_15_1.pkl,0.51,0.73,0.72,0.4273347498716464,2.824349442807857,0.12,0.15,0.99,6.120388429084365,0.22264865,0.0130825838103025,0.4980963027253531,0.0,0.0,1.0,of_farneback,robust_ossm_ekf,of_farneback__kfstd,0.47,0.11,,,0.4441921382699168,0.2973558995399981,0.3332759568707898,0.499621898929631,0.0155355682747342,1.0,1.5649762091259964,0.9934587080948488,0.9934587080948488,1.066267832082611,0.7309414209070474,0.040000000000000036,0.009999999999999995,,,0.0,0.0,0.0
dof__robust_ossm_ekf,15_1,cohface_15_1,data/cohface_15_1.pkl,0.76,0.94,0.5,0.4949675852371175,0.2082538441515371,2.64,4.17,-0.84,5.729139772383251,0.6264098,0.205233033524121,0.1873580442948149,0.0,0.0,1.0,dof,robust_ossm_ekf,dof__kfstd,0.92,11.75,,,0.4441921382699168,0.2973558995399981,0.3059790329425036,0.1716351583693577,0.0040883074407195,1.7372422790929358,1.5649762091259964,0.4479869609266171,0.2994099031330271,1.0704561400784962,0.4467162852019209,-0.16000000000000003,-9.11,,,1.0,1.0,1.0
profile1d_linear__robust_ossm_ekf,15_1,cohface_15_1,data/cohface_15_1.pkl,0.24,0.29,0.96,0.2332900777742741,10.902416321377888,0.09,0.12,0.98,16.9638314453707,0.021752313,0.0,0.0242491239479018,0.0,0.0,1.0,profile1d_linear,robust_ossm_ekf,profile1d_linear__kfstd,0.24,0.09,,,0.4441921382699168,0.2973558995399981,0.2698979898241567,0.423882929809246,0.0016353229762878,1.0,1.5649762091259964,1.0,1.0,1.0810016147223065,0.525084647701792,0.0,0.0,,,0.0,0.0,0.0
profile1d_quadratic__robust_ossm_ekf,15_1,cohface_15_1,data/cohface_15_1.pkl,0.26,0.36,0.93,0.2432320378291189,8.867332211075421,0.09,0.12,0.99,16.614256928116504,0.019576058,0.0,0.0293388838882311,0.0,0.0,1.0,profile1d_quadratic,robust_ossm_ekf,profile1d_quadratic__kfstd,0.25,0.11,,,0.4441921382699168,0.2973558995399981,0.2463870034102112,0.4737587157986481,0.0016353229762878,1.0,1.5649762091259964,1.0,1.0,1.0805176074142964,0.5271782081142934,0.010000000000000009,-0.020000000000000004,,,0.0,1.0,0.0
profile1d_cubic__robust_ossm_ekf,15_1,cohface_15_1,data/cohface_15_1.pkl,0.26,0.37,0.93,0.2463636324372929,8.73478677403208,0.1,0.12,0.99,16.51320131054062,0.019377032,0.0,0.0300272961214555,0.0,0.0,1.0,profile1d_cubic,robust_ossm_ekf,profile1d_cubic__kfstd,0.25,0.11,,,0.4441921382699168,0.2973558995399981,0.2466702973589883,0.4772195711348093,0.0,1.0,1.5649762091259964,1.0,1.0,1.0804523901634762,0.5227445196494569,0.010000000000000009,-0.009999999999999995,,,0.0,1.0,0.0
of_farneback__robust_ossm_ekf,15_0,cohface_15_0,data/cohface_15_0.pkl,0.56,0.74,0.73,0.4118242613203612,2.689976346108306,0.4,0.51,0.11,9.384138781992284,0.15031017,0.0130970724191063,0.1036665717646763,0.0,0.0,1.0,of_farneback,robust_ossm_ekf,of_farneback__kfstd,0.54,0.39,,,0.4490613222055981,0.314900982948735,0.3373387027165271,0.4347219316098127,0.0161787365177195,1.0,1.5983118676025962,1.0,1.0,1.0740202624962245,0.7127448906958943,0.020000000000000018,0.010000000000000009,,,0.0,0.0,0.0
dof__robust_ossm_ekf,15_0,cohface_15_0,data/cohface_15_0.pkl,0.96,1.21,0.29,0.5387389027530697,-1.4394044399076944,10.26,10.27,0.38,6.902156531494111,3.1966984,0.061633281972265,0.090025960152801,0.0,0.0,1.0,dof,robust_ossm_ekf,dof__kfstd,0.98,10.21,,,0.4490613222055981,0.314900982948735,0.3008462849404536,0.1380303086973707,0.0015408320493066,1.6991507728955426,1.5983118676025962,0.4705469349065028,0.301492641704548,1.0796819279196117,0.4189091302833404,-0.020000000000000018,0.049999999999998934,,,1.0,0.0,0.0
profile1d_linear__robust_ossm_ekf,15_0,cohface_15_0,data/cohface_15_0.pkl,0.28,0.38,0.93,0.2205448739671718,8.493082212110236,0.07,0.09,0.86,19.98634730620779,0.009451314,0.0,0.0294252558990447,0.0,0.0,1.0,profile1d_linear,robust_ossm_ekf,profile1d_linear__kfstd,0.27,0.08,,,0.4490613222055981,0.314900982948735,0.3771927678888801,0.3326891561979412,0.0015408320493066,1.0,1.5983118676025962,1.0,1.0,1.080504570974467,0.661530104588292,0.010000000000000009,-0.009999999999999995,,,0.0,1.0,0.0
profile1d_quadratic__robust_ossm_ekf,15_0,cohface_15_0,data/cohface_15_0.pkl,0.3,0.42,0.91,0.2260272218197211,7.674054122853361,0.05,0.07,0.95,17.294540232273818,0.008244099,0.0115562403697996,0.0339546810181159,0.0,0.0,1.0,profile1d_quadratic,robust_ossm_ekf,profile1d_quadratic__kfstd,0.26,0.06,,,0.4490613222055981,0.314900982948735,0.320471366304054,0.3618132483208203,0.0015408320493066,1.0,1.5983118676025962,1.0,1.0,1.080088242789288,0.5836009220377001,0.03999999999999998,-0.009999999999999995,,,0.0,1.0,0.0
profile1d_cubic__robust_ossm_ekf,15_0,cohface_15_0,data/cohface_15_0.pkl,0.3,0.42,0.91,0.226899037313773,7.639028109592576,0.05,0.07,0.95,17.19939360746339,0.008105347,0.0115562403697996,0.0352117994446938,0.0,0.0,1.0,profile1d_cubic,robust_ossm_ekf,profile1d_cubic__kfstd,0.26,0.06,,,0.4490613222055981,0.314900982948735,0.3213138066826089,0.3640544857882813,0.0015408320493066,1.0,1.5983118676025962,1.0,1.0,1.079970824034782,0.5863330479147206,0.03999999999999998,-0.009999999999999995,,,0.0,1.0,0.0
of_farneback__robust_ossm_ekf,30_0,cohface_30_0,data/cohface_30_0.pkl,0.39,0.49,0.88,0.2984571108154605,6.355131015337117,0.16,0.2,0.99,12.130815567747648,0.07343423,0.1015434606011372,0.1060280280148735,0.0,0.0,1.0,of_farneback,robust_ossm_ekf,of_farneback__kfstd,0.38,0.16,,,0.7975465059333644,0.1804122081671565,0.3996271521172266,0.3043076370084489,0.0048740861088545,1.0,1.3427831955175975,1.0,1.0,1.073766523117769,0.45334577576901325,0.010000000000000009,0.0,,,0.0,0.0,0.0
dof__robust_ossm_ekf,30_0,cohface_30_0,data/cohface_30_0.pkl,0.91,1.08,0.35,0.4927740597575658,-0.7185158249313959,9.24,9.33,0.95,2.567837482380246,2.494303,0.1957757920389927,0.2309558541797824,0.0,0.0,1.0,dof,robust_ossm_ekf,dof__kfstd,0.99,8.52,,,0.7975465059333644,0.1804122081671565,0.3523324195252804,0.3741118277834649,0.0064987814784727,1.6474548665760702,1.3427831955175975,0.6304668029695464,0.3123791291949208,1.0666511517015895,0.4216063726296824,-0.07999999999999996,0.7200000000000006,,,1.0,0.0,0.0
profile1d_linear__robust_ossm_ekf,30_0,cohface_30_0,data/cohface_30_0.pkl,0.38,0.5,0.88,0.2829218020987274,6.107656914537827,0.21,0.25,1.0,14.09360545141632,0.04097349,0.0804224207961007,0.0298875505648137,0.0,0.0,1.0,profile1d_linear,robust_ossm_ekf,profile1d_linear__kfstd,0.35,0.18,,,0.7975465059333644,0.1804122081671565,0.4300343748104731,0.2973827164539017,0.0016246953696181,1.0,1.3427831955175975,1.0,1.0,1.0804653931456176,0.48737900819288177,0.030000000000000027,0.03,,,0.0,0.0,0.0
profile1d_quadratic__robust_ossm_ekf,30_0,cohface_30_0,data/cohface_30_0.pkl,0.33,0.44,0.9,0.2551119316892189,7.145063000633213,0.12,0.15,1.0,15.06460283027786,0.061877318,0.0593013809910641,0.0381512593252471,0.0,0.0,1.0,profile1d_quadratic,robust_ossm_ekf,profile1d_quadratic__kfstd,0.32,0.11,,,0.7975465059333644,0.1804122081671565,0.3914657140498223,0.2780498288798976,0.0,1.0,1.3427831955175975,1.0,1.0,1.0797096413668137,0.404911015070198,0.010000000000000009,0.009999999999999995,,,0.0,0.0,0.0
profile1d_cubic__robust_ossm_ekf,30_0,cohface_30_0,data/cohface_30_0.pkl,0.34,0.45,0.9,0.2548389251056022,7.039015056064436,0.11,0.15,1.0,15.048169365172544,0.06332199,0.0609260763606823,0.0373489372074401,0.0,0.0,1.0,profile1d_cubic,robust_ossm_ekf,profile1d_cubic__kfstd,0.33,0.1,,,0.7975465059333644,0.1804122081671565,0.3914868911733958,0.2795758993277303,0.0,1.0,1.3427831955175975,1.0,1.0,1.079783455362195,0.40584527627570277,0.010000000000000009,0.009999999999999995,,,0.0,0.0,0.0
of_farneback__robust_ossm_ekf,13_3,cohface_13_3,data/cohface_13_3.pkl,0.77,0.93,0.57,0.6215060354601115,0.7019427685798062,1.38,2.75,0.37,0.9170612068940918,0.22876412,0.2114285714285714,0.5610896506844335,0.0,0.0,1.0,of_farneback,robust_ossm_ekf,of_farneback__kfstd,0.75,1.78,,,0.3621478079282041,0.1598806164952253,0.4461749962158481,0.2858180565924979,0.0383673469387755,1.0,1.3037731713409282,0.9959183673469388,0.9959183673469388,1.0531241103003408,0.7446735778596274,0.020000000000000018,-0.40000000000000013,,,0.0,1.0,0.0
dof__robust_ossm_ekf,13_3,cohface_13_3,data/cohface_13_3.pkl,0.47,0.66,0.78,0.3964430647907219,3.639514076293292,2.42,3.59,0.44,10.064172044772302,0.07740584,0.4285714285714285,0.135068569424398,0.0,0.0,1.0,dof,robust_ossm_ekf,dof__kfstd,0.41,1.14,,,0.3621478079282041,0.1598806164952253,0.3706904094077914,0.4740858114745648,0.0089795918367346,1.786063098249537,1.3037731713409282,0.4912637051802413,0.1971717780178856,1.075323858782912,0.687326735015931,0.06,1.28,,,0.0,0.0,0.0
profile1d_linear__robust_ossm_ekf,13_3,cohface_13_3,data/cohface_13_3.pkl,0.5,0.6,0.83,0.4078534194861957,4.587323271013535,1.48,2.96,0.26,6.640451955617599,0.18504363,0.0497959183673469,0.0762037380300543,0.0,0.0,1.0,profile1d_linear,robust_ossm_ekf,profile1d_linear__kfstd,0.47,1.83,,,0.3621478079282041,0.1598806164952253,0.354047795094136,0.4327530509812097,0.0024489795918367,1.0,1.3037731713409282,1.0,1.0,1.0762360480138669,0.6092410078058889,0.030000000000000027,-0.3500000000000001,,,0.0,1.0,0.0
profile1d_quadratic__robust_ossm_ekf,13_3,cohface_13_3,data/cohface_13_3.pkl,0.38,0.48,0.88,0.3048631146146091,6.385387205840928,1.73,3.35,-0.74,6.7884918855547225,0.1717095,0.2236734693877551,0.1179324202763379,0.0,0.0,1.0,profile1d_quadratic,robust_ossm_ekf,profile1d_quadratic__kfstd,0.38,1.75,,,0.3621478079282041,0.1598806164952253,0.3471029358650354,0.5115201284981998,0.0163265306122449,1.0,1.3037731713409282,1.0,1.0,1.0724142575115136,0.6938157739923597,0.0,-0.020000000000000018,,,0.0,1.0,0.0
profile1d_cubic__robust_ossm_ekf,13_3,cohface_13_3,data/cohface_13_3.pkl,0.39,0.5,0.88,0.3039216833723472,6.026651881772152,1.74,3.37,-0.78,7.012234497432943,0.1809858,0.2318367346938775,0.1248454973399228,0.0,0.0,1.0,profile1d_cubic,robust_ossm_ekf,profile1d_cubic__kfstd,0.39,1.76,,,0.3621478079282041,0.1598806164952253,0.3466811543938409,0.5134967802502327,0.0212244897959183,1.0,1.3037731713409282,1.0,1.0,1.071819728338166,0.7124928090690016,0.0,-0.020000000000000018,,,0.0,1.0,0.0
of_farneback__robust_ossm_ekf,24_1,cohface_24_1,data/cohface_24_1.pkl,0.3,0.37,0.93,0.2975212712232971,8.585322794137019,0.11,0.15,1.0,6.086582473444508,0.023243591,0.008285004142502,0.0635407245541457,0.0,0.0,1.0,of_farneback,robust_ossm_ekf,of_farneback__kfstd,0.33,0.11,,,0.5829132256472327,0.2109862031719121,0.3081228170914635,0.0786485748643262,0.0,1.0,1.400873786026633,1.0,1.0,1.0774918525029158,0.25916967115191447,-0.030000000000000027,0.0,,,1.0,0.0,0.0
dof__robust_ossm_ekf,24_1,cohface_24_1,data/cohface_24_1.pkl,0.75,0.96,0.48,0.4041687915719974,0.3670379184368743,1.61,1.96,0.91,5.94231908181324,0.25940233,0.072079536039768,0.2284488464206372,0.0,0.0,1.0,dof,robust_ossm_ekf,dof__kfstd,0.85,0.93,,,0.5829132256472327,0.2109862031719121,0.3214094783906061,0.3843101337158245,0.0091135045567522,1.600024924944785,1.400873786026633,0.5728716534396439,0.3041158108822407,1.067053320066568,0.4975253565724414,-0.09999999999999998,0.68,,,1.0,0.0,0.0
profile1d_linear__robust_ossm_ekf,24_1,cohface_24_1,data/cohface_24_1.pkl,0.32,0.43,0.91,0.307122588966419,7.350050257557397,0.25,0.41,0.98,6.781070583184337,0.048104726,0.0,0.0105957442254954,0.0,0.0,1.0,profile1d_linear,robust_ossm_ekf,profile1d_linear__kfstd,0.37,0.27,,,0.5829132256472327,0.2109862031719121,0.2955582509339603,0.1000713333826902,0.0,1.0,1.400873786026633,1.0,1.0,1.082310475430301,0.25072451555183606,-0.04999999999999999,-0.020000000000000018,,,1.0,1.0,1.0
profile1d_quadratic__robust_ossm_ekf,24_1,cohface_24_1,data/cohface_24_1.pkl,0.27,0.36,0.93,0.2652469795692196,8.844681605586741,0.06,0.1,1.0,7.558343556210536,0.052264266,0.0,0.0209609903487103,0.0,0.0,1.0,profile1d_quadratic,robust_ossm_ekf,profile1d_quadratic__kfstd,0.35,0.25,,,0.5829132256472327,0.2109862031719121,0.2997657050837721,0.0791134275430671,0.0,1.0,1.400873786026633,1.0,1.0,1.0813345614561285,0.2454345014543956,-0.07999999999999996,-0.19,,,1.0,1.0,1.0
profile1d_cubic__robust_ossm_ekf,24_1,cohface_24_1,data/cohface_24_1.pkl,0.27,0.36,0.93,0.2667319395939548,8.811816318658733,0.07,0.1,1.0,7.485542687127658,0.052251328,0.0,0.0206983733118158,0.0,0.0,1.0,profile1d_cubic,robust_ossm_ekf,profile1d_cubic__kfstd,0.35,0.25,,,0.5829132256472327,0.2109862031719121,0.299521902048299,0.0790849633862793,0.0,1.0,1.400873786026633,1.0,1.0,1.0813617886870373,0.2450090533256976,-0.07999999999999996,-0.18,,,1.0,1.0,1.0
of_farneback__robust_ossm_ekf,10_0,cohface_10_0,data/cohface_10_0.pkl,0.45,0.55,0.85,0.3567685059648455,5.078084512958489,0.13,0.16,0.97,9.119933710834784,0.1374368,0.1711491442542787,0.1822405504142795,0.0,0.0,1.0,of_farneback,robust_ossm_ekf,of_farneback__kfstd,0.43,0.13,,,0.6544325711112096,0.1853393822587242,0.3077889300714804,0.4545226338948753,0.0065199674001629,1.0,1.352144826291576,1.0,1.0,1.067362070137132,0.4574737642512481,0.020000000000000018,0.0,,,0.0,0.0,0.0
dof__robust_ossm_ekf,10_0,cohface_10_0,data/cohface_10_0.pkl,0.48,0.58,0.83,0.3366662450586765,4.661050699445035,0.29,0.36,0.82,12.46951138893499,0.09417495,0.0505297473512632,0.1085564907247071,0.0,0.0,1.0,dof,robust_ossm_ekf,dof__kfstd,0.47,0.3,,,0.6544325711112096,0.1853393822587242,0.2915811647336842,0.4124879283490575,0.0016299918500407,1.8827391253536747,1.352144826291576,0.4557348413294909,0.1820707022571378,1.07782330001396,0.3861965172848884,0.010000000000000009,-0.010000000000000009,,,0.0,1.0,0.0
profile1d_linear__robust_ossm_ekf,10_0,cohface_10_0,data/cohface_10_0.pkl,0.39,0.53,0.86,0.3373563706699666,5.528872186465398,0.28,0.34,0.87,7.162544002443959,0.062202614,0.1564792176039119,0.0923295232837421,0.0,0.0,1.0,profile1d_linear,robust_ossm_ekf,profile1d_linear__kfstd,0.39,0.28,,,0.6544325711112096,0.1853393822587242,0.2918623143555995,0.4014528621690081,0.0065199674001629,1.0,1.352144826291576,1.0,1.0,1.0753579516985483,0.39952129306617595,0.0,0.0,,,0.0,0.0,0.0
profile1d_quadratic__robust_ossm_ekf,10_0,cohface_10_0,data/cohface_10_0.pkl,0.3,0.36,0.94,0.274726902602029,8.866087658586611,0.13,0.18,0.95,11.784324870184284,0.03532014,0.0464547677261613,0.0677952148538141,0.0,0.0,1.0,profile1d_quadratic,robust_ossm_ekf,profile1d_quadratic__kfstd,0.31,0.15,,,0.6544325711112096,0.1853393822587242,0.2894986491634875,0.4773143080840989,0.0016299918500407,1.0,1.352144826291576,1.0,1.0,1.0769832159778037,0.4208843934319101,-0.010000000000000009,-0.01999999999999999,,,1.0,1.0,1.0
profile1d_cubic__robust_ossm_ekf,10_0,cohface_10_0,data/cohface_10_0.pkl,0.3,0.36,0.94,0.273196351909507,8.821117600938743,0.14,0.19,0.95,11.734125340212302,0.03451844,0.0488997555012225,0.0696933200065289,0.0,0.0,1.0,profile1d_cubic,robust_ossm_ekf,profile1d_cubic__kfstd,0.31,0.16,,,0.6544325711112096,0.1853393822587242,0.2903698701295803,0.4724785571239485,0.0016299918500407,1.0,1.352144826291576,1.0,1.0,1.0768114361253167,0.4194968502953485,-0.010000000000000009,-0.01999999999999999,,,1.0,1.0,1.0
of_farneback__robust_ossm_ekf,7_0,cohface_7_0,data/cohface_7_0.pkl,0.55,0.7,0.76,0.4309741482614813,3.195184273487163,0.42,0.66,0.94,5.85762084342321,0.20887858,0.0529363110008271,0.0784074874391254,0.0,0.0,1.0,of_farneback,robust_ossm_ekf,of_farneback__kfstd,0.52,0.42,,,0.6093584739913127,0.1452124861982543,0.2826336879215753,0.3608322571634393,0.0049627791563275,1.0,1.2759037237766833,1.0,1.0,1.076303255883328,0.3436796261491832,0.030000000000000027,0.0,,,0.0,0.0,0.0
dof__robust_ossm_ekf,7_0,cohface_7_0,data/cohface_7_0.pkl,0.87,1.17,0.68,0.5743666430191781,-0.1594824720320935,3.86,3.99,-0.03,4.119318697268461,0.6876511,0.0942928039702233,0.1970581381193102,0.0,0.0,1.0,dof,robust_ossm_ekf,dof__kfstd,0.65,2.96,,,0.6093584739913127,0.1452124861982543,0.3118724724548045,0.3213941631079578,0.0074441687344913,1.596501610150348,1.2759037237766833,0.5664928401547233,0.350788542522056,1.0695948496088077,0.37928596484327026,0.21999999999999997,0.8999999999999999,,,0.0,0.0,0.0
profile1d_linear__robust_ossm_ekf,7_0,cohface_7_0,data/cohface_7_0.pkl,0.62,0.84,0.65,0.4565076920092762,1.5730245515347938,0.83,1.88,0.4,7.203151974942082,0.03632791,0.1571546732837055,0.1133765558787203,0.0,0.0,1.0,profile1d_linear,robust_ossm_ekf,profile1d_linear__kfstd,0.51,0.45,,,0.6093584739913127,0.1452124861982543,0.3178292922340462,0.387122277603743,0.0140612076095947,1.0,1.2759037237766833,1.0,1.0,1.0734955004123707,0.45416861899394473,0.10999999999999999,0.37999999999999995,,,0.0,0.0,0.0
profile1d_quadratic__robust_ossm_ekf,7_0,cohface_7_0,data/cohface_7_0.pkl,0.52,0.65,0.79,0.3694691377537056,3.798701967478198,0.29,0.47,0.97,7.187912002820964,0.1113835,0.0124069478908188,0.0409442190516529,0.0,0.0,1.0,profile1d_quadratic,robust_ossm_ekf,profile1d_quadratic__kfstd,0.49,0.39,,,0.6093584739913127,0.1452124861982543,0.2874830298214435,0.3581275486549867,0.0024813895781637,1.0,1.2759037237766833,1.0,1.0,1.079458775551522,0.340395322729842,0.030000000000000027,-0.10000000000000003,,,0.0,1.0,0.0
profile1d_cubic__robust_ossm_ekf,7_0,cohface_7_0,data/cohface_7_0.pkl,0.52,0.65,0.79,0.3715049102793401,3.7539720435117294,0.29,0.47,0.97,7.09128768563426,0.11535992,0.0124069478908188,0.0407985382969558,0.0,0.0,1.0,profile1d_cubic,robust_ossm_ekf,profile1d_cubic__kfstd,0.49,0.39,,,0.6093584739913127,0.1452124861982543,0.2874033549297181,0.3547176390214362,0.0024813895781637,1.0,1.2759037237766833,1.0,1.0,1.079473583890319,0.3382535361939521,0.030000000000000027,-0.10000000000000003,,,0.0,1.0,0.0
of_farneback__robust_ossm_ekf,35_3,cohface_35_3,data/cohface_35_3.pkl,0.56,0.75,0.72,0.4215425299479572,2.514067751928508,0.49,0.58,0.95,2.255859532884497,0.25460714,0.1148208469055374,0.3503225064106687,0.0,0.0,1.0,of_farneback,robust_ossm_ekf,of_farneback__kfstd,0.57,0.51,,,0.4193036623116322,0.1821275914661862,0.4176988518436444,0.4489120928565297,0.0252442996742671,1.0,1.346042423785754,0.996742671009772,0.996742671009772,1.064846353109332,0.8079926745149695,-0.009999999999999898,-0.020000000000000018,,,1.0,1.0,1.0
dof__robust_ossm_ekf,35_3,cohface_35_3,data/cohface_35_3.pkl,0.43,0.55,0.85,0.3156190024855658,5.308180799914943,0.26,0.3,0.94,8.807663548584976,0.07642145,0.000814332247557,0.0748860770676083,0.0,0.0,1.0,dof,robust_ossm_ekf,dof__kfstd,0.36,0.31,,,0.4193036623116322,0.1821275914661862,0.3162422987874976,0.4633673935039282,0.004071661237785,1.8900912660077176,1.346042423785754,0.4437716261230058,0.1667113455621627,1.0810673011885212,0.5626430033161965,0.07,-0.04999999999999999,,,0.0,1.0,0.0
profile1d_linear__robust_ossm_ekf,35_3,cohface_35_3,data/cohface_35_3.pkl,0.8,0.98,0.5,0.4802205905653912,0.2101057267476435,3.54,3.86,0.92,3.6876378530157727,0.7768786,0.1180781758957654,0.2960295242910353,0.0,0.0,1.0,profile1d_linear,robust_ossm_ekf,profile1d_linear__kfstd,0.72,3.47,,,0.4193036623116322,0.1821275914661862,0.4230350625722404,0.3832652500016982,0.0325732899022801,1.0,1.346042423785754,1.0,1.0,1.0625247717808537,0.7783694075740246,0.08000000000000007,0.06999999999999984,,,0.0,0.0,0.0
profile1d_quadratic__robust_ossm_ekf,35_3,cohface_35_3,data/cohface_35_3.pkl,0.41,0.53,0.86,0.3109453336077279,5.521918522750349,0.17,0.23,0.97,5.23160661196367,0.06849302,0.0553745928338762,0.0651607642991082,0.0,0.0,1.0,profile1d_quadratic,robust_ossm_ekf,profile1d_quadratic__kfstd,0.36,0.2,,,0.4193036623116322,0.1821275914661862,0.3220870272007723,0.4200675749776557,0.007328990228013,1.0,1.346042423785754,1.0,1.0,1.0773664879056353,0.5598306525008088,0.04999999999999999,-0.03,,,0.0,1.0,0.0
profile1d_cubic__robust_ossm_ekf,35_3,cohface_35_3,data/cohface_35_3.pkl,0.42,0.55,0.85,0.3178072608212153,5.2536416329665245,0.18,0.23,0.97,4.951763957033114,0.072748266,0.0553745928338762,0.0667382071544382,0.0,0.0,1.0,profile1d_cubic,robust_ossm_ekf,profile1d_cubic__kfstd,0.37,0.19,,,0.4193036623116322,0.1821275914661862,0.3230429162078096,0.4255173328518633,0.006514657980456,1.0,1.346042423785754,1.0,1.0,1.0772284215146857,0.5614197889064313,0.04999999999999999,-0.010000000000000009,,,0.0,1.0,0.0
of_farneback__robust_ossm_ekf,23_3,cohface_23_3,data/cohface_23_3.pkl,0.37,0.57,0.83,0.3520896563219428,4.886920762091801,0.12,0.13,0.95,9.552915132872702,0.062129218,0.0331400165700082,0.0954734346824208,0.0,0.0,1.0,of_farneback,robust_ossm_ekf,of_farneback__kfstd,0.35,0.12,,,0.6731337494519359,0.2826539753836433,0.2545416808002945,0.1908577694288761,0.004142502071251,1.0,1.5370425532289222,1.0,1.0,1.074874870113431,0.2661602110662774,0.020000000000000018,0.0,,,0.0,0.0,0.0
dof__robust_ossm_ekf,23_3,cohface_23_3,data/cohface_23_3.pkl,0.42,0.52,0.86,0.3785303380033925,5.620395309167029,0.17,0.2,0.84,8.157330560359027,0.107802816,0.236122618061309,0.1086522939579214,0.0,0.0,1.0,dof,robust_ossm_ekf,dof__kfstd,0.41,0.11,,,0.6731337494519359,0.2826539753836433,0.290783188043878,0.4155980887937391,0.0074565037282518,1.9428483019367495,1.5370425532289222,0.4444754237054365,0.1940755725381973,1.0782614861628037,0.4723852070834486,0.010000000000000009,0.06000000000000001,,,0.0,0.0,0.0
profile1d_linear__robust_ossm_ekf,23_3,cohface_23_3,data/cohface_23_3.pkl,0.67,0.83,0.65,0.5836683890817435,1.6344967213473336,0.53,0.61,0.8,6.597144424687856,0.21361001,0.1333885666942833,0.2021396623258202,0.0,0.0,1.0,profile1d_linear,robust_ossm_ekf,profile1d_linear__kfstd,0.58,0.49,,,0.6731337494519359,0.2826539753836433,0.2942763945631259,0.2954362132195376,0.0256835128417564,1.0,1.5370425532289222,1.0,1.0,1.0655555165590989,0.47796312625924897,0.09000000000000008,0.040000000000000036,,,0.0,0.0,0.0
profile1d_quadratic__robust_ossm_ekf,23_3,cohface_23_3,data/cohface_23_3.pkl,0.32,0.46,0.89,0.3088806403713393,6.719429183249743,0.08,0.11,0.95,12.896355197425224,0.14143364,0.0,0.0217146030665574,0.0,0.0,1.0,profile1d_quadratic,robust_ossm_ekf,profile1d_quadratic__kfstd,0.29,0.06,,,0.6731337494519359,0.2826539753836433,0.2387220533847479,0.2072968710003046,0.0,1.0,1.5370425532289222,1.0,1.0,1.0812588209095522,0.2579089470954852,0.030000000000000027,0.020000000000000004,,,0.0,0.0,0.0
profile1d_cubic__robust_ossm_ekf,23_3,cohface_23_3,data/cohface_23_3.pkl,0.33,0.47,0.89,0.3109480488825024,6.666069413145177,0.08,0.11,0.95,12.879442853772623,0.14279789,0.0,0.0224773527698986,0.0,0.0,1.0,profile1d_cubic,robust_ossm_ekf,profile1d_cubic__kfstd,0.29,0.06,,,0.6731337494519359,0.2826539753836433,0.2392419568618399,0.2087365901604602,0.0,1.0,1.5370425532289222,1.0,1.0,1.0811868283021318,0.2587568536797567,0.040000000000000036,0.020000000000000004,,,0.0,0.0,0.0
of_farneback__robust_ossm_ekf,7_3,cohface_7_3,data/cohface_7_3.pkl,0.41,0.54,0.86,0.3822143382998809,5.415571232595941,0.06,0.08,0.92,10.937569695470405,0.07721967,0.0,0.1198782923556874,0.0,0.0,1.0,of_farneback,robust_ossm_ekf,of_farneback__kfstd,0.41,0.06,,,0.5482574519610901,0.1156515643849853,0.2560045822447123,0.4687618325561576,0.0,1.0,1.2197379723314723,1.0,1.0,1.0724745151869544,0.3564326013911758,0.0,0.0,,,0.0,0.0,0.0
dof__robust_ossm_ekf,7_3,cohface_7_3,data/cohface_7_3.pkl,0.54,0.72,0.74,0.3816085628556789,2.878947661513984,0.35,0.39,0.85,6.519371321229854,0.1357056,0.1836228287841191,0.1945248198258501,0.0,0.0,1.0,dof,robust_ossm_ekf,dof__kfstd,0.5,0.14,,,0.5482574519610901,0.1156515643849853,0.3316354220353742,0.3906713817385,0.009925558312655,1.6516663947064252,1.2197379723314723,0.5346034611979188,0.2998246889787548,1.0697809254996475,0.47650247159516645,0.040000000000000036,0.20999999999999996,,,0.0,0.0,0.0
profile1d_linear__robust_ossm_ekf,7_3,cohface_7_3,data/cohface_7_3.pkl,0.32,0.41,0.92,0.3051073420522701,7.799074374788906,0.16,0.2,0.63,16.366895394608466,0.035413012,0.010752688172043,0.0291571297363682,0.0,0.0,1.0,profile1d_linear,robust_ossm_ekf,profile1d_linear__kfstd,0.32,0.18,,,0.5482574519610901,0.1156515643849853,0.2374687653820424,0.5425105022879794,0.0033085194375516,1.0,1.2197379723314723,1.0,1.0,1.0805369413302848,0.38562335321304353,0.0,-0.01999999999999999,,,0.0,1.0,0.0
profile1d_quadratic__robust_ossm_ekf,7_3,cohface_7_3,data/cohface_7_3.pkl,0.33,0.42,0.91,0.3238222283708615,7.632616412922319,0.06,0.09,0.93,15.639368188589334,0.07556887,0.0074441687344913,0.0318184026961673,0.0,0.0,1.0,profile1d_quadratic,robust_ossm_ekf,profile1d_quadratic__kfstd,0.34,0.07,,,0.5482574519610901,0.1156515643849853,0.2374845399259983,0.5115930242462837,0.0,1.0,1.2197379723314723,1.0,1.0,1.0802823056888842,0.3725296244499703,-0.010000000000000009,-0.010000000000000009,,,1.0,1.0,1.0
profile1d_cubic__robust_ossm_ekf,7_3,cohface_7_3,data/cohface_7_3.pkl,0.33,0.42,0.91,0.3270783153951346,7.606456658352496,0.07,0.09,0.92,15.607248032022394,0.08025447,0.0074441687344913,0.0333473664081089,0.0,0.0,1.0,profile1d_cubic,robust_ossm_ekf,profile1d_cubic__kfstd,0.34,0.07,,,0.5482574519610901,0.1156515643849853,0.2386694605631764,0.5075888611301994,0.0,1.0,1.2197379723314723,1.0,1.0,1.0801380861788212,0.3725296244499703,-0.010000000000000009,0.0,,,1.0,0.0,0.0
of_farneback__robust_ossm_ekf,12_2,cohface_12_2,data/cohface_12_2.pkl,0.51,0.69,0.77,0.3430343361421514,3.353576727137792,0.23,0.29,0.88,11.33163625746604,0.1630922,0.0412451361867704,0.1464074584451308,0.0,0.0,1.0,of_farneback,robust_ossm_ekf,of_farneback__kfstd,0.49,0.23,,,0.4937782275580523,0.1623242743380108,0.3577621623314493,0.4525407209561851,0.0046692607003891,1.0,1.3084161212422205,1.0,1.0,1.0703558759837286,0.5829237493721315,0.020000000000000018,0.0,,,0.0,0.0,0.0
dof__robust_ossm_ekf,12_2,cohface_12_2,data/cohface_12_2.pkl,0.79,0.99,0.53,0.4399129554856686,0.2273053745613296,3.94,4.25,-0.22,3.700809057334558,1.400917,0.4357976653696498,0.1566462235390825,0.0,0.0,1.0,dof,robust_ossm_ekf,dof__kfstd,0.78,4.58,,,0.4937782275580523,0.1623242743380108,0.3315153135974853,0.4544415540770529,0.0108949416342412,1.6717556932700144,1.3084161212422205,0.5246273382498027,0.2436892380729311,1.0732356889250605,0.5646845330413269,0.010000000000000009,-0.6400000000000001,,,0.0,1.0,0.0
profile1d_linear__robust_ossm_ekf,12_2,cohface_12_2,data/cohface_12_2.pkl,0.33,0.41,0.92,0.2617819286558538,7.878287253036456,0.26,0.35,0.88,12.643526830027708,0.040205516,0.0116731517509727,0.0417027565722293,0.0,0.0,1.0,profile1d_linear,robust_ossm_ekf,profile1d_linear__kfstd,0.3,0.25,,,0.4937782275580523,0.1623242743380108,0.3902346568581352,0.3839441678715353,0.0,1.0,1.3084161212422205,1.0,1.0,1.0793464381098434,0.5784789051495637,0.030000000000000027,0.010000000000000009,,,0.0,0.0,0.0
profile1d_quadratic__robust_ossm_ekf,12_2,cohface_12_2,data/cohface_12_2.pkl,0.36,0.46,0.9,0.2501908559566017,6.807237896026383,0.16,0.24,0.93,12.191919010839788,0.043164276,0.0856031128404669,0.0730607144411509,0.0,0.0,1.0,profile1d_quadratic,robust_ossm_ekf,profile1d_quadratic__kfstd,0.32,0.2,,,0.4937782275580523,0.1623242743380108,0.3619649146794393,0.3873958954902168,0.0007782101167315,1.0,1.3084161212422205,1.0,1.0,1.0764136212526776,0.5362033168086799,0.03999999999999998,-0.04000000000000001,,,0.0,1.0,0.0
profile1d_cubic__robust_ossm_ekf,12_2,cohface_12_2,data/cohface_12_2.pkl,0.36,0.47,0.89,0.2596571272313984,6.680638721921727,0.18,0.26,0.91,12.314010675104823,0.045867175,0.0785992217898832,0.0694068029510887,0.0,0.0,1.0,profile1d_cubic,robust_ossm_ekf,profile1d_cubic__kfstd,0.32,0.2,,,0.4937782275580523,0.1623242743380108,0.3591840723633319,0.378136795402349,0.003112840466926,1.0,1.3084161212422205,1.0,1.0,1.0767615908381567,0.5353282611558123,0.03999999999999998,-0.020000000000000018,,,0.0,1.0,0.0
of_farneback__robust_ossm_ekf,12_3,cohface_12_3,data/cohface_12_3.pkl,0.51,0.65,0.79,0.3495398608714291,3.819021365647113,0.89,1.93,0.58,7.102455757717287,0.23950447,0.2287104622871046,0.1696134630677098,0.0,0.0,1.0,of_farneback,robust_ossm_ekf,of_farneback__kfstd,0.51,0.89,,,0.4979690584906315,0.1622112688674735,0.392932455930582,0.4290158217011187,0.0194647201946472,1.0,1.3082014108481996,1.0,1.0,1.0682921325119026,0.6847538554533384,0.0,0.0,,,0.0,0.0,0.0
dof__robust_ossm_ekf,12_3,cohface_12_3,data/cohface_12_3.pkl,0.79,1.01,0.5,0.3683615516131197,-0.0007196802911256,2.81,2.97,-0.91,5.513879944345074,0.33689964,0.4606650446066504,0.1561846882185308,0.0,0.0,1.0,dof,robust_ossm_ekf,dof__kfstd,0.72,2.85,,,0.4979690584906315,0.1622112688674735,0.3515447694850161,0.3544473128939359,0.0024330900243309,1.7025043164782323,1.3082014108481996,0.5356590285831992,0.2565603187239163,1.0735391876216676,0.5040557847295962,0.07000000000000006,-0.040000000000000036,,,0.0,1.0,0.0
profile1d_linear__robust_ossm_ekf,12_3,cohface_12_3,data/cohface_12_3.pkl,0.35,0.42,0.91,0.2584641351092536,7.676763582915287,0.39,0.47,0.97,13.170095514262336,0.070821956,0.0697485806974858,0.0325403632714043,0.0,0.0,1.0,profile1d_linear,robust_ossm_ekf,profile1d_linear__kfstd,0.35,0.44,,,0.4979690584906315,0.1622112688674735,0.4128631379024908,0.2994420516507193,0.0,1.0,1.3082014108481996,1.0,1.0,1.0802189113663494,0.5648192408306495,0.0,-0.04999999999999999,,,0.0,1.0,0.0
profile1d_quadratic__robust_ossm_ekf,12_3,cohface_12_3,data/cohface_12_3.pkl,0.4,0.52,0.86,0.2845984199864343,5.635912288768084,0.31,0.51,0.96,10.96936598209146,0.08270109,0.1930251419302514,0.0735473929455232,0.0,0.0,1.0,profile1d_quadratic,robust_ossm_ekf,profile1d_quadratic__kfstd,0.36,0.3,,,0.4979690584906315,0.1622112688674735,0.370410204035398,0.3631280828984567,0.0048661800486618,1.0,1.3082014108481996,1.0,1.0,1.0764623146431371,0.5504213056675102,0.040000000000000036,0.010000000000000009,,,0.0,0.0,0.0
profile1d_cubic__robust_ossm_ekf,12_3,cohface_12_3,data/cohface_12_3.pkl,0.4,0.53,0.86,0.2843455871008889,5.581502315916087,0.31,0.5,0.97,11.057759845265842,0.08455613,0.194647201946472,0.076561360445271,0.0,0.0,1.0,profile1d_cubic,robust_ossm_ekf,profile1d_cubic__kfstd,0.36,0.29,,,0.4979690584906315,0.1622112688674735,0.3688809089312176,0.3659313441830256,0.0024330900243309,1.0,1.3082014108481996,1.0,1.0,1.0761881372416806,0.5398795665716587,0.040000000000000036,0.020000000000000018,,,0.0,0.0,0.0
of_farneback__robust_ossm_ekf,35_2,cohface_35_2,data/cohface_35_2.pkl,0.57,0.69,0.76,0.3906275247572861,3.2751672330336485,1.23,2.62,-0.62,4.841406425475569,0.1998587,0.0904645476772616,0.167068020647784,0.0,0.0,1.0,of_farneback,robust_ossm_ekf,of_farneback__kfstd,0.56,1.22,,,0.4299323516523589,0.1936102166131022,0.3405454386776947,0.4181404427335106,0.0154849225753871,1.0,1.367859411564894,1.0,1.0,1.0685241311403522,0.6258025813082706,0.009999999999999898,0.010000000000000009,,,0.0,0.0,0.0
dof__robust_ossm_ekf,35_2,cohface_35_2,data/cohface_35_2.pkl,0.45,0.56,0.84,0.3364763748256505,5.094607512248217,0.23,0.27,0.69,11.887220094339366,0.03038865,0.3471882640586797,0.1102215525063779,0.0,0.0,1.0,dof,robust_ossm_ekf,dof__kfstd,0.48,0.19,,,0.4299323516523589,0.1936102166131022,0.3000937528419751,0.4368191054666424,0.0040749796251018,2.075353030499452,1.367859411564894,0.3513398303226287,0.139138490037088,1.077635730263736,0.5238386772448788,-0.02999999999999997,0.04000000000000001,,,1.0,0.0,0.0
profile1d_linear__robust_ossm_ekf,35_2,cohface_35_2,data/cohface_35_2.pkl,0.78,0.96,0.54,0.5128143846637059,0.3937995408666335,2.71,3.81,-0.65,2.743920833143198,0.35284433,0.1222493887530562,0.1930035940924074,0.0,0.0,1.0,profile1d_linear,robust_ossm_ekf,profile1d_linear__kfstd,0.76,3.2,,,0.4299323516523589,0.1936102166131022,0.417184721342463,0.3099657478771864,0.0268948655256723,1.0,1.367859411564894,1.0,1.0,1.0663989509693592,0.7292811141643959,0.020000000000000018,-0.4900000000000002,,,0.0,1.0,0.0
profile1d_quadratic__robust_ossm_ekf,35_2,cohface_35_2,data/cohface_35_2.pkl,0.35,0.46,0.9,0.2970223877594166,6.868383286116748,0.18,0.2,0.84,8.545034015723735,0.0519057,0.0570497147514262,0.0570004756383943,0.0,0.0,1.0,profile1d_quadratic,robust_ossm_ekf,profile1d_quadratic__kfstd,0.31,0.18,,,0.4299323516523589,0.1936102166131022,0.2948359683683597,0.395725836839118,0.0057049714751426,1.0,1.367859411564894,1.0,1.0,1.0780153773787011,0.49727450700007475,0.03999999999999998,0.0,,,0.0,0.0,0.0
profile1d_cubic__robust_ossm_ekf,35_2,cohface_35_2,data/cohface_35_2.pkl,0.37,0.47,0.89,0.3039315824019521,6.662948670386321,0.19,0.21,0.8,8.581091459332018,0.05001,0.0570497147514262,0.05790100855873,0.0,0.0,1.0,profile1d_cubic,robust_ossm_ekf,profile1d_cubic__kfstd,0.32,0.18,,,0.4299323516523589,0.1936102166131022,0.291202433267088,0.3934704669387003,0.0040749796251018,1.0,1.367859411564894,1.0,1.0,1.077932365410284,0.4834045527108339,0.04999999999999999,0.010000000000000009,,,0.0,0.0,0.0
of_farneback__robust_ossm_ekf,6_3,cohface_6_3,data/cohface_6_3.pkl,0.47,0.6,0.82,0.4060923107883279,4.5311242509665925,0.47,0.88,0.73,4.540617165105689,0.02648262,0.0,0.2351828971088456,0.0,0.0,1.0,of_farneback,robust_ossm_ekf,of_farneback__kfstd,0.45,0.48,,,0.4543280870095015,0.1732223437162512,0.3225716079539649,0.1909831052112962,0.0132560066280033,1.0,1.3291224530608772,1.0,1.0,1.06409661337803,0.428170587063314,0.019999999999999962,-0.010000000000000009,,,0.0,1.0,0.0
dof__robust_ossm_ekf,6_3,cohface_6_3,data/cohface_6_3.pkl,0.85,1.06,0.47,0.4488447508325026,-0.9858216144633142,3.44,4.16,-0.23,3.3340986888043425,0.3301198,0.4763877381938691,0.193052517594774,0.0,0.0,1.0,dof,robust_ossm_ekf,dof__kfstd,0.89,4.05,,,0.4543280870095015,0.1732223437162512,0.318545737410959,0.4605704933037033,0.0049710024855012,1.6595634299427846,1.3291224530608772,0.5109713756996501,0.255823884208157,1.0704627682805352,0.5474039930328318,-0.040000000000000036,-0.6099999999999999,,,1.0,1.0,1.0
profile1d_linear__robust_ossm_ekf,6_3,cohface_6_3,data/cohface_6_3.pkl,0.92,1.11,0.46,0.6476682202652162,-0.6657802464965544,1.74,1.95,0.41,-0.1893327154760334,0.55013084,0.2104391052195526,0.1969003744108525,0.0,0.0,1.0,profile1d_linear,robust_ossm_ekf,profile1d_linear__kfstd,0.92,2.83,,,0.4543280870095015,0.1732223437162512,0.3462131243306041,0.3572235920557494,0.0173985086992543,1.0,1.3291224530608772,1.0,1.0,1.0659610936790254,0.5821003807289276,0.0,-1.09,,,0.0,1.0,0.0
profile1d_quadratic__robust_ossm_ekf,6_3,cohface_6_3,data/cohface_6_3.pkl,0.48,0.6,0.82,0.3998225438064441,4.544508341796063,0.64,0.89,0.8,5.930499764708153,0.062090486,0.0364540182270091,0.04963862690363,0.0,0.0,1.0,profile1d_quadratic,robust_ossm_ekf,profile1d_quadratic__kfstd,0.46,0.69,,,0.4543280870095015,0.1732223437162512,0.2984520834411799,0.2081684000368452,0.0057995028997514,1.0,1.3291224530608772,1.0,1.0,1.078646073616161,0.3683506620013195,0.019999999999999962,-0.04999999999999993,,,0.0,1.0,0.0
profile1d_cubic__robust_ossm_ekf,6_3,cohface_6_3,data/cohface_6_3.pkl,0.5,0.62,0.81,0.4196634968600821,4.258749597442495,0.66,0.92,0.79,5.690372402151547,0.0686034,0.0546810273405136,0.0571783395056209,0.0,0.0,1.0,profile1d_cubic,robust_ossm_ekf,profile1d_cubic__kfstd,0.48,0.7,,,0.4543280870095015,0.1732223437162512,0.3015213712342575,0.1998745962633259,0.0057995028997514,1.0,1.3291224530608772,1.0,1.0,1.0779522923012368,0.3686111335752532,0.020000000000000018,-0.039999999999999925,,,0.0,1.0,0.0
of_farneback__robust_ossm_ekf,34_1,cohface_34_1,data/cohface_34_1.pkl,0.46,0.57,0.83,0.4133543271403345,4.760954593537978,0.26,0.35,0.96,8.408626542071978,0.11120383,0.0351020408163265,0.1364390602333863,0.0,0.0,1.0,of_farneback,robust_ossm_ekf,of_farneback__kfstd,0.46,0.26,,,0.7719818822250797,0.1610367667823316,0.2775690977796953,0.1114927970116476,0.0057142857142857,1.0,1.3059698568864302,1.0,1.0,1.0719983487527605,0.13512426679208273,0.0,0.0,,,0.0,0.0,0.0
dof__robust_ossm_ekf,34_1,cohface_34_1,data/cohface_34_1.pkl,0.72,0.87,0.62,0.4595311879056709,1.0526169578724858,0.43,0.54,0.88,5.098117610902968,0.06593974,0.0718367346938775,0.1737686262558727,0.0,0.0,1.0,dof,robust_ossm_ekf,dof__kfstd,0.64,0.51,,,0.7719818822250797,0.1610367667823316,0.3379465050842002,0.3407145229726461,0.0073469387755102,1.7260014882702417,1.3059698568864302,0.5841908821960885,0.2900193907491359,1.0723438211662302,0.37779322361645246,0.07999999999999996,-0.08000000000000002,,,0.0,1.0,0.0
profile1d_linear__robust_ossm_ekf,34_1,cohface_34_1,data/cohface_34_1.pkl,0.55,0.77,0.7,0.451714217013377,2.2363954841364,0.21,0.33,0.96,5.019350509662606,0.11733483,0.1469387755102041,0.1876763315979173,0.0,0.0,1.0,profile1d_linear,robust_ossm_ekf,profile1d_linear__kfstd,0.48,0.22,,,0.7719818822250797,0.1610367667823316,0.2914854361333331,0.1088345913771962,0.0114285714285714,1.0,1.3059698568864302,1.0,1.0,1.067985564627289,0.17950129879106203,0.07000000000000006,-0.010000000000000009,,,0.0,1.0,0.0
profile1d_quadratic__robust_ossm_ekf,34_1,cohface_34_1,data/cohface_34_1.pkl,0.44,0.55,0.85,0.3550538827708273,5.148568096125908,0.3,0.51,0.88,8.820038614236633,0.0854874,0.0236734693877551,0.04021802710658,0.0,0.0,1.0,profile1d_quadratic,robust_ossm_ekf,profile1d_quadratic__kfstd,0.42,0.22,,,0.7719818822250797,0.1610367667823316,0.2744611843677861,0.109591341353788,0.0040816326530612,1.0,1.3059698568864302,1.0,1.0,1.079613510968417,0.12233330854845416,0.020000000000000018,0.07999999999999999,,,0.0,0.0,0.0
profile1d_cubic__robust_ossm_ekf,34_1,cohface_34_1,data/cohface_34_1.pkl,0.45,0.56,0.84,0.3585540778986161,4.999350901570364,0.31,0.52,0.87,8.713714246240034,0.086995244,0.0228571428571428,0.0423658635316557,0.0,0.0,1.0,profile1d_cubic,robust_ossm_ekf,profile1d_cubic__kfstd,0.42,0.21,,,0.7719818822250797,0.1610367667823316,0.2758330687227635,0.1112232932256719,0.0040816326530612,1.0,1.3059698568864302,1.0,1.0,1.0794212845819928,0.12559410385555334,0.030000000000000027,0.1,,,0.0,0.0,0.0
of_farneback__robust_ossm_ekf,14_0,cohface_14_0,data/cohface_14_0.pkl,0.71,0.91,0.59,0.5344027636928602,0.795282671762842,1.04,2.07,0.15,4.472087274788038,0.23532945,0.0520833333333333,0.4553567739096039,0.0,0.0,1.0,of_farneback,robust_ossm_ekf,of_farneback__kfstd,0.7,1.03,,,0.4893538609536204,0.3254479765917292,0.321810361055953,0.3689242598735443,0.0096153846153846,1.0,1.6183511555242858,0.9967948717948718,0.9967948717948718,1.0599016294398105,0.6128607427064288,0.010000000000000009,0.010000000000000009,,,0.0,0.0,0.0
dof__robust_ossm_ekf,14_0,cohface_14_0,data/cohface_14_0.pkl,0.77,0.95,0.56,0.4032900324260928,0.3615383506709021,1.24,1.88,0.49,2.479665753713909,0.35552698,0.250801282051282,0.1376662672384918,0.0,0.0,1.0,dof,robust_ossm_ekf,dof__kfstd,0.67,0.97,,,0.4893538609536204,0.3254479765917292,0.3294750370465403,0.4481128229881776,0.0024038461538461,1.6730133231125508,1.6183511555242858,0.5299158527732475,0.2421232460330222,1.075201957020473,0.6438059454177866,0.09999999999999998,0.27,,,0.0,0.0,0.0
profile1d_linear__robust_ossm_ekf,14_0,cohface_14_0,data/cohface_14_0.pkl,0.51,0.69,0.76,0.4655819222533819,3.280695915564673,0.59,1.79,0.73,9.02793420306048,0.09010916,0.0913461538461538,0.1228619468062039,0.0,0.0,1.0,profile1d_linear,robust_ossm_ekf,profile1d_linear__kfstd,0.42,0.6,,,0.4893538609536204,0.3254479765917292,0.260932758846869,0.5400347665000993,0.0104166666666666,1.0,1.6183511555242858,1.0,1.0,1.0726909973969758,0.5928694977827805,0.09000000000000002,-0.010000000000000009,,,0.0,1.0,0.0
profile1d_quadratic__robust_ossm_ekf,14_0,cohface_14_0,data/cohface_14_0.pkl,0.37,0.66,0.78,0.3373951813542989,3.638141217529387,0.59,1.75,0.76,13.679540103637876,0.17089131,0.0280448717948717,0.0474364230762408,0.0,0.0,1.0,profile1d_quadratic,robust_ossm_ekf,profile1d_quadratic__kfstd,0.33,0.59,,,0.4893538609536204,0.3254479765917292,0.2258840567263825,0.4832849817542831,0.0032051282051282,1.0,1.6183511555242858,1.0,1.0,1.07885543582381,0.540542723999319,0.03999999999999998,0.0,,,0.0,0.0,0.0
profile1d_cubic__robust_ossm_ekf,14_0,cohface_14_0,data/cohface_14_0.pkl,0.38,0.67,0.77,0.3453520675883146,3.5352716486554305,0.59,1.75,0.76,13.497191469480171,0.16180009,0.0296474358974358,0.0490655741785456,0.0,0.0,1.0,profile1d_cubic,robust_ossm_ekf,profile1d_cubic__kfstd,0.34,0.6,,,0.4893538609536204,0.3254479765917292,0.2265604134301958,0.4818010527048514,0.0032051282051282,1.0,1.6183511555242858,1.0,1.0,1.0787090726279798,0.539668780492539,0.03999999999999998,-0.010000000000000009,,,0.0,1.0,0.0
of_farneback__robust_ossm_ekf,29_1,cohface_29_1,data/cohface_29_1.pkl,0.52,0.65,0.79,0.4373383376853562,3.794964636813875,0.07,0.09,0.98,15.723095515850408,0.10739031,0.0089795918367346,0.2676375892179291,0.0,0.0,1.0,of_farneback,robust_ossm_ekf,of_farneback__kfstd,0.51,0.07,,,0.6235130971348364,0.2313384428019545,0.3331798085127713,0.432747186211413,0.0195918367346938,1.0,1.4395430413237138,1.0,1.0,1.0601933529031624,0.585089792002488,0.010000000000000009,0.0,,,0.0,0.0,0.0
dof__robust_ossm_ekf,29_1,cohface_29_1,data/cohface_29_1.pkl,0.47,0.57,0.84,0.4071836392021806,5.009169245199217,0.16,0.21,0.85,15.79607057404353,0.2757647,0.0,0.0493014031072594,0.0,0.0,1.0,dof,robust_ossm_ekf,dof__kfstd,0.47,0.19,,,0.6235130971348364,0.2313384428019545,0.3246488330050606,0.4456302481458373,0.0024489795918367,1.8643715992766683,1.4395430413237138,0.5045836457005248,0.1207091744036598,1.0835682916842784,0.5105325226213996,0.0,-0.03,,,0.0,1.0,0.0
profile1d_linear__robust_ossm_ekf,29_1,cohface_29_1,data/cohface_29_1.pkl,0.46,0.6,0.82,0.3426866861604641,4.490078523119117,0.25,0.3,0.59,10.198665216760944,0.04883773,0.0661224489795918,0.1539628202423481,0.0,0.0,1.0,profile1d_linear,robust_ossm_ekf,profile1d_linear__kfstd,0.38,0.23,,,0.6235130971348364,0.2313384428019545,0.3349122302487518,0.3976140826639954,0.0032653061224489,1.0,1.4395430413237138,1.0,1.0,1.0696230775915143,0.5026890387684042,0.08000000000000002,0.01999999999999999,,,0.0,0.0,0.0
profile1d_quadratic__robust_ossm_ekf,29_1,cohface_29_1,data/cohface_29_1.pkl,0.4,0.49,0.88,0.3542479007633705,6.257303950999634,0.12,0.14,0.92,16.73803675468495,0.010983985,0.0620408163265306,0.2006731085847677,0.0,0.0,1.0,profile1d_quadratic,robust_ossm_ekf,profile1d_quadratic__kfstd,0.32,0.11,,,0.6235130971348364,0.2313384428019545,0.3416508249720572,0.4292888263700495,0.0204081632653061,1.0,1.4395430413237138,1.0,1.0,1.0651041517125777,0.6004835829554357,0.08000000000000002,0.009999999999999995,,,0.0,0.0,0.0
profile1d_cubic__robust_ossm_ekf,29_1,cohface_29_1,data/cohface_29_1.pkl,0.39,0.48,0.89,0.3420344220936854,6.49494426457534,0.09,0.11,0.95,16.211903795210556,0.014695935,0.0644897959183673,0.2061616984596159,0.0,0.0,1.0,profile1d_cubic,robust_ossm_ekf,profile1d_cubic__kfstd,0.31,0.09,,,0.6235130971348364,0.2313384428019545,0.3407672407849503,0.4436717742999277,0.0220408163265306,1.0,1.4395430413237138,1.0,1.0,1.0646676460107936,0.6139344715244903,0.08000000000000002,0.0,,,0.0,0.0,0.0
of_farneback__robust_ossm_ekf,16_0,cohface_16_0,data/cohface_16_0.pkl,0.6,0.76,0.69,0.4135267543531305,2.410331440510033,0.3,0.33,0.65,7.437717641126545,0.122115985,0.3660714285714285,0.9117878624738396,0.0,1.0,0.0,of_farneback,robust_ossm_ekf,of_farneback__kfstd,0.6,0.31,,,0.7854513216668645,0.2377617064206287,0.3962393928209051,0.4610204981132585,0.023538961038961,1.0,1.4517472421991946,0.9918831168831168,0.9918831168831168,1.0461374802444423,0.6603567846091962,0.0,-0.010000000000000009,,,0.0,1.0,0.0
dof__robust_ossm_ekf,16_0,cohface_16_0,data/cohface_16_0.pkl,0.8,0.99,0.59,0.4620447732064129,1.6457980896441038,3.51,4.91,-0.23,7.507608381709396,0.27974993,0.3133116883116883,0.1610180834998037,0.0,0.0,1.0,dof,robust_ossm_ekf,dof__kfstd,0.85,2.81,,,0.7854513216668645,0.2377617064206287,0.3443227792050823,0.5146106003325241,0.0040584415584415,1.6186626931877524,1.4517472421991946,0.631734369034367,0.2598721126452536,1.0729767857019583,0.5208808538086608,-0.04999999999999993,0.6999999999999997,,,1.0,0.0,0.0
profile1d_linear__robust_ossm_ekf,16_0,cohface_16_0,data/cohface_16_0.pkl,0.55,0.77,0.7,0.4105547165507836,2.4067834716249625,0.25,0.28,0.67,10.583821466374506,0.048923768,0.484577922077922,0.1998582381775206,0.0,0.0,1.0,profile1d_linear,robust_ossm_ekf,profile1d_linear__kfstd,0.46,0.28,,,0.7854513216668645,0.2377617064206287,0.3928604750422859,0.4441324769485749,0.0137987012987012,1.0,1.4517472421991946,1.0,1.0,1.0661153084819832,0.6061988753918358,0.09000000000000002,-0.030000000000000027,,,0.0,1.0,0.0
profile1d_quadratic__robust_ossm_ekf,16_0,cohface_16_0,data/cohface_16_0.pkl,0.43,0.59,0.83,0.33962659667217,4.709920473575831,0.14,0.18,0.89,12.50079817870122,0.010433023,0.4439935064935065,0.1636760048117232,0.0,0.0,1.0,profile1d_quadratic,robust_ossm_ekf,profile1d_quadratic__kfstd,0.4,0.19,,,0.7854513216668645,0.2377617064206287,0.4075294307625193,0.4258662447194825,0.0324675324675324,1.0,1.4517472421991946,1.0,1.0,1.0684572100068688,0.665421140623333,0.02999999999999997,-0.04999999999999999,,,0.0,1.0,0.0
profile1d_cubic__robust_ossm_ekf,16_0,cohface_16_0,data/cohface_16_0.pkl,0.44,0.59,0.82,0.3422527605679011,4.620988038135199,0.15,0.19,0.86,12.351156600811937,0.011750305,0.4155844155844156,0.1588077625901028,0.0,0.0,1.0,profile1d_cubic,robust_ossm_ekf,profile1d_cubic__kfstd,0.4,0.19,,,0.7854513216668645,0.2377617064206287,0.4060124796061671,0.4309772317280432,0.0251623376623376,1.0,1.4517472421991946,1.0,1.0,1.0688819717788096,0.6654703023735917,0.03999999999999998,-0.04000000000000001,,,0.0,1.0,0.0
of_farneback__robust_ossm_ekf,6_0,cohface_6_0,data/cohface_6_0.pkl,0.28,0.37,0.93,0.2821169087352363,8.56621320253193,0.05,0.08,1.0,11.93830791046118,0.008507258,0.0,0.0329390448485547,0.0,0.0,1.0,of_farneback,robust_ossm_ekf,of_farneback__kfstd,0.28,0.05,,,0.4683923578070926,0.1714592171917661,0.2953490781310531,0.0081519075294019,0.0,1.0,1.3257725126643556,1.0,1.0,1.0802573876687596,0.256632738975801,0.0,0.0,,,0.0,0.0,0.0
dof__robust_ossm_ekf,6_0,cohface_6_0,data/cohface_6_0.pkl,0.89,1.14,0.35,0.6205668737265199,-1.1296604008767357,7.13,7.68,-0.14,4.154045383876802,1.2907727,0.3443708609271523,0.1289868961037411,0.0,0.0,1.0,dof,robust_ossm_ekf,dof__kfstd,0.88,6.59,,,0.4683923578070926,0.1714592171917661,0.3273647472652479,0.338564089537787,0.0008278145695364,1.7108896063755603,1.3257725126643556,0.4928763874169944,0.2463905603334123,1.075943274150517,0.46681002196543564,0.010000000000000009,0.54,,,0.0,0.0,0.0
profile1d_linear__robust_ossm_ekf,6_0,cohface_6_0,data/cohface_6_0.pkl,0.23,0.34,0.94,0.23720562484821,9.535362572695686,0.11,0.13,0.97,15.755165906166068,0.014942147,0.0,0.0089143925374483,0.0,0.0,1.0,profile1d_linear,robust_ossm_ekf,profile1d_linear__kfstd,0.23,0.08,,,0.4683923578070926,0.1714592171917661,0.2950910797180308,0.0042708150628335,0.0,1.0,1.3257725126643556,1.0,1.0,1.0824745965942184,0.2562002589325958,0.0,0.03,,,0.0,0.0,0.0
profile1d_quadratic__robust_ossm_ekf,6_0,cohface_6_0,data/cohface_6_0.pkl,0.22,0.31,0.95,0.2151172690660784,10.20137897487108,0.04,0.06,0.99,15.45474333349388,0.023128403,0.0,0.0092954598328035,0.0,0.0,1.0,profile1d_quadratic,robust_ossm_ekf,profile1d_quadratic__kfstd,0.23,0.06,,,0.4683923578070926,0.1714592171917661,0.2992793269283422,0.0061827377860046,0.0,1.0,1.3257725126643556,1.0,1.0,1.0824361355391947,0.2632209739565788,-0.010000000000000009,-0.019999999999999997,,,1.0,1.0,1.0
profile1d_cubic__robust_ossm_ekf,6_0,cohface_6_0,data/cohface_6_0.pkl,0.23,0.32,0.95,0.223258289061165,9.861908937290051,0.05,0.07,0.99,15.528696803250728,0.022070324,0.0,0.0095947096539734,0.0,0.0,1.0,profile1d_cubic,robust_ossm_ekf,profile1d_cubic__kfstd,0.24,0.07,,,0.4683923578070926,0.1714592171917661,0.3009373852366135,0.0063687927684572,0.0,1.0,1.3257725126643556,1.0,1.0,1.0824075773827948,0.266000359769064,-0.009999999999999981,-0.020000000000000004,,,1.0,1.0,1.0
of_farneback__robust_ossm_ekf,20_2,cohface_20_2,data/cohface_20_2.pkl,0.3,0.38,0.93,0.2772407173527191,8.351290676960328,0.06,0.08,0.98,12.777834225446918,0.0120424,0.0,0.1019766156489735,0.0,0.0,1.0,of_farneback,robust_ossm_ekf,of_farneback__kfstd,0.29,0.06,,,0.6222623236870205,0.2120941443559918,0.2690598173350129,0.3114196000385162,0.0,1.0,1.4029788742763842,1.0,1.0,1.073984825783897,0.3152108686062821,0.010000000000000009,0.0,,,0.0,0.0,0.0
dof__robust_ossm_ekf,20_2,cohface_20_2,data/cohface_20_2.pkl,0.37,0.48,0.89,0.3279978418032538,6.393350083901695,0.37,0.49,0.85,10.12427306821604,0.04392851,0.1975206611570248,0.0884490847914036,0.0,0.0,1.0,dof,robust_ossm_ekf,dof__kfstd,0.34,0.28,,,0.6222623236870205,0.2120941443559918,0.2893845677096576,0.3592155598541164,0.0016528925619834,1.9191857103815584,1.4029788742763842,0.4395132844380995,0.1885335335221894,1.0797524042709217,0.38397138784140467,0.02999999999999997,0.08999999999999997,,,0.0,0.0,0.0
profile1d_linear__robust_ossm_ekf,20_2,cohface_20_2,data/cohface_20_2.pkl,0.6,0.76,0.71,0.5397002347126719,2.3967673923282677,0.25,0.33,0.84,5.409471873563701,0.2048157,0.0925619834710743,0.2185295803463057,0.0,0.0,1.0,profile1d_linear,robust_ossm_ekf,profile1d_linear__kfstd,0.5,0.27,,,0.6222623236870205,0.2120941443559918,0.309966390709498,0.284652077736842,0.0223140495867768,1.0,1.4029788742763842,1.0,1.0,1.0648739299585792,0.45632732112585905,0.09999999999999998,-0.020000000000000018,,,0.0,1.0,0.0
profile1d_quadratic__robust_ossm_ekf,20_2,cohface_20_2,data/cohface_20_2.pkl,0.28,0.37,0.93,0.2569879382745883,8.74407476865689,0.06,0.08,0.99,14.855422455355564,0.007057585,0.0,0.0353748522466363,0.0,0.0,1.0,profile1d_quadratic,robust_ossm_ekf,profile1d_quadratic__kfstd,0.27,0.09,,,0.6222623236870205,0.2120941443559918,0.2685374196855843,0.329899532513947,0.0,1.0,1.4029788742763842,1.0,1.0,1.0799557119839065,0.32521872955145437,0.010000000000000009,-0.03,,,0.0,1.0,0.0
profile1d_cubic__robust_ossm_ekf,20_2,cohface_20_2,data/cohface_20_2.pkl,0.28,0.37,0.93,0.2571464833811712,8.7500394098858,0.06,0.08,0.99,14.825286491066189,0.0067896238,0.0,0.0363915699620588,0.0,0.0,1.0,profile1d_cubic,robust_ossm_ekf,profile1d_cubic__kfstd,0.27,0.09,,,0.6222623236870205,0.2120941443559918,0.2695163746762738,0.3338022690246351,0.0,1.0,1.4029788742763842,1.0,1.0,1.0798601109912345,0.32915821482535323,0.010000000000000009,-0.03,,,0.0,1.0,0.0
of_farneback__robust_ossm_ekf,5_0,cohface_5_0,data/cohface_5_0.pkl,0.72,0.87,0.63,0.4583978128688215,1.315086411090182,0.34,0.38,0.98,6.752498620643853,0.38701007,0.3132231404958677,0.3769617746390976,0.0,0.0,1.0,of_farneback,robust_ossm_ekf,of_farneback__kfstd,0.72,0.34,,,0.3678372270371297,0.2657406745547142,0.4039330204195705,0.4973194304985878,0.0256198347107438,1.0,1.504907281653957,1.0,1.0,1.0558246834118123,0.8954280823797306,0.0,0.0,,,0.0,0.0,0.0
dof__robust_ossm_ekf,5_0,cohface_5_0,data/cohface_5_0.pkl,0.83,1.12,0.39,0.5083923570670936,-0.8949322215634008,4.96,6.2,-0.69,6.010246051204077,1.1889181,0.2413223140495868,0.1169476865113316,0.0,0.0,1.0,dof,robust_ossm_ekf,dof__kfstd,0.9,5.6,,,0.3678372270371297,0.2657406745547142,0.3287809964547047,0.367497358501786,0.0008264462809917,1.6708994485758244,1.504907281653957,0.4876283317696412,0.2329043289597076,1.0770299716598355,0.5962649917632887,-0.07000000000000006,-0.6399999999999997,,,1.0,1.0,1.0
profile1d_linear__robust_ossm_ekf,5_0,cohface_5_0,data/cohface_5_0.pkl,0.68,0.9,0.59,0.4884422169735997,0.991128532424428,0.23,0.25,0.95,10.612051218314374,0.19737652,0.4132231404958678,0.1242686034996592,0.0,0.0,1.0,profile1d_linear,robust_ossm_ekf,profile1d_linear__kfstd,0.51,0.17,,,0.3678372270371297,0.2657406745547142,0.424346743402564,0.3366572296940583,0.0223140495867768,1.0,1.504907281653957,1.0,1.0,1.0725058308156277,0.8233368024840297,0.17000000000000004,0.06,,,0.0,0.0,0.0
profile1d_quadratic__robust_ossm_ekf,5_0,cohface_5_0,data/cohface_5_0.pkl,0.36,0.49,0.88,0.2829845053764271,6.3316078302796495,0.15,0.19,0.99,11.789066787134711,0.041246336,0.1628099173553719,0.055665911832277,0.0,0.0,1.0,profile1d_quadratic,robust_ossm_ekf,profile1d_quadratic__kfstd,0.3,0.14,,,0.3678372270371297,0.2657406745547142,0.3781799466982795,0.3560102697285557,0.0049586776859504,1.0,1.504907281653957,1.0,1.0,1.0780873242188354,0.6886603769706139,0.06,0.009999999999999981,,,0.0,0.0,0.0
profile1d_cubic__robust_ossm_ekf,5_0,cohface_5_0,data/cohface_5_0.pkl,0.37,0.5,0.88,0.2856092697749117,6.153950195226212,0.15,0.2,0.99,11.706170901637616,0.042859305,0.1851239669421487,0.0581279308943075,0.0,0.0,1.0,profile1d_cubic,robust_ossm_ekf,profile1d_cubic__kfstd,0.3,0.15,,,0.3678372270371297,0.2657406745547142,0.3790064353456984,0.3648033006273883,0.0041322314049586,1.0,1.504907281653957,1.0,1.0,1.0778599602584176,0.6919536421133222,0.07,0.0,,,0.0,0.0,0.0
of_farneback__robust_ossm_ekf,18_2,cohface_18_2,data/cohface_18_2.pkl,0.77,0.98,0.51,0.6603978834652815,0.1712431864310523,0.43,0.48,0.84,1.641235164303969,0.38882318,0.0505709624796084,0.4417278412351788,0.0,0.0,1.0,of_farneback,robust_ossm_ekf,of_farneback__kfstd,0.74,0.44,,,0.5171221244189723,0.2076038765305994,0.3841822333705835,0.2300649766202962,0.0122349102773246,1.0,1.3944473654081389,0.9934747145187602,0.9934747145187602,1.0649895373386014,0.549181736878672,0.030000000000000027,-0.010000000000000009,,,0.0,1.0,0.0
dof__robust_ossm_ekf,18_2,cohface_18_2,data/cohface_18_2.pkl,0.66,0.97,0.53,0.4925273955981136,0.2181827750746397,2.5,4.26,-0.57,8.896670439702403,0.19329756,0.231647634584013,0.1835277490548023,0.0,0.0,1.0,dof,robust_ossm_ekf,dof__kfstd,0.54,0.38,,,0.5171221244189723,0.2076038765305994,0.3492391945942465,0.3499773182925125,0.0032626427406199,1.6353596850218652,1.3944473654081389,0.5586401767916997,0.2624247908985467,1.0712633002700105,0.5257196637068043,0.12,2.12,,,0.0,0.0,0.0
profile1d_linear__robust_ossm_ekf,18_2,cohface_18_2,data/cohface_18_2.pkl,0.88,1.06,0.43,0.651581730519769,-0.5276864511683429,3.16,4.68,0.87,2.178948024131831,0.46825948,0.097879282218597,0.1781988207111383,0.0,0.0,1.0,profile1d_linear,robust_ossm_ekf,profile1d_linear__kfstd,0.85,1.13,,,0.5171221244189723,0.2076038765305994,0.3898790079439668,0.3164954513872322,0.0391517128874388,1.0,1.3944473654081389,1.0,1.0,1.067563740789617,0.6612128169100686,0.030000000000000027,2.0300000000000002,,,0.0,0.0,0.0
profile1d_quadratic__robust_ossm_ekf,18_2,cohface_18_2,data/cohface_18_2.pkl,0.52,0.68,0.77,0.4511558985738193,3.369253226120965,0.23,0.32,0.96,5.053856730640508,0.19579518,0.0040783034257748,0.0759965288205979,0.0,0.0,1.0,profile1d_quadratic,robust_ossm_ekf,profile1d_quadratic__kfstd,0.45,0.28,,,0.5171221244189723,0.2076038765305994,0.3178467921335431,0.1489080259126543,0.0081566068515497,1.0,1.3944473654081389,1.0,1.0,1.07624305824209,0.37404763660002666,0.07,-0.05000000000000002,,,0.0,1.0,0.0
profile1d_cubic__robust_ossm_ekf,18_2,cohface_18_2,data/cohface_18_2.pkl,0.52,0.69,0.77,0.4456842157659926,3.298349134424881,0.24,0.35,0.94,5.264282221913037,0.19650052,0.0016313213703099,0.0679586718375309,0.0,0.0,1.0,profile1d_cubic,robust_ossm_ekf,profile1d_cubic__kfstd,0.46,0.29,,,0.5171221244189723,0.2076038765305994,0.3141701044536774,0.1620647527776996,0.0065252854812398,1.0,1.3944473654081389,1.0,1.0,1.076965575569259,0.36917686736155214,0.06,-0.04999999999999999,,,0.0,1.0,0.0
of_farneback__robust_ossm_ekf,38_2,cohface_38_2,data/cohface_38_2.pkl,0.37,0.58,0.83,0.3621655326676938,4.681476734728469,0.06,0.09,0.99,12.004513121746806,0.013206184,0.0253378378378378,0.1257874687320714,0.0,0.0,1.0,of_farneback,robust_ossm_ekf,of_farneback__kfstd,0.32,0.07,,,0.5910149745378657,0.1642316448733745,0.2482303211780843,0.2371034453102133,0.0025337837837837,1.0,1.3120401252594118,1.0,1.0,1.072503991760094,0.23396094645941026,0.04999999999999999,-0.010000000000000009,,,0.0,1.0,0.0
dof__robust_ossm_ekf,38_2,cohface_38_2,data/cohface_38_2.pkl,0.51,0.66,0.78,0.4107400672989053,3.6394161664506894,0.46,0.51,0.72,10.38576289167622,0.014818583,0.1393581081081081,0.106611490935937,0.0,0.0,1.0,dof,robust_ossm_ekf,dof__kfstd,0.45,0.44,,,0.5910149745378657,0.1642316448733745,0.2983652877901195,0.4026362201694957,0.0067567567567567,1.817714747002473,1.3120401252594118,0.4725339348987143,0.2227849114916977,1.0780464148687738,0.4231620471957099,0.06,0.020000000000000018,,,0.0,0.0,0.0
profile1d_linear__robust_ossm_ekf,38_2,cohface_38_2,data/cohface_38_2.pkl,0.38,0.47,0.89,0.3372381944188594,6.539522950526361,0.37,0.49,0.96,9.210742793636012,0.045686293,0.0,0.0354487494451041,0.0,0.0,1.0,profile1d_linear,robust_ossm_ekf,profile1d_linear__kfstd,0.33,0.3,,,0.5910149745378657,0.1642316448733745,0.2898160886928766,0.2548536579916599,0.0,1.0,1.3120401252594118,1.0,1.0,1.0799688806908236,0.29505581585475027,0.04999999999999999,0.07,,,0.0,0.0,0.0
profile1d_quadratic__robust_ossm_ekf,38_2,cohface_38_2,data/cohface_38_2.pkl,0.38,0.52,0.87,0.354412920585024,5.723999272255104,0.2,0.23,0.98,9.155399098191456,0.030849585,0.0042229729729729,0.0554319558136692,0.0,0.0,1.0,profile1d_quadratic,robust_ossm_ekf,profile1d_quadratic__kfstd,0.32,0.14,,,0.5910149745378657,0.1642316448733745,0.264384899262412,0.2983063815853661,0.0025337837837837,1.0,1.3120401252594118,1.0,1.0,1.0781569244040765,0.28804442782365636,0.06,0.06,,,0.0,0.0,0.0
profile1d_cubic__robust_ossm_ekf,38_2,cohface_38_2,data/cohface_38_2.pkl,0.36,0.5,0.88,0.3403225756430887,6.056608941319947,0.21,0.26,0.97,9.091632200691969,0.031413216,0.0,0.0562773359949315,0.0,0.0,1.0,profile1d_cubic,robust_ossm_ekf,profile1d_cubic__kfstd,0.3,0.14,,,0.5910149745378657,0.1642316448733745,0.2635029860502703,0.298146864885058,0.0033783783783783,1.0,1.3120401252594118,1.0,1.0,1.0780929915730824,0.2898146906066122,0.06,0.06999999999999998,,,0.0,0.0,0.0
of_farneback__robust_ossm_ekf,29_3,cohface_29_3,data/cohface_29_3.pkl,0.43,0.53,0.86,0.3747867306902029,5.51850444130838,0.2,0.25,0.98,8.191530137285412,0.17311227,0.0061068702290076,0.1481184150960605,0.0,0.0,1.0,of_farneback,robust_ossm_ekf,of_farneback__kfstd,0.42,0.2,,,0.5047361269357541,0.2581660263460356,0.3045723111918454,0.4327784645172017,0.0083969465648854,1.0,1.4905154500574678,1.0,1.0,1.0701985405289205,0.561666909993406,0.010000000000000009,0.0,,,0.0,0.0,0.0
dof__robust_ossm_ekf,29_3,cohface_29_3,data/cohface_29_3.pkl,0.45,0.65,0.79,0.3587715347174559,3.766032121188918,0.23,0.31,0.96,12.26132201006688,0.112712115,0.1885496183206106,0.093919388348657,0.0,0.0,1.0,dof,robust_ossm_ekf,dof__kfstd,0.44,0.25,,,0.5047361269357541,0.2581660263460356,0.2849533456321722,0.4179489361557799,0.0061068702290076,1.7527048517364163,1.4905154500574678,0.4914039132601792,0.2015205454060466,1.0793558582520757,0.5109829981077337,0.010000000000000009,-0.01999999999999999,,,0.0,1.0,0.0
profile1d_linear__robust_ossm_ekf,29_3,cohface_29_3,data/cohface_29_3.pkl,0.81,1.0,0.45,0.5828545073643084,-0.0257415375382971,0.42,0.62,0.73,6.590525336245426,0.18706572,0.1671755725190839,0.1911364284070506,0.0,0.0,1.0,profile1d_linear,robust_ossm_ekf,profile1d_linear__kfstd,0.8,0.36,,,0.5047361269357541,0.2581660263460356,0.3697983847122872,0.4335944114380283,0.0259541984732824,1.0,1.4905154500574678,1.0,1.0,1.0671561318847445,0.7382536544251043,0.010000000000000009,0.06,,,0.0,0.0,0.0
profile1d_quadratic__robust_ossm_ekf,29_3,cohface_29_3,data/cohface_29_3.pkl,0.28,0.37,0.93,0.2713891978256422,8.656495850798938,0.04,0.07,1.0,14.038233647715495,0.020511242,0.0083969465648854,0.0634100704314612,0.0,0.0,1.0,profile1d_quadratic,robust_ossm_ekf,profile1d_quadratic__kfstd,0.26,0.07,,,0.5047361269357541,0.2581660263460356,0.264439960797368,0.4573563739453897,0.0022900763358778,1.0,1.4905154500574678,1.0,1.0,1.0773164665515442,0.4846999322993258,0.020000000000000018,-0.030000000000000006,,,0.0,1.0,0.0
profile1d_cubic__robust_ossm_ekf,29_3,cohface_29_3,data/cohface_29_3.pkl,0.29,0.38,0.93,0.2751189821190967,8.440639822620378,0.05,0.08,1.0,13.982427875804692,0.021125857,0.0091603053435114,0.0666656542765422,0.0,0.0,1.0,profile1d_cubic,robust_ossm_ekf,profile1d_cubic__kfstd,0.27,0.07,,,0.5047361269357541,0.2581660263460356,0.2659135796968282,0.4472705046539617,0.0015267175572519,1.0,1.4905154500574678,1.0,1.0,1.0770155641600268,0.47820913066456383,0.019999999999999962,-0.020000000000000004,,,0.0,1.0,0.0
of_farneback__robust_ossm_ekf,22_1,cohface_22_1,data/cohface_22_1.pkl,0.34,0.44,0.91,0.2912011775091745,7.258074860557836,0.04,0.06,0.99,13.994669633514016,0.06748495,0.0140495867768595,0.0855760447775298,0.0,0.0,1.0,of_farneback,robust_ossm_ekf,of_farneback__kfstd,0.33,0.04,,,0.6704903704575242,0.1483529471056854,0.2646252455696214,0.4301368102649856,0.0,1.0,1.2818705995008024,1.0,1.0,1.075401814460292,0.31151200497339965,0.010000000000000009,0.0,,,0.0,0.0,0.0
dof__robust_ossm_ekf,22_1,cohface_22_1,data/cohface_22_1.pkl,0.6,0.76,0.71,0.3927788519928439,2.41436134048288,0.31,0.45,0.7,7.242688484075885,0.16684175,0.2495867768595041,0.2389783221497531,0.0,0.0,1.0,dof,robust_ossm_ekf,dof__kfstd,0.61,0.39,,,0.6704903704575242,0.1483529471056854,0.3267659354539601,0.2968850811358396,0.0099173553719008,1.6513275429961165,1.2818705995008024,0.5698196290313329,0.3640517104339275,1.066073615778495,0.37644939283497264,-0.010000000000000009,-0.08000000000000002,,,1.0,1.0,1.0
profile1d_linear__robust_ossm_ekf,22_1,cohface_22_1,data/cohface_22_1.pkl,0.25,0.31,0.95,0.2302430151782016,10.301724125251434,0.07,0.1,1.0,16.260522727652223,0.0325218,0.0,0.0647173655116871,0.0,0.0,1.0,profile1d_linear,robust_ossm_ekf,profile1d_linear__kfstd,0.27,0.06,,,0.6704903704575242,0.1483529471056854,0.3528681361432749,0.417661309263853,0.0016528925619834,1.0,1.2818705995008024,1.0,1.0,1.0771759199068445,0.45862678635601856,-0.020000000000000018,0.010000000000000009,,,1.0,0.0,0.0
profile1d_quadratic__robust_ossm_ekf,22_1,cohface_22_1,data/cohface_22_1.pkl,0.26,0.33,0.95,0.2485075327537625,9.690953634210178,0.04,0.06,1.0,16.03826821752095,0.03488277,0.0,0.0384879283708869,0.0,0.0,1.0,profile1d_quadratic,robust_ossm_ekf,profile1d_quadratic__kfstd,0.28,0.03,,,0.6704903704575242,0.1483529471056854,0.2816727456816147,0.4278966339257775,0.0,1.0,1.2818705995008024,1.0,1.0,1.0796420071495023,0.33876922429854284,-0.020000000000000018,0.010000000000000002,,,1.0,0.0,0.0
profile1d_cubic__robust_ossm_ekf,22_1,cohface_22_1,data/cohface_22_1.pkl,0.27,0.33,0.95,0.2501144568943194,9.642237196580243,0.03,0.06,1.0,16.12501247929413,0.035793655,0.0,0.0401262995760048,0.0,0.0,1.0,profile1d_cubic,robust_ossm_ekf,profile1d_cubic__kfstd,0.28,0.03,,,0.6704903704575242,0.1483529471056854,0.2838920483507157,0.4295884728236074,0.0,1.0,1.2818705995008024,1.0,1.0,1.079487480403608,0.3434858078663343,-0.010000000000000009,0.0,,,1.0,0.0,0.0
of_farneback__robust_ossm_ekf,23_0,cohface_23_0,data/cohface_23_0.pkl,0.24,0.31,0.95,0.2353824920115322,10.349417526587125,0.11,0.13,0.96,14.616376244972196,0.0154670775,0.0,0.04045959330647,0.0,0.0,1.0,of_farneback,robust_ossm_ekf,of_farneback__kfstd,0.24,0.1,,,0.7207515896998613,0.3236473358718592,0.2784411681607829,0.0277702081463101,0.0,1.0,1.6149299381565323,1.0,1.0,1.079542672592885,0.2334397112216296,0.0,0.009999999999999995,,,0.0,0.0,0.0
dof__robust_ossm_ekf,23_0,cohface_23_0,data/cohface_23_0.pkl,0.28,0.36,0.93,0.255442358990697,8.794693674252079,0.2,0.23,0.87,15.856098391933816,0.021380018,0.1448675496688741,0.0478592049852389,0.0,0.0,1.0,dof,robust_ossm_ekf,dof__kfstd,0.29,0.2,,,0.7207515896998613,0.3236473358718592,0.2854360558264368,0.1277074161223573,0.0,1.9916499865460795,1.6149299381565323,0.4190405776420408,0.2076541461435548,1.0837865747290467,0.27421708547449075,-0.009999999999999953,0.0,,,1.0,0.0,0.0
profile1d_linear__robust_ossm_ekf,23_0,cohface_23_0,data/cohface_23_0.pkl,0.3,0.52,0.86,0.2892571419137533,5.651007410323521,0.07,0.1,0.93,18.903789142870327,0.0081938915,0.0091059602649006,0.0382082784363418,0.0,0.0,1.0,profile1d_linear,robust_ossm_ekf,profile1d_linear__kfstd,0.18,0.06,,,0.7207515896998613,0.3236473358718592,0.2633407176803419,0.0188847301722416,0.0024834437086092,1.0,1.6149299381565323,1.0,1.0,1.0799829422909513,0.21795540986482237,0.12,0.010000000000000009,,,0.0,0.0,0.0
profile1d_quadratic__robust_ossm_ekf,23_0,cohface_23_0,data/cohface_23_0.pkl,0.18,0.25,0.97,0.1697256587627995,12.105633511775762,0.05,0.07,0.97,18.645526281162144,0.012960548,0.0,0.0061188283813382,0.0,0.0,1.0,profile1d_quadratic,robust_ossm_ekf,profile1d_quadratic__kfstd,0.17,0.07,,,0.7207515896998613,0.3236473358718592,0.2586733738852543,0.0246098214378303,0.0,1.0,1.6149299381565323,1.0,1.0,1.0827417380152409,0.2003031642863092,0.009999999999999981,-0.020000000000000004,,,0.0,1.0,0.0
profile1d_cubic__robust_ossm_ekf,23_0,cohface_23_0,data/cohface_23_0.pkl,0.18,0.25,0.97,0.1708780726650159,12.070184544474609,0.05,0.08,0.97,18.459587535349744,0.012508526,0.0,0.0066071227118457,0.0,0.0,1.0,profile1d_cubic,robust_ossm_ekf,profile1d_cubic__kfstd,0.17,0.07,,,0.7207515896998613,0.3236473358718592,0.2593925722561748,0.0258904074501889,0.0,1.0,1.6149299381565323,1.0,1.0,1.0826945907595804,0.20150874899857601,0.009999999999999981,-0.020000000000000004,,,0.0,1.0,0.0
of_farneback__robust_ossm_ekf,9_2,cohface_9_2,data/cohface_9_2.pkl,0.42,0.58,0.83,0.3784009853087802,4.693398749459048,0.25,0.31,0.95,4.972149211700577,0.09755105,0.1106590724165988,0.1735528943208584,0.0,0.0,1.0,of_farneback,robust_ossm_ekf,of_farneback__kfstd,0.39,0.25,,,0.5487830099378772,0.1128078134718721,0.2843570762381581,0.4272540251649999,0.0048820179007323,1.0,1.2143348455965572,1.0,1.0,1.0681583549756517,0.39861639438707175,0.02999999999999997,0.0,,,0.0,0.0,0.0
dof__robust_ossm_ekf,9_2,cohface_9_2,data/cohface_9_2.pkl,0.72,0.97,0.54,0.4511213306644087,0.2907867762386806,4.58,4.87,-0.1,1.501291275556653,0.71644646,0.0610252237591537,0.1859321633324859,0.0,0.0,1.0,dof,robust_ossm_ekf,dof__kfstd,0.62,0.56,,,0.5487830099378772,0.1128078134718721,0.3199894268870635,0.314932555349617,0.0048820179007323,1.6266920936616658,1.2143348455965572,0.5536224735183346,0.3179323150295489,1.070714018002059,0.39219605114835737,0.09999999999999998,4.02,,,0.0,0.0,0.0
profile1d_linear__robust_ossm_ekf,9_2,cohface_9_2,data/cohface_9_2.pkl,0.31,0.41,0.92,0.2560030735047999,7.653516573294045,0.32,0.65,0.65,6.345675288341646,0.034521174,0.0512611879576891,0.0593090560474429,0.0,0.0,1.0,profile1d_linear,robust_ossm_ekf,profile1d_linear__kfstd,0.31,0.26,,,0.5487830099378772,0.1128078134718721,0.2824652713176994,0.4216749773952119,0.0,1.0,1.2143348455965572,1.0,1.0,1.077747173006839,0.37283848939409636,0.0,0.06,,,0.0,0.0,0.0
profile1d_quadratic__robust_ossm_ekf,9_2,cohface_9_2,data/cohface_9_2.pkl,0.37,0.46,0.89,0.3239126142820644,6.638573623698401,0.23,0.3,0.91,6.14388235229341,0.05653483,0.0081366965012205,0.074694852388068,0.0,0.0,1.0,profile1d_quadratic,robust_ossm_ekf,profile1d_quadratic__kfstd,0.31,0.17,,,0.5487830099378772,0.1128078134718721,0.2874443726663827,0.4750648393249638,0.0056956875508543,1.0,1.2143348455965572,1.0,1.0,1.0763832811755467,0.43516940662730536,0.06,0.06,,,0.0,0.0,0.0
profile1d_cubic__robust_ossm_ekf,9_2,cohface_9_2,data/cohface_9_2.pkl,0.37,0.46,0.89,0.3230959752458054,6.674541232160567,0.25,0.31,0.89,5.954749050822497,0.048876364,0.0105777054515866,0.0766560942123857,0.0,0.0,1.0,profile1d_cubic,robust_ossm_ekf,profile1d_cubic__kfstd,0.31,0.15,,,0.5487830099378772,0.1128078134718721,0.2857483532426202,0.4760985835192887,0.0056956875508543,1.0,1.2143348455965572,1.0,1.0,1.076211685217796,0.4329351991378007,0.06,0.1,,,0.0,0.0,0.0
of_farneback__robust_ossm_ekf,31_3,cohface_31_3,data/cohface_31_3.pkl,0.71,0.98,0.52,0.4263694064253381,0.2257248458191332,9.32,10.51,-0.46,1.6629325757026414,0.8589226,0.1678714859437751,0.4287896183876558,0.0,0.0,1.0,of_farneback,robust_ossm_ekf,of_farneback__kfstd,0.71,9.41,,,0.6020894132335142,0.1893411660943172,0.3691927933743262,0.3779737248136386,0.0321285140562249,1.0,1.359748215579203,1.0,1.0,1.050307303424482,0.6141865477015443,0.0,-0.08999999999999986,,,0.0,1.0,0.0
dof__robust_ossm_ekf,31_3,cohface_31_3,data/cohface_31_3.pkl,0.86,1.13,0.4,0.4389632273802123,-0.8024185733656096,4.67,4.93,-0.36,10.665644012223485,0.92687124,0.059437751004016,0.0956755027808442,0.0,0.0,1.0,dof,robust_ossm_ekf,dof__kfstd,0.83,4.66,,,0.6020894132335142,0.1893411660943172,0.3731505644204428,0.4597693962680391,0.0080321285140562,1.926775915032486,1.359748215579203,0.4923577270528996,0.1771236312340723,1.079082162990747,0.6007813560656665,0.030000000000000027,0.009999999999999787,,,0.0,0.0,0.0
profile1d_linear__robust_ossm_ekf,31_3,cohface_31_3,data/cohface_31_3.pkl,0.76,1.04,0.47,0.4639031823087209,-0.2237050665384529,7.83,9.15,-0.27,4.118578898055431,0.89046997,0.0763052208835341,0.264040055812722,0.0,0.0,1.0,profile1d_linear,robust_ossm_ekf,profile1d_linear__kfstd,0.8,9.6,,,0.6020894132335142,0.1893411660943172,0.4150961846342019,0.3849605702113828,0.0321285140562249,1.0,1.359748215579203,1.0,1.0,1.0607011399546642,0.695248747575022,-0.040000000000000036,-1.7699999999999996,,,1.0,1.0,1.0
profile1d_quadratic__robust_ossm_ekf,31_3,cohface_31_3,data/cohface_31_3.pkl,0.66,0.92,0.58,0.4299196900879372,0.7550657576042876,9.13,9.97,-0.5,1.679735600921901,0.8419305,0.1558232931726907,0.1902105842425257,0.0,0.0,1.0,profile1d_quadratic,robust_ossm_ekf,profile1d_quadratic__kfstd,0.67,4.49,,,0.6020894132335142,0.1893411660943172,0.3714266210688009,0.3793694921549535,0.0329317269076305,1.0,1.359748215579203,1.0,1.0,1.0667287061816064,0.6187531113677793,-0.010000000000000009,4.640000000000001,,,1.0,0.0,0.0
profile1d_cubic__robust_ossm_ekf,31_3,cohface_31_3,data/cohface_31_3.pkl,0.66,0.93,0.58,0.4311911782496843,0.7262899968020115,9.12,9.96,-0.5,1.6689584462236624,0.8408744,0.1558232931726907,0.1928001097859911,0.0,0.0,1.0,profile1d_cubic,robust_ossm_ekf,profile1d_cubic__kfstd,0.67,4.48,,,0.6020894132335142,0.1893411660943172,0.3705344557807939,0.3725302682824991,0.029718875502008,1.0,1.359748215579203,1.0,1.0,1.0665545560658796,0.6132296991984719,-0.010000000000000009,4.639999999999999,,,1.0,0.0,0.0
of_farneback__robust_ossm_ekf,5_1,cohface_5_1,data/cohface_5_1.pkl,0.65,0.8,0.68,0.4536064551284188,2.0755620160636274,0.53,0.66,0.89,5.259171274644561,0.43099332,0.0339123242349048,0.1953983658917885,0.0,0.0,1.0,of_farneback,robust_ossm_ekf,of_farneback__kfstd,0.65,0.52,,,0.3594089270622432,0.2294102675823435,0.4062669396900353,0.4687818401527968,0.010752688172043,1.0,1.4358795084064528,1.0,1.0,1.0665718519403409,0.8012237863808901,0.0,0.010000000000000009,,,0.0,0.0,0.0
dof__robust_ossm_ekf,5_1,cohface_5_1,data/cohface_5_1.pkl,1.04,1.31,0.17,0.5901885001502871,-2.181931411655329,9.68,9.81,0.45,4.354535510787584,3.1022208,0.009925558312655,0.1955877217690497,0.0,0.0,1.0,dof,robust_ossm_ekf,dof__kfstd,0.96,8.52,,,0.3594089270622432,0.2294102675823435,0.3421165436210528,0.2984501929514905,0.010752688172043,1.6957383045787526,1.4358795084064528,0.4830777913148251,0.2428977646972181,1.0703939385615997,0.5933742190471815,0.08000000000000007,1.1600000000000001,,,0.0,0.0,0.0
profile1d_linear__robust_ossm_ekf,5_1,cohface_5_1,data/cohface_5_1.pkl,0.38,0.46,0.89,0.2716091774436101,6.888391672318521,0.12,0.15,0.99,15.13227014711114,0.019222405,0.0339123242349048,0.0686438382846784,0.0,0.0,1.0,profile1d_linear,robust_ossm_ekf,profile1d_linear__kfstd,0.37,0.13,,,0.3594089270622432,0.2294102675823435,0.3655808291613305,0.2966662500815267,0.0124069478908188,1.0,1.4358795084064528,1.0,1.0,1.0776031451446029,0.6382033867271046,0.010000000000000009,-0.010000000000000009,,,0.0,1.0,0.0
profile1d_quadratic__robust_ossm_ekf,5_1,cohface_5_1,data/cohface_5_1.pkl,0.33,0.43,0.91,0.2559041991723683,7.502873924238708,0.13,0.15,0.99,13.7318529824781,0.021425426,0.0256410256410256,0.0295416295170499,0.0,0.0,1.0,profile1d_quadratic,robust_ossm_ekf,profile1d_quadratic__kfstd,0.33,0.15,,,0.3594089270622432,0.2294102675823435,0.3640694859449106,0.3070303749732486,0.0,1.0,1.4358795084064528,1.0,1.0,1.0805260816590452,0.5926722910949869,0.0,-0.01999999999999999,,,0.0,1.0,0.0
profile1d_cubic__robust_ossm_ekf,5_1,cohface_5_1,data/cohface_5_1.pkl,0.33,0.43,0.91,0.2576817095785467,7.51168727630245,0.13,0.15,0.99,13.668558614728395,0.021822894,0.0256410256410256,0.0305442225304303,0.0,0.0,1.0,profile1d_cubic,robust_ossm_ekf,profile1d_cubic__kfstd,0.32,0.14,,,0.3594089270622432,0.2294102675823435,0.3658139226525202,0.3089648531020137,0.0008271298593879,1.0,1.4358795084064528,1.0,1.0,1.0804316801174272,0.6000091936814929,0.010000000000000009,-0.010000000000000009,,,0.0,1.0,0.0
of_farneback__robust_ossm_ekf,38_1,cohface_38_1,data/cohface_38_1.pkl,0.31,0.43,0.91,0.291008258410096,7.4332484057840675,0.04,0.07,0.99,10.431338210059025,0.053879946,0.0186991869918699,0.0923433794439431,0.0,0.0,1.0,of_farneback,robust_ossm_ekf,of_farneback__kfstd,0.29,0.04,,,0.644087696397388,0.1737362366977151,0.2351946844072197,0.4009408412455271,0.0056910569105691,1.0,1.3300988497256587,1.0,1.0,1.0751124535217962,0.3277477092195019,0.020000000000000018,0.0,,,0.0,0.0,0.0
dof__robust_ossm_ekf,38_1,cohface_38_1,data/cohface_38_1.pkl,0.53,0.68,0.75,0.426537545834597,3.3981057261333603,1.99,4.43,-0.26,5.797286678326183,0.16797692,0.0235772357723577,0.2616819893690416,0.0,0.0,1.0,dof,robust_ossm_ekf,dof__kfstd,0.41,0.24,,,0.644087696397388,0.1737362366977151,0.3044795248945959,0.3246597439550496,0.0065040650406504,1.645780373580107,1.3300988497256587,0.548664740095982,0.3203686096714738,1.0647352472750955,0.3712892445666749,0.12000000000000005,1.75,,,0.0,0.0,0.0
profile1d_linear__robust_ossm_ekf,38_1,cohface_38_1,data/cohface_38_1.pkl,0.4,0.51,0.87,0.3557089361958489,5.805408718456119,0.18,0.21,0.93,9.716468952672594,0.01421454,0.0,0.0629970226472718,0.0,0.0,1.0,profile1d_linear,robust_ossm_ekf,profile1d_linear__kfstd,0.38,0.19,,,0.644087696397388,0.1737362366977151,0.2861008358931926,0.3704137213043589,0.0016260162601626,1.0,1.3300988497256587,1.0,1.0,1.0773885170402384,0.34812227034240045,0.020000000000000018,-0.010000000000000009,,,0.0,1.0,0.0
profile1d_quadratic__robust_ossm_ekf,38_1,cohface_38_1,data/cohface_38_1.pkl,0.48,0.64,0.8,0.3630405306429221,3.912658134004083,0.22,0.23,0.9,5.46160945012803,0.15411635,0.0642276422764227,0.1101921697319232,0.0,0.0,1.0,profile1d_quadratic,robust_ossm_ekf,profile1d_quadratic__kfstd,0.45,0.17,,,0.644087696397388,0.1737362366977151,0.2953760998480354,0.313288300154561,0.0146341463414634,1.0,1.3300988497256587,1.0,1.0,1.07342568028299,0.3815076262161465,0.02999999999999997,0.04999999999999999,,,0.0,0.0,0.0
profile1d_cubic__robust_ossm_ekf,38_1,cohface_38_1,data/cohface_38_1.pkl,0.45,0.61,0.81,0.3391827703375623,4.298003204303805,0.22,0.24,0.85,5.76542154602989,0.13411738,0.0536585365853658,0.0990870392047583,0.0,0.0,1.0,profile1d_cubic,robust_ossm_ekf,profile1d_cubic__kfstd,0.43,0.2,,,0.644087696397388,0.1737362366977151,0.2889485121073825,0.3334399913525519,0.0138211382113821,1.0,1.3300988497256587,1.0,1.0,1.074437763213457,0.37938369811047895,0.020000000000000018,0.01999999999999999,,,0.0,0.0,0.0
of_farneback__robust_ossm_ekf,39_2,cohface_39_2,data/cohface_39_2.pkl,0.41,0.5,0.87,0.3233423273027044,6.0197215738113465,0.15,0.19,0.99,10.663309831624854,0.17609613,0.0782258064516129,0.1655347243372626,0.0,0.0,1.0,of_farneback,robust_ossm_ekf,of_farneback__kfstd,0.41,0.15,,,0.6690178630036976,0.2928735725180699,0.3252634562932291,0.4661208873062822,0.0008064516129032,1.0,1.5564597877843327,1.0,1.0,1.0684893447681467,0.542727545081682,0.0,0.0,,,0.0,0.0,0.0
dof__robust_ossm_ekf,39_2,cohface_39_2,data/cohface_39_2.pkl,0.45,0.57,0.84,0.3284636005178544,5.050723038059518,0.23,0.31,0.91,11.158193807126144,0.016724316,0.442741935483871,0.1726049858417944,0.0,0.0,1.0,dof,robust_ossm_ekf,dof__kfstd,0.5,0.24,,,0.6690178630036976,0.2928735725180699,0.3179713876586495,0.4260718476067849,0.0024193548387096,1.5836248825721098,1.5564597877843327,0.5987154205294126,0.2886757328859486,1.0719127517587443,0.5133006829818849,-0.04999999999999999,-0.009999999999999981,,,1.0,1.0,1.0
profile1d_linear__robust_ossm_ekf,39_2,cohface_39_2,data/cohface_39_2.pkl,0.31,0.39,0.92,0.2821348446648992,8.139378282516303,0.15,0.21,0.97,10.654365660706636,0.043451324,0.0056451612903225,0.0405534979271937,0.0,0.0,1.0,profile1d_linear,robust_ossm_ekf,profile1d_linear__kfstd,0.31,0.15,,,0.6690178630036976,0.2928735725180699,0.312367407854802,0.5013366353685644,0.0,1.0,1.5564597877843327,1.0,1.0,1.079467826439381,0.5386583605745465,0.0,0.0,,,0.0,0.0,0.0
profile1d_quadratic__robust_ossm_ekf,39_2,cohface_39_2,data/cohface_39_2.pkl,0.28,0.35,0.94,0.2519102640458759,9.196874134988622,0.12,0.15,0.99,14.958537471132644,0.035417654,0.039516129032258,0.0645980126135634,0.0,0.0,1.0,profile1d_quadratic,robust_ossm_ekf,profile1d_quadratic__kfstd,0.29,0.12,,,0.6690178630036976,0.2928735725180699,0.285885470228301,0.4917664004137844,0.0048387096774193,1.0,1.5564597877843327,1.0,1.0,1.0772108288001707,0.50778026021123,-0.009999999999999953,0.0,,,1.0,0.0,0.0
profile1d_cubic__robust_ossm_ekf,39_2,cohface_39_2,data/cohface_39_2.pkl,0.28,0.36,0.93,0.2524831863008605,8.86417097414358,0.13,0.17,0.99,14.6207716824252,0.03449441,0.0419354838709677,0.067411770693027,0.0,0.0,1.0,profile1d_cubic,robust_ossm_ekf,profile1d_cubic__kfstd,0.3,0.12,,,0.6690178630036976,0.2928735725180699,0.287215762568321,0.496643392585422,0.007258064516129,1.0,1.5564597877843327,1.0,1.0,1.0769604354985132,0.5224572548038288,-0.019999999999999962,0.010000000000000009,,,1.0,0.0,0.0
of_farneback__robust_ossm_ekf,9_1,cohface_9_1,data/cohface_9_1.pkl,0.38,0.51,0.87,0.3185302136075057,5.981138554152245,0.08,0.1,1.0,14.935335411518055,0.077677965,0.0314009661835748,0.1630140850199124,0.0,0.0,1.0,of_farneback,robust_ossm_ekf,of_farneback__kfstd,0.37,0.08,,,0.7397529308851545,0.1800663020089444,0.3179508589353632,0.418477576495425,0.0040257648953301,1.0,1.3421259738169944,1.0,1.0,1.06875597250889,0.404103767699611,0.010000000000000009,0.0,,,0.0,0.0,0.0
dof__robust_ossm_ekf,9_1,cohface_9_1,data/cohface_9_1.pkl,0.93,1.25,0.28,0.5220818694133016,-1.5136750608825278,6.27,7.85,-0.87,4.738347216999131,2.0622125,0.0523349436392914,0.1620102413560793,0.0,0.0,1.0,dof,robust_ossm_ekf,dof__kfstd,0.9,9.1,,,0.7397529308851545,0.1800663020089444,0.3427350194076011,0.3407104204214628,0.003220611916264,1.6580123616106606,1.3421259738169944,0.5987439553411609,0.3225752155834512,1.0729571988426023,0.3966626384152198,0.030000000000000027,-2.83,,,0.0,1.0,0.0
profile1d_linear__robust_ossm_ekf,9_1,cohface_9_1,data/cohface_9_1.pkl,0.37,0.5,0.88,0.3275932855801883,6.1681020983330415,0.15,0.17,0.97,14.78529493842471,0.05706178,0.0112721417069243,0.0450687062197059,0.0,0.0,1.0,profile1d_linear,robust_ossm_ekf,profile1d_linear__kfstd,0.4,0.14,,,0.7397529308851545,0.1800663020089444,0.3219230193685337,0.3834606808393693,0.0,1.0,1.3421259738169944,1.0,1.0,1.0790275635957551,0.3742071628441448,-0.030000000000000027,0.009999999999999981,,,1.0,0.0,0.0
profile1d_quadratic__robust_ossm_ekf,9_1,cohface_9_1,data/cohface_9_1.pkl,0.29,0.39,0.92,0.2576957608483334,8.171161337980932,0.09,0.12,0.99,16.04211306589404,0.036505554,0.0265700483091787,0.0577653209147534,0.0,0.0,1.0,profile1d_quadratic,robust_ossm_ekf,profile1d_quadratic__kfstd,0.32,0.11,,,0.7397529308851545,0.1800663020089444,0.3075965927884956,0.412768861792752,0.002415458937198,1.0,1.3421259738169944,1.0,1.0,1.0778458710101075,0.3770120216778205,-0.030000000000000027,-0.020000000000000004,,,1.0,1.0,1.0
profile1d_cubic__robust_ossm_ekf,9_1,cohface_9_1,data/cohface_9_1.pkl,0.29,0.4,0.92,0.2579931088585708,8.117668884899626,0.1,0.12,0.99,15.575836637089072,0.035297364,0.0289855072463768,0.0628254923447711,0.0,0.0,1.0,profile1d_cubic,robust_ossm_ekf,profile1d_cubic__kfstd,0.32,0.1,,,0.7397529308851545,0.1800663020089444,0.3103595131809463,0.4163418541610735,0.002415458937198,1.0,1.3421259738169944,1.0,1.0,1.0773735040255958,0.38374775036441827,-0.030000000000000027,0.0,,,1.0,0.0,0.0
of_farneback__robust_ossm_ekf,1_3,cohface_1_3,data/cohface_1_3.pkl,0.86,1.05,0.47,0.592821312707962,-0.308669004313945,0.9,1.74,0.1,2.7753593754134114,0.31274015,0.0687655343827672,0.6051701579387031,0.0,0.0,1.0,of_farneback,robust_ossm_ekf,of_farneback__kfstd,0.84,0.77,,,0.3941958172341711,0.2179011198630687,0.3623682044274788,0.2924233448296654,0.0198840099420049,1.0,1.4140121277398303,0.9933719966859984,0.9933719966859984,1.0580508516785034,0.6381950740562411,0.020000000000000018,0.13,,,0.0,0.0,0.0
dof__robust_ossm_ekf,1_3,cohface_1_3,data/cohface_1_3.pkl,0.9,1.11,0.4,0.5626313920568499,-0.7954064839216448,0.85,0.93,0.74,2.632449335254524,0.37597626,0.24026512013256,0.2354445347410654,0.0,0.0,1.0,dof,robust_ossm_ekf,dof__kfstd,0.84,1.7,,,0.3941958172341711,0.2179011198630687,0.3388271368865331,0.3656839454738802,0.0091135045567522,1.6354796963404246,1.4140121277398303,0.5107891650316775,0.296866142948098,1.0663703466575003,0.5992543128809541,0.06000000000000005,-0.85,,,0.0,1.0,0.0
profile1d_linear__robust_ossm_ekf,1_3,cohface_1_3,data/cohface_1_3.pkl,0.37,0.57,0.83,0.3468572564885904,4.914793386795484,0.15,0.19,0.78,13.175819718183703,0.021091893,0.056338028169014,0.0680777018133185,0.0,0.0,1.0,profile1d_linear,robust_ossm_ekf,profile1d_linear__kfstd,0.33,0.11,,,0.3941958172341711,0.2179011198630687,0.2375532321689299,0.4253183595537835,0.0049710024855012,1.0,1.4140121277398303,1.0,1.0,1.0773882451258074,0.4751556186135449,0.03999999999999998,0.039999999999999994,,,0.0,0.0,0.0
profile1d_quadratic__robust_ossm_ekf,1_3,cohface_1_3,data/cohface_1_3.pkl,0.29,0.43,0.91,0.2772004887875219,7.486175208628552,0.13,0.16,0.76,14.58966941176807,0.045836452,0.0306545153272576,0.0151620336632716,0.0,0.0,1.0,profile1d_quadratic,robust_ossm_ekf,profile1d_quadratic__kfstd,0.26,0.14,,,0.3941958172341711,0.2179011198630687,0.233484562655836,0.3873199426970644,0.0,1.0,1.4140121277398303,1.0,1.0,1.081893992466795,0.4331037360676353,0.02999999999999997,-0.010000000000000009,,,0.0,1.0,0.0
profile1d_cubic__robust_ossm_ekf,1_3,cohface_1_3,data/cohface_1_3.pkl,0.29,0.43,0.91,0.2756934428688779,7.50165563250209,0.13,0.16,0.76,14.54619739317561,0.04472493,0.0331400165700082,0.0153301333458985,0.0,0.0,1.0,profile1d_cubic,robust_ossm_ekf,profile1d_cubic__kfstd,0.26,0.14,,,0.3941958172341711,0.2179011198630687,0.2333001368120013,0.3899733837574889,0.0,1.0,1.4140121277398303,1.0,1.0,1.0818778715851032,0.43466645066390924,0.02999999999999997,-0.010000000000000009,,,0.0,1.0,0.0
of_farneback__robust_ossm_ekf,36_2,cohface_36_2,data/cohface_36_2.pkl,0.53,0.67,0.78,0.3953717630053524,3.638840112785986,3.2,3.52,-0.8,7.827593263419275,0.43559295,0.2663934426229508,0.2065980783533171,0.0,0.0,1.0,of_farneback,robust_ossm_ekf,of_farneback__kfstd,0.54,3.2,,,0.5368757794372805,0.1485719140901546,0.4275167712558561,0.2492190268597399,0.0180327868852459,1.0,1.2822866367712935,1.0,1.0,1.066528831869143,0.6051182619525681,-0.010000000000000009,0.0,,,1.0,0.0,0.0
dof__robust_ossm_ekf,36_2,cohface_36_2,data/cohface_36_2.pkl,1.0,1.27,0.25,0.5676376915296636,-1.6321851699892311,7.9,8.54,-0.73,2.9166607325850054,1.3171724,0.0286885245901639,0.1486114124613307,0.0,0.0,1.0,dof,robust_ossm_ekf,dof__kfstd,1.03,5.59,,,0.5368757794372805,0.1485719140901546,0.359072166261023,0.3843871440607737,0.001639344262295,1.8298365060049944,1.2822866367712935,0.4975729210682124,0.2364551576795169,1.07405560335968,0.5051126922502496,-0.030000000000000027,2.3100000000000005,,,1.0,0.0,0.0
profile1d_linear__robust_ossm_ekf,36_2,cohface_36_2,data/cohface_36_2.pkl,0.57,0.74,0.73,0.3870873784014793,2.770759434054506,3.17,3.53,-0.84,10.538918560377244,0.3414822,0.2811475409836065,0.0674537415836769,0.0,0.0,1.0,profile1d_linear,robust_ossm_ekf,profile1d_linear__kfstd,0.59,3.19,,,0.5368757794372805,0.1485719140901546,0.4262550316808077,0.3487956939247241,0.0,1.0,1.2822866367712935,1.0,1.0,1.076976071634022,0.5902816034494821,-0.020000000000000018,-0.020000000000000018,,,1.0,1.0,1.0
profile1d_quadratic__robust_ossm_ekf,36_2,cohface_36_2,data/cohface_36_2.pkl,0.5,0.62,0.81,0.3674946187444384,4.188256153840903,3.17,3.49,-0.83,10.168028024466183,0.45694467,0.2819672131147541,0.0946903870134123,0.0,0.0,1.0,profile1d_quadratic,robust_ossm_ekf,profile1d_quadratic__kfstd,0.53,3.18,,,0.5368757794372805,0.1485719140901546,0.4215098917513605,0.2599218269619429,0.0180327868852459,1.0,1.2822866367712935,1.0,1.0,1.0745926082792905,0.6013522876865249,-0.030000000000000027,-0.010000000000000231,,,1.0,1.0,1.0
profile1d_cubic__robust_ossm_ekf,36_2,cohface_36_2,data/cohface_36_2.pkl,0.5,0.63,0.81,0.373793722420991,4.172580831565444,3.18,3.51,-0.83,10.355541757529329,0.4539546,0.2885245901639344,0.0981678672572724,0.0,0.0,1.0,profile1d_cubic,robust_ossm_ekf,profile1d_cubic__kfstd,0.54,3.18,,,0.5368757794372805,0.1485719140901546,0.4151750891650546,0.2652600941165223,0.0180327868852459,1.0,1.2822866367712935,1.0,1.0,1.0743182703319232,0.5938772373801425,-0.040000000000000036,0.0,,,1.0,0.0,0.0
of_farneback__robust_ossm_ekf,34_2,cohface_34_2,data/cohface_34_2.pkl,0.37,0.6,0.82,0.3247875008026964,4.416390587954717,0.07,0.1,0.76,10.640070266328204,0.029713701,0.0,0.0555767679449795,0.0,0.0,1.0,of_farneback,robust_ossm_ekf,of_farneback__kfstd,0.33,0.07,,,0.6243048833798694,0.1271848101768443,0.2704910318249825,0.0708963704529108,0.0032840722495894,1.0,1.241651139336004,1.0,1.0,1.0783801302095974,0.13216855936742855,0.03999999999999998,0.0,,,0.0,0.0,0.0
dof__robust_ossm_ekf,34_2,cohface_34_2,data/cohface_34_2.pkl,0.63,0.79,0.67,0.4014825222469593,2.086177699510259,1.55,2.37,0.54,6.28359170570037,0.20735925,0.1469622331691297,0.1278536842647395,0.0,0.0,1.0,dof,robust_ossm_ekf,dof__kfstd,0.59,0.9,,,0.6243048833798694,0.1271848101768443,0.3195585302529504,0.2179759396881435,0.0057471264367816,1.8942950493273736,1.241651139336004,0.4717765535423905,0.2644446263329005,1.0761807368050629,0.3063821869397224,0.040000000000000036,0.65,,,0.0,0.0,0.0
profile1d_linear__robust_ossm_ekf,34_2,cohface_34_2,data/cohface_34_2.pkl,0.42,0.65,0.78,0.3659957430863461,3.7439544847170714,0.18,0.2,0.75,13.425335299096853,0.07639709,0.0246305418719211,0.1005303076126225,0.0,0.0,1.0,profile1d_linear,robust_ossm_ekf,profile1d_linear__kfstd,0.34,0.12,,,0.6243048833798694,0.1271848101768443,0.275295277873394,0.098703636090557,0.0057471264367816,1.0,1.241651139336004,1.0,1.0,1.074993507684658,0.16194006315954784,0.07999999999999996,0.06,,,0.0,0.0,0.0
profile1d_quadratic__robust_ossm_ekf,34_2,cohface_34_2,data/cohface_34_2.pkl,0.33,0.5,0.87,0.2902647879555285,6.042261401636161,0.1,0.13,0.77,12.874050210542393,0.057599615,0.0,0.0219744468741163,0.0,0.0,1.0,profile1d_quadratic,robust_ossm_ekf,profile1d_quadratic__kfstd,0.31,0.09,,,0.6243048833798694,0.1271848101768443,0.270789487156922,0.0670911404839987,0.0,1.0,1.241651139336004,1.0,1.0,1.081262815149498,0.11967187984826184,0.020000000000000018,0.010000000000000009,,,0.0,0.0,0.0
profile1d_cubic__robust_ossm_ekf,34_2,cohface_34_2,data/cohface_34_2.pkl,0.33,0.51,0.87,0.2912529908561835,5.8696506031960425,0.1,0.13,0.77,12.630091703091813,0.05544212,0.0,0.0240233172715809,0.0,0.0,1.0,profile1d_cubic,robust_ossm_ekf,profile1d_cubic__kfstd,0.3,0.1,,,0.6243048833798694,0.1271848101768443,0.2706578832979806,0.0732402605323443,0.0,1.0,1.241651139336004,1.0,1.0,1.081074715445532,0.11945127367501361,0.030000000000000027,0.0,,,0.0,0.0,0.0
of_farneback__robust_ossm_ekf,27_1,cohface_27_1,data/cohface_27_1.pkl,0.32,0.4,0.92,0.2984221056057191,7.960381587039471,0.13,0.17,0.92,12.50603987144658,0.041405797,0.0,0.1087270319849755,0.0,0.0,1.0,of_farneback,robust_ossm_ekf,of_farneback__kfstd,0.31,0.13,,,0.4857932547723166,0.2064174830907584,0.2672331228086744,0.4586048457154283,0.0048387096774193,1.0,1.392193217872441,1.0,1.0,1.0734677987442605,0.4706391092158072,0.010000000000000009,0.0,,,0.0,0.0,0.0
dof__robust_ossm_ekf,27_1,cohface_27_1,data/cohface_27_1.pkl,0.77,1.0,0.51,0.4936733014460681,0.0296664765765486,5.89,8.76,-0.37,3.0153463790045274,0.37746602,0.0362903225806451,0.1724739399371164,0.0,0.0,1.0,dof,robust_ossm_ekf,dof__kfstd,0.68,0.4,,,0.4857932547723166,0.2064174830907584,0.3126770643630464,0.3430257767684371,0.0,1.6265011092022343,1.392193217872441,0.5234504330624916,0.280655115680479,1.0720197340787072,0.45959772817550315,0.08999999999999997,5.489999999999999,,,0.0,0.0,0.0
profile1d_linear__robust_ossm_ekf,27_1,cohface_27_1,data/cohface_27_1.pkl,0.61,0.76,0.71,0.5319025838300196,2.4185222024743607,0.24,0.34,0.39,2.62665749922194,0.34544867,0.4830645161290323,0.3159784096987261,0.0,0.0,1.0,profile1d_linear,robust_ossm_ekf,profile1d_linear__kfstd,0.5,0.2,,,0.4857932547723166,0.2064174830907584,0.3672091426250898,0.3969613328035694,0.0282258064516129,1.0,1.392193217872441,1.0,1.0,1.0581245188570978,0.6827740267688465,0.10999999999999999,0.03999999999999998,,,0.0,0.0,0.0
profile1d_quadratic__robust_ossm_ekf,27_1,cohface_27_1,data/cohface_27_1.pkl,0.23,0.28,0.96,0.2137025707118696,11.043793529079126,0.05,0.07,0.99,15.700783503463544,0.031662494,0.0,0.039071136919261,0.0,0.0,1.0,profile1d_quadratic,robust_ossm_ekf,profile1d_quadratic__kfstd,0.24,0.07,,,0.4857932547723166,0.2064174830907584,0.2320773901765692,0.5030610244824959,0.0008064516129032,1.0,1.392193217872441,1.0,1.0,1.0796054117097411,0.4579377095714161,-0.009999999999999981,-0.020000000000000004,,,1.0,1.0,1.0
profile1d_cubic__robust_ossm_ekf,27_1,cohface_27_1,data/cohface_27_1.pkl,0.23,0.28,0.96,0.2149520672227678,11.002267839327926,0.05,0.07,0.99,15.67861377969055,0.031000465,0.0,0.0390454202208392,0.0,0.0,1.0,profile1d_cubic,robust_ossm_ekf,profile1d_cubic__kfstd,0.24,0.07,,,0.4857932547723166,0.2064174830907584,0.2322674275791548,0.5018366922640606,0.0008064516129032,1.0,1.392193217872441,1.0,1.0,1.0796082400782008,0.4573289021957473,-0.009999999999999981,-0.020000000000000004,,,1.0,1.0,1.0
of_farneback__robust_ossm_ekf,18_3,cohface_18_3,data/cohface_18_3.pkl,0.51,0.64,0.78,0.4515140990214202,3.873520908328888,0.5,0.54,0.5,5.060325317115314,0.15274674,0.0008038585209003,0.1312595939937461,0.0,0.0,1.0,of_farneback,robust_ossm_ekf,of_farneback__kfstd,0.51,0.5,,,0.5142375139794522,0.1848745764631769,0.3254212344589439,0.0568773078853808,0.0048231511254019,1.0,1.351261695280036,1.0,1.0,1.0719146117785536,0.31676786682815145,0.0,0.0,,,0.0,0.0,0.0
dof__robust_ossm_ekf,18_3,cohface_18_3,data/cohface_18_3.pkl,0.74,1.03,0.47,0.5326036538549314,-0.2712740099528452,2.46,3.72,0.9,4.955552157869036,0.46725872,0.292604501607717,0.2320745025457342,0.0,0.0,1.0,dof,robust_ossm_ekf,dof__kfstd,0.67,2.93,,,0.5142375139794522,0.1848745764631769,0.3286868349113468,0.409467696452045,0.0,1.5889894725956997,1.351261695280036,0.5583603579799192,0.2783481691993383,1.066478029805238,0.49814545465810345,0.06999999999999995,-0.4700000000000002,,,0.0,1.0,0.0
profile1d_linear__robust_ossm_ekf,18_3,cohface_18_3,data/cohface_18_3.pkl,0.95,1.21,0.29,0.5763578588520306,-1.7786672569604478,5.63,6.28,-0.74,3.7529738754608446,1.7030945,0.1527331189710611,0.1874396938221595,0.0,0.0,1.0,profile1d_linear,robust_ossm_ekf,profile1d_linear__kfstd,1.0,6.13,,,0.5142375139794522,0.1848745764631769,0.4251934992374125,0.3412306950730312,0.0273311897106109,1.0,1.351261695280036,1.0,1.0,1.0666470232980227,0.7197311444913304,-0.050000000000000044,-0.5,,,1.0,1.0,1.0
profile1d_quadratic__robust_ossm_ekf,18_3,cohface_18_3,data/cohface_18_3.pkl,0.62,0.82,0.66,0.5099019362944993,1.7768076819514818,0.55,0.71,0.89,5.751220151538427,0.16377556,0.0554662379421221,0.0951865978049927,0.0,0.0,1.0,profile1d_quadratic,robust_ossm_ekf,profile1d_quadratic__kfstd,0.53,0.41,,,0.5142375139794522,0.1848745764631769,0.337709750542727,0.1311442287839196,0.0016077170418006,1.0,1.351261695280036,1.0,1.0,1.0745493173286405,0.3557176315843789,0.08999999999999997,0.14000000000000007,,,0.0,0.0,0.0
profile1d_cubic__robust_ossm_ekf,18_3,cohface_18_3,data/cohface_18_3.pkl,0.65,0.84,0.63,0.5021326372957274,1.5151313906098718,0.61,0.77,0.89,5.097513401104341,0.21027845,0.0369774919614147,0.0975255223072387,0.0,0.0,1.0,profile1d_cubic,robust_ossm_ekf,profile1d_cubic__kfstd,0.58,0.54,,,0.5142375139794522,0.1848745764631769,0.3425893400111058,0.1673520765640503,0.0008038585209003,1.0,1.351261695280036,1.0,1.0,1.0743745651627548,0.3820401115740057,0.07000000000000006,0.06999999999999995,,,0.0,0.0,0.0
of_farneback__robust_ossm_ekf,13_0,cohface_13_0,data/cohface_13_0.pkl,0.58,0.74,0.73,0.4635495356118532,2.719924356226185,0.67,0.89,0.96,6.834765614147923,0.3317065,0.1081081081081081,0.2850798320038092,0.0,0.0,1.0,of_farneback,robust_ossm_ekf,of_farneback__kfstd,0.57,0.68,,,0.3672134295126815,0.1885866525557536,0.3463752082917949,0.3688806538601391,0.0229320229320229,1.0,1.358314639855932,1.0,1.0,1.0621373999414878,0.6584898226023964,0.010000000000000009,-0.010000000000000009,,,0.0,1.0,0.0
dof__robust_ossm_ekf,13_0,cohface_13_0,data/cohface_13_0.pkl,0.47,0.55,0.85,0.3517279015677623,5.196162146619243,0.49,0.57,-0.43,8.528880712741575,0.017645683,0.0925470925470925,0.1196165784125021,0.0,0.0,1.0,dof,robust_ossm_ekf,dof__kfstd,0.43,0.36,,,0.3672134295126815,0.1885866525557536,0.3289177286838889,0.4608644531662538,0.0032760032760032,1.7025337512450542,1.358314639855932,0.4839614478874485,0.212346253982122,1.0769425367774472,0.6056086065837503,0.03999999999999998,0.13,,,0.0,0.0,0.0
profile1d_linear__robust_ossm_ekf,13_0,cohface_13_0,data/cohface_13_0.pkl,0.31,0.39,0.93,0.2861375323596873,8.34602825014002,0.08,0.09,0.96,12.151843259565744,0.057143025,0.0,0.0359497543999433,0.0,0.0,1.0,profile1d_linear,robust_ossm_ekf,profile1d_linear__kfstd,0.32,0.09,,,0.3672134295126815,0.1885866525557536,0.2710708893178799,0.4926771689446927,0.0,1.0,1.358314639855932,1.0,1.0,1.0798967589111426,0.5144112559696074,-0.010000000000000009,-0.009999999999999995,,,1.0,1.0,1.0
profile1d_quadratic__robust_ossm_ekf,13_0,cohface_13_0,data/cohface_13_0.pkl,0.3,0.39,0.93,0.2821111513016251,8.34371252059481,0.1,0.13,0.96,11.094352981863755,0.08018484,0.0,0.0368097269251073,0.0,0.0,1.0,profile1d_quadratic,robust_ossm_ekf,profile1d_quadratic__kfstd,0.32,0.11,,,0.3672134295126815,0.1885866525557536,0.2545795185180181,0.5226996162565142,0.0016380016380016,1.0,1.358314639855932,1.0,1.0,1.0798173368206854,0.4992526719423206,-0.020000000000000018,-0.009999999999999995,,,1.0,1.0,1.0
profile1d_cubic__robust_ossm_ekf,13_0,cohface_13_0,data/cohface_13_0.pkl,0.31,0.39,0.93,0.2839234374493087,8.275637877801923,0.11,0.14,0.96,10.99870748520375,0.07957538,0.0,0.0369823067864802,0.0,0.0,1.0,profile1d_cubic,robust_ossm_ekf,profile1d_cubic__kfstd,0.33,0.12,,,0.3672134295126815,0.1885866525557536,0.254054983673066,0.524986435982743,0.0,1.0,1.358314639855932,1.0,1.0,1.0798012974928863,0.4918908779300009,-0.020000000000000018,-0.009999999999999995,,,1.0,1.0,1.0
of_farneback__robust_ossm_ekf,1_2,cohface_1_2,data/cohface_1_2.pkl,0.56,0.71,0.75,0.5100763325567435,3.0452606630190626,0.25,0.31,0.88,4.7790505525768765,0.07530819,0.0298013245033112,0.1500149178451036,0.0,0.0,1.0,of_farneback,robust_ossm_ekf,of_farneback__kfstd,0.55,0.25,,,0.4097676991671627,0.2186051921930922,0.3250733143541506,0.0952575432531236,0.0248344370860927,1.0,1.4153498651668752,1.0,1.0,1.0701418660271516,0.4731833768835169,0.010000000000000009,0.0,,,0.0,0.0,0.0
dof__robust_ossm_ekf,1_2,cohface_1_2,data/cohface_1_2.pkl,0.53,0.66,0.8,0.2928234359022525,4.145815255122268,5.26,5.55,0.46,5.5987010530004815,1.2472998,0.3269867549668874,0.1531624145446526,0.0,0.0,1.0,dof,robust_ossm_ekf,dof__kfstd,0.88,5.06,,,0.4097676991671627,0.2186051921930922,0.2974272206770401,0.3898128752008613,0.0,1.5682403938909164,1.4153498651668752,0.5183305087084464,0.2423768245231145,1.0737355989826634,0.5020313456201791,-0.35,0.20000000000000018,,,1.0,0.0,0.0
profile1d_linear__robust_ossm_ekf,1_2,cohface_1_2,data/cohface_1_2.pkl,0.59,0.82,0.66,0.4880499116525472,1.7423864598815564,2.38,3.41,0.41,4.146436764645078,0.36866575,0.0728476821192053,0.1652222563674391,0.0,0.0,1.0,profile1d_linear,robust_ossm_ekf,profile1d_linear__kfstd,0.48,1.57,,,0.4097676991671627,0.2186051921930922,0.3151352285696612,0.1440778398581644,0.0165562913907284,1.0,1.4153498651668752,1.0,1.0,1.069672430076665,0.45251501831731566,0.10999999999999999,0.8099999999999998,,,0.0,0.0,0.0
profile1d_quadratic__robust_ossm_ekf,1_2,cohface_1_2,data/cohface_1_2.pkl,0.36,0.48,0.89,0.3319679882503154,6.467188667060627,0.14,0.17,0.99,11.866417921917154,0.07060361,0.0066225165562913,0.0070227452671224,0.0,0.0,1.0,profile1d_quadratic,robust_ossm_ekf,profile1d_quadratic__kfstd,0.36,0.15,,,0.4097676991671627,0.2186051921930922,0.2879697338830019,0.0303300459253275,0.0024834437086092,1.0,1.4153498651668752,1.0,1.0,1.0826569284930758,0.3125902736199166,0.0,-0.009999999999999981,,,0.0,1.0,0.0
profile1d_cubic__robust_ossm_ekf,1_2,cohface_1_2,data/cohface_1_2.pkl,0.37,0.48,0.88,0.3339355201651576,6.402688670481544,0.14,0.16,0.99,11.832145352834557,0.07146117,0.0041390728476821,0.0071581504376387,0.0,0.0,1.0,profile1d_cubic,robust_ossm_ekf,profile1d_cubic__kfstd,0.36,0.15,,,0.4097676991671627,0.2186051921930922,0.2874925118749704,0.0295245247136061,0.0024834437086092,1.0,1.4153498651668752,1.0,1.0,1.0826442055004193,0.3117903113556755,0.010000000000000009,-0.009999999999999981,,,0.0,1.0,0.0
of_farneback__robust_ossm_ekf,19_0,cohface_19_0,data/cohface_19_0.pkl,0.57,0.86,0.6,0.4743060093742378,1.3998507606448245,0.14,0.18,0.97,7.84051947929908,0.1272827,0.0488006617038875,0.2894683785522464,0.0,0.0,1.0,of_farneback,robust_ossm_ekf,of_farneback__kfstd,0.54,0.14,,,0.6039723089731336,0.2674905514250443,0.3054768874893993,0.4476365042413864,0.0074441687344913,1.0,1.5082320477075843,1.0,1.0,1.0636249083224136,0.5336321585400408,0.029999999999999916,0.0,,,0.0,0.0,0.0
dof__robust_ossm_ekf,19_0,cohface_19_0,data/cohface_19_0.pkl,0.5,0.73,0.73,0.4153844024612973,2.7409678834220563,0.29,0.4,0.74,8.69979039698648,0.03088516,0.1612903225806451,0.1022058831232782,0.0,0.0,1.0,dof,robust_ossm_ekf,dof__kfstd,0.46,0.31,,,0.6039723089731336,0.2674905514250443,0.3090419198449979,0.4760978836010152,0.0049627791563275,1.6184316393536775,1.5082320477075843,0.5788395784253616,0.2338948207169821,1.0784002828591903,0.5465499012205404,0.03999999999999998,-0.020000000000000018,,,0.0,1.0,0.0
profile1d_linear__robust_ossm_ekf,19_0,cohface_19_0,data/cohface_19_0.pkl,0.52,0.87,0.61,0.4402049319486036,1.3135091470463869,0.22,0.26,0.98,5.762596848435284,0.11891676,0.1282051282051282,0.1341172151577464,0.0,0.0,1.0,profile1d_linear,robust_ossm_ekf,profile1d_linear__kfstd,0.43,0.24,,,0.6039723089731336,0.2674905514250443,0.2850360408085384,0.4094302388649011,0.0074441687344913,1.0,1.5082320477075843,1.0,1.0,1.0718078980349544,0.4768662258964173,0.09000000000000002,-0.01999999999999999,,,0.0,1.0,0.0
profile1d_quadratic__robust_ossm_ekf,19_0,cohface_19_0,data/cohface_19_0.pkl,0.47,0.69,0.76,0.3696526124328961,3.219927498436425,0.24,0.26,0.95,8.613018476302177,0.059451647,0.0115798180314309,0.0766794136597641,0.0,0.0,1.0,profile1d_quadratic,robust_ossm_ekf,profile1d_quadratic__kfstd,0.39,0.18,,,0.6039723089731336,0.2674905514250443,0.2723582227744744,0.5116938728167285,0.0074441687344913,1.0,1.5082320477075843,1.0,1.0,1.0764075678644374,0.5106450922288952,0.07999999999999996,0.06,,,0.0,0.0,0.0
profile1d_cubic__robust_ossm_ekf,19_0,cohface_19_0,data/cohface_19_0.pkl,0.38,0.62,0.8,0.3424022058664447,4.296371238651996,0.25,0.28,0.95,8.434345045696695,0.06292581,0.0124069478908188,0.0834700801834207,0.0,0.0,1.0,profile1d_cubic,robust_ossm_ekf,profile1d_cubic__kfstd,0.36,0.22,,,0.6039723089731336,0.2674905514250443,0.2767139725479826,0.5169168075479125,0.0066170388751033,1.0,1.5082320477075843,1.0,1.0,1.075840019860831,0.5146731578580952,0.020000000000000018,0.03,,,0.0,0.0,0.0
of_farneback__robust_ossm_ekf,1_0,cohface_1_0,data/cohface_1_0.pkl,0.61,0.81,0.67,0.544915924901352,1.8600944741077008,0.38,0.42,0.99,5.401372883644808,0.14437021,0.0,0.1174819569365977,0.0,0.0,1.0,of_farneback,robust_ossm_ekf,of_farneback__kfstd,0.58,0.38,,,0.3898767426569396,0.2453930590500756,0.3250791761477122,0.2556466321525732,0.0099585062240663,1.0,1.4662468121951435,1.0,1.0,1.0729487933280186,0.5364367438514124,0.030000000000000027,0.0,,,0.0,0.0,0.0
dof__robust_ossm_ekf,1_0,cohface_1_0,data/cohface_1_0.pkl,0.87,1.11,0.41,0.4714109290074559,-0.7190577742168535,2.92,3.28,-0.61,4.678943680558992,0.7531024,0.0049792531120331,0.2026836537283235,0.0,0.0,1.0,dof,robust_ossm_ekf,dof__kfstd,0.82,2.93,,,0.3898767426569396,0.2453930590500756,0.3282072448134503,0.3716585663748146,0.0074688796680497,1.633292740882043,1.4662468121951435,0.4994135828588031,0.2794431654267398,1.069292811901086,0.6001513357650679,0.050000000000000044,-0.010000000000000231,,,0.0,1.0,0.0
profile1d_linear__robust_ossm_ekf,1_0,cohface_1_0,data/cohface_1_0.pkl,0.29,0.37,0.93,0.2767016082539799,8.777578869989435,0.31,0.4,0.99,11.829144658284475,0.18877935,0.0,0.0047710229218026,0.0,0.0,1.0,profile1d_linear,robust_ossm_ekf,profile1d_linear__kfstd,0.31,0.38,,,0.3898767426569396,0.2453930590500756,0.2561537961192729,0.1737429689678208,0.0,1.0,1.4662468121951435,1.0,1.0,1.0828730282957466,0.33325001807913046,-0.020000000000000018,-0.07,,,1.0,1.0,1.0
profile1d_quadratic__robust_ossm_ekf,1_0,cohface_1_0,data/cohface_1_0.pkl,0.36,0.52,0.87,0.3334837965163827,5.760880085530805,0.34,0.39,1.0,11.928679230743302,0.23630407,0.0141078838174273,0.0114704949925237,0.0,0.0,1.0,profile1d_quadratic,robust_ossm_ekf,profile1d_quadratic__kfstd,0.35,0.39,,,0.3898767426569396,0.2453930590500756,0.2472322559622524,0.1486873838884589,0.0016597510373443,1.0,1.4662468121951435,1.0,1.0,1.0822440583144743,0.32082142598744456,0.010000000000000009,-0.04999999999999999,,,0.0,1.0,0.0
profile1d_cubic__robust_ossm_ekf,1_0,cohface_1_0,data/cohface_1_0.pkl,0.37,0.52,0.87,0.3305253419368728,5.695814721519588,0.34,0.4,1.0,11.899576432245237,0.2337084,0.0132780082987551,0.0117448027082258,0.0,0.0,1.0,profile1d_cubic,robust_ossm_ekf,profile1d_cubic__kfstd,0.36,0.4,,,0.3898767426569396,0.2453930590500756,0.2473486776478925,0.1517814844950823,0.0033195020746887,1.0,1.4662468121951435,1.0,1.0,1.0822178405056275,0.3292122588330917,0.010000000000000009,-0.06,,,0.0,1.0,0.0
of_farneback__robust_ossm_ekf,31_1,cohface_31_1,data/cohface_31_1.pkl,0.34,0.44,0.9,0.2977463808022473,7.029545089175233,0.03,0.06,0.99,13.522158150034391,0.042637948,0.0,0.1104636087437111,0.0,0.0,1.0,of_farneback,robust_ossm_ekf,of_farneback__kfstd,0.32,0.03,,,0.6591839947174148,0.2243541821247941,0.2472696351755704,0.5074866161728901,0.0032102728731942,1.0,1.4262729460371089,1.0,1.0,1.0732465984103932,0.4083067001421466,0.020000000000000018,0.0,,,0.0,0.0,0.0
dof__robust_ossm_ekf,31_1,cohface_31_1,data/cohface_31_1.pkl,1.0,1.24,0.24,0.6311859754367917,-1.7882344689088323,12.02,12.03,0.88,7.748037570078004,2.261327,0.0112359550561797,0.2368528513964492,0.0,0.0,1.0,dof,robust_ossm_ekf,dof__kfstd,0.52,0.22,,,0.6591839947174148,0.2243541821247941,0.3015131922268712,0.3828260086688996,0.0016051364365971,1.8899932990339023,1.4262729460371089,0.4401663208543593,0.2266274302526749,1.0662148477032611,0.41153188171588917,0.48,11.799999999999999,,,0.0,0.0,0.0
profile1d_linear__robust_ossm_ekf,31_1,cohface_31_1,data/cohface_31_1.pkl,0.49,0.67,0.79,0.3818500183021709,3.826945322619873,0.08,0.11,0.97,18.44759764820705,0.06266301,0.1380417335473515,0.1332115897472894,0.0,0.0,1.0,profile1d_linear,robust_ossm_ekf,profile1d_linear__kfstd,0.37,0.07,,,0.6591839947174148,0.2243541821247941,0.2843318361315834,0.3949806183674136,0.0112359550561797,1.0,1.4262729460371089,1.0,1.0,1.0717771986370224,0.42800400676267636,0.12,0.009999999999999995,,,0.0,0.0,0.0
profile1d_quadratic__robust_ossm_ekf,31_1,cohface_31_1,data/cohface_31_1.pkl,0.27,0.34,0.94,0.2453914483707836,9.09773359398227,0.03,0.05,0.99,17.621281114739563,0.025927126,0.0,0.0306746346937644,0.0,0.0,1.0,profile1d_quadratic,robust_ossm_ekf,profile1d_quadratic__kfstd,0.28,0.03,,,0.6591839947174148,0.2243541821247941,0.2376370548149084,0.4784485687365213,0.0,1.0,1.4262729460371089,1.0,1.0,1.0803903417075675,0.3812188074068008,-0.010000000000000009,0.0,,,1.0,0.0,0.0
profile1d_cubic__robust_ossm_ekf,31_1,cohface_31_1,data/cohface_31_1.pkl,0.27,0.34,0.94,0.2449598374617264,9.089677023369315,0.02,0.05,0.99,17.51906830120686,0.024824213,0.0,0.0315846115659025,0.0,0.0,1.0,profile1d_cubic,robust_ossm_ekf,profile1d_cubic__kfstd,0.28,0.03,,,0.6591839947174148,0.2243541821247941,0.2376562256226224,0.4816979494034217,0.0,1.0,1.4262729460371089,1.0,1.0,1.080303600802145,0.3831324940052147,-0.010000000000000009,-0.009999999999999998,,,1.0,1.0,1.0
of_farneback__robust_ossm_ekf,32_1,cohface_32_1,data/cohface_32_1.pkl,0.97,1.23,0.26,0.5959445865487804,-1.7814184581223906,8.48,8.82,-0.14,-0.8761226911236858,1.6335205,0.1077302631578947,0.0007952063369902,0.0,0.0,1.0,of_farneback,robust_ossm_ekf,of_farneback__kfstd,0.96,8.25,,,0.6592953165352576,0.4924655437381149,0.4804833636342228,0.3197567744505755,0.0032894736842105,1.0,1.9356845331024184,1.0,1.0,1.0832578520555218,0.6815183686805887,0.010000000000000009,0.23000000000000043,,,0.0,0.0,0.0
dof__robust_ossm_ekf,32_1,cohface_32_1,data/cohface_32_1.pkl,0.92,1.16,0.38,0.5761092497224267,-1.3632509171480147,9.19,9.23,-0.52,6.635552432972916,2.5291634,0.2088815789473684,0.216831472911798,0.0,0.0,1.0,dof,robust_ossm_ekf,dof__kfstd,0.99,9.11,,,0.6592953165352576,0.4924655437381149,0.3157283786403065,0.4671075228797288,0.006578947368421,1.5702672950226653,1.9356845331024184,0.6060835049093212,0.2921030845591056,1.067766840834581,0.5854225372545042,-0.06999999999999995,0.08000000000000007,,,1.0,0.0,0.0
profile1d_linear__robust_ossm_ekf,32_1,cohface_32_1,data/cohface_32_1.pkl,0.9,1.08,0.35,0.5258895276782226,-0.5100287457009096,4.22,6.63,-0.64,4.381075095859491,0.6962975,0.131578947368421,0.2292306603749182,0.0,0.0,1.0,profile1d_linear,robust_ossm_ekf,profile1d_linear__kfstd,0.81,2.27,,,0.6592953165352576,0.4924655437381149,0.3892321361325732,0.4020026553424103,0.0189144736842105,1.0,1.9356845331024184,1.0,1.0,1.0631891674374956,0.7191121564676219,0.08999999999999997,1.9499999999999997,,,0.0,0.0,0.0
profile1d_quadratic__robust_ossm_ekf,32_1,cohface_32_1,data/cohface_32_1.pkl,0.84,1.05,0.45,0.5487191520809122,-0.4022341781858451,2.59,3.74,-0.16,7.0221715829185145,0.48241243,0.1208881578947368,0.2462550911347586,0.0,0.0,1.0,profile1d_quadratic,robust_ossm_ekf,profile1d_quadratic__kfstd,0.79,1.68,,,0.6592953165352576,0.4924655437381149,0.4266701506614026,0.4342154453774605,0.0189144736842105,1.0,1.9356845331024184,1.0,1.0,1.0637936546335929,0.8008404732917321,0.04999999999999993,0.9099999999999999,,,0.0,0.0,0.0
profile1d_cubic__robust_ossm_ekf,32_1,cohface_32_1,data/cohface_32_1.pkl,0.84,1.05,0.45,0.5505661746625723,-0.4075515769096935,2.09,3.17,0.14,7.540166489955609,0.45413125,0.2294407894736842,0.2486351338129765,0.0,0.0,1.0,profile1d_cubic,robust_ossm_ekf,profile1d_cubic__kfstd,0.8,1.7,,,0.6592953165352576,0.4924655437381149,0.42676167261888,0.4357931613179648,0.0205592105263157,1.0,1.9356845331024184,1.0,1.0,1.0638646042321696,0.8084322456853638,0.039999999999999925,0.3899999999999999,,,0.0,0.0,0.0
of_farneback__robust_ossm_ekf,21_0,cohface_21_0,data/cohface_21_0.pkl,0.61,0.76,0.72,0.5619284854732015,2.5046451398523346,0.35,0.48,0.98,5.018609752244064,0.10273013,0.0231788079470198,0.1553672759597716,0.0,0.0,1.0,of_farneback,robust_ossm_ekf,of_farneback__kfstd,0.6,0.35,,,0.4938460839245212,0.2161777797621193,0.3450641157069211,0.1009595175372466,0.0082781456953642,1.0,1.4107377815480266,1.0,1.0,1.0706203433122028,0.4077996986682432,0.010000000000000009,0.0,,,0.0,0.0,0.0
dof__robust_ossm_ekf,21_0,cohface_21_0,data/cohface_21_0.pkl,1.19,1.46,0.42,0.6529431623835796,-2.467649074776133,12.96,13.19,-0.88,11.809395894339293,3.7169907,0.6216887417218543,0.1240463800484301,0.0,0.0,1.0,dof,robust_ossm_ekf,dof__kfstd,1.07,12.85,,,0.4938460839245212,0.2161777797621193,0.3709627536661399,0.4318710459552528,0.009933774834437,1.6902476095797,1.4107377815480266,0.5546041989780587,0.2383311068014052,1.0763630892054596,0.6526522624421985,0.11999999999999988,0.11000000000000121,,,0.0,0.0,0.0
profile1d_linear__robust_ossm_ekf,21_0,cohface_21_0,data/cohface_21_0.pkl,0.9,1.16,0.33,0.6454062759212743,-1.3014702558545923,7.7,8.81,0.67,5.171955329095007,1.5819855,0.1390728476821192,0.2683782414329649,0.0,0.0,1.0,profile1d_linear,robust_ossm_ekf,profile1d_linear__kfstd,1.0,7.18,,,0.4938460839245212,0.2161777797621193,0.3564526549314719,0.3348201032330177,0.0173841059602649,1.0,1.4107377815480266,1.0,1.0,1.0648521416598302,0.600657340316294,-0.09999999999999998,0.5200000000000005,,,1.0,0.0,0.0
profile1d_quadratic__robust_ossm_ekf,21_0,cohface_21_0,data/cohface_21_0.pkl,0.75,0.95,0.56,0.5717438309168752,0.5377563668728005,3.71,4.85,-0.63,1.8216037736615656,0.5463505,0.0951986754966887,0.1430417706790127,0.0,0.0,1.0,profile1d_quadratic,robust_ossm_ekf,profile1d_quadratic__kfstd,0.73,3.69,,,0.4938460839245212,0.2161777797621193,0.3172418534878968,0.2724579328809291,0.0091059602649006,1.0,1.4107377815480266,1.0,1.0,1.07059262862907,0.46543975729649717,0.020000000000000018,0.020000000000000018,,,0.0,0.0,0.0
profile1d_cubic__robust_ossm_ekf,21_0,cohface_21_0,data/cohface_21_0.pkl,0.78,0.98,0.53,0.5732855260956699,0.2675867334145967,4.65,5.55,-0.64,1.587211844946203,0.7138034,0.2052980132450331,0.1447175706172935,0.0,0.0,1.0,profile1d_cubic,robust_ossm_ekf,profile1d_cubic__kfstd,0.74,3.96,,,0.4938460839245212,0.2161777797621193,0.3244458751195583,0.254832731102591,0.0082781456953642,1.0,1.4107377815480266,1.0,1.0,1.070290498234843,0.4638594749484389,0.040000000000000036,0.6900000000000004,,,0.0,0.0,0.0
of_farneback__robust_ossm_ekf,39_0,cohface_39_0,data/cohface_39_0.pkl,0.41,0.5,0.88,0.2969983580517127,6.156280140509429,0.06,0.09,0.98,13.5033899701696,0.1281887,0.0188062142273098,0.1191506083971441,0.0,0.0,1.0,of_farneback,robust_ossm_ekf,of_farneback__kfstd,0.39,0.06,,,0.8471167341003712,0.2900589322040011,0.3605378088755364,0.4621588996864463,0.0024529844644317,1.0,1.551111971187602,1.0,1.0,1.072466209826436,0.531705266770059,0.019999999999999962,0.0,,,0.0,0.0,0.0
dof__robust_ossm_ekf,39_0,cohface_39_0,data/cohface_39_0.pkl,0.86,1.12,0.4,0.5003380181421302,-0.7695400953475495,3.95,5.79,-0.58,4.16405510730012,0.70949036,0.1708912510220768,0.1868304696580941,0.0,0.0,1.0,dof,robust_ossm_ekf,dof__kfstd,0.9,7.57,,,0.8471167341003712,0.2900589322040011,0.3121233586301594,0.4279791251463193,0.0057236304170073,1.56308367844261,1.551111971187602,0.6532932516453515,0.3109194612529019,1.070662828835993,0.44336267326830064,-0.040000000000000036,-3.62,,,1.0,1.0,1.0
profile1d_linear__robust_ossm_ekf,39_0,cohface_39_0,data/cohface_39_0.pkl,0.42,0.57,0.84,0.3254871239117152,5.029834562407887,0.13,0.16,0.91,14.896551405247347,0.010385883,0.1954210956663941,0.096897409844648,0.0,0.0,1.0,profile1d_linear,robust_ossm_ekf,profile1d_linear__kfstd,0.39,0.12,,,0.8471167341003712,0.2900589322040011,0.3701087434865422,0.3701160525554109,0.0057236304170073,1.0,1.551111971187602,1.0,1.0,1.0748437372971906,0.5064851549052298,0.02999999999999997,0.010000000000000009,,,0.0,0.0,0.0
profile1d_quadratic__robust_ossm_ekf,39_0,cohface_39_0,data/cohface_39_0.pkl,0.29,0.37,0.93,0.2233459820058818,8.677250339341043,0.05,0.08,0.98,13.139463159314817,0.024623,0.0449713818479149,0.0726605869077539,0.0,0.0,1.0,profile1d_quadratic,robust_ossm_ekf,profile1d_quadratic__kfstd,0.26,0.06,,,0.8471167341003712,0.2900589322040011,0.3600151819382605,0.4306592425613236,0.0016353229762878,1.0,1.551111971187602,1.0,1.0,1.0764914831942596,0.5090418596698709,0.02999999999999997,-0.009999999999999995,,,0.0,1.0,0.0
profile1d_cubic__robust_ossm_ekf,39_0,cohface_39_0,data/cohface_39_0.pkl,0.3,0.38,0.93,0.2302195160205653,8.52220296946987,0.06,0.09,0.96,13.030342390197829,0.02578377,0.0482420278004906,0.0770444640110173,0.0,0.0,1.0,profile1d_cubic,robust_ossm_ekf,profile1d_cubic__kfstd,0.26,0.06,,,0.8471167341003712,0.2900589322040011,0.3613444316823546,0.4317424184821301,0.0,1.0,1.551111971187602,1.0,1.0,1.0760924657247115,0.5054360708151072,0.03999999999999998,0.0,,,0.0,0.0,0.0
of_farneback__robust_ossm_ekf,36_1,cohface_36_1,data/cohface_36_1.pkl,0.56,0.71,0.75,0.3833086239876453,3.0842745849160265,2.88,3.78,-0.42,3.7035756478689534,0.1972164,0.3047775947281713,0.2930866812050692,0.0,0.0,1.0,of_farneback,robust_ossm_ekf,of_farneback__kfstd,0.56,2.89,,,0.6580943823434688,0.1152372174118724,0.4177027388902701,0.4467876440308608,0.0164744645799011,1.0,1.2189507130825574,1.0,1.0,1.0585757010031325,0.6340557568720907,0.0,-0.010000000000000231,,,0.0,1.0,0.0
dof__robust_ossm_ekf,36_1,cohface_36_1,data/cohface_36_1.pkl,0.77,0.96,0.55,0.4545151921846594,0.5614220694631407,4.49,4.82,-0.41,8.26585976381036,1.032253,0.0,0.1169933978137223,0.0,0.0,1.0,dof,robust_ossm_ekf,dof__kfstd,0.69,4.25,,,0.6580943823434688,0.1152372174118724,0.3955818787716382,0.3487198856610265,0.0016474464579901,1.8918239684133915,1.2189507130825574,0.5276410780137232,0.1960608594489035,1.0770420506432898,0.4805397716070424,0.08000000000000007,0.2400000000000002,,,0.0,0.0,0.0
profile1d_linear__robust_ossm_ekf,36_1,cohface_36_1,data/cohface_36_1.pkl,0.5,0.63,0.8,0.3616215210879855,4.062148520091178,0.95,1.42,0.65,8.638636914504179,0.056523487,0.2265238879736408,0.1344505232160617,0.0,0.0,1.0,profile1d_linear,robust_ossm_ekf,profile1d_linear__kfstd,0.45,1.06,,,0.6580943823434688,0.1152372174118724,0.4374284333656005,0.4201700509699542,0.0090609555189456,1.0,1.2189507130825574,1.0,1.0,1.070927260945271,0.6139962849306693,0.04999999999999999,-0.1100000000000001,,,0.0,1.0,0.0
profile1d_quadratic__robust_ossm_ekf,36_1,cohface_36_1,data/cohface_36_1.pkl,0.57,0.71,0.75,0.4096216399707522,3.1065778526736616,1.44,2.31,0.26,6.753200263767505,0.1368419,0.3599670510708402,0.1868760432851116,0.0,0.0,1.0,profile1d_quadratic,robust_ossm_ekf,profile1d_quadratic__kfstd,0.53,1.37,,,0.6580943823434688,0.1152372174118724,0.4088066668982011,0.459241412491074,0.0140032948929159,1.0,1.2189507130825574,1.0,1.0,1.0664331435988128,0.6166980222331384,0.039999999999999925,0.06999999999999984,,,0.0,0.0,0.0
profile1d_cubic__robust_ossm_ekf,36_1,cohface_36_1,data/cohface_36_1.pkl,0.57,0.71,0.75,0.4068367144659369,3.1032445009861225,1.32,2.06,0.35,6.76448996744274,0.13916588,0.3591433278418451,0.185609525243764,0.0,0.0,1.0,profile1d_cubic,robust_ossm_ekf,profile1d_cubic__kfstd,0.53,1.37,,,0.6580943823434688,0.1152372174118724,0.4018536487867093,0.4458921640576108,0.0140032948929159,1.0,1.2189507130825574,1.0,1.0,1.066546859050563,0.5971808592733558,0.039999999999999925,-0.050000000000000044,,,0.0,1.0,0.0
of_farneback__robust_ossm_ekf,11_2,cohface_11_2,data/cohface_11_2.pkl,0.31,0.41,0.92,0.2737497648851006,7.678099057279391,0.1,0.13,0.99,10.0492734594221,0.043069236,0.0,0.0866932047247446,0.0,0.0,1.0,of_farneback,robust_ossm_ekf,of_farneback__kfstd,0.28,0.1,,,0.5598281904833021,0.1314451212771176,0.2390210218757941,0.4659473154984488,0.0,1.0,1.2497457304265236,1.0,1.0,1.0753343917546374,0.34795709576034883,0.02999999999999997,0.0,,,0.0,0.0,0.0
dof__robust_ossm_ekf,11_2,cohface_11_2,data/cohface_11_2.pkl,0.35,0.51,0.87,0.3050391966582177,5.8835235261261785,0.1,0.12,0.97,12.691481763951128,0.08447686,0.2740619902120718,0.1323422238891044,0.0,0.0,1.0,dof,robust_ossm_ekf,dof__kfstd,0.31,0.16,,,0.5598281904833021,0.1314451212771176,0.2851185053833864,0.4659457103771789,0.0073409461663947,1.8231947850501815,1.2497457304265236,0.459722243644211,0.1849076035648523,1.0757180169056226,0.42980274872723656,0.03999999999999998,-0.06,,,0.0,1.0,0.0
profile1d_linear__robust_ossm_ekf,11_2,cohface_11_2,data/cohface_11_2.pkl,0.52,0.73,0.74,0.4524537202054144,2.740204471452614,1.2,2.33,-0.22,7.126281281244574,0.15103501,0.0734094616639478,0.1201039367811885,0.0,0.0,1.0,profile1d_linear,robust_ossm_ekf,profile1d_linear__kfstd,0.45,0.29,,,0.5598281904833021,0.1314451212771176,0.2930304945930425,0.4698762667947332,0.0089722675367047,1.0,1.2497457304265236,1.0,1.0,1.0730831035658304,0.4518364750679452,0.07,0.9099999999999999,,,0.0,0.0,0.0
profile1d_quadratic__robust_ossm_ekf,11_2,cohface_11_2,data/cohface_11_2.pkl,0.31,0.43,0.91,0.280873496558117,7.323192311712752,0.11,0.14,0.99,13.317856448714403,0.096110106,0.0,0.0476854495071765,0.0,0.0,1.0,profile1d_quadratic,robust_ossm_ekf,profile1d_quadratic__kfstd,0.28,0.11,,,0.5598281904833021,0.1314451212771176,0.2361516817592532,0.4492932635655451,0.0,1.0,1.2497457304265236,1.0,1.0,1.078799720968066,0.3381488771302773,0.02999999999999997,0.0,,,0.0,0.0,0.0
profile1d_cubic__robust_ossm_ekf,11_2,cohface_11_2,data/cohface_11_2.pkl,0.32,0.44,0.9,0.2938093633542917,7.169256297362172,0.12,0.14,0.99,13.469859324678966,0.09781815,0.0,0.0496109928073907,0.0,0.0,1.0,profile1d_cubic,robust_ossm_ekf,profile1d_cubic__kfstd,0.28,0.11,,,0.5598281904833021,0.1314451212771176,0.2369208554521744,0.4539518798213742,0.0,1.0,1.2497457304265236,1.0,1.0,1.0786233368900249,0.3408925173527808,0.03999999999999998,0.009999999999999995,,,0.0,0.0,0.0
of_farneback__robust_ossm_ekf,8_1,cohface_8_1,data/cohface_8_1.pkl,0.37,0.48,0.89,0.3126792136924704,6.388776475750396,1.06,1.99,0.21,5.230134345035083,0.10912887,0.0231596360628618,0.1021063780157589,0.0,0.0,1.0,of_farneback,robust_ossm_ekf,of_farneback__kfstd,0.36,1.06,,,0.8026964847670782,0.2611370088933606,0.2735169272550771,0.4331368833165994,0.0024813895781637,1.0,1.4961603168973852,1.0,1.0,1.0741329142292613,0.36462024699248335,0.010000000000000009,0.0,,,0.0,0.0,0.0
dof__robust_ossm_ekf,8_1,cohface_8_1,data/cohface_8_1.pkl,0.51,0.61,0.81,0.3653772105848153,4.2827047197665005,0.86,1.73,0.59,9.519075230953264,0.10547581,0.1430934656741108,0.0993589263282814,0.0,0.0,1.0,dof,robust_ossm_ekf,dof__kfstd,0.47,0.4,,,0.8026964847670782,0.2611370088933606,0.3205855865622872,0.511524255602062,0.0024813895781637,1.977794371827249,1.4961603168973852,0.4637098200920608,0.1510151970231663,1.0786801327537414,0.48458974429215357,0.040000000000000036,0.45999999999999996,,,0.0,0.0,0.0
profile1d_linear__robust_ossm_ekf,8_1,cohface_8_1,data/cohface_8_1.pkl,0.4,0.52,0.87,0.3417910163294861,5.786905769900738,1.1,1.99,0.22,6.374003069962177,0.17857213,0.0082712985938792,0.0097976413519501,0.0,0.0,1.0,profile1d_linear,robust_ossm_ekf,profile1d_linear__kfstd,0.36,1.1,,,0.8026964847670782,0.2611370088933606,0.2351287287478469,0.387324669466944,0.0,1.0,1.4961603168973852,1.0,1.0,1.0823886753548635,0.29447274074749596,0.040000000000000036,0.0,,,0.0,0.0,0.0
profile1d_quadratic__robust_ossm_ekf,8_1,cohface_8_1,data/cohface_8_1.pkl,0.34,0.46,0.9,0.30172975968056,6.860179396214768,1.15,2.06,0.18,5.8461914207976085,0.13854526,0.009925558312655,0.0306585993935862,0.0,0.0,1.0,profile1d_quadratic,robust_ossm_ekf,profile1d_quadratic__kfstd,0.32,1.12,,,0.8026964847670782,0.2611370088933606,0.2542618554529863,0.4259174705863153,0.0,1.0,1.4961603168973852,1.0,1.0,1.0803966798775486,0.31827108198778886,0.020000000000000018,0.029999999999999805,,,0.0,0.0,0.0
profile1d_cubic__robust_ossm_ekf,8_1,cohface_8_1,data/cohface_8_1.pkl,0.34,0.46,0.9,0.3028502551376174,6.846538706939693,1.15,2.06,0.18,5.7615734477481855,0.13450958,0.009925558312655,0.0324131944691912,0.0,0.0,1.0,profile1d_cubic,robust_ossm_ekf,profile1d_cubic__kfstd,0.32,1.13,,,0.8026964847670782,0.2611370088933606,0.2573233820869911,0.425900489918589,0.0,1.0,1.4961603168973852,1.0,1.0,1.0802306542721782,0.32339308651058263,0.020000000000000018,0.020000000000000018,,,0.0,0.0,0.0
of_farneback__robust_ossm_ekf,8_0,cohface_8_0,data/cohface_8_0.pkl,0.31,0.41,0.92,0.293306847659279,7.78139179680813,0.07,0.1,0.98,11.346382056382236,0.023230024,0.0,0.0446700139047681,0.0,0.0,1.0,of_farneback,robust_ossm_ekf,of_farneback__kfstd,0.31,0.07,,,0.795387122020253,0.2558999623176248,0.234241474308204,0.3364625860128667,0.0,1.0,1.486209928403487,1.0,1.0,1.0791555282937733,0.2637690480382695,0.0,0.0,,,0.0,0.0,0.0
dof__robust_ossm_ekf,8_0,cohface_8_0,data/cohface_8_0.pkl,0.59,0.78,0.7,0.443336297267818,2.205284555997457,0.32,0.4,0.85,7.119224900009253,0.09730951,0.1760330578512396,0.0996238982943006,0.0,0.0,1.0,dof,robust_ossm_ekf,dof__kfstd,0.58,0.4,,,0.795387122020253,0.2558999623176248,0.3168580503111901,0.4067112750919286,0.0008264462809917,1.8853753052513929,1.486209928403487,0.491882650592813,0.22771085832111,1.0787061936650533,0.4144108464333696,0.010000000000000009,-0.08000000000000002,,,0.0,1.0,0.0
profile1d_linear__robust_ossm_ekf,8_0,cohface_8_0,data/cohface_8_0.pkl,0.3,0.4,0.92,0.2906080186633448,8.03399853646987,0.14,0.16,0.98,12.133018501316585,0.04263121,0.0008264462809917,0.0076195719745116,0.0,0.0,1.0,profile1d_linear,robust_ossm_ekf,profile1d_linear__kfstd,0.29,0.14,,,0.795387122020253,0.2558999623176248,0.2535260346011448,0.3410201880001787,0.0,1.0,1.486209928403487,1.0,1.0,1.082597894189004,0.26645319703098913,0.010000000000000009,0.0,,,0.0,0.0,0.0
profile1d_quadratic__robust_ossm_ekf,8_0,cohface_8_0,data/cohface_8_0.pkl,0.29,0.37,0.93,0.2814136660017586,8.721235089208383,0.07,0.11,0.98,12.301429562957356,0.03429219,0.0140495867768595,0.0156288829559526,0.0,0.0,1.0,profile1d_quadratic,robust_ossm_ekf,profile1d_quadratic__kfstd,0.29,0.11,,,0.795387122020253,0.2558999623176248,0.2444949476418713,0.3070796077015596,0.0,1.0,1.486209928403487,1.0,1.0,1.0818296592188157,0.24646426981126274,0.0,-0.039999999999999994,,,0.0,1.0,0.0
profile1d_cubic__robust_ossm_ekf,8_0,cohface_8_0,data/cohface_8_0.pkl,0.29,0.37,0.93,0.280868537720306,8.718185611703628,0.08,0.11,0.98,12.305035542547708,0.034462143,0.0,0.0167438684855775,0.0,0.0,1.0,profile1d_cubic,robust_ossm_ekf,profile1d_cubic__kfstd,0.29,0.12,,,0.795387122020253,0.2558999623176248,0.2449009887318164,0.3054119130836254,0.0,1.0,1.486209928403487,1.0,1.0,1.0817234955339994,0.24548209961707862,0.0,-0.039999999999999994,,,0.0,1.0,0.0
of_farneback__robust_ossm_ekf,17_2,cohface_17_2,data/cohface_17_2.pkl,0.49,0.6,0.82,0.3687597251021781,4.536696126205062,0.09,0.12,0.97,14.31772697900913,0.030360255,0.1486042692939244,0.2178063009662044,0.0,0.0,1.0,of_farneback,robust_ossm_ekf,of_farneback__kfstd,0.49,0.09,,,0.674789088274071,0.3641988974844352,0.378662898398027,0.4305789142334831,0.0262725779967159,1.0,1.6919779052204271,1.0,1.0,1.06467406257679,0.7369244633948143,0.0,0.0,,,0.0,0.0,0.0
dof__robust_ossm_ekf,17_2,cohface_17_2,data/cohface_17_2.pkl,0.78,1.0,0.51,0.4958989450657378,-0.0609483342462693,6.02,6.84,-0.36,6.103507982186287,1.1353854,0.3333333333333333,0.1438113690438265,0.0,0.0,1.0,dof,robust_ossm_ekf,dof__kfstd,0.78,7.23,,,0.674789088274071,0.3641988974844352,0.3327838780126223,0.3546243701077625,0.0057471264367816,1.6252224448395638,1.6919779052204271,0.5999265243798042,0.3067473450114972,1.0745338463777965,0.5380300670555761,0.0,-1.2100000000000009,,,0.0,1.0,0.0
profile1d_linear__robust_ossm_ekf,17_2,cohface_17_2,data/cohface_17_2.pkl,0.37,0.46,0.9,0.2994649913657919,6.696851449826995,0.23,0.25,0.91,14.76434024414311,0.04383017,0.035303776683087,0.0451390473030102,0.0,0.0,1.0,profile1d_linear,robust_ossm_ekf,profile1d_linear__kfstd,0.34,0.19,,,0.674789088274071,0.3641988974844352,0.3517782856018133,0.4637434436930614,0.0032840722495894,1.0,1.6919779052204271,1.0,1.0,1.079057016856892,0.6243869257401198,0.02999999999999997,0.04000000000000001,,,0.0,0.0,0.0
profile1d_quadratic__robust_ossm_ekf,17_2,cohface_17_2,data/cohface_17_2.pkl,0.4,0.52,0.86,0.3204759800294931,5.486818186460415,0.17,0.2,0.95,11.914262177027842,0.051103562,0.0582922824302134,0.0600418011131367,0.0,0.0,1.0,profile1d_quadratic,robust_ossm_ekf,profile1d_quadratic__kfstd,0.33,0.12,,,0.674789088274071,0.3641988974844352,0.3580559070844174,0.4768180990361167,0.0032840722495894,1.0,1.6919779052204271,1.0,1.0,1.0776905945355475,0.6426102098439131,0.07,0.05000000000000002,,,0.0,0.0,0.0
profile1d_cubic__robust_ossm_ekf,17_2,cohface_17_2,data/cohface_17_2.pkl,0.42,0.54,0.85,0.3255193712941,5.1743133719984975,0.19,0.22,0.94,11.672563310452372,0.05476159,0.0796387520525451,0.064158070920533,0.0,0.0,1.0,profile1d_cubic,robust_ossm_ekf,profile1d_cubic__kfstd,0.37,0.2,,,0.674789088274071,0.3641988974844352,0.3614619168108934,0.4785933466544226,0.0024630541871921,1.0,1.6919779052204271,1.0,1.0,1.077306150959023,0.6461159364187034,0.04999999999999999,-0.010000000000000009,,,0.0,1.0,0.0
of_farneback__robust_ossm_ekf,8_2,cohface_8_2,data/cohface_8_2.pkl,0.45,0.57,0.84,0.350785690844802,4.913930822609091,1.52,2.95,-0.03,2.399308745255846,0.11219249,0.0512820512820512,0.2286492561168347,0.0,0.0,1.0,of_farneback,robust_ossm_ekf,of_farneback__kfstd,0.45,1.51,,,0.6674420074670494,0.2484623997865002,0.3335510022669237,0.3356153275144147,0.0181968569065343,1.0,1.4720785595943504,1.0,1.0,1.0636638523810615,0.5171045617841458,0.0,0.010000000000000009,,,0.0,0.0,0.0
dof__robust_ossm_ekf,8_2,cohface_8_2,data/cohface_8_2.pkl,0.63,0.85,0.64,0.361090600397641,1.519910993194009,4.75,5.5,-0.08,6.333327111980028,0.43022966,0.1273779983457403,0.107628982064162,0.0,0.0,1.0,dof,robust_ossm_ekf,dof__kfstd,0.69,4.27,,,0.6674420074670494,0.2484623997865002,0.3675415784603554,0.4797390940785938,0.0016542597187758,1.8620018225471988,1.4720785595943504,0.5380885737013302,0.1797570761282502,1.0778586801268502,0.5934940546982236,-0.05999999999999994,0.4800000000000004,,,1.0,0.0,0.0
profile1d_linear__robust_ossm_ekf,8_2,cohface_8_2,data/cohface_8_2.pkl,0.51,0.66,0.79,0.3543103597283919,3.706794700103684,1.73,2.68,0.17,2.9602521796520747,0.1478606,0.0421836228287841,0.116396791368046,0.0,0.0,1.0,profile1d_linear,robust_ossm_ekf,profile1d_linear__kfstd,0.45,1.29,,,0.6674420074670494,0.2484623997865002,0.2993893545575041,0.3606883646567636,0.0115798180314309,1.0,1.4720785595943504,1.0,1.0,1.0730598497738455,0.44841877757125204,0.06,0.43999999999999995,,,0.0,0.0,0.0
profile1d_quadratic__robust_ossm_ekf,8_2,cohface_8_2,data/cohface_8_2.pkl,0.43,0.53,0.86,0.3303385829685102,5.513972458922249,1.65,3.11,-0.05,3.7499058996900874,0.15909794,0.0785773366418527,0.1016565886106743,0.0,0.0,1.0,profile1d_quadratic,robust_ossm_ekf,profile1d_quadratic__kfstd,0.43,1.13,,,0.6674420074670494,0.2484623997865002,0.3236209288957291,0.3967099114100787,0.009925558312655,1.0,1.4720785595943504,1.0,1.0,1.073958400269674,0.5037055372546924,0.0,0.52,,,0.0,0.0,0.0
profile1d_cubic__robust_ossm_ekf,8_2,cohface_8_2,data/cohface_8_2.pkl,0.43,0.54,0.86,0.3343834235583302,5.44654219771836,1.66,3.09,-0.04,3.577044775016883,0.15738967,0.0851943755169561,0.1092326123268075,0.0,0.0,1.0,profile1d_cubic,robust_ossm_ekf,profile1d_cubic__kfstd,0.43,1.12,,,0.6674420074670494,0.2484623997865002,0.3210899744180165,0.3858009874709752,0.0090984284532671,1.0,1.4720785595943504,1.0,1.0,1.0733003205377725,0.4897648031203335,0.0,0.5399999999999998,,,0.0,0.0,0.0
of_farneback__robust_ossm_ekf,5_2,cohface_5_2,data/cohface_5_2.pkl,0.65,0.82,0.67,0.4748575565782434,1.7421932796171389,0.57,0.64,0.93,5.5679803775110885,0.37155122,0.2528925619834711,0.771968490827194,0.0,1.0,0.0,of_farneback,robust_ossm_ekf,of_farneback__kfstd,0.64,0.53,,,0.3528509289832651,0.1842259585550505,0.4476039748204998,0.3919558285159505,0.0231404958677685,1.0,1.350029321254596,0.990909090909091,0.990909090909091,1.0550405579322657,0.8164352868107837,0.010000000000000009,0.039999999999999925,,,0.0,0.0,0.0
dof__robust_ossm_ekf,5_2,cohface_5_2,data/cohface_5_2.pkl,0.83,1.03,0.46,0.4293062728078828,-0.4077901578638316,6.71,6.85,-0.08,2.823833675080433,1.6871821,0.1785123966942148,0.143336968322207,0.0,0.0,1.0,dof,robust_ossm_ekf,dof__kfstd,0.8,6.92,,,0.3528509289832651,0.1842259585550505,0.3397007948200626,0.314976823224195,0.0074380165289256,1.7539409202456588,1.350029321254596,0.4713812118461631,0.2271146840155628,1.0744618077183912,0.5532454887075139,0.029999999999999916,-0.20999999999999996,,,0.0,1.0,0.0
profile1d_linear__robust_ossm_ekf,5_2,cohface_5_2,data/cohface_5_2.pkl,0.37,0.52,0.87,0.2673287762436212,5.666954376854073,0.08,0.1,0.97,16.05880612222239,0.015878394,0.0049586776859504,0.0238631914222346,0.0,0.0,1.0,profile1d_linear,robust_ossm_ekf,profile1d_linear__kfstd,0.36,0.05,,,0.3528509289832651,0.1842259585550505,0.4056577031346063,0.2896899397803502,0.0049586776859504,1.0,1.350029321254596,1.0,1.0,1.0810382219673045,0.6391037554041675,0.010000000000000009,0.03,,,0.0,0.0,0.0
profile1d_quadratic__robust_ossm_ekf,5_2,cohface_5_2,data/cohface_5_2.pkl,0.34,0.47,0.89,0.2528181830751837,6.538174637900146,0.03,0.05,0.97,17.282533024992183,0.02281572,0.0,0.0335286518763888,0.0,0.0,1.0,profile1d_quadratic,robust_ossm_ekf,profile1d_quadratic__kfstd,0.31,0.05,,,0.3528509289832651,0.1842259585550505,0.3685190295189551,0.3013396178164502,0.0024793388429752,1.0,1.350029321254596,1.0,1.0,1.0801315061449586,0.5738973526540259,0.030000000000000027,-0.020000000000000004,,,0.0,1.0,0.0
profile1d_cubic__robust_ossm_ekf,5_2,cohface_5_2,data/cohface_5_2.pkl,0.34,0.48,0.89,0.2550041300403076,6.491244207469159,0.02,0.05,0.98,16.610915218914243,0.021822028,0.0,0.0343730641544525,0.0,0.0,1.0,profile1d_cubic,robust_ossm_ekf,profile1d_cubic__kfstd,0.32,0.05,,,0.3528509289832651,0.1842259585550505,0.3716809337019408,0.3049977625586006,0.0033057851239669,1.0,1.350029321254596,1.0,1.0,1.0800513831599243,0.5846227701168638,0.020000000000000018,-0.030000000000000002,,,0.0,1.0,0.0
of_farneback__robust_ossm_ekf,10_2,cohface_10_2,data/cohface_10_2.pkl,0.49,0.6,0.82,0.4050780174985646,4.459273527517819,0.15,0.19,0.95,10.863214510308632,0.15668267,0.1089271089271089,0.1518102946672707,0.0,0.0,1.0,of_farneback,robust_ossm_ekf,of_farneback__kfstd,0.48,0.16,,,0.5613818799524272,0.133248065444908,0.3499831747891352,0.4184250467992326,0.0032760032760032,1.0,1.2531713243453253,1.0,1.0,1.0698645804910347,0.49511891802980523,0.010000000000000009,-0.010000000000000009,,,0.0,1.0,0.0
dof__robust_ossm_ekf,10_2,cohface_10_2,data/cohface_10_2.pkl,0.48,0.59,0.83,0.3414870726846339,4.768073638187295,0.19,0.23,0.96,10.6122144125804,0.045887217,0.3497133497133497,0.0934590296237699,0.0,0.0,1.0,dof,robust_ossm_ekf,dof__kfstd,0.47,0.23,,,0.5613818799524272,0.133248065444908,0.3351602456112584,0.287048154139352,0.0,1.8382151987327269,1.2531713243453253,0.4843212571024565,0.1942940313869021,1.0792127612151663,0.3799333937809584,0.010000000000000009,-0.04000000000000001,,,0.0,1.0,0.0
profile1d_linear__robust_ossm_ekf,10_2,cohface_10_2,data/cohface_10_2.pkl,0.31,0.37,0.93,0.2826446742725682,8.603737251798435,0.07,0.12,0.97,13.992339148829188,0.019848723,0.0155610155610155,0.0327150970483143,0.0,0.0,1.0,profile1d_linear,robust_ossm_ekf,profile1d_linear__kfstd,0.29,0.1,,,0.5613818799524272,0.133248065444908,0.3262191952328803,0.4257537763734761,0.004095004095004,1.0,1.2531713243453253,1.0,1.0,1.0802085882059924,0.46284104210236365,0.020000000000000018,-0.03,,,0.0,1.0,0.0
profile1d_quadratic__robust_ossm_ekf,10_2,cohface_10_2,data/cohface_10_2.pkl,0.34,0.42,0.91,0.2702921604935797,7.671992960017214,0.13,0.16,0.96,13.950752043654234,0.027572919,0.0311220311220311,0.068775127677805,0.0,0.0,1.0,profile1d_quadratic,robust_ossm_ekf,profile1d_quadratic__kfstd,0.32,0.14,,,0.5613818799524272,0.133248065444908,0.3304788048853991,0.4522855711601509,0.0,1.0,1.2531713243453253,1.0,1.0,1.076892932645568,0.46940068231330223,0.020000000000000018,-0.010000000000000009,,,0.0,1.0,0.0
profile1d_cubic__robust_ossm_ekf,10_2,cohface_10_2,data/cohface_10_2.pkl,0.34,0.42,0.91,0.2734132466282434,7.607837166070988,0.14,0.16,0.97,13.90685973178492,0.027671725,0.0352170352170352,0.0715800009149356,0.0,0.0,1.0,profile1d_cubic,robust_ossm_ekf,profile1d_cubic__kfstd,0.32,0.15,,,0.5613818799524272,0.133248065444908,0.3325416674282084,0.4537995005365102,0.0,1.0,1.2531713243453253,1.0,1.0,1.0766377924009636,0.4737502490988238,0.020000000000000018,-0.009999999999999981,,,0.0,1.0,0.0
of_farneback__robust_ossm_ekf,6_1,cohface_6_1,data/cohface_6_1.pkl,0.4,0.58,0.83,0.3813318423976533,4.567598753050817,1.47,2.12,0.81,1.7633443843872068,0.18149382,0.0,0.0604307736588848,0.0,0.0,1.0,of_farneback,robust_ossm_ekf,of_farneback__kfstd,0.39,1.47,,,0.4740380179346147,0.1662006540774247,0.2807745714990255,0.0839394739357655,0.0,1.0,1.3157812427471067,1.0,1.0,1.077820309084171,0.22932359822431,0.010000000000000009,0.0,,,0.0,0.0,0.0
dof__robust_ossm_ekf,6_1,cohface_6_1,data/cohface_6_1.pkl,1.02,1.31,0.26,0.6375147731368211,-2.3265342187415685,7.79,8.17,-0.63,5.918507059741631,1.7494096,0.5385252692626347,0.2005149289566431,0.0,0.0,1.0,dof,robust_ossm_ekf,dof__kfstd,0.99,7.03,,,0.4740380179346147,0.1662006540774247,0.3346328503469637,0.3990075273892445,0.0173985086992543,1.720319368313759,1.3157812427471067,0.5110680113127014,0.2604840042096863,1.0693455305760384,0.5740174751624111,0.030000000000000027,0.7599999999999998,,,0.0,0.0,0.0
profile1d_linear__robust_ossm_ekf,6_1,cohface_6_1,data/cohface_6_1.pkl,0.45,0.6,0.82,0.4208318481538308,4.472064692973056,1.03,2.02,0.64,2.853277643109178,0.18827702,0.1275890637945319,0.1409503530343087,0.0,0.0,1.0,profile1d_linear,robust_ossm_ekf,profile1d_linear__kfstd,0.38,1.4,,,0.4740380179346147,0.1662006540774247,0.2922264628825973,0.0971636076404314,0.0057995028997514,1.0,1.3157812427471067,1.0,1.0,1.0714892545037629,0.27926048439538714,0.07,-0.3699999999999999,,,0.0,1.0,0.0
profile1d_quadratic__robust_ossm_ekf,6_1,cohface_6_1,data/cohface_6_1.pkl,0.43,0.62,0.8,0.3983788553560742,3.935131973229896,0.66,0.96,0.91,3.2928660134309435,0.45340627,0.0,0.0463291279109945,0.0,0.0,1.0,profile1d_quadratic,robust_ossm_ekf,profile1d_quadratic__kfstd,0.42,1.52,,,0.4740380179346147,0.1662006540774247,0.3002982711443015,0.0957001094017762,0.0024855012427506,1.0,1.3157812427471067,1.0,1.0,1.0790723395613704,0.27881383612914934,0.010000000000000009,-0.86,,,0.0,1.0,0.0
profile1d_cubic__robust_ossm_ekf,6_1,cohface_6_1,data/cohface_6_1.pkl,0.44,0.62,0.8,0.4042987694113066,3.913163285962901,0.69,0.97,0.9,3.252614917981486,0.44489592,0.0,0.0475866120326789,0.0,0.0,1.0,profile1d_cubic,robust_ossm_ekf,profile1d_cubic__kfstd,0.42,1.53,,,0.4740380179346147,0.1662006540774247,0.3007918190168227,0.0973716467470727,0.0033140016570008,1.0,1.3157812427471067,1.0,1.0,1.078960802155277,0.2839044548657391,0.020000000000000018,-0.8400000000000001,,,0.0,1.0,0.0
of_farneback__robust_ossm_ekf,25_2,cohface_25_2,data/cohface_25_2.pkl,0.48,0.59,0.82,0.3941662368502491,4.611777679016,0.14,0.17,0.84,9.996790344258777,0.103149526,0.1991935483870967,0.3283675122421532,0.0,0.0,1.0,of_farneback,robust_ossm_ekf,of_farneback__kfstd,0.47,0.14,,,0.8426054499716825,0.2439336946797641,0.3235715351169975,0.3875657221672135,0.0185483870967741,1.0,1.463474019891552,1.0,1.0,1.0555953669698537,0.4562257581593903,0.010000000000000009,0.0,,,0.0,0.0,0.0
dof__robust_ossm_ekf,25_2,cohface_25_2,data/cohface_25_2.pkl,0.45,0.58,0.83,0.3758478125253559,4.581820954800988,0.15,0.19,0.87,7.207474863360477,0.20431368,0.4741935483870967,0.1321179061637209,0.0,0.0,1.0,dof,robust_ossm_ekf,dof__kfstd,0.42,0.16,,,0.8426054499716825,0.2439336946797641,0.3132084612107932,0.4752703442384142,0.0024193548387096,1.5478233842357008,1.463474019891552,0.6661511554215465,0.2713790455545478,1.0755926488146994,0.42667497952601724,0.030000000000000027,-0.010000000000000009,,,0.0,1.0,0.0
profile1d_linear__robust_ossm_ekf,25_2,cohface_25_2,data/cohface_25_2.pkl,0.47,0.62,0.8,0.3778078908919589,4.139179519947957,0.12,0.16,0.96,11.297792580506696,0.049864434,0.0040322580645161,0.0844973486260233,0.0,0.0,1.0,profile1d_linear,robust_ossm_ekf,profile1d_linear__kfstd,0.41,0.12,,,0.8426054499716825,0.2439336946797641,0.2872978693578322,0.430861361219696,0.0016129032258064,1.0,1.463474019891552,1.0,1.0,1.0753820981778728,0.35389555227520697,0.06,0.0,,,0.0,0.0,0.0
profile1d_quadratic__robust_ossm_ekf,25_2,cohface_25_2,data/cohface_25_2.pkl,0.39,0.5,0.87,0.3495791408113557,6.0209183974977325,0.12,0.15,0.94,10.5979497401782,0.034292556,0.114516129032258,0.2237570067686309,0.0,0.0,1.0,profile1d_quadratic,robust_ossm_ekf,profile1d_quadratic__kfstd,0.37,0.12,,,0.8426054499716825,0.2439336946797641,0.3166995421247126,0.4161321198705476,0.0112903225806451,1.0,1.463474019891552,1.0,1.0,1.0633527460308572,0.4328058028184224,0.020000000000000018,0.0,,,0.0,0.0,0.0
profile1d_cubic__robust_ossm_ekf,25_2,cohface_25_2,data/cohface_25_2.pkl,0.48,0.6,0.82,0.3853565684886366,4.5628470951034,0.15,0.17,0.92,10.838615959565216,0.031978093,0.1129032258064516,0.2253303680973699,0.0,0.0,1.0,profile1d_cubic,robust_ossm_ekf,profile1d_cubic__kfstd,0.39,0.13,,,0.8426054499716825,0.2439336946797641,0.3135620072407523,0.4167881026588204,0.0112903225806451,1.0,1.463474019891552,1.0,1.0,1.0632545999242664,0.42793271965143465,0.08999999999999997,0.01999999999999999,,,0.0,0.0,0.0
of_farneback__robust_ossm_ekf,14_2,cohface_14_2,data/cohface_14_2.pkl,0.63,0.77,0.71,0.4795515133405325,2.3771973910084405,0.42,0.53,0.39,5.919731168392805,0.14227277,0.087620578778135,0.2325850331325591,0.0,0.0,1.0,of_farneback,robust_ossm_ekf,of_farneback__kfstd,0.62,0.42,,,0.3980760005920963,0.2007493423114084,0.3465056350055772,0.4495560458484677,0.017684887459807,1.0,1.381423750391676,1.0,1.0,1.0634349003653891,0.6814185490402916,0.010000000000000009,0.0,,,0.0,0.0,0.0
dof__robust_ossm_ekf,14_2,cohface_14_2,data/cohface_14_2.pkl,0.47,0.65,0.79,0.345645315230438,3.799894544209288,1.0,1.67,-0.43,9.61936481936092,0.3519499,0.1663987138263665,0.1054158462529818,0.0,0.0,1.0,dof,robust_ossm_ekf,dof__kfstd,0.49,0.4,,,0.3980760005920963,0.2007493423114084,0.2978703307150141,0.4195481148385418,0.0,1.9070663018886895,1.381423750391676,0.390271464155043,0.1567517474984281,1.0781360178852872,0.5122295112163981,-0.020000000000000018,0.6,,,1.0,0.0,0.0
profile1d_linear__robust_ossm_ekf,14_2,cohface_14_2,data/cohface_14_2.pkl,0.45,0.6,0.82,0.3748606300878447,4.575931550577732,0.18,0.27,0.97,13.781622744018922,0.19999999,0.1519292604501607,0.130727106562312,0.0,0.0,1.0,profile1d_linear,robust_ossm_ekf,profile1d_linear__kfstd,0.37,0.17,,,0.3980760005920963,0.2007493423114084,0.3266622220998666,0.5077370126427851,0.0104501607717041,1.0,1.381423750391676,1.0,1.0,1.0718711312301028,0.650922149746104,0.08000000000000002,0.009999999999999981,,,0.0,0.0,0.0
profile1d_quadratic__robust_ossm_ekf,14_2,cohface_14_2,data/cohface_14_2.pkl,0.39,0.52,0.87,0.3205863486075729,5.72976228650595,0.17,0.23,0.97,13.287590801936318,0.1833942,0.0128617363344051,0.0621299600195375,0.0,0.0,1.0,profile1d_quadratic,robust_ossm_ekf,profile1d_quadratic__kfstd,0.37,0.16,,,0.3980760005920963,0.2007493423114084,0.281431198358876,0.5005052181913258,0.0016077170418006,1.0,1.381423750391676,1.0,1.0,1.0774852967602195,0.5387142189740644,0.020000000000000018,0.010000000000000009,,,0.0,0.0,0.0
profile1d_cubic__robust_ossm_ekf,14_2,cohface_14_2,data/cohface_14_2.pkl,0.39,0.52,0.87,0.3224833763505618,5.715137118340584,0.17,0.23,0.97,13.214725842101547,0.17334192,0.0144694533762057,0.0640859874558588,0.0,0.0,1.0,profile1d_cubic,robust_ossm_ekf,profile1d_cubic__kfstd,0.37,0.17,,,0.3980760005920963,0.2007493423114084,0.2807848583494295,0.4946671324778444,0.0008038585209003,1.0,1.381423750391676,1.0,1.0,1.0773064285899825,0.5310111563139949,0.020000000000000018,0.0,,,0.0,0.0,0.0
of_farneback__robust_ossm_ekf,3_0,cohface_3_0,data/cohface_3_0.pkl,0.83,1.08,0.39,0.590123037046244,-0.6414114973101481,0.91,1.17,0.88,3.1062060684981128,0.23162727,0.1284175642087821,0.5084899710758168,0.0,0.0,1.0,of_farneback,robust_ossm_ekf,of_farneback__kfstd,0.82,0.9,,,0.7004399752732355,0.2542550375602315,0.4165864481477567,0.3882414740051523,0.0157415078707539,1.0,1.4830845713644398,0.9933719966859984,0.9933719966859984,1.0604332082936154,0.6680380759134846,0.010000000000000009,0.010000000000000009,,,0.0,0.0,0.0
dof__robust_ossm_ekf,3_0,cohface_3_0,data/cohface_3_0.pkl,0.95,1.17,0.34,0.4879586537316263,-1.2012877825476174,7.34,7.9,0.72,0.2874549296607487,0.7029899,0.1342170671085335,0.2690358136466594,0.0,0.0,1.0,dof,robust_ossm_ekf,dof__kfstd,0.81,2.52,,,0.7004399752732355,0.2542550375602315,0.3268943566740406,0.4470959192755678,0.0091135045567522,1.6314327898015284,1.4830845713644398,0.6103017772053438,0.330166156000291,1.0636936941276731,0.5261189811124516,0.1399999999999999,4.82,,,0.0,0.0,0.0
profile1d_linear__robust_ossm_ekf,3_0,cohface_3_0,data/cohface_3_0.pkl,0.48,0.61,0.82,0.3339995339835401,4.414088566505062,0.45,0.51,0.99,8.528788739610993,0.16117471,0.0546810273405136,0.0378891175056413,0.0,0.0,1.0,profile1d_linear,robust_ossm_ekf,profile1d_linear__kfstd,0.45,0.33,,,0.7004399752732355,0.2542550375602315,0.2963681593906625,0.4518974119656745,0.0,1.0,1.4830845713644398,1.0,1.0,1.0797427268247002,0.44170860239191634,0.02999999999999997,0.12,,,0.0,0.0,0.0
profile1d_quadratic__robust_ossm_ekf,3_0,cohface_3_0,data/cohface_3_0.pkl,0.51,0.8,0.68,0.3537850932564347,1.974014106269121,0.37,0.43,0.98,8.448308779321728,0.07455009,0.08036454018227,0.1325924078660858,0.0,0.0,1.0,profile1d_quadratic,robust_ossm_ekf,profile1d_quadratic__kfstd,0.54,0.38,,,0.7004399752732355,0.2542550375602315,0.2972218149231059,0.4777795077840209,0.008285004142502,1.0,1.4830845713644398,1.0,1.0,1.07205350342383,0.49117111137071434,-0.030000000000000027,-0.010000000000000009,,,1.0,1.0,1.0
profile1d_cubic__robust_ossm_ekf,3_0,cohface_3_0,data/cohface_3_0.pkl,0.51,0.8,0.68,0.3526556433599998,1.990768279546683,0.37,0.42,0.98,8.366243342618304,0.07120641,0.0778790389395194,0.133863998622873,0.0,0.0,1.0,profile1d_cubic,robust_ossm_ekf,profile1d_cubic__kfstd,0.53,0.37,,,0.7004399752732355,0.2542550375602315,0.3015225723269588,0.4840399136471713,0.008285004142502,1.0,1.4830845713644398,1.0,1.0,1.0719523493011398,0.5020674224499978,-0.020000000000000018,0.0,,,1.0,0.0,0.0
of_farneback__robust_ossm_ekf,4_3,cohface_4_3,data/cohface_4_3.pkl,0.88,1.2,0.27,0.5603350700569212,-1.6761088200126448,1.12,2.36,0.59,2.555713320263618,0.28693485,0.2537190082644628,1.161289178111302,0.0,1.0,0.0,of_farneback,robust_ossm_ekf,of_farneback__kfstd,0.87,1.12,,,0.4137421314648857,0.1814890728819885,0.3889093141890446,0.307342535631547,0.0173553719008264,1.0,1.344829238475778,0.9834710743801652,0.9834710743801652,1.05754592254616,0.6469875328764759,0.010000000000000009,0.0,,,0.0,0.0,0.0
dof__robust_ossm_ekf,4_3,cohface_4_3,data/cohface_4_3.pkl,0.85,1.02,0.63,0.5419867428095452,0.0076676451503888,5.46,5.58,-0.83,8.547875995105679,1.2923054,0.2471074380165289,0.2120535747287249,0.0,0.0,1.0,dof,robust_ossm_ekf,dof__kfstd,0.79,2.55,,,0.4137421314648857,0.1814890728819885,0.3295275089082815,0.3761967894821483,0.0057851239669421,1.6532035192462964,1.344829238475778,0.5079340622353077,0.2724719703376042,1.068537876830489,0.5422072039680735,0.05999999999999994,2.91,,,0.0,0.0,0.0
profile1d_linear__robust_ossm_ekf,4_3,cohface_4_3,data/cohface_4_3.pkl,0.62,0.98,0.52,0.4435327851804287,0.1218114177805948,0.28,0.44,0.8,8.296264270441007,0.0983646,0.0917355371900826,0.098381063511318,0.0,0.0,1.0,profile1d_linear,robust_ossm_ekf,profile1d_linear__kfstd,0.53,0.2,,,0.4137421314648857,0.1814890728819885,0.2914120377317293,0.5291040869761708,0.0107438016528925,1.0,1.344829238475778,1.0,1.0,1.0746810665920603,0.5725420297889329,0.08999999999999997,0.08000000000000002,,,0.0,0.0,0.0
profile1d_quadratic__robust_ossm_ekf,4_3,cohface_4_3,data/cohface_4_3.pkl,0.4,0.59,0.83,0.3255866362132497,4.584844580728512,0.1,0.12,0.98,9.02877512724641,0.070282206,0.0388429752066115,0.062978839912654,0.0,0.0,1.0,profile1d_quadratic,robust_ossm_ekf,profile1d_quadratic__kfstd,0.34,0.12,,,0.4137421314648857,0.1814890728819885,0.2580676011513888,0.5330283046044523,0.0033057851239669,1.0,1.344829238475778,1.0,1.0,1.0775980478377358,0.48721055738403696,0.06,-0.01999999999999999,,,0.0,1.0,0.0
profile1d_cubic__robust_ossm_ekf,4_3,cohface_4_3,data/cohface_4_3.pkl,0.4,0.59,0.83,0.3255150015175869,4.532915317931408,0.11,0.13,0.98,8.87184826777319,0.071282476,0.0438016528925619,0.0707921155879719,0.0,0.0,1.0,profile1d_cubic,robust_ossm_ekf,profile1d_cubic__kfstd,0.34,0.12,,,0.4137421314648857,0.1814890728819885,0.2594658434910997,0.5306333544072959,0.0049586776859504,1.0,1.344829238475778,1.0,1.0,1.076931554216798,0.49609587015378176,0.06,-0.009999999999999995,,,0.0,1.0,0.0
of_farneback__robust_ossm_ekf,22_0,cohface_22_0,data/cohface_22_0.pkl,0.35,0.43,0.91,0.2758000082576975,7.433768565451002,0.05,0.07,0.98,15.786370464888378,0.057951927,0.0,0.0967754445462513,0.0,0.0,1.0,of_farneback,robust_ossm_ekf,of_farneback__kfstd,0.34,0.05,,,0.6586209807768002,0.1688314441631225,0.2947332837082829,0.4681172061006337,0.0041356492969396,1.0,1.320779743909933,1.0,1.0,1.0744029137184348,0.42047200330962287,0.009999999999999953,0.0,,,0.0,0.0,0.0
dof__robust_ossm_ekf,22_0,cohface_22_0,data/cohface_22_0.pkl,0.63,0.79,0.69,0.4408658345292122,2.0966274008249,1.06,1.67,0.73,4.615664002732848,0.52000195,0.1976840363937138,0.2046801259304124,0.0,0.0,1.0,dof,robust_ossm_ekf,dof__kfstd,0.54,0.59,,,0.6586209807768002,0.1688314441631225,0.3521998680410215,0.4582968486663876,0.0033085194375516,1.6463451829712734,1.320779743909933,0.5952305743605639,0.2508578688299901,1.069257934495555,0.507745615535883,0.08999999999999997,0.4700000000000001,,,0.0,0.0,0.0
profile1d_linear__robust_ossm_ekf,22_0,cohface_22_0,data/cohface_22_0.pkl,0.25,0.33,0.95,0.2145117152152573,9.77238061840954,0.05,0.07,0.99,19.76810918760492,0.00718508,0.0,0.046033959117518,0.0,0.0,1.0,profile1d_linear,robust_ossm_ekf,profile1d_linear__kfstd,0.23,0.08,,,0.6586209807768002,0.1688314441631225,0.3385640366508134,0.4011050684631564,0.0008271298593879,1.0,1.320779743909933,1.0,1.0,1.0789286182862814,0.44138525456036765,0.01999999999999999,-0.03,,,0.0,1.0,0.0
profile1d_quadratic__robust_ossm_ekf,22_0,cohface_22_0,data/cohface_22_0.pkl,0.19,0.25,0.97,0.1788626442157422,12.165543685092157,0.06,0.1,0.97,18.031304280881557,0.0075711855,0.0049627791563275,0.0449846087468774,0.0,0.0,1.0,profile1d_quadratic,robust_ossm_ekf,profile1d_quadratic__kfstd,0.19,0.08,,,0.6586209807768002,0.1688314441631225,0.2731936927509374,0.4701040918230966,0.0,1.0,1.320779743909933,1.0,1.0,1.0790301194979743,0.3691684054057584,0.0,-0.020000000000000004,,,0.0,1.0,0.0
profile1d_cubic__robust_ossm_ekf,22_0,cohface_22_0,data/cohface_22_0.pkl,0.19,0.25,0.97,0.1819790842724437,12.07111909338394,0.06,0.09,0.97,17.846934186665518,0.0075592054,0.0066170388751033,0.0470755655310876,0.0,0.0,1.0,profile1d_cubic,robust_ossm_ekf,profile1d_cubic__kfstd,0.19,0.08,,,0.6586209807768002,0.1688314441631225,0.2756218173345395,0.4772496863014827,0.0,1.0,1.320779743909933,1.0,1.0,1.0788346802320323,0.37744696364912234,0.0,-0.020000000000000004,,,0.0,1.0,0.0
of_farneback__robust_ossm_ekf,20_0,cohface_20_0,data/cohface_20_0.pkl,0.48,0.59,0.83,0.4676259331495651,4.689764941691043,0.15,0.2,0.91,8.420919316504987,0.042254947,0.0272952853598014,0.1643649514115127,0.0,0.0,1.0,of_farneback,robust_ossm_ekf,of_farneback__kfstd,0.46,0.15,,,0.7109804987898561,0.18866331927841,0.2769726948460413,0.3180557899328742,0.0057899090157154,1.0,1.358460306628979,1.0,1.0,1.068864914012334,0.3014406156281199,0.019999999999999962,0.0,,,0.0,0.0,0.0
dof__robust_ossm_ekf,20_0,cohface_20_0,data/cohface_20_0.pkl,0.82,1.03,0.47,0.5301672837510008,-0.2521658876556449,1.03,1.14,0.66,5.984034044819021,0.1836102,0.1621174524400331,0.1633190542306175,0.0,0.0,1.0,dof,robust_ossm_ekf,dof__kfstd,0.71,1.09,,,0.7109804987898561,0.18866331927841,0.3288289776789709,0.4750050771224618,0.0066170388751033,1.745376211302411,1.358460306628979,0.5561424077515376,0.2413046815801802,1.0736808009098688,0.4840737295638055,0.10999999999999999,-0.06000000000000005,,,0.0,1.0,0.0
profile1d_linear__robust_ossm_ekf,20_0,cohface_20_0,data/cohface_20_0.pkl,0.36,0.52,0.87,0.3475482230450495,5.6625458764860594,0.15,0.2,0.94,10.755356238943266,0.038876884,0.0372208436724565,0.0955855229140504,0.0,0.0,1.0,profile1d_linear,robust_ossm_ekf,profile1d_linear__kfstd,0.39,0.17,,,0.7109804987898561,0.18866331927841,0.2753683204268861,0.262915014416926,0.009925558312655,1.0,1.358460306628979,1.0,1.0,1.0749572687586657,0.2826438341447929,-0.030000000000000027,-0.020000000000000018,,,1.0,1.0,1.0
profile1d_quadratic__robust_ossm_ekf,20_0,cohface_20_0,data/cohface_20_0.pkl,0.37,0.46,0.89,0.3584020920564129,6.762244067711523,0.09,0.12,0.97,10.913922215492112,0.07849281,0.0,0.0439850296668361,0.0,0.0,1.0,profile1d_quadratic,robust_ossm_ekf,profile1d_quadratic__kfstd,0.38,0.12,,,0.7109804987898561,0.18866331927841,0.2698023721039645,0.2936832308530382,0.0033085194375516,1.0,1.358460306628979,1.0,1.0,1.0791896371804317,0.26524683443057384,-0.010000000000000009,-0.03,,,1.0,1.0,1.0
profile1d_cubic__robust_ossm_ekf,20_0,cohface_20_0,data/cohface_20_0.pkl,0.38,0.47,0.89,0.3667103510174814,6.587836958339359,0.09,0.13,0.96,10.822214181482732,0.07790039,0.0,0.0450533349542587,0.0,0.0,1.0,profile1d_cubic,robust_ossm_ekf,profile1d_cubic__kfstd,0.39,0.12,,,0.7109804987898561,0.18866331927841,0.2689183717326672,0.2982535611365444,0.0033085194375516,1.0,1.358460306628979,1.0,1.0,1.0790946482613106,0.2664566390287271,-0.010000000000000009,-0.03,,,1.0,1.0,1.0
of_farneback__robust_ossm_ekf,33_1,cohface_33_1,data/cohface_33_1.pkl,0.57,0.72,0.74,0.4052170711162445,2.932857839338173,0.97,1.43,0.76,7.61311067686465,0.19915147,0.2106537530266344,0.2600734679989813,0.0,0.0,1.0,of_farneback,robust_ossm_ekf,of_farneback__kfstd,0.55,0.97,,,0.7643943704562902,0.1434879183404481,0.3835729049952799,0.4398950802824677,0.0153349475383373,1.0,1.2726270448468515,1.0,1.0,1.061115579384,0.5347588713353639,0.019999999999999907,0.0,,,0.0,0.0,0.0
dof__robust_ossm_ekf,33_1,cohface_33_1,data/cohface_33_1.pkl,1.1,1.31,0.28,0.7035715660422746,-1.8708142552406155,9.33,10.34,-0.72,4.150469066194102,2.1817744,0.0371267150928167,0.1707673999044411,0.0,0.0,1.0,dof,robust_ossm_ekf,dof__kfstd,1.01,7.63,,,0.7643943704562902,0.1434879183404481,0.3477533931631683,0.2742320197300306,0.003228410008071,1.8375751989360412,1.2726270448468515,0.5337904432123846,0.2946669575429563,1.0720543403522316,0.3292369963427528,0.09000000000000008,1.7000000000000002,,,0.0,0.0,0.0
profile1d_linear__robust_ossm_ekf,33_1,cohface_33_1,data/cohface_33_1.pkl,0.51,0.68,0.77,0.4170282795918733,3.435876748654993,0.98,1.49,0.75,10.966865451541617,0.20672905,0.2332526230831315,0.1650595332655387,0.0,0.0,1.0,profile1d_linear,robust_ossm_ekf,profile1d_linear__kfstd,0.5,1.08,,,0.7643943704562902,0.1434879183404481,0.4119772603561933,0.3333927151858929,0.009685230024213,1.0,1.2726270448468515,1.0,1.0,1.0694876741779786,0.4972902058146218,0.010000000000000009,-0.10000000000000009,,,0.0,1.0,0.0
profile1d_quadratic__robust_ossm_ekf,33_1,cohface_33_1,data/cohface_33_1.pkl,0.46,0.6,0.82,0.3482908963757491,4.568039872203432,0.93,1.44,0.75,8.565884648792839,0.16363175,0.2171105730427764,0.1223332283934021,0.0,0.0,1.0,profile1d_quadratic,robust_ossm_ekf,profile1d_quadratic__kfstd,0.46,1.02,,,0.7643943704562902,0.1434879183404481,0.3852660823079934,0.4121114025074669,0.0088781275221953,1.0,1.2726270448468515,1.0,1.0,1.071986811762933,0.49568086015011986,0.0,-0.08999999999999997,,,0.0,1.0,0.0
profile1d_cubic__robust_ossm_ekf,33_1,cohface_33_1,data/cohface_33_1.pkl,0.47,0.6,0.82,0.3470318397137439,4.537004843690741,0.91,1.39,0.78,8.232799348436718,0.15190974,0.2235673930589184,0.1419094503981219,0.0,0.0,1.0,profile1d_cubic,robust_ossm_ekf,profile1d_cubic__kfstd,0.46,1.02,,,0.7643943704562902,0.1434879183404481,0.382473490010283,0.4094319703256659,0.0137207425343018,1.0,1.2726270448468515,1.0,1.0,1.070341115671401,0.508586679079521,0.009999999999999953,-0.10999999999999999,,,0.0,1.0,0.0
of_farneback__robust_ossm_ekf,10_1,cohface_10_1,data/cohface_10_1.pkl,0.42,0.51,0.87,0.3731366273453144,5.947867432476032,0.73,1.35,0.53,6.424567201976858,0.12607294,0.1735941320293398,0.2272939670992781,0.0,0.0,1.0,of_farneback,robust_ossm_ekf,of_farneback__kfstd,0.4,0.73,,,0.6615429352221216,0.1810782929187621,0.2722336568883642,0.4022061622090316,0.0171149144254278,1.0,1.344048756545648,1.0,1.0,1.0638312091036464,0.4029511475586255,0.019999999999999962,0.0,,,0.0,0.0,0.0
dof__robust_ossm_ekf,10_1,cohface_10_1,data/cohface_10_1.pkl,0.45,0.59,0.83,0.323107267781431,4.647724368703056,1.34,2.2,-0.44,9.078902686785812,0.0836534,0.2102689486552567,0.1154488195871896,0.0,0.0,1.0,dof,robust_ossm_ekf,dof__kfstd,0.43,1.28,,,0.6615429352221216,0.1810782929187621,0.3061356030004845,0.4244492915807457,0.0016299918500407,1.9038900112275845,1.344048756545648,0.4562302312122638,0.1752690660586595,1.0771289645964444,0.411597656674494,0.020000000000000018,0.06000000000000005,,,0.0,0.0,0.0
profile1d_linear__robust_ossm_ekf,10_1,cohface_10_1,data/cohface_10_1.pkl,0.41,0.58,0.83,0.3562474425584073,4.796120533564213,1.31,2.2,-0.42,10.038702761634342,0.06117428,0.0790546047269763,0.1034872785442688,0.0,0.0,1.0,profile1d_linear,robust_ossm_ekf,profile1d_linear__kfstd,0.34,1.22,,,0.6615429352221216,0.1810782929187621,0.2772487625567351,0.4047717146150729,0.0065199674001629,1.0,1.344048756545648,1.0,1.0,1.0745812352093915,0.37093852497638047,0.06999999999999995,0.09000000000000008,,,0.0,0.0,0.0
profile1d_quadratic__robust_ossm_ekf,10_1,cohface_10_1,data/cohface_10_1.pkl,0.31,0.39,0.93,0.2768632778494304,8.287279341203192,0.62,1.23,0.59,8.201110882640592,0.06886874,0.0244498777506112,0.0537206708959431,0.0,0.0,1.0,profile1d_quadratic,robust_ossm_ekf,profile1d_quadratic__kfstd,0.3,0.59,,,0.6615429352221216,0.1810782929187621,0.2553217625876262,0.4274423040826486,0.0008149959250203,1.0,1.344048756545648,1.0,1.0,1.0782572128845245,0.32495623732457046,0.010000000000000009,0.030000000000000027,,,0.0,0.0,0.0
profile1d_cubic__robust_ossm_ekf,10_1,cohface_10_1,data/cohface_10_1.pkl,0.31,0.39,0.93,0.2774213916363018,8.24828088344754,0.64,1.24,0.59,8.21747640557363,0.07086314,0.0252648736756316,0.0547689262744338,0.0,0.0,1.0,profile1d_cubic,robust_ossm_ekf,profile1d_cubic__kfstd,0.3,0.6,,,0.6615429352221216,0.1810782929187621,0.2555232476967601,0.4246181074339231,0.0024449877750611,1.0,1.344048756545648,1.0,1.0,1.0781609628155424,0.33008152786784434,0.010000000000000009,0.040000000000000036,,,0.0,0.0,0.0
of_farneback__robust_ossm_ekf,40_3,cohface_40_3,data/cohface_40_3.pkl,0.55,0.68,0.77,0.4644782826154041,3.417165833658112,6.83,6.91,-0.26,2.140152988182683,0.6538598,0.3637103336045565,0.5403739083460269,0.0,0.0,1.0,of_farneback,robust_ossm_ekf,of_farneback__kfstd,0.55,6.8,,,0.4573588359766388,0.2570147313062317,0.3805530778909268,0.4157423249825405,0.0309194467046379,1.0,1.4883279894818404,0.998372660699756,0.998372660699756,1.0501974059009822,0.7646416614890947,0.0,0.03000000000000025,,,0.0,0.0,0.0
dof__robust_ossm_ekf,40_3,cohface_40_3,data/cohface_40_3.pkl,0.75,0.96,0.56,0.3447476574029208,0.428970038212375,1.18,2.37,0.79,9.474334417267745,0.07629802,0.2685109845402766,0.1791323934236621,0.0,0.0,1.0,dof,robust_ossm_ekf,dof__kfstd,0.75,0.47,,,0.4573588359766388,0.2570147313062317,0.3573076114502721,0.3746407938079996,0.0032546786004882,1.7146585901520397,1.4883279894818404,0.5218730660752657,0.2450999166971477,1.0712880541254832,0.6143498888389588,0.0,0.71,,,0.0,0.0,0.0
profile1d_linear__robust_ossm_ekf,40_3,cohface_40_3,data/cohface_40_3.pkl,0.63,0.87,0.63,0.458173200801046,1.2650471095848084,4.07,5.07,-0.32,5.680848294829574,0.23255768,0.2213181448331977,0.1585620006463572,0.0,0.0,1.0,profile1d_linear,robust_ossm_ekf,profile1d_linear__kfstd,0.64,5.26,,,0.4573588359766388,0.2570147313062317,0.4000259906040374,0.4354053372114248,0.017087062652563,1.0,1.4883279894818404,1.0,1.0,1.069603240388129,0.7764876230562703,-0.010000000000000009,-1.1899999999999995,,,1.0,1.0,1.0
profile1d_quadratic__robust_ossm_ekf,40_3,cohface_40_3,data/cohface_40_3.pkl,0.62,0.75,0.73,0.4575829898271378,2.603240683213893,6.9,7.02,-0.48,2.321550019804996,0.7240582,0.1895850284784377,0.2138643264280318,0.0,0.0,1.0,profile1d_quadratic,robust_ossm_ekf,profile1d_quadratic__kfstd,0.6,6.86,,,0.4573588359766388,0.2570147313062317,0.3504997090525777,0.3484155661718701,0.0431244914564686,1.0,1.4883279894818404,1.0,1.0,1.065070341621139,0.6746121677424481,0.020000000000000018,0.040000000000000036,,,0.0,0.0,0.0
profile1d_cubic__robust_ossm_ekf,40_3,cohface_40_3,data/cohface_40_3.pkl,0.63,0.75,0.72,0.4574898687567145,2.566667985885516,6.92,7.05,-0.48,2.4985449997777294,0.751965,0.0520748576078112,0.1993792360173848,0.0,0.0,1.0,profile1d_cubic,robust_ossm_ekf,profile1d_cubic__kfstd,0.61,6.85,,,0.4573588359766388,0.2570147313062317,0.3456540406487531,0.3292028759219876,0.0374288039056143,1.0,1.4883279894818404,1.0,1.0,1.066286276046856,0.6551743242378475,0.020000000000000018,0.07000000000000028,,,0.0,0.0,0.0
of_farneback__robust_ossm_ekf,23_1,cohface_23_1,data/cohface_23_1.pkl,0.35,0.45,0.9,0.3215341413437401,7.003144054056294,0.1,0.12,0.85,13.768155547078756,0.012334196,0.0,0.043310508418655,0.0,0.0,1.0,of_farneback,robust_ossm_ekf,of_farneback__kfstd,0.33,0.1,,,0.7217768317522045,0.3412132198907931,0.2931263837627284,0.0247046627957213,0.0016528925619834,1.0,1.648305117792507,1.0,1.0,1.079297142465926,0.27311240351975485,0.019999999999999962,0.0,,,0.0,0.0,0.0
dof__robust_ossm_ekf,23_1,cohface_23_1,data/cohface_23_1.pkl,0.37,0.57,0.84,0.3343588613355011,4.857625323260982,0.27,0.33,0.24,13.786983156255651,0.016450826,0.0636363636363636,0.0758070398383818,0.0,0.0,1.0,dof,robust_ossm_ekf,dof__kfstd,0.26,0.22,,,0.7217768317522045,0.3412132198907931,0.3182401246002613,0.1562173243419824,0.0033057851239669,2.057508185365369,1.648305117792507,0.4155883839565107,0.226875634265827,1.0810937125892672,0.36759426902842407,0.10999999999999999,0.05000000000000002,,,0.0,0.0,0.0
profile1d_linear__robust_ossm_ekf,23_1,cohface_23_1,data/cohface_23_1.pkl,0.32,0.47,0.89,0.3058591537084888,6.646620909254162,0.09,0.1,0.87,15.437850028151756,0.018902117,0.0181818181818181,0.0810995373260741,0.0,0.0,1.0,profile1d_linear,robust_ossm_ekf,profile1d_linear__kfstd,0.26,0.1,,,0.7217768317522045,0.3412132198907931,0.301001302803973,0.0273222173797864,0.0099173553719008,1.0,1.648305117792507,1.0,1.0,1.0761787102454476,0.31902031675071035,0.06,-0.010000000000000009,,,0.0,1.0,0.0
profile1d_quadratic__robust_ossm_ekf,23_1,cohface_23_1,data/cohface_23_1.pkl,0.22,0.28,0.96,0.2140878368037148,11.094291891248536,0.06,0.08,0.93,18.065531412392176,0.005582463,0.0,0.0090432231221067,0.0,0.0,1.0,profile1d_quadratic,robust_ossm_ekf,profile1d_quadratic__kfstd,0.22,0.06,,,0.7217768317522045,0.3412132198907931,0.2804266452110776,0.0132301444846438,0.0,1.0,1.648305117792507,1.0,1.0,1.0824628367973672,0.24528251077075122,0.0,0.0,,,0.0,0.0,0.0
profile1d_cubic__robust_ossm_ekf,23_1,cohface_23_1,data/cohface_23_1.pkl,0.22,0.28,0.96,0.2138254365945983,11.083543905659509,0.06,0.08,0.93,17.804760968058925,0.0051309317,0.0,0.0093498476972836,0.0,0.0,1.0,profile1d_cubic,robust_ossm_ekf,profile1d_cubic__kfstd,0.22,0.06,,,0.7217768317522045,0.3412132198907931,0.2809554559490885,0.0134335083884446,0.0,1.0,1.648305117792507,1.0,1.0,1.0824335373720584,0.24616895068386246,0.0,0.0,,,0.0,0.0,0.0
of_farneback__robust_ossm_ekf,11_0,cohface_11_0,data/cohface_11_0.pkl,0.39,0.49,0.88,0.3299570082352716,6.087585578113471,0.09,0.11,0.98,11.200926622585202,0.0739567,0.0024469820554649,0.1283594870431849,0.0,0.0,1.0,of_farneback,robust_ossm_ekf,of_farneback__kfstd,0.36,0.09,,,0.7128269693678421,0.1287804184866303,0.2540076132817657,0.4431170014227806,0.0016313213703099,1.0,1.2446827951245976,1.0,1.0,1.071749749646867,0.27604200735767287,0.030000000000000027,0.0,,,0.0,0.0,0.0
dof__robust_ossm_ekf,11_0,cohface_11_0,data/cohface_11_0.pkl,0.44,0.55,0.84,0.3567992393195608,5.2465004959479735,0.25,0.31,0.91,10.360392987708057,0.08785817,0.3295269168026101,0.107523480578782,0.0,0.0,1.0,dof,robust_ossm_ekf,dof__kfstd,0.47,0.24,,,0.7128269693678421,0.1287804184866303,0.3404351212338401,0.4484018007685523,0.0065252854812398,1.9376686294903085,1.2446827951245976,0.4944552466007753,0.183805950679526,1.0779171286205915,0.4434002115341295,-0.02999999999999997,0.010000000000000009,,,1.0,0.0,0.0
profile1d_linear__robust_ossm_ekf,11_0,cohface_11_0,data/cohface_11_0.pkl,0.47,0.62,0.81,0.3615349035484301,4.076103053063585,0.19,0.24,0.9,8.905572086124002,0.05006825,0.066068515497553,0.1570406280231945,0.0,0.0,1.0,profile1d_linear,robust_ossm_ekf,profile1d_linear__kfstd,0.4,0.19,,,0.7128269693678421,0.1287804184866303,0.291560337606508,0.4545438830838811,0.0097879282218597,1.0,1.2446827951245976,1.0,1.0,1.0697528014107822,0.378001401711821,0.06999999999999995,0.0,,,0.0,0.0,0.0
profile1d_quadratic__robust_ossm_ekf,11_0,cohface_11_0,data/cohface_11_0.pkl,0.42,0.52,0.86,0.3698678964850217,5.620318917879272,0.26,0.31,0.95,8.069598111006677,0.07322487,0.0097879282218597,0.1110089684139412,0.0,0.0,1.0,profile1d_quadratic,robust_ossm_ekf,profile1d_quadratic__kfstd,0.36,0.2,,,0.7128269693678421,0.1287804184866303,0.2898482089266869,0.4283508187498155,0.0040783034257748,1.0,1.2446827951245976,1.0,1.0,1.0732064510307266,0.337108970274566,0.06,0.06,,,0.0,0.0,0.0
profile1d_cubic__robust_ossm_ekf,11_0,cohface_11_0,data/cohface_11_0.pkl,0.44,0.54,0.85,0.3861816934762879,5.236193685875644,0.27,0.32,0.95,7.23615577791346,0.0977789,0.0358890701468189,0.1266567503130737,0.0,0.0,1.0,profile1d_cubic,robust_ossm_ekf,profile1d_cubic__kfstd,0.37,0.2,,,0.7128269693678421,0.1287804184866303,0.2995062069970147,0.4191409830573489,0.0097879282218597,1.0,1.2446827951245976,1.0,1.0,1.0718747474446355,0.3704708353656286,0.07,0.07,,,0.0,0.0,0.0
of_farneback__robust_ossm_ekf,28_0,cohface_28_0,data/cohface_28_0.pkl,0.75,0.94,0.56,0.4845079169747912,0.6104765556744884,2.22,3.45,-0.66,5.7410940949771545,0.20954725,0.0334928229665071,0.1778026271852693,0.0,0.0,1.0,of_farneback,robust_ossm_ekf,of_farneback__kfstd,0.76,2.22,,,0.5816612281330931,0.2719034531387944,0.3280129709704656,0.3023399399596246,0.0151515151515151,1.0,1.5166165609637094,1.0,1.0,1.0677479759100734,0.5288143024081126,-0.010000000000000009,0.0,,,1.0,0.0,0.0
dof__robust_ossm_ekf,28_0,cohface_28_0,data/cohface_28_0.pkl,0.74,0.98,0.52,0.5158593532253627,0.250478872664261,1.96,2.76,0.29,2.120435682815223,0.2495536,0.0303030303030303,0.1514196823392841,0.0,0.0,1.0,dof,robust_ossm_ekf,dof__kfstd,0.81,2.01,,,0.5816612281330931,0.2719034531387944,0.3174146546617892,0.3759549439301944,0.0055821371610845,1.6435420133406538,1.5166165609637094,0.559116925599203,0.2503309850511776,1.0740227435445031,0.5165316189223976,-0.07000000000000006,-0.04999999999999982,,,1.0,1.0,1.0
profile1d_linear__robust_ossm_ekf,28_0,cohface_28_0,data/cohface_28_0.pkl,0.84,1.14,0.35,0.5740542156074246,-1.159201290138809,4.28,5.37,-0.15,5.002485653169691,0.30837187,0.7416267942583732,0.2163063722703991,0.0,0.0,1.0,profile1d_linear,robust_ossm_ekf,profile1d_linear__kfstd,0.84,4.61,,,0.5816612281330931,0.2719034531387944,0.3920264283781246,0.319399181301607,0.0207336523125996,1.0,1.5166165609637094,1.0,1.0,1.0644132080465174,0.6682579941298941,0.0,-0.33000000000000007,,,0.0,1.0,0.0
profile1d_quadratic__robust_ossm_ekf,28_0,cohface_28_0,data/cohface_28_0.pkl,0.85,1.04,0.46,0.5156330097201653,-0.3287381867151134,5.68,6.1,-0.53,4.044799898187623,0.24577096,0.303030303030303,0.1145129058824102,0.0,0.0,1.0,profile1d_quadratic,robust_ossm_ekf,profile1d_quadratic__kfstd,0.86,2.86,,,0.5816612281330931,0.2719034531387944,0.3117314581926844,0.3473957933288252,0.011164274322169,1.0,1.5166165609637094,1.0,1.0,1.0730385712418116,0.512277093718423,-0.010000000000000009,2.82,,,1.0,0.0,0.0
profile1d_cubic__robust_ossm_ekf,28_0,cohface_28_0,data/cohface_28_0.pkl,0.83,1.02,0.48,0.5372364544619326,-0.1607019686510645,3.49,4.05,-0.35,1.989864614930304,0.17727728,0.2033492822966507,0.1159527999288477,0.0,0.0,1.0,profile1d_cubic,robust_ossm_ekf,profile1d_cubic__kfstd,0.86,2.79,,,0.5816612281330931,0.2719034531387944,0.317887478842325,0.3432688247893055,0.0103668261562998,1.0,1.5166165609637094,1.0,1.0,1.0729010668630308,0.5170098700496781,-0.030000000000000027,0.7000000000000002,,,1.0,0.0,0.0
of_farneback__robust_ossm_ekf,2_0,cohface_2_0,data/cohface_2_0.pkl,0.6,0.77,0.7,0.4093899491418462,2.359374874951215,0.29,0.35,0.91,6.274218279557849,0.42428422,0.058774834437086,0.3182631617682961,0.0,0.0,1.0,of_farneback,robust_ossm_ekf,of_farneback__kfstd,0.59,0.3,,,0.9995584483633017,0.3428517511828063,0.361958919718572,0.3562604969293947,0.0115894039735099,1.0,1.651418327247332,1.0,1.0,1.0593471806017396,0.5411227030568,0.010000000000000009,-0.010000000000000009,,,0.0,1.0,0.0
dof__robust_ossm_ekf,2_0,cohface_2_0,data/cohface_2_0.pkl,0.73,0.98,0.53,0.437802189163781,0.2164864869283689,5.84,6.98,-0.55,2.7182211440265487,0.9505373,0.211092715231788,0.179212862080268,0.0,0.0,1.0,dof,robust_ossm_ekf,dof__kfstd,0.68,3.43,,,0.9995584483633017,0.3428517511828063,0.3343829637649613,0.3205965991988453,0.0115894039735099,1.8242590883426628,1.651418327247332,0.5780475664256045,0.2767790106289943,1.07146906662485,0.4738935604582644,0.04999999999999993,2.4099999999999997,,,0.0,0.0,0.0
profile1d_linear__robust_ossm_ekf,2_0,cohface_2_0,data/cohface_2_0.pkl,0.46,0.56,0.84,0.348859731564007,5.067588308087401,0.32,0.47,0.93,14.010453799273764,0.05656847,0.271523178807947,0.1108224309081681,0.0,0.0,1.0,profile1d_linear,robust_ossm_ekf,profile1d_linear__kfstd,0.4,0.27,,,0.9995584483633017,0.3428517511828063,0.3705969505018194,0.4450972728203595,0.0140728476821192,1.0,1.651418327247332,1.0,1.0,1.0735701870159016,0.6177504006940843,0.06,0.04999999999999999,,,0.0,0.0,0.0
profile1d_quadratic__robust_ossm_ekf,2_0,cohface_2_0,data/cohface_2_0.pkl,0.4,0.5,0.87,0.2921911290297921,6.067254487761353,0.3,0.5,0.95,9.118288974396885,0.10639903,0.1423841059602649,0.082925641595339,0.0,0.0,1.0,profile1d_quadratic,robust_ossm_ekf,profile1d_quadratic__kfstd,0.38,0.23,,,0.9995584483633017,0.3428517511828063,0.3736794061459271,0.5209400004777323,0.009933774834437,1.0,1.651418327247332,1.0,1.0,1.0756287795204555,0.6405616362458856,0.020000000000000018,0.06999999999999998,,,0.0,0.0,0.0
profile1d_cubic__robust_ossm_ekf,2_0,cohface_2_0,data/cohface_2_0.pkl,0.41,0.5,0.87,0.2945339551976131,5.995059222745873,0.33,0.53,0.95,8.97664497221832,0.11684458,0.1382450331125828,0.0875582411684217,0.0,0.0,1.0,profile1d_cubic,robust_ossm_ekf,profile1d_cubic__kfstd,0.39,0.23,,,0.9995584483633017,0.3428517511828063,0.3717221181872179,0.5304324539459122,0.0082781456953642,1.0,1.651418327247332,1.0,1.0,1.0752302803666711,0.6307283709265991,0.019999999999999962,0.1,,,0.0,0.0,0.0
of_farneback__robust_ossm_ekf,13_1,cohface_13_1,data/cohface_13_1.pkl,0.63,0.76,0.71,0.5070609431563691,2.447243780769669,1.12,1.54,0.76,5.499207798288008,0.25911093,0.6653094462540716,0.6296384714403,0.0,0.0,1.0,of_farneback,robust_ossm_ekf,of_farneback__kfstd,0.63,1.06,,,0.3728685761977292,0.1868613197652925,0.4382345387378107,0.3702391258380063,0.0285016286644951,1.0,1.3550365075540558,0.995114006514658,0.995114006514658,1.0535513621590866,0.809455681055988,0.0,0.06000000000000005,,,0.0,0.0,0.0
dof__robust_ossm_ekf,13_1,cohface_13_1,data/cohface_13_1.pkl,0.38,0.51,0.87,0.2930791357287755,5.900326701956504,0.58,0.81,0.92,9.398928349531102,0.034017608,0.4193811074918567,0.1620200401973994,0.0,0.0,1.0,dof,robust_ossm_ekf,dof__kfstd,0.36,0.79,,,0.3728685761977292,0.1868613197652925,0.3596517421108723,0.5028682435636619,0.010586319218241,1.8901590957366912,1.3550365075540558,0.4459864929146503,0.1607295743907837,1.07292512775539,0.7071958305313668,0.020000000000000018,-0.21000000000000008,,,0.0,1.0,0.0
profile1d_linear__robust_ossm_ekf,13_1,cohface_13_1,data/cohface_13_1.pkl,0.44,0.54,0.85,0.3745357437554727,5.354066160308295,1.05,1.63,0.78,7.394967296295727,0.12569351,0.1009771986970684,0.0733604522019263,0.0,0.0,1.0,profile1d_linear,robust_ossm_ekf,profile1d_linear__kfstd,0.41,1.11,,,0.3728685761977292,0.1868613197652925,0.3906510964886872,0.4900202681611408,0.000814332247557,1.0,1.3550365075540558,1.0,1.0,1.076410844036512,0.7129196365892893,0.030000000000000027,-0.06000000000000005,,,0.0,1.0,0.0
profile1d_quadratic__robust_ossm_ekf,13_1,cohface_13_1,data/cohface_13_1.pkl,0.46,0.59,0.83,0.3626711542165747,4.673741072151299,0.94,1.41,0.88,7.522209259268715,0.09377688,0.3298045602605863,0.1420025033940243,0.0,0.0,1.0,profile1d_quadratic,robust_ossm_ekf,profile1d_quadratic__kfstd,0.43,0.93,,,0.3728685761977292,0.1868613197652925,0.4019540470500703,0.4804775804668919,0.018729641693811,1.0,1.3550365075540558,1.0,1.0,1.0703104093912248,0.7971478564470116,0.030000000000000027,0.009999999999999898,,,0.0,0.0,0.0
profile1d_cubic__robust_ossm_ekf,13_1,cohface_13_1,data/cohface_13_1.pkl,0.46,0.59,0.83,0.3667098426590107,4.65298720265976,0.92,1.4,0.88,7.38482681956786,0.08981188,0.3314332247557003,0.1448381758582342,0.0,0.0,1.0,profile1d_cubic,robust_ossm_ekf,profile1d_cubic__kfstd,0.43,0.92,,,0.3728685761977292,0.1868613197652925,0.4011806265305463,0.4715033663909308,0.019543973941368,1.0,1.3550365075540558,1.0,1.0,1.0700676866790138,0.7937889007850971,0.030000000000000027,0.0,,,0.0,0.0,0.0
of_farneback__robust_ossm_ekf,19_1,cohface_19_1,data/cohface_19_1.pkl,0.41,0.51,0.87,0.3325352803108384,5.833018829491319,0.16,0.17,0.97,12.525118616405074,0.08195924,0.009925558312655,0.1825313323190485,0.0,0.0,1.0,of_farneback,robust_ossm_ekf,of_farneback__kfstd,0.38,0.16,,,0.6064271490697484,0.2683961996010526,0.2737155697117689,0.4348339165019219,0.0066170388751033,1.0,1.509952779242,1.0,1.0,1.067273939744587,0.46921182069439965,0.02999999999999997,0.0,,,0.0,0.0,0.0
dof__robust_ossm_ekf,19_1,cohface_19_1,data/cohface_19_1.pkl,0.61,0.82,0.66,0.4144122151765105,1.7404937322779426,0.47,0.52,-0.41,11.292089036560135,0.034318022,0.1240694789081885,0.1427761789061685,0.0,0.0,1.0,dof,robust_ossm_ekf,dof__kfstd,0.58,0.46,,,0.6064271490697484,0.2683961996010526,0.3053449732328462,0.5116447697365709,0.0066170388751033,1.5870797422784753,1.509952779242,0.5818090967335309,0.2633809834099138,1.074666131307329,0.5623012060704752,0.030000000000000027,0.009999999999999953,,,0.0,0.0,0.0
profile1d_linear__robust_ossm_ekf,19_1,cohface_19_1,data/cohface_19_1.pkl,0.28,0.38,0.93,0.2691429341109276,8.370487957592019,0.1,0.13,0.97,11.64507510590915,0.031211581,0.0033085194375516,0.039916027692159,0.0,0.0,1.0,profile1d_linear,robust_ossm_ekf,profile1d_linear__kfstd,0.23,0.11,,,0.6064271490697484,0.2683961996010526,0.2535590161084506,0.4688990560786075,0.0024813895781637,1.0,1.509952779242,1.0,1.0,1.0795331263832977,0.43922734655717655,0.05000000000000002,-0.009999999999999995,,,0.0,1.0,0.0
profile1d_quadratic__robust_ossm_ekf,19_1,cohface_19_1,data/cohface_19_1.pkl,0.31,0.42,0.91,0.2888334249241304,7.587016618270971,0.1,0.13,0.95,10.995483505518951,0.03561502,0.0090984284532671,0.0725554612022851,0.0,0.0,1.0,profile1d_quadratic,robust_ossm_ekf,profile1d_quadratic__kfstd,0.25,0.07,,,0.6064271490697484,0.2683961996010526,0.2739206482087129,0.5015949238963547,0.0057899090157154,1.0,1.509952779242,1.0,1.0,1.0764951907291076,0.5056003121156072,0.06,0.03,,,0.0,0.0,0.0
profile1d_cubic__robust_ossm_ekf,19_1,cohface_19_1,data/cohface_19_1.pkl,0.32,0.43,0.91,0.2993866079670903,7.393756564759046,0.11,0.14,0.94,10.515482220941095,0.04198453,0.009925558312655,0.07768260824229,0.0,0.0,1.0,profile1d_cubic,robust_ossm_ekf,profile1d_cubic__kfstd,0.26,0.06,,,0.6064271490697484,0.2683961996010526,0.2755688688696712,0.5007621171618546,0.0041356492969396,1.0,1.509952779242,1.0,1.0,1.0760281404376753,0.501325870538851,0.06,0.05,,,0.0,0.0,0.0
of_farneback__robust_ossm_ekf,37_2,cohface_37_2,data/cohface_37_2.pkl,0.72,0.86,0.63,0.3999938234919719,1.3901589683804114,5.78,6.66,-0.23,2.575466602668407,1.0561316,0.3781998348472337,0.2374440214337904,0.0,0.0,1.0,of_farneback,robust_ossm_ekf,of_farneback__kfstd,0.71,5.18,,,0.4526237587802956,0.1564111234206888,0.4747049789694425,0.4440050997275847,0.0189925681255161,1.0,1.2971811344993085,1.0,1.0,1.0640138119267033,0.772856220289127,0.010000000000000009,0.6000000000000005,,,0.0,0.0,0.0
dof__robust_ossm_ekf,37_2,cohface_37_2,data/cohface_37_2.pkl,0.75,0.89,0.8,0.3792813968791717,2.3708051549920666,10.55,11.47,0.44,4.8558622385490064,3.754199,0.3542526837324525,0.1892599652062954,0.0,0.0,1.0,dof,robust_ossm_ekf,dof__kfstd,1.02,12.62,,,0.4526237587802956,0.1564111234206888,0.3384180063187561,0.4272787764724469,0.0057803468208092,1.6536403178052694,1.2971811344993085,0.5316229579237277,0.2619598315304559,1.0706504602338431,0.5528566382691729,-0.27,-2.0699999999999985,,,1.0,1.0,1.0
profile1d_linear__robust_ossm_ekf,37_2,cohface_37_2,data/cohface_37_2.pkl,0.61,0.75,0.69,0.3294875225640893,2.642961354500006,0.09,0.18,0.11,6.406786822538636,0.36458743,0.694467382328654,0.1615265889882059,0.0,0.0,1.0,profile1d_linear,robust_ossm_ekf,profile1d_linear__kfstd,0.57,0.08,,,0.4526237587802956,0.1564111234206888,0.5111747001798942,0.3742285916913945,0.0107349298100743,1.0,1.2971811344993085,1.0,1.0,1.0692775544783983,0.6990818617893877,0.040000000000000036,0.009999999999999995,,,0.0,0.0,0.0
profile1d_quadratic__robust_ossm_ekf,37_2,cohface_37_2,data/cohface_37_2.pkl,0.53,0.65,0.79,0.2620024280184492,3.8381227063537047,0.36,0.99,0.09,9.018415835301369,0.17038411,0.5342691990090834,0.0872782862986237,0.0,0.0,1.0,profile1d_quadratic,robust_ossm_ekf,profile1d_quadratic__kfstd,0.5,0.84,,,0.4526237587802956,0.1564111234206888,0.465422121972743,0.3533801018173644,0.0016515276630883,1.0,1.2971811344993085,1.0,1.0,1.0752117882066832,0.6508550892953714,0.030000000000000027,-0.48,,,0.0,1.0,0.0
profile1d_cubic__robust_ossm_ekf,37_2,cohface_37_2,data/cohface_37_2.pkl,0.53,0.65,0.78,0.2609936410449694,3.776137117604007,0.56,1.27,-0.01,8.875017686418948,0.19057779,0.5243600330305532,0.086426819374736,0.0,0.0,1.0,profile1d_cubic,robust_ossm_ekf,profile1d_cubic__kfstd,0.5,0.96,,,0.4526237587802956,0.1564111234206888,0.465563282697448,0.3677577576422582,0.0041288191577208,1.0,1.2971811344993085,1.0,1.0,1.0752900819075786,0.6691267278405894,0.030000000000000027,-0.3999999999999999,,,0.0,1.0,0.0
of_farneback__robust_ossm_ekf,30_1,cohface_30_1,data/cohface_30_1.pkl,0.45,0.53,0.86,0.3619634234834561,5.570238157928205,0.08,0.1,0.99,13.999801763153371,0.040474974,0.0189612530915086,0.099775654200039,0.0,0.0,1.0,of_farneback,robust_ossm_ekf,of_farneback__kfstd,0.44,0.08,,,0.7966313577544327,0.1789135892016192,0.3867348769213355,0.3606944363653709,0.0024732069249793,1.0,1.3399358194830766,1.0,1.0,1.0742316371631484,0.4547375924279735,0.010000000000000009,0.0,,,0.0,0.0,0.0
dof__robust_ossm_ekf,30_1,cohface_30_1,data/cohface_30_1.pkl,0.72,0.92,0.56,0.4888971286793394,0.93671857128222,3.99,6.15,0.62,5.173586047283833,0.428097,0.3338829348722176,0.211493222846223,0.0,0.0,1.0,dof,robust_ossm_ekf,dof__kfstd,0.73,3.37,,,0.7966313577544327,0.1789135892016192,0.3543730705006068,0.4512653663897124,0.0016488046166529,1.612785204613815,1.3399358194830766,0.6443401262668281,0.2965404588385255,1.068268239963258,0.4505679386208295,-0.010000000000000009,0.6200000000000001,,,1.0,0.0,0.0
profile1d_linear__robust_ossm_ekf,30_1,cohface_30_1,data/cohface_30_1.pkl,0.29,0.36,0.94,0.2589576064319866,8.994007994361981,0.06,0.09,0.98,17.98251848115141,0.080594406,0.0189612530915086,0.0302348682093305,0.0,0.0,1.0,profile1d_linear,robust_ossm_ekf,profile1d_linear__kfstd,0.29,0.07,,,0.7966313577544327,0.1789135892016192,0.4095431735462141,0.2913843351174994,0.0,1.0,1.3399358194830766,1.0,1.0,1.0804258596186531,0.44236357546073746,0.0,-0.010000000000000009,,,0.0,1.0,0.0
profile1d_quadratic__robust_ossm_ekf,30_1,cohface_30_1,data/cohface_30_1.pkl,0.32,0.39,0.92,0.294479023064096,8.169318387544163,0.06,0.08,1.0,17.295670716318572,0.050317265,0.0239076669414674,0.0385929910605298,0.0,0.0,1.0,profile1d_quadratic,robust_ossm_ekf,profile1d_quadratic__kfstd,0.32,0.04,,,0.7966313577544327,0.1789135892016192,0.3786035351104834,0.2985126283786116,0.0032976092333058,1.0,1.3399358194830766,1.0,1.0,1.0796387556678388,0.4077484627102471,0.0,0.019999999999999997,,,0.0,0.0,0.0
profile1d_cubic__robust_ossm_ekf,30_1,cohface_30_1,data/cohface_30_1.pkl,0.33,0.4,0.92,0.2950728050171436,8.017567758969072,0.07,0.09,0.99,17.02655414742419,0.047738735,0.0288540807914262,0.0393685300837525,0.0,0.0,1.0,profile1d_cubic,robust_ossm_ekf,profile1d_cubic__kfstd,0.32,0.05,,,0.7966313577544327,0.1789135892016192,0.3803557167476648,0.3035720609894747,0.0032976092333058,1.0,1.3399358194830766,1.0,1.0,1.079565373730818,0.41366532303144,0.010000000000000009,0.020000000000000004,,,0.0,0.0,0.0
of_farneback__robust_ossm_ekf,11_1,cohface_11_1,data/cohface_11_1.pkl,0.52,0.71,0.75,0.4067635806019883,3.058200840622089,0.28,0.32,0.98,7.703244390969972,0.24541605,0.0774703557312253,0.231527689147619,0.0,0.0,1.0,of_farneback,robust_ossm_ekf,of_farneback__kfstd,0.5,0.28,,,0.7231746718248466,0.1565802159916185,0.3148363760402939,0.3711137936411832,0.0079051383399209,1.0,1.297502410384075,1.0,1.0,1.0634512688103834,0.37624337824064547,0.020000000000000018,0.0,,,0.0,0.0,0.0
dof__robust_ossm_ekf,11_1,cohface_11_1,data/cohface_11_1.pkl,0.55,0.71,0.74,0.4374376976243628,3.026624423677637,0.47,0.6,0.79,7.026844765155391,0.13842553,0.2213438735177865,0.12646170320226,0.0,0.0,1.0,dof,robust_ossm_ekf,dof__kfstd,0.56,0.59,,,0.7231746718248466,0.1565802159916185,0.3371365025698775,0.4455289008301594,0.0039525691699604,1.6441551097591245,1.297502410384075,0.6178824711533096,0.2384982066208232,1.0761408389896667,0.4418081900755547,-0.010000000000000009,-0.12,,,1.0,1.0,1.0
profile1d_linear__robust_ossm_ekf,11_1,cohface_11_1,data/cohface_11_1.pkl,0.67,1.04,0.46,0.4545523247832779,-0.3057715179633564,2.14,2.52,-0.35,5.732452380110105,0.4782664,0.1494071146245059,0.1382701244134747,0.0,0.0,1.0,profile1d_linear,robust_ossm_ekf,profile1d_linear__kfstd,0.61,2.06,,,0.7231746718248466,0.1565802159916185,0.3306431322297009,0.4145382584784314,0.0110671936758893,1.0,1.297502410384075,1.0,1.0,1.0716683950997998,0.4408285193887723,0.06000000000000005,0.08000000000000007,,,0.0,0.0,0.0
profile1d_quadratic__robust_ossm_ekf,11_1,cohface_11_1,data/cohface_11_1.pkl,0.53,0.65,0.79,0.3697766519220187,3.8231950701618262,0.41,0.63,0.77,8.575788404095121,0.09929243,0.0624505928853754,0.1085478652942754,0.0,0.0,1.0,profile1d_quadratic,robust_ossm_ekf,profile1d_quadratic__kfstd,0.47,0.54,,,0.7231746718248466,0.1565802159916185,0.2939459991252217,0.3668785964052127,0.000790513833992,1.0,1.297502410384075,1.0,1.0,1.0733557045832076,0.310574093231407,0.06000000000000005,-0.13000000000000006,,,0.0,1.0,0.0
profile1d_cubic__robust_ossm_ekf,11_1,cohface_11_1,data/cohface_11_1.pkl,0.52,0.65,0.79,0.3615192532193629,3.8581341855430873,0.37,0.58,0.79,8.821335736994827,0.08333587,0.0648221343873517,0.1083114851375911,0.0,0.0,1.0,profile1d_cubic,robust_ossm_ekf,profile1d_cubic__kfstd,0.47,0.52,,,0.7231746718248466,0.1565802159916185,0.2980276933949699,0.3524362732295048,0.0,1.0,1.297502410384075,1.0,1.0,1.073404958661368,0.30578202773490587,0.050000000000000044,-0.15000000000000002,,,0.0,1.0,0.0
of_farneback__robust_ossm_ekf,37_0,cohface_37_0,data/cohface_37_0.pkl,0.75,0.99,0.52,0.4950902997007623,0.1195736200981035,5.8,6.87,-0.49,3.525257692714117,0.7971449,0.3432588916459884,0.2868730205655633,0.0,0.0,1.0,of_farneback,robust_ossm_ekf,of_farneback__kfstd,0.74,5.79,,,0.5964029412566023,0.1644208076690755,0.4325732850960989,0.3539790717668327,0.0148883374689826,1.0,1.3123995345712434,1.0,1.0,1.062526007260067,0.6495545184380834,0.010000000000000009,0.009999999999999787,,,0.0,0.0,0.0
dof__robust_ossm_ekf,37_0,cohface_37_0,data/cohface_37_0.pkl,0.89,1.07,0.65,0.4722189659751297,2.252884375477521,4.84,4.86,0.77,13.005754369697906,2.3489456,0.4838709677419355,0.1066193764042433,0.0,0.0,1.0,dof,robust_ossm_ekf,dof__kfstd,0.98,4.86,,,0.5964029412566023,0.1644208076690755,0.3664945935177622,0.4629916106420264,0.0074441687344913,1.8109373432199127,1.3123995345712434,0.5440919649126704,0.1953932483772992,1.0780720489007374,0.5735283308090614,-0.08999999999999997,-0.020000000000000462,,,1.0,1.0,1.0
profile1d_linear__robust_ossm_ekf,37_0,cohface_37_0,data/cohface_37_0.pkl,0.58,0.74,0.66,0.3556017497212861,2.664072905511792,0.17,0.29,-0.23,10.297929309377556,0.06215267,0.8420181968569065,0.1587468908030746,0.0,0.0,1.0,profile1d_linear,robust_ossm_ekf,profile1d_linear__kfstd,0.53,0.21,,,0.5964029412566023,0.1644208076690755,0.4867144616821729,0.4003426421870323,0.0049627791563275,1.0,1.3123995345712434,1.0,1.0,1.0702605796940807,0.6376075150539111,0.04999999999999993,-0.03999999999999998,,,0.0,1.0,0.0
profile1d_quadratic__robust_ossm_ekf,37_0,cohface_37_0,data/cohface_37_0.pkl,0.67,0.87,0.62,0.4249870176921659,1.2002916518980071,0.12,0.25,0.8,8.927910044299399,0.11407693,0.5144747725392886,0.0930045721102933,0.0,0.0,1.0,profile1d_quadratic,robust_ossm_ekf,profile1d_quadratic__kfstd,0.6,0.16,,,0.5964029412566023,0.1644208076690755,0.4163122440231637,0.2737641478628321,0.0066170388751033,1.0,1.3123995345712434,1.0,1.0,1.0752241854938176,0.542320296195706,0.07000000000000006,-0.04000000000000001,,,0.0,1.0,0.0
profile1d_cubic__robust_ossm_ekf,37_0,cohface_37_0,data/cohface_37_0.pkl,0.66,0.87,0.62,0.4215063293426395,1.187213103113534,0.12,0.24,0.81,8.35439945485482,0.13910757,0.5301902398676592,0.100007097760319,0.0,0.0,1.0,profile1d_cubic,robust_ossm_ekf,profile1d_cubic__kfstd,0.61,0.16,,,0.5964029412566023,0.1644208076690755,0.4103854994619449,0.2802625890389114,0.0090984284532671,1.0,1.3123995345712434,1.0,1.0,1.074598330650273,0.546032837448603,0.050000000000000044,-0.04000000000000001,,,0.0,1.0,0.0
of_farneback__robust_ossm_ekf,18_1,cohface_18_1,data/cohface_18_1.pkl,0.6,0.74,0.72,0.5037411606786408,2.635054848053549,0.25,0.31,0.81,6.597120448895753,0.06195762,0.0282485875706214,0.1233092808252387,0.0,0.0,1.0,of_farneback,robust_ossm_ekf,of_farneback__kfstd,0.59,0.25,,,0.5843514071561289,0.2302975879816735,0.3356075448990612,0.0579378252984379,0.0129136400322841,1.0,1.4375654171651795,1.0,1.0,1.072322542731006,0.3695645890528241,0.010000000000000009,0.0,,,0.0,0.0,0.0
dof__robust_ossm_ekf,18_1,cohface_18_1,data/cohface_18_1.pkl,0.96,1.2,0.28,0.6437091023438819,-1.4714345008707863,5.58,5.85,0.5,3.970602296218059,2.7731345,0.0831315577078288,0.2241347451207676,0.0,0.0,1.0,dof,robust_ossm_ekf,dof__kfstd,0.97,4.49,,,0.5843514071561289,0.2302975879816735,0.3123806610025188,0.4492036001047023,0.0072639225181598,1.5571486888695834,1.4375654171651795,0.583719898056652,0.3073269656630766,1.0672830125918846,0.5266639184948572,-0.010000000000000009,1.0899999999999999,,,1.0,0.0,0.0
profile1d_linear__robust_ossm_ekf,18_1,cohface_18_1,data/cohface_18_1.pkl,0.74,0.93,0.53,0.5042034636208211,0.6370406069277288,7.47,8.3,-0.1,4.737993989632012,1.5101118,0.1840193704600484,0.2506838218054896,0.0,0.0,1.0,profile1d_linear,robust_ossm_ekf,profile1d_linear__kfstd,0.86,8.56,,,0.5843514071561289,0.2302975879816735,0.361292829776304,0.3950865997628711,0.0298627925746569,1.0,1.4375654171651795,1.0,1.0,1.0619237763914426,0.6480357194416424,-0.12,-1.0900000000000007,,,1.0,1.0,1.0
profile1d_quadratic__robust_ossm_ekf,18_1,cohface_18_1,data/cohface_18_1.pkl,0.69,0.88,0.59,0.4074206806809023,1.012532780043369,7.15,8.18,-0.56,5.776262611468496,1.5739579,0.2066182405165456,0.1254624904568674,0.0,0.0,1.0,profile1d_quadratic,robust_ossm_ekf,profile1d_quadratic__kfstd,0.89,5.85,,,0.5843514071561289,0.2302975879816735,0.3372846901461965,0.3137340512366854,0.0024213075060532,1.0,1.4375654171651795,1.0,1.0,1.071883748287723,0.4694619643942944,-0.20000000000000007,1.3000000000000007,,,1.0,0.0,0.0
profile1d_cubic__robust_ossm_ekf,18_1,cohface_18_1,data/cohface_18_1.pkl,0.69,0.89,0.58,0.4194857645731132,0.9820490968207488,7.23,8.23,-0.57,5.563836551227245,1.6208506,0.1670702179176755,0.1365300132087887,0.0,0.0,1.0,profile1d_cubic,robust_ossm_ekf,profile1d_cubic__kfstd,0.9,5.59,,,0.5843514071561289,0.2302975879816735,0.3385929935519703,0.3356121479146459,0.0016142050040355,1.0,1.4375654171651795,1.0,1.0,1.0709078609559144,0.48134574905946914,-0.21000000000000008,1.6400000000000006,,,1.0,0.0,0.0
of_farneback__robust_ossm_ekf,26_2,cohface_26_2,data/cohface_26_2.pkl,0.84,1.0,0.47,0.512106301191602,0.0832503906302087,2.26,2.44,0.1,6.724086350625431,0.5322631,0.5076060848678943,0.7678354231215162,0.0,1.0,0.0,of_farneback,robust_ossm_ekf,of_farneback__kfstd,0.86,2.28,,,0.342742259253526,0.2269996051713175,0.4754041727232014,0.247018427280397,0.0192153722978382,1.0,1.4312992498255035,0.9935948759007206,0.9935948759007206,1.0581453849846505,0.7464920620045409,-0.020000000000000018,-0.020000000000000018,,,1.0,1.0,1.0
dof__robust_ossm_ekf,26_2,cohface_26_2,data/cohface_26_2.pkl,0.71,0.93,0.57,0.4662722372862899,0.690056026822728,4.22,5.11,0.21,8.007944749026773,0.55697787,0.5212169735788631,0.195730719828694,0.0,0.0,1.0,dof,robust_ossm_ekf,dof__kfstd,0.67,4.1,,,0.342742259253526,0.2269996051713175,0.3767406890698832,0.4402441556734491,0.0112089671737389,1.7782102203624328,1.4312992498255035,0.4759883207607853,0.1815204723168275,1.0707102296573408,0.7349837493942692,0.039999999999999925,0.1200000000000001,,,0.0,0.0,0.0
profile1d_linear__robust_ossm_ekf,26_2,cohface_26_2,data/cohface_26_2.pkl,0.85,1.09,0.42,0.433877831051528,-0.6589079441850847,3.39,3.63,-0.57,5.888477155444331,0.8496032,0.3634907926341073,0.2103286855119744,0.0,0.0,1.0,profile1d_linear,robust_ossm_ekf,profile1d_linear__kfstd,0.83,3.33,,,0.342742259253526,0.2269996051713175,0.4689685494900023,0.4096306984888336,0.0224179343474779,1.0,1.4312992498255035,1.0,1.0,1.06734514297604,0.8549351442463747,0.020000000000000018,0.06000000000000005,,,0.0,0.0,0.0
profile1d_quadratic__robust_ossm_ekf,26_2,cohface_26_2,data/cohface_26_2.pkl,0.73,0.9,0.6,0.4565331612628475,0.985936160111638,3.53,4.14,-0.36,5.604838786568834,0.49707285,0.4875900720576461,0.1196719957832819,0.0,0.0,1.0,profile1d_quadratic,robust_ossm_ekf,profile1d_quadratic__kfstd,0.7,3.3,,,0.342742259253526,0.2269996051713175,0.44014122071868,0.3734691236398245,0.0144115292233787,1.0,1.4312992498255035,1.0,1.0,1.0723609001015204,0.8019522020549632,0.030000000000000027,0.22999999999999998,,,0.0,0.0,0.0
profile1d_cubic__robust_ossm_ekf,26_2,cohface_26_2,data/cohface_26_2.pkl,0.73,0.9,0.6,0.4575390853843434,0.9784805738041472,3.75,4.35,-0.34,5.217101030010976,0.5195023,0.4851881505204163,0.1228341133044686,0.0,0.0,1.0,profile1d_cubic,robust_ossm_ekf,profile1d_cubic__kfstd,0.7,3.32,,,0.342742259253526,0.2269996051713175,0.4443930256250255,0.3684842129425399,0.0160128102481985,1.0,1.4312992498255035,1.0,1.0,1.072104103651367,0.8053535913382003,0.030000000000000027,0.43000000000000016,,,0.0,0.0,0.0
of_farneback__robust_ossm_ekf,36_0,cohface_36_0,data/cohface_36_0.pkl,0.54,0.7,0.76,0.3476787374654682,3.221650039135246,1.74,2.53,-0.91,8.566368371071192,0.1591026,0.2976480129764801,0.3081796327626517,0.0,0.0,1.0,of_farneback,robust_ossm_ekf,of_farneback__kfstd,0.54,1.75,,,0.6335962027889457,0.1450625827869032,0.4828604182676305,0.357710284947874,0.016220600162206,1.0,1.275618907295116,1.0,1.0,1.0582469108538106,0.6275754565561897,0.0,-0.010000000000000009,,,0.0,1.0,0.0
dof__robust_ossm_ekf,36_0,cohface_36_0,data/cohface_36_0.pkl,0.74,0.88,0.63,0.4493545761706595,1.2994650385938795,1.0,1.1,0.58,13.470743846304469,0.1508486,0.4168694241686942,0.1236131460119572,0.0,0.0,1.0,dof,robust_ossm_ekf,dof__kfstd,0.83,2.74,,,0.6335962027889457,0.1450625827869032,0.3892332074687948,0.4055525458451569,0.0032441200324412,2.1036593122121854,1.275618907295116,0.4409603867904551,0.1235298150078578,1.076411700994801,0.5317167789507165,-0.08999999999999997,-1.7400000000000002,,,1.0,1.0,1.0
profile1d_linear__robust_ossm_ekf,36_0,cohface_36_0,data/cohface_36_0.pkl,0.45,0.57,0.84,0.3364070498948253,4.972213505445208,0.34,0.46,0.92,14.973449684482423,0.009133242,0.4468775344687753,0.1477966110715057,0.0,0.0,1.0,profile1d_linear,robust_ossm_ekf,profile1d_linear__kfstd,0.4,0.42,,,0.6335962027889457,0.1450625827869032,0.4442258626781449,0.3502847764560892,0.0202757502027575,1.0,1.275618907295116,1.0,1.0,1.0698228059754231,0.6392508646750825,0.04999999999999999,-0.07999999999999996,,,0.0,1.0,0.0
profile1d_quadratic__robust_ossm_ekf,36_0,cohface_36_0,data/cohface_36_0.pkl,0.51,0.66,0.79,0.3454390219881058,3.78128505282896,1.75,2.49,-0.88,10.704842858897363,0.15082198,0.2181670721816707,0.1423190020575253,0.0,0.0,1.0,profile1d_quadratic,robust_ossm_ekf,profile1d_quadratic__kfstd,0.48,1.79,,,0.6335962027889457,0.1450625827869032,0.466285645659736,0.3833218021350928,0.0210867802108678,1.0,1.275618907295116,1.0,1.0,1.0702593950882169,0.6619173692016175,0.030000000000000027,-0.040000000000000036,,,0.0,1.0,0.0
profile1d_cubic__robust_ossm_ekf,36_0,cohface_36_0,data/cohface_36_0.pkl,0.5,0.65,0.79,0.3366685603187547,3.8129264044445743,1.75,2.49,-0.89,10.440901896558096,0.1469652,0.2295214922952149,0.1497049263199283,0.0,0.0,1.0,profile1d_cubic,robust_ossm_ekf,profile1d_cubic__kfstd,0.48,1.79,,,0.6335962027889457,0.1450625827869032,0.4704489046918873,0.3833097040043421,0.0210867802108678,1.0,1.275618907295116,1.0,1.0,1.0696487952106888,0.6619102441420887,0.020000000000000018,-0.040000000000000036,,,0.0,1.0,0.0
of_farneback__robust_ossm_ekf,26_3,cohface_26_3,data/cohface_26_3.pkl,0.89,1.08,0.43,0.5121465403550277,-0.540194336470911,4.95,5.53,0.2,2.2261419334487607,1.1714824,0.2607986960065199,0.761056586951643,0.0,1.0,0.0,of_farneback,robust_ossm_ekf,of_farneback__kfstd,0.9,4.92,,,0.3270681961816215,0.2280790006585749,0.3768356270401826,0.346882099222085,0.0154849225753871,1.0,1.4333501012512924,0.991035044824776,0.991035044824776,1.0599283265035506,0.6978618077615942,-0.010000000000000009,0.03000000000000025,,,1.0,0.0,0.0
dof__robust_ossm_ekf,26_3,cohface_26_3,data/cohface_26_3.pkl,0.81,0.99,0.52,0.5113358547486921,0.1929616201688207,6.06,6.06,0.59,7.422451065895904,1.6069946,0.2045639771801141,0.1703423709497964,0.0,0.0,1.0,dof,robust_ossm_ekf,dof__kfstd,0.82,6.04,,,0.3270681961816215,0.2280790006585749,0.3317741034649478,0.4134799771098857,0.0081499592502037,1.7037740755090154,1.4333501012512924,0.4802198887619327,0.1959020519835483,1.0723988630798462,0.6325190255027677,-0.009999999999999898,0.019999999999999574,,,1.0,0.0,0.0
profile1d_linear__robust_ossm_ekf,26_3,cohface_26_3,data/cohface_26_3.pkl,0.82,1.07,0.44,0.5867778582456793,-0.4780078526120954,3.22,4.16,-0.31,6.014048436195932,0.80456394,0.4743276283618582,0.205228058198902,0.0,0.0,1.0,profile1d_linear,robust_ossm_ekf,profile1d_linear__kfstd,0.85,5.16,,,0.3270681961816215,0.2280790006585749,0.4149312269533383,0.3565125827731974,0.0171149144254278,1.0,1.4333501012512924,1.0,1.0,1.0663395036706946,0.7738436522504045,-0.030000000000000027,-1.94,,,1.0,1.0,1.0
profile1d_quadratic__robust_ossm_ekf,26_3,cohface_26_3,data/cohface_26_3.pkl,0.7,0.86,0.64,0.4238787247253359,1.4428535368915547,6.01,6.01,0.66,1.492333205601971,0.6457389,0.6299918500407498,0.1440883437082728,0.0,0.0,1.0,profile1d_quadratic,robust_ossm_ekf,profile1d_quadratic__kfstd,0.73,6.01,,,0.3270681961816215,0.2280790006585749,0.4155034256649784,0.3654541945355796,0.0203748981255093,1.0,1.4333501012512924,1.0,1.0,1.0700690918508873,0.7929705304758072,-0.030000000000000027,0.0,,,1.0,0.0,0.0
profile1d_cubic__robust_ossm_ekf,26_3,cohface_26_3,data/cohface_26_3.pkl,0.7,0.86,0.64,0.4242919496727816,1.4099483042755458,6.01,6.01,0.65,1.4991756600259354,0.6496523,0.628361858190709,0.1446358126976809,0.0,0.0,1.0,profile1d_cubic,robust_ossm_ekf,profile1d_cubic__kfstd,0.73,6.01,,,0.3270681961816215,0.2280790006585749,0.4090371004290393,0.367480037597081,0.0211898940505297,1.0,1.4333501012512924,1.0,1.0,1.0700237048264978,0.7865496059841455,-0.030000000000000027,0.0,,,1.0,0.0,0.0
of_farneback__robust_ossm_ekf,2_1,cohface_2_1,data/cohface_2_1.pkl,0.63,0.77,0.71,0.4052368309036086,2.3281096080763968,1.31,3.2,-0.16,5.428468504693867,0.37350696,0.119205298013245,0.9505008962974524,1.0,0.0,0.0,of_farneback,robust_ossm_ekf,of_farneback__kfstd,0.61,1.3,,,0.9996243448444232,0.3359796552495716,0.4083600858051564,0.4396262483188762,0.0173841059602649,1.0,1.638361344974186,0.9917218543046358,0.9917218543046358,1.0506256910508058,0.6909171827038599,0.020000000000000018,0.010000000000000009,,,0.0,0.0,0.0
dof__robust_ossm_ekf,2_1,cohface_2_1,data/cohface_2_1.pkl,0.72,0.88,0.62,0.4598537258395276,1.1929578845568505,8.15,8.29,-0.75,3.723955341762943,1.3553619,0.0728476821192053,0.1291126609696691,0.0,0.0,1.0,dof,robust_ossm_ekf,dof__kfstd,0.48,0.31,,,0.9996243448444232,0.3359796552495716,0.3091700465459504,0.456948908650973,0.0,1.8861037010993007,1.638361344974186,0.5249690354310189,0.2236777772337942,1.0760803066879363,0.4660489630178172,0.24,7.840000000000001,,,0.0,0.0,0.0
profile1d_linear__robust_ossm_ekf,2_1,cohface_2_1,data/cohface_2_1.pkl,0.5,0.69,0.77,0.4374525946413706,3.280334287685963,0.22,0.3,0.9,9.849651171292868,0.029463317,0.3336092715231788,0.1755702283039746,0.0,0.0,1.0,profile1d_linear,robust_ossm_ekf,profile1d_linear__kfstd,0.36,0.23,,,0.9996243448444232,0.3359796552495716,0.3881905801711828,0.396155007431577,0.009933774834437,1.0,1.638361344974186,1.0,1.0,1.0690136912295212,0.602020069589753,0.14,-0.010000000000000009,,,0.0,1.0,0.0
profile1d_quadratic__robust_ossm_ekf,2_1,cohface_2_1,data/cohface_2_1.pkl,0.58,0.73,0.74,0.4821584059836175,2.8145802878915385,1.02,2.17,0.78,5.3212348609407725,0.16929285,0.0306291390728476,0.1022052787992512,0.0,0.0,1.0,profile1d_quadratic,robust_ossm_ekf,profile1d_quadratic__kfstd,0.46,0.22,,,0.9996243448444232,0.3359796552495716,0.3665614817238406,0.4642231805265216,0.0115894039735099,1.0,1.638361344974186,1.0,1.0,1.074088409403449,0.6124037152661239,0.11999999999999994,0.8,,,0.0,0.0,0.0
profile1d_cubic__robust_ossm_ekf,2_1,cohface_2_1,data/cohface_2_1.pkl,0.59,0.73,0.74,0.4806580515808252,2.7984412851008464,1.04,2.18,0.77,5.344862852740399,0.1740168,0.0339403973509933,0.1060010755201595,0.0,0.0,1.0,profile1d_cubic,robust_ossm_ekf,profile1d_cubic__kfstd,0.46,0.23,,,0.9996243448444232,0.3359796552495716,0.3643392050799617,0.4657586947106867,0.009933774834437,1.0,1.638361344974186,1.0,1.0,1.0737675191675853,0.6030305761815522,0.12999999999999995,0.81,,,0.0,0.0,0.0
of_farneback__robust_ossm_ekf,38_3,cohface_38_3,data/cohface_38_3.pkl,0.35,0.45,0.9,0.3283183882682797,6.905279946043277,0.1,0.12,0.97,8.886365886351365,0.0428617,0.0122850122850122,0.1519184426211596,0.0,0.0,1.0,of_farneback,robust_ossm_ekf,of_farneback__kfstd,0.35,0.1,,,0.6002291927030775,0.1533523604026435,0.2495756773504122,0.4649172414394231,0.0122850122850122,1.0,1.2913694847650226,1.0,1.0,1.0700462927027905,0.39501589907674917,0.0,0.0,,,0.0,0.0,0.0
dof__robust_ossm_ekf,38_3,cohface_38_3,data/cohface_38_3.pkl,0.36,0.47,0.89,0.3078876872170038,6.591987701490213,0.24,0.27,0.81,8.905486239971136,0.06626536,0.0,0.1480493308677437,0.0,0.0,1.0,dof,robust_ossm_ekf,dof__kfstd,0.38,0.2,,,0.6002291927030775,0.1533523604026435,0.2783960034506032,0.4701041588629273,0.0122850122850122,1.7686980486881885,1.2913694847650226,0.4984979608693826,0.2127374122613215,1.074764270465829,0.4395960367571293,-0.020000000000000018,0.03999999999999998,,,1.0,0.0,0.0
profile1d_linear__robust_ossm_ekf,38_3,cohface_38_3,data/cohface_38_3.pkl,0.6,0.77,0.71,0.3848604581287003,2.3514432060777377,0.47,0.56,0.63,3.577313068102116,0.15079793,0.0589680589680589,0.1022097653780274,0.0,0.0,1.0,profile1d_linear,robust_ossm_ekf,profile1d_linear__kfstd,0.55,0.44,,,0.6002291927030775,0.1533523604026435,0.3394737412313874,0.337089885373053,0.0057330057330057,1.0,1.2913694847650226,1.0,1.0,1.07397023846346,0.4377126465395004,0.04999999999999993,0.02999999999999997,,,0.0,0.0,0.0
profile1d_quadratic__robust_ossm_ekf,38_3,cohface_38_3,data/cohface_38_3.pkl,0.76,0.91,0.58,0.4903449945556057,0.8219956684521944,3.34,4.3,0.08,3.284694807895491,0.5707835,0.235053235053235,0.2091431436675894,0.0,0.0,1.0,profile1d_quadratic,robust_ossm_ekf,profile1d_quadratic__kfstd,0.64,1.18,,,0.6002291927030775,0.1533523604026435,0.2947751510295421,0.3043757050726713,0.0229320229320229,1.0,1.2913694847650226,1.0,1.0,1.0658992955754394,0.4115846925888268,0.12,2.16,,,0.0,0.0,0.0
profile1d_cubic__robust_ossm_ekf,38_3,cohface_38_3,data/cohface_38_3.pkl,0.75,0.9,0.59,0.4739653594303341,0.947860511018707,2.03,3.03,0.15,1.2950608039517797,0.4572525,0.095004095004095,0.2129444123480448,0.0,0.0,1.0,profile1d_cubic,robust_ossm_ekf,profile1d_cubic__kfstd,0.63,1.19,,,0.6002291927030775,0.1533523604026435,0.2889330424634384,0.3143536115385646,0.0171990171990172,1.0,1.2913694847650226,1.0,1.0,1.065373088176224,0.3849791780119203,0.12,0.8399999999999999,,,0.0,0.0,0.0
of_farneback__robust_ossm_ekf,22_3,cohface_22_3,data/cohface_22_3.pkl,0.3,0.42,0.91,0.2635681729580262,7.67202180837333,0.05,0.08,0.94,18.95043835655866,0.020005856,0.0,0.0997981974729354,0.0,0.0,1.0,of_farneback,robust_ossm_ekf,of_farneback__kfstd,0.28,0.05,,,0.6369322777542933,0.172527963778846,0.3262698651547353,0.4296581188974827,0.0,1.0,1.3278031311798073,1.0,1.0,1.0742451313471688,0.44601549477662794,0.019999999999999962,0.0,,,0.0,0.0,0.0
dof__robust_ossm_ekf,22_3,cohface_22_3,data/cohface_22_3.pkl,0.95,1.2,0.26,0.5645978485764833,-1.4205707572287118,11.15,11.16,0.02,9.798406507853716,3.28556,0.0099091659785301,0.198742832079474,0.0,0.0,1.0,dof,robust_ossm_ekf,dof__kfstd,0.64,0.49,,,0.6369322777542933,0.172527963778846,0.368038169722337,0.2043249695770917,0.0033030553261767,1.880451718124745,1.3278031311798073,0.4865024629357546,0.2843336245795021,1.0707126446568411,0.39639591953920134,0.30999999999999994,10.66,,,0.0,0.0,0.0
profile1d_linear__robust_ossm_ekf,22_3,cohface_22_3,data/cohface_22_3.pkl,0.22,0.3,0.96,0.2151716320661834,10.520777134213368,0.09,0.1,0.95,19.63514768826242,0.017464321,0.0115606936416184,0.0371757965264835,0.0,0.0,1.0,profile1d_linear,robust_ossm_ekf,profile1d_linear__kfstd,0.2,0.07,,,0.6369322777542933,0.172527963778846,0.3790804285063179,0.4054848765196793,0.0008257638315441,1.0,1.3278031311798073,1.0,1.0,1.079773110242019,0.523572753984286,0.01999999999999999,0.01999999999999999,,,0.0,0.0,0.0
profile1d_quadratic__robust_ossm_ekf,22_3,cohface_22_3,data/cohface_22_3.pkl,0.2,0.32,0.95,0.1929830418199665,9.847242751304336,0.02,0.04,0.98,19.81692615936212,0.016303385,0.0,0.042642270696876,0.0,0.0,1.0,profile1d_quadratic,robust_ossm_ekf,profile1d_quadratic__kfstd,0.18,0.02,,,0.6369322777542933,0.172527963778846,0.3126063666638817,0.4325332819877402,0.0,1.0,1.3278031311798073,1.0,1.0,1.079294140000871,0.42480481038372697,0.020000000000000018,0.0,,,0.0,0.0,0.0
profile1d_cubic__robust_ossm_ekf,22_3,cohface_22_3,data/cohface_22_3.pkl,0.21,0.33,0.95,0.1961397712234993,9.694072259900697,0.01,0.04,0.98,19.36343035112188,0.017602291,0.0,0.0438132122577703,0.0,0.0,1.0,profile1d_cubic,robust_ossm_ekf,profile1d_cubic__kfstd,0.18,0.02,,,0.6369322777542933,0.172527963778846,0.3099167081274806,0.4280303938922666,0.0,1.0,1.3278031311798073,1.0,1.0,1.0791896413345905,0.41764423803614625,0.03,-0.01,,,0.0,1.0,0.0
of_farneback__robust_ossm_ekf,37_1,cohface_37_1,data/cohface_37_1.pkl,0.84,1.05,0.46,0.452578232542236,-0.3757582975410325,4.52,4.77,,6.845416263981715,1.0909543,0.4896779521056977,0.1651222371615112,0.0,0.0,1.0,of_farneback,robust_ossm_ekf,of_farneback__kfstd,0.84,4.5,,,0.5941698512344286,0.1729975106034241,0.4608385923442285,0.3914283843248204,0.0123864574731626,1.0,1.3286952701465058,1.0,1.0,1.0689473731220336,0.6688721327895034,0.0,0.019999999999999574,,,0.0,0.0,0.0
dof__robust_ossm_ekf,37_1,cohface_37_1,data/cohface_37_1.pkl,0.96,1.2,0.28,0.4853783194420793,-1.5702543885977231,4.57,4.59,,9.224436612945704,2.174769,0.8596201486374897,0.162312075985723,0.0,0.0,1.0,dof,robust_ossm_ekf,dof__kfstd,0.96,5.07,,,0.5941698512344286,0.1729975106034241,0.3752329007661549,0.3995265134022329,0.0148637489677952,1.7374294242109811,1.3286952701465058,0.5769411580350278,0.2558400121168097,1.0729507280119084,0.5872975531222332,0.0,-0.5,,,0.0,1.0,0.0
profile1d_linear__robust_ossm_ekf,37_1,cohface_37_1,data/cohface_37_1.pkl,0.87,1.14,0.36,0.5538372129927304,-1.101951465347343,5.49,5.82,,3.376963000250243,2.3063135,0.3484723369116432,0.212425799209964,0.0,0.0,1.0,profile1d_linear,robust_ossm_ekf,profile1d_linear__kfstd,0.91,6.24,,,0.5941698512344286,0.1729975106034241,0.4329177821874234,0.3835132567955174,0.0189925681255161,1.0,1.3286952701465058,1.0,1.0,1.065324814020327,0.6903548146927809,-0.040000000000000036,-0.75,,,1.0,1.0,1.0
profile1d_quadratic__robust_ossm_ekf,37_1,cohface_37_1,data/cohface_37_1.pkl,0.6,0.73,0.74,0.3690558958594521,2.8917952819977124,0.91,1.73,,9.443031340692396,0.41349867,0.6085879438480595,0.1002913692139879,0.0,0.0,1.0,profile1d_quadratic,robust_ossm_ekf,profile1d_quadratic__kfstd,0.59,1.07,,,0.5941698512344286,0.1729975106034241,0.4598745576054978,0.4172875992323105,0.004954582989265,1.0,1.3286952701465058,1.0,1.0,1.0739814768428697,0.6546893955147902,0.010000000000000009,-0.16000000000000003,,,0.0,1.0,0.0
profile1d_cubic__robust_ossm_ekf,37_1,cohface_37_1,data/cohface_37_1.pkl,0.62,0.75,0.73,0.3669234180508178,2.6635235584730887,0.97,1.81,,8.80778504073036,0.44057083,0.6151940545004129,0.096472317943402,0.0,0.0,1.0,profile1d_cubic,robust_ossm_ekf,profile1d_cubic__kfstd,0.61,1.25,,,0.5941698512344286,0.1729975106034241,0.4609548691312627,0.4018066337525137,0.0099091659785301,1.0,1.3286952701465058,1.0,1.0,1.0743276840937688,0.6651802092638469,0.010000000000000009,-0.28,,,0.0,1.0,0.0
of_farneback__robust_ossm_ekf,37_3,cohface_37_3,data/cohface_37_3.pkl,0.76,0.89,0.55,0.3360244165319769,1.0963348179871286,4.13,4.34,0.93,5.646096937888983,1.0189089,0.4743801652892562,0.3818159583665557,0.0,0.0,1.0,of_farneback,robust_ossm_ekf,of_farneback__kfstd,0.76,3.96,,,0.4726520798948807,0.1660530820481046,0.4461390077142535,0.3744115712991667,0.0231404958677685,1.0,1.3155008558913988,0.996694214876033,0.996694214876033,1.0627973323510458,0.7469314416146193,0.0,0.16999999999999993,,,0.0,0.0,0.0
dof__robust_ossm_ekf,37_3,cohface_37_3,data/cohface_37_3.pkl,1.0,1.24,0.23,0.5187751508495084,-1.8573359051015736,4.63,4.7,0.5,9.1797344190149,2.8488238,0.7214876033057851,0.2367679218553695,0.0,0.0,1.0,dof,robust_ossm_ekf,dof__kfstd,0.98,5.6,,,0.4726520798948807,0.1660530820481046,0.3481692934731409,0.5107741340873783,0.0041322314049586,1.6425531259509505,1.3155008558913988,0.540941914825656,0.2298866072458973,1.0687672414753298,0.6058447355833568,0.020000000000000018,-0.9699999999999998,,,0.0,1.0,0.0
profile1d_linear__robust_ossm_ekf,37_3,cohface_37_3,data/cohface_37_3.pkl,0.55,0.71,0.7,0.3150734962125597,3.146450766120684,1.06,1.64,-0.18,10.672743167675984,0.15897828,0.4636363636363636,0.1689791393679849,0.0,0.0,1.0,profile1d_linear,robust_ossm_ekf,profile1d_linear__kfstd,0.54,1.3,,,0.4726520798948807,0.1660530820481046,0.4879486137439441,0.3951150614907083,0.0082644628099173,1.0,1.3155008558913988,1.0,1.0,1.069727190105271,0.7002514481137546,0.010000000000000009,-0.24,,,0.0,1.0,0.0
profile1d_quadratic__robust_ossm_ekf,37_3,cohface_37_3,data/cohface_37_3.pkl,0.61,0.71,0.73,0.2566854268114892,3.107937992453813,1.4,2.16,-0.36,7.790563421453839,0.37953094,0.6859504132231405,0.0835569954729913,0.0,0.0,1.0,profile1d_quadratic,robust_ossm_ekf,profile1d_quadratic__kfstd,0.55,1.27,,,0.4726520798948807,0.1660530820481046,0.4709160792510525,0.370738979661054,0.0041322314049586,1.0,1.3155008558913988,1.0,1.0,1.075562289486825,0.6695417914995204,0.05999999999999994,0.1299999999999999,,,0.0,0.0,0.0
profile1d_cubic__robust_ossm_ekf,37_3,cohface_37_3,data/cohface_37_3.pkl,0.61,0.71,0.73,0.2626104168589568,3.075599812878877,1.43,2.2,-0.35,7.615638666136045,0.39258635,0.7057851239669422,0.0891507948189205,0.0,0.0,1.0,profile1d_cubic,robust_ossm_ekf,profile1d_cubic__kfstd,0.55,1.46,,,0.4726520798948807,0.1660530820481046,0.4659442733085012,0.3684197604911428,0.0049586776859504,1.0,1.3155008558913988,1.0,1.0,1.0750604424133885,0.6714466400427661,0.05999999999999994,-0.030000000000000027,,,0.0,1.0,0.0
of_farneback__robust_ossm_ekf,7_2,cohface_7_2,data/cohface_7_2.pkl,0.36,0.52,0.87,0.2886807813497402,5.818308367948195,0.17,0.2,0.97,14.198565491248807,0.059076287,0.0,0.0766365305041564,0.0,0.0,1.0,of_farneback,robust_ossm_ekf,of_farneback__kfstd,0.35,0.17,,,0.5541868902895055,0.1152195423332168,0.2579350983738728,0.5078022819000828,0.0041390728476821,1.0,1.218917130433112,1.0,1.0,1.076299384097769,0.3936709082895209,0.010000000000000009,0.0,,,0.0,0.0,0.0
dof__robust_ossm_ekf,7_2,cohface_7_2,data/cohface_7_2.pkl,0.59,0.79,0.64,0.3905846082016778,2.0982524239982743,1.21,1.78,-0.0,6.273285952818204,0.11458266,0.4536423841059602,0.2521080596296324,0.0,0.0,1.0,dof,robust_ossm_ekf,dof__kfstd,0.68,1.51,,,0.5541868902895055,0.1152195423332168,0.3307979607982514,0.3568349552359477,0.0074503311258278,1.647178199496121,1.218917130433112,0.5450947104078407,0.3155804982067747,1.065219497553998,0.44290876353432607,-0.09000000000000008,-0.30000000000000004,,,1.0,1.0,1.0
profile1d_linear__robust_ossm_ekf,7_2,cohface_7_2,data/cohface_7_2.pkl,0.43,0.61,0.81,0.3709902021861857,4.331696665736419,0.2,0.23,0.95,14.62434037161342,0.011107449,0.0670529801324503,0.0871008343410385,0.0,0.0,1.0,profile1d_linear,robust_ossm_ekf,profile1d_linear__kfstd,0.39,0.2,,,0.5541868902895055,0.1152195423332168,0.2866307670200209,0.4999861537859488,0.0049668874172185,1.0,1.218917130433112,1.0,1.0,1.075550228276108,0.4433506382783181,0.03999999999999998,0.0,,,0.0,0.0,0.0
profile1d_quadratic__robust_ossm_ekf,7_2,cohface_7_2,data/cohface_7_2.pkl,0.3,0.45,0.9,0.2309512627131913,6.923591696981912,0.12,0.15,0.98,17.76942151875591,0.02799422,0.0,0.0328246415874637,0.0,0.0,1.0,profile1d_quadratic,robust_ossm_ekf,profile1d_quadratic__kfstd,0.31,0.12,,,0.5541868902895055,0.1152195423332168,0.2544971877935974,0.5346171285903838,0.0,1.0,1.218917130433112,1.0,1.0,1.0802185964077016,0.3715272647879682,-0.010000000000000009,0.0,,,1.0,0.0,0.0
profile1d_cubic__robust_ossm_ekf,7_2,cohface_7_2,data/cohface_7_2.pkl,0.3,0.45,0.9,0.2270664375251925,6.978739780098008,0.11,0.13,0.99,17.483653511124743,0.026205268,0.0,0.0327829353702315,0.0,0.0,1.0,profile1d_cubic,robust_ossm_ekf,profile1d_cubic__kfstd,0.3,0.12,,,0.5541868902895055,0.1152195423332168,0.2536272256088066,0.538565767168319,0.0,1.0,1.218917130433112,1.0,1.0,1.080218961954507,0.3700689562702616,0.0,-0.009999999999999995,,,0.0,1.0,0.0
of_farneback__robust_ossm_ekf,32_0,cohface_32_0,data/cohface_32_0.pkl,0.82,1.0,0.53,0.5868631937806843,0.231552573687788,2.11,3.01,0.15,5.143921326994463,0.36252668,0.0139687756778964,0.0622548904667601,0.0,0.0,1.0,of_farneback,robust_ossm_ekf,of_farneback__kfstd,0.82,2.11,,,0.5975228117343205,0.451123073007145,0.4141135419176786,0.4091864424160818,0.0032867707477403,1.0,1.8571338387135752,1.0,1.0,1.0776785164323532,0.7288981719623254,0.0,0.0,,,0.0,0.0,0.0
dof__robust_ossm_ekf,32_0,cohface_32_0,data/cohface_32_0.pkl,1.01,1.29,0.2,0.5621014520439042,-2.073293883003418,6.82,7.21,0.04,1.873485974195459,1.9982978,0.1125718981101068,0.1629988490266149,0.0,0.0,1.0,dof,robust_ossm_ekf,dof__kfstd,0.81,7.67,,,0.5975228117343205,0.451123073007145,0.3126951858504238,0.4263445984675393,0.0065735414954806,1.57653551198136,1.8571338387135752,0.5849076673400291,0.2675097263278287,1.072782649661454,0.5820044034265784,0.19999999999999996,-0.8499999999999996,,,0.0,1.0,0.0
profile1d_linear__robust_ossm_ekf,32_0,cohface_32_0,data/cohface_32_0.pkl,0.84,1.03,0.48,0.5661248768959374,-0.1621295365160913,2.7,2.97,-0.77,5.171506891334889,0.6256314,0.3368940016433854,0.1913095461447351,0.0,0.0,1.0,profile1d_linear,robust_ossm_ekf,profile1d_linear__kfstd,0.87,2.13,,,0.5975228117343205,0.451123073007145,0.4368422911013738,0.3994045456140374,0.0238290879211175,1.0,1.8571338387135752,1.0,1.0,1.0665985685169903,0.8354078347594435,-0.030000000000000027,0.5700000000000003,,,1.0,0.0,0.0
profile1d_quadratic__robust_ossm_ekf,32_0,cohface_32_0,data/cohface_32_0.pkl,0.71,0.9,0.58,0.4523265359208671,0.977661357089729,2.02,2.77,-0.79,5.852365226651323,0.45231336,0.2226787181594083,0.1089387725662488,0.0,0.0,1.0,profile1d_quadratic,robust_ossm_ekf,profile1d_quadratic__kfstd,0.67,2.02,,,0.5975228117343205,0.451123073007145,0.3792637511021723,0.3444427796515815,0.0090386195562859,1.0,1.8571338387135752,1.0,1.0,1.0732341892870103,0.6551131709081832,0.039999999999999925,0.0,,,0.0,0.0,0.0
profile1d_cubic__robust_ossm_ekf,32_0,cohface_32_0,data/cohface_32_0.pkl,0.73,0.94,0.52,0.4162228032411655,0.5617309673332217,2.03,2.7,-0.91,5.1570926366178655,0.40499115,0.105176663927691,0.1288996588475784,0.0,0.0,1.0,profile1d_cubic,robust_ossm_ekf,profile1d_cubic__kfstd,0.72,2.13,,,0.5975228117343205,0.451123073007145,0.3766967924559973,0.2939765397082136,0.0106820049301561,1.0,1.8571338387135752,1.0,1.0,1.0717109244595306,0.627592502615866,0.010000000000000009,-0.10000000000000009,,,0.0,1.0,0.0
of_farneback__robust_ossm_ekf,35_1,cohface_35_1,data/cohface_35_1.pkl,0.68,0.86,0.64,0.484361993613445,1.3781403777367789,0.39,0.47,0.98,4.288975751520605,0.15488376,0.0212418300653594,0.0642403241436507,0.0,0.0,1.0,of_farneback,robust_ossm_ekf,of_farneback__kfstd,0.68,0.4,,,0.3973598722993585,0.214788510896692,0.4030668544283735,0.4434549316160202,0.0016339869281045,1.0,1.4080981707037148,1.0,1.0,1.0775078714006676,0.719571931088883,0.0,-0.010000000000000009,,,0.0,1.0,0.0
dof__robust_ossm_ekf,35_1,cohface_35_1,data/cohface_35_1.pkl,0.88,1.13,0.36,0.5645390982213848,-1.0468579586797435,7.23,8.01,-0.2,5.334881455124606,2.3224359,0.0743464052287581,0.1115916861664262,0.0,0.0,1.0,dof,robust_ossm_ekf,dof__kfstd,0.84,6.81,,,0.3973598722993585,0.214788510896692,0.3071674850000925,0.3184293219147726,0.0,1.6380946002683727,1.4080981707037148,0.4886709511109868,0.2582187419256551,1.077694037632652,0.4787177451578595,0.040000000000000036,0.4200000000000008,,,0.0,0.0,0.0
profile1d_linear__robust_ossm_ekf,35_1,cohface_35_1,data/cohface_35_1.pkl,0.64,0.88,0.62,0.3696169697483188,1.138399063391531,1.28,2.09,0.54,3.0727134953328408,0.3227966,0.1462418300653594,0.2511431459585965,0.0,0.0,1.0,profile1d_linear,robust_ossm_ekf,profile1d_linear__kfstd,0.61,0.84,,,0.3973598722993585,0.214788510896692,0.3404086804255122,0.3645638804048812,0.0253267973856209,1.0,1.4080981707037148,1.0,1.0,1.0642047064139708,0.6616100486522599,0.030000000000000027,0.44000000000000006,,,0.0,0.0,0.0
profile1d_quadratic__robust_ossm_ekf,35_1,cohface_35_1,data/cohface_35_1.pkl,0.31,0.42,0.91,0.2720842491583627,7.654870416502762,0.18,0.35,0.99,8.34190672811829,0.02598284,0.1013071895424836,0.0498100908607185,0.0,0.0,1.0,profile1d_quadratic,robust_ossm_ekf,profile1d_quadratic__kfstd,0.29,0.16,,,0.3973598722993585,0.214788510896692,0.2774429964567347,0.3439772408055823,0.0081699346405228,1.0,1.4080981707037148,1.0,1.0,1.0786224508935407,0.47627022433017996,0.020000000000000018,0.01999999999999999,,,0.0,0.0,0.0
profile1d_cubic__robust_ossm_ekf,35_1,cohface_35_1,data/cohface_35_1.pkl,0.32,0.43,0.91,0.2794425046758451,7.431351223501185,0.18,0.35,0.99,8.345793486602062,0.02331762,0.1086601307189542,0.0523490417021304,0.0,0.0,1.0,profile1d_cubic,robust_ossm_ekf,profile1d_cubic__kfstd,0.29,0.16,,,0.3973598722993585,0.214788510896692,0.278880750573133,0.3557391851500349,0.0098039215686274,1.0,1.4080981707037148,1.0,1.0,1.0783900592083604,0.492074016013315,0.030000000000000027,0.01999999999999999,,,0.0,0.0,0.0
of_farneback__robust_ossm_ekf,12_1,cohface_12_1,data/cohface_12_1.pkl,0.57,0.74,0.73,0.4488618909092566,2.6088951620319447,0.95,1.58,0.63,5.254332095339964,0.14553471,0.0261437908496732,0.1061706008269347,0.0,0.0,1.0,of_farneback,robust_ossm_ekf,of_farneback__kfstd,0.56,0.79,,,0.5660937059253642,0.1955634305563799,0.3089522532346322,0.3955795985505911,0.0040849673202614,1.0,1.3715705180571218,1.0,1.0,1.0738248156333334,0.4592162433244151,0.009999999999999898,0.15999999999999992,,,0.0,0.0,0.0
dof__robust_ossm_ekf,12_1,cohface_12_1,data/cohface_12_1.pkl,0.74,0.95,0.56,0.4273698897722719,0.4893161919058448,0.73,0.91,0.85,7.328704711960298,0.04470635,0.1830065359477124,0.1533238171017673,0.0,0.0,1.0,dof,robust_ossm_ekf,dof__kfstd,0.68,0.52,,,0.5660937059253642,0.1955634305563799,0.3172317120937491,0.4419369736430649,0.0032679738562091,1.6038711703915645,1.3715705180571218,0.5607733325690256,0.2349646642240641,1.0737780308222693,0.49716335746664925,0.05999999999999994,0.20999999999999996,,,0.0,0.0,0.0
profile1d_linear__robust_ossm_ekf,12_1,cohface_12_1,data/cohface_12_1.pkl,0.41,0.53,0.86,0.3290695572482897,5.498131419610003,0.1,0.15,1.0,6.724884611814531,0.03891104,0.0669934640522875,0.0249053076008582,0.0,0.0,1.0,profile1d_linear,robust_ossm_ekf,profile1d_linear__kfstd,0.43,0.21,,,0.5660937059253642,0.1955634305563799,0.2813657136158336,0.3759509794624245,0.0016339869281045,1.0,1.3715705180571218,1.0,1.0,1.080941484748296,0.3917132086216672,-0.020000000000000018,-0.10999999999999999,,,1.0,1.0,1.0
profile1d_quadratic__robust_ossm_ekf,12_1,cohface_12_1,data/cohface_12_1.pkl,0.45,0.58,0.83,0.3525504436134371,4.72882129008578,0.24,0.35,0.98,6.704346657464768,0.046137393,0.0833333333333333,0.0468414639051551,0.0,0.0,1.0,profile1d_quadratic,robust_ossm_ekf,profile1d_quadratic__kfstd,0.44,0.27,,,0.5660937059253642,0.1955634305563799,0.2921507087516455,0.3678137446049926,0.0,1.0,1.3715705180571218,1.0,1.0,1.0788860227803554,0.39853301609241043,0.010000000000000009,-0.030000000000000027,,,0.0,1.0,0.0
profile1d_cubic__robust_ossm_ekf,12_1,cohface_12_1,data/cohface_12_1.pkl,0.44,0.58,0.83,0.352882109317566,4.724533106454613,0.24,0.35,0.97,6.692732229274306,0.050437734,0.0874183006535947,0.0491930306677376,0.0,0.0,1.0,profile1d_cubic,robust_ossm_ekf,profile1d_cubic__kfstd,0.44,0.27,,,0.5660937059253642,0.1955634305563799,0.2918486131373178,0.3740586292757627,0.0,1.0,1.3715705180571218,1.0,1.0,1.0786694490600446,0.4017044717317525,0.0,-0.030000000000000027,,,0.0,1.0,0.0
of_farneback__robust_ossm_ekf,9_3,cohface_9_3,data/cohface_9_3.pkl,0.38,0.46,0.9,0.3534213877726808,6.806517858422482,0.64,1.32,0.62,6.319107443708049,0.11245697,0.0,0.0897492714943165,0.0,0.0,1.0,of_farneback,robust_ossm_ekf,of_farneback__kfstd,0.38,0.64,,,0.5813852307289812,0.1091409291206452,0.270903891486189,0.3975689323073313,0.0,1.0,1.207367765329226,1.0,1.0,1.0750586941825504,0.3257001945562247,0.0,0.0,,,0.0,0.0,0.0
dof__robust_ossm_ekf,9_3,cohface_9_3,data/cohface_9_3.pkl,0.67,0.84,0.62,0.4933718126409037,1.5179034147397945,2.54,3.7,-0.34,3.918712695986981,0.44107395,0.0474308300395256,0.1337116753027867,0.0,0.0,1.0,dof,robust_ossm_ekf,dof__kfstd,0.65,1.63,,,0.5813852307289812,0.1091409291206452,0.3237634295120414,0.2105094403544918,0.0023715415019762,1.6573970102485205,1.207367765329226,0.5387666958656225,0.3419632208372088,1.075414994991323,0.3135270427690138,0.020000000000000018,0.9100000000000001,,,0.0,0.0,0.0
profile1d_linear__robust_ossm_ekf,9_3,cohface_9_3,data/cohface_9_3.pkl,0.37,0.46,0.9,0.3137914747777883,6.862470529259689,0.4,0.91,0.84,6.4838758084399,0.06021162,0.000790513833992,0.0313719402699197,0.0,0.0,1.0,profile1d_linear,robust_ossm_ekf,profile1d_linear__kfstd,0.36,0.49,,,0.5813852307289812,0.1091409291206452,0.2767878780858449,0.3360579229037909,0.000790513833992,1.0,1.207367765329226,1.0,1.0,1.0803320166386814,0.30246575639965945,0.010000000000000009,-0.08999999999999997,,,0.0,1.0,0.0
profile1d_quadratic__robust_ossm_ekf,9_3,cohface_9_3,data/cohface_9_3.pkl,0.36,0.44,0.9,0.3048398400259058,7.0980233820676215,0.53,1.18,0.71,7.243517120969017,0.10257858,0.0,0.0378463146766403,0.0,0.0,1.0,profile1d_quadratic,robust_ossm_ekf,profile1d_quadratic__kfstd,0.35,0.58,,,0.5813852307289812,0.1091409291206452,0.2654334248005333,0.3715033021690239,0.0047430830039525,1.0,1.207367765329226,1.0,1.0,1.079721614057513,0.3199501736569219,0.010000000000000009,-0.04999999999999993,,,0.0,1.0,0.0
profile1d_cubic__robust_ossm_ekf,9_3,cohface_9_3,data/cohface_9_3.pkl,0.36,0.45,0.9,0.3043968865184089,6.911589450756862,0.54,1.24,0.68,7.30822456903851,0.10110959,0.0,0.0381261750720559,0.0,0.0,1.0,profile1d_cubic,robust_ossm_ekf,profile1d_cubic__kfstd,0.35,0.58,,,0.5813852307289812,0.1091409291206452,0.2658021421265119,0.370560971211272,0.0039525691699604,1.0,1.207367765329226,1.0,1.0,1.0796974162143829,0.3168847539628005,0.010000000000000009,-0.039999999999999925,,,0.0,1.0,0.0
of_farneback__robust_ossm_ekf,23_2,cohface_23_2,data/cohface_23_2.pkl,0.3,0.4,0.92,0.2888285652187409,7.943533374183081,0.03,0.06,0.99,14.412417733799984,0.007345861,0.0,0.0459516708744834,0.0,0.0,1.0,of_farneback,robust_ossm_ekf,of_farneback__kfstd,0.3,0.03,,,0.6765511877532837,0.2854657307500737,0.2846386323279989,0.03101252835001,0.0,1.0,1.54238488842514,1.0,1.0,1.0790754230989306,0.2345865379189471,0.0,0.0,,,0.0,0.0,0.0
dof__robust_ossm_ekf,23_2,cohface_23_2,data/cohface_23_2.pkl,0.4,0.56,0.84,0.3673869425055058,4.890677701593766,0.15,0.18,0.93,9.978550791071823,0.05157361,0.0173841059602649,0.0767027881613032,0.0,0.0,1.0,dof,robust_ossm_ekf,dof__kfstd,0.42,0.15,,,0.6765511877532837,0.2854657307500737,0.3077424307482265,0.1806967131340151,0.0008278145695364,1.6067175745901938,1.54238488842514,0.5961127410184869,0.3278286712244981,1.080985492320909,0.33685070992280913,-0.019999999999999962,0.0,,,1.0,0.0,0.0
profile1d_linear__robust_ossm_ekf,23_2,cohface_23_2,data/cohface_23_2.pkl,0.59,0.93,0.56,0.5268639495484259,0.6447625761542984,0.13,0.15,0.99,6.446121550364458,0.3138181,0.0935430463576159,0.1649903144258342,0.0,0.0,1.0,profile1d_linear,robust_ossm_ekf,profile1d_linear__kfstd,0.39,0.05,,,0.6765511877532837,0.2854657307500737,0.2969389274939206,0.0264033102977367,0.0115894039735099,1.0,1.54238488842514,1.0,1.0,1.0691460278940392,0.3010713819443296,0.19999999999999996,0.08,,,0.0,0.0,0.0
profile1d_quadratic__robust_ossm_ekf,23_2,cohface_23_2,data/cohface_23_2.pkl,0.28,0.37,0.93,0.2802198274933398,8.769788777975071,0.04,0.07,0.99,16.36962660907104,0.01915377,0.0,0.011654918567197,0.0,0.0,1.0,profile1d_quadratic,robust_ossm_ekf,profile1d_quadratic__kfstd,0.29,0.07,,,0.6765511877532837,0.2854657307500737,0.2888606008933085,0.0161616836422267,0.0,1.0,1.54238488842514,1.0,1.0,1.0822094173027703,0.24166377969786518,-0.009999999999999953,-0.030000000000000006,,,1.0,1.0,1.0
profile1d_cubic__robust_ossm_ekf,23_2,cohface_23_2,data/cohface_23_2.pkl,0.28,0.36,0.93,0.2781882100126429,8.79846874687332,0.04,0.07,0.99,16.24385329852036,0.017817464,0.0,0.0119413038764611,0.0,0.0,1.0,profile1d_cubic,robust_ossm_ekf,profile1d_cubic__kfstd,0.28,0.07,,,0.6765511877532837,0.2854657307500737,0.28959142323043,0.0165240153860472,0.0,1.0,1.54238488842514,1.0,1.0,1.082181874942866,0.24288884954318357,0.0,-0.030000000000000006,,,0.0,1.0,0.0
of_farneback__robust_ossm_ekf,39_3,cohface_39_3,data/cohface_39_3.pkl,0.46,0.56,0.84,0.3168394794163888,5.064286615900874,0.16,0.18,0.97,13.701336342590274,0.23516908,0.0992907801418439,0.1533861077481152,0.0,0.0,1.0,of_farneback,robust_ossm_ekf,of_farneback__kfstd,0.45,0.16,,,0.6639626875530504,0.2732495785866056,0.3451708747762918,0.5018528318885869,0.0,1.0,1.5191741993145509,1.0,1.0,1.0694824013678652,0.5818537338621781,0.010000000000000009,0.0,,,0.0,0.0,0.0
dof__robust_ossm_ekf,39_3,cohface_39_3,data/cohface_39_3.pkl,0.48,0.67,0.78,0.3465400089260717,3.64537659261139,0.11,0.14,0.99,13.138988240825755,0.018789357,0.5760441292356187,0.1203250574563078,0.0,0.0,1.0,dof,robust_ossm_ekf,dof__kfstd,0.43,0.12,,,0.6639626875530504,0.2732495785866056,0.3071333764046574,0.4327530270304419,0.0023640661938534,1.576481570216533,1.5191741993145509,0.599544760345773,0.271319571137117,1.0766718052662096,0.4867522914300898,0.04999999999999999,-0.009999999999999995,,,0.0,1.0,0.0
profile1d_linear__robust_ossm_ekf,39_3,cohface_39_3,data/cohface_39_3.pkl,0.28,0.38,0.93,0.2265547958662376,8.38922507980294,0.18,0.21,0.97,14.748871961593446,0.0112137785,0.0133963750985027,0.0238269748532383,0.0,0.0,1.0,profile1d_linear,robust_ossm_ekf,profile1d_linear__kfstd,0.27,0.15,,,0.6639626875530504,0.2732495785866056,0.3399914701188554,0.424586121115357,0.0,1.0,1.5191741993145509,1.0,1.0,1.081045281435684,0.5276661821560255,0.010000000000000009,0.03,,,0.0,0.0,0.0
profile1d_quadratic__robust_ossm_ekf,39_3,cohface_39_3,data/cohface_39_3.pkl,0.41,0.52,0.87,0.3231307161613662,5.815475345527568,0.1,0.12,0.99,12.628238432374042,0.05702457,0.1095350669818755,0.0977325182862578,0.0,0.0,1.0,profile1d_quadratic,robust_ossm_ekf,profile1d_quadratic__kfstd,0.32,0.08,,,0.6639626875530504,0.2732495785866056,0.3317889056244865,0.4721735807877998,0.0015760441292356,1.0,1.5191741993145509,1.0,1.0,1.0742268497568812,0.5481797340141127,0.08999999999999997,0.020000000000000004,,,0.0,0.0,0.0
profile1d_cubic__robust_ossm_ekf,39_3,cohface_39_3,data/cohface_39_3.pkl,0.41,0.52,0.86,0.3318008032042976,5.696569357621783,0.13,0.15,0.98,12.863799209579746,0.05506593,0.1213553979511426,0.1077013547010022,0.0,0.0,1.0,profile1d_cubic,robust_ossm_ekf,profile1d_cubic__kfstd,0.32,0.09,,,0.6639626875530504,0.2732495785866056,0.3353498275504826,0.4745718590863176,0.0031520882584712,1.0,1.5191741993145509,1.0,1.0,1.0733449806258708,0.5617986295130217,0.08999999999999997,0.04000000000000001,,,0.0,0.0,0.0
of_farneback__robust_ossm_ekf,20_1,cohface_20_1,data/cohface_20_1.pkl,0.3,0.37,0.93,0.2931693070754891,8.709108337682386,0.08,0.1,1.0,12.931956221525985,0.026306082,0.0,0.0883580745922684,0.0,0.0,1.0,of_farneback,robust_ossm_ekf,of_farneback__kfstd,0.3,0.08,,,0.7199558734722755,0.1984246040858401,0.2610290930165658,0.2899944366644617,0.0,1.0,1.377006747763096,1.0,1.0,1.0751826460200544,0.23860375767701716,0.0,0.0,,,0.0,0.0,0.0
dof__robust_ossm_ekf,20_1,cohface_20_1,data/cohface_20_1.pkl,0.45,0.56,0.85,0.3394166788963971,5.142314014396908,0.5,0.57,0.93,8.495350517527118,0.0564752,0.0339123242349048,0.1265548522993524,0.0,0.0,1.0,dof,robust_ossm_ekf,dof__kfstd,0.39,0.36,,,0.7199558734722755,0.1984246040858401,0.2869743592949511,0.3652555283488723,0.0049627791563275,1.5690214761450156,1.377006747763096,0.6117282800168761,0.310911015064301,1.076183011534963,0.3460603122703242,0.06,0.14,,,0.0,0.0,0.0
profile1d_linear__robust_ossm_ekf,20_1,cohface_20_1,data/cohface_20_1.pkl,0.24,0.31,0.95,0.2250651533746734,10.250430754597028,0.08,0.1,1.0,14.766102013719316,0.023501351,0.0016542597187758,0.012759567904227,0.0,0.0,1.0,profile1d_linear,robust_ossm_ekf,profile1d_linear__kfstd,0.23,0.12,,,0.7199558734722755,0.1984246040858401,0.2434239859855858,0.3211814436167187,0.0016542597187758,1.0,1.377006747763096,1.0,1.0,1.08210359467011,0.2511044729695296,0.009999999999999981,-0.039999999999999994,,,0.0,1.0,0.0
profile1d_quadratic__robust_ossm_ekf,20_1,cohface_20_1,data/cohface_20_1.pkl,0.27,0.35,0.94,0.2592057830779022,9.067533904522907,0.15,0.18,0.99,13.935116803943576,0.03542702,0.0,0.0194233234960564,0.0,0.0,1.0,profile1d_quadratic,robust_ossm_ekf,profile1d_quadratic__kfstd,0.27,0.17,,,0.7199558734722755,0.1984246040858401,0.2483949579894349,0.3634986149732502,0.0,1.0,1.377006747763096,1.0,1.0,1.0814650784437936,0.26947983593202024,0.0,-0.020000000000000018,,,0.0,1.0,0.0
profile1d_cubic__robust_ossm_ekf,20_1,cohface_20_1,data/cohface_20_1.pkl,0.27,0.36,0.94,0.2627011687486769,8.918621545709414,0.16,0.18,0.99,13.584536113242644,0.033346545,0.0,0.0208315420052383,0.0,0.0,1.0,profile1d_cubic,robust_ossm_ekf,profile1d_cubic__kfstd,0.27,0.17,,,0.7199558734722755,0.1984246040858401,0.2495123345956582,0.3560922306404157,0.0,1.0,1.377006747763096,1.0,1.0,1.0813313145441834,0.2651179282660993,0.0,-0.010000000000000009,,,0.0,1.0,0.0
of_farneback__robust_ossm_ekf,30_3,cohface_30_3,data/cohface_30_3.pkl,0.42,0.54,0.86,0.3082321324996503,5.498342021789201,0.08,0.11,0.87,15.288395957796872,0.030089773,0.0113913751017087,0.0671193402186304,0.0,0.0,1.0,of_farneback,robust_ossm_ekf,of_farneback__kfstd,0.41,0.08,,,0.5844114876194118,0.1396463133058912,0.3604123490888917,0.3473115347784264,0.0024410089503661,1.0,1.265327995281193,1.0,1.0,1.0770987858366845,0.4624654894510327,0.010000000000000009,0.0,,,0.0,0.0,0.0
dof__robust_ossm_ekf,30_3,cohface_30_3,data/cohface_30_3.pkl,0.69,0.88,0.59,0.4082525872744941,1.3011229105766742,6.02,6.57,0.13,1.070767300514687,1.1321454,0.0927583401139137,0.1691305272759651,0.0,0.0,1.0,dof,robust_ossm_ekf,dof__kfstd,0.6,2.65,,,0.5844114876194118,0.1396463133058912,0.3404403809574047,0.3737230998368649,0.0089503661513425,1.6916369758508278,1.265327995281193,0.5597206878214195,0.2468327549104324,1.0724589837093248,0.470302784198082,0.08999999999999997,3.3699999999999997,,,0.0,0.0,0.0
profile1d_linear__robust_ossm_ekf,30_3,cohface_30_3,data/cohface_30_3.pkl,0.34,0.42,0.91,0.2851908812164218,7.667426837132436,0.14,0.17,0.34,17.528438212132947,0.020785213,0.0105777054515866,0.0314386939407638,0.0,0.0,1.0,profile1d_linear,robust_ossm_ekf,profile1d_linear__kfstd,0.32,0.14,,,0.5844114876194118,0.1396463133058912,0.4116424333630721,0.3059629833363654,0.0,1.0,1.265327995281193,1.0,1.0,1.080320878201822,0.514329687827096,0.020000000000000018,0.0,,,0.0,0.0,0.0
profile1d_quadratic__robust_ossm_ekf,30_3,cohface_30_3,data/cohface_30_3.pkl,0.34,0.43,0.91,0.2796334661083248,7.530084179771274,0.06,0.08,0.94,19.725105802250194,0.025121775,0.0187144019528071,0.02635610587032,0.0,0.0,1.0,profile1d_quadratic,robust_ossm_ekf,profile1d_quadratic__kfstd,0.31,0.07,,,0.5844114876194118,0.1396463133058912,0.3647430463075035,0.3014919988371732,0.0,1.0,1.265327995281193,1.0,1.0,1.0807999648763384,0.4330795989015817,0.030000000000000027,-0.010000000000000009,,,0.0,1.0,0.0
profile1d_cubic__robust_ossm_ekf,30_3,cohface_30_3,data/cohface_30_3.pkl,0.34,0.43,0.91,0.2816556076721089,7.497278192926402,0.05,0.07,0.96,19.754465674797885,0.026465204,0.0195280716029292,0.0268248360315852,0.0,0.0,1.0,profile1d_cubic,robust_ossm_ekf,profile1d_cubic__kfstd,0.31,0.06,,,0.5844114876194118,0.1396463133058912,0.36407502936187,0.3042758816628131,0.000813669650122,1.0,1.265327995281193,1.0,1.0,1.080755726765298,0.4368195082427407,0.030000000000000027,-0.009999999999999995,,,0.0,1.0,0.0
of_farneback__robust_ossm_ekf,24_3,cohface_24_3,data/cohface_24_3.pkl,0.43,0.57,0.84,0.4007414385514944,4.979520706926481,0.18,0.26,0.99,5.365600179981199,0.092080235,0.0,0.0358208487945425,0.0,0.0,1.0,of_farneback,robust_ossm_ekf,of_farneback__kfstd,0.41,0.2,,,0.5283780058605468,0.2349150328613488,0.3052788216417731,0.0381277607533456,0.0,1.0,1.4463385624365628,1.0,1.0,1.080015829855439,0.294241656660792,0.020000000000000018,-0.020000000000000018,,,0.0,1.0,0.0
dof__robust_ossm_ekf,24_3,cohface_24_3,data/cohface_24_3.pkl,0.83,1.07,0.4,0.5870690164953142,-0.6357733009158704,2.57,3.22,0.35,3.8040673188396106,0.13196409,0.0504966887417218,0.262585069054835,0.0,0.0,1.0,dof,robust_ossm_ekf,dof__kfstd,0.87,3.92,,,0.5283780058605468,0.2349150328613488,0.3517757892113792,0.2941402666222369,0.0149006622516556,1.691345021137358,1.4463385624365628,0.5427979362612395,0.3037317701820593,1.0655571071433063,0.5582252862721532,-0.040000000000000036,-1.35,,,1.0,1.0,1.0
profile1d_linear__robust_ossm_ekf,24_3,cohface_24_3,data/cohface_24_3.pkl,0.38,0.5,0.88,0.356214282237229,6.071164706034002,0.16,0.2,1.0,6.735354086863468,0.35446697,0.0,0.0132547034820758,0.0,0.0,1.0,profile1d_linear,robust_ossm_ekf,profile1d_linear__kfstd,0.38,0.36,,,0.5283780058605468,0.2349150328613488,0.2825912330814338,0.028852718001531,0.0,1.0,1.4463385624365628,1.0,1.0,1.0820581171123702,0.25621068908290734,0.0,-0.19999999999999998,,,0.0,1.0,0.0
profile1d_quadratic__robust_ossm_ekf,24_3,cohface_24_3,data/cohface_24_3.pkl,0.39,0.49,0.88,0.3611768631585647,6.150363323019387,0.18,0.26,1.0,6.487605288337006,0.24308684,0.0,0.0227738606597714,0.0,0.0,1.0,profile1d_quadratic,robust_ossm_ekf,profile1d_quadratic__kfstd,0.36,0.39,,,0.5283780058605468,0.2349150328613488,0.3064912569076033,0.0835593225668982,0.0,1.0,1.4463385624365628,1.0,1.0,1.0811625927692377,0.29932543778644993,0.030000000000000027,-0.21000000000000002,,,0.0,1.0,0.0
profile1d_cubic__robust_ossm_ekf,24_3,cohface_24_3,data/cohface_24_3.pkl,0.39,0.49,0.88,0.3587374033994125,6.190278805275228,0.19,0.28,0.99,6.433825560905115,0.23638055,0.0,0.0238713625805826,0.0,0.0,1.0,profile1d_cubic,robust_ossm_ekf,profile1d_cubic__kfstd,0.35,0.41,,,0.5283780058605468,0.2349150328613488,0.3068599955941832,0.0887039827458832,0.0,1.0,1.4463385624365628,1.0,1.0,1.0810596358985538,0.3029734409771924,0.040000000000000036,-0.21999999999999997,,,0.0,1.0,0.0
of_farneback__robust_ossm_ekf,33_0,cohface_33_0,data/cohface_33_0.pkl,0.54,0.7,0.75,0.3574732318499999,3.058122015588942,0.15,0.22,0.99,8.071713595996147,0.19848084,0.0838815789473684,0.2369176334429668,0.0,0.0,1.0,of_farneback,robust_ossm_ekf,of_farneback__kfstd,0.53,0.15,,,0.775672820338768,0.1766693001491374,0.3203920642141562,0.4854107378307181,0.0106907894736842,1.0,1.335671670283361,1.0,1.0,1.0628895722170524,0.456593755630041,0.010000000000000009,0.0,,,0.0,0.0,0.0
dof__robust_ossm_ekf,33_0,cohface_33_0,data/cohface_33_0.pkl,0.74,0.95,0.54,0.4255627626739845,0.4744872217213272,1.75,1.93,0.48,4.492376046304655,0.14303051,0.2861842105263157,0.1624256533748579,0.0,0.0,1.0,dof,robust_ossm_ekf,dof__kfstd,0.72,1.76,,,0.775672820338768,0.1766693001491374,0.364523372045063,0.4196139986268721,0.006578947368421,1.6777895006186825,1.335671670283361,0.6122149100717635,0.3061868022802302,1.0729276250877535,0.47554740594991907,0.020000000000000018,-0.010000000000000009,,,0.0,1.0,0.0
profile1d_linear__robust_ossm_ekf,33_0,cohface_33_0,data/cohface_33_0.pkl,0.75,0.97,0.54,0.5159540035659986,0.3250569038208903,0.79,0.91,0.86,3.127815610607623,0.1438052,0.1324013157894736,0.2132758341889317,0.0,0.0,1.0,profile1d_linear,robust_ossm_ekf,profile1d_linear__kfstd,0.66,0.66,,,0.775672820338768,0.1766693001491374,0.3796380408641115,0.4382903342952129,0.0189144736842105,1.0,1.335671670283361,1.0,1.0,1.0651966871608154,0.5607020137556545,0.08999999999999997,0.13,,,0.0,0.0,0.0
profile1d_quadratic__robust_ossm_ekf,33_0,cohface_33_0,data/cohface_33_0.pkl,0.47,0.62,0.81,0.3539536196932361,4.161690730387519,0.21,0.25,0.99,12.259109599932293,0.13375676,0.0592105263157894,0.0635040132833242,0.0,0.0,1.0,profile1d_quadratic,robust_ossm_ekf,profile1d_quadratic__kfstd,0.49,0.25,,,0.775672820338768,0.1766693001491374,0.3119629186097303,0.4474106725966554,0.0032894736842105,1.0,1.335671670283361,1.0,1.0,1.0773354013102467,0.3907930554578774,-0.020000000000000018,-0.04000000000000001,,,1.0,1.0,1.0
profile1d_cubic__robust_ossm_ekf,33_0,cohface_33_0,data/cohface_33_0.pkl,0.47,0.62,0.8,0.3539957447294465,4.116617754800739,0.21,0.26,0.99,12.05922870106538,0.13967185,0.0575657894736842,0.0668389513424566,0.0,0.0,1.0,profile1d_cubic,robust_ossm_ekf,profile1d_cubic__kfstd,0.49,0.26,,,0.775672820338768,0.1766693001491374,0.3123234336061406,0.4547213893226715,0.0049342105263157,1.0,1.335671670283361,1.0,1.0,1.0770290386410164,0.4022121251112706,-0.020000000000000018,-0.05000000000000002,,,1.0,1.0,1.0
of_farneback__robust_ossm_ekf,27_3,cohface_27_3,data/cohface_27_3.pkl,0.43,0.54,0.86,0.3849840993807084,5.488891416289409,0.13,0.15,0.98,10.319163138993586,0.06865432,0.0032388663967611,0.0958616052909814,0.0,0.0,1.0,of_farneback,robust_ossm_ekf,of_farneback__kfstd,0.42,0.13,,,0.4852221095146399,0.2530443840322482,0.2942095832721369,0.4762431801113008,0.0064777327935222,1.0,1.4807843296612715,1.0,1.0,1.074630609154016,0.5667096652555633,0.010000000000000009,0.0,,,0.0,0.0,0.0
dof__robust_ossm_ekf,27_3,cohface_27_3,data/cohface_27_3.pkl,0.68,0.92,0.58,0.3946788639306712,0.7862535556073611,1.16,1.98,0.41,7.791952436226925,0.10872631,0.3263157894736842,0.1817868688317133,0.0,0.0,1.0,dof,robust_ossm_ekf,dof__kfstd,0.69,1.33,,,0.4852221095146399,0.2530443840322482,0.3263228940051288,0.4081387364071925,0.0048582995951417,1.671029578041228,1.4807843296612715,0.5153482555884876,0.252053587314923,1.0713815462363498,0.5740224821966288,-0.009999999999999898,-0.17000000000000015,,,1.0,1.0,1.0
profile1d_linear__robust_ossm_ekf,27_3,cohface_27_3,data/cohface_27_3.pkl,0.63,0.82,0.67,0.4827426012047497,1.829353672895335,0.42,0.76,0.11,4.637292531783244,0.12051499,0.0696356275303643,0.1872195838738593,0.0,0.0,1.0,profile1d_linear,robust_ossm_ekf,profile1d_linear__kfstd,0.63,0.42,,,0.4852221095146399,0.2530443840322482,0.3816082918195275,0.3758977907606264,0.0242914979757085,1.0,1.4807843296612715,1.0,1.0,1.067118874690944,0.724617298316617,0.0,0.0,,,0.0,0.0,0.0
profile1d_quadratic__robust_ossm_ekf,27_3,cohface_27_3,data/cohface_27_3.pkl,0.33,0.41,0.92,0.3014352161307322,7.743118843442625,0.08,0.11,0.99,13.175599374739893,0.12234049,0.0080971659919028,0.0258395541757862,0.0,0.0,1.0,profile1d_quadratic,robust_ossm_ekf,profile1d_quadratic__kfstd,0.34,0.1,,,0.4852221095146399,0.2530443840322482,0.2566815055429307,0.4952460867621707,0.0,1.0,1.4807843296612715,1.0,1.0,1.0808530657488369,0.48935714865076146,-0.010000000000000009,-0.020000000000000004,,,1.0,1.0,1.0
profile1d_cubic__robust_ossm_ekf,27_3,cohface_27_3,data/cohface_27_3.pkl,0.33,0.41,0.92,0.3003394686095987,7.766870549324417,0.08,0.11,0.99,13.14774600955046,0.12270199,0.0089068825910931,0.0261468023659174,0.0,0.0,1.0,profile1d_cubic,robust_ossm_ekf,profile1d_cubic__kfstd,0.34,0.1,,,0.4852221095146399,0.2530443840322482,0.256866854173865,0.4969335581979976,0.0,1.0,1.4807843296612715,1.0,1.0,1.0808239562410276,0.4906616641546619,-0.010000000000000009,-0.020000000000000004,,,1.0,1.0,1.0
of_farneback__robust_ossm_ekf,16_3,cohface_16_3,data/cohface_16_3.pkl,0.5,0.62,0.81,0.3528263861111968,4.114389214627795,0.11,0.13,0.96,10.50369589845758,0.28035775,0.0439739413680781,0.1622608301863505,0.0,0.0,1.0,of_farneback,robust_ossm_ekf,of_farneback__kfstd,0.5,0.11,,,0.5701281292647439,0.1428994021034415,0.3578346475783466,0.5085135172742986,0.00814332247557,1.0,1.2715088639965388,1.0,1.0,1.0689902685643575,0.5806216631408021,0.0,0.0,,,0.0,0.0,0.0
dof__robust_ossm_ekf,16_3,cohface_16_3,data/cohface_16_3.pkl,0.79,0.99,0.51,0.4326427717622402,0.1815696170926591,3.81,5.74,0.46,7.960720072290883,0.3007636,0.3110749185667752,0.2035946683593401,0.0,0.0,1.0,dof,robust_ossm_ekf,dof__kfstd,0.69,0.3,,,0.5701281292647439,0.1428994021034415,0.3590321129171331,0.4828845091728865,0.005700325732899,1.694570566893438,1.2715088639965388,0.5584901756313102,0.2465037599675703,1.0691701747881952,0.5611901231121368,0.10000000000000009,3.5100000000000002,,,0.0,0.0,0.0
profile1d_linear__robust_ossm_ekf,16_3,cohface_16_3,data/cohface_16_3.pkl,0.39,0.46,0.89,0.2987903913238194,6.710159389748584,0.2,0.24,0.89,12.802576951564166,0.053360984,0.0944625407166123,0.0908713209036008,0.0,0.0,1.0,profile1d_linear,robust_ossm_ekf,profile1d_linear__kfstd,0.39,0.23,,,0.5701281292647439,0.1428994021034415,0.3838212730434703,0.4778495053871136,0.000814332247557,1.0,1.2715088639965388,1.0,1.0,1.0747889643192683,0.5804419159237186,0.0,-0.03,,,0.0,1.0,0.0
profile1d_quadratic__robust_ossm_ekf,16_3,cohface_16_3,data/cohface_16_3.pkl,0.33,0.41,0.92,0.2803389186309124,7.761339424172898,0.15,0.2,0.93,17.34026670355303,0.017067792,0.1539087947882736,0.1215038786188759,0.0,0.0,1.0,profile1d_quadratic,robust_ossm_ekf,profile1d_quadratic__kfstd,0.31,0.17,,,0.5701281292647439,0.1428994021034415,0.3921123735845636,0.4405058246244321,0.01628664495114,1.0,1.2715088639965388,1.0,1.0,1.0720341301779526,0.6335799635828905,0.020000000000000018,-0.020000000000000018,,,0.0,1.0,0.0
profile1d_cubic__robust_ossm_ekf,16_3,cohface_16_3,data/cohface_16_3.pkl,0.36,0.45,0.9,0.2895041686973462,6.9264481604197945,0.16,0.2,0.92,16.354616907118725,0.019823406,0.0903908794788273,0.1176313084082014,0.0,0.0,1.0,profile1d_cubic,robust_ossm_ekf,profile1d_cubic__kfstd,0.32,0.16,,,0.5701281292647439,0.1428994021034415,0.3865452600476348,0.4536459636330944,0.018729641693811,1.0,1.2715088639965388,1.0,1.0,1.0724672161253717,0.6416549619214027,0.03999999999999998,0.0,,,0.0,0.0,0.0
of_farneback__robust_ossm_ekf,24_2,cohface_24_2,data/cohface_24_2.pkl,0.28,0.37,0.93,0.2721072415457433,8.759502272835283,0.07,0.1,1.0,10.102359196257982,0.10421249,0.0,0.0234281466407019,0.0,0.0,1.0,of_farneback,robust_ossm_ekf,of_farneback__kfstd,0.28,0.07,,,0.5230223353942671,0.2332704714131053,0.2834078741853799,0.0985676076583998,0.0,1.0,1.4432138956849003,1.0,1.0,1.081123167191316,0.2705077230037056,0.0,0.0,,,0.0,0.0,0.0
dof__robust_ossm_ekf,24_2,cohface_24_2,data/cohface_24_2.pkl,0.74,0.94,0.55,0.4555482990692113,0.614812528227772,2.25,2.64,0.01,5.690694787210903,0.56947327,0.0099009900990099,0.1440057052140722,0.0,0.0,1.0,dof,robust_ossm_ekf,dof__kfstd,0.7,1.96,,,0.5230223353942671,0.2332704714131053,0.2930522330718362,0.3946048580917815,0.0057755775577557,1.5665082515011215,1.4432138956849003,0.5670853225952162,0.2584908341215084,1.074588405001418,0.48387961404819535,0.040000000000000036,0.29000000000000004,,,0.0,0.0,0.0
profile1d_linear__robust_ossm_ekf,24_2,cohface_24_2,data/cohface_24_2.pkl,0.3,0.37,0.93,0.2987753559204447,8.633500885553545,0.08,0.1,1.0,14.361364068910907,0.13491866,0.0346534653465346,0.0064756219872408,0.0,0.0,1.0,profile1d_linear,robust_ossm_ekf,profile1d_linear__kfstd,0.3,0.08,,,0.5230223353942671,0.2332704714131053,0.2751506781005793,0.0646708070391488,0.0,1.0,1.4432138956849003,1.0,1.0,1.08270712028498,0.24477592039158097,0.0,0.0,,,0.0,0.0,0.0
profile1d_quadratic__robust_ossm_ekf,24_2,cohface_24_2,data/cohface_24_2.pkl,0.25,0.32,0.95,0.2523634494633972,10.067186004615357,0.05,0.08,1.0,11.959302038322017,0.102442876,0.009075907590759,0.0089135606301735,0.0,0.0,1.0,profile1d_quadratic,robust_ossm_ekf,profile1d_quadratic__kfstd,0.27,0.06,,,0.5230223353942671,0.2332704714131053,0.2793662518690677,0.0545955847710918,0.0,1.0,1.4432138956849003,1.0,1.0,1.0824726826261997,0.25184244263942474,-0.020000000000000018,-0.009999999999999995,,,1.0,1.0,1.0
profile1d_cubic__robust_ossm_ekf,24_2,cohface_24_2,data/cohface_24_2.pkl,0.25,0.31,0.95,0.249314110061487,10.15792603208488,0.05,0.08,1.0,11.809751295745691,0.095905006,0.0107260726072607,0.0095248043187694,0.0,0.0,1.0,profile1d_cubic,robust_ossm_ekf,profile1d_cubic__kfstd,0.27,0.06,,,0.5230223353942671,0.2332704714131053,0.280997409795324,0.0611499913990937,0.0,1.0,1.4432138956849003,1.0,1.0,1.082413959369667,0.25457673562269517,-0.020000000000000018,-0.009999999999999995,,,1.0,1.0,1.0
of_farneback__robust_ossm_ekf,35_0,cohface_35_0,data/cohface_35_0.pkl,0.78,1.03,0.48,0.5323774318001732,-0.1929059813802378,1.25,2.08,0.67,4.033094491951616,0.39433187,0.3149797570850202,0.2694898007366873,0.0,0.0,1.0,of_farneback,robust_ossm_ekf,of_farneback__kfstd,0.78,1.24,,,0.4861551597921943,0.1566653637621286,0.3907353242171388,0.3969768810242842,0.0121457489878542,1.0,1.2976641911480442,1.0,1.0,1.0633935500838008,0.6341376093543928,0.0,0.010000000000000009,,,0.0,0.0,0.0
dof__robust_ossm_ekf,35_0,cohface_35_0,data/cohface_35_0.pkl,0.7,1.0,0.51,0.4100411005867431,0.0966995285168177,0.63,1.01,0.12,8.800187930717511,0.101770945,0.5246963562753036,0.1681809411686921,0.0,0.0,1.0,dof,robust_ossm_ekf,dof__kfstd,0.68,0.6,,,0.4861551597921943,0.1566653637621286,0.3064488213425546,0.4062143665914798,0.0024291497975708,1.6490862684118126,1.2976641911480442,0.514749521375036,0.2322867927397527,1.0722668329281273,0.45983512595304954,0.019999999999999907,0.030000000000000027,,,0.0,0.0,0.0
profile1d_linear__robust_ossm_ekf,35_0,cohface_35_0,data/cohface_35_0.pkl,0.88,1.11,0.4,0.5545507986206754,-0.8122134393218687,2.49,3.05,0.09,3.3604769911857497,0.8353766,0.1619433198380566,0.2927957219942941,0.0,0.0,1.0,profile1d_linear,robust_ossm_ekf,profile1d_linear__kfstd,0.79,1.29,,,0.4861551597921943,0.1566653637621286,0.3972154193228885,0.3001635064361576,0.0291497975708502,1.0,1.2976641911480442,1.0,1.0,1.061240346026583,0.6399151975845871,0.08999999999999997,1.2000000000000002,,,0.0,0.0,0.0
profile1d_quadratic__robust_ossm_ekf,35_0,cohface_35_0,data/cohface_35_0.pkl,0.75,0.94,0.57,0.5761659810911296,0.6817746369722645,0.44,1.3,0.49,6.151679200174574,0.20078553,0.1619433198380566,0.2056311128291043,0.0,0.0,1.0,profile1d_quadratic,robust_ossm_ekf,profile1d_quadratic__kfstd,0.69,0.31,,,0.4861551597921943,0.1566653637621286,0.3712431265091913,0.3300444598792763,0.0210526315789473,1.0,1.2976641911480442,1.0,1.0,1.0650663050051206,0.5972936332896452,0.06000000000000005,0.13,,,0.0,0.0,0.0
profile1d_cubic__robust_ossm_ekf,35_0,cohface_35_0,data/cohface_35_0.pkl,0.76,0.95,0.57,0.5851377285578846,0.6383298492928304,0.64,1.58,0.47,5.831299512754447,0.21929255,0.1700404858299595,0.1892787298666795,0.0,0.0,1.0,profile1d_cubic,robust_ossm_ekf,profile1d_cubic__kfstd,0.8,1.54,,,0.4861551597921943,0.1566653637621286,0.3738034199063243,0.3346871135761088,0.0170040485829959,1.0,1.2976641911480442,1.0,1.0,1.0664549289519862,0.5882970764582806,-0.040000000000000036,-0.9,,,1.0,1.0,1.0
of_farneback__robust_ossm_ekf,20_3,cohface_20_3,data/cohface_20_3.pkl,0.33,0.43,0.91,0.3271897338201948,7.40358793625894,0.19,0.24,0.98,9.297621485902338,0.02808882,0.0,0.1012933626701245,0.0,0.0,1.0,of_farneback,robust_ossm_ekf,of_farneback__kfstd,0.31,0.19,,,0.6083839522213009,0.2142082534402576,0.2719631160361499,0.2087392903181034,0.0024813895781637,1.0,1.4069956815364897,1.0,1.0,1.074182284526727,0.2767280204095002,0.020000000000000018,0.0,,,0.0,0.0,0.0
dof__robust_ossm_ekf,20_3,cohface_20_3,data/cohface_20_3.pkl,0.55,0.67,0.76,0.4279032865890769,3.487753597949492,0.97,1.83,0.51,4.455263551231518,0.12828268,0.1563275434243176,0.2019608424161683,0.0,0.0,1.0,dof,robust_ossm_ekf,dof__kfstd,0.45,0.85,,,0.6083839522213009,0.2142082534402576,0.33203279842215,0.2981463994353538,0.0033085194375516,1.634254474494078,1.4069956815364897,0.5768813194132464,0.305098028276869,1.0706742603811656,0.43335095571913107,0.10000000000000003,0.12,,,0.0,0.0,0.0
profile1d_linear__robust_ossm_ekf,20_3,cohface_20_3,data/cohface_20_3.pkl,0.62,0.77,0.71,0.5682639429162399,2.298345538269617,0.35,0.79,0.76,3.5478749748742864,0.14413798,0.0545905707196029,0.1447370809129469,0.0,0.0,1.0,profile1d_linear,robust_ossm_ekf,profile1d_linear__kfstd,0.51,0.21,,,0.6083839522213009,0.2142082534402576,0.3196889426984634,0.2576521566556647,0.0206782464846981,1.0,1.4069956815364897,1.0,1.0,1.0706062425869771,0.45755252155445525,0.10999999999999999,0.13999999999999999,,,0.0,0.0,0.0
profile1d_quadratic__robust_ossm_ekf,20_3,cohface_20_3,data/cohface_20_3.pkl,0.23,0.32,0.95,0.2297672750872646,9.89938366415542,0.1,0.13,1.0,10.92041490693169,0.029073175,0.0,0.0287739591999634,0.0,0.0,1.0,profile1d_quadratic,robust_ossm_ekf,profile1d_quadratic__kfstd,0.22,0.17,,,0.6083839522213009,0.2142082534402576,0.2633577198528815,0.2078125177451407,0.0,1.0,1.4069956815364897,1.0,1.0,1.080583857830204,0.2519367757592954,0.010000000000000009,-0.07,,,0.0,1.0,0.0
profile1d_cubic__robust_ossm_ekf,20_3,cohface_20_3,data/cohface_20_3.pkl,0.24,0.33,0.95,0.2331658501240488,9.773506612946624,0.1,0.13,1.0,10.860188489912,0.029333938,0.0,0.0300142024559665,0.0,0.0,1.0,profile1d_cubic,robust_ossm_ekf,profile1d_cubic__kfstd,0.22,0.17,,,0.6083839522213009,0.2142082534402576,0.2639351617656194,0.207458860977228,0.0,1.0,1.4069956815364897,1.0,1.0,1.0804670908159182,0.2526964533828525,0.01999999999999999,-0.07,,,0.0,1.0,0.0
of_farneback__robust_ossm_ekf,19_3,cohface_19_3,data/cohface_19_3.pkl,0.42,0.52,0.87,0.3582280529978272,5.737093772458276,0.17,0.19,0.96,7.00602626761603,0.12175031,0.0074380165289256,0.1019989136517041,0.0,0.0,1.0,of_farneback,robust_ossm_ekf,of_farneback__kfstd,0.43,0.17,,,0.5558001778272176,0.2436227986776859,0.2932239805520856,0.3063005673307343,0.0066115702479338,1.0,1.4628833174876037,1.0,1.0,1.074201085513597,0.42932675954660793,-0.010000000000000009,0.0,,,1.0,0.0,0.0
dof__robust_ossm_ekf,19_3,cohface_19_3,data/cohface_19_3.pkl,0.5,0.67,0.77,0.4806031513607168,3.464027148420078,0.21,0.25,0.81,8.68370788788705,0.082279325,0.0297520661157024,0.0805955234745156,0.0,0.0,1.0,dof,robust_ossm_ekf,dof__kfstd,0.49,0.23,,,0.5558001778272176,0.2436227986776859,0.2836865341421822,0.4100210238360612,0.0057851239669421,1.628325389374104,1.4628833174876037,0.5462816373162312,0.2664906117171956,1.080464099198508,0.4711535200346283,0.010000000000000009,-0.020000000000000018,,,0.0,1.0,0.0
profile1d_linear__robust_ossm_ekf,19_3,cohface_19_3,data/cohface_19_3.pkl,0.4,0.54,0.85,0.3252886503124648,5.332809576818959,0.24,0.27,0.91,10.19642410321891,0.052534234,0.0173553719008264,0.0483734637850066,0.0,0.0,1.0,profile1d_linear,robust_ossm_ekf,profile1d_linear__kfstd,0.37,0.2,,,0.5558001778272176,0.2436227986776859,0.2827477874508497,0.33919405454871,0.0016528925619834,1.0,1.4628833174876037,1.0,1.0,1.0787896115095374,0.41151351869398334,0.030000000000000027,0.03999999999999998,,,0.0,0.0,0.0
profile1d_quadratic__robust_ossm_ekf,19_3,cohface_19_3,data/cohface_19_3.pkl,0.38,0.49,0.88,0.3536400880597711,6.153406223486069,0.11,0.15,0.98,14.025075866898996,0.017614873,0.0,0.0531654856344425,0.0,0.0,1.0,profile1d_quadratic,robust_ossm_ekf,profile1d_quadratic__kfstd,0.31,0.1,,,0.5558001778272176,0.2436227986776859,0.2795183933767431,0.3526005560055488,0.0008264462809917,1.0,1.4628833174876037,1.0,1.0,1.0783476191497512,0.4107250021877765,0.07,0.009999999999999995,,,0.0,0.0,0.0
profile1d_cubic__robust_ossm_ekf,19_3,cohface_19_3,data/cohface_19_3.pkl,0.24,0.3,0.95,0.2321281972285805,10.378933045590346,0.1,0.14,0.97,14.755216032286125,0.015356745,0.0,0.0538940616007836,0.0,0.0,1.0,profile1d_cubic,robust_ossm_ekf,profile1d_cubic__kfstd,0.26,0.07,,,0.5558001778272176,0.2436227986776859,0.2865900063591691,0.3484016697048203,0.0049586776859504,1.0,1.4628833174876037,1.0,1.0,1.0782836106802056,0.43645982011439916,-0.020000000000000018,0.03,,,1.0,0.0,0.0
of_farneback__robust_ossm_ekf,2_3,cohface_2_3,data/cohface_2_3.pkl,0.6,0.77,0.7,0.4057622425565095,2.1911689874824534,1.27,2.88,0.22,6.693213385195513,0.08698107,0.1761786600496278,0.2880386273661391,0.0,0.0,1.0,of_farneback,robust_ossm_ekf,of_farneback__kfstd,0.57,1.26,,,0.7659551921198355,0.2442273067447624,0.3777439110031396,0.4717289863860449,0.0173697270471464,1.0,1.4640318828150485,1.0,1.0,1.062747033968722,0.6240323044635331,0.030000000000000027,0.010000000000000009,,,0.0,0.0,0.0
dof__robust_ossm_ekf,2_3,cohface_2_3,data/cohface_2_3.pkl,0.65,0.81,0.67,0.4835726387227136,1.860466886559873,2.48,3.19,-0.11,5.901540283642869,0.21148616,0.3242349048800662,0.1474467484741606,0.0,0.0,1.0,dof,robust_ossm_ekf,dof__kfstd,0.55,0.82,,,0.7659551921198355,0.2442273067447624,0.3639884645348829,0.4500482643349454,0.010752688172043,1.910361728898239,1.4640318828150485,0.5429634320769947,0.2165531417686874,1.0741805917852068,0.5620181157109548,0.09999999999999998,1.6600000000000001,,,0.0,0.0,0.0
profile1d_linear__robust_ossm_ekf,2_3,cohface_2_3,data/cohface_2_3.pkl,0.44,0.69,0.75,0.305132342356937,3.322712843865956,0.27,0.31,0.97,9.677504386367357,0.04228097,0.1902398676592225,0.1463891046607849,0.0,0.0,1.0,profile1d_linear,robust_ossm_ekf,profile1d_linear__kfstd,0.44,0.3,,,0.7659551921198355,0.2442273067447624,0.3736287401262441,0.3585991081576442,0.0024813895781637,1.0,1.4640318828150485,1.0,1.0,1.070897962764719,0.4915857237475623,0.0,-0.02999999999999997,,,0.0,1.0,0.0
profile1d_quadratic__robust_ossm_ekf,2_3,cohface_2_3,data/cohface_2_3.pkl,0.51,0.65,0.78,0.3443282579829443,3.611973111588029,1.17,2.66,0.25,9.22479298992816,0.04822589,0.1224152191894127,0.121050383492103,0.0,0.0,1.0,profile1d_quadratic,robust_ossm_ekf,profile1d_quadratic__kfstd,0.42,0.37,,,0.7659551921198355,0.2442273067447624,0.3887668887433197,0.4243371406965122,0.0115798180314309,1.0,1.4640318828150485,1.0,1.0,1.072586310098552,0.5916850811612699,0.09000000000000002,0.7999999999999999,,,0.0,0.0,0.0
profile1d_cubic__robust_ossm_ekf,2_3,cohface_2_3,data/cohface_2_3.pkl,0.5,0.65,0.79,0.343697579721431,3.7317592447213928,1.17,2.69,0.24,9.212330193304489,0.0515555,0.129859387923904,0.1271132534130662,0.0,0.0,1.0,profile1d_cubic,robust_ossm_ekf,profile1d_cubic__kfstd,0.41,0.38,,,0.7659551921198355,0.2442273067447624,0.3912554753043876,0.4170572035853668,0.010752688172043,1.0,1.4640318828150485,1.0,1.0,1.0720977260184923,0.5882958026313698,0.09000000000000002,0.7899999999999999,,,0.0,0.0,0.0
of_farneback__robust_ossm_ekf,16_2,cohface_16_2,data/cohface_16_2.pkl,0.4,0.5,0.88,0.3020994895012072,6.060245533246579,0.14,0.16,0.92,11.588793968382886,0.100534976,0.0048701298701298,0.0996156325546718,0.0,0.0,1.0,of_farneback,robust_ossm_ekf,of_farneback__kfstd,0.4,0.14,,,0.5981578250321778,0.1362452136113546,0.3502380585221019,0.4854057216191497,0.0,1.0,1.258865905861574,1.0,1.0,1.0742465632048592,0.5089001518473045,0.0,0.0,,,0.0,0.0,0.0
dof__robust_ossm_ekf,16_2,cohface_16_2,data/cohface_16_2.pkl,0.89,1.08,0.42,0.5494561191603685,-0.6835297915205731,8.4,8.86,-0.02,1.676036298467962,1.3974943,0.2857142857142857,0.1940323154512491,0.0,0.0,1.0,dof,robust_ossm_ekf,dof__kfstd,0.85,10.13,,,0.5981578250321778,0.1362452136113546,0.3437394680912933,0.3646170272015094,0.0040584415584415,1.638800515863318,1.258865905861574,0.5739362859762881,0.2746374837121308,1.0702553389814382,0.44293107986745545,0.040000000000000036,-1.7300000000000004,,,0.0,1.0,0.0
profile1d_linear__robust_ossm_ekf,16_2,cohface_16_2,data/cohface_16_2.pkl,0.39,0.48,0.89,0.3063027596938974,6.367429246858682,0.2,0.24,0.88,13.83572589978276,0.017310156,0.0121753246753246,0.0376823162867673,0.0,0.0,1.0,profile1d_linear,robust_ossm_ekf,profile1d_linear__kfstd,0.34,0.18,,,0.5981578250321778,0.1362452136113546,0.3243204894411958,0.4186988338865117,0.0040584415584415,1.0,1.258865905861574,1.0,1.0,1.0797354933131875,0.4422301273729537,0.04999999999999999,0.020000000000000018,,,0.0,0.0,0.0
profile1d_quadratic__robust_ossm_ekf,16_2,cohface_16_2,data/cohface_16_2.pkl,0.33,0.41,0.92,0.2598265625818216,7.711772451466542,0.12,0.15,0.86,15.434448848688069,0.021624474,0.0113636363636363,0.0428659578231695,0.0,0.0,1.0,profile1d_quadratic,robust_ossm_ekf,profile1d_quadratic__kfstd,0.29,0.11,,,0.5981578250321778,0.1362452136113546,0.3143035895601358,0.4325257208323298,0.0040584415584415,1.0,1.258865905861574,1.0,1.0,1.0792340586392228,0.43358209405647846,0.040000000000000036,0.009999999999999995,,,0.0,0.0,0.0
profile1d_cubic__robust_ossm_ekf,16_2,cohface_16_2,data/cohface_16_2.pkl,0.33,0.41,0.92,0.2621207854080626,7.684510904335633,0.12,0.15,0.84,14.99430209502868,0.029164968,0.0097402597402597,0.0427237609312047,0.0,0.0,1.0,profile1d_cubic,robust_ossm_ekf,profile1d_cubic__kfstd,0.29,0.13,,,0.5981578250321778,0.1362452136113546,0.3172130946214064,0.4315116877067886,0.0040584415584415,1.0,1.258865905861574,1.0,1.0,1.0792479931665926,0.437862063451745,0.040000000000000036,-0.010000000000000009,,,0.0,1.0,0.0
of_farneback__robust_ossm_ekf,18_0,cohface_18_0,data/cohface_18_0.pkl,0.57,0.7,0.74,0.5144254003410214,3.075795636331573,0.16,0.21,0.96,4.5130539373889125,0.20720288,0.0241351568785197,0.1929115302479297,0.0,0.0,1.0,of_farneback,robust_ossm_ekf,of_farneback__kfstd,0.56,0.16,,,0.5792021068331917,0.2280234402105914,0.3216537465990224,0.0494190190576919,0.0088495575221238,1.0,1.4332445364001236,1.0,1.0,1.066926424929777,0.33058641378031034,0.009999999999999898,0.0,,,0.0,0.0,0.0
dof__robust_ossm_ekf,18_0,cohface_18_0,data/cohface_18_0.pkl,0.72,0.94,0.46,0.5057688959768367,0.3911912319327597,5.73,7.44,-0.83,4.046220651606208,0.94798404,0.3845534995977474,0.1878077119080544,0.0,0.0,1.0,dof,robust_ossm_ekf,dof__kfstd,0.73,2.19,,,0.5792021068331917,0.2280234402105914,0.3074719851712293,0.4462899418783922,0.0056315366049879,1.563097354483424,1.4332445364001236,0.575307629787653,0.2879295048857777,1.070495818852493,0.5107556535252855,-0.010000000000000009,3.5400000000000005,,,1.0,0.0,0.0
profile1d_linear__robust_ossm_ekf,18_0,cohface_18_0,data/cohface_18_0.pkl,0.99,1.28,0.27,0.7125055728892065,-2.058282007131289,7.25,9.88,-0.69,0.7234127402935809,1.1203549,0.1343523732904263,0.278532570345304,0.0,0.0,1.0,profile1d_linear,robust_ossm_ekf,profile1d_linear__kfstd,0.97,4.83,,,0.5792021068331917,0.2280234402105914,0.3628700636985126,0.2931976751986738,0.0281576830249396,1.0,1.4332445364001236,1.0,1.0,1.0600566777047111,0.5911696321272195,0.020000000000000018,2.42,,,0.0,0.0,0.0
profile1d_quadratic__robust_ossm_ekf,18_0,cohface_18_0,data/cohface_18_0.pkl,0.73,0.91,0.55,0.5694029551198768,0.7923635787820635,1.13,2.14,0.66,2.8128757731359904,0.27225828,0.1311343523732904,0.1006738046601186,0.0,0.0,1.0,profile1d_quadratic,robust_ossm_ekf,profile1d_quadratic__kfstd,0.7,0.52,,,0.5792021068331917,0.2280234402105914,0.3117986722819936,0.1618779412852952,0.0080450522928399,1.0,1.4332445364001236,1.0,1.0,1.0741616409779644,0.36005883014545287,0.030000000000000027,0.6099999999999999,,,0.0,0.0,0.0
profile1d_cubic__robust_ossm_ekf,18_0,cohface_18_0,data/cohface_18_0.pkl,0.79,1.0,0.46,0.5908118823737063,0.0208694515714054,2.23,4.29,0.01,2.234584137534893,0.35204968,0.1576830249396621,0.097285808840911,0.0,0.0,1.0,profile1d_cubic,robust_ossm_ekf,profile1d_cubic__kfstd,0.75,0.89,,,0.5792021068331917,0.2280234402105914,0.3253577574474345,0.2336579096029426,0.0096540627514078,1.0,1.4332445364001236,1.0,1.0,1.074390828578922,0.43142958360468897,0.040000000000000036,1.3399999999999999,,,0.0,0.0,0.0
of_farneback__robust_ossm_ekf,9_0,cohface_9_0,data/cohface_9_0.pkl,0.4,0.57,0.84,0.3731630726552071,4.972122554323368,0.15,0.2,0.98,10.507905889455603,0.08396695,0.0,0.1319272639991692,0.0,0.0,1.0,of_farneback,robust_ossm_ekf,of_farneback__kfstd,0.38,0.15,,,0.7594324764385437,0.1817121019091495,0.2858362219272262,0.3699458060184077,0.0024489795918367,1.0,1.345252993627384,1.0,1.0,1.071402960632678,0.30845287701085516,0.020000000000000018,0.0,,,0.0,0.0,0.0
dof__robust_ossm_ekf,9_0,cohface_9_0,data/cohface_9_0.pkl,0.94,1.17,0.33,0.5754377197428557,-1.2590495339738426,5.2,7.72,0.86,6.769810446143428,0.74925387,0.2048979591836734,0.2549816580567899,0.0,0.0,1.0,dof,robust_ossm_ekf,dof__kfstd,0.98,10.22,,,0.7594324764385437,0.1817121019091495,0.3162338515469305,0.2527409720766266,0.0073469387755102,1.600891833099794,1.345252993627384,0.6058740752423686,0.3733390661718148,1.065536418421693,0.30976568559067713,-0.040000000000000036,-5.0200000000000005,,,1.0,1.0,1.0
profile1d_linear__robust_ossm_ekf,9_0,cohface_9_0,data/cohface_9_0.pkl,0.37,0.47,0.89,0.3463538156302547,6.591428676402328,0.2,0.33,0.94,12.733377729324651,0.045728512,0.0155102040816326,0.0355855470375203,0.0,0.0,1.0,profile1d_linear,robust_ossm_ekf,profile1d_linear__kfstd,0.3,0.22,,,0.7594324764385437,0.1817121019091495,0.3000288521244358,0.3903688418740557,0.0,1.0,1.345252993627384,1.0,1.0,1.0799327263002432,0.33457972298396005,0.07,-0.01999999999999999,,,0.0,1.0,0.0
profile1d_quadratic__robust_ossm_ekf,9_0,cohface_9_0,data/cohface_9_0.pkl,0.34,0.45,0.9,0.3170544513349867,7.059549574578909,0.18,0.24,0.97,13.762827014839882,0.05887898,0.0024489795918367,0.0617884473649141,0.0,0.0,1.0,profile1d_quadratic,robust_ossm_ekf,profile1d_quadratic__kfstd,0.29,0.21,,,0.7594324764385437,0.1817121019091495,0.2897034188423456,0.3911475442093725,0.0024489795918367,1.0,1.345252993627384,1.0,1.0,1.077511367514228,0.32742194664490587,0.050000000000000044,-0.03,,,0.0,1.0,0.0
profile1d_cubic__robust_ossm_ekf,9_0,cohface_9_0,data/cohface_9_0.pkl,0.34,0.45,0.9,0.3172893129557208,7.064487426975257,0.18,0.24,0.97,13.91596828467058,0.06098847,0.0,0.0613269052436852,0.0,0.0,1.0,profile1d_cubic,robust_ossm_ekf,profile1d_cubic__kfstd,0.29,0.21,,,0.7594324764385437,0.1817121019091495,0.2903822474711943,0.3953033879740318,0.0024489795918367,1.0,1.345252993627384,1.0,1.0,1.0775549444011714,0.3310073979370273,0.050000000000000044,-0.03,,,0.0,1.0,0.0
of_farneback__robust_ossm_ekf,32_3,cohface_32_3,data/cohface_32_3.pkl,0.88,1.09,0.43,0.5450003296590255,-0.5774330070351767,4.3,5.14,0.56,1.424710068091933,0.92583966,0.0,0.0214946342052127,0.0,0.0,1.0,of_farneback,robust_ossm_ekf,of_farneback__kfstd,0.87,4.27,,,0.4466728758856126,0.3126069426260321,0.3959111679934385,0.3204250180527989,0.0,1.0,1.593953190989461,1.0,1.0,1.0813207030653271,0.6789203431936979,0.010000000000000009,0.03000000000000025,,,0.0,0.0,0.0
dof__robust_ossm_ekf,32_3,cohface_32_3,data/cohface_32_3.pkl,1.0,1.25,0.22,0.5148000322933542,-1.9779888252223583,8.1,8.55,0.43,3.969681093104535,2.5417175,0.275,0.1510429338137442,0.0,0.0,1.0,dof,robust_ossm_ekf,dof__kfstd,0.98,6.78,,,0.4466728758856126,0.3126069426260321,0.3180440706518311,0.3999824560054633,0.0032258064516129,1.5983961920238894,1.593953190989461,0.5286117031507198,0.2580411135224067,1.0738171300639554,0.6080133954178966,0.020000000000000018,1.3199999999999994,,,0.0,0.0,0.0
profile1d_linear__robust_ossm_ekf,32_3,cohface_32_3,data/cohface_32_3.pkl,1.03,1.26,0.2,0.5624354053835351,-1.9495220277887788,7.08,8.65,-0.31,2.0265425057337048,1.2688918,0.164516129032258,0.2749452698067846,0.0,0.0,1.0,profile1d_linear,robust_ossm_ekf,profile1d_linear__kfstd,1.11,7.92,,,0.4466728758856126,0.3126069426260321,0.443554241495176,0.2665364521777978,0.0282258064516129,1.0,1.593953190989461,1.0,1.0,1.060454600055199,0.808668469323807,-0.08000000000000007,-0.8399999999999999,,,1.0,1.0,1.0
profile1d_quadratic__robust_ossm_ekf,32_3,cohface_32_3,data/cohface_32_3.pkl,0.8,1.01,0.5,0.5092255635164779,-0.0251149291061809,2.65,4.38,-0.3,6.351325221586506,0.4970729,0.1112903225806451,0.1170994083068507,0.0,0.0,1.0,profile1d_quadratic,robust_ossm_ekf,profile1d_quadratic__kfstd,0.86,2.95,,,0.4466728758856126,0.3126069426260321,0.3897729335973758,0.3427273003067839,0.014516129032258,1.0,1.593953190989461,1.0,1.0,1.072617853085914,0.7392143010271413,-0.05999999999999994,-0.30000000000000027,,,1.0,1.0,1.0
profile1d_cubic__robust_ossm_ekf,32_3,cohface_32_3,data/cohface_32_3.pkl,0.77,0.98,0.53,0.4703889274426379,0.244529882820651,1.04,1.4,-0.48,7.755303903878418,0.29838553,0.1548387096774193,0.1514291865405729,0.0,0.0,1.0,profile1d_cubic,robust_ossm_ekf,profile1d_cubic__kfstd,0.82,1.32,,,0.4466728758856126,0.3126069426260321,0.3950602398357623,0.3388395152655912,0.0137096774193548,1.0,1.593953190989461,1.0,1.0,1.0701309136641184,0.7425960930735668,-0.04999999999999993,-0.28,,,1.0,1.0,1.0
of_farneback__robust_ossm_ekf,6_2,cohface_6_2,data/cohface_6_2.pkl,0.34,0.48,0.89,0.309690671044615,6.430436868339799,0.28,1.03,0.86,4.592984489495757,0.01603644,0.0,0.0741829524851717,0.0,0.0,1.0,of_farneback,robust_ossm_ekf,of_farneback__kfstd,0.33,0.27,,,0.444635555673629,0.1753693844852273,0.3062821074874529,0.0416270038119567,0.0024813895781637,1.0,1.3332018305219318,1.0,1.0,1.076995873922947,0.2974910492441672,0.010000000000000009,0.010000000000000009,,,0.0,0.0,0.0
dof__robust_ossm_ekf,6_2,cohface_6_2,data/cohface_6_2.pkl,0.58,0.77,0.77,0.3813093923476996,2.390983684516942,8.19,8.82,-0.58,3.041804023210656,1.2133837,0.2762613730355666,0.1982917325424331,0.0,0.0,1.0,dof,robust_ossm_ekf,dof__kfstd,0.9,6.29,,,0.444635555673629,0.1753693844852273,0.3344930835177646,0.3684037639808702,0.0008271298593879,1.6658734189843578,1.3332018305219318,0.5182251066897149,0.22923858953837,1.0698654797753273,0.509041302916069,-0.32000000000000006,1.8999999999999995,,,1.0,0.0,0.0
profile1d_linear__robust_ossm_ekf,6_2,cohface_6_2,data/cohface_6_2.pkl,0.87,1.04,0.46,0.5712683973600238,-0.2914982846804848,7.6,8.16,0.43,3.6107343029798935,0.4954217,0.0769230769230769,0.3005271996638959,0.0,0.0,1.0,profile1d_linear,robust_ossm_ekf,profile1d_linear__kfstd,0.83,3.65,,,0.444635555673629,0.1753693844852273,0.3624339646418799,0.2527748540125228,0.0281224152191894,1.0,1.3332018305219318,1.0,1.0,1.0592764270446593,0.5845065174248801,0.040000000000000036,3.9499999999999997,,,0.0,0.0,0.0
profile1d_quadratic__robust_ossm_ekf,6_2,cohface_6_2,data/cohface_6_2.pkl,0.37,0.48,0.89,0.3613869110027472,6.491513890964431,0.54,1.37,0.75,7.0383287737857225,0.16684946,0.0,0.0230847090928841,0.0,0.0,1.0,profile1d_quadratic,robust_ossm_ekf,profile1d_quadratic__kfstd,0.37,0.35,,,0.444635555673629,0.1753693844852273,0.3036646556668397,0.0699604094241593,0.0,1.0,1.3332018305219318,1.0,1.0,1.08112683530273,0.2832831455420137,0.0,0.19000000000000006,,,0.0,0.0,0.0
profile1d_cubic__robust_ossm_ekf,6_2,cohface_6_2,data/cohface_6_2.pkl,0.31,0.45,0.9,0.2882799788028357,7.033889939183833,0.55,1.39,0.74,6.896954915453919,0.16166502,0.0,0.0248941917628625,0.0,0.0,1.0,profile1d_cubic,robust_ossm_ekf,profile1d_cubic__kfstd,0.34,0.37,,,0.444635555673629,0.1753693844852273,0.3047771531661034,0.0658936923049453,0.0,1.0,1.3332018305219318,1.0,1.0,1.0809570037554117,0.285148013472444,-0.030000000000000027,0.18000000000000005,,,1.0,0.0,0.0
of_farneback__robust_ossm_ekf,8_3,cohface_8_3,data/cohface_8_3.pkl,0.5,0.65,0.78,0.3924395192919829,3.701681639977512,1.52,2.8,0.31,2.625054542401348,0.33266017,0.0811258278145695,0.2970263315423095,0.0,0.0,1.0,of_farneback,robust_ossm_ekf,of_farneback__kfstd,0.51,1.52,,,0.6404792469420645,0.2222371424282913,0.3628102115254595,0.4133363769713596,0.0190397350993377,1.0,1.4222505706137536,1.0,1.0,1.0589370145402897,0.6074994965584251,-0.010000000000000009,0.0,,,1.0,0.0,0.0
dof__robust_ossm_ekf,8_3,cohface_8_3,data/cohface_8_3.pkl,0.57,0.75,0.72,0.4162602009939876,2.4716971127095078,6.35,6.64,0.25,10.609929446181134,0.38035226,0.277317880794702,0.0790546327630675,0.0,0.0,1.0,dof,robust_ossm_ekf,dof__kfstd,0.55,6.37,,,0.6404792469420645,0.2222371424282913,0.4417893899625187,0.4275574466799185,0.0,1.8824719160061727,1.4222505706137536,0.5728064127247758,0.2150875044053626,1.080661478239273,0.6574955566233992,0.019999999999999907,-0.020000000000000462,,,0.0,1.0,0.0
profile1d_linear__robust_ossm_ekf,8_3,cohface_8_3,data/cohface_8_3.pkl,0.5,0.63,0.8,0.4133036959501432,4.014448542282143,0.51,1.66,0.68,3.690268406033936,0.2432428,0.0620860927152317,0.1348988173206605,0.0,0.0,1.0,profile1d_linear,robust_ossm_ekf,profile1d_linear__kfstd,0.5,0.6,,,0.6404792469420645,0.2222371424282913,0.319799388892354,0.402633198431543,0.0107615894039735,1.0,1.4222505706137536,1.0,1.0,1.071396640996375,0.4963359663208166,0.0,-0.08999999999999997,,,0.0,1.0,0.0
profile1d_quadratic__robust_ossm_ekf,8_3,cohface_8_3,data/cohface_8_3.pkl,0.55,0.65,0.79,0.460450461194041,3.647438900102199,1.78,3.04,0.21,4.875903909223229,0.42541412,0.0331125827814569,0.140940767730984,0.0,0.0,1.0,profile1d_quadratic,robust_ossm_ekf,profile1d_quadratic__kfstd,0.5,0.71,,,0.6404792469420645,0.2222371424282913,0.3480866613076752,0.439219083792547,0.009933774834437,1.0,1.4222505706137536,1.0,1.0,1.070826566525287,0.5620243336429414,0.050000000000000044,1.07,,,0.0,0.0,0.0
profile1d_cubic__robust_ossm_ekf,8_3,cohface_8_3,data/cohface_8_3.pkl,0.55,0.65,0.79,0.458872773706216,3.634137650631621,1.78,3.03,0.21,4.837496385501089,0.4222204,0.0331125827814569,0.144317384356736,0.0,0.0,1.0,profile1d_cubic,robust_ossm_ekf,profile1d_cubic__kfstd,0.5,0.72,,,0.6404792469420645,0.2222371424282913,0.3493607802367874,0.4291409206328714,0.0115894039735099,1.0,1.4222505706137536,1.0,1.0,1.0705453876337998,0.5647769877725102,0.050000000000000044,1.06,,,0.0,0.0,0.0
of_farneback__robust_ossm_ekf,11_3,cohface_11_3,data/cohface_11_3.pkl,0.5,0.64,0.79,0.4055643478620669,3.995872795615562,2.48,3.43,-0.48,4.995420648401869,0.3245476,0.2371638141809291,0.2607775486808718,0.0,0.0,1.0,of_farneback,robust_ossm_ekf,of_farneback__kfstd,0.5,2.48,,,0.5793399280995467,0.1122822571297137,0.39911154547485,0.4892329897925083,0.0154849225753871,1.0,1.213336288546456,1.0,1.0,1.0623371813333315,0.6567314401648168,0.0,0.0,,,0.0,0.0,0.0
dof__robust_ossm_ekf,11_3,cohface_11_3,data/cohface_11_3.pkl,0.49,0.64,0.79,0.4011760807467592,3.864293481887855,0.51,0.72,0.91,12.477373407889818,0.11615438,0.491442542787286,0.0802857204218807,0.0,0.0,1.0,dof,robust_ossm_ekf,dof__kfstd,0.48,0.47,,,0.5793399280995467,0.1122822571297137,0.3432941406231952,0.4049633758839854,0.0048899755501222,1.788428588756748,1.213336288546456,0.5376991341974318,0.1936533361661824,1.080532096942303,0.47160531073950485,0.010000000000000009,0.040000000000000036,,,0.0,0.0,0.0
profile1d_linear__robust_ossm_ekf,11_3,cohface_11_3,data/cohface_11_3.pkl,0.75,0.93,0.57,0.5466621196072832,0.5961988669113484,3.33,3.92,-0.67,4.797704531454746,0.44491997,0.308883455582722,0.3121550853571153,0.0,0.0,1.0,profile1d_linear,robust_ossm_ekf,profile1d_linear__kfstd,0.64,2.65,,,0.5793399280995467,0.1122822571297137,0.3582552318952833,0.4171095961006862,0.0187449062754686,1.0,1.213336288546456,1.0,1.0,1.0610923927216025,0.5586698030244692,0.10999999999999999,0.6800000000000002,,,0.0,0.0,0.0
profile1d_quadratic__robust_ossm_ekf,11_3,cohface_11_3,data/cohface_11_3.pkl,0.52,0.63,0.8,0.4094095855006931,4.098793770684202,1.92,3.01,-0.29,6.648578390877365,0.2555852,0.2746536267318663,0.2049552512998598,0.0,0.0,1.0,profile1d_quadratic,robust_ossm_ekf,profile1d_quadratic__kfstd,0.47,2.92,,,0.5793399280995467,0.1122822571297137,0.3773601737684408,0.5167780440635142,0.0268948655256723,1.0,1.213336288546456,1.0,1.0,1.0652977532545236,0.6670186484276002,0.050000000000000044,-1.0,,,0.0,1.0,0.0
profile1d_cubic__robust_ossm_ekf,11_3,cohface_11_3,data/cohface_11_3.pkl,0.52,0.63,0.8,0.4091819223325947,4.087597900029628,1.9,2.97,-0.28,6.595042474479712,0.27084163,0.2697636511817441,0.2035037033195578,0.0,0.0,1.0,profile1d_cubic,robust_ossm_ekf,profile1d_cubic__kfstd,0.47,2.98,,,0.5793399280995467,0.1122822571297137,0.3783898758802542,0.5250076853688302,0.0268948655256723,1.0,1.213336288546456,1.0,1.0,1.0654121112931816,0.6687447273154072,0.050000000000000044,-1.08,,,0.0,1.0,0.0
of_farneback__robust_ossm_ekf,40_0,cohface_40_0,data/cohface_40_0.pkl,0.79,1.01,0.49,0.5538417512472015,-0.0764353611521384,2.31,3.18,0.58,1.8962869802834152,0.1600443,0.0512,0.3301759922746811,0.0,0.0,1.0,of_farneback,robust_ossm_ekf,of_farneback__kfstd,0.79,2.32,,,0.3278032590426616,0.2587062576437485,0.3672990284125373,0.3336761274273273,0.0192,1.0,1.491541889523122,1.0,1.0,1.0591147743661116,0.7109620951427789,0.0,-0.009999999999999787,,,0.0,1.0,0.0
dof__robust_ossm_ekf,40_0,cohface_40_0,data/cohface_40_0.pkl,0.82,0.99,0.49,0.4815035436718928,0.1924845276879337,2.0,3.35,-0.01,9.953935287695153,0.54538006,0.6216,0.1494581443347339,0.0,0.0,1.0,dof,robust_ossm_ekf,dof__kfstd,0.82,1.89,,,0.3278032590426616,0.2587062576437485,0.3825140944142915,0.4514381411950249,0.0056,1.7225985753951425,1.491541889523122,0.4715897499065642,0.2409587402268713,1.0740746790145357,0.7519984978545708,0.0,0.1100000000000001,,,0.0,0.0,0.0
profile1d_linear__robust_ossm_ekf,40_0,cohface_40_0,data/cohface_40_0.pkl,0.83,1.01,0.49,0.5618113272173094,-0.0450737337503825,6.06,7.18,0.48,1.435008589666187,0.7710856,0.1888,0.1821691652501428,0.0,0.0,1.0,profile1d_linear,robust_ossm_ekf,profile1d_linear__kfstd,0.82,5.24,,,0.3278032590426616,0.2587062576437485,0.4141909614029545,0.2417498863142073,0.02,1.0,1.491541889523122,1.0,1.0,1.0675567991090549,0.7385936787877138,0.010000000000000009,0.8199999999999994,,,0.0,0.0,0.0
profile1d_quadratic__robust_ossm_ekf,40_0,cohface_40_0,data/cohface_40_0.pkl,0.62,0.75,0.72,0.4526313756750798,2.5418670687074174,3.16,4.23,0.35,3.86234899588292,0.3498233,0.0488,0.0824446247464764,0.0,0.0,1.0,profile1d_quadratic,robust_ossm_ekf,profile1d_quadratic__kfstd,0.63,4.02,,,0.3278032590426616,0.2587062576437485,0.3248125230355599,0.3438015422266525,0.0104,1.0,1.491541889523122,1.0,1.0,1.075686354092271,0.610878960888471,-0.010000000000000009,-0.8599999999999994,,,1.0,1.0,1.0
profile1d_cubic__robust_ossm_ekf,40_0,cohface_40_0,data/cohface_40_0.pkl,0.63,0.76,0.71,0.4584783651007889,2.4298720138936067,3.18,4.24,0.34,3.60469886817822,0.34111527,0.0448,0.0789275819332999,0.0,0.0,1.0,profile1d_cubic,robust_ossm_ekf,profile1d_cubic__kfstd,0.64,4.16,,,0.3278032590426616,0.2587062576437485,0.3319069310956325,0.352931777617858,0.012,1.0,1.491541889523122,1.0,1.0,1.0759995251030496,0.63448052077119,-0.010000000000000009,-0.98,,,1.0,1.0,1.0
of_farneback__robust_ossm_ekf,32_2,cohface_32_2,data/cohface_32_2.pkl,0.94,1.17,0.48,0.4698690475095903,-0.9171113306174544,5.76,6.16,0.9,2.245836402980507,0.4986446,0.3016129032258065,0.0085263288981777,0.0,0.0,1.0,of_farneback,robust_ossm_ekf,of_farneback__kfstd,0.94,5.52,,,0.4301279591892378,0.3003767636880024,0.4360678689019487,0.3583790742433591,0.0024193548387096,1.0,1.5707158510072048,1.0,1.0,1.0825273810613412,0.7703654273405458,0.0,0.2400000000000002,,,0.0,0.0,0.0
dof__robust_ossm_ekf,32_2,cohface_32_2,data/cohface_32_2.pkl,0.82,1.03,0.49,0.6047385432577199,-0.4917746986924795,4.89,6.11,-0.64,5.089670209869984,0.6055551,0.2314516129032258,0.1393088824813871,0.0,0.0,1.0,dof,robust_ossm_ekf,dof__kfstd,0.78,4.34,,,0.4301279591892378,0.3003767636880024,0.3468585565635275,0.4201873852759927,0.0040322580645161,1.6841819729812744,1.5707158510072048,0.5093486137289254,0.2188307881071557,1.0749940810406802,0.6694383599430337,0.039999999999999925,0.5499999999999998,,,0.0,0.0,0.0
profile1d_linear__robust_ossm_ekf,32_2,cohface_32_2,data/cohface_32_2.pkl,0.9,1.17,0.32,0.5568972455830437,-1.2377456712805657,7.35,8.19,0.25,1.2267173908141722,0.77833414,0.1588709677419355,0.1582554331522309,0.0,0.0,1.0,profile1d_linear,robust_ossm_ekf,profile1d_linear__kfstd,0.98,10.81,,,0.4301279591892378,0.3003767636880024,0.3682918781933874,0.2422033700244647,0.007258064516129,1.0,1.5707158510072048,1.0,1.0,1.069146801277561,0.6133114925892099,-0.07999999999999996,-3.460000000000001,,,1.0,1.0,1.0
profile1d_quadratic__robust_ossm_ekf,32_2,cohface_32_2,data/cohface_32_2.pkl,0.75,0.96,0.54,0.4486708475171797,0.377550457371632,7.08,9.29,-0.75,5.047656324781765,0.65745705,0.125,0.2159491052843427,0.0,0.0,1.0,profile1d_quadratic,robust_ossm_ekf,profile1d_quadratic__kfstd,0.76,3.16,,,0.4301279591892378,0.3003767636880024,0.350323838848033,0.2760768827613459,0.007258064516129,1.0,1.5707158510072048,1.0,1.0,1.0648666636995197,0.6031412845579728,-0.010000000000000009,3.92,,,1.0,0.0,0.0
profile1d_cubic__robust_ossm_ekf,32_2,cohface_32_2,data/cohface_32_2.pkl,0.73,0.94,0.56,0.4182620418798237,0.5397960757842215,6.61,8.76,-0.63,5.259909471636547,0.5500713,0.0935483870967742,0.2131945688452592,0.0,0.0,1.0,profile1d_cubic,robust_ossm_ekf,profile1d_cubic__kfstd,0.75,3.02,,,0.4301279591892378,0.3003767636880024,0.3606325631104807,0.2672753297666322,0.0064516129032258,1.0,1.5707158510072048,1.0,1.0,1.065088824397057,0.6120465181787367,-0.020000000000000018,3.5900000000000003,,,1.0,0.0,0.0
of_farneback__robust_ossm_ekf,17_1,cohface_17_1,data/cohface_17_1.pkl,0.4,0.5,0.88,0.3418851161331256,6.053850090372035,0.13,0.16,0.97,13.76487810661594,0.037859857,0.1091058244462674,0.2041164877862118,0.0,0.0,1.0,of_farneback,robust_ossm_ekf,of_farneback__kfstd,0.39,0.13,,,0.9008315774890628,0.4042296277342121,0.3805195887783079,0.4952105904458106,0.0172272354388843,1.0,1.768036292695003,1.0,1.0,1.0654280549552329,0.6763810368742771,0.010000000000000009,0.0,,,0.0,0.0,0.0
dof__robust_ossm_ekf,17_1,cohface_17_1,data/cohface_17_1.pkl,0.91,1.11,0.35,0.5241759106697108,-0.9287800527600442,9.64,9.69,0.65,4.479508939195999,1.5909705,0.0139458572600492,0.1329747513607365,0.0,0.0,1.0,dof,robust_ossm_ekf,dof__kfstd,0.95,9.58,,,0.9008315774890628,0.4042296277342121,0.3435707361532431,0.3064748843079761,0.0049220672682526,1.6537905670084718,1.768036292695003,0.6380376713723341,0.3678197038985204,1.0756800065436802,0.4545915851972219,-0.039999999999999925,0.0600000000000005,,,1.0,0.0,0.0
profile1d_linear__robust_ossm_ekf,17_1,cohface_17_1,data/cohface_17_1.pkl,0.45,0.55,0.85,0.3594481539181287,5.14458783333988,0.24,0.28,0.82,9.571805857058678,0.07195792,0.0582444626743232,0.0433334585971204,0.0,0.0,1.0,profile1d_linear,robust_ossm_ekf,profile1d_linear__kfstd,0.4,0.17,,,0.9008315774890628,0.4042296277342121,0.3504645377027856,0.4752126961846529,0.0024610336341263,1.0,1.768036292695003,1.0,1.0,1.079221680214657,0.5557841136815593,0.04999999999999999,0.06999999999999998,,,0.0,0.0,0.0
profile1d_quadratic__robust_ossm_ekf,17_1,cohface_17_1,data/cohface_17_1.pkl,0.38,0.46,0.9,0.3167604353258694,6.754847112188376,0.09,0.1,0.97,13.40606728871715,0.032134295,0.0393765381460213,0.0703701859850705,0.0,0.0,1.0,profile1d_quadratic,robust_ossm_ekf,profile1d_quadratic__kfstd,0.31,0.08,,,0.9008315774890628,0.4042296277342121,0.3584733081077897,0.446231723661989,0.0,1.0,1.768036292695003,1.0,1.0,1.0767383014179768,0.5424013741108119,0.07,0.009999999999999995,,,0.0,0.0,0.0
profile1d_cubic__robust_ossm_ekf,17_1,cohface_17_1,data/cohface_17_1.pkl,0.38,0.47,0.89,0.3171190699771509,6.614807199082772,0.09,0.11,0.98,12.957267961141085,0.03737598,0.0385561936013125,0.0680355418204269,0.0,0.0,1.0,profile1d_cubic,robust_ossm_ekf,profile1d_cubic__kfstd,0.31,0.08,,,0.9008315774890628,0.4042296277342121,0.3564310368664972,0.4474324411296153,0.0024610336341263,1.0,1.768036292695003,1.0,1.0,1.076927623169265,0.5494248216755703,0.07,0.009999999999999995,,,0.0,0.0,0.0
of_farneback__robust_ossm_ekf,28_3,cohface_28_3,data/cohface_28_3.pkl,0.65,0.92,0.58,0.4674533835564759,0.7584721169018372,0.71,1.18,0.58,5.627887290018572,0.041784413,0.1560226354082457,0.3242539728387028,0.0,0.0,1.0,of_farneback,robust_ossm_ekf,of_farneback__kfstd,0.64,0.71,,,0.525115997804168,0.2491327474013685,0.3650652975770761,0.505118638496942,0.021018593371059,1.0,1.4733522200626,1.0,1.0,1.0577040680819791,0.7392883212864494,0.010000000000000009,0.0,,,0.0,0.0,0.0
dof__robust_ossm_ekf,28_3,cohface_28_3,data/cohface_28_3.pkl,0.61,0.76,0.72,0.3927514845646228,2.4023787649317754,1.07,2.06,0.27,10.424196402674603,0.42441386,0.0792239288601455,0.0840069478448167,0.0,0.0,1.0,dof,robust_ossm_ekf,dof__kfstd,0.62,0.42,,,0.525115997804168,0.2491327474013685,0.3115473030776926,0.4655159937804232,0.0,1.909809632755321,1.4733522200626,0.4394236450823002,0.1239803664647892,1.080398830786944,0.5443944331052551,-0.010000000000000009,0.6500000000000001,,,1.0,0.0,0.0
profile1d_linear__robust_ossm_ekf,28_3,cohface_28_3,data/cohface_28_3.pkl,0.86,1.06,0.46,0.6225481514928318,-0.5292745335655964,2.33,3.0,-0.37,3.508495167511828,0.12665856,0.1519805982215036,0.3241949936229335,0.0,0.0,1.0,profile1d_linear,robust_ossm_ekf,profile1d_linear__kfstd,0.82,2.06,,,0.525115997804168,0.2491327474013685,0.4271805217871802,0.3876982727029839,0.0299110751818916,1.0,1.4733522200626,1.0,1.0,1.057893983502218,0.7923993078520826,0.040000000000000036,0.27,,,0.0,0.0,0.0
profile1d_quadratic__robust_ossm_ekf,28_3,cohface_28_3,data/cohface_28_3.pkl,0.57,0.85,0.64,0.4202285117006951,1.4761875555373685,0.91,1.31,0.48,5.7562937358253325,0.059410885,0.1172190784155214,0.1276647042552491,0.0,0.0,1.0,profile1d_quadratic,robust_ossm_ekf,profile1d_quadratic__kfstd,0.56,1.83,,,0.525115997804168,0.2491327474013685,0.3380793385277035,0.4396462631439636,0.0113177041228779,1.0,1.4733522200626,1.0,1.0,1.0717016104116002,0.6184248307682215,0.009999999999999898,-0.92,,,0.0,1.0,0.0
profile1d_cubic__robust_ossm_ekf,28_3,cohface_28_3,data/cohface_28_3.pkl,0.58,0.86,0.63,0.4284556846445453,1.3816737169392712,1.12,1.5,0.38,5.430722524801839,0.064033255,0.1495553759094583,0.137236407802538,0.0,0.0,1.0,profile1d_cubic,robust_ossm_ekf,profile1d_cubic__kfstd,0.56,1.9,,,0.525115997804168,0.2491327474013685,0.3386559306761362,0.4350182607036627,0.0113177041228779,1.0,1.4733522200626,1.0,1.0,1.070881240316801,0.6166657556038325,0.019999999999999907,-0.7799999999999998,,,0.0,1.0,0.0
of_farneback__robust_ossm_ekf,4_2,cohface_4_2,data/cohface_4_2.pkl,0.63,0.81,0.67,0.4573539680321563,1.6016484140232912,0.27,0.33,0.97,1.7739415643872176,0.21394533,0.0579470198675496,0.1749968656681417,0.0,0.0,1.0,of_farneback,robust_ossm_ekf,of_farneback__kfstd,0.62,0.28,,,0.4086684279891671,0.1721139228364047,0.3432238354372282,0.3189553014923396,0.0223509933774834,1.0,1.327016453389169,1.0,1.0,1.067995143373826,0.5923420134663616,0.010000000000000009,-0.010000000000000009,,,0.0,1.0,0.0
dof__robust_ossm_ekf,4_2,cohface_4_2,data/cohface_4_2.pkl,0.8,1.02,0.48,0.4374382614540157,-0.185468142329697,2.98,3.39,0.61,5.137678110742424,0.61889446,0.3062913907284768,0.1751023975218086,0.0,0.0,1.0,dof,robust_ossm_ekf,dof__kfstd,0.75,1.82,,,0.4086684279891671,0.1721139228364047,0.3301753196549229,0.397151235334928,0.0066225165562913,1.6565263466639302,1.327016453389169,0.5146171499087414,0.2479166168457283,1.0717256024039647,0.5542748505169909,0.050000000000000044,1.16,,,0.0,0.0,0.0
profile1d_linear__robust_ossm_ekf,4_2,cohface_4_2,data/cohface_4_2.pkl,0.31,0.4,0.92,0.2983244980926009,8.014277345187097,0.2,0.24,0.98,10.66455122528834,0.053601608,0.0,0.0132764891062908,0.0,0.0,1.0,profile1d_linear,robust_ossm_ekf,profile1d_linear__kfstd,0.32,0.17,,,0.4086684279891671,0.1721139228364047,0.2601353452944228,0.283189328900609,0.0,1.0,1.327016453389169,1.0,1.0,1.0820538925353136,0.3435418405455864,-0.010000000000000009,0.03,,,1.0,0.0,0.0
profile1d_quadratic__robust_ossm_ekf,4_2,cohface_4_2,data/cohface_4_2.pkl,0.28,0.36,0.93,0.2707788310980309,8.825962986454321,0.08,0.1,0.99,10.359865474357424,0.019980196,0.0347682119205298,0.0151574249154466,0.0,0.0,1.0,profile1d_quadratic,robust_ossm_ekf,profile1d_quadratic__kfstd,0.29,0.14,,,0.4086684279891671,0.1721139228364047,0.2567605850935154,0.2968257999996046,0.0,1.0,1.327016453389169,1.0,1.0,1.0818761525381742,0.3459158132578864,-0.009999999999999953,-0.06000000000000001,,,1.0,1.0,1.0
profile1d_cubic__robust_ossm_ekf,4_2,cohface_4_2,data/cohface_4_2.pkl,0.29,0.37,0.93,0.2706163737569454,8.731305431718155,0.08,0.1,0.99,10.25263460445472,0.017082248,0.0264900662251655,0.0165359209133263,0.0,0.0,1.0,profile1d_cubic,robust_ossm_ekf,profile1d_cubic__kfstd,0.3,0.14,,,0.4086684279891671,0.1721139228364047,0.2580413792668583,0.2958708840008111,0.0,1.0,1.327016453389169,1.0,1.0,1.0817448288468536,0.3475004079888496,-0.010000000000000009,-0.06000000000000001,,,1.0,1.0,1.0
of_farneback__robust_ossm_ekf,40_2,cohface_40_2,data/cohface_40_2.pkl,0.78,0.94,0.55,0.5567074849656112,0.5452250355103573,1.0,1.39,0.91,3.4328213748371192,0.23881239,0.4524193548387096,0.7637020713722091,0.0,1.0,0.0,of_farneback,robust_ossm_ekf,of_farneback__kfstd,0.78,1.45,,,0.427228033326428,0.2473301353374483,0.4268212504840999,0.3849734973246624,0.0266129032258064,1.0,1.469927257141152,0.9935483870967742,0.9935483870967742,1.0482275989663712,0.8296050908121202,0.0,-0.44999999999999996,,,0.0,1.0,0.0
dof__robust_ossm_ekf,40_2,cohface_40_2,data/cohface_40_2.pkl,0.47,0.61,0.82,0.3173242259672577,4.361577741131452,0.8,1.73,0.86,9.458796002496712,0.06321749,0.4064516129032258,0.1422157854079324,0.0,0.0,1.0,dof,robust_ossm_ekf,dof__kfstd,0.46,2.53,,,0.427228033326428,0.2473301353374483,0.386773130114816,0.4337382897726711,0.007258064516129,2.078783922342073,1.469927257141152,0.4156193294458831,0.1473579726662196,1.0747646549613892,0.7199166947494622,0.009999999999999953,-1.7299999999999998,,,0.0,1.0,0.0
profile1d_linear__robust_ossm_ekf,40_2,cohface_40_2,data/cohface_40_2.pkl,0.7,0.87,0.6,0.4674738863327864,0.9486720480350652,2.47,2.98,0.42,4.026877862883371,0.16816522,0.1153225806451613,0.2004939239201923,0.0,0.0,1.0,profile1d_linear,robust_ossm_ekf,profile1d_linear__kfstd,0.63,2.44,,,0.427228033326428,0.2473301353374483,0.4073915989165674,0.4400672045914708,0.0129032258064516,1.0,1.469927257141152,1.0,1.0,1.066108832764451,0.7805477371851676,0.06999999999999995,0.03000000000000025,,,0.0,0.0,0.0
profile1d_quadratic__robust_ossm_ekf,40_2,cohface_40_2,data/cohface_40_2.pkl,0.76,0.92,0.57,0.5305299304482443,0.5175293068150179,5.64,8.27,-0.8,5.552933544771548,0.8164648,0.0524193548387096,0.202975995234004,0.0,0.0,1.0,profile1d_quadratic,robust_ossm_ekf,profile1d_quadratic__kfstd,0.68,4.22,,,0.427228033326428,0.2473301353374483,0.3759053580350248,0.353534058518876,0.0258064516129032,1.0,1.469927257141152,1.0,1.0,1.0655192762744818,0.7257394047020881,0.07999999999999996,1.42,,,0.0,0.0,0.0
profile1d_cubic__robust_ossm_ekf,40_2,cohface_40_2,data/cohface_40_2.pkl,0.77,0.93,0.56,0.5360376508783227,0.400482479329013,5.88,8.56,-0.86,5.370190579516191,0.86596465,0.0701612903225806,0.1954690889976591,0.0,0.0,1.0,profile1d_cubic,robust_ossm_ekf,profile1d_cubic__kfstd,0.7,4.18,,,0.427228033326428,0.2473301353374483,0.3842344496293455,0.3494110305279685,0.0258064516129032,1.0,1.469927257141152,1.0,1.0,1.0661565952123038,0.7372731624161305,0.07000000000000006,1.7000000000000002,,,0.0,0.0,0.0
of_farneback__robust_ossm_ekf,2_2,cohface_2_2,data/cohface_2_2.pkl,0.56,0.71,0.75,0.4405909417644478,3.0328433180617145,0.26,0.3,0.98,7.836378703230292,0.20368744,0.1341059602649006,0.3307860918245467,0.0,0.0,1.0,of_farneback,robust_ossm_ekf,of_farneback__kfstd,0.55,0.26,,,0.7270653558239187,0.2632352444992858,0.3521219204798739,0.4624942116101295,0.0149006622516556,1.0,1.5001469645486432,1.0,1.0,1.0593638242912378,0.5958023597644159,0.010000000000000009,0.0,,,0.0,0.0,0.0
dof__robust_ossm_ekf,2_2,cohface_2_2,data/cohface_2_2.pkl,0.52,0.65,0.77,0.3204168508569492,3.867282560986245,0.24,0.27,0.99,13.852571125450735,0.19493313,0.3948675496688741,0.095900131366233,0.0,0.0,1.0,dof,robust_ossm_ekf,dof__kfstd,0.56,0.26,,,0.7270653558239187,0.2632352444992858,0.3461241240713586,0.3872453236423125,0.0049668874172185,1.8423535385410603,1.5001469645486432,0.5433957073191009,0.1628610885004992,1.0793230554892437,0.5021176169874997,-0.040000000000000036,-0.020000000000000018,,,1.0,1.0,1.0
profile1d_linear__robust_ossm_ekf,2_2,cohface_2_2,data/cohface_2_2.pkl,0.53,0.69,0.77,0.4042990289423172,3.302230715412686,2.22,3.96,-0.11,9.959890040298832,0.23851791,0.0778145695364238,0.1419610782322572,0.0,0.0,1.0,profile1d_linear,robust_ossm_ekf,profile1d_linear__kfstd,0.47,0.42,,,0.7270653558239187,0.2632352444992858,0.343308027332705,0.4917438932924936,0.0057947019867549,1.0,1.5001469645486432,1.0,1.0,1.0708833622770366,0.5622164356209782,0.06000000000000005,1.8000000000000003,,,0.0,0.0,0.0
profile1d_quadratic__robust_ossm_ekf,2_2,cohface_2_2,data/cohface_2_2.pkl,0.49,0.63,0.8,0.3985298098443197,4.030669234625829,0.33,0.37,0.99,8.738528956574841,0.11996472,0.1978476821192053,0.1391318910749953,0.0,0.0,1.0,profile1d_quadratic,robust_ossm_ekf,profile1d_quadratic__kfstd,0.47,0.68,,,0.7270653558239187,0.2632352444992858,0.3409579136956216,0.5159175097259068,0.0132450331125827,1.0,1.5001469645486432,1.0,1.0,1.0708782327828832,0.5943150916246919,0.020000000000000018,-0.35000000000000003,,,0.0,1.0,0.0
profile1d_cubic__robust_ossm_ekf,2_2,cohface_2_2,data/cohface_2_2.pkl,0.49,0.63,0.8,0.4128029677189132,4.011770927045856,0.34,0.38,0.99,8.424325497961698,0.12070598,0.1978476821192053,0.1432051226297437,0.0,0.0,1.0,profile1d_cubic,robust_ossm_ekf,profile1d_cubic__kfstd,0.47,0.7,,,0.7270653558239187,0.2632352444992858,0.3379823395326636,0.5243165558643914,0.0165562913907284,1.0,1.5001469645486432,1.0,1.0,1.070571620884017,0.6024317356979019,0.020000000000000018,-0.35999999999999993,,,0.0,1.0,0.0
of_farneback__robust_ossm_ekf,7_1,cohface_7_1,data/cohface_7_1.pkl,0.35,0.47,0.89,0.3405880804028217,6.664527475424423,0.03,0.06,1.0,10.883497765399268,0.035610817,0.0,0.0719546989213959,0.0,0.0,1.0,of_farneback,robust_ossm_ekf,of_farneback__kfstd,0.33,0.03,,,0.6112358755530432,0.1456216701640012,0.2577145472782753,0.4094317497012281,0.0,1.0,1.2766811733116024,1.0,1.0,1.0766786121387897,0.3104046283483811,0.019999999999999962,0.0,,,0.0,0.0,0.0
dof__robust_ossm_ekf,7_1,cohface_7_1,data/cohface_7_1.pkl,0.75,0.93,0.48,0.5382710789135295,0.6155023564108341,0.26,0.32,0.93,7.322868044617232,0.050429672,0.2241521918941273,0.154272487587409,0.0,0.0,1.0,dof,robust_ossm_ekf,dof__kfstd,0.65,0.24,,,0.6112358755530432,0.1456216701640012,0.3067234309771866,0.3180794549267136,0.0049627791563275,1.6456150084142418,1.2766811733116024,0.5394291267897883,0.3187539295452092,1.07353482699487,0.35839738318142433,0.09999999999999998,0.020000000000000018,,,0.0,0.0,0.0
profile1d_linear__robust_ossm_ekf,7_1,cohface_7_1,data/cohface_7_1.pkl,0.36,0.53,0.85,0.3311606557098299,5.460137082107201,0.11,0.13,0.99,12.706107400253565,0.034711525,0.0016542597187758,0.0642392372656562,0.0,0.0,1.0,profile1d_linear,robust_ossm_ekf,profile1d_linear__kfstd,0.36,0.11,,,0.6112358755530432,0.1456216701640012,0.2507112900894779,0.4064638414171795,0.010752688172043,1.0,1.2766811733116024,1.0,1.0,1.0775918401395588,0.3443540787204563,0.0,0.0,,,0.0,0.0,0.0
profile1d_quadratic__robust_ossm_ekf,7_1,cohface_7_1,data/cohface_7_1.pkl,0.31,0.37,0.93,0.2916095986739069,8.66114858594676,0.06,0.08,1.0,13.684933051865086,0.0574845,0.0,0.0388567604547998,0.0,0.0,1.0,profile1d_quadratic,robust_ossm_ekf,profile1d_quadratic__kfstd,0.3,0.07,,,0.6112358755530432,0.1456216701640012,0.269021068904402,0.442855384366475,0.0024813895781637,1.0,1.2766811733116024,1.0,1.0,1.0796303801290097,0.35886240678855713,0.010000000000000009,-0.010000000000000009,,,0.0,1.0,0.0
profile1d_cubic__robust_ossm_ekf,7_1,cohface_7_1,data/cohface_7_1.pkl,0.3,0.37,0.93,0.2921930459919895,8.634665484420845,0.06,0.08,1.0,13.375278703780271,0.053538382,0.0,0.0418182878688306,0.0,0.0,1.0,profile1d_cubic,robust_ossm_ekf,profile1d_cubic__kfstd,0.29,0.07,,,0.6112358755530432,0.1456216701640012,0.2668599531126891,0.4273708618146116,0.0024813895781637,1.0,1.2766811733116024,1.0,1.0,1.0793537000384084,0.34612031366374624,0.010000000000000009,-0.010000000000000009,,,0.0,1.0,0.0
of_farneback__robust_ossm_ekf,36_3,cohface_36_3,data/cohface_36_3.pkl,0.55,0.7,0.76,0.3311617206584741,3.192512892811,0.58,0.74,0.66,7.832926957979471,0.23691152,0.529795918367347,0.136178317877278,0.0,0.0,1.0,of_farneback,robust_ossm_ekf,of_farneback__kfstd,0.54,0.58,,,0.553549467872646,0.1474644077085476,0.4941022922504321,0.2843919481335487,0.0097959183673469,1.0,1.2801823746462406,1.0,1.0,1.0711165731691297,0.5940030695212999,0.010000000000000009,0.0,,,0.0,0.0,0.0
dof__robust_ossm_ekf,36_3,cohface_36_3,data/cohface_36_3.pkl,0.86,1.07,0.44,0.4982012056212055,-0.4728563116603404,6.42,6.55,0.64,5.50775111359106,1.9708394,0.1485714285714285,0.152886289099881,0.0,0.0,1.0,dof,robust_ossm_ekf,dof__kfstd,0.86,6.4,,,0.553549467872646,0.1474644077085476,0.3700122229017205,0.3440025001524648,0.0114285714285714,1.8684216295487408,1.2801823746462406,0.5082863304901418,0.2084422960297824,1.0740164689729872,0.5306720668297231,0.0,0.019999999999999574,,,0.0,0.0,0.0
profile1d_linear__robust_ossm_ekf,36_3,cohface_36_3,data/cohface_36_3.pkl,0.48,0.6,0.82,0.3205303446429953,4.528486684365855,0.21,0.25,0.77,10.890733160774356,0.09799419,0.5028571428571429,0.0845455012826949,0.0,0.0,1.0,profile1d_linear,robust_ossm_ekf,profile1d_linear__kfstd,0.47,0.24,,,0.553549467872646,0.1474644077085476,0.4647554174076209,0.3257482316774348,0.0089795918367346,1.0,1.2801823746462406,1.0,1.0,1.0754276737353288,0.61512871551869,0.010000000000000009,-0.03,,,0.0,1.0,0.0
profile1d_quadratic__robust_ossm_ekf,36_3,cohface_36_3,data/cohface_36_3.pkl,0.54,0.68,0.77,0.3443619925035914,3.4791041969308933,0.48,0.61,0.66,8.512119622814122,0.17298101,0.5028571428571429,0.0778778773302344,0.0,0.0,1.0,profile1d_quadratic,robust_ossm_ekf,profile1d_quadratic__kfstd,0.5,0.46,,,0.553549467872646,0.1474644077085476,0.4962290620453915,0.2797351735191559,0.0163265306122449,1.0,1.2801823746462406,1.0,1.0,1.07610837220297,0.6171059311776157,0.040000000000000036,0.019999999999999962,,,0.0,0.0,0.0
profile1d_cubic__robust_ossm_ekf,36_3,cohface_36_3,data/cohface_36_3.pkl,0.54,0.69,0.77,0.3460383394730921,3.3940635974757427,0.48,0.61,0.65,8.442411800555568,0.18016608,0.5012244897959184,0.0775011314919696,0.0,0.0,1.0,profile1d_cubic,robust_ossm_ekf,profile1d_cubic__kfstd,0.5,0.47,,,0.553549467872646,0.1474644077085476,0.4903070814481721,0.277973854059621,0.0204081632653061,1.0,1.2801823746462406,1.0,1.0,1.0761406789622463,0.6322220074647951,0.040000000000000036,0.010000000000000009,,,0.0,0.0,0.0
of_farneback__robust_ossm_ekf,28_1,cohface_28_1,data/cohface_28_1.pkl,0.58,0.72,0.74,0.490468927148598,2.912869875666132,0.36,0.4,0.79,4.938508672096424,0.07013781,0.0131147540983606,0.1485395085624233,0.0,0.0,1.0,of_farneback,robust_ossm_ekf,of_farneback__kfstd,0.59,0.37,,,0.5899274200560717,0.2838581003740859,0.3102448060363234,0.2007263536408548,0.0098360655737704,1.0,1.5393303907107632,1.0,1.0,1.070764402801578,0.4233609456288289,-0.010000000000000009,-0.010000000000000009,,,1.0,1.0,1.0
dof__robust_ossm_ekf,28_1,cohface_28_1,data/cohface_28_1.pkl,0.52,0.65,0.77,0.4237303029721019,3.8538924526640574,0.48,0.56,0.69,3.364978910082627,0.11281984,0.2581967213114754,0.1444250549902907,0.0,0.0,1.0,dof,robust_ossm_ekf,dof__kfstd,0.47,0.27,,,0.5899274200560717,0.2838581003740859,0.322696162279704,0.3331092337848352,0.0032786885245901,1.6582103073033614,1.5393303907107632,0.5513333468778754,0.288551270191945,1.0744233284483673,0.49624710751920675,0.050000000000000044,0.20999999999999996,,,0.0,0.0,0.0
profile1d_linear__robust_ossm_ekf,28_1,cohface_28_1,data/cohface_28_1.pkl,0.99,1.19,0.28,0.6002937986323231,-1.4798657102259605,7.67,8.01,-0.28,5.473434949552924,1.2725469,0.2901639344262295,0.2904323208086259,0.0,0.0,1.0,profile1d_linear,robust_ossm_ekf,profile1d_linear__kfstd,0.95,7.81,,,0.5899274200560717,0.2838581003740859,0.3932730257627482,0.2495532577971595,0.010655737704918,1.0,1.5393303907107632,1.0,1.0,1.0591905510998136,0.594540262265005,0.040000000000000036,-0.13999999999999968,,,0.0,1.0,0.0
profile1d_quadratic__robust_ossm_ekf,28_1,cohface_28_1,data/cohface_28_1.pkl,0.54,0.68,0.77,0.403782912458148,3.388069513224776,0.41,0.49,0.55,7.251259210768505,0.08058648,0.1032786885245901,0.1001458875177287,0.0,0.0,1.0,profile1d_quadratic,robust_ossm_ekf,profile1d_quadratic__kfstd,0.5,0.4,,,0.5899274200560717,0.2838581003740859,0.3218063608143132,0.2886409405012103,0.0024590163934426,1.0,1.5393303907107632,1.0,1.0,1.074167482732313,0.4653225183101503,0.040000000000000036,0.009999999999999953,,,0.0,0.0,0.0
profile1d_cubic__robust_ossm_ekf,28_1,cohface_28_1,data/cohface_28_1.pkl,0.54,0.68,0.77,0.4156635653896764,3.3415962880437897,0.39,0.48,0.61,7.145990762024216,0.07791869,0.0844262295081967,0.1032063370566109,0.0,0.0,1.0,profile1d_cubic,robust_ossm_ekf,profile1d_cubic__kfstd,0.5,0.41,,,0.5899274200560717,0.2838581003740859,0.3195573008025779,0.2779039320200009,0.0032786885245901,1.0,1.5393303907107632,1.0,1.0,1.073871407345499,0.4584729184483846,0.040000000000000036,-0.019999999999999962,,,0.0,1.0,0.0
of_farneback__robust_ossm_ekf,31_0,cohface_31_0,data/cohface_31_0.pkl,0.51,0.68,0.77,0.4261898236340958,3.4234671183125043,0.15,0.18,0.99,7.941241086707228,0.08889029,0.1461847389558233,0.1807017041665793,0.0,0.0,1.0,of_farneback,robust_ossm_ekf,of_farneback__kfstd,0.5,0.15,,,0.6620265485735917,0.1851967008313641,0.3594960449678332,0.4436292111144505,0.0096385542168674,1.0,1.351873731579592,1.0,1.0,1.0673256040810557,0.5468143545677383,0.010000000000000009,0.0,,,0.0,0.0,0.0
dof__robust_ossm_ekf,31_0,cohface_31_0,data/cohface_31_0.pkl,0.63,0.91,0.59,0.4471379375427833,0.9684898988931484,0.32,0.38,0.96,7.015540473826586,0.11308325,0.0682730923694779,0.1265634622214667,0.0,0.0,1.0,dof,robust_ossm_ekf,dof__kfstd,0.66,0.45,,,0.6620265485735917,0.1851967008313641,0.345002602089215,0.3644621337652553,0.0,1.81251916294501,1.351873731579592,0.5241091723572294,0.2403127551854433,1.0760849364468577,0.43774923342610583,-0.030000000000000027,-0.13,,,1.0,1.0,1.0
profile1d_linear__robust_ossm_ekf,31_0,cohface_31_0,data/cohface_31_0.pkl,0.53,0.76,0.7,0.4359533239555839,2.477594785938309,0.25,0.3,0.99,10.340005767335416,0.09630851,0.2273092369477911,0.0727686620245098,0.0,0.0,1.0,profile1d_linear,robust_ossm_ekf,profile1d_linear__kfstd,0.53,0.29,,,0.6620265485735917,0.1851967008313641,0.3312676689679122,0.4071918629690655,0.0072289156626506,1.0,1.351873731579592,1.0,1.0,1.0770452489817186,0.46849971585690164,0.0,-0.03999999999999998,,,0.0,1.0,0.0
profile1d_quadratic__robust_ossm_ekf,31_0,cohface_31_0,data/cohface_31_0.pkl,0.38,0.49,0.88,0.3380221940790761,6.240640469195114,0.17,0.21,0.99,9.775924519984054,0.034606855,0.1405622489959839,0.0812608206860879,0.0,0.0,1.0,profile1d_quadratic,robust_ossm_ekf,profile1d_quadratic__kfstd,0.39,0.27,,,0.6620265485735917,0.1851967008313641,0.3464884053511651,0.4438430692944272,0.0096385542168674,1.0,1.351873731579592,1.0,1.0,1.0757068697159125,0.5251357336275669,-0.010000000000000009,-0.1,,,1.0,1.0,1.0
profile1d_cubic__robust_ossm_ekf,31_0,cohface_31_0,data/cohface_31_0.pkl,0.38,0.49,0.88,0.3370747410560569,6.248470981546913,0.17,0.21,0.99,9.727398340918649,0.03352709,0.1469879518072289,0.0830732305650484,0.0,0.0,1.0,profile1d_cubic,robust_ossm_ekf,profile1d_cubic__kfstd,0.38,0.27,,,0.6620265485735917,0.1851967008313641,0.3471813550474676,0.4483546653925142,0.0072289156626506,1.0,1.351873731579592,1.0,1.0,1.0755467268160972,0.5194180361074453,0.0,-0.1,,,0.0,1.0,0.0
of_farneback__robust_ossm_ekf,34_3,cohface_34_3,data/cohface_34_3.pkl,0.5,0.62,0.81,0.4093651934636215,4.055183100621155,0.22,0.27,0.98,5.65280094525937,0.08291471,0.0180032733224222,0.0712554794527014,0.0,0.0,1.0,of_farneback,robust_ossm_ekf,of_farneback__kfstd,0.5,0.21,,,0.6223224675814254,0.1126527753687331,0.2833534750698488,0.1206342153659904,0.0049099836333878,1.0,1.214040273200593,1.0,1.0,1.0769267996229897,0.1858752440349807,0.0,0.010000000000000009,,,0.0,0.0,0.0
dof__robust_ossm_ekf,34_3,cohface_34_3,data/cohface_34_3.pkl,0.71,0.9,0.56,0.5641360230367505,1.0062015424739603,3.88,5.07,-0.69,3.9444440669913,0.26763642,0.2119476268412438,0.1957957894522205,0.0,0.0,1.0,dof,robust_ossm_ekf,dof__kfstd,0.68,0.87,,,0.6223224675814254,0.1126527753687331,0.3371161359867283,0.310232511763121,0.0098199672667757,1.765826514162787,1.214040273200593,0.5189412923523751,0.2944550840331169,1.0714221074902115,0.4070904888940913,0.029999999999999916,3.01,,,0.0,0.0,0.0
profile1d_linear__robust_ossm_ekf,34_3,cohface_34_3,data/cohface_34_3.pkl,0.66,0.85,0.64,0.4970463444317131,1.4000228857500694,3.2,6.18,-0.47,4.730496062953311,0.086551264,0.1407528641571195,0.1504130811368406,0.0,0.0,1.0,profile1d_linear,robust_ossm_ekf,profile1d_linear__kfstd,0.59,0.6,,,0.6223224675814254,0.1126527753687331,0.2826909085848057,0.1080357814587691,0.013911620294599,1.0,1.214040273200593,1.0,1.0,1.0705095197650851,0.21296957613814485,0.07000000000000006,2.6,,,0.0,0.0,0.0
profile1d_quadratic__robust_ossm_ekf,34_3,cohface_34_3,data/cohface_34_3.pkl,0.51,0.62,0.81,0.4345625427055866,4.091319151793381,0.29,0.35,0.96,5.890100001333373,0.20949051,0.025368248772504,0.0660493559327185,0.0,0.0,1.0,profile1d_quadratic,robust_ossm_ekf,profile1d_quadratic__kfstd,0.5,0.3,,,0.6223224675814254,0.1126527753687331,0.2865161958842956,0.1183145339750284,0.0081833060556464,1.0,1.214040273200593,1.0,1.0,1.0771957780139765,0.2027651631047812,0.010000000000000009,-0.010000000000000009,,,0.0,1.0,0.0
profile1d_cubic__robust_ossm_ekf,34_3,cohface_34_3,data/cohface_34_3.pkl,0.51,0.63,0.8,0.4358487303354111,3.999024478796911,0.31,0.37,0.95,6.020267064527456,0.21718976,0.0245499181669394,0.0705800714783918,0.0,0.0,1.0,profile1d_cubic,robust_ossm_ekf,profile1d_cubic__kfstd,0.5,0.32,,,0.6223224675814254,0.1126527753687331,0.29016119115217,0.1132593596178536,0.0090016366612111,1.0,1.214040273200593,1.0,1.0,1.076783325164065,0.20913665031459747,0.010000000000000009,-0.010000000000000009,,,0.0,1.0,0.0
of_farneback__robust_ossm_ekf,5_3,cohface_5_3,data/cohface_5_3.pkl,0.7,0.82,0.64,0.5316005892004588,1.964722268437487,0.18,0.22,0.95,3.3876506149780488,0.41568315,0.3018242122719735,0.35771825643709,0.0,0.0,1.0,of_farneback,robust_ossm_ekf,of_farneback__kfstd,0.71,0.17,,,0.3551953316580868,0.1761028490279076,0.4172015832268317,0.3671957185940097,0.0215588723051409,1.0,1.3345954131530249,1.0,1.0,1.0577646557698286,0.7639197008743341,-0.010000000000000009,0.009999999999999981,,,1.0,0.0,0.0
dof__robust_ossm_ekf,5_3,cohface_5_3,data/cohface_5_3.pkl,0.85,1.08,0.43,0.5294273740607747,-0.5767194334685679,7.89,8.89,0.73,2.708617425064157,1.3942393,0.1434494195688225,0.1866198431390883,0.0,0.0,1.0,dof,robust_ossm_ekf,dof__kfstd,0.88,6.6,,,0.3551953316580868,0.1761028490279076,0.3433918757524126,0.2617315311704464,0.0049751243781094,1.6822818230760297,1.3345954131530249,0.477970689614039,0.2817984407002732,1.0706645415228884,0.5124497985159726,-0.030000000000000027,1.29,,,1.0,0.0,0.0
profile1d_linear__robust_ossm_ekf,5_3,cohface_5_3,data/cohface_5_3.pkl,0.31,0.43,0.91,0.2635409606636796,7.418456351437427,0.15,0.19,0.95,16.529404773976065,0.082772575,0.011608623548922,0.0179116370566622,0.0,0.0,1.0,profile1d_linear,robust_ossm_ekf,profile1d_linear__kfstd,0.31,0.14,,,0.3551953316580868,0.1761028490279076,0.3411934875320345,0.332298637471232,0.0074626865671641,1.0,1.3345954131530249,1.0,1.0,1.081612756885561,0.5601691007736987,0.0,0.009999999999999981,,,0.0,0.0,0.0
profile1d_quadratic__robust_ossm_ekf,5_3,cohface_5_3,data/cohface_5_3.pkl,0.31,0.44,0.91,0.2907206687583625,7.216141959281118,0.09,0.11,0.97,14.290599253841938,0.045606688,0.0,0.0296863997068459,0.0,0.0,1.0,profile1d_quadratic,robust_ossm_ekf,profile1d_quadratic__kfstd,0.31,0.09,,,0.3551953316580868,0.1761028490279076,0.3474732227058061,0.3529220761668977,0.0,1.0,1.3345954131530249,1.0,1.0,1.0805117591312654,0.5533075245082774,0.0,0.0,,,0.0,0.0,0.0
profile1d_cubic__robust_ossm_ekf,5_3,cohface_5_3,data/cohface_5_3.pkl,0.32,0.44,0.9,0.2957172570256803,7.104580117612036,0.09,0.11,0.97,14.390761204195016,0.044852626,0.0,0.0300519217997105,0.0,0.0,1.0,profile1d_cubic,robust_ossm_ekf,profile1d_cubic__kfstd,0.31,0.09,,,0.3551953316580868,0.1761028490279076,0.3484287965504921,0.3552225462654612,0.0008291873963515,1.0,1.3345954131530249,1.0,1.0,1.080477850131327,0.5595457542882389,0.010000000000000009,0.0,,,0.0,0.0,0.0
of_farneback__robust_ossm_ekf,4_1,cohface_4_1,data/cohface_4_1.pkl,0.46,0.61,0.82,0.3741970064793791,4.416784700529316,0.34,0.59,0.89,4.950727236879329,0.12893124,0.1267605633802817,0.1246312626806361,0.0,0.0,1.0,of_farneback,robust_ossm_ekf,of_farneback__kfstd,0.46,0.34,,,0.4986043729381317,0.2268388178011264,0.3010456123361982,0.4124624771516432,0.008285004142502,1.0,1.4309937538221402,1.0,1.0,1.073315712981584,0.5232301324684451,0.0,0.0,,,0.0,0.0,0.0
dof__robust_ossm_ekf,4_1,cohface_4_1,data/cohface_4_1.pkl,0.83,1.05,0.43,0.3895703483467719,-0.7630317188290813,1.99,2.42,0.86,2.5512262248000126,0.21113713,0.1549295774647887,0.2141552978315597,0.0,0.0,1.0,dof,robust_ossm_ekf,dof__kfstd,0.82,1.47,,,0.4986043729381317,0.2268388178011264,0.3329782796571673,0.4176311722401531,0.004142502071251,1.6141097997850344,1.4309937538221402,0.5392074244039023,0.2631699376502632,1.0688769883084943,0.5634082930691017,0.010000000000000009,0.52,,,0.0,0.0,0.0
profile1d_linear__robust_ossm_ekf,4_1,cohface_4_1,data/cohface_4_1.pkl,0.31,0.45,0.9,0.2568119172877952,7.093846933112079,0.16,0.19,0.99,7.762837536747838,0.060979195,0.1043910521955261,0.1060278138240417,0.0,0.0,1.0,profile1d_linear,robust_ossm_ekf,profile1d_linear__kfstd,0.3,0.25,,,0.4986043729381317,0.2268388178011264,0.3022993753924063,0.4361482942259283,0.0099420049710024,1.0,1.4309937538221402,1.0,1.0,1.074240919245104,0.5458390134071083,0.010000000000000009,-0.09,,,0.0,1.0,0.0
profile1d_quadratic__robust_ossm_ekf,4_1,cohface_4_1,data/cohface_4_1.pkl,0.49,0.63,0.8,0.3544352002431262,4.066981155220063,0.22,0.26,0.99,7.845407895939719,0.19086571,0.0985915492957746,0.0496303295081251,0.0,0.0,1.0,profile1d_quadratic,robust_ossm_ekf,profile1d_quadratic__kfstd,0.45,0.31,,,0.4986043729381317,0.2268388178011264,0.2536527238077189,0.4415214787565245,0.0024855012427506,1.0,1.4309937538221402,1.0,1.0,1.0787808503752752,0.43794791062372207,0.03999999999999998,-0.09,,,0.0,1.0,0.0
profile1d_cubic__robust_ossm_ekf,4_1,cohface_4_1,data/cohface_4_1.pkl,0.34,0.44,0.91,0.3084063695518526,7.296748804787186,0.21,0.27,0.99,7.70567683578613,0.18910562,0.0994200497100248,0.0497046697936146,0.0,0.0,1.0,profile1d_cubic,robust_ossm_ekf,profile1d_cubic__kfstd,0.35,0.31,,,0.4986043729381317,0.2268388178011264,0.2547889058073722,0.4428651416971701,0.0057995028997514,1.0,1.4309937538221402,1.0,1.0,1.078776271219609,0.4537592410593905,-0.009999999999999953,-0.1,,,1.0,1.0,1.0
of_farneback__robust_ossm_ekf,16_1,cohface_16_1,data/cohface_16_1.pkl,0.55,0.67,0.77,0.3926679521557242,3.5676463766355337,0.17,0.19,0.43,11.82159117072603,0.15854742,0.1502423263327948,0.530408256564353,0.0,0.0,1.0,of_farneback,robust_ossm_ekf,of_farneback__kfstd,0.54,0.17,,,0.738396419415352,0.2355649655948604,0.4123997396243346,0.5155495127040546,0.0096930533117932,1.0,1.447573434630235,0.9959612277867528,0.9959612277867528,1.0571506729441391,0.6752802299342623,0.010000000000000009,0.0,,,0.0,0.0,0.0
dof__robust_ossm_ekf,16_1,cohface_16_1,data/cohface_16_1.pkl,0.96,1.19,0.26,0.5571414176951507,-1.532298609104474,5.82,7.01,0.77,2.1081199104945085,0.89055693,0.048465266558966,0.2518520054088143,0.0,0.0,1.0,dof,robust_ossm_ekf,dof__kfstd,0.82,0.8,,,0.738396419415352,0.2355649655948604,0.3444951892438898,0.4471198621697209,0.0032310177705977,1.620954013940762,1.447573434630235,0.620437433800252,0.2818535586235638,1.0653004533581802,0.5030448465463745,0.14,5.0200000000000005,,,0.0,0.0,0.0
profile1d_linear__robust_ossm_ekf,16_1,cohface_16_1,data/cohface_16_1.pkl,0.29,0.38,0.93,0.2556915980922111,8.39072228294023,0.11,0.16,0.8,18.519538162785864,0.014051892,0.0977382875605815,0.1239062415743006,0.0,0.0,1.0,profile1d_linear,robust_ossm_ekf,profile1d_linear__kfstd,0.26,0.13,,,0.738396419415352,0.2355649655948604,0.3828871270069806,0.3539583612578643,0.0064620355411954,1.0,1.447573434630235,1.0,1.0,1.0725072013505583,0.5253214306525127,0.02999999999999997,-0.020000000000000004,,,0.0,1.0,0.0
profile1d_quadratic__robust_ossm_ekf,16_1,cohface_16_1,data/cohface_16_1.pkl,0.28,0.36,0.94,0.2406374127666918,8.957532200956427,0.07,0.1,0.92,21.641706718467816,0.0079456605,0.1082390953150242,0.1077327930492596,0.0,0.0,1.0,profile1d_quadratic,robust_ossm_ekf,profile1d_quadratic__kfstd,0.24,0.08,,,0.738396419415352,0.2355649655948604,0.3946050317048205,0.4262212099566658,0.0080775444264943,1.0,1.447573434630235,1.0,1.0,1.07328651087656,0.593915937607098,0.040000000000000036,-0.009999999999999995,,,0.0,1.0,0.0
profile1d_cubic__robust_ossm_ekf,16_1,cohface_16_1,data/cohface_16_1.pkl,0.28,0.37,0.93,0.2427112973249935,8.787901028262507,0.07,0.1,0.93,21.050659080828176,0.008768426,0.1066235864297253,0.1039895165209804,0.0,0.0,1.0,profile1d_cubic,robust_ossm_ekf,profile1d_cubic__kfstd,0.24,0.08,,,0.738396419415352,0.2355649655948604,0.3927814777276221,0.4328403982700485,0.0105008077544426,1.0,1.447573434630235,1.0,1.0,1.073629412830996,0.6043476877763236,0.040000000000000036,-0.009999999999999995,,,0.0,1.0,0.0
of_farneback__robust_ossm_ekf,25_0,cohface_25_0,data/cohface_25_0.pkl,0.43,0.54,0.86,0.3646429249295216,5.379928480620476,0.12,0.16,0.98,8.849786172475408,0.088846594,0.0932684509326845,0.2322372930376524,0.0,0.0,1.0,of_farneback,robust_ossm_ekf,of_farneback__kfstd,0.41,0.12,,,0.9997408985442944,0.2824766093368795,0.2815188518686395,0.4127125785285617,0.0145985401459854,1.0,1.5367055577400712,1.0,1.0,1.063175978763624,0.41270636091880936,0.020000000000000018,0.0,,,0.0,0.0,0.0
dof__robust_ossm_ekf,25_0,cohface_25_0,data/cohface_25_0.pkl,0.39,0.49,0.88,0.344623238280237,6.155423456314699,0.2,0.23,0.98,11.983491471507785,0.14671317,0.291970802919708,0.066133045513439,0.0,0.0,1.0,dof,robust_ossm_ekf,dof__kfstd,0.4,0.2,,,0.9997408985442944,0.2824766093368795,0.2566560760762744,0.4576227239556176,0.0024330900243309,1.51895536788314,1.5367055577400712,0.6787006964477914,0.2624710328784143,1.0818859409992168,0.3493327440612066,-0.010000000000000009,0.0,,,1.0,0.0,0.0
profile1d_linear__robust_ossm_ekf,25_0,cohface_25_0,data/cohface_25_0.pkl,0.36,0.45,0.9,0.3181638144721188,6.862600960414413,0.23,0.29,0.94,9.73620228414985,0.05955199,0.0032441200324412,0.048845673185664,0.0,0.0,1.0,profile1d_linear,robust_ossm_ekf,profile1d_linear__kfstd,0.35,0.22,,,0.9997408985442944,0.2824766093368795,0.2729598241763138,0.4672825358006023,0.0032441200324412,1.0,1.5367055577400712,1.0,1.0,1.0786845428894014,0.38556130107971814,0.010000000000000009,0.010000000000000009,,,0.0,0.0,0.0
profile1d_quadratic__robust_ossm_ekf,25_0,cohface_25_0,data/cohface_25_0.pkl,0.37,0.49,0.88,0.3239155589914919,6.096534124767851,0.16,0.23,0.95,10.239089145984918,0.068969935,0.0454176804541768,0.1172505019579024,0.0,0.0,1.0,profile1d_quadratic,robust_ossm_ekf,profile1d_quadratic__kfstd,0.31,0.14,,,0.9997408985442944,0.2824766093368795,0.2691752818804318,0.4141058824355725,0.0024330900243309,1.0,1.5367055577400712,1.0,1.0,1.0725721005118,0.34468979816068446,0.06,0.01999999999999999,,,0.0,0.0,0.0
profile1d_cubic__robust_ossm_ekf,25_0,cohface_25_0,data/cohface_25_0.pkl,0.38,0.5,0.88,0.3290122440970787,6.020185444285532,0.15,0.22,0.96,10.14266347351498,0.06783049,0.0502838605028386,0.124965334843179,0.0,0.0,1.0,profile1d_cubic,robust_ossm_ekf,profile1d_cubic__kfstd,0.31,0.14,,,0.9997408985442944,0.2824766093368795,0.2693637607757395,0.4153954735704391,0.0056772100567721,1.0,1.5367055577400712,1.0,1.0,1.0719017244119122,0.3586040967131104,0.07,0.009999999999999981,,,0.0,0.0,0.0
of_farneback__robust_ossm_ekf,29_2,cohface_29_2,data/cohface_29_2.pkl,0.52,0.67,0.77,0.437679798808153,3.468048209050718,1.36,2.55,-0.72,10.5153677853807,0.14835425,0.031810766721044,0.2546622021153691,0.0,0.0,1.0,of_farneback,robust_ossm_ekf,of_farneback__kfstd,0.51,1.36,,,0.5057326739122293,0.2369920968572843,0.319932617863431,0.3997870672418877,0.0122349102773246,1.0,1.4502849840288403,1.0,1.0,1.062397073489687,0.5674388701117893,0.010000000000000009,0.0,,,0.0,0.0,0.0
dof__robust_ossm_ekf,29_2,cohface_29_2,data/cohface_29_2.pkl,0.44,0.63,0.8,0.3839829210187633,3.995536626558722,1.22,2.49,-0.59,9.656557702612748,0.1642369,0.3230016313213703,0.0889864439266486,0.0,0.0,1.0,dof,robust_ossm_ekf,dof__kfstd,0.43,0.52,,,0.5057326739122293,0.2369920968572843,0.2919526986448733,0.4691568385892125,0.0,1.839995265931188,1.4502849840288403,0.4584335342107615,0.1518974110796629,1.079785925300029,0.5129703488216685,0.010000000000000009,0.7,,,0.0,0.0,0.0
profile1d_linear__robust_ossm_ekf,29_2,cohface_29_2,data/cohface_29_2.pkl,0.63,0.95,0.55,0.4386472240508277,0.4991416154292755,0.58,1.09,0.79,11.485031325115596,0.07301668,0.1084828711256117,0.1610815752631312,0.0,0.0,1.0,profile1d_linear,robust_ossm_ekf,profile1d_linear__kfstd,0.59,0.58,,,0.5057326739122293,0.2369920968572843,0.3382709721285428,0.4130904099571246,0.0146818923327895,1.0,1.4502849840288403,1.0,1.0,1.0698161360814042,0.6156982434718727,0.040000000000000036,0.0,,,0.0,0.0,0.0
profile1d_quadratic__robust_ossm_ekf,29_2,cohface_29_2,data/cohface_29_2.pkl,0.36,0.48,0.89,0.3392441408136802,6.456214913262328,1.01,2.25,-0.36,12.886264807212092,0.10219294,0.030995106035889,0.1361814050419258,0.0,0.0,1.0,profile1d_quadratic,robust_ossm_ekf,profile1d_quadratic__kfstd,0.39,1.08,,,0.5057326739122293,0.2369920968572843,0.3181309634968537,0.3768038093543812,0.0097879282218597,1.0,1.4502849840288403,1.0,1.0,1.0707529983298578,0.5411989155900006,-0.030000000000000027,-0.07000000000000006,,,1.0,1.0,1.0
profile1d_cubic__robust_ossm_ekf,29_2,cohface_29_2,data/cohface_29_2.pkl,0.36,0.48,0.89,0.3424226276170376,6.399765830838321,1.03,2.29,-0.39,13.02688233668036,0.1092216,0.0293637846655791,0.1421953001478098,0.0,0.0,1.0,profile1d_cubic,robust_ossm_ekf,profile1d_cubic__kfstd,0.39,1.08,,,0.5057326739122293,0.2369920968572843,0.3169540851675531,0.3749981489102152,0.0097879282218597,1.0,1.4502849840288403,1.0,1.0,1.070240394687006,0.5381627031142304,-0.030000000000000027,-0.050000000000000044,,,1.0,1.0,1.0
of_farneback__robust_ossm_ekf,21_3,cohface_21_3,data/cohface_21_3.pkl,0.81,0.97,0.54,0.5511556908604089,0.3640549674247538,3.47,4.7,0.13,3.2344454484255567,0.14622506,0.0387469084913437,0.3640644178486594,0.0,0.0,1.0,of_farneback,robust_ossm_ekf,of_farneback__kfstd,0.82,3.45,,,0.5036566009964386,0.335920486613235,0.3402696222975366,0.3304934553440791,0.0189612530915086,1.0,1.6382489245651464,0.9958779884583676,0.9958779884583676,1.0641279009294349,0.6597857916102445,-0.009999999999999898,0.020000000000000018,,,1.0,0.0,0.0
dof__robust_ossm_ekf,21_3,cohface_21_3,data/cohface_21_3.pkl,0.79,1.0,0.5,0.5733870816983123,0.0208261328941378,5.97,7.32,-0.33,5.052992094479993,0.82734585,0.5193734542456719,0.2059736260859698,0.0,0.0,1.0,dof,robust_ossm_ekf,dof__kfstd,0.69,5.17,,,0.5036566009964386,0.335920486613235,0.3335076958649976,0.4584023415788323,0.0024732069249793,1.6285061731793131,1.6382489245651464,0.5474677045067297,0.2461993774543966,1.069143317990543,0.6585286069137205,0.10000000000000009,0.7999999999999998,,,0.0,0.0,0.0
profile1d_linear__robust_ossm_ekf,21_3,cohface_21_3,data/cohface_21_3.pkl,0.97,1.17,0.35,0.4671867563227859,-1.197121053654984,3.94,4.48,-0.17,4.907746677267969,0.5264106,0.1286067600989282,0.0855013694830799,0.0,0.0,1.0,profile1d_linear,robust_ossm_ekf,profile1d_linear__kfstd,0.93,3.93,,,0.5036566009964386,0.335920486613235,0.3186138598957081,0.3261443890882202,0.0082440230832646,1.0,1.6382489245651464,1.0,1.0,1.0753647393361947,0.5785088392668926,0.039999999999999925,0.009999999999999787,,,0.0,0.0,0.0
profile1d_quadratic__robust_ossm_ekf,21_3,cohface_21_3,data/cohface_21_3.pkl,0.85,1.04,0.47,0.5318399524783789,-0.2906616791761737,4.18,5.03,-0.36,4.960419642438817,0.31914502,0.1838417147568013,0.0710789096135512,0.0,0.0,1.0,profile1d_quadratic,robust_ossm_ekf,profile1d_quadratic__kfstd,0.8,3.53,,,0.5036566009964386,0.335920486613235,0.3407649249109993,0.2347581928558461,0.0082440230832646,1.0,1.6382489245651464,1.0,1.0,1.0766912476266648,0.5618195543216421,0.04999999999999993,0.6499999999999999,,,0.0,0.0,0.0
profile1d_cubic__robust_ossm_ekf,21_3,cohface_21_3,data/cohface_21_3.pkl,0.84,1.03,0.47,0.537222417636582,-0.2428289150725539,4.3,5.23,-0.36,4.968702336337217,0.3414371,0.169002473206925,0.0695056325960337,0.0,0.0,1.0,profile1d_cubic,robust_ossm_ekf,profile1d_cubic__kfstd,0.8,3.24,,,0.5036566009964386,0.335920486613235,0.3412182003625167,0.2335742208756013,0.009068425391591,1.0,1.6382489245651464,1.0,1.0,1.0768358523476456,0.5651447257864988,0.039999999999999925,1.0599999999999996,,,0.0,0.0,0.0
of_farneback__robust_ossm_ekf,3_3,cohface_3_3,data/cohface_3_3.pkl,0.61,0.85,0.62,0.4594775779176453,1.4923461898623238,1.06,1.48,0.74,3.768093360909476,0.25810906,0.1051324503311258,0.4335187499500505,0.0,0.0,1.0,of_farneback,robust_ossm_ekf,of_farneback__kfstd,0.6,1.07,,,0.5227842972237089,0.1968932779307176,0.3490891142362137,0.4191511348825382,0.0124172185430463,1.0,1.3740972280683634,0.9942052980132452,0.9942052980132452,1.064556543545112,0.5923320380420551,0.010000000000000009,-0.010000000000000009,,,0.0,1.0,0.0
dof__robust_ossm_ekf,3_3,cohface_3_3,data/cohface_3_3.pkl,0.93,1.16,0.26,0.4846036229797659,-1.2066756236067824,9.21,9.78,0.5,0.9446304650555872,1.5215027,0.0041390728476821,0.234360475878272,0.0,0.0,1.0,dof,robust_ossm_ekf,dof__kfstd,0.91,4.51,,,0.5227842972237089,0.1968932779307176,0.3219109534667907,0.3355541710728918,0.0049668874172185,1.577138081889865,1.3740972280683634,0.557516527317912,0.3151691152103318,1.066465940603748,0.4680547914114771,0.020000000000000018,4.700000000000001,,,0.0,0.0,0.0
profile1d_linear__robust_ossm_ekf,3_3,cohface_3_3,data/cohface_3_3.pkl,0.45,0.57,0.84,0.3951813341058339,4.958619506454262,0.81,1.49,0.79,8.604379819012802,0.1384629,0.0082781456953642,0.0327722910042298,0.0,0.0,1.0,profile1d_linear,robust_ossm_ekf,profile1d_linear__kfstd,0.45,0.75,,,0.5227842972237089,0.1968932779307176,0.2606450730888821,0.4570417228893119,0.0016556291390728,1.0,1.3740972280683634,1.0,1.0,1.080210880458701,0.4237996107722479,0.0,0.06000000000000005,,,0.0,0.0,0.0
profile1d_quadratic__robust_ossm_ekf,3_3,cohface_3_3,data/cohface_3_3.pkl,0.41,0.59,0.82,0.3888576619200016,4.597285137473206,0.65,1.38,0.82,8.752092776605345,0.15016103,0.0024834437086092,0.0312775636820603,0.0,0.0,1.0,profile1d_quadratic,robust_ossm_ekf,profile1d_quadratic__kfstd,0.42,0.64,,,0.5227842972237089,0.1968932779307176,0.2625651291861343,0.4105290625308438,0.0033112582781456,1.0,1.3740972280683634,1.0,1.0,1.0803664568435325,0.4061773507892425,-0.010000000000000009,0.010000000000000009,,,1.0,0.0,0.0
profile1d_cubic__robust_ossm_ekf,3_3,cohface_3_3,data/cohface_3_3.pkl,0.43,0.61,0.81,0.397090306572721,4.289014511248743,0.81,1.62,0.76,7.974562074573394,0.19371964,0.0024834437086092,0.0319699768166785,0.0,0.0,1.0,profile1d_cubic,robust_ossm_ekf,profile1d_cubic__kfstd,0.43,0.89,,,0.5227842972237089,0.1968932779307176,0.2725664859869913,0.4253311505066063,0.0057947019867549,1.0,1.3740972280683634,1.0,1.0,1.080305442865161,0.4414884716776977,0.0,-0.07999999999999996,,,0.0,1.0,0.0
of_farneback__robust_ossm_ekf,25_1,cohface_25_1,data/cohface_25_1.pkl,0.52,0.62,0.81,0.4679876043457351,4.262800543491064,0.34,0.44,-0.1,10.234291923806072,0.09229943,0.1108374384236453,0.3124174176196683,0.0,0.0,1.0,of_farneback,robust_ossm_ekf,of_farneback__kfstd,0.51,0.34,,,0.9997738099748392,0.3064861569233827,0.3254368699388714,0.3448732037819004,0.01559934318555,1.0,1.5823236981544273,1.0,1.0,1.056624127431638,0.4677059485008853,0.010000000000000009,0.0,,,0.0,0.0,0.0
dof__robust_ossm_ekf,25_1,cohface_25_1,data/cohface_25_1.pkl,0.78,0.99,0.51,0.4887648372134551,0.1083008772222866,3.11,4.18,0.46,1.965631156262678,0.6339612,0.20935960591133,0.141697402263399,0.0,0.0,1.0,dof,robust_ossm_ekf,dof__kfstd,0.76,0.68,,,0.9997738099748392,0.3064861569233827,0.319939088711847,0.3678887110588543,0.0057471264367816,1.605355674682367,1.5823236981544273,0.6750325192299215,0.3470113958505451,1.0746842299563732,0.43305387106513293,0.020000000000000018,2.4299999999999997,,,0.0,0.0,0.0
profile1d_linear__robust_ossm_ekf,25_1,cohface_25_1,data/cohface_25_1.pkl,0.38,0.5,0.88,0.3470368885113379,6.090522801367163,0.26,0.36,0.12,13.509457968644153,0.06001324,0.0188834154351395,0.0814653188670071,0.0,0.0,1.0,profile1d_linear,robust_ossm_ekf,profile1d_linear__kfstd,0.36,0.23,,,0.9997738099748392,0.3064861569233827,0.2917534977927964,0.3767428422806595,0.0024630541871921,1.0,1.5823236981544273,1.0,1.0,1.075650304231801,0.37802422461635604,0.020000000000000018,0.03,,,0.0,0.0,0.0
profile1d_quadratic__robust_ossm_ekf,25_1,cohface_25_1,data/cohface_25_1.pkl,0.35,0.45,0.9,0.3295929062594643,6.900690019365939,0.12,0.22,0.66,11.015867385372628,0.042709947,0.0722495894909688,0.1774633283676939,0.0,0.0,1.0,profile1d_quadratic,robust_ossm_ekf,profile1d_quadratic__kfstd,0.35,0.14,,,0.9997738099748392,0.3064861569233827,0.3140333554707941,0.3466018442426601,0.0057471264367816,1.0,1.5823236981544273,1.0,1.0,1.067180428010441,0.4106174887373868,0.0,-0.020000000000000018,,,0.0,1.0,0.0
profile1d_cubic__robust_ossm_ekf,25_1,cohface_25_1,data/cohface_25_1.pkl,0.35,0.46,0.9,0.3341534632304301,6.807349564167318,0.13,0.24,0.57,10.931194729154814,0.040879898,0.1067323481116584,0.1885091515016071,0.0,0.0,1.0,profile1d_cubic,robust_ossm_ekf,profile1d_cubic__kfstd,0.35,0.14,,,0.9997738099748392,0.3064861569233827,0.3172670872920127,0.3501617460694422,0.0049261083743842,1.0,1.5823236981544273,1.0,1.0,1.0662373464905848,0.4148854799042079,0.0,-0.010000000000000009,,,0.0,1.0,0.0
of_farneback__robust_ossm_ekf,30_2,cohface_30_2,data/cohface_30_2.pkl,0.57,0.67,0.78,0.3910321984841241,3.570491604453172,0.13,0.18,0.91,11.76099315021695,0.04718716,0.1347402597402597,0.0653342314374344,0.0,0.0,1.0,of_farneback,robust_ossm_ekf,of_farneback__kfstd,0.57,0.14,,,0.5953836646312541,0.1407746459767353,0.4023713407424525,0.3548523450990204,0.0024350649350649,1.0,1.2674718273557972,1.0,1.0,1.077264846495257,0.5334709545561347,0.0,-0.010000000000000009,,,0.0,1.0,0.0
dof__robust_ossm_ekf,30_2,cohface_30_2,data/cohface_30_2.pkl,0.86,1.04,0.45,0.4932065032042037,-0.0493081925060505,3.28,3.79,0.31,4.825156955669527,0.6346495,0.3506493506493506,0.1108836865988676,0.0,0.0,1.0,dof,robust_ossm_ekf,dof__kfstd,0.84,2.86,,,0.5953836646312541,0.1407746459767353,0.3642758718435855,0.387775242779777,0.0024350649350649,1.8879931551631095,1.2674718273557972,0.4949845912444459,0.2069475452780128,1.0775564112962588,0.48900149256904013,0.020000000000000018,0.41999999999999993,,,0.0,0.0,0.0
profile1d_linear__robust_ossm_ekf,30_2,cohface_30_2,data/cohface_30_2.pkl,0.55,0.79,0.69,0.4066548776565742,2.1447823274162974,0.25,0.38,0.62,15.337779169557695,0.027600506,0.4788961038961039,0.1084957211373175,0.0,0.0,1.0,profile1d_linear,robust_ossm_ekf,profile1d_linear__kfstd,0.5,0.27,,,0.5953836646312541,0.1407746459767353,0.4351363397293661,0.2839119290648012,0.0073051948051948,1.0,1.2674718273557972,1.0,1.0,1.0741930527599517,0.5616213893841062,0.050000000000000044,-0.020000000000000018,,,0.0,1.0,0.0
profile1d_quadratic__robust_ossm_ekf,30_2,cohface_30_2,data/cohface_30_2.pkl,0.43,0.53,0.86,0.3566860378942605,5.596785483868899,0.15,0.21,0.85,17.46770519636452,0.008770546,0.2727272727272727,0.0541699246318751,0.0,0.0,1.0,profile1d_quadratic,robust_ossm_ekf,profile1d_quadratic__kfstd,0.39,0.14,,,0.5953836646312541,0.1407746459767353,0.4140182784332955,0.3609639703804982,0.0,1.0,1.2674718273557972,1.0,1.0,1.0782070426181825,0.5469570050876537,0.03999999999999998,0.009999999999999981,,,0.0,0.0,0.0
profile1d_cubic__robust_ossm_ekf,30_2,cohface_30_2,data/cohface_30_2.pkl,0.44,0.54,0.86,0.3590816900186954,5.474421789053546,0.15,0.21,0.85,17.13646136131902,0.008194209,0.275974025974026,0.0575582302780819,0.0,0.0,1.0,profile1d_cubic,robust_ossm_ekf,profile1d_cubic__kfstd,0.4,0.15,,,0.5953836646312541,0.1407746459767353,0.4123744491203175,0.3634963688549711,0.0,1.0,1.2674718273557972,1.0,1.0,1.0778943202857512,0.5456928991029877,0.03999999999999998,0.0,,,0.0,0.0,0.0
of_farneback__robust_ossm_ekf,13_2,cohface_13_2,data/cohface_13_2.pkl,0.69,0.87,0.61,0.4845196657183486,1.307845254717614,2.44,2.8,-0.23,2.3486223801521717,0.3914311,0.2019308125502815,0.8273322297144476,0.0,1.0,0.0,of_farneback,robust_ossm_ekf,of_farneback__kfstd,0.67,2.41,,,0.3758752924158794,0.1619701916557601,0.4339093585291924,0.3789804479099168,0.0273531777956556,1.0,1.3077433641459442,0.990345937248592,0.990345937248592,1.051456612808866,0.7953424720016941,0.019999999999999907,0.029999999999999805,,,0.0,0.0,0.0
dof__robust_ossm_ekf,13_2,cohface_13_2,data/cohface_13_2.pkl,0.52,0.65,0.78,0.3615939378989888,3.852865640236426,0.94,1.54,0.2,11.166757054338424,0.1603347,0.3218020917135961,0.1271076127945857,0.0,0.0,1.0,dof,robust_ossm_ekf,dof__kfstd,0.54,0.59,,,0.3758752924158794,0.1619701916557601,0.355534117116086,0.4482595779757948,0.0112630732099758,1.8680389461221116,1.3077433641459442,0.4532407502014752,0.1706781292629371,1.076053356852394,0.6515493269300408,-0.020000000000000018,0.35,,,1.0,0.0,0.0
profile1d_linear__robust_ossm_ekf,13_2,cohface_13_2,data/cohface_13_2.pkl,0.38,0.48,0.88,0.3177267689284688,6.431928304803407,0.45,0.89,0.76,10.013665244063096,0.056417696,0.1150442477876106,0.099956385227624,0.0,0.0,1.0,profile1d_linear,robust_ossm_ekf,profile1d_linear__kfstd,0.39,0.8,,,0.3758752924158794,0.1619701916557601,0.3543564150768199,0.4250164759388164,0.0024135156878519,1.0,1.3077433641459442,1.0,1.0,1.0740314514070668,0.6008635633183319,-0.010000000000000009,-0.35000000000000003,,,1.0,1.0,1.0
profile1d_quadratic__robust_ossm_ekf,13_2,cohface_13_2,data/cohface_13_2.pkl,0.37,0.47,0.89,0.3038377271038817,6.587754093093656,0.94,1.89,0.1,7.3847802801228255,0.1519942,0.2316975060337892,0.1207961394505978,0.0,0.0,1.0,profile1d_quadratic,robust_ossm_ekf,profile1d_quadratic__kfstd,0.36,1.33,,,0.3758752924158794,0.1619701916557601,0.3541357870006257,0.4533360987889733,0.0120675784392598,1.0,1.3077433641459442,1.0,1.0,1.0721430783723642,0.6553789746534745,0.010000000000000009,-0.3900000000000001,,,0.0,1.0,0.0
profile1d_cubic__robust_ossm_ekf,13_2,cohface_13_2,data/cohface_13_2.pkl,0.36,0.46,0.89,0.299388528616417,6.780118349091401,0.91,1.87,0.1,7.3308508447246385,0.15026933,0.2236524537409493,0.1189653155475979,0.0,0.0,1.0,profile1d_cubic,robust_ossm_ekf,profile1d_cubic__kfstd,0.36,1.16,,,0.3758752924158794,0.1619701916557601,0.3537492591980115,0.4533723302294932,0.0120675784392598,1.0,1.3077433641459442,1.0,1.0,1.0723136692556074,0.654752380241722,0.0,-0.2499999999999999,,,0.0,1.0,0.0
