timestamp,method,family,trial_number,objective,objective_raw,status,duration_s,split_mode,split_n_selected_trials,norm_mode,prune_stage,run_dir,trial_dir,config_fingerprint,manifest_path,metrics_summary_path,params_json,time_mae,time_dtw,freq_mae,fail_rate,fail_lock,fail_double,invalid_rate,clip_rate,g_t_mean,g_z_eff_mean,alpha_R_mean,nis_mean,lambda_low_frac,coverage95,nis_truefail,nis_overstrict,constraint_penalty
2026-02-27T08:05:17.778350Z,of_farneback__robust_ossm_ekf,robust_ossm_ekf,0,1.4715848409751926,1.4715848409751926,completed,547.0013723373413,subject_kfold,32,raw,,/home/gongjae/Projects/resPyre/robust_ossm_ekf/of_farneback__robust_ossm_ekf/trials/trial_00000/run_workspace/results/trial_00000,/home/gongjae/Projects/resPyre/robust_ossm_ekf/of_farneback__robust_ossm_ekf/trials/trial_00000,de57ac8a37420713,/home/gongjae/Projects/resPyre/robust_ossm_ekf/of_farneback__robust_ossm_ekf/trials/trial_00000/trial_manifest.json,/home/gongjae/Projects/resPyre/robust_ossm_ekf/of_farneback__robust_ossm_ekf/trials/trial_00000/metrics_summary.json,"{""oscillator.g_z_eff_floor_ratio"": 0.282, ""oscillator.post_smooth_alpha"": 0.872, ""oscillator.qf"": 0.000767, ""oscillator.qx"": 0.00282, ""oscillator.rv_floor"": 0.01142, ""oscillator.spec_guidance_strength"": 1.099, ""oscillator.student_t_nu"": 11.0, ""oscillator.tau_env"": 39.2, ""trust.alpha_R_max"": 4.15, ""trust.g_z_floor"": 0.193, ""trust.gate_bias"": 0.634, ""trust.w_gate_nis"": 0.442}",0.645,0.46223251143996624,0.54,0.005652984588103371,0.0,0.0,0.0,0.003152160717003346,0.4001512194209684,0.23349318777884298,2.295977726247942,1.1592607277568217,0.004620956974526657,95.92156685145866,1.0,0.0,8.433703148838255
2026-02-27T08:14:50.006456Z,of_farneback__robust_ossm_ekf,robust_ossm_ekf,1,0.30873123138865294,0.30873123138865294,completed,572.1138293743134,subject_kfold,32,raw,,/home/gongjae/Projects/resPyre/robust_ossm_ekf/of_farneback__robust_ossm_ekf/trials/trial_00001/run_workspace/results/trial_00001,/home/gongjae/Projects/resPyre/robust_ossm_ekf/of_farneback__robust_ossm_ekf/trials/trial_00001,b16fd7c2bd0d2ba6,/home/gongjae/Projects/resPyre/robust_ossm_ekf/of_farneback__robust_ossm_ekf/trials/trial_00001/trial_manifest.json,/home/gongjae/Projects/resPyre/robust_ossm_ekf/of_farneback__robust_ossm_ekf/trials/trial_00001/metrics_summary.json,"{""oscillator.g_z_eff_floor_ratio"": 0.14929337794691191, ""oscillator.post_smooth_alpha"": 0.5233174245580152, ""oscillator.qf"": 0.002133249073808363, ""oscillator.qx"": 0.001598730682735271, ""oscillator.rv_floor"": 0.019489157218621735, ""oscillator.spec_guidance_strength"": 1.134954926080997, ""oscillator.student_t_nu"": 4.716205044866802, ""oscillator.tau_env"": 47.15707149430517, ""trust.alpha_R_max"": 3.58233797718321, ""trust.g_z_floor"": 0.2932916124473673, ""trust.gate_bias"": 0.6125798061064686, ""trust.w_gate_nis"": 0.48442631142971826}",0.49,0.40170818578516665,0.275,0.009335316855191608,0.0,0.008060034293692266,0.0,0.005248913858536881,0.4367822789227792,0.25923041883145453,2.078766157145301,1.344998439125768,0.017654194264409555,97.10676446617767,1.0,0.0,0.039383078572650554
2026-02-27T08:24:32.636855Z,of_farneback__robust_ossm_ekf,robust_ossm_ekf,2,0.2394994666727701,0.2394994666727701,completed,582.5158565044403,subject_kfold,32,raw,,/home/gongjae/Projects/resPyre/robust_ossm_ekf/of_farneback__robust_ossm_ekf/trials/trial_00002/run_workspace/results/trial_00002,/home/gongjae/Projects/resPyre/robust_ossm_ekf/of_farneback__robust_ossm_ekf/trials/trial_00002,56681ef61ec9800a,/home/gongjae/Projects/resPyre/robust_ossm_ekf/of_farneback__robust_ossm_ekf/trials/trial_00002/trial_manifest.json,/home/gongjae/Projects/resPyre/robust_ossm_ekf/of_farneback__robust_ossm_ekf/trials/trial_00002/metrics_summary.json,"{""oscillator.g_z_eff_floor_ratio"": 0.20911120298273853, ""oscillator.post_smooth_alpha"": 0.6966355228671518, ""oscillator.qf"": 0.0001980784998523819, ""oscillator.qx"": 0.0028373011861317866, ""oscillator.rv_floor"": 0.00803972971330981, ""oscillator.spec_guidance_strength"": 0.8331809216468459, ""oscillator.student_t_nu"": 6.346664672554915, ""oscillator.tau_env"": 33.86894431530988, ""trust.alpha_R_max"": 4.668578594140873, ""trust.g_z_floor"": 0.2023190177043267, ""trust.gate_bias"": 0.6181635052556373, ""trust.w_gate_nis"": 0.20270227869704055}",0.48,0.3947430464887986,0.18,0.003263978778145325,0.0,0.0,0.0,0.0,0.553619158427286,0.31329501320903774,1.8951401139340889,0.8465781712291618,0.008264142639076084,79.39104717121958,1.0,0.0,0.0434813593828965
2026-02-27T08:34:10.257418Z,of_farneback__robust_ossm_ekf,robust_ossm_ekf,3,1.860509304224693,1.860509304224693,completed,577.5069758892059,subject_kfold,32,raw,,/home/gongjae/Projects/resPyre/robust_ossm_ekf/of_farneback__robust_ossm_ekf/trials/trial_00003/run_workspace/results/trial_00003,/home/gongjae/Projects/resPyre/robust_ossm_ekf/of_farneback__robust_ossm_ekf/trials/trial_00003,6180633d34f804d6,/home/gongjae/Projects/resPyre/robust_ossm_ekf/of_farneback__robust_ossm_ekf/trials/trial_00003/trial_manifest.json,/home/gongjae/Projects/resPyre/robust_ossm_ekf/of_farneback__robust_ossm_ekf/trials/trial_00003/metrics_summary.json,"{""oscillator.g_z_eff_floor_ratio"": 0.23720717630423013, ""oscillator.post_smooth_alpha"": 0.47183169397839897, ""oscillator.qf"": 0.0012520708085162905, ""oscillator.qx"": 0.0017706515519014775, ""oscillator.rv_floor"": 0.008274032734603535, ""oscillator.spec_guidance_strength"": 1.0541986740582305, ""oscillator.student_t_nu"": 9.516560257482467, ""oscillator.tau_env"": 44.455502029235575, ""trust.alpha_R_max"": 7.362528132298237, ""trust.g_z_floor"": 0.33182168596053335, ""trust.gate_bias"": 0.33382682835234534, ""trust.w_gate_nis"": 0.14355682060677286}",0.57,0.4196375009170427,0.63,0.061848214965365,0.009082172489913984,0.056580668503520636,0.0,0.047927377002036774,0.5449128225147977,0.28921721572008185,2.2343332815673627,1.2283789441755872,0.004086250630051048,92.85963983478956,1.0,0.0,11.617166640783678
2026-02-27T08:43:45.309058Z,of_farneback__robust_ossm_ekf,robust_ossm_ekf,4,1.2316046100738443,1.2316046100738443,completed,574.9334754943848,subject_kfold,32,raw,,/home/gongjae/Projects/resPyre/robust_ossm_ekf/of_farneback__robust_ossm_ekf/trials/trial_00004/run_workspace/results/trial_00004,/home/gongjae/Projects/resPyre/robust_ossm_ekf/of_farneback__robust_ossm_ekf/trials/trial_00004,6c896026272b1c1c,/home/gongjae/Projects/resPyre/robust_ossm_ekf/of_farneback__robust_ossm_ekf/trials/trial_00004/trial_manifest.json,/home/gongjae/Projects/resPyre/robust_ossm_ekf/of_farneback__robust_ossm_ekf/trials/trial_00004/metrics_summary.json,"{""oscillator.g_z_eff_floor_ratio"": 0.14550216337843497, ""oscillator.post_smooth_alpha"": 0.682733147752297, ""oscillator.qf"": 0.0001369429742094391, ""oscillator.qx"": 0.001464639079080142, ""oscillator.rv_floor"": 0.01804719088515873, ""oscillator.spec_guidance_strength"": 0.9100340105889053, ""oscillator.student_t_nu"": 4.342420583292567, ""oscillator.tau_env"": 42.08487979966724, ""trust.alpha_R_max"": 4.746844304357644, ""trust.g_z_floor"": 0.28600356549663714, ""trust.gate_bias"": 0.4345655904320088, ""trust.w_gate_nis"": 0.5055669970186032}",0.54,0.43843506994984927,0.485,0.011044104266124732,0.0,0.0,0.0,0.0016624549087794877,0.4742246884765159,0.23785643514148347,2.140709837431955,1.5707452302672147,0.01803260404550623,77.844997108155,1.0,0.0,6.595382419255422
2026-02-27T08:52:58.505129Z,of_farneback__robust_ossm_ekf,robust_ossm_ekf,5,1.5984875025472745,1.5984875025472745,completed,553.0809533596039,subject_kfold,32,raw,,/home/gongjae/Projects/resPyre/robust_ossm_ekf/of_farneback__robust_ossm_ekf/trials/trial_00005/run_workspace/results/trial_00005,/home/gongjae/Projects/resPyre/robust_ossm_ekf/of_farneback__robust_ossm_ekf/trials/trial_00005,35552060eedf979c,/home/gongjae/Projects/resPyre/robust_ossm_ekf/of_farneback__robust_ossm_ekf/trials/trial_00005/trial_manifest.json,/home/gongjae/Projects/resPyre/robust_ossm_ekf/of_farneback__robust_ossm_ekf/trials/trial_00005/metrics_summary.json,"{""oscillator.g_z_eff_floor_ratio"": 0.2356639966097736, ""oscillator.post_smooth_alpha"": 0.870568854700995, ""oscillator.qf"": 0.0001813073620603451, ""oscillator.qx"": 0.001983570279595091, ""oscillator.rv_floor"": 0.028566814971759075, ""oscillator.spec_guidance_strength"": 0.8126651653816321, ""oscillator.student_t_nu"": 13.33448835720608, ""oscillator.tau_env"": 52.804250347555666, ""trust.alpha_R_max"": 3.6809091556421523, ""trust.g_z_floor"": 0.21135725798706323, ""trust.gate_bias"": 0.34601610106699815, ""trust.w_gate_nis"": 0.5117183751613272}",0.61,0.45694329725434835,0.575,0.013145653089219986,0.0008298755186721991,0.0,0.0,0.00015483071841453344,0.4425616969923296,0.24683227971245625,2.288896133300871,1.1204794909870124,0.001180875732682629,89.87603305785123,1.0,0.0,9.680162352364716
2026-02-27T09:02:37.095813Z,of_farneback__robust_ossm_ekf,robust_ossm_ekf,6,0.32899157253360145,0.32899157253360145,completed,578.4616651535034,subject_kfold,32,raw,,/home/gongjae/Projects/resPyre/robust_ossm_ekf/of_farneback__robust_ossm_ekf/trials/trial_00006/run_workspace/results/trial_00006,/home/gongjae/Projects/resPyre/robust_ossm_ekf/of_farneback__robust_ossm_ekf/trials/trial_00006,096ee14282d4eae1,/home/gongjae/Projects/resPyre/robust_ossm_ekf/of_farneback__robust_ossm_ekf/trials/trial_00006/trial_manifest.json,/home/gongjae/Projects/resPyre/robust_ossm_ekf/of_farneback__robust_ossm_ekf/trials/trial_00006/metrics_summary.json,"{""oscillator.g_z_eff_floor_ratio"": 0.16254787599596204, ""oscillator.post_smooth_alpha"": 0.7050671590843768, ""oscillator.qf"": 0.0002395133183942132, ""oscillator.qx"": 0.0016272972588702965, ""oscillator.rv_floor"": 0.022772667794695788, ""oscillator.spec_guidance_strength"": 0.7493578407670862, ""oscillator.student_t_nu"": 6.090279606561189, ""oscillator.tau_env"": 39.41610645419486, ""trust.alpha_R_max"": 6.58897907718663, ""trust.g_z_floor"": 0.3379019098560828, ""trust.gate_bias"": 0.33876633471348083, ""trust.w_gate_nis"": 0.45307652056947945}",0.495,0.39358197592349675,0.305,0.006930124403211589,0.0012332510261259225,0.0,0.0,0.0,0.4897975769117699,0.287904665712459,2.0875703092043296,1.310204017279905,0.006136089439822885,82.94680660743037,1.0,0.0,0.04442603884999152
2026-02-27T09:11:54.912778Z,of_farneback__robust_ossm_ekf,robust_ossm_ekf,7,0.24806318970748634,0.24806318970748634,completed,557.7013204097748,subject_kfold,32,raw,,/home/gongjae/Projects/resPyre/robust_ossm_ekf/of_farneback__robust_ossm_ekf/trials/trial_00007/run_workspace/results/trial_00007,/home/gongjae/Projects/resPyre/robust_ossm_ekf/of_farneback__robust_ossm_ekf/trials/trial_00007,cade17d9de248b6e,/home/gongjae/Projects/resPyre/robust_ossm_ekf/of_farneback__robust_ossm_ekf/trials/trial_00007/trial_manifest.json,/home/gongjae/Projects/resPyre/robust_ossm_ekf/of_farneback__robust_ossm_ekf/trials/trial_00007/metrics_summary.json,"{""oscillator.g_z_eff_floor_ratio"": 0.19735451656708364, ""oscillator.post_smooth_alpha"": 0.4848009863150225, ""oscillator.qf"": 0.0013802766984197371, ""oscillator.qx"": 0.0010069418878112851, ""oscillator.rv_floor"": 0.01871644365109843, ""oscillator.spec_guidance_strength"": 0.6817791751430118, ""oscillator.student_t_nu"": 11.483973813545402, ""oscillator.tau_env"": 51.328229377311594, ""trust.alpha_R_max"": 4.823592099410597, ""trust.g_z_floor"": 0.2797277002924093, ""trust.gate_bias"": 0.7488137814553086, ""trust.w_gate_nis"": 0.11677583916731357}",0.495,0.4024116121442177,0.185,0.015057736108904074,0.0,0.015057736108904074,0.0,0.014928235925169056,0.5353502322315935,0.30968102368068584,1.8989492533319658,1.2446736772571914,0.0016652399244854533,93.32866358763586,1.0,0.0,0.0
2026-02-27T09:12:00.379349Z,of_farneback__robust_ossm_ekf,robust_ossm_ekf,8,0.8310263736921744,0.8310263736921744,pruned,5.3585309982299805,subject_kfold,1,raw,debug_quantile,,/home/gongjae/Projects/resPyre/robust_ossm_ekf/of_farneback__robust_ossm_ekf/trials/trial_00008,f405e406605aa3ac,/home/gongjae/Projects/resPyre/robust_ossm_ekf/of_farneback__robust_ossm_ekf/trials/trial_00008/trial_manifest.json,/home/gongjae/Projects/resPyre/robust_ossm_ekf/of_farneback__robust_ossm_ekf/trials/trial_00008/metrics_summary.json,"{""oscillator.g_z_eff_floor_ratio"": 0.15913507935012827, ""oscillator.post_smooth_alpha"": 0.6719410148261162, ""oscillator.qf"": 0.0002848306861111245, ""oscillator.qx"": 0.0014763711282887364, ""oscillator.rv_floor"": 0.019414404951170586, ""oscillator.spec_guidance_strength"": 0.8968977981821953, ""oscillator.student_t_nu"": 12.759340168339591, ""oscillator.tau_env"": 48.40183908336682, ""trust.alpha_R_max"": 6.583868719818244, ""trust.g_z_floor"": 0.2698043516111194, ""trust.gate_bias"": 0.6956082252807867, ""trust.w_gate_nis"": 0.40948994573926756}",0.6,0.4768570885670651,0.41,0.0024896265560165973,0.0024896265560165973,0.0,0.0,0.0,0.3126204266066231,0.18681465537633946,2.615697977410761,1.0447461130893603,0.0,96.34854771784232,0.0,0.0,nan
2026-02-27T09:21:28.834596Z,of_farneback__robust_ossm_ekf,robust_ossm_ekf,9,1.3041623931977964,1.3041623931977964,completed,568.346843957901,subject_kfold,32,raw,,/home/gongjae/Projects/resPyre/robust_ossm_ekf/of_farneback__robust_ossm_ekf/trials/trial_00009/run_workspace/results/trial_00009,/home/gongjae/Projects/resPyre/robust_ossm_ekf/of_farneback__robust_ossm_ekf/trials/trial_00009,2f5aa346ec1df0f8,/home/gongjae/Projects/resPyre/robust_ossm_ekf/of_farneback__robust_ossm_ekf/trials/trial_00009/trial_manifest.json,/home/gongjae/Projects/resPyre/robust_ossm_ekf/of_farneback__robust_ossm_ekf/trials/trial_00009/metrics_summary.json,"{""oscillator.g_z_eff_floor_ratio"": 0.19029695697221227, ""oscillator.post_smooth_alpha"": 0.7491128932939768, ""oscillator.qf"": 0.0003959831398144533, ""oscillator.qx"": 0.0019248736535506592, ""oscillator.rv_floor"": 0.00625055322299963, ""oscillator.spec_guidance_strength"": 1.0277755692715242, ""oscillator.student_t_nu"": 3.345721042554077, ""oscillator.tau_env"": 31.452525663785742, ""trust.alpha_R_max"": 5.141531692142519, ""trust.g_z_floor"": 0.21988675666382, ""trust.gate_bias"": 0.7719345664415684, ""trust.w_gate_nis"": 0.3091996386707044}",0.55,0.43049570126998815,0.495,0.008146168730110336,0.0,0.0,0.0,0.004398421128146045,0.4504096654294838,0.23656710062137887,2.1430674817187163,1.6636893449767518,0.05210850495417975,84.73603708430298,1.0,0.0,7.077483859384289
2026-02-27T09:21:34.533772Z,of_farneback__robust_ossm_ekf,robust_ossm_ekf,10,1.7831018216119108,1.7831018216119108,pruned,5.57711935043335,subject_kfold,1,raw,debug_quantile,,/home/gongjae/Projects/resPyre/robust_ossm_ekf/of_farneback__robust_ossm_ekf/trials/trial_00010,b5cc0760532006ef,/home/gongjae/Projects/resPyre/robust_ossm_ekf/of_farneback__robust_ossm_ekf/trials/trial_00010/trial_manifest.json,/home/gongjae/Projects/resPyre/robust_ossm_ekf/of_farneback__robust_ossm_ekf/trials/trial_00010/metrics_summary.json,"{""oscillator.g_z_eff_floor_ratio"": 0.24134460104166777, ""oscillator.post_smooth_alpha"": 0.829816578395276, ""oscillator.qf"": 0.00012811892789575818, ""oscillator.qx"": 0.0013319311332103466, ""oscillator.rv_floor"": 0.009564864559010563, ""oscillator.spec_guidance_strength"": 0.9196711209578253, ""oscillator.student_t_nu"": 13.226674175768304, ""oscillator.tau_env"": 33.15908119212814, ""trust.alpha_R_max"": 7.070235993959911, ""trust.g_z_floor"": 0.20985120942176574, ""trust.gate_bias"": 0.7179094799875395, ""trust.w_gate_nis"": 0.48701568919198174}",0.6,0.46600126300440187,0.57,0.00995850622406639,0.00995850622406639,0.0,0.0,0.0,0.2678965380755134,0.16026451309975806,2.615697977410761,1.730747272204052,0.0008298755186721991,89.54356846473028,1.0,0.0,nan
2026-02-27T09:31:18.799273Z,of_farneback__robust_ossm_ekf,robust_ossm_ekf,11,0.27015962999775556,0.27015962999775556,completed,584.1671419143677,subject_kfold,32,raw,,/home/gongjae/Projects/resPyre/robust_ossm_ekf/of_farneback__robust_ossm_ekf/trials/trial_00011/run_workspace/results/trial_00011,/home/gongjae/Projects/resPyre/robust_ossm_ekf/of_farneback__robust_ossm_ekf/trials/trial_00011,a15e13539d22fef6,/home/gongjae/Projects/resPyre/robust_ossm_ekf/of_farneback__robust_ossm_ekf/trials/trial_00011/trial_manifest.json,/home/gongjae/Projects/resPyre/robust_ossm_ekf/of_farneback__robust_ossm_ekf/trials/trial_00011/metrics_summary.json,"{""oscillator.g_z_eff_floor_ratio"": 0.2708823625475989, ""oscillator.post_smooth_alpha"": 0.6507406606543404, ""oscillator.qf"": 0.0017892947167215214, ""oscillator.qx"": 0.002749808095161048, ""oscillator.rv_floor"": 0.010009817066983952, ""oscillator.spec_guidance_strength"": 0.7610539052353651, ""oscillator.student_t_nu"": 5.507286787961359, ""oscillator.tau_env"": 31.521661584885656, ""trust.alpha_R_max"": 5.169644012595116, ""trust.g_z_floor"": 0.2617195684124105, ""trust.gate_bias"": 0.30361510787621915, ""trust.w_gate_nis"": 0.4817579857956083}",0.505,0.40012013011906244,0.25,0.005948166965116118,0.0,0.0004078303425774878,0.0,0.000812451980075869,0.5028179422180361,0.29985987179966334,2.0871843907199237,1.1839339253324834,0.016019137601398198,97.54334967898488,1.0,0.0,0.04359219535996184
2026-02-27T09:40:26.460965Z,of_farneback__robust_ossm_ekf,robust_ossm_ekf,12,0.3318194761065097,0.3318194761065097,completed,547.5448951721191,subject_kfold,32,raw,,/home/gongjae/Projects/resPyre/robust_ossm_ekf/of_farneback__robust_ossm_ekf/trials/trial_00012/run_workspace/results/trial_00012,/home/gongjae/Projects/resPyre/robust_ossm_ekf/of_farneback__robust_ossm_ekf/trials/trial_00012,46fecca4ef238d65,/home/gongjae/Projects/resPyre/robust_ossm_ekf/of_farneback__robust_ossm_ekf/trials/trial_00012/trial_manifest.json,/home/gongjae/Projects/resPyre/robust_ossm_ekf/of_farneback__robust_ossm_ekf/trials/trial_00012/metrics_summary.json,"{""oscillator.g_z_eff_floor_ratio"": 0.19818073638068703, ""oscillator.post_smooth_alpha"": 0.7804189106807335, ""oscillator.qf"": 0.00029645976201453296, ""oscillator.qx"": 0.0011620235132742112, ""oscillator.rv_floor"": 0.027366348309802755, ""oscillator.spec_guidance_strength"": 0.8004391549083848, ""oscillator.student_t_nu"": 8.706696839177027, ""oscillator.tau_env"": 38.34249382466417, ""trust.alpha_R_max"": 5.488994023569542, ""trust.g_z_floor"": 0.22028516733205827, ""trust.gate_bias"": 0.800472593369898, ""trust.w_gate_nis"": 0.5361732205332708}",0.5,0.3928916441000616,0.28,0.009581792681371925,0.0,0.0,0.0,0.0,0.4332431805252339,0.2533612075921866,1.8961114543907978,1.5307019841011145,0.0036472267723700012,86.24363629494398,1.0,0.0,0.06140396820222893
2026-02-27T09:49:59.763769Z,of_farneback__robust_ossm_ekf,robust_ossm_ekf,13,2.043912754897476,2.043912754897476,completed,573.18132853508,subject_kfold,32,raw,,/home/gongjae/Projects/resPyre/robust_ossm_ekf/of_farneback__robust_ossm_ekf/trials/trial_00013/run_workspace/results/trial_00013,/home/gongjae/Projects/resPyre/robust_ossm_ekf/of_farneback__robust_ossm_ekf/trials/trial_00013,6184def216d717d3,/home/gongjae/Projects/resPyre/robust_ossm_ekf/of_farneback__robust_ossm_ekf/trials/trial_00013/trial_manifest.json,/home/gongjae/Projects/resPyre/robust_ossm_ekf/of_farneback__robust_ossm_ekf/trials/trial_00013/metrics_summary.json,"{""oscillator.g_z_eff_floor_ratio"": 0.2853225417546646, ""oscillator.post_smooth_alpha"": 0.5809638381912074, ""oscillator.qf"": 0.00011260709102531732, ""oscillator.qx"": 0.0014288038465403922, ""oscillator.rv_floor"": 0.01600362754977085, ""oscillator.spec_guidance_strength"": 0.7710276357557502, ""oscillator.student_t_nu"": 3.566266263749883, ""oscillator.tau_env"": 44.08572874332357, ""trust.alpha_R_max"": 7.442601816442403, ""trust.g_z_floor"": 0.2583124416444101, ""trust.gate_bias"": 0.375345333487436, ""trust.w_gate_nis"": 0.17738532642681648}",0.585,0.4146731351144464,0.66,0.009061109222531859,0.0020553915044266863,0.0,0.0,0.005153476287369241,0.5277503814612738,0.2737298394822714,2.21219737405305,1.336381483528299,0.009218720963129763,70.90601562355528,1.0,0.0,12.823237913592981
2026-02-27T09:59:34.237868Z,of_farneback__robust_ossm_ekf,robust_ossm_ekf,14,0.7840233898203268,0.7840233898203268,completed,574.3510837554932,subject_kfold,32,raw,,/home/gongjae/Projects/resPyre/robust_ossm_ekf/of_farneback__robust_ossm_ekf/trials/trial_00014/run_workspace/results/trial_00014,/home/gongjae/Projects/resPyre/robust_ossm_ekf/of_farneback__robust_ossm_ekf/trials/trial_00014,c76b19e9559bf2b1,/home/gongjae/Projects/resPyre/robust_ossm_ekf/of_farneback__robust_ossm_ekf/trials/trial_00014/trial_manifest.json,/home/gongjae/Projects/resPyre/robust_ossm_ekf/of_farneback__robust_ossm_ekf/trials/trial_00014/metrics_summary.json,"{""oscillator.g_z_eff_floor_ratio"": 0.24136475372174315, ""oscillator.post_smooth_alpha"": 0.7471837403789824, ""oscillator.qf"": 0.0011606426664812878, ""oscillator.qx"": 0.002321065908764669, ""oscillator.rv_floor"": 0.008795342692924596, ""oscillator.spec_guidance_strength"": 0.7432592551999271, ""oscillator.student_t_nu"": 7.045614459911786, ""oscillator.tau_env"": 51.302923155579506, ""trust.alpha_R_max"": 4.783120259886943, ""trust.g_z_floor"": 0.3136483992942781, ""trust.gate_bias"": 0.3469506804282923, ""trust.w_gate_nis"": 0.32252959519663166}",0.54,0.41909967891671374,0.41,0.03286586345381526,0.0032706721071245073,0.028575324675324677,0.0,0.01853993170084059,0.542812003596703,0.2891748470214753,2.1571869007041222,1.0687304987797448,0.011498483505272468,92.50049945393037,1.0,0.0,3.721450593209202
2026-02-27T10:08:42.338556Z,of_farneback__robust_ossm_ekf,robust_ossm_ekf,15,1.2455268080354052,1.2455268080354052,completed,547.9803488254547,subject_kfold,32,raw,,/home/gongjae/Projects/resPyre/robust_ossm_ekf/of_farneback__robust_ossm_ekf/trials/trial_00015/run_workspace/results/trial_00015,/home/gongjae/Projects/resPyre/robust_ossm_ekf/of_farneback__robust_ossm_ekf/trials/trial_00015,5b0f864938cbe7e0,/home/gongjae/Projects/resPyre/robust_ossm_ekf/of_farneback__robust_ossm_ekf/trials/trial_00015/trial_manifest.json,/home/gongjae/Projects/resPyre/robust_ossm_ekf/of_farneback__robust_ossm_ekf/trials/trial_00015/metrics_summary.json,"{""oscillator.g_z_eff_floor_ratio"": 0.24322764646551198, ""oscillator.post_smooth_alpha"": 0.5564530143430308, ""oscillator.qf"": 0.0006699353370769127, ""oscillator.qx"": 0.001052408753048171, ""oscillator.rv_floor"": 0.017854529709865126, ""oscillator.spec_guidance_strength"": 0.7187604720729966, ""oscillator.student_t_nu"": 8.633023641292091, ""oscillator.tau_env"": 28.530810525691397, ""trust.alpha_R_max"": 7.246919954946938, ""trust.g_z_floor"": 0.24187765540808598, ""trust.gate_bias"": 0.6592876238132823, ""trust.w_gate_nis"": 0.1454395502124458}",0.63,0.4506674140883226,0.485,0.03225952108434353,0.003268682550062507,0.011405282992773918,0.0,0.022582136607960726,0.4339794780538975,0.25059855305144796,2.326151373021622,1.3526257437851454,0.002770320969876895,92.66777133388567,1.0,0.0,6.48450425793938
2026-02-27T10:08:47.632205Z,of_farneback__robust_ossm_ekf,robust_ossm_ekf,16,0.8510446825307189,0.8510446825307189,pruned,5.179785490036011,subject_kfold,1,raw,debug_quantile,,/home/gongjae/Projects/resPyre/robust_ossm_ekf/of_farneback__robust_ossm_ekf/trials/trial_00016,2196c399b244360c,/home/gongjae/Projects/resPyre/robust_ossm_ekf/of_farneback__robust_ossm_ekf/trials/trial_00016/trial_manifest.json,/home/gongjae/Projects/resPyre/robust_ossm_ekf/of_farneback__robust_ossm_ekf/trials/trial_00016/metrics_summary.json,"{""oscillator.g_z_eff_floor_ratio"": 0.27075555203219454, ""oscillator.post_smooth_alpha"": 0.7601925016360642, ""oscillator.qf"": 0.00014408845189487393, ""oscillator.qx"": 0.0015330746504951085, ""oscillator.rv_floor"": 0.026575677980572265, ""oscillator.spec_guidance_strength"": 1.0986078789766633, ""oscillator.student_t_nu"": 5.837357904866712, ""oscillator.tau_env"": 56.07485930819139, ""trust.alpha_R_max"": 3.872411071223597, ""trust.g_z_floor"": 0.21869636654407226, ""trust.gate_bias"": 0.5754183007451233, ""trust.w_gate_nis"": 0.33204839768373656}",0.61,0.4872635085124268,0.41,0.004979253112033195,0.004979253112033195,0.0,0.0,0.0,0.3454127037197726,0.2070829563692151,2.597126115072581,0.8850667129568401,0.0,92.19917012448133,0.0,1.0,nan
2026-02-27T10:17:50.620985Z,of_farneback__robust_ossm_ekf,robust_ossm_ekf,17,0.2228581540974836,0.2228581540974836,completed,542.8850440979004,subject_kfold,32,raw,,/home/gongjae/Projects/resPyre/robust_ossm_ekf/of_farneback__robust_ossm_ekf/trials/trial_00017/run_workspace/results/trial_00017,/home/gongjae/Projects/resPyre/robust_ossm_ekf/of_farneback__robust_ossm_ekf/trials/trial_00017,8801b30de55f2522,/home/gongjae/Projects/resPyre/robust_ossm_ekf/of_farneback__robust_ossm_ekf/trials/trial_00017/trial_manifest.json,/home/gongjae/Projects/resPyre/robust_ossm_ekf/of_farneback__robust_ossm_ekf/trials/trial_00017/metrics_summary.json,"{""oscillator.g_z_eff_floor_ratio"": 0.2819338278824187, ""oscillator.post_smooth_alpha"": 0.8716418221777112, ""oscillator.qf"": 0.0007674283818016201, ""oscillator.qx"": 0.0030895034993546474, ""oscillator.rv_floor"": 0.0103543515233014, ""oscillator.spec_guidance_strength"": 1.0992770942635395, ""oscillator.student_t_nu"": 10.985512467572633, ""oscillator.tau_env"": 39.17470638760515, ""trust.alpha_R_max"": 4.146514856378455, ""trust.g_z_floor"": 0.19346239439920782, ""trust.gate_bias"": 0.6338564560002297, ""trust.w_gate_nis"": 0.4421390174702357}",0.475,0.4017186552761033,0.19,0.0028639371381306866,0.0,0.0,0.0,0.003003314001657001,0.5124617623217913,0.2983454419150376,1.8945703025334293,0.8867561647183764,0.004867298600434505,92.56927212572373,1.0,0.0,0.0
2026-02-27T10:17:55.934425Z,of_farneback__robust_ossm_ekf,robust_ossm_ekf,18,0.9474594979499791,0.9474594979499791,pruned,5.198546409606934,subject_kfold,1,raw,debug_quantile,,/home/gongjae/Projects/resPyre/robust_ossm_ekf/of_farneback__robust_ossm_ekf/trials/trial_00018,3e84dc3ad26aa740,/home/gongjae/Projects/resPyre/robust_ossm_ekf/of_farneback__robust_ossm_ekf/trials/trial_00018/trial_manifest.json,/home/gongjae/Projects/resPyre/robust_ossm_ekf/of_farneback__robust_ossm_ekf/trials/trial_00018/metrics_summary.json,"{""oscillator.g_z_eff_floor_ratio"": 0.22779740629865378, ""oscillator.post_smooth_alpha"": 0.5255797841662244, ""oscillator.qf"": 0.00010300467268731807, ""oscillator.qx"": 0.0021376602054985253, ""oscillator.rv_floor"": 0.007064424940977102, ""oscillator.spec_guidance_strength"": 0.7686245437484001, ""oscillator.student_t_nu"": 3.0556774223084053, ""oscillator.tau_env"": 49.232056611457786, ""trust.alpha_R_max"": 6.348716885390143, ""trust.g_z_floor"": 0.21588308951368956, ""trust.gate_bias"": 0.6390198549413523, ""trust.w_gate_nis"": 0.39902864686941975}",0.58,0.49609834454500423,0.43,0.0016597510373443983,0.0,0.0,0.0,0.0,0.31211851324489664,0.18603448380067414,2.615537188686871,1.2209044050831017,0.023236514522821577,90.95435684647303,0.0,1.0,nan
2026-02-27T10:27:06.044579Z,of_farneback__robust_ossm_ekf,robust_ossm_ekf,19,0.9242138265036868,0.9242138265036868,completed,550.0143690109253,subject_kfold,32,raw,,/home/gongjae/Projects/resPyre/robust_ossm_ekf/of_farneback__robust_ossm_ekf/trials/trial_00019/run_workspace/results/trial_00019,/home/gongjae/Projects/resPyre/robust_ossm_ekf/of_farneback__robust_ossm_ekf/trials/trial_00019,a0172a28bb4676b6,/home/gongjae/Projects/resPyre/robust_ossm_ekf/of_farneback__robust_ossm_ekf/trials/trial_00019/trial_manifest.json,/home/gongjae/Projects/resPyre/robust_ossm_ekf/of_farneback__robust_ossm_ekf/trials/trial_00019/metrics_summary.json,"{""oscillator.g_z_eff_floor_ratio"": 0.1549879628524948, ""oscillator.post_smooth_alpha"": 0.7171050435676717, ""oscillator.qf"": 0.0011054782473976276, ""oscillator.qx"": 0.0015032789541906274, ""oscillator.rv_floor"": 0.017069671393931896, ""oscillator.spec_guidance_strength"": 0.8465488623333801, ""oscillator.student_t_nu"": 10.233741815303777, ""oscillator.tau_env"": 55.1751491358137, ""trust.alpha_R_max"": 7.392042219009783, ""trust.g_z_floor"": 0.21903834294065339, ""trust.gate_bias"": 0.4379052311944972, ""trust.w_gate_nis"": 0.24018074349912244}",0.545,0.43166497308695667,0.435,0.040469792840426455,0.0,0.03598465227817746,0.0,0.019628475865171264,0.5361044227961138,0.28350380485557913,2.166095431854138,1.1967048677889667,0.0033934055879102577,91.8514757198796,1.0,0.0,4.618762001641353
2026-02-27T10:36:49.473314Z,of_farneback__robust_ossm_ekf,robust_ossm_ekf,20,0.9825914301445009,0.9825914301445009,completed,583.3056061267853,subject_kfold,32,raw,,/home/gongjae/Projects/resPyre/robust_ossm_ekf/of_farneback__robust_ossm_ekf/trials/trial_00020/run_workspace/results/trial_00020,/home/gongjae/Projects/resPyre/robust_ossm_ekf/of_farneback__robust_ossm_ekf/trials/trial_00020,822eeb11024a4002,/home/gongjae/Projects/resPyre/robust_ossm_ekf/of_farneback__robust_ossm_ekf/trials/trial_00020/trial_manifest.json,/home/gongjae/Projects/resPyre/robust_ossm_ekf/of_farneback__robust_ossm_ekf/trials/trial_00020/metrics_summary.json,"{""oscillator.g_z_eff_floor_ratio"": 0.25645553739551424, ""oscillator.post_smooth_alpha"": 0.6571963538479502, ""oscillator.qf"": 0.00027613438739846333, ""oscillator.qx"": 0.0029365384348658836, ""oscillator.rv_floor"": 0.012916077490045103, ""oscillator.spec_guidance_strength"": 0.8075207460783225, ""oscillator.student_t_nu"": 7.317081369515274, ""oscillator.tau_env"": 31.24058939971949, ""trust.alpha_R_max"": 3.863851185297721, ""trust.g_z_floor"": 0.20912657486026806, ""trust.gate_bias"": 0.5944474893108334, ""trust.w_gate_nis"": 0.1469034795253546}",0.65,0.46890380920591707,0.43,0.022671262620779502,0.013887371895454435,0.0,0.0,0.00041288191577208916,0.4551082452031098,0.2594433550854765,2.2927046679501757,0.7962873055750386,0.0038762912062176103,90.15305983742489,1.0,0.0,4.503495191117944
2026-02-27T10:46:02.941166Z,of_farneback__robust_ossm_ekf,robust_ossm_ekf,21,0.29556395135953745,0.29556395135953745,completed,553.3427605628967,subject_kfold,32,raw,,/home/gongjae/Projects/resPyre/robust_ossm_ekf/of_farneback__robust_ossm_ekf/trials/trial_00021/run_workspace/results/trial_00021,/home/gongjae/Projects/resPyre/robust_ossm_ekf/of_farneback__robust_ossm_ekf/trials/trial_00021,aec0cdbf60d3b2f9,/home/gongjae/Projects/resPyre/robust_ossm_ekf/of_farneback__robust_ossm_ekf/trials/trial_00021/trial_manifest.json,/home/gongjae/Projects/resPyre/robust_ossm_ekf/of_farneback__robust_ossm_ekf/trials/trial_00021/metrics_summary.json,"{""oscillator.g_z_eff_floor_ratio"": 0.18416432388628828, ""oscillator.post_smooth_alpha"": 0.4848564415147465, ""oscillator.qf"": 0.002202519453711492, ""oscillator.qx"": 0.001155750204289082, ""oscillator.rv_floor"": 0.02287320661611788, ""oscillator.spec_guidance_strength"": 0.7721138355473062, ""oscillator.student_t_nu"": 12.30285814798941, ""oscillator.tau_env"": 46.68680788801455, ""trust.alpha_R_max"": 5.209901188144848, ""trust.g_z_floor"": 0.27756105847623297, ""trust.gate_bias"": 0.725872843636402, ""trust.w_gate_nis"": 0.17210483583209946}",0.48,0.3948294240641758,0.245,0.06383694943016976,0.0,0.06383694943016976,0.0,0.03142623077594938,0.46938329632048137,0.2764027757611339,2.113072993355611,1.2944262626787442,0.0012642337406828155,94.11749797242499,1.0,0.0,0.05653649667780547
2026-02-27T10:55:08.262961Z,of_farneback__robust_ossm_ekf,robust_ossm_ekf,22,0.22484307278938462,0.22484307278938462,completed,545.207129240036,subject_kfold,32,raw,,/home/gongjae/Projects/resPyre/robust_ossm_ekf/of_farneback__robust_ossm_ekf/trials/trial_00022/run_workspace/results/trial_00022,/home/gongjae/Projects/resPyre/robust_ossm_ekf/of_farneback__robust_ossm_ekf/trials/trial_00022,edff0199e6c78a3d,/home/gongjae/Projects/resPyre/robust_ossm_ekf/of_farneback__robust_ossm_ekf/trials/trial_00022/trial_manifest.json,/home/gongjae/Projects/resPyre/robust_ossm_ekf/of_farneback__robust_ossm_ekf/trials/trial_00022/metrics_summary.json,"{""oscillator.g_z_eff_floor_ratio"": 0.2206114294671737, ""oscillator.post_smooth_alpha"": 0.6174733573814704, ""oscillator.qf"": 0.00013594092403712628, ""oscillator.qx"": 0.00225905309369703, ""oscillator.rv_floor"": 0.0063629844982174485, ""oscillator.spec_guidance_strength"": 0.8183039278980946, ""oscillator.student_t_nu"": 5.871791974249409, ""oscillator.tau_env"": 37.060819348769556, ""trust.alpha_R_max"": 5.224922084444672, ""trust.g_z_floor"": 0.18349981609657992, ""trust.gate_bias"": 0.4903732956825261, ""trust.w_gate_nis"": 0.18605471027998302}",0.48,0.3961220302071242,0.17,0.005619284156543645,0.0,0.0,0.0,0.0,0.5737613598359137,0.3234017826345251,1.896183981328487,1.006025408024086,0.010860430385486477,73.8917339809584,1.0,0.0,0.10973814480772999
2026-02-27T11:04:18.196884Z,of_farneback__robust_ossm_ekf,robust_ossm_ekf,23,1.8120219894842564,1.8120219894842564,completed,549.8181533813477,subject_kfold,32,raw,,/home/gongjae/Projects/resPyre/robust_ossm_ekf/of_farneback__robust_ossm_ekf/trials/trial_00023/run_workspace/results/trial_00023,/home/gongjae/Projects/resPyre/robust_ossm_ekf/of_farneback__robust_ossm_ekf/trials/trial_00023,46d3e4f0b77c2e91,/home/gongjae/Projects/resPyre/robust_ossm_ekf/of_farneback__robust_ossm_ekf/trials/trial_00023/trial_manifest.json,/home/gongjae/Projects/resPyre/robust_ossm_ekf/of_farneback__robust_ossm_ekf/trials/trial_00023/metrics_summary.json,"{""oscillator.g_z_eff_floor_ratio"": 0.1748062376000919, ""oscillator.post_smooth_alpha"": 0.6682796411180218, ""oscillator.qf"": 0.00021209246186696084, ""oscillator.qx"": 0.0021427222591727515, ""oscillator.rv_floor"": 0.006771045409754258, ""oscillator.spec_guidance_strength"": 0.873681238254665, ""oscillator.student_t_nu"": 6.987996598387701, ""oscillator.tau_env"": 38.54936590205364, ""trust.alpha_R_max"": 5.538914491811321, ""trust.g_z_floor"": 0.22281053685921182, ""trust.gate_bias"": 0.4366291933795779, ""trust.w_gate_nis"": 0.1489069763218443}",0.565,0.4171740658932417,0.62,0.012379868418908127,0.005743427408690771,0.0,0.0,0.008314864072442283,0.527139446849192,0.27195204635480114,2.221472176311728,1.197568913603397,0.007286733528014689,77.62623916683984,1.0,0.0,11.318337337436619
2026-02-27T11:13:30.483466Z,of_farneback__robust_ossm_ekf,robust_ossm_ekf,24,0.8249657296443793,0.8249657296443793,completed,552.1639230251312,subject_kfold,32,raw,,/home/gongjae/Projects/resPyre/robust_ossm_ekf/of_farneback__robust_ossm_ekf/trials/trial_00024/run_workspace/results/trial_00024,/home/gongjae/Projects/resPyre/robust_ossm_ekf/of_farneback__robust_ossm_ekf/trials/trial_00024,8e817e95c75f19e3,/home/gongjae/Projects/resPyre/robust_ossm_ekf/of_farneback__robust_ossm_ekf/trials/trial_00024/trial_manifest.json,/home/gongjae/Projects/resPyre/robust_ossm_ekf/of_farneback__robust_ossm_ekf/trials/trial_00024/metrics_summary.json,"{""oscillator.g_z_eff_floor_ratio"": 0.2186501905070583, ""oscillator.post_smooth_alpha"": 0.7895321748080486, ""oscillator.qf"": 0.00011202236746559785, ""oscillator.qx"": 0.0029420415067519584, ""oscillator.rv_floor"": 0.006808545859576269, ""oscillator.spec_guidance_strength"": 0.7212456521368897, ""oscillator.student_t_nu"": 6.659938516217147, ""oscillator.tau_env"": 42.806644404500524, ""trust.alpha_R_max"": 4.905728973002617, ""trust.g_z_floor"": 0.19147515128472722, ""trust.gate_bias"": 0.614208787292117, ""trust.w_gate_nis"": 0.11131741604043116}",0.53,0.4174015420937449,0.415,0.009783962405141063,0.009783962405141063,0.0,0.0,0.0006536604987932422,0.5338452385433986,0.26139665839389,2.1418457171545864,0.8927867942417582,0.00817887937986004,74.66075330398202,1.0,0.0,3.992824281765115
2026-02-27T11:23:22.516720Z,of_farneback__robust_ossm_ekf,robust_ossm_ekf,25,0.9760698798764937,0.9760698798764937,completed,591.9124221801758,subject_kfold,32,raw,,/home/gongjae/Projects/resPyre/robust_ossm_ekf/of_farneback__robust_ossm_ekf/trials/trial_00025/run_workspace/results/trial_00025,/home/gongjae/Projects/resPyre/robust_ossm_ekf/of_farneback__robust_ossm_ekf/trials/trial_00025,d9c2b87cd2b2cc3a,/home/gongjae/Projects/resPyre/robust_ossm_ekf/of_farneback__robust_ossm_ekf/trials/trial_00025/trial_manifest.json,/home/gongjae/Projects/resPyre/robust_ossm_ekf/of_farneback__robust_ossm_ekf/trials/trial_00025/metrics_summary.json,"{""oscillator.g_z_eff_floor_ratio"": 0.2517315307775483, ""oscillator.post_smooth_alpha"": 0.5189554041720843, ""oscillator.qf"": 0.0002375694463733848, ""oscillator.qx"": 0.0027509855297318565, ""oscillator.rv_floor"": 0.007657469095648051, ""oscillator.spec_guidance_strength"": 0.9549889580022238, ""oscillator.student_t_nu"": 6.30027444665131, ""oscillator.tau_env"": 32.43525369742014, ""trust.alpha_R_max"": 5.597921555482868, ""trust.g_z_floor"": 0.1978755691396292, ""trust.gate_bias"": 0.5070447687087433, ""trust.w_gate_nis"": 0.19999759263822675}",0.655,0.4744357124322086,0.435,0.02284136011294318,0.004142502071251036,0.0,0.0,0.00015483071841453344,0.4571924967392018,0.26054775036442906,2.3051771903244775,1.0028682234703896,0.008946623028961997,88.28996829787671,1.0,0.0,4.688302880876522
2026-02-27T11:32:42.106374Z,of_farneback__robust_ossm_ekf,robust_ossm_ekf,26,0.2722309899874415,0.2722309899874415,completed,559.4536619186401,subject_kfold,32,raw,,/home/gongjae/Projects/resPyre/robust_ossm_ekf/of_farneback__robust_ossm_ekf/trials/trial_00026/run_workspace/results/trial_00026,/home/gongjae/Projects/resPyre/robust_ossm_ekf/of_farneback__robust_ossm_ekf/trials/trial_00026,56c9f7c5e5c71ebb,/home/gongjae/Projects/resPyre/robust_ossm_ekf/of_farneback__robust_ossm_ekf/trials/trial_00026/trial_manifest.json,/home/gongjae/Projects/resPyre/robust_ossm_ekf/of_farneback__robust_ossm_ekf/trials/trial_00026/metrics_summary.json,"{""oscillator.g_z_eff_floor_ratio"": 0.1710348563411572, ""oscillator.post_smooth_alpha"": 0.6291201145207603, ""oscillator.qf"": 0.0006386811246040807, ""oscillator.qx"": 0.0028690875990166433, ""oscillator.rv_floor"": 0.009906692584826314, ""oscillator.spec_guidance_strength"": 0.7962885024373263, ""oscillator.student_t_nu"": 8.313370507219116, ""oscillator.tau_env"": 30.15276993539734, ""trust.alpha_R_max"": 5.168781183103952, ""trust.g_z_floor"": 0.26563869664269274, ""trust.gate_bias"": 0.687350629079516, ""trust.w_gate_nis"": 0.2838833254310448}",0.51,0.404447078712443,0.26,0.005159867795331268,0.0,0.0,0.0,0.0,0.46514627809099396,0.2744161070993577,2.0861734334668176,1.1706010311049875,0.005616453955930498,90.7368837832414,1.0,0.0,0.0430867167334088
2026-02-27T11:32:47.347385Z,of_farneback__robust_ossm_ekf,robust_ossm_ekf,27,0.810524935287833,0.810524935287833,pruned,5.131850004196167,subject_kfold,1,raw,debug_stage,,/home/gongjae/Projects/resPyre/robust_ossm_ekf/of_farneback__robust_ossm_ekf/trials/trial_00027,3d33d181dd27b753,/home/gongjae/Projects/resPyre/robust_ossm_ekf/of_farneback__robust_ossm_ekf/trials/trial_00027/trial_manifest.json,/home/gongjae/Projects/resPyre/robust_ossm_ekf/of_farneback__robust_ossm_ekf/trials/trial_00027/metrics_summary.json,"{""oscillator.g_z_eff_floor_ratio"": 0.17790016618499868, ""oscillator.post_smooth_alpha"": 0.6081233172447635, ""oscillator.qf"": 0.0001030814134996409, ""oscillator.qx"": 0.0033691245037807743, ""oscillator.rv_floor"": 0.008901835299997182, ""oscillator.spec_guidance_strength"": 0.8088374124750506, ""oscillator.student_t_nu"": 3.1431910409428303, ""oscillator.tau_env"": 33.7079648007215, ""trust.alpha_R_max"": 4.329860787834732, ""trust.g_z_floor"": 0.18295115611606347, ""trust.gate_bias"": 0.5574140294365314, ""trust.w_gate_nis"": 0.2069267125290257}",0.6,0.5168571183788319,0.4,0.0,0.0,0.0,0.0,0.0,0.3633715321196447,0.21519100978493905,2.6016816309226507,0.7934776403194836,0.012448132780082987,92.61410788381743,0.0,1.0,nan
2026-02-27T11:32:52.564611Z,of_farneback__robust_ossm_ekf,robust_ossm_ekf,28,0.9039670375921276,0.9039670375921276,pruned,5.133332014083862,subject_kfold,1,raw,debug_quantile,,/home/gongjae/Projects/resPyre/robust_ossm_ekf/of_farneback__robust_ossm_ekf/trials/trial_00028,520837798c12b9c3,/home/gongjae/Projects/resPyre/robust_ossm_ekf/of_farneback__robust_ossm_ekf/trials/trial_00028/trial_manifest.json,/home/gongjae/Projects/resPyre/robust_ossm_ekf/of_farneback__robust_ossm_ekf/trials/trial_00028/metrics_summary.json,"{""oscillator.g_z_eff_floor_ratio"": 0.25977842543592744, ""oscillator.post_smooth_alpha"": 0.5693319301363483, ""oscillator.qf"": 0.00012727867065975032, ""oscillator.qx"": 0.001354694637052719, ""oscillator.rv_floor"": 0.007459478140717855, ""oscillator.spec_guidance_strength"": 0.6905193271234644, ""oscillator.student_t_nu"": 5.66737776330802, ""oscillator.tau_env"": 32.83349854220754, ""trust.alpha_R_max"": 4.571056211159815, ""trust.g_z_floor"": 0.21335957910504078, ""trust.gate_bias"": 0.5215709787489823, ""trust.w_gate_nis"": 0.1963645938303554}",0.58,0.5047135309745522,0.41,0.0024896265560165973,0.0,0.0,0.0,0.0,0.3543876612717602,0.21210960244886537,2.60408357704705,1.378851237073051,0.009128630705394191,90.87136929460581,1.0,0.0,nan
2026-02-27T11:32:57.681358Z,of_farneback__robust_ossm_ekf,robust_ossm_ekf,29,0.7796191685825143,0.7796191685825143,pruned,5.031532287597656,subject_kfold,1,raw,debug_stage,,/home/gongjae/Projects/resPyre/robust_ossm_ekf/of_farneback__robust_ossm_ekf/trials/trial_00029,82c3b44f5ccfeb83,/home/gongjae/Projects/resPyre/robust_ossm_ekf/of_farneback__robust_ossm_ekf/trials/trial_00029/trial_manifest.json,/home/gongjae/Projects/resPyre/robust_ossm_ekf/of_farneback__robust_ossm_ekf/trials/trial_00029/metrics_summary.json,"{""oscillator.g_z_eff_floor_ratio"": 0.27269631093460894, ""oscillator.post_smooth_alpha"": 0.8666540697861848, ""oscillator.qf"": 0.0007879113371185689, ""oscillator.qx"": 0.0029392595542429285, ""oscillator.rv_floor"": 0.007581318784747538, ""oscillator.spec_guidance_strength"": 0.8521705378256863, ""oscillator.student_t_nu"": 11.214652960962594, ""oscillator.tau_env"": 43.410752918185366, ""trust.alpha_R_max"": 5.504223945561613, ""trust.g_z_floor"": 0.1863893949592895, ""trust.gate_bias"": 0.7016153425220045, ""trust.w_gate_nis"": 0.4806277953930016}",0.6,0.4995342195753046,0.4,0.0016597510373443983,0.0,0.0,0.0,0.0,0.3094556072885824,0.18584500494044018,2.611830961443205,0.9818755876870217,0.0033195020746887966,97.75933609958506,0.0,0.0,nan
2026-02-27T11:42:19.990913Z,of_farneback__robust_ossm_ekf,robust_ossm_ekf,30,1.0233406795767666,1.0233406795767666,completed,562.217086315155,subject_kfold,32,raw,,/home/gongjae/Projects/resPyre/robust_ossm_ekf/of_farneback__robust_ossm_ekf/trials/trial_00030/run_workspace/results/trial_00030,/home/gongjae/Projects/resPyre/robust_ossm_ekf/of_farneback__robust_ossm_ekf/trials/trial_00030,b1c8ab24c6c2540e,/home/gongjae/Projects/resPyre/robust_ossm_ekf/of_farneback__robust_ossm_ekf/trials/trial_00030/trial_manifest.json,/home/gongjae/Projects/resPyre/robust_ossm_ekf/of_farneback__robust_ossm_ekf/trials/trial_00030/metrics_summary.json,"{""oscillator.g_z_eff_floor_ratio"": 0.2924124183872833, ""oscillator.post_smooth_alpha"": 0.911648761680299, ""oscillator.qf"": 0.0002965471757583569, ""oscillator.qx"": 0.003259697225262919, ""oscillator.rv_floor"": 0.008332076145238536, ""oscillator.spec_guidance_strength"": 1.0038610077443297, ""oscillator.student_t_nu"": 6.780057578079401, ""oscillator.tau_env"": 41.1131226855251, ""trust.alpha_R_max"": 4.213733921632653, ""trust.g_z_floor"": 0.23128724004632034, ""trust.gate_bias"": 0.6991028236270861, ""trust.w_gate_nis"": 0.41481511389070647}",0.655,0.4638600836100483,0.44,0.014881536755384398,0.002425222312045271,0.0,0.0,0.00020644095788604458,0.3933734495200216,0.22612968374910355,2.2965898578401713,1.1483979489472793,0.013151552468222485,92.50210042502718,1.0,0.0,4.862580643205798
2026-02-27T11:52:05.472537Z,of_farneback__robust_ossm_ekf,robust_ossm_ekf,31,0.3476302390616614,0.3476302390616614,completed,585.3652884960175,subject_kfold,32,raw,,/home/gongjae/Projects/resPyre/robust_ossm_ekf/of_farneback__robust_ossm_ekf/trials/trial_00031/run_workspace/results/trial_00031,/home/gongjae/Projects/resPyre/robust_ossm_ekf/of_farneback__robust_ossm_ekf/trials/trial_00031,39c90230352bb4b6,/home/gongjae/Projects/resPyre/robust_ossm_ekf/of_farneback__robust_ossm_ekf/trials/trial_00031/trial_manifest.json,/home/gongjae/Projects/resPyre/robust_ossm_ekf/of_farneback__robust_ossm_ekf/trials/trial_00031/metrics_summary.json,"{""oscillator.g_z_eff_floor_ratio"": 0.23425738203136978, ""oscillator.post_smooth_alpha"": 0.5271000319368168, ""oscillator.qf"": 0.0005093205878581852, ""oscillator.qx"": 0.0010637262475414041, ""oscillator.rv_floor"": 0.019872001135310804, ""oscillator.spec_guidance_strength"": 0.6523732782918039, ""oscillator.student_t_nu"": 8.153196178464455, ""oscillator.tau_env"": 48.837598067293776, ""trust.alpha_R_max"": 4.194432269730798, ""trust.g_z_floor"": 0.25991595851147775, ""trust.gate_bias"": 0.7503570528148225, ""trust.w_gate_nis"": 0.24966959174268727}",0.5,0.4029838392404306,0.28,0.00474707879288032,0.0,0.0,0.0,0.0006624576304620678,0.4455826113436611,0.26436053908482776,2.081542618246399,1.537652589448257,0.0033415749143878614,86.55256723716381,1.0,0.0,0.11607648801971338
2026-02-27T12:01:59.875371Z,of_farneback__robust_ossm_ekf,robust_ossm_ekf,32,0.22414243529980052,0.22414243529980052,completed,594.2787144184113,subject_kfold,32,raw,,/home/gongjae/Projects/resPyre/robust_ossm_ekf/of_farneback__robust_ossm_ekf/trials/trial_00032/run_workspace/results/trial_00032,/home/gongjae/Projects/resPyre/robust_ossm_ekf/of_farneback__robust_ossm_ekf/trials/trial_00032,5bc041892f2e6145,/home/gongjae/Projects/resPyre/robust_ossm_ekf/of_farneback__robust_ossm_ekf/trials/trial_00032/trial_manifest.json,/home/gongjae/Projects/resPyre/robust_ossm_ekf/of_farneback__robust_ossm_ekf/trials/trial_00032/metrics_summary.json,"{""oscillator.g_z_eff_floor_ratio"": 0.2057668769999951, ""oscillator.post_smooth_alpha"": 0.5489951573730089, ""oscillator.qf"": 0.0015236242961964238, ""oscillator.qx"": 0.001476045934106027, ""oscillator.rv_floor"": 0.01081671283421916, ""oscillator.spec_guidance_strength"": 0.6746104686503827, ""oscillator.student_t_nu"": 12.30800980355059, ""oscillator.tau_env"": 55.48974755086795, ""trust.alpha_R_max"": 3.884404466199131, ""trust.g_z_floor"": 0.2601968142401885, ""trust.gate_bias"": 0.7443978199480052, ""trust.w_gate_nis"": 0.10791242652202121}",0.495,0.39281559946587497,0.17,0.01717328370554177,0.0,0.01717328370554177,0.0,0.012369598246465573,0.541128072489295,0.3135870992712275,1.8927386084839164,1.1261151511151746,0.0019488953582179384,94.2792009276829,1.0,0.0,0.0
2026-02-27T12:11:47.467918Z,of_farneback__robust_ossm_ekf,robust_ossm_ekf,33,1.8872198959948108,1.8872198959948108,pruned,587.4718799591064,subject_kfold,32,raw,full_objective,/home/gongjae/Projects/resPyre/robust_ossm_ekf/of_farneback__robust_ossm_ekf/trials/trial_00033/run_workspace/results/trial_00033,/home/gongjae/Projects/resPyre/robust_ossm_ekf/of_farneback__robust_ossm_ekf/trials/trial_00033,5439e9f466c5cc43,/home/gongjae/Projects/resPyre/robust_ossm_ekf/of_farneback__robust_ossm_ekf/trials/trial_00033/trial_manifest.json,/home/gongjae/Projects/resPyre/robust_ossm_ekf/of_farneback__robust_ossm_ekf/trials/trial_00033/metrics_summary.json,"{""oscillator.g_z_eff_floor_ratio"": 0.222034005503612, ""oscillator.post_smooth_alpha"": 0.6331692639195832, ""oscillator.qf"": 0.0014317647225008526, ""oscillator.qx"": 0.0017941308426529974, ""oscillator.rv_floor"": 0.008993537579167309, ""oscillator.spec_guidance_strength"": 0.7280778278643129, ""oscillator.student_t_nu"": 13.371180871288988, ""oscillator.tau_env"": 58.91114547837574, ""trust.alpha_R_max"": 4.190446560055866, ""trust.g_z_floor"": 0.2370619825545503, ""trust.gate_bias"": 0.6145566662032607, ""trust.w_gate_nis"": 0.16022435889211953}",0.57,0.4192157647794946,0.635,0.05415628816285688,0.008589362736347049,0.047138039206712536,0.0,0.05222746481648322,0.495777676616174,0.2626956221888604,2.217933331890791,1.2849549644364102,0.0033698646493920173,94.51349427127501,1.0,0.0,11.787538094516819
2026-02-27T12:20:54.609180Z,of_farneback__robust_ossm_ekf,robust_ossm_ekf,34,0.7093218106631222,0.7093218106631222,pruned,547.0358319282532,subject_kfold,32,raw,full_objective,/home/gongjae/Projects/resPyre/robust_ossm_ekf/of_farneback__robust_ossm_ekf/trials/trial_00034/run_workspace/results/trial_00034,/home/gongjae/Projects/resPyre/robust_ossm_ekf/of_farneback__robust_ossm_ekf/trials/trial_00034,d0a25a52f6b1fd38,/home/gongjae/Projects/resPyre/robust_ossm_ekf/of_farneback__robust_ossm_ekf/trials/trial_00034/trial_manifest.json,/home/gongjae/Projects/resPyre/robust_ossm_ekf/of_farneback__robust_ossm_ekf/trials/trial_00034/metrics_summary.json,"{""oscillator.g_z_eff_floor_ratio"": 0.17891157071996877, ""oscillator.post_smooth_alpha"": 0.5754983539076624, ""oscillator.qf"": 0.0010498008059789874, ""oscillator.qx"": 0.001741196200937143, ""oscillator.rv_floor"": 0.009017624911352003, ""oscillator.spec_guidance_strength"": 0.7545763690077941, ""oscillator.student_t_nu"": 10.959538998509434, ""oscillator.tau_env"": 50.87180373992863, ""trust.alpha_R_max"": 4.028934333934978, ""trust.g_z_floor"": 0.27518247099009097, ""trust.gate_bias"": 0.8032947608912107, ""trust.w_gate_nis"": 0.08322909384166369}",0.53,0.4226128655459449,0.39,0.04007203875453853,0.00480950040950041,0.03358529176658673,0.0,0.02039627016426886,0.5015664161870332,0.2664586463520432,2.147974214440727,1.1788247220563937,0.0041286275921528556,89.69629535227975,1.0,0.0,3.0025585357917914
2026-02-27T12:20:59.844445Z,of_farneback__robust_ossm_ekf,robust_ossm_ekf,35,0.7697220308996988,0.7697220308996988,pruned,5.1315648555755615,subject_kfold,1,raw,debug_stage,,/home/gongjae/Projects/resPyre/robust_ossm_ekf/of_farneback__robust_ossm_ekf/trials/trial_00035,9a72509dc0b387f9,/home/gongjae/Projects/resPyre/robust_ossm_ekf/of_farneback__robust_ossm_ekf/trials/trial_00035/trial_manifest.json,/home/gongjae/Projects/resPyre/robust_ossm_ekf/of_farneback__robust_ossm_ekf/trials/trial_00035/metrics_summary.json,"{""oscillator.g_z_eff_floor_ratio"": 0.23257667522573136, ""oscillator.post_smooth_alpha"": 0.8601638972410912, ""oscillator.qf"": 0.0012873329541202968, ""oscillator.qx"": 0.002481086842162278, ""oscillator.rv_floor"": 0.006549337685178724, ""oscillator.spec_guidance_strength"": 1.145011245932919, ""oscillator.student_t_nu"": 11.548949238596252, ""oscillator.tau_env"": 37.148086841346746, ""trust.alpha_R_max"": 4.579010916801972, ""trust.g_z_floor"": 0.1980571745001247, ""trust.gate_bias"": 0.6954738200788153, ""trust.w_gate_nis"": 0.3034290080560676}",0.59,0.5154622586721611,0.4,0.0016597510373443983,0.0,0.0,0.0,0.0,0.3264588952056593,0.19584821300714406,2.604162794032698,1.0068548230302006,0.004149377593360996,98.17427385892117,0.0,0.0,nan
2026-02-27T12:30:06.884912Z,of_farneback__robust_ossm_ekf,robust_ossm_ekf,36,0.2985282387876312,0.2985282387876312,completed,546.9490280151367,subject_kfold,32,raw,,/home/gongjae/Projects/resPyre/robust_ossm_ekf/of_farneback__robust_ossm_ekf/trials/trial_00036/run_workspace/results/trial_00036,/home/gongjae/Projects/resPyre/robust_ossm_ekf/of_farneback__robust_ossm_ekf/trials/trial_00036,b75fbe427f390c23,/home/gongjae/Projects/resPyre/robust_ossm_ekf/of_farneback__robust_ossm_ekf/trials/trial_00036/trial_manifest.json,/home/gongjae/Projects/resPyre/robust_ossm_ekf/of_farneback__robust_ossm_ekf/trials/trial_00036/metrics_summary.json,"{""oscillator.g_z_eff_floor_ratio"": 0.23929600004728496, ""oscillator.post_smooth_alpha"": 0.6938694217197809, ""oscillator.qf"": 0.00039599854892769627, ""oscillator.qx"": 0.003399419245050291, ""oscillator.rv_floor"": 0.011653476121798073, ""oscillator.spec_guidance_strength"": 1.1380537506793904, ""oscillator.student_t_nu"": 10.369681304031946, ""oscillator.tau_env"": 33.76198637941239, ""trust.alpha_R_max"": 4.2619476638725455, ""trust.g_z_floor"": 0.18530118547124882, ""trust.gate_bias"": 0.6653933390799975, ""trust.w_gate_nis"": 0.5036136506826886}",0.495,0.39655811858015666,0.28,0.006519967400162999,0.0,0.0,0.0,0.0,0.43853657498992377,0.2585237355373949,2.082014564745299,1.2871909799513976,0.00448077364099546,87.6268710119864,1.0,0.0,0.0410072823726495
2026-02-27T12:30:12.296817Z,of_farneback__robust_ossm_ekf,robust_ossm_ekf,37,0.885050184758299,0.885050184758299,pruned,5.293068170547485,subject_kfold,1,raw,debug_quantile,,/home/gongjae/Projects/resPyre/robust_ossm_ekf/of_farneback__robust_ossm_ekf/trials/trial_00037,ee4fe83e57011d68,/home/gongjae/Projects/resPyre/robust_ossm_ekf/of_farneback__robust_ossm_ekf/trials/trial_00037/trial_manifest.json,/home/gongjae/Projects/resPyre/robust_ossm_ekf/of_farneback__robust_ossm_ekf/trials/trial_00037/metrics_summary.json,"{""oscillator.g_z_eff_floor_ratio"": 0.29934947028154557, ""oscillator.post_smooth_alpha"": 0.8926792226893695, ""oscillator.qf"": 0.00031527813457794346, ""oscillator.qx"": 0.0032383301506428955, ""oscillator.rv_floor"": 0.011535634303141699, ""oscillator.spec_guidance_strength"": 1.0507483104988429, ""oscillator.student_t_nu"": 13.30076169699245, ""oscillator.tau_env"": 47.68855563850869, ""trust.alpha_R_max"": 4.118190929769044, ""trust.g_z_floor"": 0.18767087711250752, ""trust.gate_bias"": 0.663534603749097, ""trust.w_gate_nis"": 0.537622936708182}",0.62,0.47698651836278066,0.42,0.0008298755186721991,0.0,0.0,0.0,0.0,0.3081179973747868,0.18541126404064048,2.599573715323656,1.0256256212612824,0.0,97.26141078838174,0.0,0.0,nan
2026-02-27T12:30:17.618739Z,of_farneback__robust_ossm_ekf,robust_ossm_ekf,38,0.7780612139289476,0.7780612139289476,pruned,5.224687337875366,subject_kfold,1,raw,debug_stage,,/home/gongjae/Projects/resPyre/robust_ossm_ekf/of_farneback__robust_ossm_ekf/trials/trial_00038,45e9b5761a3ec6d5,/home/gongjae/Projects/resPyre/robust_ossm_ekf/of_farneback__robust_ossm_ekf/trials/trial_00038/trial_manifest.json,/home/gongjae/Projects/resPyre/robust_ossm_ekf/of_farneback__robust_ossm_ekf/trials/trial_00038/metrics_summary.json,"{""oscillator.g_z_eff_floor_ratio"": 0.29736003216027124, ""oscillator.post_smooth_alpha"": 0.8347039361832246, ""oscillator.qf"": 0.0013868323866296937, ""oscillator.qx"": 0.0030391453019266886, ""oscillator.rv_floor"": 0.013047164717304782, ""oscillator.spec_guidance_strength"": 1.0794990488690168, ""oscillator.student_t_nu"": 9.331163387011813, ""oscillator.tau_env"": 36.71912573992825, ""trust.alpha_R_max"": 4.7000833368416, ""trust.g_z_floor"": 0.22955197231912094, ""trust.gate_bias"": 0.43488842323765514, ""trust.w_gate_nis"": 0.46296521930419565}",0.6,0.5115543096188864,0.39,0.0016597510373443983,0.0,0.0,0.0,0.0,0.36216284738126103,0.21765651825258994,2.605368494481225,0.7153446778999677,0.0,98.42323651452283,0.0,1.0,nan
2026-02-27T12:30:22.879850Z,of_farneback__robust_ossm_ekf,robust_ossm_ekf,39,0.7878345228927974,0.7878345228927974,pruned,5.157963752746582,subject_kfold,1,raw,debug_stage,,/home/gongjae/Projects/resPyre/robust_ossm_ekf/of_farneback__robust_ossm_ekf/trials/trial_00039,9eb9727cc3ae3b02,/home/gongjae/Projects/resPyre/robust_ossm_ekf/of_farneback__robust_ossm_ekf/trials/trial_00039/trial_manifest.json,/home/gongjae/Projects/resPyre/robust_ossm_ekf/of_farneback__robust_ossm_ekf/trials/trial_00039/metrics_summary.json,"{""oscillator.g_z_eff_floor_ratio"": 0.20756934655758774, ""oscillator.post_smooth_alpha"": 0.7048400981249276, ""oscillator.qf"": 0.00010754406385984645, ""oscillator.qx"": 0.0032319178692786607, ""oscillator.rv_floor"": 0.007174907843052668, ""oscillator.spec_guidance_strength"": 0.8467267397722439, ""oscillator.student_t_nu"": 7.8997050724418205, ""oscillator.tau_env"": 33.12646837217087, ""trust.alpha_R_max"": 4.539856136659387, ""trust.g_z_floor"": 0.21102660952808347, ""trust.gate_bias"": 0.7689806675440151, ""trust.w_gate_nis"": 0.3037639341254409}",0.61,0.5153508432788767,0.4,0.0008298755186721991,0.0,0.0,0.0,0.0,0.3167766251734634,0.18862669673647778,2.6037728709109462,0.972796059218933,0.0033195020746887966,92.69709543568464,0.0,0.0,nan
2026-02-27T12:30:28.087732Z,of_farneback__robust_ossm_ekf,robust_ossm_ekf,40,0.7906455554113359,0.7906455554113359,pruned,5.110731840133667,subject_kfold,1,raw,debug_stage,,/home/gongjae/Projects/resPyre/robust_ossm_ekf/of_farneback__robust_ossm_ekf/trials/trial_00040,32d82480d3f7e4a5,/home/gongjae/Projects/resPyre/robust_ossm_ekf/of_farneback__robust_ossm_ekf/trials/trial_00040/trial_manifest.json,/home/gongjae/Projects/resPyre/robust_ossm_ekf/of_farneback__robust_ossm_ekf/trials/trial_00040/metrics_summary.json,"{""oscillator.g_z_eff_floor_ratio"": 0.18711572836829926, ""oscillator.post_smooth_alpha"": 0.4816195227482686, ""oscillator.qf"": 0.0014452486581009334, ""oscillator.qx"": 0.0011570676399962625, ""oscillator.rv_floor"": 0.00804245342677317, ""oscillator.spec_guidance_strength"": 0.7824135473604681, ""oscillator.student_t_nu"": 11.900944337630447, ""oscillator.tau_env"": 58.530477427063914, ""trust.alpha_R_max"": 4.295642385365296, ""trust.g_z_floor"": 0.2557929589925181, ""trust.gate_bias"": 0.7636650663984882, ""trust.w_gate_nis"": 0.3750143045422249}",0.58,0.4930666307080232,0.38,0.0024896265560165973,0.0,0.0,0.0,0.0,0.28864094154720404,0.1725293317575776,2.6013408667486813,1.4190531202536412,0.0016597510373443983,97.9253112033195,1.0,0.0,nan
2026-02-27T12:39:39.885840Z,of_farneback__robust_ossm_ekf,robust_ossm_ekf,41,0.44808526533998494,0.44808526533998494,pruned,551.7009499073029,subject_kfold,32,raw,full_objective,/home/gongjae/Projects/resPyre/robust_ossm_ekf/of_farneback__robust_ossm_ekf/trials/trial_00041/run_workspace/results/trial_00041,/home/gongjae/Projects/resPyre/robust_ossm_ekf/of_farneback__robust_ossm_ekf/trials/trial_00041,1cc66e2670cbe1ea,/home/gongjae/Projects/resPyre/robust_ossm_ekf/of_farneback__robust_ossm_ekf/trials/trial_00041/trial_manifest.json,/home/gongjae/Projects/resPyre/robust_ossm_ekf/of_farneback__robust_ossm_ekf/trials/trial_00041/metrics_summary.json,"{""oscillator.g_z_eff_floor_ratio"": 0.16359177971082542, ""oscillator.post_smooth_alpha"": 0.6081174639029205, ""oscillator.qf"": 0.000624821166103699, ""oscillator.qx"": 0.0011024463864136346, ""oscillator.rv_floor"": 0.02791051104808192, ""oscillator.spec_guidance_strength"": 0.6606601568650221, ""oscillator.student_t_nu"": 13.588267442113764, ""oscillator.tau_env"": 55.55714696338416, ""trust.alpha_R_max"": 3.8733543232260446, ""trust.g_z_floor"": 0.2558483386843629, ""trust.gate_bias"": 0.7684833375184182, ""trust.w_gate_nis"": 0.08480534513721855}",0.475,0.39228562158145147,0.33999999999999997,0.005127656166131808,0.0,0.0006963788300835655,0.0,0.0009198123139276722,0.4801167912078273,0.28208730185389463,2.07946406099279,1.173570058952917,0.0005935350114000278,87.43934739695295,1.0,0.0,1.1825891733535354
2026-02-27T12:48:51.648977Z,of_farneback__robust_ossm_ekf,robust_ossm_ekf,42,0.2296337815847053,0.2296337815847053,completed,551.6441559791565,subject_kfold,32,raw,,/home/gongjae/Projects/resPyre/robust_ossm_ekf/of_farneback__robust_ossm_ekf/trials/trial_00042/run_workspace/results/trial_00042,/home/gongjae/Projects/resPyre/robust_ossm_ekf/of_farneback__robust_ossm_ekf/trials/trial_00042,807deda2707aa06f,/home/gongjae/Projects/resPyre/robust_ossm_ekf/of_farneback__robust_ossm_ekf/trials/trial_00042/trial_manifest.json,/home/gongjae/Projects/resPyre/robust_ossm_ekf/of_farneback__robust_ossm_ekf/trials/trial_00042/metrics_summary.json,"{""oscillator.g_z_eff_floor_ratio"": 0.23068313305133262, ""oscillator.post_smooth_alpha"": 0.5027118008621169, ""oscillator.qf"": 0.001250016662454378, ""oscillator.qx"": 0.0013043403486393142, ""oscillator.rv_floor"": 0.012132364021061397, ""oscillator.spec_guidance_strength"": 0.6609357216540966, ""oscillator.student_t_nu"": 12.13377834653441, ""oscillator.tau_env"": 52.856461281532646, ""trust.alpha_R_max"": 5.487650019484176, ""trust.g_z_floor"": 0.2384957776759754, ""trust.gate_bias"": 0.6802470020886138, ""trust.w_gate_nis"": 0.08614471664359123}",0.49,0.39400798190273234,0.165,0.014528505914847048,0.0,0.014528505914847048,0.0,0.012647143301414528,0.5568066590092987,0.32287407395119777,1.8980919748596563,1.1628658598677066,0.0015893583024899631,92.39500418935903,1.0,0.0,0.0
2026-02-27T12:48:56.873800Z,of_farneback__robust_ossm_ekf,robust_ossm_ekf,43,0.7807959252318943,0.7807959252318943,pruned,5.104082345962524,subject_kfold,1,raw,debug_stage,,/home/gongjae/Projects/resPyre/robust_ossm_ekf/of_farneback__robust_ossm_ekf/trials/trial_00043,b63c92ef21ec5784,/home/gongjae/Projects/resPyre/robust_ossm_ekf/of_farneback__robust_ossm_ekf/trials/trial_00043/trial_manifest.json,/home/gongjae/Projects/resPyre/robust_ossm_ekf/of_farneback__robust_ossm_ekf/trials/trial_00043/metrics_summary.json,"{""oscillator.g_z_eff_floor_ratio"": 0.24826027028045336, ""oscillator.post_smooth_alpha"": 0.5855175808380814, ""oscillator.qf"": 0.002401027391473756, ""oscillator.qx"": 0.0010528022627400587, ""oscillator.rv_floor"": 0.009055113032657994, ""oscillator.spec_guidance_strength"": 0.7029599341133821, ""oscillator.student_t_nu"": 12.60281294625316, ""oscillator.tau_env"": 47.71730664585272, ""trust.alpha_R_max"": 5.62953543141657, ""trust.g_z_floor"": 0.24354258725392577, ""trust.gate_bias"": 0.7714339884148308, ""trust.w_gate_nis"": 0.0629803763994309}",0.57,0.5024478186590939,0.39,0.028215767634854772,0.006639004149377593,0.028215767634854772,0.0,0.008298755186721992,0.3427876322703691,0.20376178515205334,2.6125148402545917,1.3441921976948397,0.0,98.67219917012449,0.0,1.0,nan
2026-02-27T12:49:02.069822Z,of_farneback__robust_ossm_ekf,robust_ossm_ekf,44,0.8008370225889982,0.8008370225889982,pruned,5.099349021911621,subject_kfold,1,raw,debug_stage,,/home/gongjae/Projects/resPyre/robust_ossm_ekf/of_farneback__robust_ossm_ekf/trials/trial_00044,65b558f3af2b3a9b,/home/gongjae/Projects/resPyre/robust_ossm_ekf/of_farneback__robust_ossm_ekf/trials/trial_00044/trial_manifest.json,/home/gongjae/Projects/resPyre/robust_ossm_ekf/of_farneback__robust_ossm_ekf/trials/trial_00044/metrics_summary.json,"{""oscillator.g_z_eff_floor_ratio"": 0.2692510972882763, ""oscillator.post_smooth_alpha"": 0.5323878820860417, ""oscillator.qf"": 0.0017754565298393195, ""oscillator.qx"": 0.0021811761364538343, ""oscillator.rv_floor"": 0.013294505998588425, ""oscillator.spec_guidance_strength"": 0.6511248958071927, ""oscillator.student_t_nu"": 11.858050741303712, ""oscillator.tau_env"": 54.748838224781224, ""trust.alpha_R_max"": 6.6715676875245515, ""trust.g_z_floor"": 0.2687019212325299, ""trust.gate_bias"": 0.5727453988101946, ""trust.w_gate_nis"": 0.11510939106134084}",0.58,0.5118890201226065,0.4,0.0008298755186721991,0.0,0.0,0.0,0.006639004149377593,0.3716336429587508,0.22189266780198189,2.615697977410761,0.7809459344398431,0.0,98.67219917012449,0.0,1.0,nan
2026-02-27T12:59:10.823734Z,of_farneback__robust_ossm_ekf,robust_ossm_ekf,45,1.1814508832714217,1.1814508832714217,pruned,608.6495010852814,subject_kfold,32,raw,full_objective,/home/gongjae/Projects/resPyre/robust_ossm_ekf/of_farneback__robust_ossm_ekf/trials/trial_00045/run_workspace/results/trial_00045,/home/gongjae/Projects/resPyre/robust_ossm_ekf/of_farneback__robust_ossm_ekf/trials/trial_00045,038b376baab40d8d,/home/gongjae/Projects/resPyre/robust_ossm_ekf/of_farneback__robust_ossm_ekf/trials/trial_00045/trial_manifest.json,/home/gongjae/Projects/resPyre/robust_ossm_ekf/of_farneback__robust_ossm_ekf/trials/trial_00045/metrics_summary.json,"{""oscillator.g_z_eff_floor_ratio"": 0.18741359926837792, ""oscillator.post_smooth_alpha"": 0.4927708209729651, ""oscillator.qf"": 0.0011077583485917797, ""oscillator.qx"": 0.0014568855320323904, ""oscillator.rv_floor"": 0.011379751577188197, ""oscillator.spec_guidance_strength"": 0.7697277380938186, ""oscillator.student_t_nu"": 12.001438975302285, ""oscillator.tau_env"": 49.60196974335717, ""trust.alpha_R_max"": 6.221507482185727, ""trust.g_z_floor"": 0.21247193290139116, ""trust.gate_bias"": 0.6696985630774335, ""trust.w_gate_nis"": 0.13872886655159966}",0.645,0.46421497568618497,0.47,0.04831110447650778,0.00041425020712510354,0.027109604875998318,0.0,0.03586077650708806,0.4348128761444795,0.24969863798051123,2.329598488002022,1.3002563650130954,0.0026191991765036,94.91745435247208,1.0,0.0,5.950513529715294
2026-02-27T13:09:20.877203Z,of_farneback__robust_ossm_ekf,robust_ossm_ekf,46,0.4360519315755221,0.4360519315755221,pruned,609.9428312778473,subject_kfold,32,raw,full_objective,/home/gongjae/Projects/resPyre/robust_ossm_ekf/of_farneback__robust_ossm_ekf/trials/trial_00046/run_workspace/results/trial_00046,/home/gongjae/Projects/resPyre/robust_ossm_ekf/of_farneback__robust_ossm_ekf/trials/trial_00046,acedf8e9487598ee,/home/gongjae/Projects/resPyre/robust_ossm_ekf/of_farneback__robust_ossm_ekf/trials/trial_00046/trial_manifest.json,/home/gongjae/Projects/resPyre/robust_ossm_ekf/of_farneback__robust_ossm_ekf/trials/trial_00046/metrics_summary.json,"{""oscillator.g_z_eff_floor_ratio"": 0.24737587561396504, ""oscillator.post_smooth_alpha"": 0.644108866044168, ""oscillator.qf"": 0.000491922220754294, ""oscillator.qx"": 0.0012095662462821876, ""oscillator.rv_floor"": 0.014321298839587316, ""oscillator.spec_guidance_strength"": 0.7411259750527204, ""oscillator.student_t_nu"": 11.644533516171313, ""oscillator.tau_env"": 53.03271703309832, ""trust.alpha_R_max"": 5.437353441791051, ""trust.g_z_floor"": 0.24086578371420428, ""trust.gate_bias"": 0.49186397633789486, ""trust.w_gate_nis"": 0.07957574990698799}",0.49,0.40602997020115905,0.32999999999999996,0.0036805674609977712,0.0,0.0,0.0,0.00046719073317621937,0.5270516172624211,0.31225049515745157,2.087028956396232,1.3612845892176102,0.0013117072249960561,86.23413827190382,1.0,0.0,0.8292287639123992
2026-02-27T13:18:57.871484Z,of_farneback__robust_ossm_ekf,robust_ossm_ekf,47,0.20880992166399784,0.20880992166399784,completed,576.8682448863983,subject_kfold,32,raw,,/home/gongjae/Projects/resPyre/robust_ossm_ekf/of_farneback__robust_ossm_ekf/trials/trial_00047/run_workspace/results/trial_00047,/home/gongjae/Projects/resPyre/robust_ossm_ekf/of_farneback__robust_ossm_ekf/trials/trial_00047,b562cd9cc5213c0e,/home/gongjae/Projects/resPyre/robust_ossm_ekf/of_farneback__robust_ossm_ekf/trials/trial_00047/trial_manifest.json,/home/gongjae/Projects/resPyre/robust_ossm_ekf/of_farneback__robust_ossm_ekf/trials/trial_00047/metrics_summary.json,"{""oscillator.g_z_eff_floor_ratio"": 0.25437733350031105, ""oscillator.post_smooth_alpha"": 0.451049510140453, ""oscillator.qf"": 0.0011855575487932652, ""oscillator.qx"": 0.0015265735285352015, ""oscillator.rv_floor"": 0.02148161885666112, ""oscillator.spec_guidance_strength"": 0.7401185914532755, ""oscillator.student_t_nu"": 12.081557200844655, ""oscillator.tau_env"": 53.48473669448345, ""trust.alpha_R_max"": 4.817591913303022, ""trust.g_z_floor"": 0.21144797483349356, ""trust.gate_bias"": 0.6743032224017219, ""trust.w_gate_nis"": 0.12096661647138199}",0.49,0.39426884324307265,0.175,0.008137348376502993,0.0,0.005327234342012667,0.0,0.010527605853184055,0.5538326875251063,0.3209428206654482,1.8975400174096113,0.9628442286799348,0.0014607727943565262,94.20619078036836,1.0,0.0,0.0
2026-02-27T13:28:33.427561Z,of_farneback__robust_ossm_ekf,robust_ossm_ekf,48,2.0034160719618415,2.0034160719618415,pruned,575.4307096004486,subject_kfold,32,raw,full_objective,/home/gongjae/Projects/resPyre/robust_ossm_ekf/of_farneback__robust_ossm_ekf/trials/trial_00048/run_workspace/results/trial_00048,/home/gongjae/Projects/resPyre/robust_ossm_ekf/of_farneback__robust_ossm_ekf/trials/trial_00048,31e8ade6408df5b9,/home/gongjae/Projects/resPyre/robust_ossm_ekf/of_farneback__robust_ossm_ekf/trials/trial_00048/trial_manifest.json,/home/gongjae/Projects/resPyre/robust_ossm_ekf/of_farneback__robust_ossm_ekf/trials/trial_00048/metrics_summary.json,"{""oscillator.g_z_eff_floor_ratio"": 0.2649372416020169, ""oscillator.post_smooth_alpha"": 0.4865774856986786, ""oscillator.qf"": 0.0017043582946963411, ""oscillator.qx"": 0.0014076558987992532, ""oscillator.rv_floor"": 0.023918025078758016, ""oscillator.spec_guidance_strength"": 0.7000409845141609, ""oscillator.student_t_nu"": 12.98833479954919, ""oscillator.tau_env"": 52.01028779031476, ""trust.alpha_R_max"": 4.999714528641175, ""trust.g_z_floor"": 0.19477854748443063, ""trust.gate_bias"": 0.6642247459391037, ""trust.w_gate_nis"": 0.0714827889666717}",0.59,0.4121707059247176,0.6699999999999999,0.08510497233129052,0.013991689390988184,0.0811728130971735,0.0,0.0801906307447463,0.5052362378584951,0.2667988190179963,2.239654008500745,1.1051163472159105,0.0010202533987301926,93.76423717054968,0.0,0.5,13.048398432821795
2026-02-27T13:37:59.619614Z,of_farneback__robust_ossm_ekf,robust_ossm_ekf,49,0.9777622490827974,0.9777622490827974,pruned,566.0682029724121,subject_kfold,32,raw,full_objective,/home/gongjae/Projects/resPyre/robust_ossm_ekf/of_farneback__robust_ossm_ekf/trials/trial_00049/run_workspace/results/trial_00049,/home/gongjae/Projects/resPyre/robust_ossm_ekf/of_farneback__robust_ossm_ekf/trials/trial_00049,3d0d57e1a1048446,/home/gongjae/Projects/resPyre/robust_ossm_ekf/of_farneback__robust_ossm_ekf/trials/trial_00049/trial_manifest.json,/home/gongjae/Projects/resPyre/robust_ossm_ekf/of_farneback__robust_ossm_ekf/trials/trial_00049/metrics_summary.json,"{""oscillator.g_z_eff_floor_ratio"": 0.26647893979922505, ""oscillator.post_smooth_alpha"": 0.47357946016477626, ""oscillator.qf"": 0.00047395151013685644, ""oscillator.qx"": 0.0013586266006899647, ""oscillator.rv_floor"": 0.010820244736506762, ""oscillator.spec_guidance_strength"": 0.6524136706295426, ""oscillator.student_t_nu"": 12.300041059619009, ""oscillator.tau_env"": 47.66329041380388, ""trust.alpha_R_max"": 4.352096329586259, ""trust.g_z_floor"": 0.23923256267358683, ""trust.gate_bias"": 0.655539633329545, ""trust.w_gate_nis"": 0.061450676416357694}",0.535,0.4283787773054287,0.445,0.019383051687268553,0.0012205044751830757,0.013741452295669164,0.0,0.010445104018023451,0.5313941110055932,0.2840733103092593,2.1499452246586745,1.2952226302475598,0.0032413660733402972,84.73162025250006,1.0,0.0,4.967829755186479
2026-02-27T13:47:36.632445Z,of_farneback__robust_ossm_ekf,robust_ossm_ekf,50,1.5490216760787114,1.5490216760787114,pruned,576.8904066085815,subject_kfold,32,raw,full_objective,/home/gongjae/Projects/resPyre/robust_ossm_ekf/of_farneback__robust_ossm_ekf/trials/trial_00050/run_workspace/results/trial_00050,/home/gongjae/Projects/resPyre/robust_ossm_ekf/of_farneback__robust_ossm_ekf/trials/trial_00050,5890cb8d38ff2709,/home/gongjae/Projects/resPyre/robust_ossm_ekf/of_farneback__robust_ossm_ekf/trials/trial_00050/trial_manifest.json,/home/gongjae/Projects/resPyre/robust_ossm_ekf/of_farneback__robust_ossm_ekf/trials/trial_00050/metrics_summary.json,"{""oscillator.g_z_eff_floor_ratio"": 0.25361101844538014, ""oscillator.post_smooth_alpha"": 0.5043316676345295, ""oscillator.qf"": 0.0008366763093915975, ""oscillator.qx"": 0.0019105847859655516, ""oscillator.rv_floor"": 0.015534615933396334, ""oscillator.spec_guidance_strength"": 0.7730007142106975, ""oscillator.student_t_nu"": 12.230117840214177, ""oscillator.tau_env"": 59.208319041922344, ""trust.alpha_R_max"": 5.820629893690697, ""trust.g_z_floor"": 0.19712435881910848, ""trust.gate_bias"": 0.6407788504807931, ""trust.w_gate_nis"": 0.38300616563556966}",0.625,0.4549591574457524,0.5549999999999999,0.02618588117833956,0.009308477534265601,0.0,0.0,0.00713860306235246,0.4035174638731084,0.23391502909132178,2.3154152958965137,1.259215727293297,0.002900751462500682,95.99307294470057,1.0,0.0,8.979136219376825
2026-02-27T13:47:42.146001Z,of_farneback__robust_ossm_ekf,robust_ossm_ekf,51,0.909907172447735,0.909907172447735,pruned,5.389615058898926,subject_kfold,1,raw,debug_quantile,,/home/gongjae/Projects/resPyre/robust_ossm_ekf/of_farneback__robust_ossm_ekf/trials/trial_00051,65621f900d10259e,/home/gongjae/Projects/resPyre/robust_ossm_ekf/of_farneback__robust_ossm_ekf/trials/trial_00051/trial_manifest.json,/home/gongjae/Projects/resPyre/robust_ossm_ekf/of_farneback__robust_ossm_ekf/trials/trial_00051/metrics_summary.json,"{""oscillator.g_z_eff_floor_ratio"": 0.2147578844918145, ""oscillator.post_smooth_alpha"": 0.6015318450898219, ""oscillator.qf"": 0.00015458385878338806, ""oscillator.qx"": 0.0016839305752776369, ""oscillator.rv_floor"": 0.007063656016855872, ""oscillator.spec_guidance_strength"": 0.9250944643513705, ""oscillator.student_t_nu"": 4.238292126738692, ""oscillator.tau_env"": 44.08694379294568, ""trust.alpha_R_max"": 4.082899320761352, ""trust.g_z_floor"": 0.21423687583608444, ""trust.gate_bias"": 0.47985111543600145, ""trust.w_gate_nis"": 0.3059565832498713}",0.58,0.5111567916029505,0.42,0.0016597510373443983,0.0,0.0,0.0,0.0,0.3448100230367334,0.20615118246971298,2.5992222636156956,1.3161212695906594,0.016597510373443983,92.36514522821577,0.0,1.0,nan
2026-02-27T13:47:47.624030Z,of_farneback__robust_ossm_ekf,robust_ossm_ekf,52,0.7674877725583382,0.7674877725583382,pruned,5.367619276046753,subject_kfold,1,raw,debug_stage,,/home/gongjae/Projects/resPyre/robust_ossm_ekf/of_farneback__robust_ossm_ekf/trials/trial_00052,ca7407271e0a8278,/home/gongjae/Projects/resPyre/robust_ossm_ekf/of_farneback__robust_ossm_ekf/trials/trial_00052/trial_manifest.json,/home/gongjae/Projects/resPyre/robust_ossm_ekf/of_farneback__robust_ossm_ekf/trials/trial_00052/metrics_summary.json,"{""oscillator.g_z_eff_floor_ratio"": 0.2010595581734449, ""oscillator.post_smooth_alpha"": 0.47028581168127537, ""oscillator.qf"": 0.0005732819000127517, ""oscillator.qx"": 0.0016353121704542463, ""oscillator.rv_floor"": 0.029352893376571775, ""oscillator.spec_guidance_strength"": 0.8748697132401867, ""oscillator.student_t_nu"": 10.860591802043396, ""oscillator.tau_env"": 50.27400863191113, ""trust.alpha_R_max"": 5.134656783087839, ""trust.g_z_floor"": 0.2256805512327338, ""trust.gate_bias"": 0.5432911400520943, ""trust.w_gate_nis"": 0.17681682188367234}",0.6,0.49720693182596165,0.39,0.0008298755186721991,0.0008298755186721991,0.0,0.0,0.0,0.36905465700721674,0.22082614865380176,2.6093071643918035,0.7840672692718111,0.0,97.0954356846473,0.0,1.0,nan
2026-02-27T13:47:52.995744Z,of_farneback__robust_ossm_ekf,robust_ossm_ekf,53,0.7832328301931504,0.7832328301931504,pruned,5.268251895904541,subject_kfold,1,raw,debug_stage,,/home/gongjae/Projects/resPyre/robust_ossm_ekf/of_farneback__robust_ossm_ekf/trials/trial_00053,9c0d1a27c90d9dc4,/home/gongjae/Projects/resPyre/robust_ossm_ekf/of_farneback__robust_ossm_ekf/trials/trial_00053/trial_manifest.json,/home/gongjae/Projects/resPyre/robust_ossm_ekf/of_farneback__robust_ossm_ekf/trials/trial_00053/metrics_summary.json,"{""oscillator.g_z_eff_floor_ratio"": 0.23588102049373064, ""oscillator.post_smooth_alpha"": 0.6481536532656507, ""oscillator.qf"": 0.0003499192904522582, ""oscillator.qx"": 0.0022366266066989444, ""oscillator.rv_floor"": 0.006398719320184623, ""oscillator.spec_guidance_strength"": 0.7340203113274305, ""oscillator.student_t_nu"": 9.385037061211973, ""oscillator.tau_env"": 38.22834596652764, ""trust.alpha_R_max"": 5.80271046133114, ""trust.g_z_floor"": 0.19510684278494722, ""trust.gate_bias"": 0.4310968711393503, ""trust.w_gate_nis"": 0.26899383307026953}",0.59,0.5128604525702937,0.4,0.0024896265560165973,0.0,0.0,0.0,0.0,0.36645097443212726,0.2201404687818168,2.6133692485978908,1.0822483978004387,0.005809128630705394,96.92946058091286,0.0,1.0,nan
2026-02-27T13:57:24.287078Z,of_farneback__robust_ossm_ekf,robust_ossm_ekf,54,0.8111457381730709,0.8111457381730709,pruned,571.1806185245514,subject_kfold,32,raw,full_objective,/home/gongjae/Projects/resPyre/robust_ossm_ekf/of_farneback__robust_ossm_ekf/trials/trial_00054/run_workspace/results/trial_00054,/home/gongjae/Projects/resPyre/robust_ossm_ekf/of_farneback__robust_ossm_ekf/trials/trial_00054,3529821c26201ab0,/home/gongjae/Projects/resPyre/robust_ossm_ekf/of_farneback__robust_ossm_ekf/trials/trial_00054/trial_manifest.json,/home/gongjae/Projects/resPyre/robust_ossm_ekf/of_farneback__robust_ossm_ekf/trials/trial_00054/metrics_summary.json,"{""oscillator.g_z_eff_floor_ratio"": 0.21911749003487319, ""oscillator.post_smooth_alpha"": 0.526666135075969, ""oscillator.qf"": 0.0018253475819384316, ""oscillator.qx"": 0.0016284810882369353, ""oscillator.rv_floor"": 0.011761860336946204, ""oscillator.spec_guidance_strength"": 0.6692170665706088, ""oscillator.student_t_nu"": 13.192241054958243, ""oscillator.tau_env"": 52.88117853501406, ""trust.alpha_R_max"": 3.8228661306196194, ""trust.g_z_floor"": 0.2288622621757262, ""trust.gate_bias"": 0.7781120480206343, ""trust.w_gate_nis"": 0.06936976345148889}",0.53,0.4223822085052014,0.41500000000000004,0.05477841502422891,0.007661727760648624,0.05477841502422891,0.0,0.05995024698862569,0.5099825314925723,0.26973145688306716,2.1628394859752116,1.0791714622701694,0.003013478931393486,92.78409638554217,1.0,0.0,3.902848314416177
2026-02-27T14:07:04.643974Z,of_farneback__robust_ossm_ekf,robust_ossm_ekf,55,1.2782363670240549,1.2782363670240549,pruned,580.2194344997406,subject_kfold,32,raw,full_objective,/home/gongjae/Projects/resPyre/robust_ossm_ekf/of_farneback__robust_ossm_ekf/trials/trial_00055/run_workspace/results/trial_00055,/home/gongjae/Projects/resPyre/robust_ossm_ekf/of_farneback__robust_ossm_ekf/trials/trial_00055,ff87495a3ec95d8a,/home/gongjae/Projects/resPyre/robust_ossm_ekf/of_farneback__robust_ossm_ekf/trials/trial_00055/trial_manifest.json,/home/gongjae/Projects/resPyre/robust_ossm_ekf/of_farneback__robust_ossm_ekf/trials/trial_00055/metrics_summary.json,"{""oscillator.g_z_eff_floor_ratio"": 0.23830726452032594, ""oscillator.post_smooth_alpha"": 0.5627956063602324, ""oscillator.qf"": 0.0007192429784158217, ""oscillator.qx"": 0.0021410909292452042, ""oscillator.rv_floor"": 0.028033486089603578, ""oscillator.spec_guidance_strength"": 0.7740029569308241, ""oscillator.student_t_nu"": 9.11632698790565, ""oscillator.tau_env"": 57.26831660814794, ""trust.alpha_R_max"": 4.275692870277164, ""trust.g_z_floor"": 0.23824085720579777, ""trust.gate_bias"": 0.7914897277727072, ""trust.w_gate_nis"": 0.15896373717084894}",0.635,0.4593523996069534,0.5,0.030604453771278142,0.0,0.0,0.0,0.005269741012830128,0.41905032539730996,0.2421051054946507,2.3034926421058066,0.8693121175932834,0.0017176237549305455,95.52218258979133,1.0,0.0,7.008889178195759
2026-02-27T14:16:42.487907Z,of_farneback__robust_ossm_ekf,robust_ossm_ekf,56,0.42273077551147087,0.42273077551147087,pruned,577.7058839797974,subject_kfold,32,raw,full_objective,/home/gongjae/Projects/resPyre/robust_ossm_ekf/of_farneback__robust_ossm_ekf/trials/trial_00056/run_workspace/results/trial_00056,/home/gongjae/Projects/resPyre/robust_ossm_ekf/of_farneback__robust_ossm_ekf/trials/trial_00056,11dfb47335810b19,/home/gongjae/Projects/resPyre/robust_ossm_ekf/of_farneback__robust_ossm_ekf/trials/trial_00056/trial_manifest.json,/home/gongjae/Projects/resPyre/robust_ossm_ekf/of_farneback__robust_ossm_ekf/trials/trial_00056/metrics_summary.json,"{""oscillator.g_z_eff_floor_ratio"": 0.2687617358096488, ""oscillator.post_smooth_alpha"": 0.4625787293584551, ""oscillator.qf"": 0.0015087843115538571, ""oscillator.qx"": 0.0018299453862089413, ""oscillator.rv_floor"": 0.020540319553471287, ""oscillator.spec_guidance_strength"": 0.7826463023040829, ""oscillator.student_t_nu"": 12.61562038771543, ""oscillator.tau_env"": 46.26637004230763, ""trust.alpha_R_max"": 4.568851745656853, ""trust.g_z_floor"": 0.2543020544186065, ""trust.gate_bias"": 0.6850536188113814, ""trust.w_gate_nis"": 0.26517109569458286}",0.5,0.40296088071359687,0.33499999999999996,0.00867541116529289,0.0,0.006617297370745295,0.0,0.002925221964573421,0.4653471699258819,0.27612642625250217,2.0921537542951447,1.1570643554932731,0.0015433295145135017,94.76942107430924,1.0,0.0,1.0103625914332839
2026-02-27T14:16:47.983970Z,of_farneback__robust_ossm_ekf,robust_ossm_ekf,57,0.7617607453187711,0.7617607453187711,pruned,5.372656345367432,subject_kfold,1,raw,debug_stage,,/home/gongjae/Projects/resPyre/robust_ossm_ekf/of_farneback__robust_ossm_ekf/trials/trial_00057,3c30e20b084cd4f8,/home/gongjae/Projects/resPyre/robust_ossm_ekf/of_farneback__robust_ossm_ekf/trials/trial_00057/trial_manifest.json,/home/gongjae/Projects/resPyre/robust_ossm_ekf/of_farneback__robust_ossm_ekf/trials/trial_00057/metrics_summary.json,"{""oscillator.g_z_eff_floor_ratio"": 0.2827144823973837, ""oscillator.post_smooth_alpha"": 0.7088530520279741, ""oscillator.qf"": 0.0016956823749512961, ""oscillator.qx"": 0.0030939488252355934, ""oscillator.rv_floor"": 0.00968158938716431, ""oscillator.spec_guidance_strength"": 1.029635335259536, ""oscillator.student_t_nu"": 9.758411606330085, ""oscillator.tau_env"": 39.16636233181729, ""trust.alpha_R_max"": 3.6597196607610742, ""trust.g_z_floor"": 0.18559940488693275, ""trust.gate_bias"": 0.6527716259121991, ""trust.w_gate_nis"": 0.3192281827394129}",0.59,0.5157417017853994,0.39,0.0008298755186721991,0.0,0.0,0.0,0.0,0.3374999187829902,0.20221830631946944,2.593232575775129,0.8052656309161371,0.0,98.67219917012449,0.0,1.0,nan
2026-02-27T14:16:53.550971Z,of_farneback__robust_ossm_ekf,robust_ossm_ekf,58,0.7590976822452111,0.7590976822452111,pruned,5.461344480514526,subject_kfold,1,raw,debug_stage,,/home/gongjae/Projects/resPyre/robust_ossm_ekf/of_farneback__robust_ossm_ekf/trials/trial_00058,a18bf7309da99273,/home/gongjae/Projects/resPyre/robust_ossm_ekf/of_farneback__robust_ossm_ekf/trials/trial_00058/trial_manifest.json,/home/gongjae/Projects/resPyre/robust_ossm_ekf/of_farneback__robust_ossm_ekf/trials/trial_00058/metrics_summary.json,"{""oscillator.g_z_eff_floor_ratio"": 0.28398950726820676, ""oscillator.post_smooth_alpha"": 0.8824523050187308, ""oscillator.qf"": 0.0015503636762655643, ""oscillator.qx"": 0.0032045259176030085, ""oscillator.rv_floor"": 0.00762722867718229, ""oscillator.spec_guidance_strength"": 1.1113997333512362, ""oscillator.student_t_nu"": 11.279073151757236, ""oscillator.tau_env"": 39.57875090173248, ""trust.alpha_R_max"": 3.591783801230073, ""trust.g_z_floor"": 0.24120969812592685, ""trust.gate_bias"": 0.7318780166001819, ""trust.w_gate_nis"": 0.4802408769373072}",0.6,0.5022531103854978,0.39,0.0024896265560165973,0.0,0.0,0.0,0.0,0.30940515791293544,0.18579783370074293,2.587984274556377,0.884989220413844,0.0016597510373443983,98.58921161825727,0.0,1.0,nan
2026-02-27T14:16:58.940579Z,of_farneback__robust_ossm_ekf,robust_ossm_ekf,59,0.7892385453597603,0.7892385453597603,pruned,5.2858991622924805,subject_kfold,1,raw,debug_stage,,/home/gongjae/Projects/resPyre/robust_ossm_ekf/of_farneback__robust_ossm_ekf/trials/trial_00059,0c0d9405bc98406d,/home/gongjae/Projects/resPyre/robust_ossm_ekf/of_farneback__robust_ossm_ekf/trials/trial_00059/trial_manifest.json,/home/gongjae/Projects/resPyre/robust_ossm_ekf/of_farneback__robust_ossm_ekf/trials/trial_00059/metrics_summary.json,"{""oscillator.g_z_eff_floor_ratio"": 0.21510057792257145, ""oscillator.post_smooth_alpha"": 0.7452334627438064, ""oscillator.qf"": 0.0001269286690200008, ""oscillator.qx"": 0.0019338031923950864, ""oscillator.rv_floor"": 0.006534642422591433, ""oscillator.spec_guidance_strength"": 0.8403400708116389, ""oscillator.student_t_nu"": 5.385391189620281, ""oscillator.tau_env"": 28.227687289270158, ""trust.alpha_R_max"": 5.425208932730001, ""trust.g_z_floor"": 0.21596239822193886, ""trust.gate_bias"": 0.5669396618783196, ""trust.w_gate_nis"": 0.14767980175281775}",0.58,0.5073921977905593,0.4,0.0024896265560165973,0.0,0.0,0.0,0.0,0.36151912120207946,0.2165964869259471,2.6113678982103985,1.1383383426357154,0.011618257261410789,91.45228215767635,0.0,1.0,nan
2026-02-27T14:17:04.293267Z,of_farneback__robust_ossm_ekf,robust_ossm_ekf,60,0.8399422891573907,0.8399422891573907,pruned,5.257517099380493,subject_kfold,1,raw,debug_quantile,,/home/gongjae/Projects/resPyre/robust_ossm_ekf/of_farneback__robust_ossm_ekf/trials/trial_00060,8ae6d7efdc262de1,/home/gongjae/Projects/resPyre/robust_ossm_ekf/of_farneback__robust_ossm_ekf/trials/trial_00060/trial_manifest.json,/home/gongjae/Projects/resPyre/robust_ossm_ekf/of_farneback__robust_ossm_ekf/trials/trial_00060/metrics_summary.json,"{""oscillator.g_z_eff_floor_ratio"": 0.20944611001215216, ""oscillator.post_smooth_alpha"": 0.5162957412464158, ""oscillator.qf"": 0.00012933189381577522, ""oscillator.qx"": 0.002052290666689828, ""oscillator.rv_floor"": 0.007610197587778033, ""oscillator.spec_guidance_strength"": 0.837440412359953, ""oscillator.student_t_nu"": 7.521633958950298, ""oscillator.tau_env"": 37.693921354677656, ""trust.alpha_R_max"": 5.459146355192243, ""trust.g_z_floor"": 0.18724300540461908, ""trust.gate_bias"": 0.6082409849782994, ""trust.w_gate_nis"": 0.2884553518975068}",0.59,0.5162225181232799,0.41,0.0016597510373443983,0.0,0.0,0.0,0.0,0.33613307595446756,0.2013067872482346,2.611569099922387,1.1072325390450413,0.005809128630705394,92.03319502074689,0.0,1.0,nan
2026-02-27T14:17:09.580932Z,of_farneback__robust_ossm_ekf,robust_ossm_ekf,61,0.767748751446657,0.767748751446657,pruned,5.188492059707642,subject_kfold,1,raw,debug_stage,,/home/gongjae/Projects/resPyre/robust_ossm_ekf/of_farneback__robust_ossm_ekf/trials/trial_00061,3e0f6d682f8a54ad,/home/gongjae/Projects/resPyre/robust_ossm_ekf/of_farneback__robust_ossm_ekf/trials/trial_00061/trial_manifest.json,/home/gongjae/Projects/resPyre/robust_ossm_ekf/of_farneback__robust_ossm_ekf/trials/trial_00061/metrics_summary.json,"{""oscillator.g_z_eff_floor_ratio"": 0.22458073780724816, ""oscillator.post_smooth_alpha"": 0.5704202639291092, ""oscillator.qf"": 0.00025165384839252074, ""oscillator.qx"": 0.0021825848887097998, ""oscillator.rv_floor"": 0.006970954063955573, ""oscillator.spec_guidance_strength"": 0.7168454697455444, ""oscillator.student_t_nu"": 3.863688853816811, ""oscillator.tau_env"": 46.373862693850036, ""trust.alpha_R_max"": 4.961034433972715, ""trust.g_z_floor"": 0.1898144644685152, ""trust.gate_bias"": 0.534756322630101, ""trust.w_gate_nis"": 0.16287816081546289}",0.59,0.5207849696288074,0.4,0.0016597510373443983,0.0,0.0,0.0,0.0,0.3660741601568038,0.21979637765285076,2.6078663150215537,1.0502671292275196,0.019087136929460582,95.93360995850622,0.0,0.0,nan
2026-02-27T14:26:44.219025Z,of_farneback__robust_ossm_ekf,robust_ossm_ekf,62,0.2269941656417563,0.2269941656417563,completed,574.5442447662354,subject_kfold,32,raw,,/home/gongjae/Projects/resPyre/robust_ossm_ekf/of_farneback__robust_ossm_ekf/trials/trial_00062/run_workspace/results/trial_00062,/home/gongjae/Projects/resPyre/robust_ossm_ekf/of_farneback__robust_ossm_ekf/trials/trial_00062,3d64b94aa4b4db94,/home/gongjae/Projects/resPyre/robust_ossm_ekf/of_farneback__robust_ossm_ekf/trials/trial_00062/trial_manifest.json,/home/gongjae/Projects/resPyre/robust_ossm_ekf/of_farneback__robust_ossm_ekf/trials/trial_00062/metrics_summary.json,"{""oscillator.g_z_eff_floor_ratio"": 0.20730426810960473, ""oscillator.post_smooth_alpha"": 0.4666324850478558, ""oscillator.qf"": 0.0008426540549899413, ""oscillator.qx"": 0.0011223678605359368, ""oscillator.rv_floor"": 0.018287621711227102, ""oscillator.spec_guidance_strength"": 0.7572541293103157, ""oscillator.student_t_nu"": 11.423522670108584, ""oscillator.tau_env"": 53.55870499147885, ""trust.alpha_R_max"": 5.026124441699981, ""trust.g_z_floor"": 0.25309103743987965, ""trust.gate_bias"": 0.6996758466781651, ""trust.w_gate_nis"": 0.06826413645343693}",0.49,0.4005010069908109,0.16,0.007412950336563033,0.0,0.0028973509933774835,0.0,0.009605567325084066,0.5571973348196895,0.3226028272387488,1.8983819834672429,1.1555547155083956,0.0014354075346162665,90.16335870944354,1.0,0.0,0.0
2026-02-27T14:26:49.644540Z,of_farneback__robust_ossm_ekf,robust_ossm_ekf,63,0.7917371455942869,0.7917371455942869,pruned,5.3054516315460205,subject_kfold,1,raw,debug_stage,,/home/gongjae/Projects/resPyre/robust_ossm_ekf/of_farneback__robust_ossm_ekf/trials/trial_00063,de2fd6742d3d5e9e,/home/gongjae/Projects/resPyre/robust_ossm_ekf/of_farneback__robust_ossm_ekf/trials/trial_00063/trial_manifest.json,/home/gongjae/Projects/resPyre/robust_ossm_ekf/of_farneback__robust_ossm_ekf/trials/trial_00063/metrics_summary.json,"{""oscillator.g_z_eff_floor_ratio"": 0.19384113292376012, ""oscillator.post_smooth_alpha"": 0.8064708400058036, ""oscillator.qf"": 0.0002814216952376728, ""oscillator.qx"": 0.0029732841687490795, ""oscillator.rv_floor"": 0.0068116436404493715, ""oscillator.spec_guidance_strength"": 0.8269398604405935, ""oscillator.student_t_nu"": 6.080661263847495, ""oscillator.tau_env"": 38.47938455349676, ""trust.alpha_R_max"": 4.0373713780444955, ""trust.g_z_floor"": 0.2587963927197249, ""trust.gate_bias"": 0.5672513969913853, ""trust.w_gate_nis"": 0.24106383844317725}",0.6,0.5227473391696149,0.4,0.0008298755186721991,0.0,0.0,0.0,0.0,0.3549937247472209,0.21364706676275633,2.598768873314781,0.9115766848429646,0.006639004149377593,96.51452282157676,0.0,1.0,nan
2026-02-27T14:36:26.824115Z,of_farneback__robust_ossm_ekf,robust_ossm_ekf,64,0.9213538769847724,0.9213538769847724,pruned,577.0795321464539,subject_kfold,32,raw,full_objective,/home/gongjae/Projects/resPyre/robust_ossm_ekf/of_farneback__robust_ossm_ekf/trials/trial_00064/run_workspace/results/trial_00064,/home/gongjae/Projects/resPyre/robust_ossm_ekf/of_farneback__robust_ossm_ekf/trials/trial_00064,697e87d2bb029a0a,/home/gongjae/Projects/resPyre/robust_ossm_ekf/of_farneback__robust_ossm_ekf/trials/trial_00064/trial_manifest.json,/home/gongjae/Projects/resPyre/robust_ossm_ekf/of_farneback__robust_ossm_ekf/trials/trial_00064/metrics_summary.json,"{""oscillator.g_z_eff_floor_ratio"": 0.23703486383270186, ""oscillator.post_smooth_alpha"": 0.4751182282593214, ""oscillator.qf"": 0.000946247246187133, ""oscillator.qx"": 0.0011629211482702437, ""oscillator.rv_floor"": 0.013360740372248811, ""oscillator.spec_guidance_strength"": 0.696087120366813, ""oscillator.student_t_nu"": 9.314882433021534, ""oscillator.tau_env"": 58.54896441557987, ""trust.alpha_R_max"": 5.463443303426315, ""trust.g_z_floor"": 0.19714850037924744, ""trust.gate_bias"": 0.7104976461640626, ""trust.w_gate_nis"": 0.0966875478543352}",0.54,0.4309430246331645,0.43,0.034245454545454544,0.0,0.033644644828855354,0.0,0.023939334124240416,0.5129729133641913,0.27334151024034753,2.164956068289844,1.3382427785227775,0.00362033061763494,90.46082005759425,1.0,0.0,4.4396208912877775
2026-02-27T14:45:56.143055Z,of_farneback__robust_ossm_ekf,robust_ossm_ekf,65,1.202659131600492,1.202659131600492,pruned,569.1998474597931,subject_kfold,32,raw,full_objective,/home/gongjae/Projects/resPyre/robust_ossm_ekf/of_farneback__robust_ossm_ekf/trials/trial_00065/run_workspace/results/trial_00065,/home/gongjae/Projects/resPyre/robust_ossm_ekf/of_farneback__robust_ossm_ekf/trials/trial_00065,dd2f430929ecc730,/home/gongjae/Projects/resPyre/robust_ossm_ekf/of_farneback__robust_ossm_ekf/trials/trial_00065/trial_manifest.json,/home/gongjae/Projects/resPyre/robust_ossm_ekf/of_farneback__robust_ossm_ekf/trials/trial_00065/metrics_summary.json,"{""oscillator.g_z_eff_floor_ratio"": 0.2161385012616289, ""oscillator.post_smooth_alpha"": 0.46744083658629654, ""oscillator.qf"": 0.0004840263165148939, ""oscillator.qx"": 0.0010562864710785443, ""oscillator.rv_floor"": 0.01932657113289467, ""oscillator.spec_guidance_strength"": 0.8189823426712082, ""oscillator.student_t_nu"": 9.374685345788656, ""oscillator.tau_env"": 52.28408968140655, ""trust.alpha_R_max"": 5.610435727161781, ""trust.g_z_floor"": 0.2436532569452743, ""trust.gate_bias"": 0.7448422143196359, ""trust.w_gate_nis"": 0.1158707429919458}",0.625,0.451387998058595,0.475,0.027300833221019418,0.0,0.0,0.0,0.012191835504214422,0.4253786014188167,0.2439311313384478,2.327159728397237,1.3908864232214353,0.002205668671592444,90.0833220430836,1.0,0.0,6.1278655784843306
2026-02-27T14:46:01.464992Z,of_farneback__robust_ossm_ekf,robust_ossm_ekf,66,0.7605147377809337,0.7605147377809337,pruned,5.175834655761719,subject_kfold,1,raw,debug_stage,,/home/gongjae/Projects/resPyre/robust_ossm_ekf/of_farneback__robust_ossm_ekf/trials/trial_00066,0ad4ea160b2434f6,/home/gongjae/Projects/resPyre/robust_ossm_ekf/of_farneback__robust_ossm_ekf/trials/trial_00066/trial_manifest.json,/home/gongjae/Projects/resPyre/robust_ossm_ekf/of_farneback__robust_ossm_ekf/trials/trial_00066/metrics_summary.json,"{""oscillator.g_z_eff_floor_ratio"": 0.23654288845918398, ""oscillator.post_smooth_alpha"": 0.9196166139333668, ""oscillator.qf"": 0.000945119185147587, ""oscillator.qx"": 0.0020809179068270933, ""oscillator.rv_floor"": 0.008837687435382144, ""oscillator.spec_guidance_strength"": 1.012908218234089, ""oscillator.student_t_nu"": 13.812867043494366, ""oscillator.tau_env"": 41.80611466790651, ""trust.alpha_R_max"": 4.14067608045225, ""trust.g_z_floor"": 0.1940643365326671, ""trust.gate_bias"": 0.4490146552695706, ""trust.w_gate_nis"": 0.5270862794847102}",0.6,0.49418386904006156,0.39,0.0016597510373443983,0.0,0.0,0.0,0.0,0.3316070440012154,0.19858728212190505,2.599797633836684,1.1506563945316828,0.0016597510373443983,97.9253112033195,0.0,1.0,nan
2026-02-27T14:55:26.451979Z,of_farneback__robust_ossm_ekf,robust_ossm_ekf,67,0.23872200268469707,0.23872200268469707,completed,564.8794622421265,subject_kfold,32,raw,,/home/gongjae/Projects/resPyre/robust_ossm_ekf/of_farneback__robust_ossm_ekf/trials/trial_00067/run_workspace/results/trial_00067,/home/gongjae/Projects/resPyre/robust_ossm_ekf/of_farneback__robust_ossm_ekf/trials/trial_00067,7c571459c466201a,/home/gongjae/Projects/resPyre/robust_ossm_ekf/of_farneback__robust_ossm_ekf/trials/trial_00067/trial_manifest.json,/home/gongjae/Projects/resPyre/robust_ossm_ekf/of_farneback__robust_ossm_ekf/trials/trial_00067/metrics_summary.json,"{""oscillator.g_z_eff_floor_ratio"": 0.2964889648867069, ""oscillator.post_smooth_alpha"": 0.8604021455016819, ""oscillator.qf"": 0.0005802082664144526, ""oscillator.qx"": 0.002055687374713079, ""oscillator.rv_floor"": 0.011812464007183778, ""oscillator.spec_guidance_strength"": 1.0417385707530233, ""oscillator.student_t_nu"": 11.636165454933344, ""oscillator.tau_env"": 34.793146853799115, ""trust.alpha_R_max"": 4.68539241480906, ""trust.g_z_floor"": 0.19126113128642455, ""trust.gate_bias"": 0.6474296526749349, ""trust.w_gate_nis"": 0.33517885394992386}",0.495,0.40069723671619356,0.19,0.004097256461446857,0.0,0.0,0.0,0.0032622203811101904,0.5139160817992167,0.2999889575232883,1.8974387615685573,1.1715192640165544,0.004154589328175432,89.31716901636688,1.0,0.0,0.0
2026-02-27T15:04:56.227826Z,of_farneback__robust_ossm_ekf,robust_ossm_ekf,68,2.048117761289106,2.048117761289106,pruned,569.6452050209045,subject_kfold,32,raw,full_objective,/home/gongjae/Projects/resPyre/robust_ossm_ekf/of_farneback__robust_ossm_ekf/trials/trial_00068/run_workspace/results/trial_00068,/home/gongjae/Projects/resPyre/robust_ossm_ekf/of_farneback__robust_ossm_ekf/trials/trial_00068,1a294b2b4cfcd762,/home/gongjae/Projects/resPyre/robust_ossm_ekf/of_farneback__robust_ossm_ekf/trials/trial_00068/trial_manifest.json,/home/gongjae/Projects/resPyre/robust_ossm_ekf/of_farneback__robust_ossm_ekf/trials/trial_00068/metrics_summary.json,"{""oscillator.g_z_eff_floor_ratio"": 0.29802474291252146, ""oscillator.post_smooth_alpha"": 0.8951145762169506, ""oscillator.qf"": 0.0011873706186841622, ""oscillator.qx"": 0.0015306853293991683, ""oscillator.rv_floor"": 0.014375707394543451, ""oscillator.spec_guidance_strength"": 1.0390282353662306, ""oscillator.student_t_nu"": 8.454088094655011, ""oscillator.tau_env"": 30.624092295694314, ""trust.alpha_R_max"": 3.9470226841052014, ""trust.g_z_floor"": 0.1919782390447785, ""trust.gate_bias"": 0.5212680283217395, ""trust.w_gate_nis"": 0.23640126061499028}",0.59,0.4135853116979868,0.665,0.031184190246847356,0.0069056528196677755,0.019000494095423204,0.0,0.04353519227421219,0.4955927485599539,0.26386037443709465,2.2102625345373794,1.3625432350943867,0.004826250616890914,92.22759131078317,1.0,0.0,12.855131267268687
2026-02-27T15:14:19.196138Z,of_farneback__robust_ossm_ekf,robust_ossm_ekf,69,1.0609106955531797,1.0609106955531797,pruned,562.8423402309418,subject_kfold,32,raw,full_objective,/home/gongjae/Projects/resPyre/robust_ossm_ekf/of_farneback__robust_ossm_ekf/trials/trial_00069/run_workspace/results/trial_00069,/home/gongjae/Projects/resPyre/robust_ossm_ekf/of_farneback__robust_ossm_ekf/trials/trial_00069,785d13239f28bc21,/home/gongjae/Projects/resPyre/robust_ossm_ekf/of_farneback__robust_ossm_ekf/trials/trial_00069/trial_manifest.json,/home/gongjae/Projects/resPyre/robust_ossm_ekf/of_farneback__robust_ossm_ekf/trials/trial_00069/metrics_summary.json,"{""oscillator.g_z_eff_floor_ratio"": 0.2749776959896903, ""oscillator.post_smooth_alpha"": 0.7661429830441349, ""oscillator.qf"": 0.00035999572374384534, ""oscillator.qx"": 0.0018877499304528992, ""oscillator.rv_floor"": 0.011104275608958422, ""oscillator.spec_guidance_strength"": 1.0515993697918782, ""oscillator.student_t_nu"": 11.895318066521487, ""oscillator.tau_env"": 34.611764376607276, ""trust.alpha_R_max"": 5.8316857596147305, ""trust.g_z_floor"": 0.21079243959024468, ""trust.gate_bias"": 0.6078926961334976, ""trust.w_gate_nis"": 0.2242445646448603}",0.54,0.43166374210704,0.46499999999999997,0.010504918938653879,0.001606425702811245,0.0,0.0,0.006996209292475391,0.5073939473839035,0.26800616202576943,2.1454521380245524,1.243956678872737,0.004456745299374513,83.87830827528515,1.0,0.0,5.679868926155131
2026-02-27T15:14:24.643336Z,of_farneback__robust_ossm_ekf,robust_ossm_ekf,70,0.8385922400041665,0.8385922400041665,pruned,5.318193674087524,subject_kfold,1,raw,debug_quantile,,/home/gongjae/Projects/resPyre/robust_ossm_ekf/of_farneback__robust_ossm_ekf/trials/trial_00070,0abe5b30c35baadc,/home/gongjae/Projects/resPyre/robust_ossm_ekf/of_farneback__robust_ossm_ekf/trials/trial_00070/trial_manifest.json,/home/gongjae/Projects/resPyre/robust_ossm_ekf/of_farneback__robust_ossm_ekf/trials/trial_00070/metrics_summary.json,"{""oscillator.g_z_eff_floor_ratio"": 0.2755040203631031, ""oscillator.post_smooth_alpha"": 0.7286277699937338, ""oscillator.qf"": 0.00045663413773796077, ""oscillator.qx"": 0.0013478320821089529, ""oscillator.rv_floor"": 0.014442147213394164, ""oscillator.spec_guidance_strength"": 1.0753542613587705, ""oscillator.student_t_nu"": 13.826739306312339, ""oscillator.tau_env"": 30.342194619972723, ""trust.alpha_R_max"": 4.902898614263497, ""trust.g_z_floor"": 0.21503524598957494, ""trust.gate_bias"": 0.6063034079022889, ""trust.w_gate_nis"": 0.5390007541241185}",0.59,0.46249542819532524,0.4,0.0016597510373443983,0.0,0.0,0.0,0.0,0.29638910004201496,0.1770412387421934,2.6073655024589146,1.3212153301022869,0.0,96.6804979253112,0.0,1.0,nan
2026-02-27T15:14:29.865011Z,of_farneback__robust_ossm_ekf,robust_ossm_ekf,71,0.7959961240634308,0.7959961240634308,pruned,5.12349009513855,subject_kfold,1,raw,debug_stage,,/home/gongjae/Projects/resPyre/robust_ossm_ekf/of_farneback__robust_ossm_ekf/trials/trial_00071,d4dd9fd047701482,/home/gongjae/Projects/resPyre/robust_ossm_ekf/of_farneback__robust_ossm_ekf/trials/trial_00071/trial_manifest.json,/home/gongjae/Projects/resPyre/robust_ossm_ekf/of_farneback__robust_ossm_ekf/trials/trial_00071/metrics_summary.json,"{""oscillator.g_z_eff_floor_ratio"": 0.29621102252735787, ""oscillator.post_smooth_alpha"": 0.8938478424938414, ""oscillator.qf"": 0.0003703528397891071, ""oscillator.qx"": 0.00203642437421978, ""oscillator.rv_floor"": 0.007463760024886561, ""oscillator.spec_guidance_strength"": 0.9937437794548168, ""oscillator.student_t_nu"": 11.508514519386237, ""oscillator.tau_env"": 36.47051528004548, ""trust.alpha_R_max"": 4.502915433816206, ""trust.g_z_floor"": 0.20453882097308573, ""trust.gate_bias"": 0.7298753113365133, ""trust.w_gate_nis"": 0.33502558170745494}",0.58,0.5009312162597482,0.4,0.0016597510373443983,0.0,0.0,0.0,0.0,0.31130236698159786,0.1867292091216266,2.603404996691761,1.1346246105366904,0.0016597510373443983,96.43153526970954,0.0,1.0,nan
2026-02-27T15:23:51.942843Z,of_farneback__robust_ossm_ekf,robust_ossm_ekf,72,0.2833029767255747,0.2833029767255747,completed,561.9741635322571,subject_kfold,32,raw,,/home/gongjae/Projects/resPyre/robust_ossm_ekf/of_farneback__robust_ossm_ekf/trials/trial_00072/run_workspace/results/trial_00072,/home/gongjae/Projects/resPyre/robust_ossm_ekf/of_farneback__robust_ossm_ekf/trials/trial_00072,48fd66d01f85cae3,/home/gongjae/Projects/resPyre/robust_ossm_ekf/of_farneback__robust_ossm_ekf/trials/trial_00072/trial_manifest.json,/home/gongjae/Projects/resPyre/robust_ossm_ekf/of_farneback__robust_ossm_ekf/trials/trial_00072/metrics_summary.json,"{""oscillator.g_z_eff_floor_ratio"": 0.2749542036701159, ""oscillator.post_smooth_alpha"": 0.8582423151648324, ""oscillator.qf"": 0.0005862778059694646, ""oscillator.qx"": 0.0016397363441987918, ""oscillator.rv_floor"": 0.016318262614548634, ""oscillator.spec_guidance_strength"": 1.127838628331073, ""oscillator.student_t_nu"": 11.294819247754452, ""oscillator.tau_env"": 39.57548958827532, ""trust.alpha_R_max"": 5.348455431146839, ""trust.g_z_floor"": 0.22652370927573412, ""trust.gate_bias"": 0.7107798635936703, ""trust.w_gate_nis"": 0.3588793138766143}",0.5,0.4089199180710886,0.22999999999999998,0.006012218202417891,0.0,0.0,0.0,0.003728251864125932,0.49173480315362417,0.2869914052812953,1.8975105093182307,1.3751261333740719,0.00362255106299384,89.3104837367247,1.0,0.0,0.0
2026-02-27T15:33:17.382237Z,of_farneback__robust_ossm_ekf,robust_ossm_ekf,73,2.0531638673843426,2.0531638673843426,pruned,565.3136386871338,subject_kfold,32,raw,full_objective,/home/gongjae/Projects/resPyre/robust_ossm_ekf/of_farneback__robust_ossm_ekf/trials/trial_00073/run_workspace/results/trial_00073,/home/gongjae/Projects/resPyre/robust_ossm_ekf/of_farneback__robust_ossm_ekf/trials/trial_00073,4ed0facde22897d2,/home/gongjae/Projects/resPyre/robust_ossm_ekf/of_farneback__robust_ossm_ekf/trials/trial_00073/trial_manifest.json,/home/gongjae/Projects/resPyre/robust_ossm_ekf/of_farneback__robust_ossm_ekf/trials/trial_00073/metrics_summary.json,"{""oscillator.g_z_eff_floor_ratio"": 0.2468370484669427, ""oscillator.post_smooth_alpha"": 0.4761538334187422, ""oscillator.qf"": 0.0014740069784874243, ""oscillator.qx"": 0.0010736581628061775, ""oscillator.rv_floor"": 0.013757186076989609, ""oscillator.spec_guidance_strength"": 0.796478874213968, ""oscillator.student_t_nu"": 10.598831395876388, ""oscillator.tau_env"": 58.12484304032028, ""trust.alpha_R_max"": 4.086208696433321, ""trust.g_z_floor"": 0.2875750675560436, ""trust.gate_bias"": 0.6175185042667025, ""trust.w_gate_nis"": 0.12525375813459239}",0.59,0.4131140281509466,0.6599999999999999,0.07314811715938421,0.00980471344510048,0.064553784360487,0.0,0.06972530169817928,0.4975248293597065,0.26373022384755196,2.21840718894674,1.5078817988999322,0.003240032616723334,92.1248687646378,1.0,0.0,12.696395763701798
2026-02-27T15:42:34.349612Z,of_farneback__robust_ossm_ekf,robust_ossm_ekf,74,1.0780755049703132,1.0780755049703132,pruned,556.8376569747925,subject_kfold,32,raw,full_objective,/home/gongjae/Projects/resPyre/robust_ossm_ekf/of_farneback__robust_ossm_ekf/trials/trial_00074/run_workspace/results/trial_00074,/home/gongjae/Projects/resPyre/robust_ossm_ekf/of_farneback__robust_ossm_ekf/trials/trial_00074,a7b8cf797e0befe9,/home/gongjae/Projects/resPyre/robust_ossm_ekf/of_farneback__robust_ossm_ekf/trials/trial_00074/trial_manifest.json,/home/gongjae/Projects/resPyre/robust_ossm_ekf/of_farneback__robust_ossm_ekf/trials/trial_00074/metrics_summary.json,"{""oscillator.g_z_eff_floor_ratio"": 0.2684329406518178, ""oscillator.post_smooth_alpha"": 0.8663826356095795, ""oscillator.qf"": 0.00044993079833816237, ""oscillator.qx"": 0.0023564419748568566, ""oscillator.rv_floor"": 0.012920135989719608, ""oscillator.spec_guidance_strength"": 0.9255369133833764, ""oscillator.student_t_nu"": 12.941474869108106, ""oscillator.tau_env"": 29.404847368081843, ""trust.alpha_R_max"": 4.98547377001753, ""trust.g_z_floor"": 0.254326740689584, ""trust.gate_bias"": 0.5867235411634386, ""trust.w_gate_nis"": 0.42637444468224095}",0.55,0.428910810525778,0.47,0.007768251181471638,0.0,0.0,0.0,0.00379307799128066,0.47951744050622636,0.2518396196376384,2.1422552490622886,1.194849812792147,0.00407780002943181,88.11581805604513,1.0,0.0,5.856841910245427
2026-02-27T15:51:46.515159Z,of_farneback__robust_ossm_ekf,robust_ossm_ekf,75,1.0333903722851383,1.0333903722851383,pruned,552.0390396118164,subject_kfold,32,raw,full_objective,/home/gongjae/Projects/resPyre/robust_ossm_ekf/of_farneback__robust_ossm_ekf/trials/trial_00075/run_workspace/results/trial_00075,/home/gongjae/Projects/resPyre/robust_ossm_ekf/of_farneback__robust_ossm_ekf/trials/trial_00075,eeb20120a4066d1e,/home/gongjae/Projects/resPyre/robust_ossm_ekf/of_farneback__robust_ossm_ekf/trials/trial_00075/trial_manifest.json,/home/gongjae/Projects/resPyre/robust_ossm_ekf/of_farneback__robust_ossm_ekf/trials/trial_00075/metrics_summary.json,"{""oscillator.g_z_eff_floor_ratio"": 0.19437715526902455, ""oscillator.post_smooth_alpha"": 0.46098072917254596, ""oscillator.qf"": 0.0005706209938016369, ""oscillator.qx"": 0.0015237973099232935, ""oscillator.rv_floor"": 0.017832960110327836, ""oscillator.spec_guidance_strength"": 0.7786387544834211, ""oscillator.student_t_nu"": 11.967868525874106, ""oscillator.tau_env"": 53.007207734747155, ""trust.alpha_R_max"": 5.240023164513309, ""trust.g_z_floor"": 0.2924568284716758, ""trust.gate_bias"": 0.7045815511857362, ""trust.w_gate_nis"": 0.07462383792883319}",0.645,0.4672018814538228,0.445,0.0387959429079312,0.0,0.0,0.0,0.008688250886503188,0.4429270515379504,0.2553211198552803,2.309768572363822,1.1136866273280206,0.0016663301623126628,92.4309945716181,1.0,0.0,5.0477414290390525
2026-02-27T16:00:59.544492Z,of_farneback__robust_ossm_ekf,robust_ossm_ekf,76,0.5116030713658064,0.5116030713658064,pruned,552.9014065265656,subject_kfold,32,raw,full_objective,/home/gongjae/Projects/resPyre/robust_ossm_ekf/of_farneback__robust_ossm_ekf/trials/trial_00076/run_workspace/results/trial_00076,/home/gongjae/Projects/resPyre/robust_ossm_ekf/of_farneback__robust_ossm_ekf/trials/trial_00076,4d08eed8cbc596d2,/home/gongjae/Projects/resPyre/robust_ossm_ekf/of_farneback__robust_ossm_ekf/trials/trial_00076/trial_manifest.json,/home/gongjae/Projects/resPyre/robust_ossm_ekf/of_farneback__robust_ossm_ekf/trials/trial_00076/metrics_summary.json,"{""oscillator.g_z_eff_floor_ratio"": 0.266389912014035, ""oscillator.post_smooth_alpha"": 0.4639572580506409, ""oscillator.qf"": 0.0003591750815515776, ""oscillator.qx"": 0.001143965414794382, ""oscillator.rv_floor"": 0.025848072345499736, ""oscillator.spec_guidance_strength"": 0.7633388732706231, ""oscillator.student_t_nu"": 11.714580200742231, ""oscillator.tau_env"": 59.99153068849249, ""trust.alpha_R_max"": 4.388055907707075, ""trust.g_z_floor"": 0.2220656859832868, ""trust.gate_bias"": 0.6228513372793931, ""trust.w_gate_nis"": 0.15123686507555734}",0.495,0.39919749513957337,0.35,0.0057332115823325765,0.0,0.0,0.0,0.0,0.4918223141746002,0.2911333451867968,2.082852021483548,1.243220516220095,0.0010813098170228783,83.31405685064222,1.0,0.0,1.541426010741772
2026-02-27T16:01:04.871121Z,of_farneback__robust_ossm_ekf,robust_ossm_ekf,77,0.7950338495002485,0.7950338495002485,pruned,5.168651580810547,subject_kfold,1,raw,debug_stage,,/home/gongjae/Projects/resPyre/robust_ossm_ekf/of_farneback__robust_ossm_ekf/trials/trial_00077,2d49c5ce62794855,/home/gongjae/Projects/resPyre/robust_ossm_ekf/of_farneback__robust_ossm_ekf/trials/trial_00077/trial_manifest.json,/home/gongjae/Projects/resPyre/robust_ossm_ekf/of_farneback__robust_ossm_ekf/trials/trial_00077/metrics_summary.json,"{""oscillator.g_z_eff_floor_ratio"": 0.22383766474563377, ""oscillator.post_smooth_alpha"": 0.628695907113065, ""oscillator.qf"": 0.0001439470581685076, ""oscillator.qx"": 0.0026464618683137964, ""oscillator.rv_floor"": 0.010010148093765108, ""oscillator.spec_guidance_strength"": 0.8107760058909468, ""oscillator.student_t_nu"": 4.926488227165977, ""oscillator.tau_env"": 41.474699889948226, ""trust.alpha_R_max"": 6.623669946585549, ""trust.g_z_floor"": 0.19269173722929606, ""trust.gate_bias"": 0.41560920942284635, ""trust.w_gate_nis"": 0.27167758709066114}",0.61,0.5197761723091523,0.4,0.0008298755186721991,0.0,0.0,0.0,0.0,0.3736088406279391,0.2250426555605309,2.615697977410761,0.9136075594653684,0.011618257261410789,93.69294605809128,0.0,1.0,nan
2026-02-27T16:10:20.719854Z,of_farneback__robust_ossm_ekf,robust_ossm_ekf,78,2.003949668939633,2.003949668939633,pruned,555.7404899597168,subject_kfold,32,raw,full_objective,/home/gongjae/Projects/resPyre/robust_ossm_ekf/of_farneback__robust_ossm_ekf/trials/trial_00078/run_workspace/results/trial_00078,/home/gongjae/Projects/resPyre/robust_ossm_ekf/of_farneback__robust_ossm_ekf/trials/trial_00078,49971d23b7b6be45,/home/gongjae/Projects/resPyre/robust_ossm_ekf/of_farneback__robust_ossm_ekf/trials/trial_00078/trial_manifest.json,/home/gongjae/Projects/resPyre/robust_ossm_ekf/of_farneback__robust_ossm_ekf/trials/trial_00078/metrics_summary.json,"{""oscillator.g_z_eff_floor_ratio"": 0.27962011515070284, ""oscillator.post_smooth_alpha"": 0.7604968841885574, ""oscillator.qf"": 0.0005422831655373388, ""oscillator.qx"": 0.0022253489985808927, ""oscillator.rv_floor"": 0.019133355728064846, ""oscillator.spec_guidance_strength"": 0.9211069230601739, ""oscillator.student_t_nu"": 12.68701257416869, ""oscillator.tau_env"": 41.727944310983574, ""trust.alpha_R_max"": 4.689568102328993, ""trust.g_z_floor"": 0.1806592280938228, ""trust.gate_bias"": 0.4957804373611828, ""trust.w_gate_nis"": 0.2749234055271839}",0.585,0.41148310489584006,0.665,0.02663205166829856,0.009335354663687864,0.0028896175510138206,0.0,0.01630947330643043,0.5027758126269233,0.2656799628617327,2.2171885531920568,1.1323403076284415,0.0022202057340417612,87.30216470868865,1.0,0.0,12.858594276596026
2026-02-27T16:10:26.119660Z,of_farneback__robust_ossm_ekf,robust_ossm_ekf,79,0.7810722444322031,0.7810722444322031,pruned,5.2724950313568115,subject_kfold,1,raw,debug_stage,,/home/gongjae/Projects/resPyre/robust_ossm_ekf/of_farneback__robust_ossm_ekf/trials/trial_00079,82fca41cf76878cd,/home/gongjae/Projects/resPyre/robust_ossm_ekf/of_farneback__robust_ossm_ekf/trials/trial_00079/trial_manifest.json,/home/gongjae/Projects/resPyre/robust_ossm_ekf/of_farneback__robust_ossm_ekf/trials/trial_00079/metrics_summary.json,"{""oscillator.g_z_eff_floor_ratio"": 0.2930071554341923, ""oscillator.post_smooth_alpha"": 0.8329353924072436, ""oscillator.qf"": 0.0007911871080007049, ""oscillator.qx"": 0.00346760066622832, ""oscillator.rv_floor"": 0.01290693977140638, ""oscillator.spec_guidance_strength"": 1.1337936007222449, ""oscillator.student_t_nu"": 12.3855354115439, ""oscillator.tau_env"": 30.629535611681618, ""trust.alpha_R_max"": 3.89089326633101, ""trust.g_z_floor"": 0.21884070523082738, ""trust.gate_bias"": 0.6501513255851241, ""trust.w_gate_nis"": 0.29601687552330574}",0.6,0.5144506726307604,0.39,0.0,0.0,0.0,0.0,0.0,0.34334903588567406,0.20650890029134047,2.597310170127593,0.7186378712693599,0.0,97.84232365145228,0.0,1.0,nan
2026-02-27T16:10:31.432393Z,of_farneback__robust_ossm_ekf,robust_ossm_ekf,80,0.789197362061524,0.789197362061524,pruned,5.204333305358887,subject_kfold,1,raw,debug_stage,,/home/gongjae/Projects/resPyre/robust_ossm_ekf/of_farneback__robust_ossm_ekf/trials/trial_00080,a43343c82207ee09,/home/gongjae/Projects/resPyre/robust_ossm_ekf/of_farneback__robust_ossm_ekf/trials/trial_00080/trial_manifest.json,/home/gongjae/Projects/resPyre/robust_ossm_ekf/of_farneback__robust_ossm_ekf/trials/trial_00080/metrics_summary.json,"{""oscillator.g_z_eff_floor_ratio"": 0.155232855663715, ""oscillator.post_smooth_alpha"": 0.7589004365165973, ""oscillator.qf"": 0.0003367236258139036, ""oscillator.qx"": 0.0022706623579616925, ""oscillator.rv_floor"": 0.010818329821603514, ""oscillator.spec_guidance_strength"": 0.8313008445966008, ""oscillator.student_t_nu"": 6.93850779465804, ""oscillator.tau_env"": 31.233535428982645, ""trust.alpha_R_max"": 4.99475813156159, ""trust.g_z_floor"": 0.18434009531365989, ""trust.gate_bias"": 0.6165170595088292, ""trust.w_gate_nis"": 0.10190895077328484}",0.59,0.5148120222085204,0.4,0.0,0.0,0.0,0.0,0.0,0.3651795658671652,0.21851156577387534,2.608146179731835,0.881825879385841,0.0,96.43153526970954,0.0,1.0,nan
2026-02-27T16:10:36.734475Z,of_farneback__robust_ossm_ekf,robust_ossm_ekf,81,0.8007188687755977,0.8007188687755977,pruned,5.20276141166687,subject_kfold,1,raw,debug_stage,,/home/gongjae/Projects/resPyre/robust_ossm_ekf/of_farneback__robust_ossm_ekf/trials/trial_00081,eac2182ce8d094a8,/home/gongjae/Projects/resPyre/robust_ossm_ekf/of_farneback__robust_ossm_ekf/trials/trial_00081/trial_manifest.json,/home/gongjae/Projects/resPyre/robust_ossm_ekf/of_farneback__robust_ossm_ekf/trials/trial_00081/metrics_summary.json,"{""oscillator.g_z_eff_floor_ratio"": 0.2827304110492618, ""oscillator.post_smooth_alpha"": 0.8525903077214357, ""oscillator.qf"": 0.0007702919254209207, ""oscillator.qx"": 0.0031435232125912814, ""oscillator.rv_floor"": 0.007940223418782309, ""oscillator.spec_guidance_strength"": 1.138737927555369, ""oscillator.student_t_nu"": 8.819208277030235, ""oscillator.tau_env"": 38.41871058308501, ""trust.alpha_R_max"": 5.166812514286792, ""trust.g_z_floor"": 0.1955059354798517, ""trust.gate_bias"": 0.6112757236587731, ""trust.w_gate_nis"": 0.4122206243710091}",0.6,0.5119434487659188,0.4,0.0016597510373443983,0.0,0.0,0.0,0.0,0.3331652758379023,0.2004521596735867,2.6095542633398465,0.8912522573814048,0.005809128630705394,97.75933609958506,0.0,1.0,nan
2026-02-27T16:19:51.415544Z,of_farneback__robust_ossm_ekf,robust_ossm_ekf,82,0.26175618806897355,0.26175618806897355,completed,554.5752670764923,subject_kfold,32,raw,,/home/gongjae/Projects/resPyre/robust_ossm_ekf/of_farneback__robust_ossm_ekf/trials/trial_00082/run_workspace/results/trial_00082,/home/gongjae/Projects/resPyre/robust_ossm_ekf/of_farneback__robust_ossm_ekf/trials/trial_00082,bab29e5e874a19d5,/home/gongjae/Projects/resPyre/robust_ossm_ekf/of_farneback__robust_ossm_ekf/trials/trial_00082/trial_manifest.json,/home/gongjae/Projects/resPyre/robust_ossm_ekf/of_farneback__robust_ossm_ekf/trials/trial_00082/metrics_summary.json,"{""oscillator.g_z_eff_floor_ratio"": 0.1655356205563195, ""oscillator.post_smooth_alpha"": 0.7288212175977677, ""oscillator.qf"": 0.00130264377235311, ""oscillator.qx"": 0.0011122969031484528, ""oscillator.rv_floor"": 0.014290302315181603, ""oscillator.spec_guidance_strength"": 0.78567740043716, ""oscillator.student_t_nu"": 10.1261498953645, ""oscillator.tau_env"": 51.58596288029679, ""trust.alpha_R_max"": 5.553220874106738, ""trust.g_z_floor"": 0.265375775431573, ""trust.gate_bias"": 0.7485748306167728, ""trust.w_gate_nis"": 0.140758138726293}",0.5,0.40164772551670164,0.175,0.013840775464802162,0.0,0.013840775464802162,0.0,0.011200210865607959,0.5284258315734534,0.30580594048075693,1.8994909409106695,1.3427611689421972,0.002123792000835905,93.15422894824938,1.0,0.0,0.0
2026-02-27T16:19:56.729445Z,of_farneback__robust_ossm_ekf,robust_ossm_ekf,83,0.8345011946800296,0.8345011946800296,pruned,5.189867973327637,subject_kfold,1,raw,debug_quantile,,/home/gongjae/Projects/resPyre/robust_ossm_ekf/of_farneback__robust_ossm_ekf/trials/trial_00083,64bc5509483528f8,/home/gongjae/Projects/resPyre/robust_ossm_ekf/of_farneback__robust_ossm_ekf/trials/trial_00083/trial_manifest.json,/home/gongjae/Projects/resPyre/robust_ossm_ekf/of_farneback__robust_ossm_ekf/trials/trial_00083/metrics_summary.json,"{""oscillator.g_z_eff_floor_ratio"": 0.2636495056695058, ""oscillator.post_smooth_alpha"": 0.6581114252880735, ""oscillator.qf"": 0.00016285413895936727, ""oscillator.qx"": 0.0028430815026832977, ""oscillator.rv_floor"": 0.006831394342636409, ""oscillator.spec_guidance_strength"": 0.8788299273930495, ""oscillator.student_t_nu"": 6.080926164790187, ""oscillator.tau_env"": 40.03877302056373, ""trust.alpha_R_max"": 5.052196602507931, ""trust.g_z_floor"": 0.1996636810425628, ""trust.gate_bias"": 0.3040152467622395, ""trust.w_gate_nis"": 0.15814550081251094}",0.59,0.5230893353551841,0.41,0.0,0.0,0.0,0.0,0.0,0.4041326953844039,0.24270363090483926,2.608622847540518,0.8375359903490369,0.0016597510373443983,94.02489626556017,0.0,1.0,nan
2026-02-27T16:29:10.234480Z,of_farneback__robust_ossm_ekf,robust_ossm_ekf,84,0.8975712796444366,0.8975712796444366,pruned,553.4016001224518,subject_kfold,32,raw,full_objective,/home/gongjae/Projects/resPyre/robust_ossm_ekf/of_farneback__robust_ossm_ekf/trials/trial_00084/run_workspace/results/trial_00084,/home/gongjae/Projects/resPyre/robust_ossm_ekf/of_farneback__robust_ossm_ekf/trials/trial_00084,499829a16046818b,/home/gongjae/Projects/resPyre/robust_ossm_ekf/of_farneback__robust_ossm_ekf/trials/trial_00084/trial_manifest.json,/home/gongjae/Projects/resPyre/robust_ossm_ekf/of_farneback__robust_ossm_ekf/trials/trial_00084/metrics_summary.json,"{""oscillator.g_z_eff_floor_ratio"": 0.19863906000271225, ""oscillator.post_smooth_alpha"": 0.4984692092685746, ""oscillator.qf"": 0.0008676026902095875, ""oscillator.qx"": 0.0012147015274471186, ""oscillator.rv_floor"": 0.017462101113886627, ""oscillator.spec_guidance_strength"": 0.6964325056955528, ""oscillator.student_t_nu"": 11.95868862719734, ""oscillator.tau_env"": 48.10540001480613, ""trust.alpha_R_max"": 4.7449538942652305, ""trust.g_z_floor"": 0.2404046782862605, ""trust.gate_bias"": 0.6436991998711898, ""trust.w_gate_nis"": 0.08189530863375814}",0.545,0.4290535418421121,0.43,0.040070112584631085,0.0,0.034384972022382096,0.0,0.02510746610384445,0.5301646962494331,0.2815417174964603,2.158306136559769,1.1617529378251388,0.0022797618356814597,87.42903225806452,1.0,0.0,4.4362959254227405
2026-02-27T16:38:20.008199Z,of_farneback__robust_ossm_ekf,robust_ossm_ekf,85,1.3500655961295487,1.3500655961295487,pruned,549.6436598300934,subject_kfold,32,raw,full_objective,/home/gongjae/Projects/resPyre/robust_ossm_ekf/of_farneback__robust_ossm_ekf/trials/trial_00085/run_workspace/results/trial_00085,/home/gongjae/Projects/resPyre/robust_ossm_ekf/of_farneback__robust_ossm_ekf/trials/trial_00085,2a2a78ae13d6d9d1,/home/gongjae/Projects/resPyre/robust_ossm_ekf/of_farneback__robust_ossm_ekf/trials/trial_00085/trial_manifest.json,/home/gongjae/Projects/resPyre/robust_ossm_ekf/of_farneback__robust_ossm_ekf/trials/trial_00085/metrics_summary.json,"{""oscillator.g_z_eff_floor_ratio"": 0.2019632357492232, ""oscillator.post_smooth_alpha"": 0.45935021997585124, ""oscillator.qf"": 0.0022125911715517063, ""oscillator.qx"": 0.0010664575838829392, ""oscillator.rv_floor"": 0.02203117954532298, ""oscillator.spec_guidance_strength"": 0.7455778826671469, ""oscillator.student_t_nu"": 7.009221618189651, ""oscillator.tau_env"": 56.02345646767701, ""trust.alpha_R_max"": 3.8873964567020116, ""trust.g_z_floor"": 0.23241828625321828, ""trust.gate_bias"": 0.8025326590348785, ""trust.w_gate_nis"": 0.06112659664281892}",0.625,0.4559392986130685,0.51,0.11437731359069275,0.0045193097781429745,0.08429143111224036,0.0,0.10970194227127483,0.4279416020893946,0.24415222748635618,2.3345554931075263,1.2138216061712523,0.002353087040786855,94.86578575528475,1.0,0.0,7.381563460839476
2026-02-27T16:47:31.689787Z,of_farneback__robust_ossm_ekf,robust_ossm_ekf,86,0.31930410728673364,0.31930410728673364,pruned,551.5505378246307,subject_kfold,32,raw,full_objective,/home/gongjae/Projects/resPyre/robust_ossm_ekf/of_farneback__robust_ossm_ekf/trials/trial_00086/run_workspace/results/trial_00086,/home/gongjae/Projects/resPyre/robust_ossm_ekf/of_farneback__robust_ossm_ekf/trials/trial_00086,5b15714e4d07cb64,/home/gongjae/Projects/resPyre/robust_ossm_ekf/of_farneback__robust_ossm_ekf/trials/trial_00086/trial_manifest.json,/home/gongjae/Projects/resPyre/robust_ossm_ekf/of_farneback__robust_ossm_ekf/trials/trial_00086/metrics_summary.json,"{""oscillator.g_z_eff_floor_ratio"": 0.21004422214022325, ""oscillator.post_smooth_alpha"": 0.6117608892975763, ""oscillator.qf"": 0.0017697365310525986, ""oscillator.qx"": 0.0014452135137572493, ""oscillator.rv_floor"": 0.01398120722638165, ""oscillator.spec_guidance_strength"": 0.6573002313386522, ""oscillator.student_t_nu"": 11.939574586470172, ""oscillator.tau_env"": 51.94567203090913, ""trust.alpha_R_max"": 4.270025327849435, ""trust.g_z_floor"": 0.3177340295420549, ""trust.gate_bias"": 0.7638434547656586, ""trust.w_gate_nis"": 0.10314333259999069}",0.485,0.4011841734964968,0.29,0.0464307403522332,0.0,0.0464307403522332,0.0,0.012113135563542089,0.4768115436493843,0.281964378061353,2.082803177814456,1.3560400244668234,0.0014659291606452553,94.28564472146475,1.0,0.0,0.04140158890722789
2026-02-27T16:56:43.685932Z,of_farneback__robust_ossm_ekf,robust_ossm_ekf,87,0.23484354257609433,0.23484354257609433,completed,551.856929063797,subject_kfold,32,raw,,/home/gongjae/Projects/resPyre/robust_ossm_ekf/of_farneback__robust_ossm_ekf/trials/trial_00087/run_workspace/results/trial_00087,/home/gongjae/Projects/resPyre/robust_ossm_ekf/of_farneback__robust_ossm_ekf/trials/trial_00087,b869406aa6bd0cbf,/home/gongjae/Projects/resPyre/robust_ossm_ekf/of_farneback__robust_ossm_ekf/trials/trial_00087/trial_manifest.json,/home/gongjae/Projects/resPyre/robust_ossm_ekf/of_farneback__robust_ossm_ekf/trials/trial_00087/metrics_summary.json,"{""oscillator.g_z_eff_floor_ratio"": 0.23602261382328635, ""oscillator.post_smooth_alpha"": 0.5243473465107894, ""oscillator.qf"": 0.0014553793343247202, ""oscillator.qx"": 0.0010208970599808653, ""oscillator.rv_floor"": 0.023336885562161815, ""oscillator.spec_guidance_strength"": 0.67215759374888, ""oscillator.student_t_nu"": 11.448508686871445, ""oscillator.tau_env"": 57.37165217181138, ""trust.alpha_R_max"": 5.572115413022662, ""trust.g_z_floor"": 0.28784666766907424, ""trust.gate_bias"": 0.8103328892949704, ""trust.w_gate_nis"": 0.13451421868140795}",0.495,0.4031313298486613,0.185,0.014647227077705386,0.0,0.014647227077705386,0.0,0.01463142929412416,0.5211390231527205,0.3017502012266191,1.9002974092316658,1.1624170360975339,0.0014847470282412767,93.91483921593411,1.0,0.0,0.0
2026-02-27T17:05:56.407064Z,of_farneback__robust_ossm_ekf,robust_ossm_ekf,88,2.6043908272726486,2.6043908272726486,pruned,552.5909049510956,subject_kfold,32,raw,full_objective,/home/gongjae/Projects/resPyre/robust_ossm_ekf/of_farneback__robust_ossm_ekf/trials/trial_00088/run_workspace/results/trial_00088,/home/gongjae/Projects/resPyre/robust_ossm_ekf/of_farneback__robust_ossm_ekf/trials/trial_00088,cca25f5e61368684,/home/gongjae/Projects/resPyre/robust_ossm_ekf/of_farneback__robust_ossm_ekf/trials/trial_00088/trial_manifest.json,/home/gongjae/Projects/resPyre/robust_ossm_ekf/of_farneback__robust_ossm_ekf/trials/trial_00088/metrics_summary.json,"{""oscillator.g_z_eff_floor_ratio"": 0.21602779009177572, ""oscillator.post_smooth_alpha"": 0.5950845294096808, ""oscillator.qf"": 0.001857168263737202, ""oscillator.qx"": 0.0010613585406799631, ""oscillator.rv_floor"": 0.02268944192505083, ""oscillator.spec_guidance_strength"": 0.7886925220717492, ""oscillator.student_t_nu"": 8.204553089535372, ""oscillator.tau_env"": 57.26915979259453, ""trust.alpha_R_max"": 6.564659442991236, ""trust.g_z_floor"": 0.3376221813600751, ""trust.gate_bias"": 0.759943027897893, ""trust.w_gate_nis"": 0.15282303186206617}",0.61,0.412437602904859,0.7749999999999999,0.10508951959512729,0.005775328032778889,0.09009139459227603,0.0,0.07707725196808457,0.4696179501747294,0.24719512388423104,2.241361619248905,1.445865164070958,0.002908470753258607,92.98597464129,1.0,0.0,16.799252238195873
2026-02-27T17:15:06.510259Z,of_farneback__robust_ossm_ekf,robust_ossm_ekf,89,0.9607236305101977,0.9607236305101977,pruned,549.9660151004791,subject_kfold,32,raw,full_objective,/home/gongjae/Projects/resPyre/robust_ossm_ekf/of_farneback__robust_ossm_ekf/trials/trial_00089/run_workspace/results/trial_00089,/home/gongjae/Projects/resPyre/robust_ossm_ekf/of_farneback__robust_ossm_ekf/trials/trial_00089,538dda1afc854647,/home/gongjae/Projects/resPyre/robust_ossm_ekf/of_farneback__robust_ossm_ekf/trials/trial_00089/trial_manifest.json,/home/gongjae/Projects/resPyre/robust_ossm_ekf/of_farneback__robust_ossm_ekf/trials/trial_00089/metrics_summary.json,"{""oscillator.g_z_eff_floor_ratio"": 0.23135945277983022, ""oscillator.post_smooth_alpha"": 0.5842291563811034, ""oscillator.qf"": 0.001145290342478799, ""oscillator.qx"": 0.0010614406100143369, ""oscillator.rv_floor"": 0.01859345339291937, ""oscillator.spec_guidance_strength"": 0.6692186655304339, ""oscillator.student_t_nu"": 12.032092968019217, ""oscillator.tau_env"": 57.57583936029711, ""trust.alpha_R_max"": 5.402157864474841, ""trust.g_z_floor"": 0.27964473245512217, ""trust.gate_bias"": 0.7995913680980672, ""trust.w_gate_nis"": 0.3156259468049565}",0.545,0.4317565635645183,0.43,0.023170367420093596,0.0,0.0217965433744743,0.0,0.02634914883584853,0.44695728570108206,0.23655728992604386,2.162890851368735,1.5323375500952021,0.003013100261162696,92.37959303176694,1.0,0.0,4.503263383017628
2026-02-27T17:24:17.243344Z,of_farneback__robust_ossm_ekf,robust_ossm_ekf,90,1.7208876694291253,1.7208876694291253,pruned,550.6009783744812,subject_kfold,32,raw,full_objective,/home/gongjae/Projects/resPyre/robust_ossm_ekf/of_farneback__robust_ossm_ekf/trials/trial_00090/run_workspace/results/trial_00090,/home/gongjae/Projects/resPyre/robust_ossm_ekf/of_farneback__robust_ossm_ekf/trials/trial_00090,8430ae32060c8329,/home/gongjae/Projects/resPyre/robust_ossm_ekf/of_farneback__robust_ossm_ekf/trials/trial_00090/trial_manifest.json,/home/gongjae/Projects/resPyre/robust_ossm_ekf/of_farneback__robust_ossm_ekf/trials/trial_00090/metrics_summary.json,"{""oscillator.g_z_eff_floor_ratio"": 0.23443212138751593, ""oscillator.post_smooth_alpha"": 0.5528374756883403, ""oscillator.qf"": 0.0015254168063154041, ""oscillator.qx"": 0.0010317242319822196, ""oscillator.rv_floor"": 0.021073244361384462, ""oscillator.spec_guidance_strength"": 0.6766203507596966, ""oscillator.student_t_nu"": 10.741707938388526, ""oscillator.tau_env"": 58.363299359906144, ""trust.alpha_R_max"": 6.558078703398046, ""trust.g_z_floor"": 0.28929402123170017, ""trust.gate_bias"": 0.7642121113592399, ""trust.w_gate_nis"": 0.1197585529818706}",0.635,0.4581278994891892,0.5900000000000001,0.06502792848170617,0.0041204532699040545,0.053784761399084086,0.0,0.07136182281201078,0.4227975755533731,0.242736012944555,2.339649998022356,1.267271588427112,0.0017676063845300102,94.09973819834795,1.0,0.0,10.24125357043975
2026-02-27T17:33:25.929736Z,of_farneback__robust_ossm_ekf,robust_ossm_ekf,91,0.269999426049785,0.269999426049785,completed,548.5466456413269,subject_kfold,32,raw,,/home/gongjae/Projects/resPyre/robust_ossm_ekf/of_farneback__robust_ossm_ekf/trials/trial_00091/run_workspace/results/trial_00091,/home/gongjae/Projects/resPyre/robust_ossm_ekf/of_farneback__robust_ossm_ekf/trials/trial_00091,809c615a9d85a58f,/home/gongjae/Projects/resPyre/robust_ossm_ekf/of_farneback__robust_ossm_ekf/trials/trial_00091/trial_manifest.json,/home/gongjae/Projects/resPyre/robust_ossm_ekf/of_farneback__robust_ossm_ekf/trials/trial_00091/metrics_summary.json,"{""oscillator.g_z_eff_floor_ratio"": 0.2556763518096012, ""oscillator.post_smooth_alpha"": 0.8517491615670895, ""oscillator.qf"": 0.00043726000197167307, ""oscillator.qx"": 0.003141274607807154, ""oscillator.rv_floor"": 0.011976644300490401, ""oscillator.spec_guidance_strength"": 1.144043438289359, ""oscillator.student_t_nu"": 11.544836558195446, ""oscillator.tau_env"": 44.584196229989566, ""trust.alpha_R_max"": 3.7989055244986667, ""trust.g_z_floor"": 0.19043981159785636, ""trust.gate_bias"": 0.49686198399285186, ""trust.w_gate_nis"": 0.4012861493802044}",0.5,0.40397185651697676,0.25,0.004108688136728498,0.0,0.0,0.0,0.0,0.4839544359085006,0.2865728050205082,2.0784462141736353,1.1691538458736022,0.002789573044533922,87.81611737816118,1.0,0.0,0.03922310708681764
2026-02-27T17:42:36.001459Z,of_farneback__robust_ossm_ekf,robust_ossm_ekf,92,0.219380628035342,0.219380628035342,completed,549.936116695404,subject_kfold,32,raw,,/home/gongjae/Projects/resPyre/robust_ossm_ekf/of_farneback__robust_ossm_ekf/trials/trial_00092/run_workspace/results/trial_00092,/home/gongjae/Projects/resPyre/robust_ossm_ekf/of_farneback__robust_ossm_ekf/trials/trial_00092,d2066871e44a99b8,/home/gongjae/Projects/resPyre/robust_ossm_ekf/of_farneback__robust_ossm_ekf/trials/trial_00092/trial_manifest.json,/home/gongjae/Projects/resPyre/robust_ossm_ekf/of_farneback__robust_ossm_ekf/trials/trial_00092/metrics_summary.json,"{""oscillator.g_z_eff_floor_ratio"": 0.29192097154852326, ""oscillator.post_smooth_alpha"": 0.8795359338372126, ""oscillator.qf"": 0.0007651064678241707, ""oscillator.qx"": 0.0020948539425273724, ""oscillator.rv_floor"": 0.012658780381729273, ""oscillator.spec_guidance_strength"": 1.1055484201671268, ""oscillator.student_t_nu"": 13.545067685042074, ""oscillator.tau_env"": 29.30352475363109, ""trust.alpha_R_max"": 5.211881333618214, ""trust.g_z_floor"": 0.1979280128313288, ""trust.gate_bias"": 0.5598965251793785, ""trust.w_gate_nis"": 0.3451238183804961}",0.49,0.404978073008901,0.19,0.003276525407974394,0.0,0.0,0.0,0.003624689312344656,0.531289556401042,0.30981809764405277,1.8981624423683487,1.0682334714364143,0.0027069834999906466,91.41213011259094,1.0,0.0,0.0
2026-02-27T17:51:45.812480Z,of_farneback__robust_ossm_ekf,robust_ossm_ekf,93,2.0355303208811,2.0355303208811,pruned,549.6788051128387,subject_kfold,32,raw,full_objective,/home/gongjae/Projects/resPyre/robust_ossm_ekf/of_farneback__robust_ossm_ekf/trials/trial_00093/run_workspace/results/trial_00093,/home/gongjae/Projects/resPyre/robust_ossm_ekf/of_farneback__robust_ossm_ekf/trials/trial_00093,639e21afe1a536a3,/home/gongjae/Projects/resPyre/robust_ossm_ekf/of_farneback__robust_ossm_ekf/trials/trial_00093/trial_manifest.json,/home/gongjae/Projects/resPyre/robust_ossm_ekf/of_farneback__robust_ossm_ekf/trials/trial_00093/metrics_summary.json,"{""oscillator.g_z_eff_floor_ratio"": 0.2706895102096896, ""oscillator.post_smooth_alpha"": 0.9055603209274279, ""oscillator.qf"": 0.0009096574379807834, ""oscillator.qx"": 0.0018938858852951335, ""oscillator.rv_floor"": 0.008163538393716821, ""oscillator.spec_guidance_strength"": 1.017366144554431, ""oscillator.student_t_nu"": 12.65249409884957, ""oscillator.tau_env"": 30.992406192860383, ""trust.alpha_R_max"": 5.300355191338055, ""trust.g_z_floor"": 0.20535633242702625, ""trust.gate_bias"": 0.5388170802565733, ""trust.w_gate_nis"": 0.3381874406932904}",0.57,0.4119145684403629,0.66,0.017646517768255203,0.004552644011859196,0.004741491663604701,0.0,0.02633689114106544,0.4726016159063592,0.2510616893994857,2.223939482626977,1.5028999406037187,0.00492982469763833,91.04075350486833,1.0,0.0,12.689198193949494
2026-02-27T18:00:56.002503Z,of_farneback__robust_ossm_ekf,robust_ossm_ekf,94,0.8578410023932629,0.8578410023932629,pruned,550.0622320175171,subject_kfold,32,raw,full_objective,/home/gongjae/Projects/resPyre/robust_ossm_ekf/of_farneback__robust_ossm_ekf/trials/trial_00094/run_workspace/results/trial_00094,/home/gongjae/Projects/resPyre/robust_ossm_ekf/of_farneback__robust_ossm_ekf/trials/trial_00094,3ecb08ff907f0bb7,/home/gongjae/Projects/resPyre/robust_ossm_ekf/of_farneback__robust_ossm_ekf/trials/trial_00094/trial_manifest.json,/home/gongjae/Projects/resPyre/robust_ossm_ekf/of_farneback__robust_ossm_ekf/trials/trial_00094/metrics_summary.json,"{""oscillator.g_z_eff_floor_ratio"": 0.29544199130679766, ""oscillator.post_smooth_alpha"": 0.7989283554674438, ""oscillator.qf"": 0.001188603544477752, ""oscillator.qx"": 0.002221998597717078, ""oscillator.rv_floor"": 0.016722472603088238, ""oscillator.spec_guidance_strength"": 1.0848056072776244, ""oscillator.student_t_nu"": 13.087217793374998, ""oscillator.tau_env"": 29.46496176101672, ""trust.alpha_R_max"": 5.6162550271714355, ""trust.g_z_floor"": 0.22733046759612746, ""trust.gate_bias"": 0.5533314627646353, ""trust.w_gate_nis"": 0.5193787471934198}",0.55,0.43308570117084183,0.42000000000000004,0.013882709294510784,0.0,0.0074024140133813,0.0,0.008928053531023768,0.4705207477030206,0.25003870093768615,2.1524553053077367,1.2289501006760566,0.0032163892991459754,94.05130233171269,1.0,0.0,4.076227652653868
2026-02-27T18:01:01.250146Z,of_farneback__robust_ossm_ekf,robust_ossm_ekf,95,0.7625726024177684,0.7625726024177684,pruned,5.120684385299683,subject_kfold,1,raw,debug_stage,,/home/gongjae/Projects/resPyre/robust_ossm_ekf/of_farneback__robust_ossm_ekf/trials/trial_00095,aaf9f409302bc230,/home/gongjae/Projects/resPyre/robust_ossm_ekf/of_farneback__robust_ossm_ekf/trials/trial_00095/trial_manifest.json,/home/gongjae/Projects/resPyre/robust_ossm_ekf/of_farneback__robust_ossm_ekf/trials/trial_00095/metrics_summary.json,"{""oscillator.g_z_eff_floor_ratio"": 0.2880360838449022, ""oscillator.post_smooth_alpha"": 0.910833008804045, ""oscillator.qf"": 0.0006222835957581691, ""oscillator.qx"": 0.0014423038563492008, ""oscillator.rv_floor"": 0.01246188843674378, ""oscillator.spec_guidance_strength"": 1.140444786462069, ""oscillator.student_t_nu"": 13.794126276485631, ""oscillator.tau_env"": 32.527652072924525, ""trust.alpha_R_max"": 5.573424480021119, ""trust.g_z_floor"": 0.20158001519289923, ""trust.gate_bias"": 0.3218065618532867, ""trust.w_gate_nis"": 0.3686380439261801}",0.58,0.5059438219594076,0.4,0.0016597510373443983,0.0,0.0,0.0,0.0,0.36906175596698315,0.2211970460984268,2.612232956249194,1.0487402062426874,0.0,96.51452282157676,0.0,0.0,nan
2026-02-27T18:01:06.584751Z,of_farneback__robust_ossm_ekf,robust_ossm_ekf,96,0.789284568956484,0.789284568956484,pruned,5.221831560134888,subject_kfold,1,raw,debug_stage,,/home/gongjae/Projects/resPyre/robust_ossm_ekf/of_farneback__robust_ossm_ekf/trials/trial_00096,689c773b88e8aa4c,/home/gongjae/Projects/resPyre/robust_ossm_ekf/of_farneback__robust_ossm_ekf/trials/trial_00096/trial_manifest.json,/home/gongjae/Projects/resPyre/robust_ossm_ekf/of_farneback__robust_ossm_ekf/trials/trial_00096/metrics_summary.json,"{""oscillator.g_z_eff_floor_ratio"": 0.22823300056659115, ""oscillator.post_smooth_alpha"": 0.6031587148811499, ""oscillator.qf"": 0.00010480800689401997, ""oscillator.qx"": 0.0020787904958833618, ""oscillator.rv_floor"": 0.006178626186032905, ""oscillator.spec_guidance_strength"": 0.731268546559383, ""oscillator.student_t_nu"": 8.59829692531154, ""oscillator.tau_env"": 38.44009474523927, ""trust.alpha_R_max"": 4.609944892982334, ""trust.g_z_floor"": 0.20790454448075685, ""trust.gate_bias"": 0.4622830150854648, ""trust.w_gate_nis"": 0.12946992955814665}",0.59,0.5184205056259368,0.4,0.0016597510373443983,0.0,0.0,0.0,0.0,0.3797863497915749,0.2280091199867297,2.604470850227025,1.1269067940859865,0.0024896265560165973,90.53941908713693,0.0,1.0,nan
2026-02-27T18:10:19.268806Z,of_farneback__robust_ossm_ekf,robust_ossm_ekf,97,0.21928211146001014,0.21928211146001014,completed,552.5707437992096,subject_kfold,32,raw,,/home/gongjae/Projects/resPyre/robust_ossm_ekf/of_farneback__robust_ossm_ekf/trials/trial_00097/run_workspace/results/trial_00097,/home/gongjae/Projects/resPyre/robust_ossm_ekf/of_farneback__robust_ossm_ekf/trials/trial_00097,cd9c3a8ae225c08d,/home/gongjae/Projects/resPyre/robust_ossm_ekf/of_farneback__robust_ossm_ekf/trials/trial_00097/trial_manifest.json,/home/gongjae/Projects/resPyre/robust_ossm_ekf/of_farneback__robust_ossm_ekf/trials/trial_00097/metrics_summary.json,"{""oscillator.g_z_eff_floor_ratio"": 0.28555909392141965, ""oscillator.post_smooth_alpha"": 0.47078921452107886, ""oscillator.qf"": 0.0021161699021624513, ""oscillator.qx"": 0.0014776032536557287, ""oscillator.rv_floor"": 0.021819326443112807, ""oscillator.spec_guidance_strength"": 0.694907417937293, ""oscillator.student_t_nu"": 12.333215852747553, ""oscillator.tau_env"": 57.969367122781364, ""trust.alpha_R_max"": 5.4153807728722985, ""trust.g_z_floor"": 0.3257311248154239, ""trust.gate_bias"": 0.8079460959172745, ""trust.w_gate_nis"": 0.21012178529538578}",0.49,0.4011469670874513,0.185,0.021752638247402232,0.0,0.021752638247402232,0.0,0.015489488762004188,0.510180264265349,0.29615331582435656,1.9004723190527673,1.0521357831116185,0.001664007260636073,96.5524336913065,1.0,0.0,0.0
2026-02-27T18:19:28.739708Z,of_farneback__robust_ossm_ekf,robust_ossm_ekf,98,2.169914331239686,2.169914331239686,pruned,549.338226556778,subject_kfold,32,raw,full_objective,/home/gongjae/Projects/resPyre/robust_ossm_ekf/of_farneback__robust_ossm_ekf/trials/trial_00098/run_workspace/results/trial_00098,/home/gongjae/Projects/resPyre/robust_ossm_ekf/of_farneback__robust_ossm_ekf/trials/trial_00098,d4dba4d85cce960c,/home/gongjae/Projects/resPyre/robust_ossm_ekf/of_farneback__robust_ossm_ekf/trials/trial_00098/trial_manifest.json,/home/gongjae/Projects/resPyre/robust_ossm_ekf/of_farneback__robust_ossm_ekf/trials/trial_00098/metrics_summary.json,"{""oscillator.g_z_eff_floor_ratio"": 0.28126532075602884, ""oscillator.post_smooth_alpha"": 0.5225721983683027, ""oscillator.qf"": 0.001293227401525725, ""oscillator.qx"": 0.0015211008192280986, ""oscillator.rv_floor"": 0.02614848029552268, ""oscillator.spec_guidance_strength"": 0.6575586392865818, ""oscillator.student_t_nu"": 12.656384104736961, ""oscillator.tau_env"": 56.72579390997154, ""trust.alpha_R_max"": 5.498174528761579, ""trust.g_z_floor"": 0.3172282233460881, ""trust.gate_bias"": 0.682646290633308, ""trust.w_gate_nis"": 0.15586809305698046}",0.6,0.4137563600108559,0.7050000000000001,0.07375920334763494,0.011255023579854447,0.05893065076457701,0.0,0.05470158821453218,0.4877636430933622,0.25815011955288875,2.2335646263685023,1.1432407989726519,0.001328258927912756,94.25444096689002,0.0,0.0,14.295353741755678
2026-02-27T18:28:40.813079Z,of_farneback__robust_ossm_ekf,robust_ossm_ekf,99,0.7006954752268979,0.7006954752268979,pruned,551.9376120567322,subject_kfold,32,raw,full_objective,/home/gongjae/Projects/resPyre/robust_ossm_ekf/of_farneback__robust_ossm_ekf/trials/trial_00099/run_workspace/results/trial_00099,/home/gongjae/Projects/resPyre/robust_ossm_ekf/of_farneback__robust_ossm_ekf/trials/trial_00099,481322874fa00c67,/home/gongjae/Projects/resPyre/robust_ossm_ekf/of_farneback__robust_ossm_ekf/trials/trial_00099/trial_manifest.json,/home/gongjae/Projects/resPyre/robust_ossm_ekf/of_farneback__robust_ossm_ekf/trials/trial_00099/metrics_summary.json,"{""oscillator.g_z_eff_floor_ratio"": 0.281618621521708, ""oscillator.post_smooth_alpha"": 0.5272065998446118, ""oscillator.qf"": 0.0013573918329825505, ""oscillator.qx"": 0.0015515703337790846, ""oscillator.rv_floor"": 0.02011283059750939, ""oscillator.spec_guidance_strength"": 0.6772391402140779, ""oscillator.student_t_nu"": 13.179233187809203, ""oscillator.tau_env"": 48.57783503839792, ""trust.alpha_R_max"": 4.977490149959233, ""trust.g_z_floor"": 0.33672049785961483, ""trust.gate_bias"": 0.8038887337262967, ""trust.w_gate_nis"": 0.33607967969266705}",0.55,0.4282543427172788,0.385,0.017621015348288076,0.0,0.009776977529178619,0.0,0.024293744411853967,0.45296563635115794,0.24014118948333496,2.1621094070870837,1.2265618534147111,0.0024586860639731543,93.67700837560457,1.0,0.0,2.8310547035435407
2026-02-27T18:37:50.848395Z,of_farneback__robust_ossm_ekf,robust_ossm_ekf,100,2.0317353841204167,2.0317353841204167,pruned,549.8953530788422,subject_kfold,32,raw,full_objective,/home/gongjae/Projects/resPyre/robust_ossm_ekf/of_farneback__robust_ossm_ekf/trials/trial_00100/run_workspace/results/trial_00100,/home/gongjae/Projects/resPyre/robust_ossm_ekf/of_farneback__robust_ossm_ekf/trials/trial_00100,1c13c0b8604f282e,/home/gongjae/Projects/resPyre/robust_ossm_ekf/of_farneback__robust_ossm_ekf/trials/trial_00100/trial_manifest.json,/home/gongjae/Projects/resPyre/robust_ossm_ekf/of_farneback__robust_ossm_ekf/trials/trial_00100/metrics_summary.json,"{""oscillator.g_z_eff_floor_ratio"": 0.25993252135939854, ""oscillator.post_smooth_alpha"": 0.49133946103455134, ""oscillator.qf"": 0.002088891534964821, ""oscillator.qx"": 0.0014800504144291276, ""oscillator.rv_floor"": 0.015749086935136596, ""oscillator.spec_guidance_strength"": 0.7936366125150994, ""oscillator.student_t_nu"": 10.705966707482238, ""oscillator.tau_env"": 59.006441730729115, ""trust.alpha_R_max"": 5.036220072843434, ""trust.g_z_floor"": 0.2984166847356173, ""trust.gate_bias"": 0.7814038933253282, ""trust.w_gate_nis"": 0.2725667254245971}",0.64,0.45330563125420564,0.655,0.06883042481931959,0.0,0.03500596826102606,0.0,0.050555771310157364,0.39464886007524125,0.2287916080578772,2.3261141706536206,1.3170360919087376,0.0031293492363098814,97.06388620741791,1.0,0.0,12.555914228183951
2026-02-27T18:37:56.184715Z,of_farneback__robust_ossm_ekf,robust_ossm_ekf,101,0.7504389029576339,0.7504389029576339,pruned,5.200535297393799,subject_kfold,1,raw,debug_stage,,/home/gongjae/Projects/resPyre/robust_ossm_ekf/of_farneback__robust_ossm_ekf/trials/trial_00101,6c353d64cf3c1fa5,/home/gongjae/Projects/resPyre/robust_ossm_ekf/of_farneback__robust_ossm_ekf/trials/trial_00101/trial_manifest.json,/home/gongjae/Projects/resPyre/robust_ossm_ekf/of_farneback__robust_ossm_ekf/trials/trial_00101/metrics_summary.json,"{""oscillator.g_z_eff_floor_ratio"": 0.29848322976139435, ""oscillator.post_smooth_alpha"": 0.8281108332940129, ""oscillator.qf"": 0.00037253067825171904, ""oscillator.qx"": 0.002124993943065746, ""oscillator.rv_floor"": 0.014786072302937889, ""oscillator.spec_guidance_strength"": 1.0780812184793311, ""oscillator.student_t_nu"": 12.488500828274008, ""oscillator.tau_env"": 29.502937877789062, ""trust.alpha_R_max"": 4.9065194710214195, ""trust.g_z_floor"": 0.20411448761884599, ""trust.gate_bias"": 0.48233429098048225, ""trust.w_gate_nis"": 0.3003531692144009}",0.6,0.5103823701630275,0.39,0.0016597510373443983,0.0,0.0,0.0,0.0,0.36260792814005677,0.21816391780522343,2.6073985559230946,0.8814149602538027,0.0,96.51452282157676,0.0,1.0,nan
2026-02-27T18:47:09.174289Z,of_farneback__robust_ossm_ekf,robust_ossm_ekf,102,0.21976385601148032,0.21976385601148032,completed,552.865617275238,subject_kfold,32,raw,,/home/gongjae/Projects/resPyre/robust_ossm_ekf/of_farneback__robust_ossm_ekf/trials/trial_00102/run_workspace/results/trial_00102,/home/gongjae/Projects/resPyre/robust_ossm_ekf/of_farneback__robust_ossm_ekf/trials/trial_00102,62fdda77fdbecd1c,/home/gongjae/Projects/resPyre/robust_ossm_ekf/of_farneback__robust_ossm_ekf/trials/trial_00102/trial_manifest.json,/home/gongjae/Projects/resPyre/robust_ossm_ekf/of_farneback__robust_ossm_ekf/trials/trial_00102/metrics_summary.json,"{""oscillator.g_z_eff_floor_ratio"": 0.23171582529312176, ""oscillator.post_smooth_alpha"": 0.53585340184078, ""oscillator.qf"": 0.0017640705324341996, ""oscillator.qx"": 0.0012992471296760265, ""oscillator.rv_floor"": 0.025112349402836055, ""oscillator.spec_guidance_strength"": 0.7161527614929851, ""oscillator.student_t_nu"": 11.98228202324647, ""oscillator.tau_env"": 55.8417376967795, ""trust.alpha_R_max"": 5.225921026826776, ""trust.g_z_floor"": 0.2615992844354307, ""trust.gate_bias"": 0.8057034444317831, ""trust.w_gate_nis"": 0.1041682708410138}",0.485,0.39579818376628706,0.185,0.059576630020979515,0.0,0.059576630020979515,0.0,0.021556780896151664,0.5321969410409872,0.3077965102637562,1.9020794596430475,1.0337289289850733,0.0012028013440362633,94.24150134189338,1.0,0.0,0.0
2026-02-27T18:56:17.993864Z,of_farneback__robust_ossm_ekf,robust_ossm_ekf,103,2.081328308540393,2.081328308540393,pruned,548.6854150295258,subject_kfold,32,raw,full_objective,/home/gongjae/Projects/resPyre/robust_ossm_ekf/of_farneback__robust_ossm_ekf/trials/trial_00103/run_workspace/results/trial_00103,/home/gongjae/Projects/resPyre/robust_ossm_ekf/of_farneback__robust_ossm_ekf/trials/trial_00103,0c4e857e4dc2e036,/home/gongjae/Projects/resPyre/robust_ossm_ekf/of_farneback__robust_ossm_ekf/trials/trial_00103/trial_manifest.json,/home/gongjae/Projects/resPyre/robust_ossm_ekf/of_farneback__robust_ossm_ekf/trials/trial_00103/metrics_summary.json,"{""oscillator.g_z_eff_floor_ratio"": 0.21471197472254297, ""oscillator.post_smooth_alpha"": 0.48583798017708607, ""oscillator.qf"": 0.0024187797046468563, ""oscillator.qx"": 0.001467511928670297, ""oscillator.rv_floor"": 0.021465631874607743, ""oscillator.spec_guidance_strength"": 0.6617508136752807, ""oscillator.student_t_nu"": 12.391494977666998, ""oscillator.tau_env"": 54.085985203362206, ""trust.alpha_R_max"": 5.472976998421654, ""trust.g_z_floor"": 0.253039973914073, ""trust.gate_bias"": 0.7975692126276229, ""trust.w_gate_nis"": 0.07434134929635945}",0.59,0.4086363889740876,0.685,0.11485286204877432,0.010948276145591122,0.08770082717296923,0.0,0.08818519855348597,0.48177259763097735,0.253633159229262,2.242185921483565,1.143255290672838,0.0015811745059978867,94.62951193029846,0.0,0.5,13.585378675027494
2026-02-27T18:56:23.414947Z,of_farneback__robust_ossm_ekf,robust_ossm_ekf,104,0.7456039848983148,0.7456039848983148,pruned,5.281130790710449,subject_kfold,1,raw,debug_stage,,/home/gongjae/Projects/resPyre/robust_ossm_ekf/of_farneback__robust_ossm_ekf/trials/trial_00104,95641294e988bcc0,/home/gongjae/Projects/resPyre/robust_ossm_ekf/of_farneback__robust_ossm_ekf/trials/trial_00104/trial_manifest.json,/home/gongjae/Projects/resPyre/robust_ossm_ekf/of_farneback__robust_ossm_ekf/trials/trial_00104/metrics_summary.json,"{""oscillator.g_z_eff_floor_ratio"": 0.18100883700952083, ""oscillator.post_smooth_alpha"": 0.4942555116610228, ""oscillator.qf"": 0.0014300877824296278, ""oscillator.qx"": 0.0016238063712800419, ""oscillator.rv_floor"": 0.008847772462814511, ""oscillator.spec_guidance_strength"": 0.6724609979739604, ""oscillator.student_t_nu"": 12.469380032673639, ""oscillator.tau_env"": 59.420475443722566, ""trust.alpha_R_max"": 3.8718956071842068, ""trust.g_z_floor"": 0.2897188881526311, ""trust.gate_bias"": 0.7006912979648342, ""trust.w_gate_nis"": 0.14124538802300166}",0.58,0.5100577151693569,0.39,0.0008298755186721991,0.0,0.0,0.0,0.006639004149377593,0.3424082712104411,0.20402173766989284,2.5971209818207366,1.137892237539246,0.0,97.5103734439834,0.0,1.0,nan
2026-02-27T19:05:33.491989Z,of_farneback__robust_ossm_ekf,robust_ossm_ekf,105,1.3398505176827662,1.3398505176827662,pruned,549.9570367336273,subject_kfold,32,raw,full_objective,/home/gongjae/Projects/resPyre/robust_ossm_ekf/of_farneback__robust_ossm_ekf/trials/trial_00105/run_workspace/results/trial_00105,/home/gongjae/Projects/resPyre/robust_ossm_ekf/of_farneback__robust_ossm_ekf/trials/trial_00105,24b958b8c0bb2628,/home/gongjae/Projects/resPyre/robust_ossm_ekf/of_farneback__robust_ossm_ekf/trials/trial_00105/trial_manifest.json,/home/gongjae/Projects/resPyre/robust_ossm_ekf/of_farneback__robust_ossm_ekf/trials/trial_00105/metrics_summary.json,"{""oscillator.g_z_eff_floor_ratio"": 0.2399142054021879, ""oscillator.post_smooth_alpha"": 0.5171689902083109, ""oscillator.qf"": 0.0013648397964188658, ""oscillator.qx"": 0.0010961217845557513, ""oscillator.rv_floor"": 0.025797991257274826, ""oscillator.spec_guidance_strength"": 0.8147485882271668, ""oscillator.student_t_nu"": 11.745401351929738, ""oscillator.tau_env"": 56.04970338329987, ""trust.alpha_R_max"": 4.995533475625054, ""trust.g_z_floor"": 0.274242004774426, ""trust.gate_bias"": 0.7912957518847702, ""trust.w_gate_nis"": 0.11515101014199848}",0.63,0.4580407310731835,0.51,0.07821790862921899,0.011400566587380069,0.04325370927785621,0.0,0.06598871437294333,0.4203772547636268,0.24095894534488074,2.340783468694882,1.1675172772639075,0.0012793033544722637,94.71299588482984,1.0,0.0,7.384677448633154
2026-02-27T19:14:41.798740Z,of_farneback__robust_ossm_ekf,robust_ossm_ekf,106,0.42412880087451876,0.42412880087451876,pruned,548.1831023693085,subject_kfold,32,raw,full_objective,/home/gongjae/Projects/resPyre/robust_ossm_ekf/of_farneback__robust_ossm_ekf/trials/trial_00106/run_workspace/results/trial_00106,/home/gongjae/Projects/resPyre/robust_ossm_ekf/of_farneback__robust_ossm_ekf/trials/trial_00106,fb2ce5ac637d1e93,/home/gongjae/Projects/resPyre/robust_ossm_ekf/of_farneback__robust_ossm_ekf/trials/trial_00106/trial_manifest.json,/home/gongjae/Projects/resPyre/robust_ossm_ekf/of_farneback__robust_ossm_ekf/trials/trial_00106/metrics_summary.json,"{""oscillator.g_z_eff_floor_ratio"": 0.2801523514125939, ""oscillator.post_smooth_alpha"": 0.483758714162678, ""oscillator.qf"": 0.0016166673264814949, ""oscillator.qx"": 0.0013735575157225069, ""oscillator.rv_floor"": 0.015032517448991277, ""oscillator.spec_guidance_strength"": 0.6718413636602089, ""oscillator.student_t_nu"": 12.59461363978668, ""oscillator.tau_env"": 59.09762987935134, ""trust.alpha_R_max"": 5.830779087050622, ""trust.g_z_floor"": 0.3371075481133079, ""trust.gate_bias"": 0.8121124616297408, ""trust.w_gate_nis"": 0.18715360514101761}",0.5,0.4069531601317957,0.32499999999999996,0.023238761720904576,0.0,0.023238761720904576,0.0,0.0068300829144086654,0.45005217696578814,0.2674115627146324,2.088059071299339,1.4303918977862304,0.0016332239262563811,94.34811182447802,1.0,0.0,0.651172392792524
2026-02-27T19:14:46.959857Z,of_farneback__robust_ossm_ekf,robust_ossm_ekf,107,0.7450935294149522,0.7450935294149522,pruned,5.040872573852539,subject_kfold,1,raw,debug_stage,,/home/gongjae/Projects/resPyre/robust_ossm_ekf/of_farneback__robust_ossm_ekf/trials/trial_00107,a57cf7af44bbe2b5,/home/gongjae/Projects/resPyre/robust_ossm_ekf/of_farneback__robust_ossm_ekf/trials/trial_00107/trial_manifest.json,/home/gongjae/Projects/resPyre/robust_ossm_ekf/of_farneback__robust_ossm_ekf/trials/trial_00107/metrics_summary.json,"{""oscillator.g_z_eff_floor_ratio"": 0.2935925781936735, ""oscillator.post_smooth_alpha"": 0.8394757158042941, ""oscillator.qf"": 0.0009077175523878976, ""oscillator.qx"": 0.001843664935345543, ""oscillator.rv_floor"": 0.010542038307650532, ""oscillator.spec_guidance_strength"": 1.0675219462549888, ""oscillator.student_t_nu"": 13.761831568891996, ""oscillator.tau_env"": 38.195440719542674, ""trust.alpha_R_max"": 4.316629503279792, ""trust.g_z_floor"": 0.19446340422162112, ""trust.gate_bias"": 0.7584762537559828, ""trust.w_gate_nis"": 0.5051366550282135}",0.6,0.48052946886687686,0.38,0.0016597510373443983,0.0,0.0,0.0,0.0,0.28436435327998166,0.17014876814854946,2.6015498670930577,1.2353975983883705,0.0,98.00829875518673,0.0,1.0,nan
2026-02-27T19:23:55.605489Z,of_farneback__robust_ossm_ekf,robust_ossm_ekf,108,1.869697512812075,1.869697512812075,pruned,548.5363767147064,subject_kfold,32,raw,full_objective,/home/gongjae/Projects/resPyre/robust_ossm_ekf/of_farneback__robust_ossm_ekf/trials/trial_00108/run_workspace/results/trial_00108,/home/gongjae/Projects/resPyre/robust_ossm_ekf/of_farneback__robust_ossm_ekf/trials/trial_00108,debffba8bdd81f9f,/home/gongjae/Projects/resPyre/robust_ossm_ekf/of_farneback__robust_ossm_ekf/trials/trial_00108/trial_manifest.json,/home/gongjae/Projects/resPyre/robust_ossm_ekf/of_farneback__robust_ossm_ekf/trials/trial_00108/metrics_summary.json,"{""oscillator.g_z_eff_floor_ratio"": 0.2924954825976562, ""oscillator.post_smooth_alpha"": 0.8176903039298292, ""oscillator.qf"": 0.0018928426062170356, ""oscillator.qx"": 0.0023131555944801226, ""oscillator.rv_floor"": 0.012168606696108246, ""oscillator.spec_guidance_strength"": 1.1325095228972821, ""oscillator.student_t_nu"": 12.745284952095933, ""oscillator.tau_env"": 31.32961524669574, ""trust.alpha_R_max"": 6.000145495050887, ""trust.g_z_floor"": 0.18965937028088753, ""trust.gate_bias"": 0.5655456161209308, ""trust.w_gate_nis"": 0.30326846395301316}",0.575,0.4148697073836486,0.635,0.04801396321293694,0.008177161582183817,0.03313064749118547,0.0,0.04430706400780939,0.48513175996971913,0.2580468285593133,2.2313594535781536,1.164021080069165,0.0033177800264410375,95.98533643352843,1.0,0.0,11.7942511553605
2026-02-27T19:33:04.768940Z,of_farneback__robust_ossm_ekf,robust_ossm_ekf,109,0.8585636326792081,0.8585636326792081,pruned,549.0407547950745,subject_kfold,32,raw,full_objective,/home/gongjae/Projects/resPyre/robust_ossm_ekf/of_farneback__robust_ossm_ekf/trials/trial_00109/run_workspace/results/trial_00109,/home/gongjae/Projects/resPyre/robust_ossm_ekf/of_farneback__robust_ossm_ekf/trials/trial_00109,908d50d47cabe70d,/home/gongjae/Projects/resPyre/robust_ossm_ekf/of_farneback__robust_ossm_ekf/trials/trial_00109/trial_manifest.json,/home/gongjae/Projects/resPyre/robust_ossm_ekf/of_farneback__robust_ossm_ekf/trials/trial_00109/metrics_summary.json,"{""oscillator.g_z_eff_floor_ratio"": 0.2755537832647152, ""oscillator.post_smooth_alpha"": 0.8899384727756458, ""oscillator.qf"": 0.0017861777510467212, ""oscillator.qx"": 0.0028742186887850997, ""oscillator.rv_floor"": 0.015147141891718082, ""oscillator.spec_guidance_strength"": 1.148297066893019, ""oscillator.student_t_nu"": 6.563864422547779, ""oscillator.tau_env"": 45.89974872546104, ""trust.alpha_R_max"": 3.5377521983447484, ""trust.g_z_floor"": 0.18641539994307732, ""trust.gate_bias"": 0.7286084793377242, ""trust.w_gate_nis"": 0.5132975371933683}",0.555,0.4361182620719576,0.42000000000000004,0.01994589929967805,0.0,0.019776182652688677,0.0,0.01414781213655025,0.4444763717657727,0.23566196394623634,2.134352382868614,1.2137875829731908,0.012814631627718946,96.2470358306189,1.0,0.0,4.0671761914343065
2026-02-27T19:33:09.916846Z,of_farneback__robust_ossm_ekf,robust_ossm_ekf,110,0.7602993786455599,0.7602993786455599,pruned,5.023202180862427,subject_kfold,1,raw,debug_stage,,/home/gongjae/Projects/resPyre/robust_ossm_ekf/of_farneback__robust_ossm_ekf/trials/trial_00110,1a2f2d0ab8156f94,/home/gongjae/Projects/resPyre/robust_ossm_ekf/of_farneback__robust_ossm_ekf/trials/trial_00110/trial_manifest.json,/home/gongjae/Projects/resPyre/robust_ossm_ekf/of_farneback__robust_ossm_ekf/trials/trial_00110/metrics_summary.json,"{""oscillator.g_z_eff_floor_ratio"": 0.2889414388360527, ""oscillator.post_smooth_alpha"": 0.6379460403570538, ""oscillator.qf"": 0.0006396545013361526, ""oscillator.qx"": 0.0021050691011449676, ""oscillator.rv_floor"": 0.015985301021584315, ""oscillator.spec_guidance_strength"": 0.8234705078537923, ""oscillator.student_t_nu"": 13.238785626048584, ""oscillator.tau_env"": 56.45082491114989, ""trust.alpha_R_max"": 5.534484493156641, ""trust.g_z_floor"": 0.22856775377387584, ""trust.gate_bias"": 0.6468557645338, ""trust.w_gate_nis"": 0.08713088741460946}",0.59,0.5108742709451444,0.39,0.0008298755186721991,0.0008298755186721991,0.0,0.0,0.0,0.3637947614116176,0.21773663871547266,2.6120067488566203,0.7894002026558533,0.0,97.26141078838174,0.0,1.0,nan
2026-02-27T19:42:21.131680Z,of_farneback__robust_ossm_ekf,robust_ossm_ekf,111,0.4029754854024585,0.4029754854024585,pruned,551.104793548584,subject_kfold,32,raw,full_objective,/home/gongjae/Projects/resPyre/robust_ossm_ekf/of_farneback__robust_ossm_ekf/trials/trial_00111/run_workspace/results/trial_00111,/home/gongjae/Projects/resPyre/robust_ossm_ekf/of_farneback__robust_ossm_ekf/trials/trial_00111,0abeba9fe62313c3,/home/gongjae/Projects/resPyre/robust_ossm_ekf/of_farneback__robust_ossm_ekf/trials/trial_00111/trial_manifest.json,/home/gongjae/Projects/resPyre/robust_ossm_ekf/of_farneback__robust_ossm_ekf/trials/trial_00111/metrics_summary.json,"{""oscillator.g_z_eff_floor_ratio"": 0.24478790262494865, ""oscillator.post_smooth_alpha"": 0.470923614829668, ""oscillator.qf"": 0.0010330937311789573, ""oscillator.qx"": 0.0017076205383168813, ""oscillator.rv_floor"": 0.02371836367207453, ""oscillator.spec_guidance_strength"": 0.6695278494273889, ""oscillator.student_t_nu"": 10.217432140439021, ""oscillator.tau_env"": 59.82976710737294, ""trust.alpha_R_max"": 4.5815632819620165, ""trust.g_z_floor"": 0.21851351193541807, ""trust.gate_bias"": 0.6329633460340771, ""trust.w_gate_nis"": 0.1673365819543443}",0.485,0.4031879058151052,0.33499999999999996,0.0032548757869024026,0.0,0.002438043383500955,0.0,0.0011228396492677468,0.49144164476060326,0.2907186573305135,2.0867973095845396,1.0514167236529035,0.0013123625663372944,92.92439447732812,1.0,0.0,1.0076843690779813
2026-02-27T19:42:26.344752Z,of_farneback__robust_ossm_ekf,robust_ossm_ekf,112,0.7827244157517042,0.7827244157517042,pruned,5.08891224861145,subject_kfold,1,raw,debug_stage,,/home/gongjae/Projects/resPyre/robust_ossm_ekf/of_farneback__robust_ossm_ekf/trials/trial_00112,45661c15757206cc,/home/gongjae/Projects/resPyre/robust_ossm_ekf/of_farneback__robust_ossm_ekf/trials/trial_00112/trial_manifest.json,/home/gongjae/Projects/resPyre/robust_ossm_ekf/of_farneback__robust_ossm_ekf/trials/trial_00112/metrics_summary.json,"{""oscillator.g_z_eff_floor_ratio"": 0.22052815236729734, ""oscillator.post_smooth_alpha"": 0.723683607787599, ""oscillator.qf"": 0.0002191537210481162, ""oscillator.qx"": 0.0027584463290600534, ""oscillator.rv_floor"": 0.006527851486972071, ""oscillator.spec_guidance_strength"": 0.9720363641416961, ""oscillator.student_t_nu"": 3.213077514298942, ""oscillator.tau_env"": 37.64885789120649, ""trust.alpha_R_max"": 4.891081450883202, ""trust.g_z_floor"": 0.20726010223549826, ""trust.gate_bias"": 0.5631200844420139, ""trust.w_gate_nis"": 0.10464140193990003}",0.59,0.5211918660473323,0.4,0.0,0.0,0.0,0.0,0.0,0.3723090787337824,0.22324547819192792,2.6072576279384303,0.9069322067992265,0.015767634854771784,95.850622406639,0.0,1.0,nan
2026-02-27T19:51:35.505172Z,of_farneback__robust_ossm_ekf,robust_ossm_ekf,113,2.161290655651003,2.161290655651003,pruned,549.0529758930206,subject_kfold,32,raw,full_objective,/home/gongjae/Projects/resPyre/robust_ossm_ekf/of_farneback__robust_ossm_ekf/trials/trial_00113/run_workspace/results/trial_00113,/home/gongjae/Projects/resPyre/robust_ossm_ekf/of_farneback__robust_ossm_ekf/trials/trial_00113,2b022612d70432cf,/home/gongjae/Projects/resPyre/robust_ossm_ekf/of_farneback__robust_ossm_ekf/trials/trial_00113/trial_manifest.json,/home/gongjae/Projects/resPyre/robust_ossm_ekf/of_farneback__robust_ossm_ekf/trials/trial_00113/metrics_summary.json,"{""oscillator.g_z_eff_floor_ratio"": 0.23995336587260915, ""oscillator.post_smooth_alpha"": 0.5388877308454084, ""oscillator.qf"": 0.0011904179994638962, ""oscillator.qx"": 0.0011948481734581605, ""oscillator.rv_floor"": 0.014399143981354263, ""oscillator.spec_guidance_strength"": 0.6658676326782412, ""oscillator.student_t_nu"": 13.344130284345594, ""oscillator.tau_env"": 54.92959748099446, ""trust.alpha_R_max"": 6.0511676824574705, ""trust.g_z_floor"": 0.2477336598353716, ""trust.gate_bias"": 0.6646265372911191, ""trust.w_gate_nis"": 0.12018041383598924}",0.59,0.4114437432543872,0.685,0.06953173814946795,0.013915452706714206,0.05684464979161535,0.0,0.059825145909673055,0.49176931249619826,0.2605757964400601,2.233534227260588,1.4593105584661379,0.002424091808378222,91.08542175527822,1.0,0.0,13.581052827916006
2026-02-27T19:51:40.730810Z,of_farneback__robust_ossm_ekf,robust_ossm_ekf,114,0.819093504691292,0.819093504691292,pruned,5.101723670959473,subject_kfold,1,raw,debug_quantile,,/home/gongjae/Projects/resPyre/robust_ossm_ekf/of_farneback__robust_ossm_ekf/trials/trial_00114,9d78905f3af1cbd5,/home/gongjae/Projects/resPyre/robust_ossm_ekf/of_farneback__robust_ossm_ekf/trials/trial_00114/trial_manifest.json,/home/gongjae/Projects/resPyre/robust_ossm_ekf/of_farneback__robust_ossm_ekf/trials/trial_00114/metrics_summary.json,"{""oscillator.g_z_eff_floor_ratio"": 0.2228511204561198, ""oscillator.post_smooth_alpha"": 0.7031650794467202, ""oscillator.qf"": 0.0002872849718287292, ""oscillator.qx"": 0.0034964053686970804, ""oscillator.rv_floor"": 0.009311312627954031, ""oscillator.spec_guidance_strength"": 0.8076996178212572, ""oscillator.student_t_nu"": 8.244079956593742, ""oscillator.tau_env"": 34.02620409613207, ""trust.alpha_R_max"": 5.712792037824254, ""trust.g_z_floor"": 0.1958452069219389, ""trust.gate_bias"": 0.6363325926558191, ""trust.w_gate_nis"": 0.1939452241686334}",0.59,0.5177972601330193,0.4,0.0,0.0,0.0,0.0,0.0,0.35524441867663836,0.2132059781653914,2.612929395971144,0.7124488600239788,0.0,97.0954356846473,0.0,1.0,nan
2026-02-27T20:00:52.704899Z,of_farneback__robust_ossm_ekf,robust_ossm_ekf,115,1.4988534540070861,1.4988534540070861,pruned,551.8602845668793,subject_kfold,32,raw,full_objective,/home/gongjae/Projects/resPyre/robust_ossm_ekf/of_farneback__robust_ossm_ekf/trials/trial_00115/run_workspace/results/trial_00115,/home/gongjae/Projects/resPyre/robust_ossm_ekf/of_farneback__robust_ossm_ekf/trials/trial_00115,a3f95bd2adecd098,/home/gongjae/Projects/resPyre/robust_ossm_ekf/of_farneback__robust_ossm_ekf/trials/trial_00115/trial_manifest.json,/home/gongjae/Projects/resPyre/robust_ossm_ekf/of_farneback__robust_ossm_ekf/trials/trial_00115/metrics_summary.json,"{""oscillator.g_z_eff_floor_ratio"": 0.270463708083421, ""oscillator.post_smooth_alpha"": 0.4654927235730566, ""oscillator.qf"": 0.0022661605617886778, ""oscillator.qx"": 0.0015001262462574902, ""oscillator.rv_floor"": 0.02504804571384761, ""oscillator.spec_guidance_strength"": 0.7509773454305665, ""oscillator.student_t_nu"": 11.116921945881487, ""oscillator.tau_env"": 57.76955586221712, ""trust.alpha_R_max"": 5.505879952944766, ""trust.g_z_floor"": 0.32739521892193996, ""trust.gate_bias"": 0.705722888113198, ""trust.w_gate_nis"": 0.23415479826959315}",0.63,0.45693024770738755,0.55,0.0842741935483871,0.00123172622070182,0.05499933629786952,0.0,0.06123215624493606,0.41890213622880573,0.24186970033850808,2.335084839650917,1.0240542811340783,0.0016638969819414802,96.31748683642937,1.0,0.0,8.810399562682601
2026-02-27T20:00:57.859495Z,of_farneback__robust_ossm_ekf,robust_ossm_ekf,116,0.7771957784723238,0.7771957784723238,pruned,5.033552408218384,subject_kfold,1,raw,debug_stage,,/home/gongjae/Projects/resPyre/robust_ossm_ekf/of_farneback__robust_ossm_ekf/trials/trial_00116,18f8719623eb9e57,/home/gongjae/Projects/resPyre/robust_ossm_ekf/of_farneback__robust_ossm_ekf/trials/trial_00116/trial_manifest.json,/home/gongjae/Projects/resPyre/robust_ossm_ekf/of_farneback__robust_ossm_ekf/trials/trial_00116/metrics_summary.json,"{""oscillator.g_z_eff_floor_ratio"": 0.21889961448171996, ""oscillator.post_smooth_alpha"": 0.6698576556870448, ""oscillator.qf"": 0.00023154815417270318, ""oscillator.qx"": 0.002791341937918219, ""oscillator.rv_floor"": 0.007833962705930038, ""oscillator.spec_guidance_strength"": 0.9066135325899862, ""oscillator.student_t_nu"": 7.158411151774541, ""oscillator.tau_env"": 34.84488060779194, ""trust.alpha_R_max"": 3.939832898537553, ""trust.g_z_floor"": 0.19164264937499115, ""trust.gate_bias"": 0.5562954557333977, ""trust.w_gate_nis"": 0.2396373738288964}",0.6,0.5215188075285149,0.4,0.0008298755186721991,0.0,0.0,0.0,0.0,0.35608299540793437,0.21440785904549292,2.5977975357595255,0.9356198554118013,0.0024896265560165973,96.09958506224066,0.0,0.0,nan
2026-02-27T20:01:03.150073Z,of_farneback__robust_ossm_ekf,robust_ossm_ekf,117,0.7571920721437968,0.7571920721437968,pruned,5.1739747524261475,subject_kfold,1,raw,debug_stage,,/home/gongjae/Projects/resPyre/robust_ossm_ekf/of_farneback__robust_ossm_ekf/trials/trial_00117,e12d6ced1d555b03,/home/gongjae/Projects/resPyre/robust_ossm_ekf/of_farneback__robust_ossm_ekf/trials/trial_00117/trial_manifest.json,/home/gongjae/Projects/resPyre/robust_ossm_ekf/of_farneback__robust_ossm_ekf/trials/trial_00117/metrics_summary.json,"{""oscillator.g_z_eff_floor_ratio"": 0.22170774271491522, ""oscillator.post_smooth_alpha"": 0.5709591982646959, ""oscillator.qf"": 0.00022129197900588383, ""oscillator.qx"": 0.0018680055963570658, ""oscillator.rv_floor"": 0.009683765938589484, ""oscillator.spec_guidance_strength"": 0.9018420789953153, ""oscillator.student_t_nu"": 5.898188288899965, ""oscillator.tau_env"": 35.51291129234211, ""trust.alpha_R_max"": 4.9930578182356, ""trust.g_z_floor"": 0.18490317637879955, ""trust.gate_bias"": 0.4930678221512986, ""trust.w_gate_nis"": 0.06107533428529746}",0.59,0.5163968579068925,0.4,0.0,0.0,0.0,0.0,0.0,0.3874302415463282,0.23199069395334693,2.6081320692478016,1.0121392582132012,0.0,94.43983402489627,0.0,0.0,nan
2026-02-27T20:01:08.343605Z,of_farneback__robust_ossm_ekf,robust_ossm_ekf,118,0.7680100670992034,0.7680100670992034,pruned,5.080471038818359,subject_kfold,1,raw,debug_stage,,/home/gongjae/Projects/resPyre/robust_ossm_ekf/of_farneback__robust_ossm_ekf/trials/trial_00118,e72bf3e4bf60b0d5,/home/gongjae/Projects/resPyre/robust_ossm_ekf/of_farneback__robust_ossm_ekf/trials/trial_00118/trial_manifest.json,/home/gongjae/Projects/resPyre/robust_ossm_ekf/of_farneback__robust_ossm_ekf/trials/trial_00118/metrics_summary.json,"{""oscillator.g_z_eff_floor_ratio"": 0.24796046434984106, ""oscillator.post_smooth_alpha"": 0.8505867495663229, ""oscillator.qf"": 0.0012728965721442707, ""oscillator.qx"": 0.0030120014971507475, ""oscillator.rv_floor"": 0.012438570879625483, ""oscillator.spec_guidance_strength"": 1.0261315921873873, ""oscillator.student_t_nu"": 10.786328047786839, ""oscillator.tau_env"": 39.33105891366401, ""trust.alpha_R_max"": 4.484814565859061, ""trust.g_z_floor"": 0.18762775236655682, ""trust.gate_bias"": 0.6282411212030509, ""trust.w_gate_nis"": 0.5228798988616598}",0.6,0.4966950730942233,0.39,0.0016597510373443983,0.0,0.0,0.0,0.0,0.324842129648324,0.19495819561938182,2.6032247390855487,0.8148827571906428,0.0008298755186721991,98.42323651452283,0.0,1.0,nan
2026-02-27T20:01:13.702195Z,of_farneback__robust_ossm_ekf,robust_ossm_ekf,119,0.7653742720123649,0.7653742720123649,pruned,5.243288040161133,subject_kfold,1,raw,debug_stage,,/home/gongjae/Projects/resPyre/robust_ossm_ekf/of_farneback__robust_ossm_ekf/trials/trial_00119,7b5020e8f3b95e74,/home/gongjae/Projects/resPyre/robust_ossm_ekf/of_farneback__robust_ossm_ekf/trials/trial_00119/trial_manifest.json,/home/gongjae/Projects/resPyre/robust_ossm_ekf/of_farneback__robust_ossm_ekf/trials/trial_00119/metrics_summary.json,"{""oscillator.g_z_eff_floor_ratio"": 0.28295981363266887, ""oscillator.post_smooth_alpha"": 0.7525585881014498, ""oscillator.qf"": 0.0007602965460343391, ""oscillator.qx"": 0.002424052848886, ""oscillator.rv_floor"": 0.01349263007395368, ""oscillator.spec_guidance_strength"": 1.0017640317811878, ""oscillator.student_t_nu"": 11.813389101702839, ""oscillator.tau_env"": 35.72072272248396, ""trust.alpha_R_max"": 4.8681328049473915, ""trust.g_z_floor"": 0.19253723296799907, ""trust.gate_bias"": 0.6893974634675384, ""trust.w_gate_nis"": 0.2806307569613846}",0.6,0.5086977627381261,0.39,0.0016597510373443983,0.0008298755186721991,0.0,0.0,0.0,0.33609500572662987,0.20185189117421107,2.607042016155308,0.8223672838577138,0.0,97.75933609958506,0.0,1.0,nan
2026-02-27T08:05:19.041196Z,profile1d_cubic__robust_ossm_ekf,robust_ossm_ekf,0,0.38470927119939385,0.38470927119939385,completed,542.5413444042206,subject_kfold,32,raw,,/home/gongjae/Projects/resPyre/robust_ossm_ekf/profile1d_cubic__robust_ossm_ekf/trials/trial_00000/run_workspace/results/trial_00000,/home/gongjae/Projects/resPyre/robust_ossm_ekf/profile1d_cubic__robust_ossm_ekf/trials/trial_00000,4e494742d033f372,/home/gongjae/Projects/resPyre/robust_ossm_ekf/profile1d_cubic__robust_ossm_ekf/trials/trial_00000/trial_manifest.json,/home/gongjae/Projects/resPyre/robust_ossm_ekf/profile1d_cubic__robust_ossm_ekf/trials/trial_00000/metrics_summary.json,"{""oscillator.g_z_eff_floor_ratio"": 0.35, ""oscillator.post_smooth_alpha"": 0.872, ""oscillator.qf"": 0.00165, ""oscillator.qx"": 0.00096, ""oscillator.rv"": 0.04, ""oscillator.rv_auto"": false, ""oscillator.rv_mad_scale"": 0.9, ""oscillator.spec_guidance_strength"": 0.98, ""oscillator.student_t_nu"": 7.5, ""oscillator.tau_env"": 35.0, ""trust.alpha_R_max"": 3.11, ""trust.beta_1"": 1.11, ""trust.beta_2"": 0.46, ""trust.g_z_floor"": 0.27, ""trust.gate_bias"": 0.65, ""trust.w_gate_nis"": 0.1}",0.405,0.3472094131621226,0.26,0.035607940446650124,0.0,0.035607940446650124,0.0,0.04136751438105221,0.5276110892692305,0.32692912499106963,1.815650215319208,1.1184320903876463,0.0008445270406084463,90.04182777257549,1.0,0.0,0.8181818181818185
2026-02-27T08:14:51.536808Z,profile1d_cubic__robust_ossm_ekf,robust_ossm_ekf,1,0.6864082591632028,0.6864082591632028,completed,572.3774588108063,subject_kfold,32,raw,,/home/gongjae/Projects/resPyre/robust_ossm_ekf/profile1d_cubic__robust_ossm_ekf/trials/trial_00001/run_workspace/results/trial_00001,/home/gongjae/Projects/resPyre/robust_ossm_ekf/profile1d_cubic__robust_ossm_ekf/trials/trial_00001,dce6a4c9b699a30e,/home/gongjae/Projects/resPyre/robust_ossm_ekf/profile1d_cubic__robust_ossm_ekf/trials/trial_00001/trial_manifest.json,/home/gongjae/Projects/resPyre/robust_ossm_ekf/profile1d_cubic__robust_ossm_ekf/trials/trial_00001/metrics_summary.json,"{""oscillator.g_z_eff_floor_ratio"": 0.5127941115641415, ""oscillator.post_smooth_alpha"": 0.8224125543449872, ""oscillator.qf"": 0.00039892711735370893, ""oscillator.qx"": 0.0006383295101179898, ""oscillator.rv"": 0.03707448967108642, ""oscillator.rv_auto"": false, ""oscillator.rv_mad_scale"": 0.9193963178886666, ""oscillator.spec_guidance_strength"": 0.5633799212922717, ""oscillator.student_t_nu"": 12.527937603524286, ""oscillator.tau_env"": 23.02034783274637, ""trust.alpha_R_max"": 3.5212112147976886, ""trust.beta_1"": 1.6169008373781937, ""trust.beta_2"": 1.0190380520644555, ""trust.g_z_floor"": 0.18253202943404523, ""trust.gate_bias"": 0.29454898294769233, ""trust.w_gate_nis"": 0.1428122531645277}",0.46499999999999997,0.3699970968295383,0.295,0.006147118867100789,0.0,0.0,0.0,0.0017738572522009298,0.5786722513658509,0.3842719877949091,2.2061886512628184,1.2239724525605795,0.0003080551410997022,73.87667803921356,1.0,0.0,2.62210477641854
2026-02-27T08:24:35.813443Z,profile1d_cubic__robust_ossm_ekf,robust_ossm_ekf,2,0.4402809551926048,0.4402809551926048,completed,584.1613252162933,subject_kfold,32,raw,,/home/gongjae/Projects/resPyre/robust_ossm_ekf/profile1d_cubic__robust_ossm_ekf/trials/trial_00002/run_workspace/results/trial_00002,/home/gongjae/Projects/resPyre/robust_ossm_ekf/profile1d_cubic__robust_ossm_ekf/trials/trial_00002,a8f444da50ea379c,/home/gongjae/Projects/resPyre/robust_ossm_ekf/profile1d_cubic__robust_ossm_ekf/trials/trial_00002/trial_manifest.json,/home/gongjae/Projects/resPyre/robust_ossm_ekf/profile1d_cubic__robust_ossm_ekf/trials/trial_00002/metrics_summary.json,"{""oscillator.g_z_eff_floor_ratio"": 0.27384667761442905, ""oscillator.post_smooth_alpha"": 0.890515105715415, ""oscillator.qf"": 0.0005998310726703179, ""oscillator.qx"": 0.0006074991690688986, ""oscillator.rv"": 0.014725059714885287, ""oscillator.rv_auto"": true, ""oscillator.rv_mad_scale"": 0.9253338026250708, ""oscillator.spec_guidance_strength"": 0.8842523849688475, ""oscillator.student_t_nu"": 8.016769826387396, ""oscillator.tau_env"": 39.05081585127197, ""trust.alpha_R_max"": 6.7444276862666666, ""trust.beta_1"": 1.2016560257482467, ""trust.beta_2"": 0.17016644573759754, ""trust.g_z_floor"": 0.12927321684337578, ""trust.gate_bias"": 0.2886725443173916, ""trust.w_gate_nis"": 0.296942492241561}",0.44,0.3269113187751061,0.185,0.028052814818668226,0.01739490652354022,0.0,0.0,0.00025468622656886714,0.6497370648524328,0.3585063992492207,1.604652301829379,0.15617688301438415,0.0,91.97745060478354,1.0,0.0,0.6876462339712317
2026-02-27T08:34:15.318138Z,profile1d_cubic__robust_ossm_ekf,robust_ossm_ekf,3,2.338721247474472,2.338721247474472,completed,579.3971710205078,subject_kfold,32,raw,,/home/gongjae/Projects/resPyre/robust_ossm_ekf/profile1d_cubic__robust_ossm_ekf/trials/trial_00003/run_workspace/results/trial_00003,/home/gongjae/Projects/resPyre/robust_ossm_ekf/profile1d_cubic__robust_ossm_ekf/trials/trial_00003,4041676c14a243aa,/home/gongjae/Projects/resPyre/robust_ossm_ekf/profile1d_cubic__robust_ossm_ekf/trials/trial_00003/trial_manifest.json,/home/gongjae/Projects/resPyre/robust_ossm_ekf/profile1d_cubic__robust_ossm_ekf/trials/trial_00003/metrics_summary.json,"{""oscillator.g_z_eff_floor_ratio"": 0.6073805889770276, ""oscillator.post_smooth_alpha"": 0.6127237528126308, ""oscillator.qf"": 0.0009345264670479496, ""oscillator.qx"": 0.003106473712157154, ""oscillator.rv"": 0.01514379468295123, ""oscillator.rv_auto"": true, ""oscillator.rv_mad_scale"": 0.6939524513028728, ""oscillator.spec_guidance_strength"": 0.718206988040011, ""oscillator.student_t_nu"": 8.446946011223972, ""oscillator.tau_env"": 26.3459882119285, ""trust.alpha_R_max"": 6.847923138822793, ""trust.beta_1"": 1.2787745127893801, ""trust.beta_2"": 0.45664796217656384, ""trust.g_z_floor"": 0.1831845049864872, ""trust.gate_bias"": 0.4842893452585054, ""trust.w_gate_nis"": 0.2628265282593462}",0.545,0.3790441132809517,0.54,0.023452945561401425,0.01824888096639775,0.0,0.0,0.0015521523178807946,0.5971813493976978,0.41009386035762024,1.843644412511717,0.1403878279354362,0.0,92.76268241300303,1.0,0.0,14.549401111805897
2026-02-27T08:43:51.225993Z,profile1d_cubic__robust_ossm_ekf,robust_ossm_ekf,4,1.751684112474609,1.751684112474609,completed,575.7883219718933,subject_kfold,32,raw,,/home/gongjae/Projects/resPyre/robust_ossm_ekf/profile1d_cubic__robust_ossm_ekf/trials/trial_00004/run_workspace/results/trial_00004,/home/gongjae/Projects/resPyre/robust_ossm_ekf/profile1d_cubic__robust_ossm_ekf/trials/trial_00004,c7de9f3943d634bc,/home/gongjae/Projects/resPyre/robust_ossm_ekf/profile1d_cubic__robust_ossm_ekf/trials/trial_00004/trial_manifest.json,/home/gongjae/Projects/resPyre/robust_ossm_ekf/profile1d_cubic__robust_ossm_ekf/trials/trial_00004/metrics_summary.json,"{""oscillator.g_z_eff_floor_ratio"": 0.36267832615405654, ""oscillator.post_smooth_alpha"": 0.7203722223824078, ""oscillator.qf"": 0.00032589028062822184, ""oscillator.qx"": 0.006330616761859024, ""oscillator.rv"": 0.05214645890066527, ""oscillator.rv_auto"": false, ""oscillator.rv_mad_scale"": 0.9190549904649884, ""oscillator.spec_guidance_strength"": 0.7263768706530324, ""oscillator.student_t_nu"": 3.497500178015919, ""oscillator.tau_env"": 30.19110884579555, ""trust.alpha_R_max"": 6.010984903770199, ""trust.beta_1"": 1.461611260067122, ""trust.beta_2"": 0.5052935928290765, ""trust.g_z_floor"": 0.1634159012386432, ""trust.gate_bias"": 0.4822019632422892, ""trust.w_gate_nis"": 0.16956445877807852}",0.45,0.36920586522763066,0.47000000000000003,0.0032244897959183673,0.0032244897959183673,0.0,0.0,0.0,0.5843716401609249,0.2936831337830499,1.9553169150587846,0.3466749965762056,7.605596603585396e-05,82.94987645098266,1.0,0.0,10.670890268664884
2026-02-27T08:53:08.988236Z,profile1d_cubic__robust_ossm_ekf,robust_ossm_ekf,5,0.40702349366610835,0.40702349366610835,completed,557.6493048667908,subject_kfold,32,raw,,/home/gongjae/Projects/resPyre/robust_ossm_ekf/profile1d_cubic__robust_ossm_ekf/trials/trial_00005/run_workspace/results/trial_00005,/home/gongjae/Projects/resPyre/robust_ossm_ekf/profile1d_cubic__robust_ossm_ekf/trials/trial_00005,9ffdc2d4ca2bd428,/home/gongjae/Projects/resPyre/robust_ossm_ekf/profile1d_cubic__robust_ossm_ekf/trials/trial_00005/trial_manifest.json,/home/gongjae/Projects/resPyre/robust_ossm_ekf/profile1d_cubic__robust_ossm_ekf/trials/trial_00005/metrics_summary.json,"{""oscillator.g_z_eff_floor_ratio"": 0.21480098631502248, ""oscillator.post_smooth_alpha"": 0.8853700282738, ""oscillator.qf"": 0.0028766020618125436, ""oscillator.qx"": 0.00040667214960091495, ""oscillator.rv"": 0.04033632477908749, ""oscillator.rv_auto"": false, ""oscillator.rv_mad_scale"": 0.7394220566903776, ""oscillator.spec_guidance_strength"": 0.7830027235537772, ""oscillator.student_t_nu"": 11.01907884845086, ""oscillator.tau_env"": 56.75658188007609, ""trust.alpha_R_max"": 3.554911608578311, ""trust.beta_1"": 0.6774559654776428, ""trust.beta_2"": 1.052151699945641, ""trust.g_z_floor"": 0.12860125762871064, ""trust.gate_bias"": 0.3720669729233776, ""trust.w_gate_nis"": 0.3030862694627476}",0.4,0.34828588957640877,0.255,0.06708751983077738,0.0,0.06708751983077738,0.0,0.08058567734889237,0.5360053790729553,0.33088534426358557,1.9803638353110615,1.3750198734647503,0.0006914457231775897,92.88383191712256,1.0,0.0,0.590909090909091
2026-02-27T09:02:45.726434Z,profile1d_cubic__robust_ossm_ekf,robust_ossm_ekf,6,0.4951918417666249,0.4951918417666249,completed,576.6186163425446,subject_kfold,32,raw,,/home/gongjae/Projects/resPyre/robust_ossm_ekf/profile1d_cubic__robust_ossm_ekf/trials/trial_00006/run_workspace/results/trial_00006,/home/gongjae/Projects/resPyre/robust_ossm_ekf/profile1d_cubic__robust_ossm_ekf/trials/trial_00006,bb43c04fd0d523aa,/home/gongjae/Projects/resPyre/robust_ossm_ekf/profile1d_cubic__robust_ossm_ekf/trials/trial_00006/trial_manifest.json,/home/gongjae/Projects/resPyre/robust_ossm_ekf/profile1d_cubic__robust_ossm_ekf/trials/trial_00006/metrics_summary.json,"{""oscillator.g_z_eff_floor_ratio"": 0.5423545745786437, ""oscillator.post_smooth_alpha"": 0.8076725631007136, ""oscillator.qf"": 0.0003577138124536962, ""oscillator.qx"": 0.001645984621876533, ""oscillator.rv"": 0.030419682293851568, ""oscillator.rv_auto"": false, ""oscillator.rv_mad_scale"": 1.049245734159347, ""oscillator.spec_guidance_strength"": 0.870967137636854, ""oscillator.student_t_nu"": 11.368635534785872, ""oscillator.tau_env"": 57.08872893559574, ""trust.alpha_R_max"": 5.182052056318902, ""trust.beta_1"": 1.1250061123201935, ""trust.beta_2"": 0.5817442998272336, ""trust.g_z_floor"": 0.11414313355903041, ""trust.gate_bias"": 0.2561035420365183, ""trust.w_gate_nis"": 0.06991345943019713}",0.46499999999999997,0.3619660310821398,0.27,0.0045461389472531534,0.0,0.0,0.0,0.001018155111672852,0.6019007891772477,0.40889714819602635,1.8431295751123837,0.9210648549877023,0.000870273793887679,74.33624492182882,1.0,0.0,1.3771098640305406
2026-02-27T09:12:08.896529Z,profile1d_cubic__robust_ossm_ekf,robust_ossm_ekf,7,0.2642027424645683,0.2642027424645683,completed,563.0545802116394,subject_kfold,32,raw,,/home/gongjae/Projects/resPyre/robust_ossm_ekf/profile1d_cubic__robust_ossm_ekf/trials/trial_00007/run_workspace/results/trial_00007,/home/gongjae/Projects/resPyre/robust_ossm_ekf/profile1d_cubic__robust_ossm_ekf/trials/trial_00007,3f2dc82e2e103837,/home/gongjae/Projects/resPyre/robust_ossm_ekf/profile1d_cubic__robust_ossm_ekf/trials/trial_00007/trial_manifest.json,/home/gongjae/Projects/resPyre/robust_ossm_ekf/profile1d_cubic__robust_ossm_ekf/trials/trial_00007/metrics_summary.json,"{""oscillator.g_z_eff_floor_ratio"": 0.2557740050093821, ""oscillator.post_smooth_alpha"": 0.7072080375780941, ""oscillator.qf"": 0.0024040013276358622, ""oscillator.qx"": 0.0013676673647063577, ""oscillator.rv"": 0.05355686835695691, ""oscillator.rv_auto"": false, ""oscillator.rv_mad_scale"": 0.7621815031169937, ""oscillator.spec_guidance_strength"": 1.1543034740226723, ""oscillator.student_t_nu"": 3.846779008116723, ""oscillator.tau_env"": 31.897504605564368, ""trust.alpha_R_max"": 6.462794992449889, ""trust.beta_1"": 1.4389324175208587, ""trust.beta_2"": 0.8040760570312574, ""trust.g_z_floor"": 0.18395652649871613, ""trust.gate_bias"": 0.6179094799875395, ""trust.w_gate_nis"": 0.3998696301732099}",0.45499999999999996,0.3643223837643326,0.155,0.01266244896271427,0.0,0.009019235168857682,0.0,0.0010745421500103277,0.5356602393307848,0.3107629328875222,1.9009378261296357,0.906923303458234,0.004122776148616558,94.91001898310935,1.0,0.0,0.0
2026-02-27T09:21:38.530861Z,profile1d_cubic__robust_ossm_ekf,robust_ossm_ekf,8,1.2975640063256217,1.2975640063256217,completed,569.5210318565369,subject_kfold,32,raw,,/home/gongjae/Projects/resPyre/robust_ossm_ekf/profile1d_cubic__robust_ossm_ekf/trials/trial_00008/run_workspace/results/trial_00008,/home/gongjae/Projects/resPyre/robust_ossm_ekf/profile1d_cubic__robust_ossm_ekf/trials/trial_00008,c931a18b672ff701,/home/gongjae/Projects/resPyre/robust_ossm_ekf/profile1d_cubic__robust_ossm_ekf/trials/trial_00008/trial_manifest.json,/home/gongjae/Projects/resPyre/robust_ossm_ekf/profile1d_cubic__robust_ossm_ekf/trials/trial_00008/metrics_summary.json,"{""oscillator.g_z_eff_floor_ratio"": 0.18326750134965963, ""oscillator.post_smooth_alpha"": 0.9184703158048471, ""oscillator.qf"": 0.0004948692768733088, ""oscillator.qx"": 0.0005562126299894912, ""oscillator.rv"": 0.05228472077246, ""oscillator.rv_auto"": false, ""oscillator.rv_mad_scale"": 0.7931015637373388, ""oscillator.spec_guidance_strength"": 0.8819857466754177, ""oscillator.student_t_nu"": 11.998162425147424, ""oscillator.tau_env"": 42.20960500856533, ""trust.alpha_R_max"": 3.616014660103776, ""trust.beta_1"": 1.0091521034636568, ""trust.beta_2"": 0.35987643530838864, ""trust.g_z_floor"": 0.5243093667606337, ""trust.gate_bias"": 0.3755598891298866, ""trust.w_gate_nis"": 0.1067474932601363}",0.535,0.3959861254032383,0.39,0.019654744609832138,0.0003170577045022194,0.010902145166029973,0.0,0.008877958822712584,0.5987806986345097,0.3248962504221089,1.6926876724520787,1.1684927420634308,0.0,69.18028977307172,1.0,0.0,7.109053037905064
2026-02-27T09:31:22.376441Z,profile1d_cubic__robust_ossm_ekf,robust_ossm_ekf,9,1.6078349068441176,1.6078349068441176,completed,583.72931599617,subject_kfold,32,raw,,/home/gongjae/Projects/resPyre/robust_ossm_ekf/profile1d_cubic__robust_ossm_ekf/trials/trial_00009/run_workspace/results/trial_00009,/home/gongjae/Projects/resPyre/robust_ossm_ekf/profile1d_cubic__robust_ossm_ekf/trials/trial_00009,5676b6c74ed0a573,/home/gongjae/Projects/resPyre/robust_ossm_ekf/profile1d_cubic__robust_ossm_ekf/trials/trial_00009/trial_manifest.json,/home/gongjae/Projects/resPyre/robust_ossm_ekf/profile1d_cubic__robust_ossm_ekf/trials/trial_00009/metrics_summary.json,"{""oscillator.g_z_eff_floor_ratio"": 0.1973368652566304, ""oscillator.post_smooth_alpha"": 0.705390982919663, ""oscillator.qf"": 0.0005315159822293959, ""oscillator.qx"": 0.00714879414317624, ""oscillator.rv"": 0.017136759315240304, ""oscillator.rv_auto"": false, ""oscillator.rv_mad_scale"": 1.0873019372244324, ""oscillator.spec_guidance_strength"": 0.946216817086933, ""oscillator.student_t_nu"": 6.309661407984466, ""oscillator.tau_env"": 45.856922306404044, ""trust.alpha_R_max"": 2.7244743604561155, ""trust.beta_1"": 1.1029469255517474, ""trust.beta_2"": 0.1755970513499885, ""trust.g_z_floor"": 0.2078028508001376, ""trust.gate_bias"": 0.67229826070266, ""trust.w_gate_nis"": 0.16867212105227847}",0.44,0.36454932046705446,0.455,0.0012022526146419953,0.0,0.0,0.0,0.0,0.5452742008832937,0.2575475911335273,1.6331893387969183,0.44605139339817945,0.0016735982883816529,85.74577501888362,1.0,0.0,9.789715395021824
2026-02-27T09:40:32.509669Z,profile1d_cubic__robust_ossm_ekf,robust_ossm_ekf,10,0.491333499418535,0.491333499418535,completed,550.027669429779,subject_kfold,32,raw,,/home/gongjae/Projects/resPyre/robust_ossm_ekf/profile1d_cubic__robust_ossm_ekf/trials/trial_00010/run_workspace/results/trial_00010,/home/gongjae/Projects/resPyre/robust_ossm_ekf/profile1d_cubic__robust_ossm_ekf/trials/trial_00010,e8c947ee1962414a,/home/gongjae/Projects/resPyre/robust_ossm_ekf/profile1d_cubic__robust_ossm_ekf/trials/trial_00010/trial_manifest.json,/home/gongjae/Projects/resPyre/robust_ossm_ekf/profile1d_cubic__robust_ossm_ekf/trials/trial_00010/metrics_summary.json,"{""oscillator.g_z_eff_floor_ratio"": 0.4777589640576205, ""oscillator.post_smooth_alpha"": 0.8339531573196244, ""oscillator.qf"": 0.000509464094326924, ""oscillator.qx"": 0.003916967392106293, ""oscillator.rv"": 0.013283653228502093, ""oscillator.rv_auto"": false, ""oscillator.rv_mad_scale"": 0.9524609963326454, ""oscillator.spec_guidance_strength"": 0.8982535446485931, ""oscillator.student_t_nu"": 7.045614459911786, ""oscillator.tau_env"": 57.867250127816696, ""trust.alpha_R_max"": 4.954464715941209, ""trust.beta_1"": 0.6493187470598492, ""trust.beta_2"": 1.022126695236377, ""trust.g_z_floor"": 0.11834881369964377, ""trust.gate_bias"": 0.29698962540792423, ""trust.w_gate_nis"": 0.18510422533897697}",0.435,0.3579444041617436,0.265,0.0024503722084367246,0.0,0.0,0.0,5.1610239471511145e-05,0.5890084646974293,0.3948852856479832,1.936676881680187,0.5314372903615955,0.003243487516977818,86.39371381306864,1.0,0.0,1.045454545454546
2026-02-27T09:50:09.521064Z,profile1d_cubic__robust_ossm_ekf,robust_ossm_ekf,11,0.9518085344838021,0.9518085344838021,completed,576.8941948413849,subject_kfold,32,raw,,/home/gongjae/Projects/resPyre/robust_ossm_ekf/profile1d_cubic__robust_ossm_ekf/trials/trial_00011/run_workspace/results/trial_00011,/home/gongjae/Projects/resPyre/robust_ossm_ekf/profile1d_cubic__robust_ossm_ekf/trials/trial_00011,936a3d24f06bbf67,/home/gongjae/Projects/resPyre/robust_ossm_ekf/profile1d_cubic__robust_ossm_ekf/trials/trial_00011/trial_manifest.json,/home/gongjae/Projects/resPyre/robust_ossm_ekf/profile1d_cubic__robust_ossm_ekf/trials/trial_00011/metrics_summary.json,"{""oscillator.g_z_eff_floor_ratio"": 0.24463484374861683, ""oscillator.post_smooth_alpha"": 0.9465900958325917, ""oscillator.qf"": 0.0004214984316920189, ""oscillator.qx"": 0.0027634343015617096, ""oscillator.rv"": 0.023388599589457264, ""oscillator.rv_auto"": true, ""oscillator.rv_mad_scale"": 0.7519230988390722, ""oscillator.spec_guidance_strength"": 0.771693128182668, ""oscillator.student_t_nu"": 7.2540888093059115, ""oscillator.tau_env"": 55.92876238132823, ""trust.alpha_R_max"": 6.0861110010060795, ""trust.beta_1"": 0.674820873364648, ""trust.beta_2"": 1.118669107740848, ""trust.g_z_floor"": 0.39699282071538067, ""trust.gate_bias"": 0.3341296464118809, ""trust.w_gate_nis"": 0.4021623478185826}",0.44,0.3474797045929704,0.32,0.023158689744333924,0.023158689744333924,0.0,0.0,0.0,0.5910358937449196,0.3065475661308425,1.923317496453743,0.11623571234053212,0.0,91.00460444555881,1.0,0.0,4.312983120773482
2026-02-27T09:50:15.013380Z,profile1d_cubic__robust_ossm_ekf,robust_ossm_ekf,12,1.0567743128200346,1.0567743128200346,pruned,5.372081279754639,subject_kfold,1,raw,debug_quantile,,/home/gongjae/Projects/resPyre/robust_ossm_ekf/profile1d_cubic__robust_ossm_ekf/trials/trial_00012,9a8fe3f4a756d557,/home/gongjae/Projects/resPyre/robust_ossm_ekf/profile1d_cubic__robust_ossm_ekf/trials/trial_00012/trial_manifest.json,/home/gongjae/Projects/resPyre/robust_ossm_ekf/profile1d_cubic__robust_ossm_ekf/trials/trial_00012/metrics_summary.json,"{""oscillator.g_z_eff_floor_ratio"": 0.5211991690690125, ""oscillator.post_smooth_alpha"": 0.7292075426066845, ""oscillator.qf"": 0.00371031608986676, ""oscillator.qx"": 0.005879827769427342, ""oscillator.rv"": 0.013278005776780708, ""oscillator.rv_auto"": true, ""oscillator.rv_mad_scale"": 0.6918962455126547, ""oscillator.spec_guidance_strength"": 1.1331216689691752, ""oscillator.student_t_nu"": 6.729327701535707, ""oscillator.tau_env"": 52.92127577820993, ""trust.alpha_R_max"": 6.492770942635397, ""trust.beta_1"": 1.5257950666916291, ""trust.beta_2"": 0.9622655895262339, ""trust.g_z_floor"": 0.17273292134257623, ""trust.gate_bias"": 0.2437527817974254, ""trust.w_gate_nis"": 0.31039234200017224}",0.36,0.34133267526560573,0.34,0.024896265560165973,0.024896265560165973,0.0,0.0,0.0,0.6021908415129581,0.5109387163802503,2.1545790837126497,0.01653187876469792,0.0,100.0,1.0,0.0,nan
2026-02-27T09:59:47.481115Z,profile1d_cubic__robust_ossm_ekf,robust_ossm_ekf,13,4.338481936439257,4.338481936439257,completed,572.3794209957123,subject_kfold,32,raw,,/home/gongjae/Projects/resPyre/robust_ossm_ekf/profile1d_cubic__robust_ossm_ekf/trials/trial_00013/run_workspace/results/trial_00013,/home/gongjae/Projects/resPyre/robust_ossm_ekf/profile1d_cubic__robust_ossm_ekf/trials/trial_00013,30ac71085de70445,/home/gongjae/Projects/resPyre/robust_ossm_ekf/profile1d_cubic__robust_ossm_ekf/trials/trial_00013/trial_manifest.json,/home/gongjae/Projects/resPyre/robust_ossm_ekf/profile1d_cubic__robust_ossm_ekf/trials/trial_00013/metrics_summary.json,"{""oscillator.g_z_eff_floor_ratio"": 0.2854065754464631, ""oscillator.post_smooth_alpha"": 0.8412256660159622, ""oscillator.qf"": 0.000404721342603072, ""oscillator.qx"": 0.0004061114775630952, ""oscillator.rv"": 0.009894894498963866, ""oscillator.rv_auto"": true, ""oscillator.rv_mad_scale"": 0.9485757960986252, ""oscillator.spec_guidance_strength"": 1.0129164938758983, ""oscillator.student_t_nu"": 10.610847174619625, ""oscillator.tau_env"": 48.53415704706248, ""trust.alpha_R_max"": 5.288064461501717, ""trust.beta_1"": 0.8109739962464801, ""trust.beta_2"": 0.47143167401200914, ""trust.g_z_floor"": 0.4821505347223801, ""trust.gate_bias"": 0.5378091075045517, ""trust.w_gate_nis"": 0.3511316479960294}",0.5700000000000001,0.3693673158391716,0.89,0.07164817329150866,0.06456683956216254,0.0,0.0,0.0,0.574440863345653,0.2925198278257777,1.6749815116272728,0.2714350255223831,0.0,80.10408893364962,1.0,0.0,30.404899231609324
2026-02-27T10:08:58.584675Z,profile1d_cubic__robust_ossm_ekf,robust_ossm_ekf,14,2.5943135517083116,2.5943135517083116,completed,550.9879426956177,subject_kfold,32,raw,,/home/gongjae/Projects/resPyre/robust_ossm_ekf/profile1d_cubic__robust_ossm_ekf/trials/trial_00014/run_workspace/results/trial_00014,/home/gongjae/Projects/resPyre/robust_ossm_ekf/profile1d_cubic__robust_ossm_ekf/trials/trial_00014,8543dcf05cedc887,/home/gongjae/Projects/resPyre/robust_ossm_ekf/profile1d_cubic__robust_ossm_ekf/trials/trial_00014/trial_manifest.json,/home/gongjae/Projects/resPyre/robust_ossm_ekf/profile1d_cubic__robust_ossm_ekf/trials/trial_00014/metrics_summary.json,"{""oscillator.g_z_eff_floor_ratio"": 0.5535613126645748, ""oscillator.post_smooth_alpha"": 0.8335212916189872, ""oscillator.qf"": 0.004611645617637977, ""oscillator.qx"": 0.0008308025789647843, ""oscillator.rv"": 0.017284085978209292, ""oscillator.rv_auto"": true, ""oscillator.rv_mad_scale"": 0.7693410654567765, ""oscillator.spec_guidance_strength"": 0.8767141105183749, ""oscillator.student_t_nu"": 12.812512106948246, ""oscillator.tau_env"": 40.44108168267154, ""trust.alpha_R_max"": 2.121579832157269, ""trust.beta_1"": 1.1845942730889951, ""trust.beta_2"": 0.651919109324373, ""trust.g_z_floor"": 0.22634756309838513, ""trust.gate_bias"": 0.5756750999359828, ""trust.w_gate_nis"": 0.13614476524123736}",0.51,0.39353619687766545,0.6000000000000001,0.0565500406834825,0.004033890557659658,0.0565500406834825,0.0,0.07098123856657257,0.5735763338549367,0.36392912198106114,1.8141557312423235,0.2364910396105967,0.0,97.1737012987013,1.0,0.0,16.84141186017275
2026-02-27T10:18:03.548293Z,profile1d_cubic__robust_ossm_ekf,robust_ossm_ekf,15,0.47023809792856264,0.47023809792856264,completed,544.843284368515,subject_kfold,32,raw,,/home/gongjae/Projects/resPyre/robust_ossm_ekf/profile1d_cubic__robust_ossm_ekf/trials/trial_00015/run_workspace/results/trial_00015,/home/gongjae/Projects/resPyre/robust_ossm_ekf/profile1d_cubic__robust_ossm_ekf/trials/trial_00015,910ef7d0bd380692,/home/gongjae/Projects/resPyre/robust_ossm_ekf/profile1d_cubic__robust_ossm_ekf/trials/trial_00015/trial_manifest.json,/home/gongjae/Projects/resPyre/robust_ossm_ekf/profile1d_cubic__robust_ossm_ekf/trials/trial_00015/metrics_summary.json,"{""oscillator.g_z_eff_floor_ratio"": 0.6343277649505248, ""oscillator.post_smooth_alpha"": 0.7584281348774062, ""oscillator.qf"": 0.0007577528541589271, ""oscillator.qx"": 0.0061990623567659735, ""oscillator.rv"": 0.05737744234239306, ""oscillator.rv_auto"": true, ""oscillator.rv_mad_scale"": 1.0792678596511645, ""oscillator.spec_guidance_strength"": 1.1763529851080143, ""oscillator.student_t_nu"": 13.211504188464978, ""oscillator.tau_env"": 20.803744059501106, ""trust.alpha_R_max"": 2.8474637334304624, ""trust.beta_1"": 1.488310401014096, ""trust.beta_2"": 0.4380048034351526, ""trust.g_z_floor"": 0.24261490232032498, ""trust.gate_bias"": 0.6425910691887656, ""trust.w_gate_nis"": 0.21018811415475086}",0.4,0.3458636796102191,0.24,0.0008271298593879239,0.0008271298593879239,0.0,0.0,0.004542810971116024,0.5442579389183422,0.39161707035007876,1.9187706631203525,0.11104889236228824,0.0,96.30607242633494,1.0,0.0,0.7779022152754236
2026-02-27T10:27:15.086044Z,profile1d_cubic__robust_ossm_ekf,robust_ossm_ekf,16,0.7843358677612324,0.7843358677612324,completed,551.4052574634552,subject_kfold,32,raw,,/home/gongjae/Projects/resPyre/robust_ossm_ekf/profile1d_cubic__robust_ossm_ekf/trials/trial_00016/run_workspace/results/trial_00016,/home/gongjae/Projects/resPyre/robust_ossm_ekf/profile1d_cubic__robust_ossm_ekf/trials/trial_00016,2b87a9faf69b5953,/home/gongjae/Projects/resPyre/robust_ossm_ekf/profile1d_cubic__robust_ossm_ekf/trials/trial_00016/trial_manifest.json,/home/gongjae/Projects/resPyre/robust_ossm_ekf/profile1d_cubic__robust_ossm_ekf/trials/trial_00016/metrics_summary.json,"{""oscillator.g_z_eff_floor_ratio"": 0.5923653438061391, ""oscillator.post_smooth_alpha"": 0.7917819713745826, ""oscillator.qf"": 0.0015779122876478616, ""oscillator.qx"": 0.0005351672451106652, ""oscillator.rv"": 0.034383822958437324, ""oscillator.rv_auto"": false, ""oscillator.rv_mad_scale"": 0.9065275265402143, ""oscillator.spec_guidance_strength"": 1.031499601540233, ""oscillator.student_t_nu"": 4.540924167601764, ""oscillator.tau_env"": 71.48280020542168, ""trust.alpha_R_max"": 6.050566973395904, ""trust.beta_1"": 1.3167173150947948, ""trust.beta_2"": 0.878682810706078, ""trust.g_z_floor"": 0.4642125199653312, ""trust.gate_bias"": 0.35266775901753655, ""trust.w_gate_nis"": 0.20020154897570452}",0.475,0.3542874852145828,0.305,0.036018226255452535,0.0,0.036018226255452535,0.0,0.008484619084070796,0.5504287286074094,0.38989301355577355,2.0467709360503736,1.5403390182485037,0.0022681564767290984,84.9498756584389,1.0,0.0,2.967699868158558
2026-02-27T10:37:06.972843Z,profile1d_cubic__robust_ossm_ekf,robust_ossm_ekf,17,0.34713732988230694,0.34713732988230694,completed,591.7762761116028,subject_kfold,32,raw,,/home/gongjae/Projects/resPyre/robust_ossm_ekf/profile1d_cubic__robust_ossm_ekf/trials/trial_00017/run_workspace/results/trial_00017,/home/gongjae/Projects/resPyre/robust_ossm_ekf/profile1d_cubic__robust_ossm_ekf/trials/trial_00017,bb1044f2f18fc4b2,/home/gongjae/Projects/resPyre/robust_ossm_ekf/profile1d_cubic__robust_ossm_ekf/trials/trial_00017/trial_manifest.json,/home/gongjae/Projects/resPyre/robust_ossm_ekf/profile1d_cubic__robust_ossm_ekf/trials/trial_00017/metrics_summary.json,"{""oscillator.g_z_eff_floor_ratio"": 0.3388577237202218, ""oscillator.post_smooth_alpha"": 0.9293019764724995, ""oscillator.qf"": 0.0017521148831823423, ""oscillator.qx"": 0.004371857165879317, ""oscillator.rv"": 0.023351847798637002, ""oscillator.rv_auto"": false, ""oscillator.rv_mad_scale"": 0.8756823326092399, ""oscillator.spec_guidance_strength"": 0.7941289192159636, ""oscillator.student_t_nu"": 11.753719363797112, ""oscillator.tau_env"": 56.50227761740057, ""trust.alpha_R_max"": 3.432706260641422, ""trust.beta_1"": 0.653380133824956, ""trust.beta_2"": 0.744542552275868, ""trust.g_z_floor"": 0.3441900856184095, ""trust.gate_bias"": 0.4421109694288793, ""trust.w_gate_nis"": 0.07401748678072942}",0.455,0.363608363586191,0.125,0.0008007719210511975,0.0,0.0,0.0,0.0013187121156189874,0.6293369751990658,0.36589346362064556,1.6099575128320687,0.39374642097325413,0.0001544997970950493,94.41461390564146,1.0,0.0,0.21250715805349163
2026-02-27T10:46:23.461112Z,profile1d_cubic__robust_ossm_ekf,robust_ossm_ekf,18,2.737191411214693,2.737191411214693,completed,556.3748378753662,subject_kfold,32,raw,,/home/gongjae/Projects/resPyre/robust_ossm_ekf/profile1d_cubic__robust_ossm_ekf/trials/trial_00018/run_workspace/results/trial_00018,/home/gongjae/Projects/resPyre/robust_ossm_ekf/profile1d_cubic__robust_ossm_ekf/trials/trial_00018,cd7e57467b2e2225,/home/gongjae/Projects/resPyre/robust_ossm_ekf/profile1d_cubic__robust_ossm_ekf/trials/trial_00018/trial_manifest.json,/home/gongjae/Projects/resPyre/robust_ossm_ekf/profile1d_cubic__robust_ossm_ekf/trials/trial_00018/metrics_summary.json,"{""oscillator.g_z_eff_floor_ratio"": 0.47275852363493015, ""oscillator.post_smooth_alpha"": 0.6798537801738319, ""oscillator.qf"": 0.00036580492382955144, ""oscillator.qx"": 0.0011767354036065249, ""oscillator.rv"": 0.00865107828289298, ""oscillator.rv_auto"": true, ""oscillator.rv_mad_scale"": 1.0201702522968463, ""oscillator.spec_guidance_strength"": 0.6054758522459492, ""oscillator.student_t_nu"": 11.469929084084718, ""oscillator.tau_env"": 47.156649522849825, ""trust.alpha_R_max"": 6.879260397312673, ""trust.beta_1"": 0.6068498932854685, ""trust.beta_2"": 0.6938630020935999, ""trust.g_z_floor"": 0.42674110017519773, ""trust.gate_bias"": 0.5314635487790674, ""trust.w_gate_nis"": 0.27084769742794157}",0.5549999999999999,0.37428697404560696,0.6100000000000001,0.0615819209039548,0.0615819209039548,0.0,0.0,0.0014486754966887417,0.5849436658398288,0.34650326731612335,1.7096786443943346,0.19914538767300874,0.0,79.94312312288358,1.0,0.0,17.71997846048635
2026-02-27T10:55:29.934613Z,profile1d_cubic__robust_ossm_ekf,robust_ossm_ekf,19,2.423725051341734,2.423725051341734,completed,546.3646800518036,subject_kfold,32,raw,,/home/gongjae/Projects/resPyre/robust_ossm_ekf/profile1d_cubic__robust_ossm_ekf/trials/trial_00019/run_workspace/results/trial_00019,/home/gongjae/Projects/resPyre/robust_ossm_ekf/profile1d_cubic__robust_ossm_ekf/trials/trial_00019,e93954fd8562fd6e,/home/gongjae/Projects/resPyre/robust_ossm_ekf/profile1d_cubic__robust_ossm_ekf/trials/trial_00019/trial_manifest.json,/home/gongjae/Projects/resPyre/robust_ossm_ekf/profile1d_cubic__robust_ossm_ekf/trials/trial_00019/metrics_summary.json,"{""oscillator.g_z_eff_floor_ratio"": 0.507107876864038, ""oscillator.post_smooth_alpha"": 0.9093126445895161, ""oscillator.qf"": 0.00031623804327962423, ""oscillator.qx"": 0.0014899612610164577, ""oscillator.rv"": 0.04232227162914432, ""oscillator.rv_auto"": true, ""oscillator.rv_mad_scale"": 0.7718745130679334, ""oscillator.spec_guidance_strength"": 0.8158194138692754, ""oscillator.student_t_nu"": 13.589132561457175, ""oscillator.tau_env"": 21.31823865760379, ""trust.alpha_R_max"": 5.300986883588656, ""trust.beta_1"": 0.7406237520779304, ""trust.beta_2"": 0.28895200608477295, ""trust.g_z_floor"": 0.42156816521502816, ""trust.gate_bias"": 0.48559786564718266, ""trust.w_gate_nis"": 0.15759473028419219}",0.535,0.4042756711425384,0.565,0.020576633479859288,0.020576633479859288,0.0,0.0,0.0,0.5902500328254556,0.35029909819241367,1.5742116603030367,0.21393864302852708,0.0,80.15082661100361,1.0,0.0,15.503546063767777
2026-02-27T11:04:39.083218Z,profile1d_cubic__robust_ossm_ekf,robust_ossm_ekf,20,0.502838023747881,0.502838023747881,completed,549.0364842414856,subject_kfold,32,raw,,/home/gongjae/Projects/resPyre/robust_ossm_ekf/profile1d_cubic__robust_ossm_ekf/trials/trial_00020/run_workspace/results/trial_00020,/home/gongjae/Projects/resPyre/robust_ossm_ekf/profile1d_cubic__robust_ossm_ekf/trials/trial_00020,f441bd1e36e26ba9,/home/gongjae/Projects/resPyre/robust_ossm_ekf/profile1d_cubic__robust_ossm_ekf/trials/trial_00020/trial_manifest.json,/home/gongjae/Projects/resPyre/robust_ossm_ekf/profile1d_cubic__robust_ossm_ekf/trials/trial_00020/metrics_summary.json,"{""oscillator.g_z_eff_floor_ratio"": 0.18185629946109094, ""oscillator.post_smooth_alpha"": 0.7516894804955491, ""oscillator.qf"": 0.003761185498845053, ""oscillator.qx"": 0.0011873424394261477, ""oscillator.rv"": 0.03375079169111926, ""oscillator.rv_auto"": false, ""oscillator.rv_mad_scale"": 0.8381644512521501, ""oscillator.spec_guidance_strength"": 1.07489710470141, ""oscillator.student_t_nu"": 3.280423679643781, ""oscillator.tau_env"": 27.507159921759857, ""trust.alpha_R_max"": 5.929113128459032, ""trust.beta_1"": 1.5646969423726182, ""trust.beta_2"": 0.6277486514636827, ""trust.g_z_floor"": 0.19891877813347159, ""trust.gate_bias"": 0.6741406082697725, ""trust.w_gate_nis"": 0.3145402126012977}",0.42,0.34817271956398027,0.275,0.03597142988590357,0.0,0.03597142988590357,0.0,0.047455638890116135,0.48679292414988157,0.3002516073628121,2.0804302819650333,1.1754002049570125,0.008155195768133866,95.46319272125724,1.0,0.0,1.5402151409825175
2026-02-27T11:13:53.286795Z,profile1d_cubic__robust_ossm_ekf,robust_ossm_ekf,21,0.4568570722653186,0.4568570722653186,completed,554.0924787521362,subject_kfold,32,raw,,/home/gongjae/Projects/resPyre/robust_ossm_ekf/profile1d_cubic__robust_ossm_ekf/trials/trial_00021/run_workspace/results/trial_00021,/home/gongjae/Projects/resPyre/robust_ossm_ekf/profile1d_cubic__robust_ossm_ekf/trials/trial_00021,a0f5466cde14fedc,/home/gongjae/Projects/resPyre/robust_ossm_ekf/profile1d_cubic__robust_ossm_ekf/trials/trial_00021/trial_manifest.json,/home/gongjae/Projects/resPyre/robust_ossm_ekf/profile1d_cubic__robust_ossm_ekf/trials/trial_00021/metrics_summary.json,"{""oscillator.g_z_eff_floor_ratio"": 0.3969311519200458, ""oscillator.post_smooth_alpha"": 0.9333822038216686, ""oscillator.qf"": 0.0021755451051349403, ""oscillator.qx"": 0.004141927693153066, ""oscillator.rv"": 0.030064357693575794, ""oscillator.rv_auto"": false, ""oscillator.rv_mad_scale"": 0.8730321618740586, ""oscillator.spec_guidance_strength"": 0.8499789219789045, ""oscillator.student_t_nu"": 10.671819965256754, ""oscillator.tau_env"": 64.69711519053686, ""trust.alpha_R_max"": 3.4922913729386154, ""trust.beta_1"": 0.711178151484863, ""trust.beta_2"": 0.7120958819526962, ""trust.g_z_floor"": 0.39030806180041144, ""trust.gate_bias"": 0.42195239201418866, ""trust.w_gate_nis"": 0.07577511000621298}",0.45499999999999996,0.35321532835421965,0.255,0.001626717284519839,0.0,0.0,0.0,0.002094534736223483,0.5798405444200241,0.3499458998105815,1.7479386644076986,0.4520612174730605,0.0008459164145562608,95.79719425867474,1.0,0.0,0.6867866559629701
2026-02-27T11:23:45.618480Z,profile1d_cubic__robust_ossm_ekf,robust_ossm_ekf,22,0.4941190858820821,0.4941190858820821,completed,592.2064576148987,subject_kfold,32,raw,,/home/gongjae/Projects/resPyre/robust_ossm_ekf/profile1d_cubic__robust_ossm_ekf/trials/trial_00022/run_workspace/results/trial_00022,/home/gongjae/Projects/resPyre/robust_ossm_ekf/profile1d_cubic__robust_ossm_ekf/trials/trial_00022,ff08428a422e7674,/home/gongjae/Projects/resPyre/robust_ossm_ekf/profile1d_cubic__robust_ossm_ekf/trials/trial_00022/trial_manifest.json,/home/gongjae/Projects/resPyre/robust_ossm_ekf/profile1d_cubic__robust_ossm_ekf/trials/trial_00022/metrics_summary.json,"{""oscillator.g_z_eff_floor_ratio"": 0.31106421294973197, ""oscillator.post_smooth_alpha"": 0.6913513385027239, ""oscillator.qf"": 0.002088864320137608, ""oscillator.qx"": 0.001593772484617245, ""oscillator.rv"": 0.05437693213832073, ""oscillator.rv_auto"": true, ""oscillator.rv_mad_scale"": 0.7307201674385554, ""oscillator.spec_guidance_strength"": 1.1127180318608476, ""oscillator.student_t_nu"": 5.487590227950597, ""oscillator.tau_env"": 30.216993341073653, ""trust.alpha_R_max"": 6.629598054146378, ""trust.beta_1"": 1.4361192563426546, ""trust.beta_2"": 1.1883337470085444, ""trust.g_z_floor"": 0.33097903684804325, ""trust.gate_bias"": 0.6546529790075094, ""trust.w_gate_nis"": 0.4349723335736663}",0.47,0.3346524833746165,0.195,0.018006753374762246,0.002852572647294055,0.0,0.0,0.00010187449062754686,0.5882504062137905,0.33358140709373185,2.0306715890546476,0.1226190116382703,0.0,97.74074269613048,1.0,0.0,0.7700977712507833
2026-02-27T11:23:51.371273Z,profile1d_cubic__robust_ossm_ekf,robust_ossm_ekf,23,1.00254452933399,1.00254452933399,pruned,5.6341938972473145,subject_kfold,1,raw,debug_stage,,/home/gongjae/Projects/resPyre/robust_ossm_ekf/profile1d_cubic__robust_ossm_ekf/trials/trial_00023,4306c539f7768cf7,/home/gongjae/Projects/resPyre/robust_ossm_ekf/profile1d_cubic__robust_ossm_ekf/trials/trial_00023/trial_manifest.json,/home/gongjae/Projects/resPyre/robust_ossm_ekf/profile1d_cubic__robust_ossm_ekf/trials/trial_00023/metrics_summary.json,"{""oscillator.g_z_eff_floor_ratio"": 0.27710133219429556, ""oscillator.post_smooth_alpha"": 0.8603591966685753, ""oscillator.qf"": 0.0028402211791183707, ""oscillator.qx"": 0.0010783062859600664, ""oscillator.rv"": 0.04185402255472224, ""oscillator.rv_auto"": false, ""oscillator.rv_mad_scale"": 0.916343157361406, ""oscillator.spec_guidance_strength"": 0.9412549239995197, ""oscillator.student_t_nu"": 5.216830787291178, ""oscillator.tau_env"": 32.52533515497801, ""trust.alpha_R_max"": 3.2424615933480903, ""trust.beta_1"": 1.1928208420851794, ""trust.beta_2"": 0.6998529112773999, ""trust.g_z_floor"": 0.24151044377748865, ""trust.gate_bias"": 0.5572906640428171, ""trust.w_gate_nis"": 0.07305894307810791}",0.37,0.3432904424553896,0.34,0.005809128630705394,0.005809128630705394,0.0,0.0,0.0,0.5397567132560118,0.4407372865704727,1.8871301340680633,0.12873875581113964,0.0,98.34024896265561,1.0,0.0,nan
2026-02-27T11:23:57.017302Z,profile1d_cubic__robust_ossm_ekf,robust_ossm_ekf,24,1.0232520777269265,1.0232520777269265,pruned,5.552531957626343,subject_kfold,1,raw,debug_quantile,,/home/gongjae/Projects/resPyre/robust_ossm_ekf/profile1d_cubic__robust_ossm_ekf/trials/trial_00024,69c38b4fe71c4b2d,/home/gongjae/Projects/resPyre/robust_ossm_ekf/profile1d_cubic__robust_ossm_ekf/trials/trial_00024/trial_manifest.json,/home/gongjae/Projects/resPyre/robust_ossm_ekf/profile1d_cubic__robust_ossm_ekf/trials/trial_00024/metrics_summary.json,"{""oscillator.g_z_eff_floor_ratio"": 0.2264033527433041, ""oscillator.post_smooth_alpha"": 0.624228921495783, ""oscillator.qf"": 0.0014544934461341353, ""oscillator.qx"": 0.0012311329805880281, ""oscillator.rv"": 0.059923178347910416, ""oscillator.rv_auto"": false, ""oscillator.rv_mad_scale"": 0.7994380487709402, ""oscillator.spec_guidance_strength"": 1.1248650967471723, ""oscillator.student_t_nu"": 4.9472001437541175, ""oscillator.tau_env"": 35.402040036348545, ""trust.alpha_R_max"": 6.414900333075548, ""trust.beta_1"": 1.636853952615111, ""trust.beta_2"": 0.7889020702500126, ""trust.g_z_floor"": 0.13858813823656785, ""trust.gate_bias"": 0.4739023424088219, ""trust.w_gate_nis"": 0.4094588548207897}",0.37,0.3442599042504339,0.34,0.017427385892116183,0.017427385892116183,0.0,0.0,0.0,0.5501295951623018,0.4482437237363791,2.0689893146058984,0.10328211604928789,0.0,96.59751037344398,1.0,0.0,nan
2026-02-27T11:24:02.604397Z,profile1d_cubic__robust_ossm_ekf,robust_ossm_ekf,25,1.0090866244919616,1.0090866244919616,pruned,5.492937088012695,subject_kfold,1,raw,debug_stage,,/home/gongjae/Projects/resPyre/robust_ossm_ekf/profile1d_cubic__robust_ossm_ekf/trials/trial_00025,bc142c3679c97a33,/home/gongjae/Projects/resPyre/robust_ossm_ekf/profile1d_cubic__robust_ossm_ekf/trials/trial_00025/trial_manifest.json,/home/gongjae/Projects/resPyre/robust_ossm_ekf/profile1d_cubic__robust_ossm_ekf/trials/trial_00025/metrics_summary.json,"{""oscillator.g_z_eff_floor_ratio"": 0.3641474105453856, ""oscillator.post_smooth_alpha"": 0.8225253262345118, ""oscillator.qf"": 0.0017515706421609573, ""oscillator.qx"": 0.0004605290729947462, ""oscillator.rv"": 0.039427468712056775, ""oscillator.rv_auto"": false, ""oscillator.rv_mad_scale"": 0.7996208425336133, ""oscillator.spec_guidance_strength"": 1.0295867856851635, ""oscillator.student_t_nu"": 9.886850678376957, ""oscillator.tau_env"": 35.01932072115686, ""trust.alpha_R_max"": 4.85879036065044, ""trust.beta_1"": 1.0799129692850529, ""trust.beta_2"": 0.16261565548557394, ""trust.g_z_floor"": 0.20456174363009777, ""trust.gate_bias"": 0.6871864876626301, ""trust.w_gate_nis"": 0.12790518458894912}",0.37,0.3491087084992957,0.35,0.007468879668049793,0.007468879668049793,0.0,0.0,0.0,0.508745622505317,0.41648323224313144,1.5007392442022782,0.2385032389904015,0.0,96.6804979253112,1.0,0.0,nan
2026-02-27T11:33:18.407203Z,profile1d_cubic__robust_ossm_ekf,robust_ossm_ekf,26,0.5542601007652134,0.5542601007652134,pruned,555.7058124542236,subject_kfold,32,raw,full_objective,/home/gongjae/Projects/resPyre/robust_ossm_ekf/profile1d_cubic__robust_ossm_ekf/trials/trial_00026/run_workspace/results/trial_00026,/home/gongjae/Projects/resPyre/robust_ossm_ekf/profile1d_cubic__robust_ossm_ekf/trials/trial_00026,ddb5f540c05d89a5,/home/gongjae/Projects/resPyre/robust_ossm_ekf/profile1d_cubic__robust_ossm_ekf/trials/trial_00026/trial_manifest.json,/home/gongjae/Projects/resPyre/robust_ossm_ekf/profile1d_cubic__robust_ossm_ekf/trials/trial_00026/metrics_summary.json,"{""oscillator.g_z_eff_floor_ratio"": 0.3672106322422402, ""oscillator.post_smooth_alpha"": 0.9138289577335027, ""oscillator.qf"": 0.000967569650063019, ""oscillator.qx"": 0.001568462378094859, ""oscillator.rv"": 0.022001516283081488, ""oscillator.rv_auto"": false, ""oscillator.rv_mad_scale"": 0.9321860016035955, ""oscillator.spec_guidance_strength"": 1.15207898774851, ""oscillator.student_t_nu"": 9.384391325505556, ""oscillator.tau_env"": 36.75751670667238, ""trust.alpha_R_max"": 2.190005127301082, ""trust.beta_1"": 1.181090077050879, ""trust.beta_2"": 0.4636914013533045, ""trust.g_z_floor"": 0.3101438974203612, ""trust.gate_bias"": 0.7070406227508929, ""trust.w_gate_nis"": 0.12242238529647556}",0.46499999999999997,0.3592942517378813,0.28,0.0069636366934971786,0.0,0.0,0.0,0.002080041860739605,0.5110199213468657,0.3011273654894575,1.7513456824152671,1.2255497747657327,0.001692020289279225,85.69136838014106,1.0,0.0,1.727272727272728
2026-02-27T11:33:23.381396Z,profile1d_cubic__robust_ossm_ekf,robust_ossm_ekf,27,0.9862798418060703,0.9862798418060703,pruned,4.855064392089844,subject_kfold,1,raw,debug_stage,,/home/gongjae/Projects/resPyre/robust_ossm_ekf/profile1d_cubic__robust_ossm_ekf/trials/trial_00027,71437540ef5e0214,/home/gongjae/Projects/resPyre/robust_ossm_ekf/profile1d_cubic__robust_ossm_ekf/trials/trial_00027/trial_manifest.json,/home/gongjae/Projects/resPyre/robust_ossm_ekf/profile1d_cubic__robust_ossm_ekf/trials/trial_00027/metrics_summary.json,"{""oscillator.g_z_eff_floor_ratio"": 0.2646212676735359, ""oscillator.post_smooth_alpha"": 0.9141244628821641, ""oscillator.qf"": 0.0014733382989768555, ""oscillator.qx"": 0.00302626096829705, ""oscillator.rv"": 0.019284266806807008, ""oscillator.rv_auto"": true, ""oscillator.rv_mad_scale"": 0.8480889361052153, ""oscillator.spec_guidance_strength"": 0.9339914192942412, ""oscillator.student_t_nu"": 12.287247350034242, ""oscillator.tau_env"": 42.768778485572994, ""trust.alpha_R_max"": 2.969730047689743, ""trust.beta_1"": 0.6820502548499582, ""trust.beta_2"": 1.0440451450009645, ""trust.g_z_floor"": 0.19310445718918248, ""trust.gate_bias"": 0.463630523811129, ""trust.w_gate_nis"": 0.09457994928308097}",0.36,0.3487410598912654,0.33,0.04730290456431535,0.04730290456431535,0.0,0.0,0.0,0.5600366129722277,0.4485443118068287,1.9772502277000967,0.022366180510635606,0.0,98.34024896265561,1.0,0.0,nan
2026-02-27T11:42:49.108498Z,profile1d_cubic__robust_ossm_ekf,robust_ossm_ekf,28,1.0409277052542927,1.0409277052542927,pruned,565.6148223876953,subject_kfold,32,raw,full_objective,/home/gongjae/Projects/resPyre/robust_ossm_ekf/profile1d_cubic__robust_ossm_ekf/trials/trial_00028/run_workspace/results/trial_00028,/home/gongjae/Projects/resPyre/robust_ossm_ekf/profile1d_cubic__robust_ossm_ekf/trials/trial_00028,91c1d938d01d0ee0,/home/gongjae/Projects/resPyre/robust_ossm_ekf/profile1d_cubic__robust_ossm_ekf/trials/trial_00028/trial_manifest.json,/home/gongjae/Projects/resPyre/robust_ossm_ekf/profile1d_cubic__robust_ossm_ekf/trials/trial_00028/metrics_summary.json,"{""oscillator.g_z_eff_floor_ratio"": 0.35910069112712106, ""oscillator.post_smooth_alpha"": 0.8610381166741796, ""oscillator.qf"": 0.0009332336817317981, ""oscillator.qx"": 0.005151735302454206, ""oscillator.rv"": 0.02232270135615558, ""oscillator.rv_auto"": false, ""oscillator.rv_mad_scale"": 0.7349597018444833, ""oscillator.spec_guidance_strength"": 0.6930010750775558, ""oscillator.student_t_nu"": 10.684335300826467, ""oscillator.tau_env"": 36.77196330564732, ""trust.alpha_R_max"": 2.8153075998134574, ""trust.beta_1"": 0.6217156489968167, ""trust.beta_2"": 0.7827933026033816, ""trust.g_z_floor"": 0.38971896839587006, ""trust.gate_bias"": 0.301869915792873, ""trust.w_gate_nis"": 0.12131510994276419}",0.495,0.37220735541273064,0.33999999999999997,0.004343925796473524,0.0,0.0,0.0,0.001181703840549449,0.6258005635870811,0.34063500702791505,1.7497599891429092,0.30582534833041497,0.0002287482573471736,90.82072906768029,1.0,0.0,4.842894757884624
2026-02-27T11:42:54.577849Z,profile1d_cubic__robust_ossm_ekf,robust_ossm_ekf,29,1.0074473193703548,1.0074473193703548,pruned,5.358588695526123,subject_kfold,1,raw,debug_stage,,/home/gongjae/Projects/resPyre/robust_ossm_ekf/profile1d_cubic__robust_ossm_ekf/trials/trial_00029,e00e90af2938d8c7,/home/gongjae/Projects/resPyre/robust_ossm_ekf/profile1d_cubic__robust_ossm_ekf/trials/trial_00029/trial_manifest.json,/home/gongjae/Projects/resPyre/robust_ossm_ekf/profile1d_cubic__robust_ossm_ekf/trials/trial_00029/metrics_summary.json,"{""oscillator.g_z_eff_floor_ratio"": 0.48037211805326013, ""oscillator.post_smooth_alpha"": 0.7545085371431317, ""oscillator.qf"": 0.001997904179336302, ""oscillator.qx"": 0.0021845920810317334, ""oscillator.rv"": 0.056710164192863344, ""oscillator.rv_auto"": false, ""oscillator.rv_mad_scale"": 0.6801670716097097, ""oscillator.spec_guidance_strength"": 1.1587071965848594, ""oscillator.student_t_nu"": 3.8081290612286756, ""oscillator.tau_env"": 21.71171179780795, ""trust.alpha_R_max"": 5.684044987779276, ""trust.beta_1"": 1.0688795590900042, ""trust.beta_2"": 0.6146736094283244, ""trust.g_z_floor"": 0.21230567409185092, ""trust.gate_bias"": 0.5473154326949627, ""trust.w_gate_nis"": 0.28935353465124153}",0.36,0.33810975300555,0.34,0.012448132780082987,0.012448132780082987,0.0,0.0,0.0,0.5386130491354505,0.4536485905257643,1.7992344326594736,0.08785602263601885,0.0,97.84232365145228,1.0,0.0,nan
2026-02-27T11:52:40.202602Z,profile1d_cubic__robust_ossm_ekf,robust_ossm_ekf,30,0.5335963410498723,0.5335963410498723,pruned,585.5217552185059,subject_kfold,32,raw,full_objective,/home/gongjae/Projects/resPyre/robust_ossm_ekf/profile1d_cubic__robust_ossm_ekf/trials/trial_00030/run_workspace/results/trial_00030,/home/gongjae/Projects/resPyre/robust_ossm_ekf/profile1d_cubic__robust_ossm_ekf/trials/trial_00030,149d65053dbc1de8,/home/gongjae/Projects/resPyre/robust_ossm_ekf/profile1d_cubic__robust_ossm_ekf/trials/trial_00030/trial_manifest.json,/home/gongjae/Projects/resPyre/robust_ossm_ekf/profile1d_cubic__robust_ossm_ekf/trials/trial_00030/metrics_summary.json,"{""oscillator.g_z_eff_floor_ratio"": 0.4232929251167262, ""oscillator.post_smooth_alpha"": 0.9354413650097652, ""oscillator.qf"": 0.0013400603822287622, ""oscillator.qx"": 0.0004520421017021496, ""oscillator.rv"": 0.044864944577855274, ""oscillator.rv_auto"": false, ""oscillator.rv_mad_scale"": 0.9700298160462867, ""oscillator.spec_guidance_strength"": 0.9793580576271199, ""oscillator.student_t_nu"": 7.866719557844684, ""oscillator.tau_env"": 27.09183248223661, ""trust.alpha_R_max"": 2.778074198613071, ""trust.beta_1"": 0.572792851557187, ""trust.beta_2"": 0.44430143305335523, ""trust.g_z_floor"": 0.44083289014559546, ""trust.gate_bias"": 0.6787615249152918, ""trust.w_gate_nis"": 0.11320747445076841}",0.41000000000000003,0.3511379076000844,0.28,0.032692307692307694,0.0,0.032692307692307694,0.0,0.037325265521382434,0.5153986558464143,0.3351484295264386,1.6014097441257102,1.3473454824835167,0.000870209921316377,87.51033912324235,1.0,0.0,1.727272727272728
2026-02-27T11:52:45.804313Z,profile1d_cubic__robust_ossm_ekf,robust_ossm_ekf,31,1.0415237583764625,1.0415237583764625,pruned,5.482805490493774,subject_kfold,1,raw,debug_quantile,,/home/gongjae/Projects/resPyre/robust_ossm_ekf/profile1d_cubic__robust_ossm_ekf/trials/trial_00031,09448c72486f9d32,/home/gongjae/Projects/resPyre/robust_ossm_ekf/profile1d_cubic__robust_ossm_ekf/trials/trial_00031/trial_manifest.json,/home/gongjae/Projects/resPyre/robust_ossm_ekf/profile1d_cubic__robust_ossm_ekf/trials/trial_00031/metrics_summary.json,"{""oscillator.g_z_eff_floor_ratio"": 0.21469645042403984, ""oscillator.post_smooth_alpha"": 0.8926247441012672, ""oscillator.qf"": 0.003349014952465048, ""oscillator.qx"": 0.0005372865416055794, ""oscillator.rv"": 0.04442440562877974, ""oscillator.rv_auto"": false, ""oscillator.rv_mad_scale"": 0.7275636346802936, ""oscillator.spec_guidance_strength"": 0.8475750359777149, ""oscillator.student_t_nu"": 9.871062791484942, ""oscillator.tau_env"": 56.27467037024601, ""trust.alpha_R_max"": 2.96469300766614, ""trust.beta_1"": 0.670130493971952, ""trust.beta_2"": 0.9383395445108996, ""trust.g_z_floor"": 0.1542383135296641, ""trust.gate_bias"": 0.35234236841186717, ""trust.w_gate_nis"": 0.300879833429551}",0.38,0.35726254110726907,0.35,0.0,0.0,0.0,0.0,0.0,0.5704533620374608,0.46405687402654566,1.9037539918503903,0.2015037307130142,0.0,98.50622406639005,1.0,0.0,nan
2026-02-27T11:52:51.561640Z,profile1d_cubic__robust_ossm_ekf,robust_ossm_ekf,32,1.0285521444551835,1.0285521444551835,pruned,5.660521030426025,subject_kfold,1,raw,debug_quantile,,/home/gongjae/Projects/resPyre/robust_ossm_ekf/profile1d_cubic__robust_ossm_ekf/trials/trial_00032,e5bb3194a430ede0,/home/gongjae/Projects/resPyre/robust_ossm_ekf/profile1d_cubic__robust_ossm_ekf/trials/trial_00032/trial_manifest.json,/home/gongjae/Projects/resPyre/robust_ossm_ekf/profile1d_cubic__robust_ossm_ekf/trials/trial_00032/metrics_summary.json,"{""oscillator.g_z_eff_floor_ratio"": 0.3696381845213986, ""oscillator.post_smooth_alpha"": 0.7072635618099268, ""oscillator.qf"": 0.004258495545043344, ""oscillator.qx"": 0.001795531930755064, ""oscillator.rv"": 0.06185016576623167, ""oscillator.rv_auto"": false, ""oscillator.rv_mad_scale"": 0.7768824492470138, ""oscillator.spec_guidance_strength"": 1.139146987635957, ""oscillator.student_t_nu"": 4.382322679925871, ""oscillator.tau_env"": 35.831514789693514, ""trust.alpha_R_max"": 5.8667708850704345, ""trust.beta_1"": 1.2186612298549524, ""trust.beta_2"": 0.9661063102780721, ""trust.g_z_floor"": 0.17615507803562963, ""trust.gate_bias"": 0.6637588151390317, ""trust.w_gate_nis"": 0.3895741445705371}",0.37,0.34282622531413737,0.34,0.007468879668049793,0.007468879668049793,0.0,0.0,0.0,0.5128490291393115,0.420264509809822,2.074101571994896,0.08811534858262378,0.0,99.25311203319502,1.0,0.0,nan
2026-02-27T12:02:45.461108Z,profile1d_cubic__robust_ossm_ekf,robust_ossm_ekf,33,1.6800513398103922,1.6800513398103922,pruned,593.7995762825012,subject_kfold,32,raw,full_objective,/home/gongjae/Projects/resPyre/robust_ossm_ekf/profile1d_cubic__robust_ossm_ekf/trials/trial_00033/run_workspace/results/trial_00033,/home/gongjae/Projects/resPyre/robust_ossm_ekf/profile1d_cubic__robust_ossm_ekf/trials/trial_00033,ef20d42347dfbd56,/home/gongjae/Projects/resPyre/robust_ossm_ekf/profile1d_cubic__robust_ossm_ekf/trials/trial_00033/trial_manifest.json,/home/gongjae/Projects/resPyre/robust_ossm_ekf/profile1d_cubic__robust_ossm_ekf/trials/trial_00033/metrics_summary.json,"{""oscillator.g_z_eff_floor_ratio"": 0.24509408111771722, ""oscillator.post_smooth_alpha"": 0.611674250744843, ""oscillator.qf"": 0.004208803115673011, ""oscillator.qx"": 0.0040897941455125065, ""oscillator.rv"": 0.03372567516281511, ""oscillator.rv_auto"": true, ""oscillator.rv_mad_scale"": 0.7418708669791015, ""oscillator.spec_guidance_strength"": 1.0036794527660142, ""oscillator.student_t_nu"": 4.786228117454799, ""oscillator.tau_env"": 33.56403851902648, ""trust.alpha_R_max"": 6.948519307672601, ""trust.beta_1"": 1.3110568254174797, ""trust.beta_2"": 0.37698237352205416, ""trust.g_z_floor"": 0.24609141652408542, ""trust.gate_bias"": 0.558642646103634, ""trust.w_gate_nis"": 0.4428724191281689}",0.535,0.3819568786923322,0.43,0.03822459358909115,0.00862569545724626,0.03498940242320711,0.0,0.008208925578913947,0.579171336470164,0.3090449003668112,1.8173256729091891,0.129848268944964,0.0,99.3099321504164,1.0,0.0,9.501035785342395
2026-02-27T12:12:31.218659Z,profile1d_cubic__robust_ossm_ekf,robust_ossm_ekf,34,3.539458051316435,3.539458051316435,pruned,585.6402590274811,subject_kfold,32,raw,full_objective,/home/gongjae/Projects/resPyre/robust_ossm_ekf/profile1d_cubic__robust_ossm_ekf/trials/trial_00034/run_workspace/results/trial_00034,/home/gongjae/Projects/resPyre/robust_ossm_ekf/profile1d_cubic__robust_ossm_ekf/trials/trial_00034,8512049ecdb00bd2,/home/gongjae/Projects/resPyre/robust_ossm_ekf/profile1d_cubic__robust_ossm_ekf/trials/trial_00034/trial_manifest.json,/home/gongjae/Projects/resPyre/robust_ossm_ekf/profile1d_cubic__robust_ossm_ekf/trials/trial_00034/metrics_summary.json,"{""oscillator.g_z_eff_floor_ratio"": 0.3541007276158836, ""oscillator.post_smooth_alpha"": 0.8650316377093863, ""oscillator.qf"": 0.002453234232191844, ""oscillator.qx"": 0.0005947262770848448, ""oscillator.rv"": 0.0368915772204085, ""oscillator.rv_auto"": true, ""oscillator.rv_mad_scale"": 0.9385785454677508, ""oscillator.spec_guidance_strength"": 0.8389133249766008, ""oscillator.student_t_nu"": 9.373523175315789, ""oscillator.tau_env"": 50.49166807286763, ""trust.alpha_R_max"": 3.3296292708522253, ""trust.beta_1"": 1.091947793011101, ""trust.beta_2"": 0.4318080712794784, ""trust.g_z_floor"": 0.3684241318644621, ""trust.gate_bias"": 0.6532458763727388, ""trust.w_gate_nis"": 0.09514471627340879}",0.525,0.3898411509870453,0.76,0.03107228502911956,0.007643236060502248,0.028524933162850166,0.0,0.04846834487119119,0.5613015608910431,0.28605214272704044,1.7899774435349873,0.22410216291199594,0.0,95.58642940719888,1.0,0.0,24.243083552963885
2026-02-27T12:21:37.872599Z,profile1d_cubic__robust_ossm_ekf,robust_ossm_ekf,35,0.5100838717958013,0.5100838717958013,pruned,546.5447247028351,subject_kfold,32,raw,full_objective,/home/gongjae/Projects/resPyre/robust_ossm_ekf/profile1d_cubic__robust_ossm_ekf/trials/trial_00035/run_workspace/results/trial_00035,/home/gongjae/Projects/resPyre/robust_ossm_ekf/profile1d_cubic__robust_ossm_ekf/trials/trial_00035,1a38c31112b1e5c5,/home/gongjae/Projects/resPyre/robust_ossm_ekf/profile1d_cubic__robust_ossm_ekf/trials/trial_00035/trial_manifest.json,/home/gongjae/Projects/resPyre/robust_ossm_ekf/profile1d_cubic__robust_ossm_ekf/trials/trial_00035/metrics_summary.json,"{""oscillator.g_z_eff_floor_ratio"": 0.29840404065135556, ""oscillator.post_smooth_alpha"": 0.8832648612058129, ""oscillator.qf"": 0.001463736791507958, ""oscillator.qx"": 0.0005122280230204745, ""oscillator.rv"": 0.06296387779444278, ""oscillator.rv_auto"": true, ""oscillator.rv_mad_scale"": 0.7059717416666023, ""oscillator.spec_guidance_strength"": 0.5946755995366809, ""oscillator.student_t_nu"": 12.095776464238869, ""oscillator.tau_env"": 48.692193571425115, ""trust.alpha_R_max"": 5.192655363998695, ""trust.beta_1"": 0.7487958662817378, ""trust.beta_2"": 0.9181269116823674, ""trust.g_z_floor"": 0.10545997334914875, ""trust.gate_bias"": 0.28858203487112294, ""trust.w_gate_nis"": 0.3343929697446219}",0.405,0.32914161109099194,0.25,0.020721097632522282,0.009880848984909346,0.0,0.0,0.048456490253686826,0.5993675913568176,0.34931667572692515,1.976935143524707,0.1616262577723359,0.0,97.52079606638623,1.0,0.0,1.0403838480916916
2026-02-27T12:21:43.152333Z,profile1d_cubic__robust_ossm_ekf,robust_ossm_ekf,36,1.0553733407392907,1.0553733407392907,pruned,5.165945529937744,subject_kfold,1,raw,debug_quantile,,/home/gongjae/Projects/resPyre/robust_ossm_ekf/profile1d_cubic__robust_ossm_ekf/trials/trial_00036,9c05c94526a4169a,/home/gongjae/Projects/resPyre/robust_ossm_ekf/profile1d_cubic__robust_ossm_ekf/trials/trial_00036/trial_manifest.json,/home/gongjae/Projects/resPyre/robust_ossm_ekf/profile1d_cubic__robust_ossm_ekf/trials/trial_00036/metrics_summary.json,"{""oscillator.g_z_eff_floor_ratio"": 0.4721583730373402, ""oscillator.post_smooth_alpha"": 0.7861035223890492, ""oscillator.qf"": 0.001039816601660353, ""oscillator.qx"": 0.0015657885711075742, ""oscillator.rv"": 0.060832186862245015, ""oscillator.rv_auto"": false, ""oscillator.rv_mad_scale"": 0.7811953070321412, ""oscillator.spec_guidance_strength"": 1.010799782520158, ""oscillator.student_t_nu"": 6.626713065066641, ""oscillator.tau_env"": 50.05987942345651, ""trust.alpha_R_max"": 2.51976786372944, ""trust.beta_1"": 0.9227325841152999, ""trust.beta_2"": 0.39124509606543134, ""trust.g_z_floor"": 0.320451276619273, ""trust.gate_bias"": 0.6683964424868762, ""trust.w_gate_nis"": 0.155579134243833}",0.37,0.3435255716914915,0.35,0.016597510373443983,0.016597510373443983,0.0,0.0,0.0,0.515337599955592,0.43328644521519133,1.6067452054316869,0.11153146645718787,0.0,95.93360995850622,1.0,0.0,nan
2026-02-27T12:30:48.298045Z,profile1d_cubic__robust_ossm_ekf,robust_ossm_ekf,37,0.3193368105224719,0.3193368105224719,completed,545.0443215370178,subject_kfold,32,raw,,/home/gongjae/Projects/resPyre/robust_ossm_ekf/profile1d_cubic__robust_ossm_ekf/trials/trial_00037/run_workspace/results/trial_00037,/home/gongjae/Projects/resPyre/robust_ossm_ekf/profile1d_cubic__robust_ossm_ekf/trials/trial_00037,5331921cc70c0570,/home/gongjae/Projects/resPyre/robust_ossm_ekf/profile1d_cubic__robust_ossm_ekf/trials/trial_00037/trial_manifest.json,/home/gongjae/Projects/resPyre/robust_ossm_ekf/profile1d_cubic__robust_ossm_ekf/trials/trial_00037/metrics_summary.json,"{""oscillator.g_z_eff_floor_ratio"": 0.42745161859019487, ""oscillator.post_smooth_alpha"": 0.8268243770126523, ""oscillator.qf"": 0.0007555161506505818, ""oscillator.qx"": 0.00046758022077036563, ""oscillator.rv"": 0.0348609202882564, ""oscillator.rv_auto"": false, ""oscillator.rv_mad_scale"": 0.7667670406177753, ""oscillator.spec_guidance_strength"": 0.593161317278443, ""oscillator.student_t_nu"": 12.66267221118515, ""oscillator.tau_env"": 62.628790184452406, ""trust.alpha_R_max"": 3.8484227960231827, ""trust.beta_1"": 0.7687865807765012, ""trust.beta_2"": 1.0202286061677663, ""trust.g_z_floor"": 0.20237980575889214, ""trust.gate_bias"": 0.5849271690235204, ""trust.w_gate_nis"": 0.3175905679508282}",0.47,0.3670272915023872,0.195,0.0053401823764166936,0.0,0.0,0.0,0.00020416750802389102,0.5333926690375739,0.331682660490514,1.7442268884935483,1.297202725518448,0.00040695675024265634,84.86707313319585,1.0,0.0,0.0
2026-02-27T12:39:53.906107Z,profile1d_cubic__robust_ossm_ekf,robust_ossm_ekf,38,1.3321331941708792,1.3321331941708792,pruned,545.4646642208099,subject_kfold,32,raw,full_objective,/home/gongjae/Projects/resPyre/robust_ossm_ekf/profile1d_cubic__robust_ossm_ekf/trials/trial_00038/run_workspace/results/trial_00038,/home/gongjae/Projects/resPyre/robust_ossm_ekf/profile1d_cubic__robust_ossm_ekf/trials/trial_00038,dcb4e1db9cd0f1cd,/home/gongjae/Projects/resPyre/robust_ossm_ekf/profile1d_cubic__robust_ossm_ekf/trials/trial_00038/trial_manifest.json,/home/gongjae/Projects/resPyre/robust_ossm_ekf/profile1d_cubic__robust_ossm_ekf/trials/trial_00038/metrics_summary.json,"{""oscillator.g_z_eff_floor_ratio"": 0.356964684448097, ""oscillator.post_smooth_alpha"": 0.8385172896891225, ""oscillator.qf"": 0.0008340105792864091, ""oscillator.qx"": 0.0010956519225924308, ""oscillator.rv"": 0.015602736781637499, ""oscillator.rv_auto"": false, ""oscillator.rv_mad_scale"": 0.682802710590318, ""oscillator.spec_guidance_strength"": 0.6404430810503592, ""oscillator.student_t_nu"": 13.58242761691205, ""oscillator.tau_env"": 55.94549874367121, ""trust.alpha_R_max"": 4.232504416455438, ""trust.beta_1"": 0.8832492848903422, ""trust.beta_2"": 0.9825381080252399, ""trust.g_z_floor"": 0.1953486273805161, ""trust.gate_bias"": 0.6657506329515741, ""trust.w_gate_nis"": 0.3395500967863293}",0.535,0.387742947601447,0.385,0.00908342692242913,0.0,0.0,0.0,0.004252213581678471,0.4916545911898399,0.27103128942453447,1.9540931651482607,1.4206906087624485,0.0007642327360683289,82.71877127638271,1.0,0.0,6.718666075652686
2026-02-27T12:39:58.981036Z,profile1d_cubic__robust_ossm_ekf,robust_ossm_ekf,39,1.012974830597443,1.012974830597443,pruned,4.952450275421143,subject_kfold,1,raw,debug_stage,,/home/gongjae/Projects/resPyre/robust_ossm_ekf/profile1d_cubic__robust_ossm_ekf/trials/trial_00039,12b7f967a43d8222,/home/gongjae/Projects/resPyre/robust_ossm_ekf/profile1d_cubic__robust_ossm_ekf/trials/trial_00039/trial_manifest.json,/home/gongjae/Projects/resPyre/robust_ossm_ekf/profile1d_cubic__robust_ossm_ekf/trials/trial_00039/metrics_summary.json,"{""oscillator.g_z_eff_floor_ratio"": 0.5459702038140541, ""oscillator.post_smooth_alpha"": 0.7950299727099214, ""oscillator.qf"": 0.0006938556649970718, ""oscillator.qx"": 0.0005405413797323778, ""oscillator.rv"": 0.044759959119107164, ""oscillator.rv_auto"": false, ""oscillator.rv_mad_scale"": 0.9055768975804188, ""oscillator.spec_guidance_strength"": 0.5751195606179245, ""oscillator.student_t_nu"": 11.810924188691258, ""oscillator.tau_env"": 52.4699659931448, ""trust.alpha_R_max"": 4.1258271378099565, ""trust.beta_1"": 1.0923894869294701, ""trust.beta_2"": 1.0817446065360545, ""trust.g_z_floor"": 0.24590183879988387, ""trust.gate_bias"": 0.6217416108083621, ""trust.w_gate_nis"": 0.31968275459108714}",0.38,0.3518004680010274,0.34,0.014937759336099586,0.014937759336099586,0.0,0.0,0.0,0.5180042545721361,0.4428982062546875,2.11682460942169,0.16087668559623255,0.0,93.69294605809128,1.0,0.0,nan
2026-02-27T12:40:04.037078Z,profile1d_cubic__robust_ossm_ekf,robust_ossm_ekf,40,0.9861426983510146,0.9861426983510146,pruned,4.969152450561523,subject_kfold,1,raw,debug_stage,,/home/gongjae/Projects/resPyre/robust_ossm_ekf/profile1d_cubic__robust_ossm_ekf/trials/trial_00040,adbb34948a8e899c,/home/gongjae/Projects/resPyre/robust_ossm_ekf/profile1d_cubic__robust_ossm_ekf/trials/trial_00040/trial_manifest.json,/home/gongjae/Projects/resPyre/robust_ossm_ekf/profile1d_cubic__robust_ossm_ekf/trials/trial_00040/metrics_summary.json,"{""oscillator.g_z_eff_floor_ratio"": 0.5677790381077781, ""oscillator.post_smooth_alpha"": 0.9692089803758993, ""oscillator.qf"": 0.00046773008464912215, ""oscillator.qx"": 0.0005270055111883792, ""oscillator.rv"": 0.03582789040211677, ""oscillator.rv_auto"": false, ""oscillator.rv_mad_scale"": 0.7963872027000398, ""oscillator.spec_guidance_strength"": 0.6796093328976819, ""oscillator.student_t_nu"": 12.093047855758336, ""oscillator.tau_env"": 66.85904317376128, ""trust.alpha_R_max"": 3.699797809086458, ""trust.beta_1"": 0.8738708161582459, ""trust.beta_2"": 0.8900838659592766, ""trust.g_z_floor"": 0.15799079057571183, ""trust.gate_bias"": 0.4689272817015244, ""trust.w_gate_nis"": 0.2916108953749548}",0.38,0.3516744320283006,0.34,0.015767634854771784,0.015767634854771784,0.0,0.0,0.0,0.5474374303430026,0.4705814427439995,1.9290707909394391,0.20572123153132582,0.0,91.36929460580913,1.0,0.0,nan
2026-02-27T12:49:09.991664Z,profile1d_cubic__robust_ossm_ekf,robust_ossm_ekf,41,1.0796960187250946,1.0796960187250946,pruned,545.8644213676453,subject_kfold,32,raw,full_objective,/home/gongjae/Projects/resPyre/robust_ossm_ekf/profile1d_cubic__robust_ossm_ekf/trials/trial_00041/run_workspace/results/trial_00041,/home/gongjae/Projects/resPyre/robust_ossm_ekf/profile1d_cubic__robust_ossm_ekf/trials/trial_00041,5c41efcc2f044015,/home/gongjae/Projects/resPyre/robust_ossm_ekf/profile1d_cubic__robust_ossm_ekf/trials/trial_00041/trial_manifest.json,/home/gongjae/Projects/resPyre/robust_ossm_ekf/profile1d_cubic__robust_ossm_ekf/trials/trial_00041/metrics_summary.json,"{""oscillator.g_z_eff_floor_ratio"": 0.37612617155293754, ""oscillator.post_smooth_alpha"": 0.7985755913214556, ""oscillator.qf"": 0.0005788063016113324, ""oscillator.qx"": 0.0007104945253103978, ""oscillator.rv"": 0.03239022483525533, ""oscillator.rv_auto"": false, ""oscillator.rv_mad_scale"": 0.8634940066864647, ""oscillator.spec_guidance_strength"": 0.5609194686552182, ""oscillator.student_t_nu"": 13.508484595894071, ""oscillator.tau_env"": 69.74298906249903, ""trust.alpha_R_max"": 2.902446883130857, ""trust.beta_1"": 0.6783481697448394, ""trust.beta_2"": 0.6759649818662061, ""trust.g_z_floor"": 0.12965082196656566, ""trust.gate_bias"": 0.5604280624234388, ""trust.w_gate_nis"": 0.3938854828167465}",0.485,0.35976769422641586,0.35,0.007386822863326573,0.0,0.0,0.0,0.0022254231396876454,0.4752216925262661,0.284487147086517,1.7165204982276252,1.6773275174354363,0.001128707407523767,82.90769758144452,1.0,0.0,5.264858021293774
2026-02-27T12:59:20.119566Z,profile1d_cubic__robust_ossm_ekf,robust_ossm_ekf,42,0.47653655109982634,0.47653655109982634,completed,610.0182387828827,subject_kfold,32,raw,,/home/gongjae/Projects/resPyre/robust_ossm_ekf/profile1d_cubic__robust_ossm_ekf/trials/trial_00042/run_workspace/results/trial_00042,/home/gongjae/Projects/resPyre/robust_ossm_ekf/profile1d_cubic__robust_ossm_ekf/trials/trial_00042,2fd8a1347bd2f17b,/home/gongjae/Projects/resPyre/robust_ossm_ekf/profile1d_cubic__robust_ossm_ekf/trials/trial_00042/trial_manifest.json,/home/gongjae/Projects/resPyre/robust_ossm_ekf/profile1d_cubic__robust_ossm_ekf/trials/trial_00042/metrics_summary.json,"{""oscillator.g_z_eff_floor_ratio"": 0.4916663160061941, ""oscillator.post_smooth_alpha"": 0.8094459490712701, ""oscillator.qf"": 0.0018561762949502734, ""oscillator.qx"": 0.0005467761696239819, ""oscillator.rv"": 0.042026592411799034, ""oscillator.rv_auto"": true, ""oscillator.rv_mad_scale"": 0.6914254711627583, ""oscillator.spec_guidance_strength"": 0.7189303117788571, ""oscillator.student_t_nu"": 12.275241478019383, ""oscillator.tau_env"": 70.03473961616896, ""trust.alpha_R_max"": 2.0204339846161163, ""trust.beta_1"": 0.9617042110866733, ""trust.beta_2"": 1.0053105846110892, ""trust.g_z_floor"": 0.15048788833328527, ""trust.gate_bias"": 0.5982031835255613, ""trust.w_gate_nis"": 0.23264549474887158}",0.445,0.32925765260971585,0.235,0.020288154033826777,0.0024844724756799465,0.0012165450121654502,0.0,0.008486627239459527,0.600387015249316,0.3889929827446508,1.748696966923677,0.1652751028157394,0.0,97.32920119314872,1.0,0.0,0.6694497943685211
2026-02-27T13:09:27.488943Z,profile1d_cubic__robust_ossm_ekf,robust_ossm_ekf,43,1.5880716965197545,1.5880716965197545,pruned,607.258847951889,subject_kfold,32,raw,full_objective,/home/gongjae/Projects/resPyre/robust_ossm_ekf/profile1d_cubic__robust_ossm_ekf/trials/trial_00043/run_workspace/results/trial_00043,/home/gongjae/Projects/resPyre/robust_ossm_ekf/profile1d_cubic__robust_ossm_ekf/trials/trial_00043,90c132cc3335b107,/home/gongjae/Projects/resPyre/robust_ossm_ekf/profile1d_cubic__robust_ossm_ekf/trials/trial_00043/trial_manifest.json,/home/gongjae/Projects/resPyre/robust_ossm_ekf/profile1d_cubic__robust_ossm_ekf/trials/trial_00043/metrics_summary.json,"{""oscillator.g_z_eff_floor_ratio"": 0.4556618931190035, ""oscillator.post_smooth_alpha"": 0.8433741922240453, ""oscillator.qf"": 0.0002610167276713815, ""oscillator.qx"": 0.00040125830186834725, ""oscillator.rv"": 0.03424689319393078, ""oscillator.rv_auto"": false, ""oscillator.rv_mad_scale"": 0.7081573427768869, ""oscillator.spec_guidance_strength"": 0.6088228590236906, ""oscillator.student_t_nu"": 12.306285611350047, ""oscillator.tau_env"": 61.633883525332955, ""trust.alpha_R_max"": 5.736444426430126, ""trust.beta_1"": 0.8190396893025171, ""trust.beta_2"": 1.0249434350517252, ""trust.g_z_floor"": 0.14069303919100112, ""trust.gate_bias"": 0.7016339414973194, ""trust.w_gate_nis"": 0.32738453489849356}",0.55,0.4015697161968935,0.405,0.01147743713678357,0.0008110300081103001,0.0,0.0,0.0026195171377066256,0.4773287514939656,0.2873486326427401,1.9531854524254433,1.8119240737438163,0.00010225433334794303,64.5698432854067,1.0,0.0,8.574433581921703
2026-02-27T13:09:32.887272Z,profile1d_cubic__robust_ossm_ekf,robust_ossm_ekf,44,1.036249734549885,1.036249734549885,pruned,5.276334524154663,subject_kfold,1,raw,debug_quantile,,/home/gongjae/Projects/resPyre/robust_ossm_ekf/profile1d_cubic__robust_ossm_ekf/trials/trial_00044,31c909c2439418d7,/home/gongjae/Projects/resPyre/robust_ossm_ekf/profile1d_cubic__robust_ossm_ekf/trials/trial_00044/trial_manifest.json,/home/gongjae/Projects/resPyre/robust_ossm_ekf/profile1d_cubic__robust_ossm_ekf/trials/trial_00044/metrics_summary.json,"{""oscillator.g_z_eff_floor_ratio"": 0.39120821858654053, ""oscillator.post_smooth_alpha"": 0.7923516131455411, ""oscillator.qf"": 0.0011060217547868914, ""oscillator.qx"": 0.0004961412891683763, ""oscillator.rv"": 0.036871956014912805, ""oscillator.rv_auto"": false, ""oscillator.rv_mad_scale"": 0.7321130695399183, ""oscillator.spec_guidance_strength"": 0.5926164279024344, ""oscillator.student_t_nu"": 9.537599202023351, ""oscillator.tau_env"": 48.37572351602067, ""trust.alpha_R_max"": 3.6434315790823275, ""trust.beta_1"": 0.7786385576151063, ""trust.beta_2"": 0.8809273637470078, ""trust.g_z_floor"": 0.24611154541692432, ""trust.gate_bias"": 0.47293891811029287, ""trust.w_gate_nis"": 0.2929213205189319}",0.37,0.3494784087024978,0.35,0.010788381742738589,0.010788381742738589,0.0,0.0,0.0,0.5472252879475213,0.4507067372761093,1.89711102857804,0.19521509836017673,0.0,95.850622406639,1.0,0.0,nan
2026-02-27T13:19:06.115537Z,profile1d_cubic__robust_ossm_ekf,robust_ossm_ekf,45,0.48704400057362984,0.48704400057362984,completed,573.128396987915,subject_kfold,32,raw,,/home/gongjae/Projects/resPyre/robust_ossm_ekf/profile1d_cubic__robust_ossm_ekf/trials/trial_00045/run_workspace/results/trial_00045,/home/gongjae/Projects/resPyre/robust_ossm_ekf/profile1d_cubic__robust_ossm_ekf/trials/trial_00045,ce6d05c449bbd8b3,/home/gongjae/Projects/resPyre/robust_ossm_ekf/profile1d_cubic__robust_ossm_ekf/trials/trial_00045/trial_manifest.json,/home/gongjae/Projects/resPyre/robust_ossm_ekf/profile1d_cubic__robust_ossm_ekf/trials/trial_00045/metrics_summary.json,"{""oscillator.g_z_eff_floor_ratio"": 0.27237650579206923, ""oscillator.post_smooth_alpha"": 0.9041352327467249, ""oscillator.qf"": 0.0008528330440590103, ""oscillator.qx"": 0.005578214684761798, ""oscillator.rv"": 0.014963489139716738, ""oscillator.rv_auto"": false, ""oscillator.rv_mad_scale"": 0.9852533137872159, ""oscillator.spec_guidance_strength"": 0.7327664262662742, ""oscillator.student_t_nu"": 9.88365543927655, ""oscillator.tau_env"": 51.46579307796245, ""trust.alpha_R_max"": 4.309246278664747, ""trust.beta_1"": 0.6486681947442423, ""trust.beta_2"": 0.4152594792968413, ""trust.g_z_floor"": 0.4482306254802795, ""trust.gate_bias"": 0.6540918568186637, ""trust.w_gate_nis"": 0.07956915058169763}",0.435,0.36495120861283614,0.26,0.0020264681555004138,0.0,0.0,0.0,0.0011209411043925307,0.5388688061185116,0.3270534204491293,1.604193198841858,0.39897358205891686,0.0011746327109298951,93.71651320331672,1.0,0.0,1.0202346540639846
2026-02-27T13:19:11.515027Z,profile1d_cubic__robust_ossm_ekf,robust_ossm_ekf,46,0.9958529194841108,0.9958529194841108,pruned,5.264624118804932,subject_kfold,1,raw,debug_stage,,/home/gongjae/Projects/resPyre/robust_ossm_ekf/profile1d_cubic__robust_ossm_ekf/trials/trial_00046,49173cad93787ea9,/home/gongjae/Projects/resPyre/robust_ossm_ekf/profile1d_cubic__robust_ossm_ekf/trials/trial_00046/trial_manifest.json,/home/gongjae/Projects/resPyre/robust_ossm_ekf/profile1d_cubic__robust_ossm_ekf/trials/trial_00046/metrics_summary.json,"{""oscillator.g_z_eff_floor_ratio"": 0.49355230630013025, ""oscillator.post_smooth_alpha"": 0.8208792377097344, ""oscillator.qf"": 0.0010985043927130246, ""oscillator.qx"": 0.0014259691057169701, ""oscillator.rv"": 0.05516277094952289, ""oscillator.rv_auto"": false, ""oscillator.rv_mad_scale"": 0.9910190213336902, ""oscillator.spec_guidance_strength"": 1.0014596644602243, ""oscillator.student_t_nu"": 4.593533020428653, ""oscillator.tau_env"": 20.45130892487963, ""trust.alpha_R_max"": 2.4767441814361946, ""trust.beta_1"": 1.1641580300072414, ""trust.beta_2"": 0.27142662064045264, ""trust.g_z_floor"": 0.1846344861389786, ""trust.gate_bias"": 0.6919018294275561, ""trust.w_gate_nis"": 0.14794795605066385}",0.37,0.3409202207643011,0.34,0.014937759336099586,0.014937759336099586,0.0,0.0,0.0,0.51046466438451,0.43141593383123605,1.5920743415983685,0.11807905907616084,0.0,96.09958506224066,1.0,0.0,nan
2026-02-27T13:28:40.730342Z,profile1d_cubic__robust_ossm_ekf,robust_ossm_ekf,47,0.2920618372566709,0.2920618372566709,completed,569.1189682483673,subject_kfold,32,raw,,/home/gongjae/Projects/resPyre/robust_ossm_ekf/profile1d_cubic__robust_ossm_ekf/trials/trial_00047/run_workspace/results/trial_00047,/home/gongjae/Projects/resPyre/robust_ossm_ekf/profile1d_cubic__robust_ossm_ekf/trials/trial_00047,b55d186547274fca,/home/gongjae/Projects/resPyre/robust_ossm_ekf/profile1d_cubic__robust_ossm_ekf/trials/trial_00047/trial_manifest.json,/home/gongjae/Projects/resPyre/robust_ossm_ekf/profile1d_cubic__robust_ossm_ekf/trials/trial_00047/metrics_summary.json,"{""oscillator.g_z_eff_floor_ratio"": 0.42337654130627367, ""oscillator.post_smooth_alpha"": 0.7962480776127916, ""oscillator.qf"": 0.0006257106959158625, ""oscillator.qx"": 0.0007802917667958513, ""oscillator.rv"": 0.03037180287082648, ""oscillator.rv_auto"": false, ""oscillator.rv_mad_scale"": 0.9303700069533262, ""oscillator.spec_guidance_strength"": 0.8528601666302968, ""oscillator.student_t_nu"": 6.640781738144224, ""oscillator.tau_env"": 38.757277157517784, ""trust.alpha_R_max"": 3.698758459840344, ""trust.beta_1"": 1.117615264945452, ""trust.beta_2"": 0.6595673338570862, ""trust.g_z_floor"": 0.2942314582062579, ""trust.gate_bias"": 0.6159641184314764, ""trust.w_gate_nis"": 0.11479292250729846}",0.46499999999999997,0.36908601623081894,0.14500000000000002,0.009702600528477618,0.0,0.0,0.0,0.0012682002078874995,0.5779637536636295,0.357768386453755,1.7388377842751126,1.1859308440942593,0.0006125830588066117,80.0579196314616,1.0,0.0,0.03544675142817339
2026-02-27T13:38:08.974480Z,profile1d_cubic__robust_ossm_ekf,robust_ossm_ekf,48,1.7421368287583396,1.7421368287583396,pruned,568.1310522556305,subject_kfold,32,raw,full_objective,/home/gongjae/Projects/resPyre/robust_ossm_ekf/profile1d_cubic__robust_ossm_ekf/trials/trial_00048/run_workspace/results/trial_00048,/home/gongjae/Projects/resPyre/robust_ossm_ekf/profile1d_cubic__robust_ossm_ekf/trials/trial_00048,2260d8d04075f38d,/home/gongjae/Projects/resPyre/robust_ossm_ekf/profile1d_cubic__robust_ossm_ekf/trials/trial_00048/trial_manifest.json,/home/gongjae/Projects/resPyre/robust_ossm_ekf/profile1d_cubic__robust_ossm_ekf/trials/trial_00048/metrics_summary.json,"{""oscillator.g_z_eff_floor_ratio"": 0.4051610940276166, ""oscillator.post_smooth_alpha"": 0.8227094961069721, ""oscillator.qf"": 0.0005171874165780108, ""oscillator.qx"": 0.0004679894816437153, ""oscillator.rv"": 0.020493001403038766, ""oscillator.rv_auto"": false, ""oscillator.rv_mad_scale"": 0.9282058968751895, ""oscillator.spec_guidance_strength"": 0.8956590586004132, ""oscillator.student_t_nu"": 6.396664462589034, ""oscillator.tau_env"": 37.484367560691155, ""trust.alpha_R_max"": 4.084745849908352, ""trust.beta_1"": 1.125893967389036, ""trust.beta_2"": 0.7978531410724536, ""trust.g_z_floor"": 0.3573369478725271, ""trust.gate_bias"": 0.5744804321109972, ""trust.w_gate_nis"": 0.26772965287612044}",0.55,0.3967093910016656,0.43,0.011462718181086951,0.0,0.0033092041477001954,0.0,0.005587038572003745,0.5079952082571622,0.29228895569761437,1.9527286752890718,1.8554922267200642,0.0034695275772908757,71.3126019562389,1.0,0.0,9.716695467962747
2026-02-27T13:47:46.418949Z,profile1d_cubic__robust_ossm_ekf,robust_ossm_ekf,49,2.789424891480952,2.789424891480952,pruned,577.3303318023682,subject_kfold,32,raw,full_objective,/home/gongjae/Projects/resPyre/robust_ossm_ekf/profile1d_cubic__robust_ossm_ekf/trials/trial_00049/run_workspace/results/trial_00049,/home/gongjae/Projects/resPyre/robust_ossm_ekf/profile1d_cubic__robust_ossm_ekf/trials/trial_00049,f08a813df723ed6c,/home/gongjae/Projects/resPyre/robust_ossm_ekf/profile1d_cubic__robust_ossm_ekf/trials/trial_00049/trial_manifest.json,/home/gongjae/Projects/resPyre/robust_ossm_ekf/profile1d_cubic__robust_ossm_ekf/trials/trial_00049/metrics_summary.json,"{""oscillator.g_z_eff_floor_ratio"": 0.3949293783119633, ""oscillator.post_smooth_alpha"": 0.7695057978219491, ""oscillator.qf"": 0.00042603194072534354, ""oscillator.qx"": 0.0008147247890049747, ""oscillator.rv"": 0.059020121391364117, ""oscillator.rv_auto"": false, ""oscillator.rv_mad_scale"": 0.931343873662783, ""oscillator.spec_guidance_strength"": 0.740717555464768, ""oscillator.student_t_nu"": 7.965231374210513, ""oscillator.tau_env"": 40.936803080990295, ""trust.alpha_R_max"": 4.579850611137983, ""trust.beta_1"": 1.1123924379267411, ""trust.beta_2"": 0.7840340266474425, ""trust.g_z_floor"": 0.21394947190327618, ""trust.gate_bias"": 0.6444961485023133, ""trust.w_gate_nis"": 0.09765679102469992}",0.505,0.4055282109638717,0.6599999999999999,0.006102522375915378,0.0,0.0,0.0,0.0,0.5480056253295249,0.2942627037947514,1.9686575358908107,1.0286121581406524,0.0,74.52834099621325,1.0,0.0,19.109012625212955
2026-02-27T13:47:51.834811Z,profile1d_cubic__robust_ossm_ekf,robust_ossm_ekf,50,0.9988372947412971,0.9988372947412971,pruned,5.294602155685425,subject_kfold,1,raw,debug_stage,,/home/gongjae/Projects/resPyre/robust_ossm_ekf/profile1d_cubic__robust_ossm_ekf/trials/trial_00050,9fee0d24a1bee203,/home/gongjae/Projects/resPyre/robust_ossm_ekf/profile1d_cubic__robust_ossm_ekf/trials/trial_00050/trial_manifest.json,/home/gongjae/Projects/resPyre/robust_ossm_ekf/profile1d_cubic__robust_ossm_ekf/trials/trial_00050/metrics_summary.json,"{""oscillator.g_z_eff_floor_ratio"": 0.46801567154830137, ""oscillator.post_smooth_alpha"": 0.8352939380457304, ""oscillator.qf"": 0.000507929159144321, ""oscillator.qx"": 0.0015715179246152595, ""oscillator.rv"": 0.021406776395706432, ""oscillator.rv_auto"": false, ""oscillator.rv_mad_scale"": 1.0661769785906583, ""oscillator.spec_guidance_strength"": 0.7294357903085621, ""oscillator.student_t_nu"": 6.371235444542669, ""oscillator.tau_env"": 26.339094254442912, ""trust.alpha_R_max"": 3.3326809094536434, ""trust.beta_1"": 1.5400105586170516, ""trust.beta_2"": 0.7062515025768346, ""trust.g_z_floor"": 0.2554731125374921, ""trust.gate_bias"": 0.7089714792012152, ""trust.w_gate_nis"": 0.10422405030732812}",0.37,0.33762650479403716,0.34,0.023236514522821577,0.023236514522821577,0.0,0.0,0.0,0.50707912968249,0.42632599431847684,1.9853272938283206,0.15746024847063433,0.0,92.28215767634855,1.0,0.0,nan
2026-02-27T13:47:57.342884Z,profile1d_cubic__robust_ossm_ekf,robust_ossm_ekf,51,0.9808628654219775,0.9808628654219775,pruned,5.412341594696045,subject_kfold,1,raw,debug_stage,,/home/gongjae/Projects/resPyre/robust_ossm_ekf/profile1d_cubic__robust_ossm_ekf/trials/trial_00051,9302934da47404fd,/home/gongjae/Projects/resPyre/robust_ossm_ekf/profile1d_cubic__robust_ossm_ekf/trials/trial_00051/trial_manifest.json,/home/gongjae/Projects/resPyre/robust_ossm_ekf/profile1d_cubic__robust_ossm_ekf/trials/trial_00051/metrics_summary.json,"{""oscillator.g_z_eff_floor_ratio"": 0.3782091773742257, ""oscillator.post_smooth_alpha"": 0.9372243211846677, ""oscillator.qf"": 0.0015754969307664021, ""oscillator.qx"": 0.006803097051725461, ""oscillator.rv"": 0.023098465568195257, ""oscillator.rv_auto"": true, ""oscillator.rv_mad_scale"": 0.9258106300912101, ""oscillator.spec_guidance_strength"": 0.577517024973889, ""oscillator.student_t_nu"": 10.63581681462213, ""oscillator.tau_env"": 53.18329901012101, ""trust.alpha_R_max"": 3.519643311599749, ""trust.beta_1"": 0.6576048126461262, ""trust.beta_2"": 0.83255852802728, ""trust.g_z_floor"": 0.3027222352552465, ""trust.gate_bias"": 0.4845794696849884, ""trust.w_gate_nis"": 0.16021145033493636}",0.36,0.3461649436673657,0.33,0.034854771784232366,0.034854771784232366,0.0,0.0,0.0,0.5557204197374667,0.45072137372024407,1.831903075154472,0.01770451612799286,0.0,98.92116182572614,1.0,0.0,nan
2026-02-27T13:57:29.741252Z,profile1d_cubic__robust_ossm_ekf,robust_ossm_ekf,52,0.466103886169258,0.466103886169258,completed,572.2982492446899,subject_kfold,32,raw,,/home/gongjae/Projects/resPyre/robust_ossm_ekf/profile1d_cubic__robust_ossm_ekf/trials/trial_00052/run_workspace/results/trial_00052,/home/gongjae/Projects/resPyre/robust_ossm_ekf/profile1d_cubic__robust_ossm_ekf/trials/trial_00052,830b9bb2cf0dd3a7,/home/gongjae/Projects/resPyre/robust_ossm_ekf/profile1d_cubic__robust_ossm_ekf/trials/trial_00052/trial_manifest.json,/home/gongjae/Projects/resPyre/robust_ossm_ekf/profile1d_cubic__robust_ossm_ekf/trials/trial_00052/metrics_summary.json,"{""oscillator.g_z_eff_floor_ratio"": 0.22187906918896422, ""oscillator.post_smooth_alpha"": 0.8902009054105697, ""oscillator.qf"": 0.002633913752786533, ""oscillator.qx"": 0.00041428530955941995, ""oscillator.rv"": 0.02778757596245695, ""oscillator.rv_auto"": true, ""oscillator.rv_mad_scale"": 0.8959270414781644, ""oscillator.spec_guidance_strength"": 0.8520499992777756, ""oscillator.student_t_nu"": 10.375829833520326, ""oscillator.tau_env"": 55.33476532825332, ""trust.alpha_R_max"": 4.887666283655538, ""trust.beta_1"": 0.7069648154226279, ""trust.beta_2"": 0.9515533559975017, ""trust.g_z_floor"": 0.1064843133313387, ""trust.gate_bias"": 0.41926531981406434, ""trust.w_gate_nis"": 0.24295032336889355}",0.435,0.32146332778181247,0.24,0.032861545477974465,0.0020539906103286387,0.008639099204038051,0.0,0.03784685633355461,0.6268165176131903,0.3537112609724251,1.7121143063534086,0.1828942672218729,0.0,97.60486971830058,1.0,0.0,0.6342114655562541
2026-02-27T14:07:17.763867Z,profile1d_cubic__robust_ossm_ekf,robust_ossm_ekf,53,1.6822899033401901,1.6822899033401901,pruned,587.8886497020721,subject_kfold,32,raw,full_objective,/home/gongjae/Projects/resPyre/robust_ossm_ekf/profile1d_cubic__robust_ossm_ekf/trials/trial_00053/run_workspace/results/trial_00053,/home/gongjae/Projects/resPyre/robust_ossm_ekf/profile1d_cubic__robust_ossm_ekf/trials/trial_00053,343c1fdc89a3864f,/home/gongjae/Projects/resPyre/robust_ossm_ekf/profile1d_cubic__robust_ossm_ekf/trials/trial_00053/trial_manifest.json,/home/gongjae/Projects/resPyre/robust_ossm_ekf/profile1d_cubic__robust_ossm_ekf/trials/trial_00053/metrics_summary.json,"{""oscillator.g_z_eff_floor_ratio"": 0.482436414670853, ""oscillator.post_smooth_alpha"": 0.7482037450705293, ""oscillator.qf"": 0.0005825846786584655, ""oscillator.qx"": 0.0006788992319787881, ""oscillator.rv"": 0.014683067236227107, ""oscillator.rv_auto"": false, ""oscillator.rv_mad_scale"": 0.8112403825039569, ""oscillator.spec_guidance_strength"": 0.7008943620290302, ""oscillator.student_t_nu"": 7.978354526267562, ""oscillator.tau_env"": 52.22446605871516, ""trust.alpha_R_max"": 4.368758201409582, ""trust.beta_1"": 1.0969299033495588, ""trust.beta_2"": 0.32277870355647315, ""trust.g_z_floor"": 0.32765378275276885, ""trust.gate_bias"": 0.49515805474917274, ""trust.w_gate_nis"": 0.12245225734365744}",0.525,0.38608329712246164,0.44,0.010209571744695622,0.0,0.004934424100766135,0.0,0.008602784023705458,0.5666602760543016,0.35125233197791617,1.709320604898266,1.5242225154195697,0.001278275338266531,69.57254641086604,1.0,0.0,9.356054913439147
2026-02-27T14:07:23.252990Z,profile1d_cubic__robust_ossm_ekf,robust_ossm_ekf,54,0.9891721127594737,0.9891721127594737,pruned,5.358614921569824,subject_kfold,1,raw,debug_stage,,/home/gongjae/Projects/resPyre/robust_ossm_ekf/profile1d_cubic__robust_ossm_ekf/trials/trial_00054,009885dee1b29c3e,/home/gongjae/Projects/resPyre/robust_ossm_ekf/profile1d_cubic__robust_ossm_ekf/trials/trial_00054/trial_manifest.json,/home/gongjae/Projects/resPyre/robust_ossm_ekf/profile1d_cubic__robust_ossm_ekf/trials/trial_00054/metrics_summary.json,"{""oscillator.g_z_eff_floor_ratio"": 0.3222964735867897, ""oscillator.post_smooth_alpha"": 0.746153502269694, ""oscillator.qf"": 0.0004314857082666723, ""oscillator.qx"": 0.000733424217155381, ""oscillator.rv"": 0.026831327350273, ""oscillator.rv_auto"": false, ""oscillator.rv_mad_scale"": 0.8138794145803145, ""oscillator.spec_guidance_strength"": 1.0145644372643374, ""oscillator.student_t_nu"": 4.990439449015904, ""oscillator.tau_env"": 37.44519786209776, ""trust.alpha_R_max"": 2.397545138586473, ""trust.beta_1"": 0.9917650373094434, ""trust.beta_2"": 1.0715723993797548, ""trust.g_z_floor"": 0.24214713285516304, ""trust.gate_bias"": 0.6292114355199001, ""trust.w_gate_nis"": 0.09282758771432117}",0.37,0.3463262680468584,0.34,0.026556016597510373,0.026556016597510373,0.0,0.0,0.0,0.5229221284180887,0.4278383207409989,2.072369289824513,0.21381271410563912,0.0,88.13278008298755,1.0,0.0,nan
2026-02-27T14:07:28.643596Z,profile1d_cubic__robust_ossm_ekf,robust_ossm_ekf,55,1.0126205666363695,1.0126205666363695,pruned,5.290557622909546,subject_kfold,1,raw,debug_stage,,/home/gongjae/Projects/resPyre/robust_ossm_ekf/profile1d_cubic__robust_ossm_ekf/trials/trial_00055,77c4a08a892e6575,/home/gongjae/Projects/resPyre/robust_ossm_ekf/profile1d_cubic__robust_ossm_ekf/trials/trial_00055/trial_manifest.json,/home/gongjae/Projects/resPyre/robust_ossm_ekf/profile1d_cubic__robust_ossm_ekf/trials/trial_00055/metrics_summary.json,"{""oscillator.g_z_eff_floor_ratio"": 0.319480840321127, ""oscillator.post_smooth_alpha"": 0.9388514873921135, ""oscillator.qf"": 0.002472890212499448, ""oscillator.qx"": 0.00599887960944401, ""oscillator.rv"": 0.00899580339403531, ""oscillator.rv_auto"": false, ""oscillator.rv_mad_scale"": 0.8805800670435135, ""oscillator.spec_guidance_strength"": 1.0188533285874808, ""oscillator.student_t_nu"": 11.105796419983534, ""oscillator.tau_env"": 51.129344475862915, ""trust.alpha_R_max"": 2.597352836461737, ""trust.beta_1"": 0.7983918332706906, ""trust.beta_2"": 0.5126543556250724, ""trust.g_z_floor"": 0.23465597856200265, ""trust.gate_bias"": 0.492698702870473, ""trust.w_gate_nis"": 0.18819410403007766}",0.36,0.33071566473095404,0.34,0.019087136929460582,0.019087136929460582,0.0,0.0,0.0,0.5522035029255629,0.45187421640570963,1.6541684392524423,0.06428170863002333,0.0,98.42323651452283,1.0,0.0,nan
2026-02-27T14:17:07.149391Z,profile1d_cubic__robust_ossm_ekf,robust_ossm_ekf,56,0.5129371632976196,0.5129371632976196,pruned,578.400532245636,subject_kfold,32,raw,full_objective,/home/gongjae/Projects/resPyre/robust_ossm_ekf/profile1d_cubic__robust_ossm_ekf/trials/trial_00056/run_workspace/results/trial_00056,/home/gongjae/Projects/resPyre/robust_ossm_ekf/profile1d_cubic__robust_ossm_ekf/trials/trial_00056,1e4450b70625c876,/home/gongjae/Projects/resPyre/robust_ossm_ekf/profile1d_cubic__robust_ossm_ekf/trials/trial_00056/trial_manifest.json,/home/gongjae/Projects/resPyre/robust_ossm_ekf/profile1d_cubic__robust_ossm_ekf/trials/trial_00056/metrics_summary.json,"{""oscillator.g_z_eff_floor_ratio"": 0.2065686394007447, ""oscillator.post_smooth_alpha"": 0.9484886193962464, ""oscillator.qf"": 0.0007125823501752681, ""oscillator.qx"": 0.002493622018672515, ""oscillator.rv"": 0.025715737963647643, ""oscillator.rv_auto"": false, ""oscillator.rv_mad_scale"": 0.9862740625538707, ""oscillator.spec_guidance_strength"": 0.8662197201242161, ""oscillator.student_t_nu"": 11.194376944745562, ""oscillator.tau_env"": 54.890269956268426, ""trust.alpha_R_max"": 2.1976968687503398, ""trust.beta_1"": 0.6754690170320143, ""trust.beta_2"": 0.7496017158515831, ""trust.g_z_floor"": 0.30780971630106035, ""trust.gate_bias"": 0.3727633813134149, ""trust.w_gate_nis"": 0.18896133991758712}",0.455,0.3540960330537186,0.275,0.0040873497431067485,0.0,0.0,0.0,0.0010170632112891076,0.5670337315247277,0.32648130606552656,1.7373698786626182,0.7940796524270002,0.001155297843043287,86.74031970039634,1.0,0.0,1.5000000000000009
2026-02-27T14:17:12.483540Z,profile1d_cubic__robust_ossm_ekf,robust_ossm_ekf,57,1.0225428392874907,1.0225428392874907,pruned,5.221593618392944,subject_kfold,1,raw,debug_quantile,,/home/gongjae/Projects/resPyre/robust_ossm_ekf/profile1d_cubic__robust_ossm_ekf/trials/trial_00057,6336bfb5fe013e74,/home/gongjae/Projects/resPyre/robust_ossm_ekf/profile1d_cubic__robust_ossm_ekf/trials/trial_00057/trial_manifest.json,/home/gongjae/Projects/resPyre/robust_ossm_ekf/profile1d_cubic__robust_ossm_ekf/trials/trial_00057/metrics_summary.json,"{""oscillator.g_z_eff_floor_ratio"": 0.2527227713279559, ""oscillator.post_smooth_alpha"": 0.9079415994840929, ""oscillator.qf"": 0.0030444369428966477, ""oscillator.qx"": 0.0004063773174880811, ""oscillator.rv"": 0.03321289687446686, ""oscillator.rv_auto"": false, ""oscillator.rv_mad_scale"": 0.7490413519794736, ""oscillator.spec_guidance_strength"": 0.6889642677706047, ""oscillator.student_t_nu"": 12.546303041768258, ""oscillator.tau_env"": 30.995559485190622, ""trust.alpha_R_max"": 4.674730401101541, ""trust.beta_1"": 0.5717140996111378, ""trust.beta_2"": 1.0279675624950775, ""trust.g_z_floor"": 0.24620702645324866, ""trust.gate_bias"": 0.4056348863956065, ""trust.w_gate_nis"": 0.3003260403272839}",0.38,0.35878811097429825,0.35,0.0,0.0,0.0,0.0,0.0,0.5564668691001333,0.4529299467705775,1.9404437104405414,0.25877391319986137,0.0,98.34024896265561,1.0,0.0,nan
2026-02-27T14:26:48.222497Z,profile1d_cubic__robust_ossm_ekf,robust_ossm_ekf,58,2.448418325255284,2.448418325255284,pruned,575.6427054405212,subject_kfold,32,raw,full_objective,/home/gongjae/Projects/resPyre/robust_ossm_ekf/profile1d_cubic__robust_ossm_ekf/trials/trial_00058/run_workspace/results/trial_00058,/home/gongjae/Projects/resPyre/robust_ossm_ekf/profile1d_cubic__robust_ossm_ekf/trials/trial_00058,93f514af142a8ba8,/home/gongjae/Projects/resPyre/robust_ossm_ekf/profile1d_cubic__robust_ossm_ekf/trials/trial_00058/trial_manifest.json,/home/gongjae/Projects/resPyre/robust_ossm_ekf/profile1d_cubic__robust_ossm_ekf/trials/trial_00058/metrics_summary.json,"{""oscillator.g_z_eff_floor_ratio"": 0.33902168073018757, ""oscillator.post_smooth_alpha"": 0.9103646942556727, ""oscillator.qf"": 0.0005489905173392645, ""oscillator.qx"": 0.0011776685658324616, ""oscillator.rv"": 0.06186087112162556, ""oscillator.rv_auto"": true, ""oscillator.rv_mad_scale"": 0.8950476583530775, ""oscillator.spec_guidance_strength"": 1.0368406478566623, ""oscillator.student_t_nu"": 9.25237945035111, ""oscillator.tau_env"": 30.577568680824562, ""trust.alpha_R_max"": 2.481639078294421, ""trust.beta_1"": 1.2426269119384987, ""trust.beta_2"": 0.6486942764903865, ""trust.g_z_floor"": 0.19298338323423786, ""trust.gate_bias"": 0.5498545331620062, ""trust.w_gate_nis"": 0.07386506998692732}",0.5549999999999999,0.3720292387017813,0.56,0.05278158751928681,0.0522844621859678,0.0,0.0,0.0016038907284768211,0.5903651239837933,0.3071519520401679,1.8767385272543124,0.18074520090397145,0.0,86.44123381069898,1.0,0.0,15.44722171940418
2026-02-27T14:26:53.652820Z,profile1d_cubic__robust_ossm_ekf,robust_ossm_ekf,59,0.9793402807683378,0.9793402807683378,pruned,5.312923192977905,subject_kfold,1,raw,debug_stage,,/home/gongjae/Projects/resPyre/robust_ossm_ekf/profile1d_cubic__robust_ossm_ekf/trials/trial_00059,92b43680db909f61,/home/gongjae/Projects/resPyre/robust_ossm_ekf/profile1d_cubic__robust_ossm_ekf/trials/trial_00059/trial_manifest.json,/home/gongjae/Projects/resPyre/robust_ossm_ekf/profile1d_cubic__robust_ossm_ekf/trials/trial_00059/metrics_summary.json,"{""oscillator.g_z_eff_floor_ratio"": 0.35465252812804343, ""oscillator.post_smooth_alpha"": 0.7626837943081617, ""oscillator.qf"": 0.0010457328700569921, ""oscillator.qx"": 0.0012700968992192404, ""oscillator.rv"": 0.02247478851216808, ""oscillator.rv_auto"": false, ""oscillator.rv_mad_scale"": 0.826647281900849, ""oscillator.spec_guidance_strength"": 0.8919132506741766, ""oscillator.student_t_nu"": 7.258163114710506, ""oscillator.tau_env"": 32.580751016415064, ""trust.alpha_R_max"": 4.053051498886661, ""trust.beta_1"": 1.1817822083891862, ""trust.beta_2"": 0.4799815415051846, ""trust.g_z_floor"": 0.30512201018829094, ""trust.gate_bias"": 0.6564491407852763, ""trust.w_gate_nis"": 0.07123525696587502}",0.37,0.3381131908545192,0.34,0.014107883817427386,0.014107883817427386,0.0,0.0,0.0,0.5187457274750895,0.42481340227112363,1.7399332168117787,0.1771560282471123,0.0,95.850622406639,1.0,0.0,nan
2026-02-27T14:26:59.127504Z,profile1d_cubic__robust_ossm_ekf,robust_ossm_ekf,60,0.9928523567663528,0.9928523567663528,pruned,5.379606008529663,subject_kfold,1,raw,debug_stage,,/home/gongjae/Projects/resPyre/robust_ossm_ekf/profile1d_cubic__robust_ossm_ekf/trials/trial_00060,934bfc39138274d9,/home/gongjae/Projects/resPyre/robust_ossm_ekf/profile1d_cubic__robust_ossm_ekf/trials/trial_00060/trial_manifest.json,/home/gongjae/Projects/resPyre/robust_ossm_ekf/profile1d_cubic__robust_ossm_ekf/trials/trial_00060/metrics_summary.json,"{""oscillator.g_z_eff_floor_ratio"": 0.3367471443410728, ""oscillator.post_smooth_alpha"": 0.900250044045947, ""oscillator.qf"": 0.001985069346647662, ""oscillator.qx"": 0.0026693801885234363, ""oscillator.rv"": 0.01528827098114419, ""oscillator.rv_auto"": false, ""oscillator.rv_mad_scale"": 0.7980998147176722, ""oscillator.spec_guidance_strength"": 0.6791182377518833, ""oscillator.student_t_nu"": 12.577459910857241, ""oscillator.tau_env"": 49.7425369427708, ""trust.alpha_R_max"": 4.312235114363864, ""trust.beta_1"": 0.8154330705782211, ""trust.beta_2"": 0.398465691240445, ""trust.g_z_floor"": 0.3142884880101122, ""trust.gate_bias"": 0.4870264507597428, ""trust.w_gate_nis"": 0.11477479219226636}",0.36,0.3328292419965874,0.34,0.012448132780082987,0.012448132780082987,0.0,0.0,0.0,0.5533141408645349,0.4529597648297125,1.5865213836288532,0.10722085555657247,0.0,98.00829875518673,1.0,0.0,nan
2026-02-27T14:36:36.571809Z,profile1d_cubic__robust_ossm_ekf,robust_ossm_ekf,61,0.64336411035387,0.64336411035387,pruned,577.3419809341431,subject_kfold,32,raw,full_objective,/home/gongjae/Projects/resPyre/robust_ossm_ekf/profile1d_cubic__robust_ossm_ekf/trials/trial_00061/run_workspace/results/trial_00061,/home/gongjae/Projects/resPyre/robust_ossm_ekf/profile1d_cubic__robust_ossm_ekf/trials/trial_00061,4298268a98cb5258,/home/gongjae/Projects/resPyre/robust_ossm_ekf/profile1d_cubic__robust_ossm_ekf/trials/trial_00061/trial_manifest.json,/home/gongjae/Projects/resPyre/robust_ossm_ekf/profile1d_cubic__robust_ossm_ekf/trials/trial_00061/metrics_summary.json,"{""oscillator.g_z_eff_floor_ratio"": 0.24506308225635193, ""oscillator.post_smooth_alpha"": 0.8106173014369147, ""oscillator.qf"": 0.0007124558848333071, ""oscillator.qx"": 0.0004200800835952604, ""oscillator.rv"": 0.011038338804897931, ""oscillator.rv_auto"": true, ""oscillator.rv_mad_scale"": 0.9247333745156786, ""oscillator.spec_guidance_strength"": 0.8914856612630893, ""oscillator.student_t_nu"": 7.394782885083028, ""oscillator.tau_env"": 36.49089430233258, ""trust.alpha_R_max"": 6.091115453936651, ""trust.beta_1"": 1.3034585312868427, ""trust.beta_2"": 0.19253808069571635, ""trust.g_z_floor"": 0.10922615297010857, ""trust.gate_bias"": 0.34296013479108006, ""trust.w_gate_nis"": 0.26896658137443347}",0.435,0.3329276719744184,0.27,0.036929629247635404,0.031968267193131804,0.0,0.0,0.008105313197791238,0.5894458582256252,0.32500867717338777,1.7396830948218807,0.17545108924070357,0.0,90.26930378531415,1.0,0.0,1.9218250942458663
2026-02-27T14:46:08.254474Z,profile1d_cubic__robust_ossm_ekf,robust_ossm_ekf,62,0.4615407041751845,0.4615407041751845,completed,571.5633685588837,subject_kfold,32,raw,,/home/gongjae/Projects/resPyre/robust_ossm_ekf/profile1d_cubic__robust_ossm_ekf/trials/trial_00062/run_workspace/results/trial_00062,/home/gongjae/Projects/resPyre/robust_ossm_ekf/profile1d_cubic__robust_ossm_ekf/trials/trial_00062,ae275cdbaed86e20,/home/gongjae/Projects/resPyre/robust_ossm_ekf/profile1d_cubic__robust_ossm_ekf/trials/trial_00062/trial_manifest.json,/home/gongjae/Projects/resPyre/robust_ossm_ekf/profile1d_cubic__robust_ossm_ekf/trials/trial_00062/metrics_summary.json,"{""oscillator.g_z_eff_floor_ratio"": 0.6142144790246783, ""oscillator.post_smooth_alpha"": 0.8294953380438727, ""oscillator.qf"": 0.0004544354229403778, ""oscillator.qx"": 0.0008285738854998598, ""oscillator.rv"": 0.04116665342892254, ""oscillator.rv_auto"": true, ""oscillator.rv_mad_scale"": 0.9116253817306981, ""oscillator.spec_guidance_strength"": 0.8587202755924507, ""oscillator.student_t_nu"": 5.970568761680557, ""oscillator.tau_env"": 50.35191186796497, ""trust.alpha_R_max"": 3.711485832600813, ""trust.beta_1"": 1.0242808708811093, ""trust.beta_2"": 0.7620156690103517, ""trust.g_z_floor"": 0.3269958168345963, ""trust.gate_bias"": 0.48618062768407894, ""trust.w_gate_nis"": 0.09853910419108912}",0.45,0.33725262511449117,0.20500000000000002,0.01715953054763078,0.014794199078649997,0.0,0.0,0.0,0.6256317420202684,0.44688931987879754,1.7421672691449954,0.1539590216148063,0.0,89.09394360179448,1.0,0.0,0.6920819567703873
2026-02-27T14:55:37.941033Z,profile1d_cubic__robust_ossm_ekf,robust_ossm_ekf,63,2.436316642643761,2.436316642643761,pruned,569.5629143714905,subject_kfold,32,raw,full_objective,/home/gongjae/Projects/resPyre/robust_ossm_ekf/profile1d_cubic__robust_ossm_ekf/trials/trial_00063/run_workspace/results/trial_00063,/home/gongjae/Projects/resPyre/robust_ossm_ekf/profile1d_cubic__robust_ossm_ekf/trials/trial_00063,aed636c683f90a40,/home/gongjae/Projects/resPyre/robust_ossm_ekf/profile1d_cubic__robust_ossm_ekf/trials/trial_00063/trial_manifest.json,/home/gongjae/Projects/resPyre/robust_ossm_ekf/profile1d_cubic__robust_ossm_ekf/trials/trial_00063/metrics_summary.json,"{""oscillator.g_z_eff_floor_ratio"": 0.27588807574113217, ""oscillator.post_smooth_alpha"": 0.9201348977570154, ""oscillator.qf"": 0.0005603131728271252, ""oscillator.qx"": 0.0011888630501354473, ""oscillator.rv"": 0.013764021079454515, ""oscillator.rv_auto"": true, ""oscillator.rv_mad_scale"": 0.8781868591881703, ""oscillator.spec_guidance_strength"": 0.8339723331356005, ""oscillator.student_t_nu"": 7.861276358808685, ""oscillator.tau_env"": 34.14288257330123, ""trust.alpha_R_max"": 6.672840922503882, ""trust.beta_1"": 1.2733919391464292, ""trust.beta_2"": 0.3022215406803539, ""trust.g_z_floor"": 0.17696066524272264, ""trust.gate_bias"": 0.32278391246762433, ""trust.w_gate_nis"": 0.4118409736732074}",0.55,0.3786427198637339,0.56,0.061312328778478205,0.05174549022662438,0.0,0.0,0.0015521523178807946,0.6156421911429655,0.3147692319091072,1.7665032645542573,0.18108323135649065,0.0,88.16575464983052,1.0,0.0,15.41182343627692
2026-02-27T15:05:07.764302Z,profile1d_cubic__robust_ossm_ekf,robust_ossm_ekf,64,2.8348885446431247,2.8348885446431247,pruned,569.7025949954987,subject_kfold,32,raw,full_objective,/home/gongjae/Projects/resPyre/robust_ossm_ekf/profile1d_cubic__robust_ossm_ekf/trials/trial_00064/run_workspace/results/trial_00064,/home/gongjae/Projects/resPyre/robust_ossm_ekf/profile1d_cubic__robust_ossm_ekf/trials/trial_00064,67674e1258ed6b51,/home/gongjae/Projects/resPyre/robust_ossm_ekf/profile1d_cubic__robust_ossm_ekf/trials/trial_00064/trial_manifest.json,/home/gongjae/Projects/resPyre/robust_ossm_ekf/profile1d_cubic__robust_ossm_ekf/trials/trial_00064/metrics_summary.json,"{""oscillator.g_z_eff_floor_ratio"": 0.45938346332277424, ""oscillator.post_smooth_alpha"": 0.9249625554147337, ""oscillator.qf"": 0.0008800216370156893, ""oscillator.qx"": 0.0007063727685023528, ""oscillator.rv"": 0.017435064385927845, ""oscillator.rv_auto"": true, ""oscillator.rv_mad_scale"": 0.8839000678293125, ""oscillator.spec_guidance_strength"": 0.8374162297649008, ""oscillator.student_t_nu"": 9.910848109792273, ""oscillator.tau_env"": 36.103429090463614, ""trust.alpha_R_max"": 6.021940315257586, ""trust.beta_1"": 1.1976934583953198, ""trust.beta_2"": 0.16367943383777533, ""trust.g_z_floor"": 0.2677920229590487, ""trust.gate_bias"": 0.45230779152797906, ""trust.w_gate_nis"": 0.2174510119459397}",0.53,0.38797744844989257,0.64,0.02667078496724514,0.023339072396402136,0.0,0.0,0.0,0.5922378693397905,0.3375542080120836,1.6797705934691767,0.22382706935758603,0.0,88.91412741294292,1.0,0.0,18.823810507749474
2026-02-27T15:14:31.040221Z,profile1d_cubic__robust_ossm_ekf,robust_ossm_ekf,65,0.6717392305908485,0.6717392305908485,pruned,563.1453866958618,subject_kfold,32,raw,full_objective,/home/gongjae/Projects/resPyre/robust_ossm_ekf/profile1d_cubic__robust_ossm_ekf/trials/trial_00065/run_workspace/results/trial_00065,/home/gongjae/Projects/resPyre/robust_ossm_ekf/profile1d_cubic__robust_ossm_ekf/trials/trial_00065,ccff4e5317321ec6,/home/gongjae/Projects/resPyre/robust_ossm_ekf/profile1d_cubic__robust_ossm_ekf/trials/trial_00065/trial_manifest.json,/home/gongjae/Projects/resPyre/robust_ossm_ekf/profile1d_cubic__robust_ossm_ekf/trials/trial_00065/metrics_summary.json,"{""oscillator.g_z_eff_floor_ratio"": 0.295045480327944, ""oscillator.post_smooth_alpha"": 0.8268078007847527, ""oscillator.qf"": 0.000912383454410845, ""oscillator.qx"": 0.0005099889898130676, ""oscillator.rv"": 0.02471175287873239, ""oscillator.rv_auto"": false, ""oscillator.rv_mad_scale"": 0.8463810699657699, ""oscillator.spec_guidance_strength"": 0.7878232465243682, ""oscillator.student_t_nu"": 10.636164159468846, ""oscillator.tau_env"": 69.59850923388407, ""trust.alpha_R_max"": 4.327263654806391, ""trust.beta_1"": 0.7576910503893494, ""trust.beta_2"": 1.067621975305718, ""trust.g_z_floor"": 0.3802525002564987, ""trust.gate_bias"": 0.5315100217054654, ""trust.w_gate_nis"": 0.3528777027918432}",0.415,0.3516348459432336,0.28500000000000003,0.01064783830812475,0.0,0.0008271298593879239,0.0,0.01476616737903769,0.48554703676521743,0.303656683710926,2.0080289001872877,1.6963663045900073,0.001919005611099602,85.26074929829556,1.0,0.0,2.3512925138191143
2026-02-27T15:23:52.411337Z,profile1d_cubic__robust_ossm_ekf,robust_ossm_ekf,66,1.0334183394937348,1.0334183394937348,pruned,561.2458815574646,subject_kfold,32,raw,full_objective,/home/gongjae/Projects/resPyre/robust_ossm_ekf/profile1d_cubic__robust_ossm_ekf/trials/trial_00066/run_workspace/results/trial_00066,/home/gongjae/Projects/resPyre/robust_ossm_ekf/profile1d_cubic__robust_ossm_ekf/trials/trial_00066,b47cfd9e1a5276c7,/home/gongjae/Projects/resPyre/robust_ossm_ekf/profile1d_cubic__robust_ossm_ekf/trials/trial_00066/trial_manifest.json,/home/gongjae/Projects/resPyre/robust_ossm_ekf/profile1d_cubic__robust_ossm_ekf/trials/trial_00066/metrics_summary.json,"{""oscillator.g_z_eff_floor_ratio"": 0.20768836172555122, ""oscillator.post_smooth_alpha"": 0.9494282679938866, ""oscillator.qf"": 0.0012741480468701374, ""oscillator.qx"": 0.00044212457400847493, ""oscillator.rv"": 0.022231931781874194, ""oscillator.rv_auto"": true, ""oscillator.rv_mad_scale"": 1.0462384264271196, ""oscillator.spec_guidance_strength"": 0.996443806860367, ""oscillator.student_t_nu"": 12.49585976319917, ""oscillator.tau_env"": 43.25607372949289, ""trust.alpha_R_max"": 6.642056611047989, ""trust.beta_1"": 0.9831547960961564, ""trust.beta_2"": 0.1500510172979316, ""trust.g_z_floor"": 0.13194723070472048, ""trust.gate_bias"": 0.4040907639718653, ""trust.w_gate_nis"": 0.3598315714214878}",0.44499999999999995,0.34838065264378915,0.33999999999999997,0.018255495715764666,0.01683570911060109,0.0,0.0,0.005741627760834738,0.5741520552966114,0.32121521198390673,1.5990650276958767,0.1831061726000601,0.0,94.44049803114373,1.0,0.0,5.088333109345333
2026-02-27T15:23:57.793370Z,profile1d_cubic__robust_ossm_ekf,robust_ossm_ekf,67,1.0072619283166002,1.0072619283166002,pruned,5.2650227546691895,subject_kfold,1,raw,debug_stage,,/home/gongjae/Projects/resPyre/robust_ossm_ekf/profile1d_cubic__robust_ossm_ekf/trials/trial_00067,0a633e8281175b8d,/home/gongjae/Projects/resPyre/robust_ossm_ekf/profile1d_cubic__robust_ossm_ekf/trials/trial_00067/trial_manifest.json,/home/gongjae/Projects/resPyre/robust_ossm_ekf/profile1d_cubic__robust_ossm_ekf/trials/trial_00067/metrics_summary.json,"{""oscillator.g_z_eff_floor_ratio"": 0.42678675135314736, ""oscillator.post_smooth_alpha"": 0.9316830595485123, ""oscillator.qf"": 0.0012620190758940862, ""oscillator.qx"": 0.0006089861546495852, ""oscillator.rv"": 0.029242961587873963, ""oscillator.rv_auto"": false, ""oscillator.rv_mad_scale"": 0.9505693401080401, ""oscillator.spec_guidance_strength"": 0.9078456068250178, ""oscillator.student_t_nu"": 5.831179383620729, ""oscillator.tau_env"": 44.48784168330856, ""trust.alpha_R_max"": 5.842338280324117, ""trust.beta_1"": 0.8392797069039277, ""trust.beta_2"": 0.3242189756458932, ""trust.g_z_floor"": 0.11641034897977787, ""trust.gate_bias"": 0.31010448694843673, ""trust.w_gate_nis"": 0.24879106260979586}",0.37,0.34538024177112164,0.35,0.007468879668049793,0.007468879668049793,0.0,0.0,0.0,0.5789041678558957,0.4810317723381882,1.5434534626094376,0.24090078904907813,0.0,94.85477178423237,1.0,0.0,nan
2026-02-27T15:33:20.743655Z,profile1d_cubic__robust_ossm_ekf,robust_ossm_ekf,68,1.0694177282857633,1.0694177282857633,pruned,562.8417139053345,subject_kfold,32,raw,full_objective,/home/gongjae/Projects/resPyre/robust_ossm_ekf/profile1d_cubic__robust_ossm_ekf/trials/trial_00068/run_workspace/results/trial_00068,/home/gongjae/Projects/resPyre/robust_ossm_ekf/profile1d_cubic__robust_ossm_ekf/trials/trial_00068,fe1eed73b902f67a,/home/gongjae/Projects/resPyre/robust_ossm_ekf/profile1d_cubic__robust_ossm_ekf/trials/trial_00068/trial_manifest.json,/home/gongjae/Projects/resPyre/robust_ossm_ekf/profile1d_cubic__robust_ossm_ekf/trials/trial_00068/metrics_summary.json,"{""oscillator.g_z_eff_floor_ratio"": 0.25522880900353107, ""oscillator.post_smooth_alpha"": 0.9173931583510494, ""oscillator.qf"": 0.0013463632419879563, ""oscillator.qx"": 0.0071215187784628665, ""oscillator.rv"": 0.027954391056979208, ""oscillator.rv_auto"": false, ""oscillator.rv_mad_scale"": 0.9681115777419189, ""oscillator.spec_guidance_strength"": 0.7411882449181058, ""oscillator.student_t_nu"": 12.533693405016692, ""oscillator.tau_env"": 56.14602955337281, ""trust.alpha_R_max"": 3.9210722900648594, ""trust.beta_1"": 0.693793350797215, ""trust.beta_2"": 0.7367920097313239, ""trust.g_z_floor"": 0.12363360840070159, ""trust.gate_bias"": 0.3999775798467286, ""trust.w_gate_nis"": 0.06523627364543964}",0.495,0.37090944847967416,0.33999999999999997,0.005073184655138975,0.0,0.0,0.0,0.0015370859758418315,0.6152683488016186,0.3285257595420415,1.7605717426119585,0.22042215795149908,0.0,95.56086702671143,1.0,0.0,5.013701138642455
2026-02-27T15:33:26.086151Z,profile1d_cubic__robust_ossm_ekf,robust_ossm_ekf,69,1.060721596833218,1.060721596833218,pruned,5.201319932937622,subject_kfold,1,raw,debug_quantile,,/home/gongjae/Projects/resPyre/robust_ossm_ekf/profile1d_cubic__robust_ossm_ekf/trials/trial_00069,427b303b36b7923c,/home/gongjae/Projects/resPyre/robust_ossm_ekf/profile1d_cubic__robust_ossm_ekf/trials/trial_00069/trial_manifest.json,/home/gongjae/Projects/resPyre/robust_ossm_ekf/profile1d_cubic__robust_ossm_ekf/trials/trial_00069/metrics_summary.json,"{""oscillator.g_z_eff_floor_ratio"": 0.19250497633048258, ""oscillator.post_smooth_alpha"": 0.9625224865804493, ""oscillator.qf"": 0.0021039330036856053, ""oscillator.qx"": 0.0005781399845875462, ""oscillator.rv"": 0.05410081800603833, ""oscillator.rv_auto"": false, ""oscillator.rv_mad_scale"": 0.9074624830624608, ""oscillator.spec_guidance_strength"": 0.6923328532166799, ""oscillator.student_t_nu"": 12.091562702204314, ""oscillator.tau_env"": 63.66115884207507, ""trust.alpha_R_max"": 4.887973837322288, ""trust.beta_1"": 0.5876439620830269, ""trust.beta_2"": 1.1288071593836835, ""trust.g_z_floor"": 0.13784175339204055, ""trust.gate_bias"": 0.3522939516147843, ""trust.w_gate_nis"": 0.339241040922742}",0.37,0.35180453554022856,0.35,0.008298755186721992,0.008298755186721992,0.0,0.0,0.0,0.5730850333998977,0.466292076932834,2.012000729659054,0.14277546120215434,0.0,97.84232365145228,1.0,0.0,nan
2026-02-27T15:33:31.353465Z,profile1d_cubic__robust_ossm_ekf,robust_ossm_ekf,70,1.002833770572838,1.002833770572838,pruned,5.167941570281982,subject_kfold,1,raw,debug_stage,,/home/gongjae/Projects/resPyre/robust_ossm_ekf/profile1d_cubic__robust_ossm_ekf/trials/trial_00070,72386e18d2ccc63c,/home/gongjae/Projects/resPyre/robust_ossm_ekf/profile1d_cubic__robust_ossm_ekf/trials/trial_00070/trial_manifest.json,/home/gongjae/Projects/resPyre/robust_ossm_ekf/profile1d_cubic__robust_ossm_ekf/trials/trial_00070/metrics_summary.json,"{""oscillator.g_z_eff_floor_ratio"": 0.34468808002993356, ""oscillator.post_smooth_alpha"": 0.7476923702027828, ""oscillator.qf"": 0.0020649762108577276, ""oscillator.qx"": 0.0012919083062242298, ""oscillator.rv"": 0.04701219864927324, ""oscillator.rv_auto"": false, ""oscillator.rv_mad_scale"": 0.6722871261038234, ""oscillator.spec_guidance_strength"": 1.1247070220337945, ""oscillator.student_t_nu"": 3.3070680538724524, ""oscillator.tau_env"": 20.77482810900838, ""trust.alpha_R_max"": 6.241418239508025, ""trust.beta_1"": 1.5943087251438415, ""trust.beta_2"": 0.6748170398898553, ""trust.g_z_floor"": 0.20926036488892374, ""trust.gate_bias"": 0.5957345243925972, ""trust.w_gate_nis"": 0.4392044655486096}",0.36,0.34003120613108373,0.34,0.011618257261410789,0.011618257261410789,0.0,0.0,0.0,0.5232636180356391,0.427705515953716,1.9814029720984332,0.11858883976608763,0.0,97.84232365145228,1.0,0.0,nan
2026-02-27T15:33:36.807027Z,profile1d_cubic__robust_ossm_ekf,robust_ossm_ekf,71,1.0203216728788471,1.0203216728788471,pruned,5.337170600891113,subject_kfold,1,raw,debug_quantile,,/home/gongjae/Projects/resPyre/robust_ossm_ekf/profile1d_cubic__robust_ossm_ekf/trials/trial_00071,d174e6a2a37787d8,/home/gongjae/Projects/resPyre/robust_ossm_ekf/profile1d_cubic__robust_ossm_ekf/trials/trial_00071/trial_manifest.json,/home/gongjae/Projects/resPyre/robust_ossm_ekf/profile1d_cubic__robust_ossm_ekf/trials/trial_00071/metrics_summary.json,"{""oscillator.g_z_eff_floor_ratio"": 0.5730345361752063, ""oscillator.post_smooth_alpha"": 0.9366318950703142, ""oscillator.qf"": 0.0015130401385565317, ""oscillator.qx"": 0.006449419883637932, ""oscillator.rv"": 0.018061183104835846, ""oscillator.rv_auto"": false, ""oscillator.rv_mad_scale"": 0.8950405676636396, ""oscillator.spec_guidance_strength"": 0.7440888517723698, ""oscillator.student_t_nu"": 12.546375422188248, ""oscillator.tau_env"": 58.811816511288825, ""trust.alpha_R_max"": 4.0999548291357835, ""trust.beta_1"": 0.5517242782809927, ""trust.beta_2"": 0.7840456345052244, ""trust.g_z_floor"": 0.4561223819478547, ""trust.gate_bias"": 0.2902055314975295, ""trust.w_gate_nis"": 0.07132291941498026}",0.36,0.33089187537182096,0.34,0.01991701244813278,0.01991701244813278,0.0,0.0,0.0,0.5935370833174423,0.5112357826033826,1.7723671486455865,0.0529614884686066,0.0,98.00829875518673,1.0,0.0,nan
2026-02-27T15:33:42.058584Z,profile1d_cubic__robust_ossm_ekf,robust_ossm_ekf,72,1.0146084109199833,1.0146084109199833,pruned,5.152469635009766,subject_kfold,1,raw,debug_stage,,/home/gongjae/Projects/resPyre/robust_ossm_ekf/profile1d_cubic__robust_ossm_ekf/trials/trial_00072,51f3cfaed9da6c4b,/home/gongjae/Projects/resPyre/robust_ossm_ekf/profile1d_cubic__robust_ossm_ekf/trials/trial_00072/trial_manifest.json,/home/gongjae/Projects/resPyre/robust_ossm_ekf/profile1d_cubic__robust_ossm_ekf/trials/trial_00072/metrics_summary.json,"{""oscillator.g_z_eff_floor_ratio"": 0.28804845044361715, ""oscillator.post_smooth_alpha"": 0.9405308887875337, ""oscillator.qf"": 0.0015673329234172039, ""oscillator.qx"": 0.0023938605342548247, ""oscillator.rv"": 0.03357052297451934, ""oscillator.rv_auto"": false, ""oscillator.rv_mad_scale"": 0.8264608113773637, ""oscillator.spec_guidance_strength"": 0.7078569735042991, ""oscillator.student_t_nu"": 9.426045424472258, ""oscillator.tau_env"": 65.49542539716823, ""trust.alpha_R_max"": 3.1849123741433685, ""trust.beta_1"": 0.9155376956637065, ""trust.beta_2"": 0.9943863094667394, ""trust.g_z_floor"": 0.4756958703670422, ""trust.gate_bias"": 0.4688627670841928, ""trust.w_gate_nis"": 0.1501191371241758}",0.36,0.33765166082135467,0.34,0.015767634854771784,0.015767634854771784,0.0,0.0,0.0,0.5566781765133024,0.4548656071401906,2.0079318654630365,0.09235215346344046,0.0,97.67634854771784,1.0,0.0,nan
2026-02-27T15:33:47.226350Z,profile1d_cubic__robust_ossm_ekf,robust_ossm_ekf,73,1.0140188338740965,1.0140188338740965,pruned,5.0694053173065186,subject_kfold,1,raw,debug_stage,,/home/gongjae/Projects/resPyre/robust_ossm_ekf/profile1d_cubic__robust_ossm_ekf/trials/trial_00073,fbb4eae59ed79b0d,/home/gongjae/Projects/resPyre/robust_ossm_ekf/profile1d_cubic__robust_ossm_ekf/trials/trial_00073/trial_manifest.json,/home/gongjae/Projects/resPyre/robust_ossm_ekf/profile1d_cubic__robust_ossm_ekf/trials/trial_00073/metrics_summary.json,"{""oscillator.g_z_eff_floor_ratio"": 0.4542055513359557, ""oscillator.post_smooth_alpha"": 0.9066592789581547, ""oscillator.qf"": 0.0036682896926484537, ""oscillator.qx"": 0.0038060760856135326, ""oscillator.rv"": 0.018745196267328526, ""oscillator.rv_auto"": false, ""oscillator.rv_mad_scale"": 0.9967740452633795, ""oscillator.spec_guidance_strength"": 0.9659859509144457, ""oscillator.student_t_nu"": 8.808784542182146, ""oscillator.tau_env"": 64.68180263309435, ""trust.alpha_R_max"": 3.1664860672330115, ""trust.beta_1"": 0.7374994235457387, ""trust.beta_2"": 0.8647492251730857, ""trust.g_z_floor"": 0.3551698990791276, ""trust.gate_bias"": 0.40929701761948584, ""trust.w_gate_nis"": 0.1024200294982714}",0.36,0.33269964419443354,0.34,0.009128630705394191,0.009128630705394191,0.0,0.0,0.0,0.5696240997390968,0.47709711451431885,1.8736777986453255,0.07853380537534566,0.0,98.83817427385893,1.0,0.0,nan
2026-02-27T15:33:52.581921Z,profile1d_cubic__robust_ossm_ekf,robust_ossm_ekf,74,1.002475039899453,1.002475039899453,pruned,5.257327556610107,subject_kfold,1,raw,debug_stage,,/home/gongjae/Projects/resPyre/robust_ossm_ekf/profile1d_cubic__robust_ossm_ekf/trials/trial_00074,40d7397b438e1fcd,/home/gongjae/Projects/resPyre/robust_ossm_ekf/profile1d_cubic__robust_ossm_ekf/trials/trial_00074/trial_manifest.json,/home/gongjae/Projects/resPyre/robust_ossm_ekf/profile1d_cubic__robust_ossm_ekf/trials/trial_00074/metrics_summary.json,"{""oscillator.g_z_eff_floor_ratio"": 0.3577560729287125, ""oscillator.post_smooth_alpha"": 0.9586836694833276, ""oscillator.qf"": 0.002599431812529681, ""oscillator.qx"": 0.003493806575923692, ""oscillator.rv"": 0.024454610965537703, ""oscillator.rv_auto"": false, ""oscillator.rv_mad_scale"": 0.7966615297981333, ""oscillator.spec_guidance_strength"": 0.9523619623166095, ""oscillator.student_t_nu"": 9.754637315779133, ""oscillator.tau_env"": 63.961446524472414, ""trust.alpha_R_max"": 3.371590225118309, ""trust.beta_1"": 0.8996716144060426, ""trust.beta_2"": 0.32312397107123303, ""trust.g_z_floor"": 0.5205380547263709, ""trust.gate_bias"": 0.37854895127435406, ""trust.w_gate_nis"": 0.09684679229107056}",0.36,0.3327599273484277,0.34,0.013278008298755186,0.013278008298755186,0.0,0.0,0.0,0.5756562264448499,0.47131535411827047,1.5580714051844642,0.08323155329054709,0.0,98.17427385892117,1.0,0.0,nan
2026-02-27T15:43:16.643916Z,profile1d_cubic__robust_ossm_ekf,robust_ossm_ekf,75,0.5737826699658648,0.5737826699658648,pruned,563.9476490020752,subject_kfold,32,raw,full_objective,/home/gongjae/Projects/resPyre/robust_ossm_ekf/profile1d_cubic__robust_ossm_ekf/trials/trial_00075/run_workspace/results/trial_00075,/home/gongjae/Projects/resPyre/robust_ossm_ekf/profile1d_cubic__robust_ossm_ekf/trials/trial_00075,2a3d1fb11a6c6c8c,/home/gongjae/Projects/resPyre/robust_ossm_ekf/profile1d_cubic__robust_ossm_ekf/trials/trial_00075/trial_manifest.json,/home/gongjae/Projects/resPyre/robust_ossm_ekf/profile1d_cubic__robust_ossm_ekf/trials/trial_00075/metrics_summary.json,"{""oscillator.g_z_eff_floor_ratio"": 0.4435915269007964, ""oscillator.post_smooth_alpha"": 0.8636024837183338, ""oscillator.qf"": 0.00031890228010773223, ""oscillator.qx"": 0.0005139569214625701, ""oscillator.rv"": 0.02709180631026725, ""oscillator.rv_auto"": true, ""oscillator.rv_mad_scale"": 0.7817122993315643, ""oscillator.spec_guidance_strength"": 1.0613480665102955, ""oscillator.student_t_nu"": 7.122261080768905, ""oscillator.tau_env"": 38.12094782424714, ""trust.alpha_R_max"": 6.685543367479805, ""trust.beta_1"": 1.2156267761699455, ""trust.beta_2"": 0.2444672816740015, ""trust.g_z_floor"": 0.17158675374371005, ""trust.gate_bias"": 0.23855568583407896, ""trust.w_gate_nis"": 0.28815438869415144}",0.425,0.34115401797649725,0.26,0.02380828299989056,0.02380828299989056,0.0,0.0,0.014612095734008502,0.6089004869596826,0.371460734846802,1.7537068077407638,0.17641192531952885,0.0,87.76958836617928,1.0,0.0,1.4653579675427606
2026-02-27T15:52:34.238050Z,profile1d_cubic__robust_ossm_ekf,robust_ossm_ekf,76,0.7576714881075672,0.7576714881075672,pruned,557.4731562137604,subject_kfold,32,raw,full_objective,/home/gongjae/Projects/resPyre/robust_ossm_ekf/profile1d_cubic__robust_ossm_ekf/trials/trial_00076/run_workspace/results/trial_00076,/home/gongjae/Projects/resPyre/robust_ossm_ekf/profile1d_cubic__robust_ossm_ekf/trials/trial_00076,15ff53fbb1740f0f,/home/gongjae/Projects/resPyre/robust_ossm_ekf/profile1d_cubic__robust_ossm_ekf/trials/trial_00076/trial_manifest.json,/home/gongjae/Projects/resPyre/robust_ossm_ekf/profile1d_cubic__robust_ossm_ekf/trials/trial_00076/metrics_summary.json,"{""oscillator.g_z_eff_floor_ratio"": 0.48018062828604813, ""oscillator.post_smooth_alpha"": 0.9597964334068297, ""oscillator.qf"": 0.0029045174235713548, ""oscillator.qx"": 0.0049313215287065245, ""oscillator.rv"": 0.03766861625398707, ""oscillator.rv_auto"": true, ""oscillator.rv_mad_scale"": 0.8425935331772404, ""oscillator.spec_guidance_strength"": 0.8600176600567949, ""oscillator.student_t_nu"": 11.002513143590843, ""oscillator.tau_env"": 66.23926084279725, ""trust.alpha_R_max"": 2.800400308705214, ""trust.beta_1"": 0.614479042019968, ""trust.beta_2"": 0.4884443006683531, ""trust.g_z_floor"": 0.32154072372622355, ""trust.gate_bias"": 0.39638751715470366, ""trust.w_gate_nis"": 0.0971448219367699}",0.46499999999999997,0.354241343410002,0.28500000000000003,0.010694508623257588,0.00041356492969396195,0.0,0.0,0.001200154536361452,0.5890196708868906,0.37711008807211466,1.608755738445967,0.10873284324407027,0.0,98.52215901270816,1.0,0.0,2.737079768057315
2026-02-27T16:01:45.427766Z,profile1d_cubic__robust_ossm_ekf,robust_ossm_ekf,77,0.4499396886824689,0.4499396886824689,completed,551.0665969848633,subject_kfold,32,raw,,/home/gongjae/Projects/resPyre/robust_ossm_ekf/profile1d_cubic__robust_ossm_ekf/trials/trial_00077/run_workspace/results/trial_00077,/home/gongjae/Projects/resPyre/robust_ossm_ekf/profile1d_cubic__robust_ossm_ekf/trials/trial_00077,495f782f237c9311,/home/gongjae/Projects/resPyre/robust_ossm_ekf/profile1d_cubic__robust_ossm_ekf/trials/trial_00077/trial_manifest.json,/home/gongjae/Projects/resPyre/robust_ossm_ekf/profile1d_cubic__robust_ossm_ekf/trials/trial_00077/metrics_summary.json,"{""oscillator.g_z_eff_floor_ratio"": 0.2635313586739196, ""oscillator.post_smooth_alpha"": 0.9517872597869522, ""oscillator.qf"": 0.0017854699050498146, ""oscillator.qx"": 0.0005116800719551777, ""oscillator.rv"": 0.028112361601919246, ""oscillator.rv_auto"": true, ""oscillator.rv_mad_scale"": 0.7088585412905766, ""oscillator.spec_guidance_strength"": 0.8967172908782165, ""oscillator.student_t_nu"": 13.247331960005036, ""oscillator.tau_env"": 64.12435445201235, ""trust.alpha_R_max"": 2.923764955544911, ""trust.beta_1"": 0.8032462600376428, ""trust.beta_2"": 1.0556029326696543, ""trust.g_z_floor"": 0.11301479641470852, ""trust.gate_bias"": 0.4353945963870141, ""trust.w_gate_nis"": 0.3554892215184008}",0.445,0.3217696648598368,0.19,0.03742796346595747,0.004520155169505819,0.0,0.0,0.008786515138740921,0.6221488846233542,0.35088829779005926,1.7660556292416585,0.16376583071547773,0.0,97.53078223734839,1.0,0.0,0.6724683385690446
2026-02-27T16:10:56.983071Z,profile1d_cubic__robust_ossm_ekf,robust_ossm_ekf,78,1.7411047797653936,1.7411047797653936,pruned,551.4352595806122,subject_kfold,32,raw,full_objective,/home/gongjae/Projects/resPyre/robust_ossm_ekf/profile1d_cubic__robust_ossm_ekf/trials/trial_00078/run_workspace/results/trial_00078,/home/gongjae/Projects/resPyre/robust_ossm_ekf/profile1d_cubic__robust_ossm_ekf/trials/trial_00078,09a3784575ca5519,/home/gongjae/Projects/resPyre/robust_ossm_ekf/profile1d_cubic__robust_ossm_ekf/trials/trial_00078/trial_manifest.json,/home/gongjae/Projects/resPyre/robust_ossm_ekf/profile1d_cubic__robust_ossm_ekf/trials/trial_00078/metrics_summary.json,"{""oscillator.g_z_eff_floor_ratio"": 0.3625516335198436, ""oscillator.post_smooth_alpha"": 0.8820357763061378, ""oscillator.qf"": 0.0030170014745170984, ""oscillator.qx"": 0.0005491627034908369, ""oscillator.rv"": 0.020005410392136054, ""oscillator.rv_auto"": true, ""oscillator.rv_mad_scale"": 0.6646014700730142, ""oscillator.spec_guidance_strength"": 0.9310021128872819, ""oscillator.student_t_nu"": 12.235604018819034, ""oscillator.tau_env"": 57.46069720903531, ""trust.alpha_R_max"": 3.7632676451426885, ""trust.beta_1"": 0.6845031349578954, ""trust.beta_2"": 1.1009200648478754, ""trust.g_z_floor"": 0.15297263866231964, ""trust.gate_bias"": 0.5672256106646554, ""trust.w_gate_nis"": 0.3995138383793539}",0.535,0.3672581557813365,0.445,0.062111500867382985,0.009044462855564761,0.062111500867382985,0.0,0.06535559679639971,0.5657604584668726,0.30517464321319643,1.9661464173572825,0.22417055013455042,0.0,96.79655843814135,1.0,0.0,9.994209404781405
2026-02-27T16:11:02.210737Z,profile1d_cubic__robust_ossm_ekf,robust_ossm_ekf,79,1.0258227868521197,1.0258227868521197,pruned,5.11151123046875,subject_kfold,1,raw,debug_quantile,,/home/gongjae/Projects/resPyre/robust_ossm_ekf/profile1d_cubic__robust_ossm_ekf/trials/trial_00079,2272e212c3c91952,/home/gongjae/Projects/resPyre/robust_ossm_ekf/profile1d_cubic__robust_ossm_ekf/trials/trial_00079/trial_manifest.json,/home/gongjae/Projects/resPyre/robust_ossm_ekf/profile1d_cubic__robust_ossm_ekf/trials/trial_00079/metrics_summary.json,"{""oscillator.g_z_eff_floor_ratio"": 0.471028529087932, ""oscillator.post_smooth_alpha"": 0.8854020995628761, ""oscillator.qf"": 0.002429366410681852, ""oscillator.qx"": 0.00042055160016230133, ""oscillator.rv"": 0.03557338215714857, ""oscillator.rv_auto"": false, ""oscillator.rv_mad_scale"": 0.8179067182703981, ""oscillator.spec_guidance_strength"": 0.5907120561149164, ""oscillator.student_t_nu"": 13.989599848760577, ""oscillator.tau_env"": 62.76140492927962, ""trust.alpha_R_max"": 3.6497606253520196, ""trust.beta_1"": 0.6874093488654077, ""trust.beta_2"": 0.995057074649928, ""trust.g_z_floor"": 0.2309454130324105, ""trust.gate_bias"": 0.5699219420410973, ""trust.w_gate_nis"": 0.28529738660747217}",0.38,0.3578856160159312,0.35,0.0,0.0,0.0,0.0,0.0,0.5244917484681104,0.43973718808829254,1.9483897585736547,0.24905834924562947,0.0,98.09128630705395,1.0,0.0,nan
2026-02-27T16:20:13.784438Z,profile1d_cubic__robust_ossm_ekf,robust_ossm_ekf,80,0.44755252110026233,0.44755252110026233,completed,551.4637937545776,subject_kfold,32,raw,,/home/gongjae/Projects/resPyre/robust_ossm_ekf/profile1d_cubic__robust_ossm_ekf/trials/trial_00080/run_workspace/results/trial_00080,/home/gongjae/Projects/resPyre/robust_ossm_ekf/profile1d_cubic__robust_ossm_ekf/trials/trial_00080,7c723c986b22b1c2,/home/gongjae/Projects/resPyre/robust_ossm_ekf/profile1d_cubic__robust_ossm_ekf/trials/trial_00080/trial_manifest.json,/home/gongjae/Projects/resPyre/robust_ossm_ekf/profile1d_cubic__robust_ossm_ekf/trials/trial_00080/metrics_summary.json,"{""oscillator.g_z_eff_floor_ratio"": 0.30784767001172747, ""oscillator.post_smooth_alpha"": 0.9645452040981026, ""oscillator.qf"": 0.0019469468079342412, ""oscillator.qx"": 0.0006583832699563317, ""oscillator.rv"": 0.03653008527670461, ""oscillator.rv_auto"": true, ""oscillator.rv_mad_scale"": 0.7212150739914571, ""oscillator.spec_guidance_strength"": 0.9159469450465422, ""oscillator.student_t_nu"": 12.795394636597678, ""oscillator.tau_env"": 68.62013028108512, ""trust.alpha_R_max"": 2.416830102753484, ""trust.beta_1"": 0.7382985533687857, ""trust.beta_2"": 0.8001303871650655, ""trust.g_z_floor"": 0.11137106194676624, ""trust.gate_bias"": 0.3041772575323768, ""trust.w_gate_nis"": 0.3326875575427736}",0.4,0.327115961659359,0.24,0.012136945864740921,0.0,0.003718355503125466,0.0,0.06136343572384502,0.5962352291949617,0.3510003131513703,1.870489493748936,0.176124543872949,0.0,97.59972981563891,1.0,0.0,0.6477509122541019
2026-02-27T16:20:18.961480Z,profile1d_cubic__robust_ossm_ekf,robust_ossm_ekf,81,0.9726029467452897,0.9726029467452897,pruned,5.0311055183410645,subject_kfold,1,raw,debug_stage,,/home/gongjae/Projects/resPyre/robust_ossm_ekf/profile1d_cubic__robust_ossm_ekf/trials/trial_00081,640336f8cf7a2e74,/home/gongjae/Projects/resPyre/robust_ossm_ekf/profile1d_cubic__robust_ossm_ekf/trials/trial_00081/trial_manifest.json,/home/gongjae/Projects/resPyre/robust_ossm_ekf/profile1d_cubic__robust_ossm_ekf/trials/trial_00081/metrics_summary.json,"{""oscillator.g_z_eff_floor_ratio"": 0.31552708007117647, ""oscillator.post_smooth_alpha"": 0.9482490235061457, ""oscillator.qf"": 0.0020458595643589963, ""oscillator.qx"": 0.001427505165492941, ""oscillator.rv"": 0.038263173843403255, ""oscillator.rv_auto"": true, ""oscillator.rv_mad_scale"": 0.7017105091836423, ""oscillator.spec_guidance_strength"": 1.087961479924546, ""oscillator.student_t_nu"": 13.044405106869437, ""oscillator.tau_env"": 70.96347140318642, ""trust.alpha_R_max"": 3.2217743431802366, ""trust.beta_1"": 0.7780065460501888, ""trust.beta_2"": 0.5063636462869245, ""trust.g_z_floor"": 0.18540112512963686, ""trust.gate_bias"": 0.2500869397813691, ""trust.w_gate_nis"": 0.4278035548976355}",0.36,0.344540550628701,0.33,0.053112033195020746,0.053112033195020746,0.0,0.0,0.0,0.5997522051086589,0.4853752054837968,1.6465613114772697,0.028702492065374792,0.0,98.34024896265561,1.0,0.0,nan
2026-02-27T16:29:30.363232Z,profile1d_cubic__robust_ossm_ekf,robust_ossm_ekf,82,0.487295861408203,0.487295861408203,pruned,551.2952077388763,subject_kfold,32,raw,full_objective,/home/gongjae/Projects/resPyre/robust_ossm_ekf/profile1d_cubic__robust_ossm_ekf/trials/trial_00082/run_workspace/results/trial_00082,/home/gongjae/Projects/resPyre/robust_ossm_ekf/profile1d_cubic__robust_ossm_ekf/trials/trial_00082,5368c94fef49114e,/home/gongjae/Projects/resPyre/robust_ossm_ekf/profile1d_cubic__robust_ossm_ekf/trials/trial_00082/trial_manifest.json,/home/gongjae/Projects/resPyre/robust_ossm_ekf/profile1d_cubic__robust_ossm_ekf/trials/trial_00082/metrics_summary.json,"{""oscillator.g_z_eff_floor_ratio"": 0.23411421379693753, ""oscillator.post_smooth_alpha"": 0.9395404447437348, ""oscillator.qf"": 0.003874662656388751, ""oscillator.qx"": 0.0004568840953339492, ""oscillator.rv"": 0.039058124351589577, ""oscillator.rv_auto"": true, ""oscillator.rv_mad_scale"": 0.6854809472175364, ""oscillator.spec_guidance_strength"": 0.9892125700853726, ""oscillator.student_t_nu"": 13.209621043487262, ""oscillator.tau_env"": 71.12019697320076, ""trust.alpha_R_max"": 2.5946013384314903, ""trust.beta_1"": 0.6339194388482365, ""trust.beta_2"": 1.153749378634639, ""trust.g_z_floor"": 0.11462161708273119, ""trust.gate_bias"": 0.3254671874324728, ""trust.w_gate_nis"": 0.23385461464718937}",0.475,0.33040380254841195,0.235,0.04351674566903742,0.0024803642105694895,0.04227605087995553,0.0,0.1257158885268282,0.6395247716180459,0.3553604392295805,1.7797203156445098,0.22855847218040967,0.0,98.06288759184949,1.0,0.0,0.5428830556391806
2026-02-27T16:38:42.265543Z,profile1d_cubic__robust_ossm_ekf,robust_ossm_ekf,83,3.4204894498585663,3.4204894498585663,pruned,551.7538132667542,subject_kfold,32,raw,full_objective,/home/gongjae/Projects/resPyre/robust_ossm_ekf/profile1d_cubic__robust_ossm_ekf/trials/trial_00083/run_workspace/results/trial_00083,/home/gongjae/Projects/resPyre/robust_ossm_ekf/profile1d_cubic__robust_ossm_ekf/trials/trial_00083,22593016530a13aa,/home/gongjae/Projects/resPyre/robust_ossm_ekf/profile1d_cubic__robust_ossm_ekf/trials/trial_00083/trial_manifest.json,/home/gongjae/Projects/resPyre/robust_ossm_ekf/profile1d_cubic__robust_ossm_ekf/trials/trial_00083/metrics_summary.json,"{""oscillator.g_z_eff_floor_ratio"": 0.2105807205388382, ""oscillator.post_smooth_alpha"": 0.9490659366589812, ""oscillator.qf"": 0.0008069661122576316, ""oscillator.qx"": 0.00044310620080259235, ""oscillator.rv"": 0.02237317495000908, ""oscillator.rv_auto"": true, ""oscillator.rv_mad_scale"": 0.6638935076807753, ""oscillator.spec_guidance_strength"": 0.8951812362969299, ""oscillator.student_t_nu"": 13.430709563555512, ""oscillator.tau_env"": 57.80371326649792, ""trust.alpha_R_max"": 3.8941308581157466, ""trust.beta_1"": 0.8396082606247097, ""trust.beta_2"": 1.1257381622388498, ""trust.g_z_floor"": 0.14980105002037047, ""trust.gate_bias"": 0.35663003858683295, ""trust.w_gate_nis"": 0.4338726594075863}",0.5549999999999999,0.37457728134419715,0.73,0.04877058891869249,0.03671676494558704,0.013500487965626942,0.0,0.0,0.6046898417539542,0.3101596651651528,2.0068973415180795,0.21042429308735017,0.0,88.20218113208568,1.0,0.0,23.118584933069187
2026-02-27T16:47:54.192833Z,profile1d_cubic__robust_ossm_ekf,robust_ossm_ekf,84,4.667027700239783,4.667027700239783,pruned,551.7953526973724,subject_kfold,32,raw,full_objective,/home/gongjae/Projects/resPyre/robust_ossm_ekf/profile1d_cubic__robust_ossm_ekf/trials/trial_00084/run_workspace/results/trial_00084,/home/gongjae/Projects/resPyre/robust_ossm_ekf/profile1d_cubic__robust_ossm_ekf/trials/trial_00084,ac628c09fab8371e,/home/gongjae/Projects/resPyre/robust_ossm_ekf/profile1d_cubic__robust_ossm_ekf/trials/trial_00084/trial_manifest.json,/home/gongjae/Projects/resPyre/robust_ossm_ekf/profile1d_cubic__robust_ossm_ekf/trials/trial_00084/metrics_summary.json,"{""oscillator.g_z_eff_floor_ratio"": 0.36091763601250304, ""oscillator.post_smooth_alpha"": 0.9699882015528216, ""oscillator.qf"": 0.0022470790417801873, ""oscillator.qx"": 0.0008965513820200358, ""oscillator.rv"": 0.017916166546800054, ""oscillator.rv_auto"": true, ""oscillator.rv_mad_scale"": 0.8251438038892009, ""oscillator.spec_guidance_strength"": 0.6094265678695876, ""oscillator.student_t_nu"": 13.443327193229441, ""oscillator.tau_env"": 56.75735756201196, ""trust.alpha_R_max"": 2.811778567364767, ""trust.beta_1"": 0.720477234810314, ""trust.beta_2"": 0.7037023368308751, ""trust.g_z_floor"": 0.1374215038091593, ""trust.gate_bias"": 0.24574396038524912, ""trust.w_gate_nis"": 0.399882584852999}",0.53,0.3867574126796087,0.9550000000000001,0.026658836196349043,0.0068354061406918,0.025801328018138784,0.0,0.02982918559505753,0.6168246799099175,0.3162418864628803,1.780209065177842,0.20602526027041806,0.0,96.31369603112691,1.0,0.0,33.177595944105626
2026-02-27T16:57:08.270888Z,profile1d_cubic__robust_ossm_ekf,robust_ossm_ekf,85,0.42601451138083724,0.42601451138083724,completed,553.9574751853943,subject_kfold,32,raw,,/home/gongjae/Projects/resPyre/robust_ossm_ekf/profile1d_cubic__robust_ossm_ekf/trials/trial_00085/run_workspace/results/trial_00085,/home/gongjae/Projects/resPyre/robust_ossm_ekf/profile1d_cubic__robust_ossm_ekf/trials/trial_00085,112ac085d3bc450f,/home/gongjae/Projects/resPyre/robust_ossm_ekf/profile1d_cubic__robust_ossm_ekf/trials/trial_00085/trial_manifest.json,/home/gongjae/Projects/resPyre/robust_ossm_ekf/profile1d_cubic__robust_ossm_ekf/trials/trial_00085/metrics_summary.json,"{""oscillator.g_z_eff_floor_ratio"": 0.2643125162328249, ""oscillator.post_smooth_alpha"": 0.9000303208701276, ""oscillator.qf"": 0.0032959722181875803, ""oscillator.qx"": 0.0010646165020647429, ""oscillator.rv"": 0.049586239764144724, ""oscillator.rv_auto"": true, ""oscillator.rv_mad_scale"": 0.7046271336096364, ""oscillator.spec_guidance_strength"": 0.8022546313378047, ""oscillator.student_t_nu"": 13.507053779425021, ""oscillator.tau_env"": 70.6981752962482, ""trust.alpha_R_max"": 2.491062793325093, ""trust.beta_1"": 0.8733436231497087, ""trust.beta_2"": 1.0360607694893256, ""trust.g_z_floor"": 0.2060437106503315, ""trust.gate_bias"": 0.43239280715252953, ""trust.w_gate_nis"": 0.44496714541875687}",0.39,0.32157723391143156,0.20500000000000002,0.02722181223973433,0.0,0.02032917640738406,0.0,0.06089584528719736,0.5696887189824825,0.3364950699761411,2.027507647392781,0.16616399962019612,0.0,98.51849342907465,1.0,0.0,0.6814258244559983
2026-02-27T17:06:19.937955Z,profile1d_cubic__robust_ossm_ekf,robust_ossm_ekf,86,0.8399055906606282,0.8399055906606282,pruned,551.5385053157806,subject_kfold,32,raw,full_objective,/home/gongjae/Projects/resPyre/robust_ossm_ekf/profile1d_cubic__robust_ossm_ekf/trials/trial_00086/run_workspace/results/trial_00086,/home/gongjae/Projects/resPyre/robust_ossm_ekf/profile1d_cubic__robust_ossm_ekf/trials/trial_00086,aacb1adb926cd0b4,/home/gongjae/Projects/resPyre/robust_ossm_ekf/profile1d_cubic__robust_ossm_ekf/trials/trial_00086/trial_manifest.json,/home/gongjae/Projects/resPyre/robust_ossm_ekf/profile1d_cubic__robust_ossm_ekf/trials/trial_00086/metrics_summary.json,"{""oscillator.g_z_eff_floor_ratio"": 0.38929596006220857, ""oscillator.post_smooth_alpha"": 0.9255776896306995, ""oscillator.qf"": 0.0036756749786720695, ""oscillator.qx"": 0.0008873562985427868, ""oscillator.rv"": 0.03578716076508374, ""oscillator.rv_auto"": true, ""oscillator.rv_mad_scale"": 0.7014737132520535, ""oscillator.spec_guidance_strength"": 0.669765028360775, ""oscillator.student_t_nu"": 13.854467001410072, ""oscillator.tau_env"": 66.07910956597799, ""trust.alpha_R_max"": 2.46210453236293, ""trust.beta_1"": 0.8825300771849154, ""trust.beta_2"": 0.8076106218187005, ""trust.g_z_floor"": 0.3819716520997224, ""trust.gate_bias"": 0.3661705646207779, ""trust.w_gate_nis"": 0.40443434625787816}",0.46499999999999997,0.3345208729539809,0.30000000000000004,0.028932355338223307,0.0,0.02364452084754258,0.0,0.01932384851422339,0.580755236456433,0.34490794134643155,1.845575534416981,0.15706805592352113,0.0,98.442508581809,1.0,0.0,3.3222275245165953
2026-02-27T17:15:31.775676Z,profile1d_cubic__robust_ossm_ekf,robust_ossm_ekf,87,0.46055668046634507,0.46055668046634507,completed,551.7120306491852,subject_kfold,32,raw,,/home/gongjae/Projects/resPyre/robust_ossm_ekf/profile1d_cubic__robust_ossm_ekf/trials/trial_00087/run_workspace/results/trial_00087,/home/gongjae/Projects/resPyre/robust_ossm_ekf/profile1d_cubic__robust_ossm_ekf/trials/trial_00087,0cf107b1ed89007b,/home/gongjae/Projects/resPyre/robust_ossm_ekf/profile1d_cubic__robust_ossm_ekf/trials/trial_00087/trial_manifest.json,/home/gongjae/Projects/resPyre/robust_ossm_ekf/profile1d_cubic__robust_ossm_ekf/trials/trial_00087/metrics_summary.json,"{""oscillator.g_z_eff_floor_ratio"": 0.2370083163464195, ""oscillator.post_smooth_alpha"": 0.8979707507236397, ""oscillator.qf"": 0.0036553797240898235, ""oscillator.qx"": 0.001756107164803499, ""oscillator.rv"": 0.043119636324016705, ""oscillator.rv_auto"": true, ""oscillator.rv_mad_scale"": 0.6936800820392355, ""oscillator.spec_guidance_strength"": 0.7331075110408787, ""oscillator.student_t_nu"": 12.48824116243104, ""oscillator.tau_env"": 61.66465290456484, ""trust.alpha_R_max"": 2.950364933334806, ""trust.beta_1"": 0.9405005665223198, ""trust.beta_2"": 0.998959251951257, ""trust.g_z_floor"": 0.25417445985233356, ""trust.gate_bias"": 0.4506497698108833, ""trust.w_gate_nis"": 0.4128749439205026}",0.45,0.333438678792388,0.17,0.026366774693532477,0.002869613519518643,0.0028184238122126322,0.0,0.016886248053750313,0.621658184649128,0.3520203443775046,1.7954593717712726,0.13012001185935196,0.0,98.56026066132449,1.0,0.0,0.7397599762812961
2026-02-27T17:24:41.778596Z,profile1d_cubic__robust_ossm_ekf,robust_ossm_ekf,88,2.5656962778950145,2.5656962778950145,pruned,549.8804831504822,subject_kfold,32,raw,full_objective,/home/gongjae/Projects/resPyre/robust_ossm_ekf/profile1d_cubic__robust_ossm_ekf/trials/trial_00088/run_workspace/results/trial_00088,/home/gongjae/Projects/resPyre/robust_ossm_ekf/profile1d_cubic__robust_ossm_ekf/trials/trial_00088,05aec3dee8fc7a48,/home/gongjae/Projects/resPyre/robust_ossm_ekf/profile1d_cubic__robust_ossm_ekf/trials/trial_00088/trial_manifest.json,/home/gongjae/Projects/resPyre/robust_ossm_ekf/profile1d_cubic__robust_ossm_ekf/trials/trial_00088/metrics_summary.json,"{""oscillator.g_z_eff_floor_ratio"": 0.25760805310794127, ""oscillator.post_smooth_alpha"": 0.7896353215020135, ""oscillator.qf"": 0.002049686168915918, ""oscillator.qx"": 0.0010358245372085013, ""oscillator.rv"": 0.049096468726738854, ""oscillator.rv_auto"": true, ""oscillator.rv_mad_scale"": 0.8494488934428571, ""oscillator.spec_guidance_strength"": 1.0064260353771701, ""oscillator.student_t_nu"": 6.1125485667613795, ""oscillator.tau_env"": 42.876899946829354, ""trust.alpha_R_max"": 6.6411563247859995, ""trust.beta_1"": 1.2324145595240743, ""trust.beta_2"": 0.5580997841993992, ""trust.g_z_floor"": 0.21794804800725065, ""trust.gate_bias"": 0.7039419070669795, ""trust.w_gate_nis"": 0.40297151247084834}",0.56,0.3800527666497452,0.5800000000000001,0.04946503774454056,0.010694177794076408,0.038865968813472714,0.0,0.008197388853342378,0.545984493408207,0.2884325746768477,1.8778960172062957,0.18642414125453483,0.0,95.44499850496274,1.0,0.0,16.379676970016188
2026-02-27T17:33:59.084108Z,profile1d_cubic__robust_ossm_ekf,robust_ossm_ekf,89,2.1042856868213655,2.1042856868213655,pruned,557.1827399730682,subject_kfold,32,raw,full_objective,/home/gongjae/Projects/resPyre/robust_ossm_ekf/profile1d_cubic__robust_ossm_ekf/trials/trial_00089/run_workspace/results/trial_00089,/home/gongjae/Projects/resPyre/robust_ossm_ekf/profile1d_cubic__robust_ossm_ekf/trials/trial_00089,0b31b9ff8d5c9912,/home/gongjae/Projects/resPyre/robust_ossm_ekf/profile1d_cubic__robust_ossm_ekf/trials/trial_00089/trial_manifest.json,/home/gongjae/Projects/resPyre/robust_ossm_ekf/profile1d_cubic__robust_ossm_ekf/trials/trial_00089/metrics_summary.json,"{""oscillator.g_z_eff_floor_ratio"": 0.27335305349112554, ""oscillator.post_smooth_alpha"": 0.8779066059685604, ""oscillator.qf"": 0.002335263636273592, ""oscillator.qx"": 0.0012055844505812065, ""oscillator.rv"": 0.06382858513781117, ""oscillator.rv_auto"": true, ""oscillator.rv_mad_scale"": 0.853315140529986, ""oscillator.spec_guidance_strength"": 0.9252715558438697, ""oscillator.student_t_nu"": 11.24912740315115, ""oscillator.tau_env"": 66.4568896340227, ""trust.alpha_R_max"": 2.0306100307951764, ""trust.beta_1"": 0.8166764437164823, ""trust.beta_2"": 1.1787102593949306, ""trust.g_z_floor"": 0.19662461503332712, ""trust.gate_bias"": 0.4276378387402679, ""trust.w_gate_nis"": 0.3996609900316825}",0.53,0.385305075435222,0.505,0.02854880827636678,0.005697707675684838,0.023596419853539462,0.0,0.014317758460227314,0.5868703447963475,0.29240634379754404,1.8924264879252082,0.2098699577335767,0.0,95.9514859437751,1.0,0.0,12.715361094633858
2026-02-27T17:43:10.980794Z,profile1d_cubic__robust_ossm_ekf,robust_ossm_ekf,90,0.7546390030167365,0.7546390030167365,pruned,551.7659182548523,subject_kfold,32,raw,full_objective,/home/gongjae/Projects/resPyre/robust_ossm_ekf/profile1d_cubic__robust_ossm_ekf/trials/trial_00090/run_workspace/results/trial_00090,/home/gongjae/Projects/resPyre/robust_ossm_ekf/profile1d_cubic__robust_ossm_ekf/trials/trial_00090,b9728d2673875557,/home/gongjae/Projects/resPyre/robust_ossm_ekf/profile1d_cubic__robust_ossm_ekf/trials/trial_00090/trial_manifest.json,/home/gongjae/Projects/resPyre/robust_ossm_ekf/profile1d_cubic__robust_ossm_ekf/trials/trial_00090/metrics_summary.json,"{""oscillator.g_z_eff_floor_ratio"": 0.3711017597697358, ""oscillator.post_smooth_alpha"": 0.8650533670257463, ""oscillator.qf"": 0.0008164033127816623, ""oscillator.qx"": 0.0005270923111290786, ""oscillator.rv"": 0.022326731195670305, ""oscillator.rv_auto"": true, ""oscillator.rv_mad_scale"": 1.0255870670467087, ""oscillator.spec_guidance_strength"": 0.9040462193717455, ""oscillator.student_t_nu"": 6.026588286577311, ""oscillator.tau_env"": 54.55633661353804, ""trust.alpha_R_max"": 6.403609890144658, ""trust.beta_1"": 1.1884873580587023, ""trust.beta_2"": 0.3465531322784867, ""trust.g_z_floor"": 0.3793414183702083, ""trust.gate_bias"": 0.2341372862959093, ""trust.w_gate_nis"": 0.2794299785717582}",0.405,0.3337789114630376,0.295,0.025272829401380197,0.010058603879265637,0.0,0.0,0.028756744701423816,0.610114690574122,0.36473749896727814,1.806140792460763,0.1733942725569204,0.0,94.70828572187824,1.0,0.0,3.0623023639770675
2026-02-27T17:43:16.269409Z,profile1d_cubic__robust_ossm_ekf,robust_ossm_ekf,91,0.9889631720028574,0.9889631720028574,pruned,5.162344932556152,subject_kfold,1,raw,debug_stage,,/home/gongjae/Projects/resPyre/robust_ossm_ekf/profile1d_cubic__robust_ossm_ekf/trials/trial_00091,57d6d68ac2c6eacd,/home/gongjae/Projects/resPyre/robust_ossm_ekf/profile1d_cubic__robust_ossm_ekf/trials/trial_00091/trial_manifest.json,/home/gongjae/Projects/resPyre/robust_ossm_ekf/profile1d_cubic__robust_ossm_ekf/trials/trial_00091/metrics_summary.json,"{""oscillator.g_z_eff_floor_ratio"": 0.2423346331500691, ""oscillator.post_smooth_alpha"": 0.9121326558092233, ""oscillator.qf"": 0.0017541694201121897, ""oscillator.qx"": 0.0007972772276343756, ""oscillator.rv"": 0.05158335232874226, ""oscillator.rv_auto"": false, ""oscillator.rv_mad_scale"": 0.8185042636320127, ""oscillator.spec_guidance_strength"": 0.7870036488344926, ""oscillator.student_t_nu"": 8.284303432380819, ""oscillator.tau_env"": 32.68417709120057, ""trust.alpha_R_max"": 3.1103674167427116, ""trust.beta_1"": 1.0930734249715575, ""trust.beta_2"": 0.39199656760565893, ""trust.g_z_floor"": 0.2937376513597932, ""trust.gate_bias"": 0.6485708545726052, ""trust.w_gate_nis"": 0.19567213046741502}",0.37,0.34588450785269886,0.34,0.011618257261410789,0.011618257261410789,0.0,0.0,0.0,0.5172891138045135,0.42186618200139897,1.6551497480140154,0.14347584674215225,0.0,97.01244813278008,1.0,0.0,nan
2026-02-27T17:43:21.403962Z,profile1d_cubic__robust_ossm_ekf,robust_ossm_ekf,92,0.9743969183186076,0.9743969183186076,pruned,5.030458927154541,subject_kfold,1,raw,debug_stage,,/home/gongjae/Projects/resPyre/robust_ossm_ekf/profile1d_cubic__robust_ossm_ekf/trials/trial_00092,267ce2c147659440,/home/gongjae/Projects/resPyre/robust_ossm_ekf/profile1d_cubic__robust_ossm_ekf/trials/trial_00092/trial_manifest.json,/home/gongjae/Projects/resPyre/robust_ossm_ekf/profile1d_cubic__robust_ossm_ekf/trials/trial_00092/metrics_summary.json,"{""oscillator.g_z_eff_floor_ratio"": 0.47892666455740246, ""oscillator.post_smooth_alpha"": 0.7114669459044546, ""oscillator.qf"": 0.0009062980027353927, ""oscillator.qx"": 0.001233182039667944, ""oscillator.rv"": 0.026023773377796027, ""oscillator.rv_auto"": false, ""oscillator.rv_mad_scale"": 1.028686661798716, ""oscillator.spec_guidance_strength"": 0.7491275832375424, ""oscillator.student_t_nu"": 6.719200820976546, ""oscillator.tau_env"": 38.407798343694395, ""trust.alpha_R_max"": 2.129621587772176, ""trust.beta_1"": 0.6346034994948789, ""trust.beta_2"": 0.5712337830319654, ""trust.g_z_floor"": 0.3305821257413892, ""trust.gate_bias"": 0.6446074600953515, ""trust.w_gate_nis"": 0.18216192800600015}",0.37,0.33965134000170155,0.34,0.012448132780082987,0.012448132780082987,0.0,0.0,0.0,0.5170973313772184,0.43565929451947294,1.647377474124045,0.1788850922405473,0.0,95.02074688796681,1.0,0.0,nan
2026-02-27T17:52:31.328018Z,profile1d_cubic__robust_ossm_ekf,robust_ossm_ekf,93,2.6006452208577535,2.6006452208577535,pruned,549.8144352436066,subject_kfold,32,raw,full_objective,/home/gongjae/Projects/resPyre/robust_ossm_ekf/profile1d_cubic__robust_ossm_ekf/trials/trial_00093/run_workspace/results/trial_00093,/home/gongjae/Projects/resPyre/robust_ossm_ekf/profile1d_cubic__robust_ossm_ekf/trials/trial_00093,432def74bb5ff8c9,/home/gongjae/Projects/resPyre/robust_ossm_ekf/profile1d_cubic__robust_ossm_ekf/trials/trial_00093/trial_manifest.json,/home/gongjae/Projects/resPyre/robust_ossm_ekf/profile1d_cubic__robust_ossm_ekf/trials/trial_00093/metrics_summary.json,"{""oscillator.g_z_eff_floor_ratio"": 0.28143783781768406, ""oscillator.post_smooth_alpha"": 0.9689729601772037, ""oscillator.qf"": 0.0011751854235092043, ""oscillator.qx"": 0.0008747693755212886, ""oscillator.rv"": 0.053464558805402664, ""oscillator.rv_auto"": true, ""oscillator.rv_mad_scale"": 0.7323171618648111, ""oscillator.spec_guidance_strength"": 0.758964042330988, ""oscillator.student_t_nu"": 11.191722838635364, ""oscillator.tau_env"": 50.128448331087526, ""trust.alpha_R_max"": 2.117713653617002, ""trust.beta_1"": 0.7823164783471925, ""trust.beta_2"": 0.6426649139010626, ""trust.g_z_floor"": 0.1901984592299233, ""trust.gate_bias"": 0.4052516134056568, ""trust.w_gate_nis"": 0.24909151926696377}",0.55,0.37439571592283194,0.5900000000000001,0.03722086913688359,0.028490311892393552,0.01708098268847177,0.0,0.004667235957994907,0.6061231198657544,0.3192549389323872,1.7108533386613174,0.19000682892114737,0.0,92.08250410380282,1.0,0.0,16.757612604783972
2026-02-27T18:01:41.707801Z,profile1d_cubic__robust_ossm_ekf,robust_ossm_ekf,94,2.5771882414986935,2.5771882414986935,pruned,550.2572593688965,subject_kfold,32,raw,full_objective,/home/gongjae/Projects/resPyre/robust_ossm_ekf/profile1d_cubic__robust_ossm_ekf/trials/trial_00094/run_workspace/results/trial_00094,/home/gongjae/Projects/resPyre/robust_ossm_ekf/profile1d_cubic__robust_ossm_ekf/trials/trial_00094,b5219e10f04240e2,/home/gongjae/Projects/resPyre/robust_ossm_ekf/profile1d_cubic__robust_ossm_ekf/trials/trial_00094/trial_manifest.json,/home/gongjae/Projects/resPyre/robust_ossm_ekf/profile1d_cubic__robust_ossm_ekf/trials/trial_00094/metrics_summary.json,"{""oscillator.g_z_eff_floor_ratio"": 0.48945165315026196, ""oscillator.post_smooth_alpha"": 0.8641542814419705, ""oscillator.qf"": 0.0007143338983978135, ""oscillator.qx"": 0.0005597527994578423, ""oscillator.rv"": 0.031046838396216574, ""oscillator.rv_auto"": true, ""oscillator.rv_mad_scale"": 0.7117430105726612, ""oscillator.spec_guidance_strength"": 0.8489561744554881, ""oscillator.student_t_nu"": 11.071029682798942, ""oscillator.tau_env"": 67.12740879407232, ""trust.alpha_R_max"": 3.583937951445478, ""trust.beta_1"": 0.8218260735686498, ""trust.beta_2"": 0.6739805684825708, ""trust.g_z_floor"": 0.16196203619175598, ""trust.gate_bias"": 0.23943549227579847, ""trust.w_gate_nis"": 0.21999132368812319}",0.525,0.38777368332987633,0.595,0.03847102043653096,0.020946363507615456,0.0,0.0,0.001583540268358608,0.6275532458911796,0.3695910310799598,1.7985540971049692,0.23065371359810152,0.0,85.91862175932972,1.0,0.0,16.729980451591672
2026-02-27T18:10:52.076597Z,profile1d_cubic__robust_ossm_ekf,robust_ossm_ekf,95,0.4240295922847931,0.4240295922847931,completed,550.2386152744293,subject_kfold,32,raw,,/home/gongjae/Projects/resPyre/robust_ossm_ekf/profile1d_cubic__robust_ossm_ekf/trials/trial_00095/run_workspace/results/trial_00095,/home/gongjae/Projects/resPyre/robust_ossm_ekf/profile1d_cubic__robust_ossm_ekf/trials/trial_00095,4b0626509aa6b3c7,/home/gongjae/Projects/resPyre/robust_ossm_ekf/profile1d_cubic__robust_ossm_ekf/trials/trial_00095/trial_manifest.json,/home/gongjae/Projects/resPyre/robust_ossm_ekf/profile1d_cubic__robust_ossm_ekf/trials/trial_00095/metrics_summary.json,"{""oscillator.g_z_eff_floor_ratio"": 0.26672671935639536, ""oscillator.post_smooth_alpha"": 0.9620242567272487, ""oscillator.qf"": 0.0020459970595846015, ""oscillator.qx"": 0.0004184522446237706, ""oscillator.rv"": 0.03154226092725307, ""oscillator.rv_auto"": true, ""oscillator.rv_mad_scale"": 0.8735565048437572, ""oscillator.spec_guidance_strength"": 1.0656751074003203, ""oscillator.student_t_nu"": 13.603278826155199, ""oscillator.tau_env"": 71.27135066193976, ""trust.alpha_R_max"": 2.644560181231806, ""trust.beta_1"": 1.1970255756319865, ""trust.beta_2"": 0.7252260640753528, ""trust.g_z_floor"": 0.10452228448944452, ""trust.gate_bias"": 0.28967956595413946, ""trust.w_gate_nis"": 0.3435240394402543}",0.405,0.3232972779937158,0.2,0.017257193503174208,0.0,0.005353970901300357,0.0,0.07048204187386765,0.5969450340515284,0.34656257124126166,1.9846769942308444,0.1826432872549024,0.0,97.43462720904914,1.0,0.0,0.6347134254901952
2026-02-27T18:20:01.091740Z,profile1d_cubic__robust_ossm_ekf,robust_ossm_ekf,96,0.912340240886219,0.912340240886219,pruned,548.8858134746552,subject_kfold,32,raw,full_objective,/home/gongjae/Projects/resPyre/robust_ossm_ekf/profile1d_cubic__robust_ossm_ekf/trials/trial_00096/run_workspace/results/trial_00096,/home/gongjae/Projects/resPyre/robust_ossm_ekf/profile1d_cubic__robust_ossm_ekf/trials/trial_00096,ddf96e6437363bdf,/home/gongjae/Projects/resPyre/robust_ossm_ekf/profile1d_cubic__robust_ossm_ekf/trials/trial_00096/trial_manifest.json,/home/gongjae/Projects/resPyre/robust_ossm_ekf/profile1d_cubic__robust_ossm_ekf/trials/trial_00096/metrics_summary.json,"{""oscillator.g_z_eff_floor_ratio"": 0.19897898496124392, ""oscillator.post_smooth_alpha"": 0.9554963826749863, ""oscillator.qf"": 0.0017829671721995503, ""oscillator.qx"": 0.00044366684088512315, ""oscillator.rv"": 0.022201374188596277, ""oscillator.rv_auto"": true, ""oscillator.rv_mad_scale"": 0.9076835251371331, ""oscillator.spec_guidance_strength"": 0.8679155399067962, ""oscillator.student_t_nu"": 12.023958489069049, ""oscillator.tau_env"": 67.4502873614105, ""trust.alpha_R_max"": 2.1521806239858523, ""trust.beta_1"": 1.1916033833923052, ""trust.beta_2"": 0.6670029425970986, ""trust.g_z_floor"": 0.16966667407203584, ""trust.gate_bias"": 0.2857499510753837, ""trust.w_gate_nis"": 0.26066470443958223}",0.45999999999999996,0.33607986928096567,0.315,0.015612328886246387,0.008437874596441151,0.0004078303425774878,0.0,0.004720904623395994,0.5973918405835015,0.33586217588438205,1.8238174101765732,0.17034075226661433,0.0,96.18146187140687,1.0,0.0,3.9775003136485894
2026-02-27T18:20:06.367119Z,profile1d_cubic__robust_ossm_ekf,robust_ossm_ekf,97,0.9628953505586758,0.9628953505586758,pruned,5.141537427902222,subject_kfold,1,raw,debug_stage,,/home/gongjae/Projects/resPyre/robust_ossm_ekf/profile1d_cubic__robust_ossm_ekf/trials/trial_00097,331fbec6eebf2fef,/home/gongjae/Projects/resPyre/robust_ossm_ekf/profile1d_cubic__robust_ossm_ekf/trials/trial_00097/trial_manifest.json,/home/gongjae/Projects/resPyre/robust_ossm_ekf/profile1d_cubic__robust_ossm_ekf/trials/trial_00097/metrics_summary.json,"{""oscillator.g_z_eff_floor_ratio"": 0.3095729112453528, ""oscillator.post_smooth_alpha"": 0.9171012782795329, ""oscillator.qf"": 0.004637756929627977, ""oscillator.qx"": 0.00041902077040576537, ""oscillator.rv"": 0.05248778189471892, ""oscillator.rv_auto"": false, ""oscillator.rv_mad_scale"": 0.8675779498103724, ""oscillator.spec_guidance_strength"": 1.0441615707856002, ""oscillator.student_t_nu"": 12.375533751527199, ""oscillator.tau_env"": 71.16303945710784, ""trust.alpha_R_max"": 2.5281456872125405, ""trust.beta_1"": 1.207536954120707, ""trust.beta_2"": 0.7993001280404379, ""trust.g_z_floor"": 0.2727496470782989, ""trust.gate_bias"": 0.3031151472733439, ""trust.w_gate_nis"": 0.3890494629347144}",0.39,0.3673113691037574,0.34,0.0,0.0,0.0,0.0,0.0,0.5702026120145893,0.46343515055992957,1.952642991371528,0.2891812887094956,0.0,98.25726141078839,1.0,0.0,nan
2026-02-27T18:29:16.363663Z,profile1d_cubic__robust_ossm_ekf,robust_ossm_ekf,98,3.9341914270389715,3.9341914270389715,pruned,549.8910677433014,subject_kfold,32,raw,full_objective,/home/gongjae/Projects/resPyre/robust_ossm_ekf/profile1d_cubic__robust_ossm_ekf/trials/trial_00098/run_workspace/results/trial_00098,/home/gongjae/Projects/resPyre/robust_ossm_ekf/profile1d_cubic__robust_ossm_ekf/trials/trial_00098,1a06f5ea634643e7,/home/gongjae/Projects/resPyre/robust_ossm_ekf/profile1d_cubic__robust_ossm_ekf/trials/trial_00098/trial_manifest.json,/home/gongjae/Projects/resPyre/robust_ossm_ekf/profile1d_cubic__robust_ossm_ekf/trials/trial_00098/metrics_summary.json,"{""oscillator.g_z_eff_floor_ratio"": 0.2936661988342343, ""oscillator.post_smooth_alpha"": 0.9156880468596211, ""oscillator.qf"": 0.0010247426926584024, ""oscillator.qx"": 0.00040270938767049576, ""oscillator.rv"": 0.0280317715748976, ""oscillator.rv_auto"": true, ""oscillator.rv_mad_scale"": 0.9245052979400463, ""oscillator.spec_guidance_strength"": 1.1993101020245618, ""oscillator.student_t_nu"": 9.761967659739476, ""oscillator.tau_env"": 69.05383511878172, ""trust.alpha_R_max"": 3.16303693306732, ""trust.beta_1"": 1.3716636616890017, ""trust.beta_2"": 0.9602447445351513, ""trust.g_z_floor"": 0.1497904284118681, ""trust.gate_bias"": 0.320956063068328, ""trust.w_gate_nis"": 0.35086299973461404}",0.5549999999999999,0.36438895216980316,0.8200000000000001,0.0450548053203123,0.03082662424793317,0.015085303801257109,0.0,0.002937406268271716,0.6136092450190895,0.3214062122777085,2.108846300267543,0.212902048790904,0.0,88.78599110772961,1.0,0.0,27.255512991945903
2026-02-27T18:38:27.619197Z,profile1d_cubic__robust_ossm_ekf,robust_ossm_ekf,99,3.1017325837383516,3.1017325837383516,pruned,551.1275112628937,subject_kfold,32,raw,full_objective,/home/gongjae/Projects/resPyre/robust_ossm_ekf/profile1d_cubic__robust_ossm_ekf/trials/trial_00099/run_workspace/results/trial_00099,/home/gongjae/Projects/resPyre/robust_ossm_ekf/profile1d_cubic__robust_ossm_ekf/trials/trial_00099,3c0bafea0d590977,/home/gongjae/Projects/resPyre/robust_ossm_ekf/profile1d_cubic__robust_ossm_ekf/trials/trial_00099/trial_manifest.json,/home/gongjae/Projects/resPyre/robust_ossm_ekf/profile1d_cubic__robust_ossm_ekf/trials/trial_00099/metrics_summary.json,"{""oscillator.g_z_eff_floor_ratio"": 0.21548874802953316, ""oscillator.post_smooth_alpha"": 0.9221651188268393, ""oscillator.qf"": 0.003500699468539962, ""oscillator.qx"": 0.0004736073450183652, ""oscillator.rv"": 0.03300691555466928, ""oscillator.rv_auto"": true, ""oscillator.rv_mad_scale"": 0.7417534259955602, ""oscillator.spec_guidance_strength"": 1.0832925710550845, ""oscillator.student_t_nu"": 13.323847954811693, ""oscillator.tau_env"": 66.20692004771604, ""trust.alpha_R_max"": 3.0871202678386624, ""trust.beta_1"": 1.1574110749357451, ""trust.beta_2"": 0.6040267692917152, ""trust.g_z_floor"": 0.1678453488162596, ""trust.gate_bias"": 0.22817284430026605, ""trust.w_gate_nis"": 0.2788452196028556}",0.53,0.39551461248085584,0.685,0.071699388435392,0.0067769758845273725,0.06907741935483871,0.0,0.12341565211065172,0.617797588906214,0.3042906586968992,1.915303117711573,0.25986936128138927,0.0,94.77960102960103,1.0,0.0,20.797180469356416
2026-02-27T18:47:40.665539Z,profile1d_cubic__robust_ossm_ekf,robust_ossm_ekf,100,0.436881532130421,0.436881532130421,completed,552.913488149643,subject_kfold,32,raw,,/home/gongjae/Projects/resPyre/robust_ossm_ekf/profile1d_cubic__robust_ossm_ekf/trials/trial_00100/run_workspace/results/trial_00100,/home/gongjae/Projects/resPyre/robust_ossm_ekf/profile1d_cubic__robust_ossm_ekf/trials/trial_00100,66a5adac01cf04ef,/home/gongjae/Projects/resPyre/robust_ossm_ekf/profile1d_cubic__robust_ossm_ekf/trials/trial_00100/trial_manifest.json,/home/gongjae/Projects/resPyre/robust_ossm_ekf/profile1d_cubic__robust_ossm_ekf/trials/trial_00100/metrics_summary.json,"{""oscillator.g_z_eff_floor_ratio"": 0.33122000861015083, ""oscillator.post_smooth_alpha"": 0.9156563797691948, ""oscillator.qf"": 0.0036028187494304155, ""oscillator.qx"": 0.0004914282445719275, ""oscillator.rv"": 0.03348303981281911, ""oscillator.rv_auto"": true, ""oscillator.rv_mad_scale"": 0.9465884013988323, ""oscillator.spec_guidance_strength"": 1.1029063668174466, ""oscillator.student_t_nu"": 13.941740779318135, ""oscillator.tau_env"": 70.2128676778146, ""trust.alpha_R_max"": 3.3117453453839474, ""trust.beta_1"": 1.1971299968728377, ""trust.beta_2"": 0.6589522907160691, ""trust.g_z_floor"": 0.13358916337979326, ""trust.gate_bias"": 0.23562269872496952, ""trust.w_gate_nis"": 0.4227734297542646}",0.405,0.3324675533788123,0.22999999999999998,0.06831080176683176,0.004088701076836154,0.054772607086197786,0.0,0.10494120749356872,0.6005629002452912,0.35849472064038074,1.9952359422189525,0.23211268322445228,0.0,98.40732203317647,1.0,0.0,0.5357746335510956
2026-02-27T18:56:53.658037Z,profile1d_cubic__robust_ossm_ekf,robust_ossm_ekf,101,0.9225491632160079,0.9225491632160079,pruned,552.8489844799042,subject_kfold,32,raw,full_objective,/home/gongjae/Projects/resPyre/robust_ossm_ekf/profile1d_cubic__robust_ossm_ekf/trials/trial_00101/run_workspace/results/trial_00101,/home/gongjae/Projects/resPyre/robust_ossm_ekf/profile1d_cubic__robust_ossm_ekf/trials/trial_00101,e723f43efcd516e9,/home/gongjae/Projects/resPyre/robust_ossm_ekf/profile1d_cubic__robust_ossm_ekf/trials/trial_00101/trial_manifest.json,/home/gongjae/Projects/resPyre/robust_ossm_ekf/profile1d_cubic__robust_ossm_ekf/trials/trial_00101/metrics_summary.json,"{""oscillator.g_z_eff_floor_ratio"": 0.38135677058810485, ""oscillator.post_smooth_alpha"": 0.9395422792681041, ""oscillator.qf"": 0.004304124150316993, ""oscillator.qx"": 0.0007097398814937116, ""oscillator.rv"": 0.02755334107277857, ""oscillator.rv_auto"": true, ""oscillator.rv_mad_scale"": 0.9680693176350215, ""oscillator.spec_guidance_strength"": 1.0392183217908895, ""oscillator.student_t_nu"": 13.846794800670331, ""oscillator.tau_env"": 68.31252418491522, ""trust.alpha_R_max"": 3.196489656800114, ""trust.beta_1"": 1.1153259283916346, ""trust.beta_2"": 0.6642582749821939, ""trust.g_z_floor"": 0.11418229200564277, ""trust.gate_bias"": 0.26763451085824075, ""trust.w_gate_nis"": 0.43500255893535794}",0.5,0.34834581348407223,0.31,0.046691083473063506,0.0,0.046691083473063506,0.0,0.03922583536639471,0.5922450240067137,0.34975227925077185,1.8820610172497,0.18086773982483836,0.0,98.442508581809,1.0,0.0,3.729173611259414
2026-02-27T18:56:58.925164Z,profile1d_cubic__robust_ossm_ekf,robust_ossm_ekf,102,0.9398679413738764,0.9398679413738764,pruned,5.1241614818573,subject_kfold,1,raw,debug_stage,,/home/gongjae/Projects/resPyre/robust_ossm_ekf/profile1d_cubic__robust_ossm_ekf/trials/trial_00102,fc76413b0273312d,/home/gongjae/Projects/resPyre/robust_ossm_ekf/profile1d_cubic__robust_ossm_ekf/trials/trial_00102/trial_manifest.json,/home/gongjae/Projects/resPyre/robust_ossm_ekf/profile1d_cubic__robust_ossm_ekf/trials/trial_00102/metrics_summary.json,"{""oscillator.g_z_eff_floor_ratio"": 0.43881568526475384, ""oscillator.post_smooth_alpha"": 0.831793114411761, ""oscillator.qf"": 0.0007568885502804909, ""oscillator.qx"": 0.00047275269640958045, ""oscillator.rv"": 0.02192891097412843, ""oscillator.rv_auto"": false, ""oscillator.rv_mad_scale"": 0.9925499793515136, ""oscillator.spec_guidance_strength"": 0.802474719407364, ""oscillator.student_t_nu"": 6.45379562949707, ""oscillator.tau_env"": 37.60144240912484, ""trust.alpha_R_max"": 3.2169371324811933, ""trust.beta_1"": 1.0638009744733388, ""trust.beta_2"": 0.5733707861900733, ""trust.g_z_floor"": 0.32165778247691346, ""trust.gate_bias"": 0.6968791528703276, ""trust.w_gate_nis"": 0.07173927698756585}",0.37,0.345950853015623,0.34,0.010788381742738589,0.010788381742738589,0.0,0.0,0.0,0.5086437414947603,0.42448354426170987,1.7681709665512666,0.29493075174029737,0.0,91.61825726141079,1.0,0.0,nan
2026-02-27T18:57:04.142507Z,profile1d_cubic__robust_ossm_ekf,robust_ossm_ekf,103,1.0070384165169517,1.0070384165169517,pruned,5.100599050521851,subject_kfold,1,raw,debug_stage,,/home/gongjae/Projects/resPyre/robust_ossm_ekf/profile1d_cubic__robust_ossm_ekf/trials/trial_00103,308f586413156d2e,/home/gongjae/Projects/resPyre/robust_ossm_ekf/profile1d_cubic__robust_ossm_ekf/trials/trial_00103/trial_manifest.json,/home/gongjae/Projects/resPyre/robust_ossm_ekf/profile1d_cubic__robust_ossm_ekf/trials/trial_00103/metrics_summary.json,"{""oscillator.g_z_eff_floor_ratio"": 0.23156961379461316, ""oscillator.post_smooth_alpha"": 0.7769073561304313, ""oscillator.qf"": 0.004344986817416134, ""oscillator.qx"": 0.0004318824657768187, ""oscillator.rv"": 0.039724864652918725, ""oscillator.rv_auto"": false, ""oscillator.rv_mad_scale"": 0.7474106346690476, ""oscillator.spec_guidance_strength"": 0.7514647272451884, ""oscillator.student_t_nu"": 13.895848828685846, ""oscillator.tau_env"": 71.06938968264265, ""trust.alpha_R_max"": 6.07705027310591, ""trust.beta_1"": 0.8830315414740718, ""trust.beta_2"": 0.8908643998124738, ""trust.g_z_floor"": 0.10671802863439984, ""trust.gate_bias"": 0.4060144158958042, ""trust.w_gate_nis"": 0.3185470901794471}",0.39,0.3680845189705434,0.35,0.005809128630705394,0.0,0.005809128630705394,0.0,0.0,0.553261110831294,0.4494536549430147,1.9331793700179558,0.3269543217211915,0.0,98.25726141078839,1.0,0.0,nan
2026-02-27T19:06:17.894033Z,profile1d_cubic__robust_ossm_ekf,robust_ossm_ekf,104,2.2761685325519454,2.2761685325519454,pruned,553.6256411075592,subject_kfold,32,raw,full_objective,/home/gongjae/Projects/resPyre/robust_ossm_ekf/profile1d_cubic__robust_ossm_ekf/trials/trial_00104/run_workspace/results/trial_00104,/home/gongjae/Projects/resPyre/robust_ossm_ekf/profile1d_cubic__robust_ossm_ekf/trials/trial_00104,d8c8bf767d26f8f0,/home/gongjae/Projects/resPyre/robust_ossm_ekf/profile1d_cubic__robust_ossm_ekf/trials/trial_00104/trial_manifest.json,/home/gongjae/Projects/resPyre/robust_ossm_ekf/profile1d_cubic__robust_ossm_ekf/trials/trial_00104/metrics_summary.json,"{""oscillator.g_z_eff_floor_ratio"": 0.2413948700769714, ""oscillator.post_smooth_alpha"": 0.948624593309369, ""oscillator.qf"": 0.002534125197971386, ""oscillator.qx"": 0.00042856027037933424, ""oscillator.rv"": 0.0371879969104638, ""oscillator.rv_auto"": true, ""oscillator.rv_mad_scale"": 0.974719657047924, ""oscillator.spec_guidance_strength"": 1.185209481375545, ""oscillator.student_t_nu"": 13.87862216131895, ""oscillator.tau_env"": 56.36941945136099, ""trust.alpha_R_max"": 2.9913292360845025, ""trust.beta_1"": 1.2606295830265635, ""trust.beta_2"": 0.37756591366563685, ""trust.g_z_floor"": 0.1888823694296261, ""trust.gate_bias"": 0.41297134653062023, ""trust.w_gate_nis"": 0.29687622340305836}",0.54,0.3856617876789429,0.54,0.036271714930740516,0.006805780032324654,0.03376729048006509,0.0,0.04803126461342873,0.5897163089877684,0.2928869961322914,1.8140530269772892,0.2504226446628183,0.0,93.8093701972756,1.0,0.0,14.294609256128911
2026-02-27T19:15:30.940619Z,profile1d_cubic__robust_ossm_ekf,robust_ossm_ekf,105,0.409459014715458,0.409459014715458,completed,552.9124834537506,subject_kfold,32,raw,,/home/gongjae/Projects/resPyre/robust_ossm_ekf/profile1d_cubic__robust_ossm_ekf/trials/trial_00105/run_workspace/results/trial_00105,/home/gongjae/Projects/resPyre/robust_ossm_ekf/profile1d_cubic__robust_ossm_ekf/trials/trial_00105,ecf9fb7d92530ea5,/home/gongjae/Projects/resPyre/robust_ossm_ekf/profile1d_cubic__robust_ossm_ekf/trials/trial_00105/trial_manifest.json,/home/gongjae/Projects/resPyre/robust_ossm_ekf/profile1d_cubic__robust_ossm_ekf/trials/trial_00105/metrics_summary.json,"{""oscillator.g_z_eff_floor_ratio"": 0.5443383306903058, ""oscillator.post_smooth_alpha"": 0.9199115111783766, ""oscillator.qf"": 0.003070671660825541, ""oscillator.qx"": 0.0005418371187578447, ""oscillator.rv"": 0.04426681389833398, ""oscillator.rv_auto"": true, ""oscillator.rv_mad_scale"": 0.7572991789396534, ""oscillator.spec_guidance_strength"": 0.8100205458245426, ""oscillator.student_t_nu"": 11.657498145096811, ""oscillator.tau_env"": 68.84791215265946, ""trust.alpha_R_max"": 2.2310005343437593, ""trust.beta_1"": 0.5738731966881495, ""trust.beta_2"": 0.6613279241964617, ""trust.g_z_floor"": 0.16364368194211276, ""trust.gate_bias"": 0.27691339462882997, ""trust.w_gate_nis"": 0.42937934561980684}",0.4,0.3252009611210628,0.215,0.048946481573089284,0.0,0.048946481573089284,0.0,0.09222045100866909,0.594274225265123,0.41347612910436626,1.7378628390954405,0.22293333375737723,0.0,98.17805351783471,1.0,0.0,0.5541333324852455
2026-02-27T19:24:44.511378Z,profile1d_cubic__robust_ossm_ekf,robust_ossm_ekf,106,0.7353148524731274,0.7353148524731274,pruned,553.4445922374725,subject_kfold,32,raw,full_objective,/home/gongjae/Projects/resPyre/robust_ossm_ekf/profile1d_cubic__robust_ossm_ekf/trials/trial_00106/run_workspace/results/trial_00106,/home/gongjae/Projects/resPyre/robust_ossm_ekf/profile1d_cubic__robust_ossm_ekf/trials/trial_00106,30886d8d55cd4d99,/home/gongjae/Projects/resPyre/robust_ossm_ekf/profile1d_cubic__robust_ossm_ekf/trials/trial_00106/trial_manifest.json,/home/gongjae/Projects/resPyre/robust_ossm_ekf/profile1d_cubic__robust_ossm_ekf/trials/trial_00106/metrics_summary.json,"{""oscillator.g_z_eff_floor_ratio"": 0.6413835682556408, ""oscillator.post_smooth_alpha"": 0.925211004489196, ""oscillator.qf"": 0.0019157980696073666, ""oscillator.qx"": 0.0004608070225357089, ""oscillator.rv"": 0.03884681005196539, ""oscillator.rv_auto"": true, ""oscillator.rv_mad_scale"": 0.8060207770726405, ""oscillator.spec_guidance_strength"": 0.8522325096492808, ""oscillator.student_t_nu"": 12.580256959610928, ""oscillator.tau_env"": 63.961365736525174, ""trust.alpha_R_max"": 2.375163741816687, ""trust.beta_1"": 0.7090034103820649, ""trust.beta_2"": 0.4153140186142587, ""trust.g_z_floor"": 0.17195841156682595, ""trust.gate_bias"": 0.4353719348603715, ""trust.w_gate_nis"": 0.3902550531304339}",0.48,0.34332368117737544,0.28500000000000003,0.01531423739243714,0.0024841295533230548,0.006513249979416366,0.0,0.007660767559312748,0.5669680567866038,0.4147049369543982,1.6078674558969102,0.20389339790570837,0.0,94.35183025565135,1.0,0.0,2.546758658734039
2026-02-27T19:33:57.152057Z,profile1d_cubic__robust_ossm_ekf,robust_ossm_ekf,107,0.45062875202540364,0.45062875202540364,completed,552.498610496521,subject_kfold,32,raw,,/home/gongjae/Projects/resPyre/robust_ossm_ekf/profile1d_cubic__robust_ossm_ekf/trials/trial_00107/run_workspace/results/trial_00107,/home/gongjae/Projects/resPyre/robust_ossm_ekf/profile1d_cubic__robust_ossm_ekf/trials/trial_00107,a4b6318830ad9b54,/home/gongjae/Projects/resPyre/robust_ossm_ekf/profile1d_cubic__robust_ossm_ekf/trials/trial_00107/trial_manifest.json,/home/gongjae/Projects/resPyre/robust_ossm_ekf/profile1d_cubic__robust_ossm_ekf/trials/trial_00107/metrics_summary.json,"{""oscillator.g_z_eff_floor_ratio"": 0.5681098870548756, ""oscillator.post_smooth_alpha"": 0.8716372269526451, ""oscillator.qf"": 0.003205353656226606, ""oscillator.qx"": 0.0009193942504496736, ""oscillator.rv"": 0.0435377990010685, ""oscillator.rv_auto"": true, ""oscillator.rv_mad_scale"": 0.7468513891810544, ""oscillator.spec_guidance_strength"": 0.7850922970900139, ""oscillator.student_t_nu"": 10.042383888301853, ""oscillator.tau_env"": 64.715717407614, ""trust.alpha_R_max"": 2.71450777132274, ""trust.beta_1"": 0.6829872067708275, ""trust.beta_2"": 0.910233769438076, ""trust.g_z_floor"": 0.20131523155022185, ""trust.gate_bias"": 0.22361363111111732, ""trust.w_gate_nis"": 0.3872878539310188}",0.445,0.3308713882245249,0.2,0.023840920983778126,0.0,0.02219590485200703,0.0,0.010207522959258681,0.6554158260524119,0.4545136193749697,1.674244969407408,0.1596665579398054,0.0,97.76689950872745,1.0,0.0,0.6806668841203893
2026-02-27T19:43:08.542446Z,profile1d_cubic__robust_ossm_ekf,robust_ossm_ekf,108,1.6403285811893884,1.6403285811893884,pruned,551.2617027759552,subject_kfold,32,raw,full_objective,/home/gongjae/Projects/resPyre/robust_ossm_ekf/profile1d_cubic__robust_ossm_ekf/trials/trial_00108/run_workspace/results/trial_00108,/home/gongjae/Projects/resPyre/robust_ossm_ekf/profile1d_cubic__robust_ossm_ekf/trials/trial_00108,3daa4820d5e672ef,/home/gongjae/Projects/resPyre/robust_ossm_ekf/profile1d_cubic__robust_ossm_ekf/trials/trial_00108/trial_manifest.json,/home/gongjae/Projects/resPyre/robust_ossm_ekf/profile1d_cubic__robust_ossm_ekf/trials/trial_00108/metrics_summary.json,"{""oscillator.g_z_eff_floor_ratio"": 0.38238976746406506, ""oscillator.post_smooth_alpha"": 0.755042358208274, ""oscillator.qf"": 0.0030956708158514637, ""oscillator.qx"": 0.0005279361338350608, ""oscillator.rv"": 0.04256218995839292, ""oscillator.rv_auto"": true, ""oscillator.rv_mad_scale"": 1.068406700334167, ""oscillator.spec_guidance_strength"": 1.1894215105886936, ""oscillator.student_t_nu"": 13.227448391040268, ""oscillator.tau_env"": 66.05798760076637, ""trust.alpha_R_max"": 2.9488828285132653, ""trust.beta_1"": 1.4147517971722716, ""trust.beta_2"": 0.8272712186457644, ""trust.g_z_floor"": 0.29363900341988397, ""trust.gate_bias"": 0.2515533684565524, ""trust.w_gate_nis"": 0.37890227153996386}",0.515,0.35615279532453425,0.43,0.09048760116122545,0.008120479830350219,0.09048760116122545,0.0,0.071079958627818,0.6215309734889837,0.342381941060219,2.068350959444337,0.2212072843158528,0.0,96.72241206839834,1.0,0.0,9.213604345433897
2026-02-27T19:52:20.466804Z,profile1d_cubic__robust_ossm_ekf,robust_ossm_ekf,109,2.607943510218286,2.607943510218286,pruned,551.7871437072754,subject_kfold,32,raw,full_objective,/home/gongjae/Projects/resPyre/robust_ossm_ekf/profile1d_cubic__robust_ossm_ekf/trials/trial_00109/run_workspace/results/trial_00109,/home/gongjae/Projects/resPyre/robust_ossm_ekf/profile1d_cubic__robust_ossm_ekf/trials/trial_00109,b0a96c65849a2553,/home/gongjae/Projects/resPyre/robust_ossm_ekf/profile1d_cubic__robust_ossm_ekf/trials/trial_00109/trial_manifest.json,/home/gongjae/Projects/resPyre/robust_ossm_ekf/profile1d_cubic__robust_ossm_ekf/trials/trial_00109/metrics_summary.json,"{""oscillator.g_z_eff_floor_ratio"": 0.46508319135462106, ""oscillator.post_smooth_alpha"": 0.8625279282814821, ""oscillator.qf"": 0.00046007517683512483, ""oscillator.qx"": 0.0010004116228215878, ""oscillator.rv"": 0.04672962027629957, ""oscillator.rv_auto"": true, ""oscillator.rv_mad_scale"": 0.7786208947507791, ""oscillator.spec_guidance_strength"": 0.6307395584977766, ""oscillator.student_t_nu"": 13.48719944204738, ""oscillator.tau_env"": 55.47260731692236, ""trust.alpha_R_max"": 4.113772667186294, ""trust.beta_1"": 0.8561244362153261, ""trust.beta_2"": 1.0852641137135814, ""trust.g_z_floor"": 0.23717437649299156, ""trust.gate_bias"": 0.5467072949862786, ""trust.w_gate_nis"": 0.32794293092710897}",0.53,0.3901875939151317,0.595,0.019884325194059707,0.019884325194059707,0.0,0.0,0.0,0.5729177396844568,0.3238023398236155,2.0273095228282467,0.1937861625157242,0.0,83.72906293260276,1.0,0.0,16.852092537392775
2026-02-27T19:52:25.712648Z,profile1d_cubic__robust_ossm_ekf,robust_ossm_ekf,110,1.0518605882860954,1.0518605882860954,pruned,5.085585832595825,subject_kfold,1,raw,debug_quantile,,/home/gongjae/Projects/resPyre/robust_ossm_ekf/profile1d_cubic__robust_ossm_ekf/trials/trial_00110,ca7324a4b3a787a5,/home/gongjae/Projects/resPyre/robust_ossm_ekf/profile1d_cubic__robust_ossm_ekf/trials/trial_00110/trial_manifest.json,/home/gongjae/Projects/resPyre/robust_ossm_ekf/profile1d_cubic__robust_ossm_ekf/trials/trial_00110/metrics_summary.json,"{""oscillator.g_z_eff_floor_ratio"": 0.5035455371279703, ""oscillator.post_smooth_alpha"": 0.9297682436681699, ""oscillator.qf"": 0.0034836321661494887, ""oscillator.qx"": 0.0008479448701046331, ""oscillator.rv"": 0.057848888924028, ""oscillator.rv_auto"": false, ""oscillator.rv_mad_scale"": 0.90155915698542, ""oscillator.spec_guidance_strength"": 0.7893505673624209, ""oscillator.student_t_nu"": 9.527777683526478, ""oscillator.tau_env"": 61.815860235633714, ""trust.alpha_R_max"": 2.592050888958449, ""trust.beta_1"": 0.6286899775818231, ""trust.beta_2"": 0.4646262041173944, ""trust.g_z_floor"": 0.1617938016108668, ""trust.gate_bias"": 0.2242246328869017, ""trust.w_gate_nis"": 0.3911333012836832}",0.38,0.3506358151232909,0.35,0.0,0.0,0.0,0.0,0.0,0.5964549865572066,0.5042530802659204,1.5764534414446894,0.14022509952519824,0.0,98.50622406639005,1.0,0.0,nan
2026-02-27T19:52:30.926826Z,profile1d_cubic__robust_ossm_ekf,robust_ossm_ekf,111,0.9964208489594559,0.9964208489594559,pruned,5.0987396240234375,subject_kfold,1,raw,debug_stage,,/home/gongjae/Projects/resPyre/robust_ossm_ekf/profile1d_cubic__robust_ossm_ekf/trials/trial_00111,e93fb8922fba6bb2,/home/gongjae/Projects/resPyre/robust_ossm_ekf/profile1d_cubic__robust_ossm_ekf/trials/trial_00111/trial_manifest.json,/home/gongjae/Projects/resPyre/robust_ossm_ekf/profile1d_cubic__robust_ossm_ekf/trials/trial_00111/metrics_summary.json,"{""oscillator.g_z_eff_floor_ratio"": 0.18479921257507065, ""oscillator.post_smooth_alpha"": 0.7447163723544815, ""oscillator.qf"": 0.002358658755025623, ""oscillator.qx"": 0.0004561051328488076, ""oscillator.rv"": 0.022709462263059296, ""oscillator.rv_auto"": false, ""oscillator.rv_mad_scale"": 0.7318799748346388, ""oscillator.spec_guidance_strength"": 0.7740621762853859, ""oscillator.student_t_nu"": 8.139926724401754, ""oscillator.tau_env"": 47.23728028180028, ""trust.alpha_R_max"": 4.34231409845446, ""trust.beta_1"": 0.5636342679779973, ""trust.beta_2"": 0.9459180976336394, ""trust.g_z_floor"": 0.1306935242519106, ""trust.gate_bias"": 0.4641632049254364, ""trust.w_gate_nis"": 0.18922595427477157}",0.38,0.3556422725874706,0.35,0.0,0.0,0.0,0.0,0.0,0.5480265146337864,0.44586606895916636,1.883540254299677,0.3223881488863693,0.0,97.01244813278008,1.0,0.0,nan
2026-02-27T19:52:36.088814Z,profile1d_cubic__robust_ossm_ekf,robust_ossm_ekf,112,0.9541893504678078,0.9541893504678078,pruned,5.0529913902282715,subject_kfold,1,raw,debug_stage,,/home/gongjae/Projects/resPyre/robust_ossm_ekf/profile1d_cubic__robust_ossm_ekf/trials/trial_00112,d7ddaebc058751a7,/home/gongjae/Projects/resPyre/robust_ossm_ekf/profile1d_cubic__robust_ossm_ekf/trials/trial_00112/trial_manifest.json,/home/gongjae/Projects/resPyre/robust_ossm_ekf/profile1d_cubic__robust_ossm_ekf/trials/trial_00112/metrics_summary.json,"{""oscillator.g_z_eff_floor_ratio"": 0.40491833690291745, ""oscillator.post_smooth_alpha"": 0.9568522365609544, ""oscillator.qf"": 0.0002632309167710828, ""oscillator.qx"": 0.0009626133472933628, ""oscillator.rv"": 0.011356834199746226, ""oscillator.rv_auto"": false, ""oscillator.rv_mad_scale"": 1.0203485211039, ""oscillator.spec_guidance_strength"": 0.8214957822999945, ""oscillator.student_t_nu"": 8.032002865632569, ""oscillator.tau_env"": 38.91472388273268, ""trust.alpha_R_max"": 6.065471763134424, ""trust.beta_1"": 1.0093806650532595, ""trust.beta_2"": 0.13692352319389908, ""trust.g_z_floor"": 0.12158178450498207, ""trust.gate_bias"": 0.3061129787268867, ""trust.w_gate_nis"": 0.2536593318870644}",0.37,0.33974679194351354,0.34,0.026556016597510373,0.026556016597510373,0.0,0.0,0.0,0.5778902420575963,0.47815034310669224,1.4645354981533545,0.26938286790572485,0.0,81.74273858921161,1.0,0.0,nan
2026-02-27T20:01:48.098950Z,profile1d_cubic__robust_ossm_ekf,robust_ossm_ekf,113,2.5509813072828633,2.5509813072828633,pruned,551.9017155170441,subject_kfold,32,raw,full_objective,/home/gongjae/Projects/resPyre/robust_ossm_ekf/profile1d_cubic__robust_ossm_ekf/trials/trial_00113/run_workspace/results/trial_00113,/home/gongjae/Projects/resPyre/robust_ossm_ekf/profile1d_cubic__robust_ossm_ekf/trials/trial_00113,70edbb605bb935b4,/home/gongjae/Projects/resPyre/robust_ossm_ekf/profile1d_cubic__robust_ossm_ekf/trials/trial_00113/trial_manifest.json,/home/gongjae/Projects/resPyre/robust_ossm_ekf/profile1d_cubic__robust_ossm_ekf/trials/trial_00113/metrics_summary.json,"{""oscillator.g_z_eff_floor_ratio"": 0.593958159230015, ""oscillator.post_smooth_alpha"": 0.8458196216347044, ""oscillator.qf"": 0.002821998638873453, ""oscillator.qx"": 0.0007241310773892312, ""oscillator.rv"": 0.039101202981071254, ""oscillator.rv_auto"": true, ""oscillator.rv_mad_scale"": 0.7087214005076983, ""oscillator.spec_guidance_strength"": 0.7601894795991228, ""oscillator.student_t_nu"": 10.518338696526353, ""oscillator.tau_env"": 69.1366904279995, ""trust.alpha_R_max"": 2.081932651823523, ""trust.beta_1"": 0.5964963343139437, ""trust.beta_2"": 0.3394544345512056, ""trust.g_z_floor"": 0.23383961859688235, ""trust.gate_bias"": 0.21461371117060538, ""trust.w_gate_nis"": 0.385978625176626}",0.535,0.3841853132962799,0.59,0.07865714343826061,0.0008071025020177562,0.07865714343826061,0.0,0.05232974748136056,0.6260325257759132,0.4266957017919454,1.523210936416856,0.29445313329390715,0.0,94.27232339617622,1.0,0.0,16.44455332937178
2026-02-27T20:01:53.244892Z,profile1d_cubic__robust_ossm_ekf,robust_ossm_ekf,114,0.9979311631657088,0.9979311631657088,pruned,5.021255254745483,subject_kfold,1,raw,debug_stage,,/home/gongjae/Projects/resPyre/robust_ossm_ekf/profile1d_cubic__robust_ossm_ekf/trials/trial_00114,e43ce902dd0efc9c,/home/gongjae/Projects/resPyre/robust_ossm_ekf/profile1d_cubic__robust_ossm_ekf/trials/trial_00114/trial_manifest.json,/home/gongjae/Projects/resPyre/robust_ossm_ekf/profile1d_cubic__robust_ossm_ekf/trials/trial_00114/metrics_summary.json,"{""oscillator.g_z_eff_floor_ratio"": 0.39678528469762414, ""oscillator.post_smooth_alpha"": 0.8219328657065305, ""oscillator.qf"": 0.0007875358520295641, ""oscillator.qx"": 0.00044734258516540863, ""oscillator.rv"": 0.043401153613040803, ""oscillator.rv_auto"": false, ""oscillator.rv_mad_scale"": 0.6976511091623558, ""oscillator.spec_guidance_strength"": 0.6113273674030932, ""oscillator.student_t_nu"": 12.965137497706143, ""oscillator.tau_env"": 47.84756883791753, ""trust.alpha_R_max"": 2.4451372763287855, ""trust.beta_1"": 0.6958988818656152, ""trust.beta_2"": 1.1348799679153334, ""trust.g_z_floor"": 0.26650752191060706, ""trust.gate_bias"": 0.638016951444779, ""trust.w_gate_nis"": 0.4057158165061283}",0.38,0.35193689305758147,0.34,0.016597510373443983,0.016597510373443983,0.0,0.0,0.0,0.5097317644427202,0.42029589101131554,2.039190645883366,0.18397010523695206,0.0,94.10788381742739,1.0,0.0,nan
2026-02-27T20:01:58.303512Z,profile1d_cubic__robust_ossm_ekf,robust_ossm_ekf,115,1.0363950331790799,1.0363950331790799,pruned,4.950757265090942,subject_kfold,1,raw,debug_quantile,,/home/gongjae/Projects/resPyre/robust_ossm_ekf/profile1d_cubic__robust_ossm_ekf/trials/trial_00115,9d6cb66a7da49caf,/home/gongjae/Projects/resPyre/robust_ossm_ekf/profile1d_cubic__robust_ossm_ekf/trials/trial_00115/trial_manifest.json,/home/gongjae/Projects/resPyre/robust_ossm_ekf/profile1d_cubic__robust_ossm_ekf/trials/trial_00115/metrics_summary.json,"{""oscillator.g_z_eff_floor_ratio"": 0.21167710970241674, ""oscillator.post_smooth_alpha"": 0.6937645911362219, ""oscillator.qf"": 0.0027309470870157697, ""oscillator.qx"": 0.00047701833060923016, ""oscillator.rv"": 0.04406082624356196, ""oscillator.rv_auto"": false, ""oscillator.rv_mad_scale"": 0.6961973980768932, ""oscillator.spec_guidance_strength"": 1.0210839254963067, ""oscillator.student_t_nu"": 3.2685447786659436, ""oscillator.tau_env"": 42.589395661607156, ""trust.alpha_R_max"": 6.178892743772588, ""trust.beta_1"": 1.2249665869531767, ""trust.beta_2"": 0.753245457511869, ""trust.g_z_floor"": 0.2382200638619994, ""trust.gate_bias"": 0.6383359307239872, ""trust.w_gate_nis"": 0.39099548965430825}",0.38,0.3543669331392886,0.35,0.004149377593360996,0.004149377593360996,0.0,0.0,0.0,0.5073483502950688,0.41243846623459207,1.9338490489883504,0.21911167528290143,0.0,98.00829875518673,1.0,0.0,nan
2026-02-27T20:10:58.273305Z,profile1d_cubic__robust_ossm_ekf,robust_ossm_ekf,116,1.5047986101044648,1.5047986101044648,pruned,539.8587803840637,subject_kfold,32,raw,full_objective,/home/gongjae/Projects/resPyre/robust_ossm_ekf/profile1d_cubic__robust_ossm_ekf/trials/trial_00116/run_workspace/results/trial_00116,/home/gongjae/Projects/resPyre/robust_ossm_ekf/profile1d_cubic__robust_ossm_ekf/trials/trial_00116,7dec0bcc65d3e5a2,/home/gongjae/Projects/resPyre/robust_ossm_ekf/profile1d_cubic__robust_ossm_ekf/trials/trial_00116/trial_manifest.json,/home/gongjae/Projects/resPyre/robust_ossm_ekf/profile1d_cubic__robust_ossm_ekf/trials/trial_00116/metrics_summary.json,"{""oscillator.g_z_eff_floor_ratio"": 0.35688821727446807, ""oscillator.post_smooth_alpha"": 0.7777160836969089, ""oscillator.qf"": 0.002443202811263908, ""oscillator.qx"": 0.0004150078432091375, ""oscillator.rv"": 0.057469445816623894, ""oscillator.rv_auto"": true, ""oscillator.rv_mad_scale"": 0.7167206256978301, ""oscillator.spec_guidance_strength"": 0.6599470431197015, ""oscillator.student_t_nu"": 10.7007002384997, ""oscillator.tau_env"": 68.24665347619116, ""trust.alpha_R_max"": 2.5254414497849464, ""trust.beta_1"": 0.5840893597283641, ""trust.beta_2"": 0.6676379780789108, ""trust.g_z_floor"": 0.12842172840583543, ""trust.gate_bias"": 0.3868566130281463, ""trust.w_gate_nis"": 0.3674207538110185}",0.46499999999999997,0.35642261858920304,0.42000000000000004,0.021189894050529748,0.0036575668703164995,0.009051757187631255,0.0,0.01886327939470648,0.5732075017546909,0.3311388620211841,1.6843983471263895,0.20169061551500406,0.0,96.51556109233043,1.0,0.0,8.687527859879083
2026-02-27T20:19:56.528120Z,profile1d_cubic__robust_ossm_ekf,robust_ossm_ekf,117,0.4498114320009886,0.4498114320009886,completed,538.1221251487732,subject_kfold,32,raw,,/home/gongjae/Projects/resPyre/robust_ossm_ekf/profile1d_cubic__robust_ossm_ekf/trials/trial_00117/run_workspace/results/trial_00117,/home/gongjae/Projects/resPyre/robust_ossm_ekf/profile1d_cubic__robust_ossm_ekf/trials/trial_00117,9c24700a2dc27d1a,/home/gongjae/Projects/resPyre/robust_ossm_ekf/profile1d_cubic__robust_ossm_ekf/trials/trial_00117/trial_manifest.json,/home/gongjae/Projects/resPyre/robust_ossm_ekf/profile1d_cubic__robust_ossm_ekf/trials/trial_00117/metrics_summary.json,"{""oscillator.g_z_eff_floor_ratio"": 0.20445300624558685, ""oscillator.post_smooth_alpha"": 0.8199175622337865, ""oscillator.qf"": 0.0024873157849437085, ""oscillator.qx"": 0.0008244248008015344, ""oscillator.rv"": 0.032853053602985724, ""oscillator.rv_auto"": true, ""oscillator.rv_mad_scale"": 0.8330554528836565, ""oscillator.spec_guidance_strength"": 1.109997699215115, ""oscillator.student_t_nu"": 12.644078734057343, ""oscillator.tau_env"": 68.8487128600061, ""trust.alpha_R_max"": 4.442983764549192, ""trust.beta_1"": 1.5941320155286431, ""trust.beta_2"": 0.3590440467306729, ""trust.g_z_floor"": 0.14327785372167193, ""trust.gate_bias"": 0.26416802741803513, ""trust.w_gate_nis"": 0.43647575538948347}",0.44,0.32569814516952966,0.18,0.04022585585779925,0.001652892561983471,0.0,0.0,0.01065985184622766,0.6482794177377423,0.36447647196137134,1.807801150694365,0.15002938997174195,0.0,97.78209918909988,1.0,0.0,0.699941220056516
2026-02-27T20:28:56.830005Z,profile1d_cubic__robust_ossm_ekf,robust_ossm_ekf,118,2.7065570322300423,2.7065570322300423,pruned,540.1678376197815,subject_kfold,32,raw,full_objective,/home/gongjae/Projects/resPyre/robust_ossm_ekf/profile1d_cubic__robust_ossm_ekf/trials/trial_00118/run_workspace/results/trial_00118,/home/gongjae/Projects/resPyre/robust_ossm_ekf/profile1d_cubic__robust_ossm_ekf/trials/trial_00118,af4da0dbdd1a6c22,/home/gongjae/Projects/resPyre/robust_ossm_ekf/profile1d_cubic__robust_ossm_ekf/trials/trial_00118/trial_manifest.json,/home/gongjae/Projects/resPyre/robust_ossm_ekf/profile1d_cubic__robust_ossm_ekf/trials/trial_00118/metrics_summary.json,"{""oscillator.g_z_eff_floor_ratio"": 0.2120610131361731, ""oscillator.post_smooth_alpha"": 0.9119941309109082, ""oscillator.qf"": 0.0003906170484321844, ""oscillator.qx"": 0.0005341427218082841, ""oscillator.rv"": 0.01544015368114532, ""oscillator.rv_auto"": false, ""oscillator.rv_mad_scale"": 0.8195574445525734, ""oscillator.spec_guidance_strength"": 1.167265023322319, ""oscillator.student_t_nu"": 7.298512082408364, ""oscillator.tau_env"": 24.635884610665038, ""trust.alpha_R_max"": 6.550646960650785, ""trust.beta_1"": 0.9963357726664869, ""trust.beta_2"": 0.18799338639704002, ""trust.g_z_floor"": 0.12802989393382128, ""trust.gate_bias"": 0.39014195304511723, ""trust.w_gate_nis"": 0.36222193769757455}",0.54,0.396723851248645,0.58,0.008751700357470502,0.0,0.0,0.0,0.0034537583962531847,0.5120396071331428,0.28089481008226386,1.6038369270154647,2.084173832974893,0.005645866525943394,68.69091911258096,1.0,0.0,16.95438259449481
2026-02-27T20:37:43.246550Z,profile1d_cubic__robust_ossm_ekf,robust_ossm_ekf,119,5.636416975785459,5.636416975785459,pruned,526.2796792984009,subject_kfold,32,raw,full_objective,/home/gongjae/Projects/resPyre/robust_ossm_ekf/profile1d_cubic__robust_ossm_ekf/trials/trial_00119/run_workspace/results/trial_00119,/home/gongjae/Projects/resPyre/robust_ossm_ekf/profile1d_cubic__robust_ossm_ekf/trials/trial_00119,978059522ed0420c,/home/gongjae/Projects/resPyre/robust_ossm_ekf/profile1d_cubic__robust_ossm_ekf/trials/trial_00119/trial_manifest.json,/home/gongjae/Projects/resPyre/robust_ossm_ekf/profile1d_cubic__robust_ossm_ekf/trials/trial_00119/metrics_summary.json,"{""oscillator.g_z_eff_floor_ratio"": 0.45622449491247896, ""oscillator.post_smooth_alpha"": 0.9216027195330704, ""oscillator.qf"": 0.004813716387955274, ""oscillator.qx"": 0.0004633067463061432, ""oscillator.rv"": 0.05510641090444762, ""oscillator.rv_auto"": true, ""oscillator.rv_mad_scale"": 0.7777180445551146, ""oscillator.spec_guidance_strength"": 0.7497451355045917, ""oscillator.student_t_nu"": 12.337359701600299, ""oscillator.tau_env"": 59.27624226663833, ""trust.alpha_R_max"": 3.421772966569832, ""trust.beta_1"": 0.7427964326376403, ""trust.beta_2"": 0.613148520756932, ""trust.g_z_floor"": 0.1395602914985981, ""trust.gate_bias"": 0.31776418734941686, ""trust.w_gate_nis"": 0.4458166679815005}",0.515,0.39723183712910354,1.13,0.07921106719367589,0.0020187473816506074,0.07921106719367589,0.0,0.12049535965268936,0.5938267911992072,0.33764332211582193,1.7680781733025464,0.3021640505788531,0.0,95.23747680890537,1.0,0.0,40.83569715136754
2026-02-27T08:05:29.981054Z,profile1d_linear__robust_ossm_ekf,robust_ossm_ekf,0,0.4900559231828259,0.4900559231828259,completed,549.11678814888,subject_kfold,32,raw,,/home/gongjae/Projects/resPyre/robust_ossm_ekf/profile1d_linear__robust_ossm_ekf/trials/trial_00000/run_workspace/results/trial_00000,/home/gongjae/Projects/resPyre/robust_ossm_ekf/profile1d_linear__robust_ossm_ekf/trials/trial_00000,f06881b9675efbad,/home/gongjae/Projects/resPyre/robust_ossm_ekf/profile1d_linear__robust_ossm_ekf/trials/trial_00000/trial_manifest.json,/home/gongjae/Projects/resPyre/robust_ossm_ekf/profile1d_linear__robust_ossm_ekf/trials/trial_00000/metrics_summary.json,"{""oscillator.g_z_eff_floor_ratio"": 0.35, ""oscillator.post_smooth_alpha"": 0.872, ""oscillator.qf"": 0.00165, ""oscillator.qx"": 0.00096, ""oscillator.rv"": 0.04, ""oscillator.rv_auto"": false, ""oscillator.rv_mad_scale"": 0.9, ""oscillator.spec_guidance_strength"": 0.98, ""oscillator.student_t_nu"": 7.5, ""oscillator.tau_env"": 35.0, ""trust.alpha_R_max"": 3.11, ""trust.beta_1"": 1.11, ""trust.beta_2"": 0.46, ""trust.g_z_floor"": 0.27, ""trust.gate_bias"": 0.65, ""trust.w_gate_nis"": 0.1}",0.5700000000000001,0.3998322442435327,0.32999999999999996,0.06562986204750546,0.013525742347277356,0.02211021505376344,0.0,0.0956462235668555,0.49327554052478095,0.28966306920462903,1.957384139809438,1.2487632913988187,0.002874658368865762,91.25788037719856,1.0,0.0,0.5789473684210522
2026-02-27T08:15:02.817780Z,profile1d_linear__robust_ossm_ekf,robust_ossm_ekf,1,0.5613935570372479,0.5613935570372479,completed,572.724732875824,subject_kfold,32,raw,,/home/gongjae/Projects/resPyre/robust_ossm_ekf/profile1d_linear__robust_ossm_ekf/trials/trial_00001/run_workspace/results/trial_00001,/home/gongjae/Projects/resPyre/robust_ossm_ekf/profile1d_linear__robust_ossm_ekf/trials/trial_00001,4b27484d1da07f23,/home/gongjae/Projects/resPyre/robust_ossm_ekf/profile1d_linear__robust_ossm_ekf/trials/trial_00001/trial_manifest.json,/home/gongjae/Projects/resPyre/robust_ossm_ekf/profile1d_linear__robust_ossm_ekf/trials/trial_00001/metrics_summary.json,"{""oscillator.g_z_eff_floor_ratio"": 0.5127941115641415, ""oscillator.post_smooth_alpha"": 0.8224125543449872, ""oscillator.qf"": 0.00039892711735370893, ""oscillator.qx"": 0.0006383295101179898, ""oscillator.rv"": 0.03707448967108642, ""oscillator.rv_auto"": false, ""oscillator.rv_mad_scale"": 0.9193963178886666, ""oscillator.spec_guidance_strength"": 0.5633799212922717, ""oscillator.student_t_nu"": 12.527937603524286, ""oscillator.tau_env"": 23.02034783274637, ""trust.alpha_R_max"": 3.5212112147976886, ""trust.beta_1"": 1.6169008373781937, ""trust.beta_2"": 1.0190380520644555, ""trust.g_z_floor"": 0.18253202943404523, ""trust.gate_bias"": 0.29454898294769233, ""trust.w_gate_nis"": 0.1428122531645277}",0.5,0.3822227437558138,0.35,0.01708459539533575,0.004141473304180361,0.012669731907385039,0.0,0.007093711463324285,0.5769806899597429,0.3788422212777577,2.252438178064749,1.3003973763258752,0.0009972739934951866,77.467140902534,1.0,0.0,1.4735817963998574
2026-02-27T08:24:47.337869Z,profile1d_linear__robust_ossm_ekf,robust_ossm_ekf,2,0.42586283613272624,0.42586283613272624,completed,584.4075884819031,subject_kfold,32,raw,,/home/gongjae/Projects/resPyre/robust_ossm_ekf/profile1d_linear__robust_ossm_ekf/trials/trial_00002/run_workspace/results/trial_00002,/home/gongjae/Projects/resPyre/robust_ossm_ekf/profile1d_linear__robust_ossm_ekf/trials/trial_00002,757c918750310dd3,/home/gongjae/Projects/resPyre/robust_ossm_ekf/profile1d_linear__robust_ossm_ekf/trials/trial_00002/trial_manifest.json,/home/gongjae/Projects/resPyre/robust_ossm_ekf/profile1d_linear__robust_ossm_ekf/trials/trial_00002/metrics_summary.json,"{""oscillator.g_z_eff_floor_ratio"": 0.27384667761442905, ""oscillator.post_smooth_alpha"": 0.890515105715415, ""oscillator.qf"": 0.0005998310726703179, ""oscillator.qx"": 0.0006074991690688986, ""oscillator.rv"": 0.014725059714885287, ""oscillator.rv_auto"": true, ""oscillator.rv_mad_scale"": 0.9253338026250708, ""oscillator.spec_guidance_strength"": 0.8842523849688475, ""oscillator.student_t_nu"": 8.016769826387396, ""oscillator.tau_env"": 39.05081585127197, ""trust.alpha_R_max"": 6.7444276862666666, ""trust.beta_1"": 1.2016560257482467, ""trust.beta_2"": 0.17016644573759754, ""trust.g_z_floor"": 0.12927321684337578, ""trust.gate_bias"": 0.2886725443173916, ""trust.w_gate_nis"": 0.296942492241561}",0.475,0.36424097327738547,0.23,0.05804321435926339,0.05349394488706771,0.0,0.0,0.0006203473945409429,0.6361746913005867,0.336990945496811,1.6418541545254146,0.22438061985073643,0.0,90.73634448032402,1.0,0.0,0.5512387602985271
2026-02-27T08:34:26.029663Z,profile1d_linear__robust_ossm_ekf,robust_ossm_ekf,3,3.1250291483915853,3.1250291483915853,completed,578.5663967132568,subject_kfold,32,raw,,/home/gongjae/Projects/resPyre/robust_ossm_ekf/profile1d_linear__robust_ossm_ekf/trials/trial_00003/run_workspace/results/trial_00003,/home/gongjae/Projects/resPyre/robust_ossm_ekf/profile1d_linear__robust_ossm_ekf/trials/trial_00003,ce9fb9ed092e70e3,/home/gongjae/Projects/resPyre/robust_ossm_ekf/profile1d_linear__robust_ossm_ekf/trials/trial_00003/trial_manifest.json,/home/gongjae/Projects/resPyre/robust_ossm_ekf/profile1d_linear__robust_ossm_ekf/trials/trial_00003/metrics_summary.json,"{""oscillator.g_z_eff_floor_ratio"": 0.6073805889770276, ""oscillator.post_smooth_alpha"": 0.6127237528126308, ""oscillator.qf"": 0.0009345264670479496, ""oscillator.qx"": 0.003106473712157154, ""oscillator.rv"": 0.01514379468295123, ""oscillator.rv_auto"": true, ""oscillator.rv_mad_scale"": 0.6939524513028728, ""oscillator.spec_guidance_strength"": 0.718206988040011, ""oscillator.student_t_nu"": 8.446946011223972, ""oscillator.tau_env"": 26.3459882119285, ""trust.alpha_R_max"": 6.847923138822793, ""trust.beta_1"": 1.2787745127893801, ""trust.beta_2"": 0.45664796217656384, ""trust.g_z_floor"": 0.1831845049864872, ""trust.gate_bias"": 0.4842893452585054, ""trust.w_gate_nis"": 0.2628265282593462}",0.625,0.4144532298998085,0.865,0.06342492618437151,0.051922861725539934,0.014797937954524533,0.0,0.004918923122056681,0.5657812978674286,0.3821960569583741,1.9722790129483871,0.22649345702479348,0.0,91.23768452414743,1.0,0.0,20.074360867168167
2026-02-27T08:43:57.496832Z,profile1d_linear__robust_ossm_ekf,robust_ossm_ekf,4,1.9896229691988865,1.9896229691988865,completed,571.3588364124298,subject_kfold,32,raw,,/home/gongjae/Projects/resPyre/robust_ossm_ekf/profile1d_linear__robust_ossm_ekf/trials/trial_00004/run_workspace/results/trial_00004,/home/gongjae/Projects/resPyre/robust_ossm_ekf/profile1d_linear__robust_ossm_ekf/trials/trial_00004,59aa33deb5d4b8ac,/home/gongjae/Projects/resPyre/robust_ossm_ekf/profile1d_linear__robust_ossm_ekf/trials/trial_00004/trial_manifest.json,/home/gongjae/Projects/resPyre/robust_ossm_ekf/profile1d_linear__robust_ossm_ekf/trials/trial_00004/metrics_summary.json,"{""oscillator.g_z_eff_floor_ratio"": 0.36267832615405654, ""oscillator.post_smooth_alpha"": 0.7203722223824078, ""oscillator.qf"": 0.00032589028062822184, ""oscillator.qx"": 0.006330616761859024, ""oscillator.rv"": 0.05214645890066527, ""oscillator.rv_auto"": false, ""oscillator.rv_mad_scale"": 0.9190549904649884, ""oscillator.spec_guidance_strength"": 0.7263768706530324, ""oscillator.student_t_nu"": 3.497500178015919, ""oscillator.tau_env"": 30.19110884579555, ""trust.alpha_R_max"": 6.010984903770199, ""trust.beta_1"": 1.461611260067122, ""trust.beta_2"": 0.5052935928290765, ""trust.g_z_floor"": 0.1634159012386432, ""trust.gate_bias"": 0.4822019632422892, ""trust.w_gate_nis"": 0.16956445877807852}",0.575,0.4212481414555781,0.655,0.03964767290126142,0.03964767290126142,0.0,0.0,0.0,0.5510600310907328,0.2740430132755698,2.094616441808305,0.7122993638057795,0.0033057153361742866,78.4911455568186,1.0,0.0,12.084087908763241
2026-02-27T08:53:14.636207Z,profile1d_linear__robust_ossm_ekf,robust_ossm_ekf,5,0.6308758038390774,0.6308758038390774,completed,557.0376243591309,subject_kfold,32,raw,,/home/gongjae/Projects/resPyre/robust_ossm_ekf/profile1d_linear__robust_ossm_ekf/trials/trial_00005/run_workspace/results/trial_00005,/home/gongjae/Projects/resPyre/robust_ossm_ekf/profile1d_linear__robust_ossm_ekf/trials/trial_00005,4bb961d9ac182119,/home/gongjae/Projects/resPyre/robust_ossm_ekf/profile1d_linear__robust_ossm_ekf/trials/trial_00005/trial_manifest.json,/home/gongjae/Projects/resPyre/robust_ossm_ekf/profile1d_linear__robust_ossm_ekf/trials/trial_00005/metrics_summary.json,"{""oscillator.g_z_eff_floor_ratio"": 0.21480098631502248, ""oscillator.post_smooth_alpha"": 0.8853700282738, ""oscillator.qf"": 0.0028766020618125436, ""oscillator.qx"": 0.00040667214960091495, ""oscillator.rv"": 0.04033632477908749, ""oscillator.rv_auto"": false, ""oscillator.rv_mad_scale"": 0.7394220566903776, ""oscillator.spec_guidance_strength"": 0.7830027235537772, ""oscillator.student_t_nu"": 11.01907884845086, ""oscillator.tau_env"": 56.75658188007609, ""trust.alpha_R_max"": 3.554911608578311, ""trust.beta_1"": 0.6774559654776428, ""trust.beta_2"": 1.052151699945641, ""trust.g_z_floor"": 0.12860125762871064, ""trust.gate_bias"": 0.3720669729233776, ""trust.w_gate_nis"": 0.3030862694627476}",0.54,0.38484027582149294,0.36,0.05877791563275434,0.0,0.05647353150467631,0.0,0.12658932115973304,0.5034002635649932,0.2905211109073138,2.1299693080676705,1.3334141664772736,0.0029527994163566504,93.71120255808063,1.0,0.0,1.6965636014022565
2026-02-27T09:02:57.802419Z,profile1d_linear__robust_ossm_ekf,robust_ossm_ekf,6,0.31735934607798005,0.31735934607798005,completed,583.0429444313049,subject_kfold,32,raw,,/home/gongjae/Projects/resPyre/robust_ossm_ekf/profile1d_linear__robust_ossm_ekf/trials/trial_00006/run_workspace/results/trial_00006,/home/gongjae/Projects/resPyre/robust_ossm_ekf/profile1d_linear__robust_ossm_ekf/trials/trial_00006,e669a25bd4cf2e1b,/home/gongjae/Projects/resPyre/robust_ossm_ekf/profile1d_linear__robust_ossm_ekf/trials/trial_00006/trial_manifest.json,/home/gongjae/Projects/resPyre/robust_ossm_ekf/profile1d_linear__robust_ossm_ekf/trials/trial_00006/metrics_summary.json,"{""oscillator.g_z_eff_floor_ratio"": 0.5423545745786437, ""oscillator.post_smooth_alpha"": 0.8076725631007136, ""oscillator.qf"": 0.0003577138124536962, ""oscillator.qx"": 0.001645984621876533, ""oscillator.rv"": 0.030419682293851568, ""oscillator.rv_auto"": false, ""oscillator.rv_mad_scale"": 1.049245734159347, ""oscillator.spec_guidance_strength"": 0.870967137636854, ""oscillator.student_t_nu"": 11.368635534785872, ""oscillator.tau_env"": 57.08872893559574, ""trust.alpha_R_max"": 5.182052056318902, ""trust.beta_1"": 1.1250061123201935, ""trust.beta_2"": 0.5817442998272336, ""trust.g_z_floor"": 0.11414313355903041, ""trust.gate_bias"": 0.2561035420365183, ""trust.w_gate_nis"": 0.06991345943019713}",0.485,0.38694783755203027,0.305,0.017986569654147563,0.013388581185191355,0.0,0.0,0.008003897429181676,0.5969947208739788,0.40121893940791564,1.888098365324723,1.0555285564525092,0.0014763826198460625,75.97039093222298,1.0,0.0,0.08469408515393988
2026-02-27T09:12:17.075405Z,profile1d_linear__robust_ossm_ekf,robust_ossm_ekf,7,0.2872406718385138,0.2872406718385138,completed,559.1623387336731,subject_kfold,32,raw,,/home/gongjae/Projects/resPyre/robust_ossm_ekf/profile1d_linear__robust_ossm_ekf/trials/trial_00007/run_workspace/results/trial_00007,/home/gongjae/Projects/resPyre/robust_ossm_ekf/profile1d_linear__robust_ossm_ekf/trials/trial_00007,cea299f955f347b5,/home/gongjae/Projects/resPyre/robust_ossm_ekf/profile1d_linear__robust_ossm_ekf/trials/trial_00007/trial_manifest.json,/home/gongjae/Projects/resPyre/robust_ossm_ekf/profile1d_linear__robust_ossm_ekf/trials/trial_00007/metrics_summary.json,"{""oscillator.g_z_eff_floor_ratio"": 0.2557740050093821, ""oscillator.post_smooth_alpha"": 0.7072080375780941, ""oscillator.qf"": 0.0024040013276358622, ""oscillator.qx"": 0.0013676673647063577, ""oscillator.rv"": 0.05355686835695691, ""oscillator.rv_auto"": false, ""oscillator.rv_mad_scale"": 0.7621815031169937, ""oscillator.spec_guidance_strength"": 1.1543034740226723, ""oscillator.student_t_nu"": 3.846779008116723, ""oscillator.tau_env"": 31.897504605564368, ""trust.alpha_R_max"": 6.462794992449889, ""trust.beta_1"": 1.4389324175208587, ""trust.beta_2"": 0.8040760570312574, ""trust.g_z_floor"": 0.18395652649871613, ""trust.gate_bias"": 0.6179094799875395, ""trust.w_gate_nis"": 0.3998696301732099}",0.5,0.38471069153527504,0.21,0.02243816395590873,0.0,0.02197084061655808,0.0,0.0068430809018657866,0.5416866894103721,0.30405603713855434,1.9467751853597686,0.8249153307965185,0.004721504958868135,94.25911932625488,1.0,0.0,0.0
2026-02-27T09:21:46.707993Z,profile1d_linear__robust_ossm_ekf,robust_ossm_ekf,8,2.9788968365918125,2.9788968365918125,completed,569.5103569030762,subject_kfold,32,raw,,/home/gongjae/Projects/resPyre/robust_ossm_ekf/profile1d_linear__robust_ossm_ekf/trials/trial_00008/run_workspace/results/trial_00008,/home/gongjae/Projects/resPyre/robust_ossm_ekf/profile1d_linear__robust_ossm_ekf/trials/trial_00008,0b8ffc6257f10374,/home/gongjae/Projects/resPyre/robust_ossm_ekf/profile1d_linear__robust_ossm_ekf/trials/trial_00008/trial_manifest.json,/home/gongjae/Projects/resPyre/robust_ossm_ekf/profile1d_linear__robust_ossm_ekf/trials/trial_00008/metrics_summary.json,"{""oscillator.g_z_eff_floor_ratio"": 0.18326750134965963, ""oscillator.post_smooth_alpha"": 0.9184703158048471, ""oscillator.qf"": 0.0004948692768733088, ""oscillator.qx"": 0.0005562126299894912, ""oscillator.rv"": 0.05228472077246, ""oscillator.rv_auto"": false, ""oscillator.rv_mad_scale"": 0.7931015637373388, ""oscillator.spec_guidance_strength"": 0.8819857466754177, ""oscillator.student_t_nu"": 11.998162425147424, ""oscillator.tau_env"": 42.20960500856533, ""trust.alpha_R_max"": 3.616014660103776, ""trust.beta_1"": 1.0091521034636568, ""trust.beta_2"": 0.35987643530838864, ""trust.g_z_floor"": 0.5243093667606337, ""trust.gate_bias"": 0.3755598891298866, ""trust.w_gate_nis"": 0.1067474932601363}",0.6,0.4246983585852351,0.87,0.040109730748779424,0.011410307333135066,0.030215231788079472,0.0,0.014354325669272715,0.5721085525550667,0.2995948317058544,1.804576829897937,1.1038484364209409,0.0006642749976929657,70.02052754394208,1.0,0.0,19.712106740397136
2026-02-27T09:31:28.664148Z,profile1d_linear__robust_ossm_ekf,robust_ossm_ekf,9,1.0059865261915566,1.0059865261915566,completed,581.8338296413422,subject_kfold,32,raw,,/home/gongjae/Projects/resPyre/robust_ossm_ekf/profile1d_linear__robust_ossm_ekf/trials/trial_00009/run_workspace/results/trial_00009,/home/gongjae/Projects/resPyre/robust_ossm_ekf/profile1d_linear__robust_ossm_ekf/trials/trial_00009,0e7ef81fa2654e4f,/home/gongjae/Projects/resPyre/robust_ossm_ekf/profile1d_linear__robust_ossm_ekf/trials/trial_00009/trial_manifest.json,/home/gongjae/Projects/resPyre/robust_ossm_ekf/profile1d_linear__robust_ossm_ekf/trials/trial_00009/metrics_summary.json,"{""oscillator.g_z_eff_floor_ratio"": 0.1973368652566304, ""oscillator.post_smooth_alpha"": 0.705390982919663, ""oscillator.qf"": 0.0005315159822293959, ""oscillator.qx"": 0.00714879414317624, ""oscillator.rv"": 0.017136759315240304, ""oscillator.rv_auto"": false, ""oscillator.rv_mad_scale"": 1.0873019372244324, ""oscillator.spec_guidance_strength"": 0.946216817086933, ""oscillator.student_t_nu"": 6.309661407984466, ""oscillator.tau_env"": 45.856922306404044, ""trust.alpha_R_max"": 2.7244743604561155, ""trust.beta_1"": 1.1029469255517474, ""trust.beta_2"": 0.1755970513499885, ""trust.g_z_floor"": 0.2078028508001376, ""trust.gate_bias"": 0.67229826070266, ""trust.w_gate_nis"": 0.16867212105227847}",0.565,0.4250093854859751,0.45,0.03128979813033464,0.03128979813033464,0.0,0.0,0.0003568515497553018,0.5116136639120229,0.23797537692182436,1.733898237642223,0.9281183346843185,0.007417275891472416,84.9169627365116,1.0,0.0,4.789473684210527
2026-02-27T09:40:38.188241Z,profile1d_linear__robust_ossm_ekf,robust_ossm_ekf,10,0.38247141056110007,0.38247141056110007,completed,549.4173963069916,subject_kfold,32,raw,,/home/gongjae/Projects/resPyre/robust_ossm_ekf/profile1d_linear__robust_ossm_ekf/trials/trial_00010/run_workspace/results/trial_00010,/home/gongjae/Projects/resPyre/robust_ossm_ekf/profile1d_linear__robust_ossm_ekf/trials/trial_00010,d99dcbfc7b0c1253,/home/gongjae/Projects/resPyre/robust_ossm_ekf/profile1d_linear__robust_ossm_ekf/trials/trial_00010/trial_manifest.json,/home/gongjae/Projects/resPyre/robust_ossm_ekf/profile1d_linear__robust_ossm_ekf/trials/trial_00010/metrics_summary.json,"{""oscillator.g_z_eff_floor_ratio"": 0.4777589640576205, ""oscillator.post_smooth_alpha"": 0.8339531573196244, ""oscillator.qf"": 0.000509464094326924, ""oscillator.qx"": 0.003916967392106293, ""oscillator.rv"": 0.013283653228502093, ""oscillator.rv_auto"": false, ""oscillator.rv_mad_scale"": 0.9524609963326454, ""oscillator.spec_guidance_strength"": 0.8982535446485931, ""oscillator.student_t_nu"": 7.045614459911786, ""oscillator.tau_env"": 57.867250127816696, ""trust.alpha_R_max"": 4.954464715941209, ""trust.beta_1"": 0.6493187470598492, ""trust.beta_2"": 1.022126695236377, ""trust.g_z_floor"": 0.11834881369964377, ""trust.gate_bias"": 0.29698962540792423, ""trust.w_gate_nis"": 0.18510422533897697}",0.53,0.4146546844565162,0.305,0.053675304071919616,0.03436439079592607,0.01236129409048311,0.0,0.011751549645670652,0.545395336747819,0.3473366147557216,2.084932363774535,1.1987811954882814,0.009342250910199178,86.56286372677599,1.0,0.0,0.042466181887267584
2026-02-27T09:50:15.661960Z,profile1d_linear__robust_ossm_ekf,robust_ossm_ekf,11,0.5736353305700692,0.5736353305700692,completed,577.3610179424286,subject_kfold,32,raw,,/home/gongjae/Projects/resPyre/robust_ossm_ekf/profile1d_linear__robust_ossm_ekf/trials/trial_00011/run_workspace/results/trial_00011,/home/gongjae/Projects/resPyre/robust_ossm_ekf/profile1d_linear__robust_ossm_ekf/trials/trial_00011,90e158030a644244,/home/gongjae/Projects/resPyre/robust_ossm_ekf/profile1d_linear__robust_ossm_ekf/trials/trial_00011/trial_manifest.json,/home/gongjae/Projects/resPyre/robust_ossm_ekf/profile1d_linear__robust_ossm_ekf/trials/trial_00011/metrics_summary.json,"{""oscillator.g_z_eff_floor_ratio"": 0.24463484374861683, ""oscillator.post_smooth_alpha"": 0.9465900958325917, ""oscillator.qf"": 0.0004214984316920189, ""oscillator.qx"": 0.0027634343015617096, ""oscillator.rv"": 0.023388599589457264, ""oscillator.rv_auto"": true, ""oscillator.rv_mad_scale"": 0.7519230988390722, ""oscillator.spec_guidance_strength"": 0.771693128182668, ""oscillator.student_t_nu"": 7.2540888093059115, ""oscillator.tau_env"": 55.92876238132823, ""trust.alpha_R_max"": 6.0861110010060795, ""trust.beta_1"": 0.674820873364648, ""trust.beta_2"": 1.118669107740848, ""trust.g_z_floor"": 0.39699282071538067, ""trust.gate_bias"": 0.3341296464118809, ""trust.w_gate_nis"": 0.4021623478185826}",0.5,0.3755526583866292,0.325,0.09850052402852655,0.09850052402852655,0.0,0.0,0.0,0.584424608233538,0.29133624690825316,1.9565006796746558,0.18717325808573454,0.0,91.70440071672208,1.0,0.0,1.0291622557583566
2026-02-27T09:50:21.119843Z,profile1d_linear__robust_ossm_ekf,robust_ossm_ekf,12,0.4829794903150322,0.4829794903150322,pruned,5.3377485275268555,subject_kfold,1,raw,debug_quantile,,/home/gongjae/Projects/resPyre/robust_ossm_ekf/profile1d_linear__robust_ossm_ekf/trials/trial_00012,5a611d432e39cbce,/home/gongjae/Projects/resPyre/robust_ossm_ekf/profile1d_linear__robust_ossm_ekf/trials/trial_00012/trial_manifest.json,/home/gongjae/Projects/resPyre/robust_ossm_ekf/profile1d_linear__robust_ossm_ekf/trials/trial_00012/metrics_summary.json,"{""oscillator.g_z_eff_floor_ratio"": 0.5211991690690125, ""oscillator.post_smooth_alpha"": 0.7292075426066845, ""oscillator.qf"": 0.00371031608986676, ""oscillator.qx"": 0.005879827769427342, ""oscillator.rv"": 0.013278005776780708, ""oscillator.rv_auto"": true, ""oscillator.rv_mad_scale"": 0.6918962455126547, ""oscillator.spec_guidance_strength"": 1.1331216689691752, ""oscillator.student_t_nu"": 6.729327701535707, ""oscillator.tau_env"": 52.92127577820993, ""trust.alpha_R_max"": 6.492770942635397, ""trust.beta_1"": 1.5257950666916291, ""trust.beta_2"": 0.9622655895262339, ""trust.g_z_floor"": 0.17273292134257623, ""trust.gate_bias"": 0.2437527817974254, ""trust.w_gate_nis"": 0.31039234200017224}",0.29,0.28076784599260907,0.29,0.030705394190871368,0.030705394190871368,0.0,0.0,0.0,0.6116457808258257,0.5135350193819515,2.1315704874058765,0.007720959590505794,0.0,99.5850622406639,1.0,0.0,nan
2026-02-27T09:59:55.263289Z,profile1d_linear__robust_ossm_ekf,robust_ossm_ekf,13,3.330524464295112,3.330524464295112,completed,574.054815530777,subject_kfold,32,raw,,/home/gongjae/Projects/resPyre/robust_ossm_ekf/profile1d_linear__robust_ossm_ekf/trials/trial_00013/run_workspace/results/trial_00013,/home/gongjae/Projects/resPyre/robust_ossm_ekf/profile1d_linear__robust_ossm_ekf/trials/trial_00013,43ef68672fb9a614,/home/gongjae/Projects/resPyre/robust_ossm_ekf/profile1d_linear__robust_ossm_ekf/trials/trial_00013/trial_manifest.json,/home/gongjae/Projects/resPyre/robust_ossm_ekf/profile1d_linear__robust_ossm_ekf/trials/trial_00013/metrics_summary.json,"{""oscillator.g_z_eff_floor_ratio"": 0.2854065754464631, ""oscillator.post_smooth_alpha"": 0.8412256660159622, ""oscillator.qf"": 0.000404721342603072, ""oscillator.qx"": 0.0004061114775630952, ""oscillator.rv"": 0.009894894498963866, ""oscillator.rv_auto"": true, ""oscillator.rv_mad_scale"": 0.9485757960986252, ""oscillator.spec_guidance_strength"": 1.0129164938758983, ""oscillator.student_t_nu"": 10.610847174619625, ""oscillator.tau_env"": 48.53415704706248, ""trust.alpha_R_max"": 5.288064461501717, ""trust.beta_1"": 0.8109739962464801, ""trust.beta_2"": 0.47143167401200914, ""trust.g_z_floor"": 0.4821505347223801, ""trust.gate_bias"": 0.5378091075045517, ""trust.w_gate_nis"": 0.3511316479960294}",0.625,0.39582388377922456,0.925,0.10203908227922792,0.10203908227922792,0.01274608565733407,0.0,0.0015790546047269763,0.5429663510075836,0.26017754538499654,1.803009480373444,0.36354751461880963,0.0,80.35728766279051,1.0,0.0,21.9373558175521
2026-02-27T10:09:07.884957Z,profile1d_linear__robust_ossm_ekf,robust_ossm_ekf,14,3.070837356645669,3.070837356645669,completed,552.5183644294739,subject_kfold,32,raw,,/home/gongjae/Projects/resPyre/robust_ossm_ekf/profile1d_linear__robust_ossm_ekf/trials/trial_00014/run_workspace/results/trial_00014,/home/gongjae/Projects/resPyre/robust_ossm_ekf/profile1d_linear__robust_ossm_ekf/trials/trial_00014,6ba70b55010c895d,/home/gongjae/Projects/resPyre/robust_ossm_ekf/profile1d_linear__robust_ossm_ekf/trials/trial_00014/trial_manifest.json,/home/gongjae/Projects/resPyre/robust_ossm_ekf/profile1d_linear__robust_ossm_ekf/trials/trial_00014/metrics_summary.json,"{""oscillator.g_z_eff_floor_ratio"": 0.5535613126645748, ""oscillator.post_smooth_alpha"": 0.8335212916189872, ""oscillator.qf"": 0.004611645617637977, ""oscillator.qx"": 0.0008308025789647843, ""oscillator.rv"": 0.017284085978209292, ""oscillator.rv_auto"": true, ""oscillator.rv_mad_scale"": 0.7693410654567765, ""oscillator.spec_guidance_strength"": 0.8767141105183749, ""oscillator.student_t_nu"": 12.812512106948246, ""oscillator.tau_env"": 40.44108168267154, ""trust.alpha_R_max"": 2.121579832157269, ""trust.beta_1"": 1.1845942730889951, ""trust.beta_2"": 0.651919109324373, ""trust.g_z_floor"": 0.22634756309838513, ""trust.gate_bias"": 0.5756750999359828, ""trust.w_gate_nis"": 0.13614476524123736}",0.645,0.44342625212968856,0.855,0.17747926255126667,0.02778000454260024,0.14851414698102205,0.0,0.13993450155578013,0.5432799456930746,0.3424805774727129,1.8694317813629224,0.3478503558989337,0.0,92.64637851938414,1.0,0.0,19.59841693526096
2026-02-27T10:18:12.553823Z,profile1d_linear__robust_ossm_ekf,robust_ossm_ekf,15,1.5893733661316651,1.5893733661316651,completed,544.5564198493958,subject_kfold,32,raw,,/home/gongjae/Projects/resPyre/robust_ossm_ekf/profile1d_linear__robust_ossm_ekf/trials/trial_00015/run_workspace/results/trial_00015,/home/gongjae/Projects/resPyre/robust_ossm_ekf/profile1d_linear__robust_ossm_ekf/trials/trial_00015,69c53dbf63382f88,/home/gongjae/Projects/resPyre/robust_ossm_ekf/profile1d_linear__robust_ossm_ekf/trials/trial_00015/trial_manifest.json,/home/gongjae/Projects/resPyre/robust_ossm_ekf/profile1d_linear__robust_ossm_ekf/trials/trial_00015/metrics_summary.json,"{""oscillator.g_z_eff_floor_ratio"": 0.6343277649505248, ""oscillator.post_smooth_alpha"": 0.7584281348774062, ""oscillator.qf"": 0.0007577528541589271, ""oscillator.qx"": 0.0061990623567659735, ""oscillator.rv"": 0.05737744234239306, ""oscillator.rv_auto"": true, ""oscillator.rv_mad_scale"": 1.0792678596511645, ""oscillator.spec_guidance_strength"": 1.1763529851080143, ""oscillator.student_t_nu"": 13.211504188464978, ""oscillator.tau_env"": 20.803744059501106, ""trust.alpha_R_max"": 2.8474637334304624, ""trust.beta_1"": 1.488310401014096, ""trust.beta_2"": 0.4380048034351526, ""trust.g_z_floor"": 0.24261490232032498, ""trust.gate_bias"": 0.6425910691887656, ""trust.w_gate_nis"": 0.21018811415475086}",0.54,0.3963895433327914,0.54,0.0814889980773339,0.054690376741502025,0.0,0.0,0.006185621175111454,0.5083426808102762,0.36248305104953304,2.0214449710225453,0.2125163143927486,0.0,93.54290487732506,1.0,0.0,8.53305827777841
2026-02-27T10:27:20.332071Z,profile1d_linear__robust_ossm_ekf,robust_ossm_ekf,16,0.43144658195636837,0.43144658195636837,completed,547.6749033927917,subject_kfold,32,raw,,/home/gongjae/Projects/resPyre/robust_ossm_ekf/profile1d_linear__robust_ossm_ekf/trials/trial_00016/run_workspace/results/trial_00016,/home/gongjae/Projects/resPyre/robust_ossm_ekf/profile1d_linear__robust_ossm_ekf/trials/trial_00016,2d915ac98b87e4e0,/home/gongjae/Projects/resPyre/robust_ossm_ekf/profile1d_linear__robust_ossm_ekf/trials/trial_00016/trial_manifest.json,/home/gongjae/Projects/resPyre/robust_ossm_ekf/profile1d_linear__robust_ossm_ekf/trials/trial_00016/metrics_summary.json,"{""oscillator.g_z_eff_floor_ratio"": 0.5923653438061391, ""oscillator.post_smooth_alpha"": 0.7917819713745826, ""oscillator.qf"": 0.0015779122876478616, ""oscillator.qx"": 0.0005351672451106652, ""oscillator.rv"": 0.034383822958437324, ""oscillator.rv_auto"": false, ""oscillator.rv_mad_scale"": 0.9065275265402143, ""oscillator.spec_guidance_strength"": 1.031499601540233, ""oscillator.student_t_nu"": 4.540924167601764, ""oscillator.tau_env"": 71.48280020542168, ""trust.alpha_R_max"": 6.050566973395904, ""trust.beta_1"": 1.3167173150947948, ""trust.beta_2"": 0.878682810706078, ""trust.g_z_floor"": 0.4642125199653312, ""trust.gate_bias"": 0.35266775901753655, ""trust.w_gate_nis"": 0.20020154897570452}",0.49,0.3761709011603993,0.32,0.03820791376573358,0.0,0.03820791376573358,0.0,0.01335504239001286,0.5546798894185754,0.3900058822264247,2.095556270793561,1.496500841088083,0.003007102517614192,84.5599407525473,1.0,0.0,0.2758483108353782
2026-02-27T10:37:07.863753Z,profile1d_linear__robust_ossm_ekf,robust_ossm_ekf,17,0.30455680089409887,0.30455680089409887,completed,587.4101123809814,subject_kfold,32,raw,,/home/gongjae/Projects/resPyre/robust_ossm_ekf/profile1d_linear__robust_ossm_ekf/trials/trial_00017/run_workspace/results/trial_00017,/home/gongjae/Projects/resPyre/robust_ossm_ekf/profile1d_linear__robust_ossm_ekf/trials/trial_00017,64a6c8f0421e0ab8,/home/gongjae/Projects/resPyre/robust_ossm_ekf/profile1d_linear__robust_ossm_ekf/trials/trial_00017/trial_manifest.json,/home/gongjae/Projects/resPyre/robust_ossm_ekf/profile1d_linear__robust_ossm_ekf/trials/trial_00017/metrics_summary.json,"{""oscillator.g_z_eff_floor_ratio"": 0.3388577237202218, ""oscillator.post_smooth_alpha"": 0.9293019764724995, ""oscillator.qf"": 0.0017521148831823423, ""oscillator.qx"": 0.004371857165879317, ""oscillator.rv"": 0.023351847798637002, ""oscillator.rv_auto"": false, ""oscillator.rv_mad_scale"": 0.8756823326092399, ""oscillator.spec_guidance_strength"": 0.7941289192159636, ""oscillator.student_t_nu"": 11.753719363797112, ""oscillator.tau_env"": 56.50227761740057, ""trust.alpha_R_max"": 3.432706260641422, ""trust.beta_1"": 0.653380133824956, ""trust.beta_2"": 0.744542552275868, ""trust.g_z_floor"": 0.3441900856184095, ""trust.gate_bias"": 0.4421109694288793, ""trust.w_gate_nis"": 0.07401748678072942}",0.475,0.3803724900918498,0.195,0.02488111548857269,0.0020685093586183096,0.006625602857503415,0.0,0.01699368108802274,0.6169854165513837,0.3485980038093548,1.6503302832027968,0.535608240140871,0.0026561455833281427,90.74714464213434,1.0,0.0,0.0
2026-02-27T10:46:22.957202Z,profile1d_linear__robust_ossm_ekf,robust_ossm_ekf,18,3.4823082339385425,3.4823082339385425,completed,554.9742333889008,subject_kfold,32,raw,,/home/gongjae/Projects/resPyre/robust_ossm_ekf/profile1d_linear__robust_ossm_ekf/trials/trial_00018/run_workspace/results/trial_00018,/home/gongjae/Projects/resPyre/robust_ossm_ekf/profile1d_linear__robust_ossm_ekf/trials/trial_00018,514d7698cfd88ce1,/home/gongjae/Projects/resPyre/robust_ossm_ekf/profile1d_linear__robust_ossm_ekf/trials/trial_00018/trial_manifest.json,/home/gongjae/Projects/resPyre/robust_ossm_ekf/profile1d_linear__robust_ossm_ekf/trials/trial_00018/metrics_summary.json,"{""oscillator.g_z_eff_floor_ratio"": 0.47275852363493015, ""oscillator.post_smooth_alpha"": 0.6798537801738319, ""oscillator.qf"": 0.00036580492382955144, ""oscillator.qx"": 0.0011767354036065249, ""oscillator.rv"": 0.00865107828289298, ""oscillator.rv_auto"": true, ""oscillator.rv_mad_scale"": 1.0201702522968463, ""oscillator.spec_guidance_strength"": 0.6054758522459492, ""oscillator.student_t_nu"": 11.469929084084718, ""oscillator.tau_env"": 47.156649522849825, ""trust.alpha_R_max"": 6.879260397312673, ""trust.beta_1"": 0.6068498932854685, ""trust.beta_2"": 0.6938630020935999, ""trust.g_z_floor"": 0.42674110017519773, ""trust.gate_bias"": 0.5314635487790674, ""trust.w_gate_nis"": 0.27084769742794157}",0.62,0.4223852776525374,0.955,0.08428617513172515,0.08428617513172515,0.0,0.0,0.00035028022417934345,0.5541868212053783,0.3195491473764373,1.8138649285502262,0.2939411009569925,0.0,80.95053124115121,1.0,0.0,23.092640946124913
2026-02-27T10:55:34.773885Z,profile1d_linear__robust_ossm_ekf,robust_ossm_ekf,19,3.775355874105821,3.775355874105821,completed,551.7045285701752,subject_kfold,32,raw,,/home/gongjae/Projects/resPyre/robust_ossm_ekf/profile1d_linear__robust_ossm_ekf/trials/trial_00019/run_workspace/results/trial_00019,/home/gongjae/Projects/resPyre/robust_ossm_ekf/profile1d_linear__robust_ossm_ekf/trials/trial_00019,4328b707fb011bd9,/home/gongjae/Projects/resPyre/robust_ossm_ekf/profile1d_linear__robust_ossm_ekf/trials/trial_00019/trial_manifest.json,/home/gongjae/Projects/resPyre/robust_ossm_ekf/profile1d_linear__robust_ossm_ekf/trials/trial_00019/metrics_summary.json,"{""oscillator.g_z_eff_floor_ratio"": 0.507107876864038, ""oscillator.post_smooth_alpha"": 0.9093126445895161, ""oscillator.qf"": 0.00031623804327962423, ""oscillator.qx"": 0.0014899612610164577, ""oscillator.rv"": 0.04232227162914432, ""oscillator.rv_auto"": true, ""oscillator.rv_mad_scale"": 0.7718745130679334, ""oscillator.spec_guidance_strength"": 0.8158194138692754, ""oscillator.student_t_nu"": 13.589132561457175, ""oscillator.tau_env"": 21.31823865760379, ""trust.alpha_R_max"": 5.300986883588656, ""trust.beta_1"": 0.7406237520779304, ""trust.beta_2"": 0.28895200608477295, ""trust.g_z_floor"": 0.42156816521502816, ""trust.gate_bias"": 0.48559786564718266, ""trust.w_gate_nis"": 0.15759473028419219}",0.635,0.41996477395836956,1.02,0.08840353195191905,0.08799768779607489,0.0,0.0,0.0,0.5607543917316324,0.32987734211707365,1.6672899950329347,0.30929851350113813,0.0,79.05156561941789,1.0,0.0,25.45374227341654
2026-02-27T11:04:46.373063Z,profile1d_linear__robust_ossm_ekf,robust_ossm_ekf,20,0.718359145811249,0.718359145811249,completed,551.4743337631226,subject_kfold,32,raw,,/home/gongjae/Projects/resPyre/robust_ossm_ekf/profile1d_linear__robust_ossm_ekf/trials/trial_00020/run_workspace/results/trial_00020,/home/gongjae/Projects/resPyre/robust_ossm_ekf/profile1d_linear__robust_ossm_ekf/trials/trial_00020,0614c01e84f562bd,/home/gongjae/Projects/resPyre/robust_ossm_ekf/profile1d_linear__robust_ossm_ekf/trials/trial_00020/trial_manifest.json,/home/gongjae/Projects/resPyre/robust_ossm_ekf/profile1d_linear__robust_ossm_ekf/trials/trial_00020/metrics_summary.json,"{""oscillator.g_z_eff_floor_ratio"": 0.18185629946109094, ""oscillator.post_smooth_alpha"": 0.7516894804955491, ""oscillator.qf"": 0.003761185498845053, ""oscillator.qx"": 0.0011873424394261477, ""oscillator.rv"": 0.03375079169111926, ""oscillator.rv_auto"": false, ""oscillator.rv_mad_scale"": 0.8381644512521501, ""oscillator.spec_guidance_strength"": 1.07489710470141, ""oscillator.student_t_nu"": 3.280423679643781, ""oscillator.tau_env"": 27.507159921759857, ""trust.alpha_R_max"": 5.929113128459032, ""trust.beta_1"": 1.5646969423726182, ""trust.beta_2"": 0.6277486514636827, ""trust.g_z_floor"": 0.19891877813347159, ""trust.gate_bias"": 0.6741406082697725, ""trust.w_gate_nis"": 0.3145402126012977}",0.54,0.38720920169538875,0.38,0.05225917897303888,0.0,0.04173553719008265,0.0,0.09452901715529657,0.45458624479623505,0.2610709450834977,2.285369817939463,1.2711941102846553,0.015439497745855749,94.87144929122653,1.0,0.0,2.4760182423030663
2026-02-27T11:14:01.547298Z,profile1d_linear__robust_ossm_ekf,robust_ossm_ekf,21,0.3233585713725836,0.3233585713725836,completed,555.0723605155945,subject_kfold,32,raw,,/home/gongjae/Projects/resPyre/robust_ossm_ekf/profile1d_linear__robust_ossm_ekf/trials/trial_00021/run_workspace/results/trial_00021,/home/gongjae/Projects/resPyre/robust_ossm_ekf/profile1d_linear__robust_ossm_ekf/trials/trial_00021,3cc8b7a52f2895b8,/home/gongjae/Projects/resPyre/robust_ossm_ekf/profile1d_linear__robust_ossm_ekf/trials/trial_00021/trial_manifest.json,/home/gongjae/Projects/resPyre/robust_ossm_ekf/profile1d_linear__robust_ossm_ekf/trials/trial_00021/metrics_summary.json,"{""oscillator.g_z_eff_floor_ratio"": 0.3969311519200458, ""oscillator.post_smooth_alpha"": 0.9333822038216686, ""oscillator.qf"": 0.0021755451051349403, ""oscillator.qx"": 0.004141927693153066, ""oscillator.rv"": 0.030064357693575794, ""oscillator.rv_auto"": false, ""oscillator.rv_mad_scale"": 0.8730321618740586, ""oscillator.spec_guidance_strength"": 0.8499789219789045, ""oscillator.student_t_nu"": 10.671819965256754, ""oscillator.tau_env"": 64.69711519053686, ""trust.alpha_R_max"": 3.4922913729386154, ""trust.beta_1"": 0.711178151484863, ""trust.beta_2"": 0.7120958819526962, ""trust.g_z_floor"": 0.39030806180041144, ""trust.gate_bias"": 0.42195239201418866, ""trust.w_gate_nis"": 0.07577511000621298}",0.49,0.373607309851024,0.28500000000000003,0.01733613779773748,0.002071251035625518,0.009366699147721046,0.0,0.01843771050573922,0.5744619772141617,0.34119785431541816,1.7824644746967522,0.6338906029629232,0.0017311186700074716,93.1705298013245,1.0,0.0,0.0
2026-02-27T11:23:58.445273Z,profile1d_linear__robust_ossm_ekf,robust_ossm_ekf,22,0.2825634409128283,0.2825634409128283,completed,596.7823467254639,subject_kfold,32,raw,,/home/gongjae/Projects/resPyre/robust_ossm_ekf/profile1d_linear__robust_ossm_ekf/trials/trial_00022/run_workspace/results/trial_00022,/home/gongjae/Projects/resPyre/robust_ossm_ekf/profile1d_linear__robust_ossm_ekf/trials/trial_00022,c2b47ecec47182d5,/home/gongjae/Projects/resPyre/robust_ossm_ekf/profile1d_linear__robust_ossm_ekf/trials/trial_00022/trial_manifest.json,/home/gongjae/Projects/resPyre/robust_ossm_ekf/profile1d_linear__robust_ossm_ekf/trials/trial_00022/metrics_summary.json,"{""oscillator.g_z_eff_floor_ratio"": 0.4943760618843068, ""oscillator.post_smooth_alpha"": 0.7944522616973749, ""oscillator.qf"": 0.0011406112903755265, ""oscillator.qx"": 0.0017264394283695108, ""oscillator.rv"": 0.03955361657097852, ""oscillator.rv_auto"": false, ""oscillator.rv_mad_scale"": 1.0499221214167573, ""oscillator.spec_guidance_strength"": 0.9229407078008625, ""oscillator.student_t_nu"": 11.897310294646031, ""oscillator.tau_env"": 43.45587296003551, ""trust.alpha_R_max"": 4.49197017301563, ""trust.beta_1"": 1.1972317897717646, ""trust.beta_2"": 0.7526600897624244, ""trust.g_z_floor"": 0.14572856235248233, ""trust.gate_bias"": 0.21681666114681986, ""trust.w_gate_nis"": 0.15506126607672585}",0.495,0.3933797466514436,0.22,0.016458140389462993,0.0,0.009435207711975601,0.0,0.01302551607046043,0.6385566725449294,0.4102520966254245,1.8430791936529176,0.8375016180093479,0.0015796567540343298,87.94634215018567,1.0,0.0,0.0
2026-02-27T11:24:04.030384Z,profile1d_linear__robust_ossm_ekf,robust_ossm_ekf,23,0.46515883601656816,0.46515883601656816,pruned,5.469447135925293,subject_kfold,1,raw,debug_stage,,/home/gongjae/Projects/resPyre/robust_ossm_ekf/profile1d_linear__robust_ossm_ekf/trials/trial_00023,d58b79c199992295,/home/gongjae/Projects/resPyre/robust_ossm_ekf/profile1d_linear__robust_ossm_ekf/trials/trial_00023/trial_manifest.json,/home/gongjae/Projects/resPyre/robust_ossm_ekf/profile1d_linear__robust_ossm_ekf/trials/trial_00023/metrics_summary.json,"{""oscillator.g_z_eff_floor_ratio"": 0.4588712425315522, ""oscillator.post_smooth_alpha"": 0.7337978526217034, ""oscillator.qf"": 0.0014458877279871867, ""oscillator.qx"": 0.0009687447202399799, ""oscillator.rv"": 0.03690657467508413, ""oscillator.rv_auto"": false, ""oscillator.rv_mad_scale"": 0.7979938975119875, ""oscillator.spec_guidance_strength"": 1.1801404093835604, ""oscillator.student_t_nu"": 5.570154823349749, ""oscillator.tau_env"": 41.02238934642555, ""trust.alpha_R_max"": 6.884033451329057, ""trust.beta_1"": 1.2920844181513569, ""trust.beta_2"": 1.002497361605926, ""trust.g_z_floor"": 0.10006523090996126, ""trust.gate_bias"": 0.6595044239819895, ""trust.w_gate_nis"": 0.4201306013610832}",0.29,0.2780296137270854,0.3,0.026556016597510373,0.026556016597510373,0.0,0.0,0.0,0.5216464244005979,0.43510855553717603,2.0935075972883124,0.06619225609604447,0.0,95.51867219917013,1.0,0.0,nan
2026-02-27T11:24:09.545681Z,profile1d_linear__robust_ossm_ekf,robust_ossm_ekf,24,0.47779322519057826,0.47779322519057826,pruned,5.423767805099487,subject_kfold,1,raw,debug_stage,,/home/gongjae/Projects/resPyre/robust_ossm_ekf/profile1d_linear__robust_ossm_ekf/trials/trial_00024,72de686190a13f90,/home/gongjae/Projects/resPyre/robust_ossm_ekf/profile1d_linear__robust_ossm_ekf/trials/trial_00024/trial_manifest.json,/home/gongjae/Projects/resPyre/robust_ossm_ekf/profile1d_linear__robust_ossm_ekf/trials/trial_00024/metrics_summary.json,"{""oscillator.g_z_eff_floor_ratio"": 0.461038084348936, ""oscillator.post_smooth_alpha"": 0.7006560500534993, ""oscillator.qf"": 0.002523669067774523, ""oscillator.qx"": 0.004994356440934822, ""oscillator.rv"": 0.06485386523503665, ""oscillator.rv_auto"": false, ""oscillator.rv_mad_scale"": 1.0751314967763386, ""oscillator.spec_guidance_strength"": 0.9100913967652888, ""oscillator.student_t_nu"": 12.212804801160415, ""oscillator.tau_env"": 35.44527498332535, ""trust.alpha_R_max"": 4.198102770141107, ""trust.beta_1"": 0.8738834840221583, ""trust.beta_2"": 0.765459463821203, ""trust.g_z_floor"": 0.1333237036640465, ""trust.gate_bias"": 0.22373874894717993, ""trust.w_gate_nis"": 0.20416922168180213}",0.28,0.27411060910251317,0.31,0.030705394190871368,0.030705394190871368,0.0,0.0,0.0,0.6151590348817636,0.5122645594769998,1.8222077298320087,0.020512536234916553,0.0,99.1701244813278,1.0,0.0,nan
2026-02-27T11:24:15.032477Z,profile1d_linear__robust_ossm_ekf,robust_ossm_ekf,25,0.47010609779376655,0.47010609779376655,pruned,5.396830081939697,subject_kfold,1,raw,debug_stage,,/home/gongjae/Projects/resPyre/robust_ossm_ekf/profile1d_linear__robust_ossm_ekf/trials/trial_00025,c75ede28dee781b7,/home/gongjae/Projects/resPyre/robust_ossm_ekf/profile1d_linear__robust_ossm_ekf/trials/trial_00025/trial_manifest.json,/home/gongjae/Projects/resPyre/robust_ossm_ekf/profile1d_linear__robust_ossm_ekf/trials/trial_00025/metrics_summary.json,"{""oscillator.g_z_eff_floor_ratio"": 0.4150607262522937, ""oscillator.post_smooth_alpha"": 0.7658798940784374, ""oscillator.qf"": 0.0014333432232331966, ""oscillator.qx"": 0.0010515630955879912, ""oscillator.rv"": 0.059838473022387574, ""oscillator.rv_auto"": false, ""oscillator.rv_mad_scale"": 1.0008947011963174, ""oscillator.spec_guidance_strength"": 0.8811640864279154, ""oscillator.student_t_nu"": 11.090733723603774, ""oscillator.tau_env"": 41.41097779084757, ""trust.alpha_R_max"": 4.7818756620925775, ""trust.beta_1"": 1.5190610223446392, ""trust.beta_2"": 0.8445048358937115, ""trust.g_z_floor"": 0.1788167997080855, ""trust.gate_bias"": 0.23738516763625872, ""trust.w_gate_nis"": 0.21668739798016737}",0.29,0.27839124623978484,0.3,0.028215767634854772,0.028215767634854772,0.0,0.0,0.0,0.6115379646559431,0.5031671336384245,2.0522823139191595,0.04263050755415527,0.0,96.09958506224066,1.0,0.0,nan
2026-02-27T11:24:20.466947Z,profile1d_linear__robust_ossm_ekf,robust_ossm_ekf,26,0.47267347974677176,0.47267347974677176,pruned,5.3347532749176025,subject_kfold,1,raw,debug_stage,,/home/gongjae/Projects/resPyre/robust_ossm_ekf/profile1d_linear__robust_ossm_ekf/trials/trial_00026,58b492fd49800bbf,/home/gongjae/Projects/resPyre/robust_ossm_ekf/profile1d_linear__robust_ossm_ekf/trials/trial_00026/trial_manifest.json,/home/gongjae/Projects/resPyre/robust_ossm_ekf/profile1d_linear__robust_ossm_ekf/trials/trial_00026/metrics_summary.json,"{""oscillator.g_z_eff_floor_ratio"": 0.23494555719082794, ""oscillator.post_smooth_alpha"": 0.622411429024031, ""oscillator.qf"": 0.003580448704536201, ""oscillator.qx"": 0.0013875217148497595, ""oscillator.rv"": 0.04972923262960177, ""oscillator.rv_auto"": false, ""oscillator.rv_mad_scale"": 0.6674636399414078, ""oscillator.spec_guidance_strength"": 0.9272030404336642, ""oscillator.student_t_nu"": 4.501057932241771, ""oscillator.tau_env"": 46.318873704828675, ""trust.alpha_R_max"": 6.4199687863819, ""trust.beta_1"": 1.187907708688997, ""trust.beta_2"": 0.6665719514714332, ""trust.g_z_floor"": 0.28898452761232074, ""trust.gate_bias"": 0.4949454906774329, ""trust.w_gate_nis"": 0.415226550617086}",0.29,0.2745185243773324,0.31,0.025726141078838173,0.025726141078838173,0.0,0.0,0.0,0.5587452653175967,0.45171596226288463,1.843874258020448,0.03732610319845169,0.0,99.08713692946058,1.0,0.0,nan
2026-02-27T11:24:26.014629Z,profile1d_linear__robust_ossm_ekf,robust_ossm_ekf,27,0.4717528143467472,0.4717528143467472,pruned,5.448066234588623,subject_kfold,1,raw,debug_stage,,/home/gongjae/Projects/resPyre/robust_ossm_ekf/profile1d_linear__robust_ossm_ekf/trials/trial_00027,5cba040ebb3774d7,/home/gongjae/Projects/resPyre/robust_ossm_ekf/profile1d_linear__robust_ossm_ekf/trials/trial_00027/trial_manifest.json,/home/gongjae/Projects/resPyre/robust_ossm_ekf/profile1d_linear__robust_ossm_ekf/trials/trial_00027/metrics_summary.json,"{""oscillator.g_z_eff_floor_ratio"": 0.4043650514171756, ""oscillator.post_smooth_alpha"": 0.8107752296800165, ""oscillator.qf"": 0.0009839146898566067, ""oscillator.qx"": 0.0013110047781242627, ""oscillator.rv"": 0.03116392066024763, ""oscillator.rv_auto"": true, ""oscillator.rv_mad_scale"": 0.9944732910691839, ""oscillator.spec_guidance_strength"": 1.053057290055938, ""oscillator.student_t_nu"": 12.36717030396945, ""oscillator.tau_env"": 30.72645913034481, ""trust.alpha_R_max"": 3.8761964267320117, ""trust.beta_1"": 1.104095869572121, ""trust.beta_2"": 1.0499261116065353, ""trust.g_z_floor"": 0.10766566600156868, ""trust.gate_bias"": 0.291281065615587, ""trust.w_gate_nis"": 0.13206082656999532}",0.3,0.2875150557065231,0.28,0.046473029045643155,0.046473029045643155,0.0,0.0,0.0,0.602514745133577,0.4809065865072948,2.072798397119582,0.013598834689986503,0.0,97.42738589211618,1.0,0.0,nan
2026-02-27T11:24:31.462944Z,profile1d_linear__robust_ossm_ekf,robust_ossm_ekf,28,0.4649881190129982,0.4649881190129982,pruned,5.353896379470825,subject_kfold,1,raw,debug_stage,,/home/gongjae/Projects/resPyre/robust_ossm_ekf/profile1d_linear__robust_ossm_ekf/trials/trial_00028,b2bb32030cf21f7d,/home/gongjae/Projects/resPyre/robust_ossm_ekf/profile1d_linear__robust_ossm_ekf/trials/trial_00028/trial_manifest.json,/home/gongjae/Projects/resPyre/robust_ossm_ekf/profile1d_linear__robust_ossm_ekf/trials/trial_00028/metrics_summary.json,"{""oscillator.g_z_eff_floor_ratio"": 0.5621827845008615, ""oscillator.post_smooth_alpha"": 0.7410493409909922, ""oscillator.qf"": 0.0038230927818052748, ""oscillator.qx"": 0.0013502708260634247, ""oscillator.rv"": 0.02041739411017176, ""oscillator.rv_auto"": false, ""oscillator.rv_mad_scale"": 0.9509264164640956, ""oscillator.spec_guidance_strength"": 0.9339268852228578, ""oscillator.student_t_nu"": 13.429163479001891, ""oscillator.tau_env"": 41.71264884926, ""trust.alpha_R_max"": 5.60297498069535, ""trust.beta_1"": 1.06952711672564, ""trust.beta_2"": 0.8047243382431647, ""trust.g_z_floor"": 0.1217524053349873, ""trust.gate_bias"": 0.22256380513919444, ""trust.w_gate_nis"": 0.17971517585651406}",0.28,0.2725593889192106,0.31,0.0,0.0,0.0,0.0,0.0,0.6146085659741962,0.5277841486473633,1.9020323112712443,0.04610347645984258,0.0,99.08713692946058,1.0,0.0,nan
2026-02-27T11:24:36.937212Z,profile1d_linear__robust_ossm_ekf,robust_ossm_ekf,29,0.46869067941503223,0.46869067941503223,pruned,5.387861013412476,subject_kfold,1,raw,debug_stage,,/home/gongjae/Projects/resPyre/robust_ossm_ekf/profile1d_linear__robust_ossm_ekf/trials/trial_00029,0a272be4b677daf2,/home/gongjae/Projects/resPyre/robust_ossm_ekf/profile1d_linear__robust_ossm_ekf/trials/trial_00029/trial_manifest.json,/home/gongjae/Projects/resPyre/robust_ossm_ekf/profile1d_linear__robust_ossm_ekf/trials/trial_00029/metrics_summary.json,"{""oscillator.g_z_eff_floor_ratio"": 0.37690761546954743, ""oscillator.post_smooth_alpha"": 0.7494459032826071, ""oscillator.qf"": 0.003222669360517665, ""oscillator.qx"": 0.0012979024553854573, ""oscillator.rv"": 0.04173688049332451, ""oscillator.rv_auto"": true, ""oscillator.rv_mad_scale"": 0.6923751456236682, ""oscillator.spec_guidance_strength"": 1.1551856930977351, ""oscillator.student_t_nu"": 5.337817070146636, ""oscillator.tau_env"": 24.08141924552982, ""trust.alpha_R_max"": 6.368962619256819, ""trust.beta_1"": 1.3917083985237195, ""trust.beta_2"": 0.7705376367558567, ""trust.g_z_floor"": 0.2884546292582311, ""trust.gate_bias"": 0.51260581077467, ""trust.w_gate_nis"": 0.43175376938539645}",0.29,0.2844930927212736,0.29,0.03734439834024896,0.03734439834024896,0.0,0.0,0.0,0.5571640683667358,0.4469849136905037,1.968492226792907,0.01284271815270098,0.0,99.25311203319502,1.0,0.0,nan
2026-02-27T11:24:42.377380Z,profile1d_linear__robust_ossm_ekf,robust_ossm_ekf,30,0.46613449910807175,0.46613449910807175,pruned,5.3424413204193115,subject_kfold,1,raw,debug_stage,,/home/gongjae/Projects/resPyre/robust_ossm_ekf/profile1d_linear__robust_ossm_ekf/trials/trial_00030,03e26e80181e37a7,/home/gongjae/Projects/resPyre/robust_ossm_ekf/profile1d_linear__robust_ossm_ekf/trials/trial_00030/trial_manifest.json,/home/gongjae/Projects/resPyre/robust_ossm_ekf/profile1d_linear__robust_ossm_ekf/trials/trial_00030/metrics_summary.json,"{""oscillator.g_z_eff_floor_ratio"": 0.21477939587768996, ""oscillator.post_smooth_alpha"": 0.9632623813068482, ""oscillator.qf"": 0.004038012514968861, ""oscillator.qx"": 0.001923416762623634, ""oscillator.rv"": 0.01598588710788628, ""oscillator.rv_auto"": false, ""oscillator.rv_mad_scale"": 1.0208856072168968, ""oscillator.spec_guidance_strength"": 0.6862640498746656, ""oscillator.student_t_nu"": 10.210418797421175, ""oscillator.tau_env"": 58.975664234954344, ""trust.alpha_R_max"": 4.028626158767195, ""trust.beta_1"": 0.5754798429753416, ""trust.beta_2"": 0.8603757329577504, ""trust.g_z_floor"": 0.2261507859467825, ""trust.gate_bias"": 0.3731731729956161, ""trust.w_gate_nis"": 0.1582786826513536}",0.28,0.27270158557697216,0.31,0.011618257261410789,0.011618257261410789,0.0,0.0,0.0,0.585416944732102,0.47409407373927875,1.802242118133206,0.039315989491644276,0.0,99.08713692946058,1.0,0.0,nan
2026-02-27T11:24:47.802272Z,profile1d_linear__robust_ossm_ekf,robust_ossm_ekf,31,0.4622711778313743,0.4622711778313743,pruned,5.331897258758545,subject_kfold,1,raw,debug_stage,,/home/gongjae/Projects/resPyre/robust_ossm_ekf/profile1d_linear__robust_ossm_ekf/trials/trial_00031,8fe0c38c39493966,/home/gongjae/Projects/resPyre/robust_ossm_ekf/profile1d_linear__robust_ossm_ekf/trials/trial_00031/trial_manifest.json,/home/gongjae/Projects/resPyre/robust_ossm_ekf/profile1d_linear__robust_ossm_ekf/trials/trial_00031/metrics_summary.json,"{""oscillator.g_z_eff_floor_ratio"": 0.5216563372084683, ""oscillator.post_smooth_alpha"": 0.7973142118008831, ""oscillator.qf"": 0.0003023383474826618, ""oscillator.qx"": 0.002661404683935378, ""oscillator.rv"": 0.03490955392522584, ""oscillator.rv_auto"": false, ""oscillator.rv_mad_scale"": 1.044626642321539, ""oscillator.spec_guidance_strength"": 0.9303674175759692, ""oscillator.student_t_nu"": 12.426268476693316, ""oscillator.tau_env"": 65.19876397230377, ""trust.alpha_R_max"": 5.829455572812773, ""trust.beta_1"": 1.3057303871596675, ""trust.beta_2"": 0.7128690783069294, ""trust.g_z_floor"": 0.1656013231096477, ""trust.gate_bias"": 0.21753849836147665, ""trust.w_gate_nis"": 0.07730565780291875}",0.29,0.27389777811551835,0.3,0.03402489626556016,0.03402489626556016,0.0,0.0,0.0,0.6164334501889204,0.5175730497557154,1.906840168713322,0.04705685708866212,0.0,92.69709543568464,1.0,0.0,nan
2026-02-27T11:34:00.353760Z,profile1d_linear__robust_ossm_ekf,robust_ossm_ekf,32,0.2981074687538949,0.2981074687538949,completed,552.4559063911438,subject_kfold,32,raw,,/home/gongjae/Projects/resPyre/robust_ossm_ekf/profile1d_linear__robust_ossm_ekf/trials/trial_00032/run_workspace/results/trial_00032,/home/gongjae/Projects/resPyre/robust_ossm_ekf/profile1d_linear__robust_ossm_ekf/trials/trial_00032,50417aa7e9e1b2fb,/home/gongjae/Projects/resPyre/robust_ossm_ekf/profile1d_linear__robust_ossm_ekf/trials/trial_00032/trial_manifest.json,/home/gongjae/Projects/resPyre/robust_ossm_ekf/profile1d_linear__robust_ossm_ekf/trials/trial_00032/metrics_summary.json,"{""oscillator.g_z_eff_floor_ratio"": 0.5377444667786415, ""oscillator.post_smooth_alpha"": 0.8748406707409468, ""oscillator.qf"": 0.0004320798860785316, ""oscillator.qx"": 0.0007733901646776471, ""oscillator.rv"": 0.030704634423436173, ""oscillator.rv_auto"": false, ""oscillator.rv_mad_scale"": 1.004154093865942, ""oscillator.spec_guidance_strength"": 0.9871329653190105, ""oscillator.student_t_nu"": 8.40195832282667, ""oscillator.tau_env"": 41.72490119811845, ""trust.alpha_R_max"": 4.871442324701268, ""trust.beta_1"": 1.262155455438717, ""trust.beta_2"": 0.4427263197799761, ""trust.g_z_floor"": 0.1085644261025343, ""trust.gate_bias"": 0.23967395902768804, ""trust.w_gate_nis"": 0.1961717461899118}",0.49,0.3921353530579553,0.20500000000000002,0.014078677362186364,0.0,0.0036875439831104855,0.0,0.0044030126902765716,0.6173725951847093,0.4126659080351337,1.757364070173921,1.2296780207248528,0.0029901405967898372,77.50240333262124,1.0,0.0,0.06623610442625008
2026-02-27T11:43:24.594360Z,profile1d_linear__robust_ossm_ekf,robust_ossm_ekf,33,3.2091146262661336,3.2091146262661336,completed,564.1366741657257,subject_kfold,32,raw,,/home/gongjae/Projects/resPyre/robust_ossm_ekf/profile1d_linear__robust_ossm_ekf/trials/trial_00033/run_workspace/results/trial_00033,/home/gongjae/Projects/resPyre/robust_ossm_ekf/profile1d_linear__robust_ossm_ekf/trials/trial_00033,561c33b3de71d76c,/home/gongjae/Projects/resPyre/robust_ossm_ekf/profile1d_linear__robust_ossm_ekf/trials/trial_00033/trial_manifest.json,/home/gongjae/Projects/resPyre/robust_ossm_ekf/profile1d_linear__robust_ossm_ekf/trials/trial_00033/metrics_summary.json,"{""oscillator.g_z_eff_floor_ratio"": 0.5100132682625845, ""oscillator.post_smooth_alpha"": 0.8387797167887695, ""oscillator.qf"": 0.00045749323835706575, ""oscillator.qx"": 0.00044312931242274014, ""oscillator.rv"": 0.04915364048965183, ""oscillator.rv_auto"": false, ""oscillator.rv_mad_scale"": 0.8734406299459294, ""oscillator.spec_guidance_strength"": 0.9461004662289445, ""oscillator.student_t_nu"": 8.523316317871675, ""oscillator.tau_env"": 44.956282535842455, ""trust.alpha_R_max"": 4.797862730085944, ""trust.beta_1"": 0.9696240819559314, ""trust.beta_2"": 0.39004341984648616, ""trust.g_z_floor"": 0.15634731562264692, ""trust.gate_bias"": 0.28666800170358736, ""trust.w_gate_nis"": 0.29150785827307535}",0.585,0.4103706502105719,0.915,0.04501523233404127,0.011387219121225131,0.031966468917877675,0.0,0.006904059180285211,0.5502237438149655,0.34473941751545517,1.8037622359072412,1.3691022438538194,0.003016623863118219,67.42023000550975,1.0,0.0,21.292971230117512
2026-02-27T11:53:15.237763Z,profile1d_linear__robust_ossm_ekf,robust_ossm_ekf,34,2.8157621422065517,2.8157621422065517,completed,590.5357732772827,subject_kfold,32,raw,,/home/gongjae/Projects/resPyre/robust_ossm_ekf/profile1d_linear__robust_ossm_ekf/trials/trial_00034/run_workspace/results/trial_00034,/home/gongjae/Projects/resPyre/robust_ossm_ekf/profile1d_linear__robust_ossm_ekf/trials/trial_00034,e340e96f49e7e366,/home/gongjae/Projects/resPyre/robust_ossm_ekf/profile1d_linear__robust_ossm_ekf/trials/trial_00034/trial_manifest.json,/home/gongjae/Projects/resPyre/robust_ossm_ekf/profile1d_linear__robust_ossm_ekf/trials/trial_00034/metrics_summary.json,"{""oscillator.g_z_eff_floor_ratio"": 0.43590395489218603, ""oscillator.post_smooth_alpha"": 0.9211626802574888, ""oscillator.qf"": 0.000346079676750523, ""oscillator.qx"": 0.0010897416199543363, ""oscillator.rv"": 0.03163194737558874, ""oscillator.rv_auto"": false, ""oscillator.rv_mad_scale"": 1.075539543374464, ""oscillator.spec_guidance_strength"": 1.0147772944954272, ""oscillator.student_t_nu"": 11.604728338873374, ""oscillator.tau_env"": 36.303188270997026, ""trust.alpha_R_max"": 4.392709332719102, ""trust.beta_1"": 1.4868469622903073, ""trust.beta_2"": 0.24199218939296113, ""trust.g_z_floor"": 0.19740838811191247, ""trust.gate_bias"": 0.25224308719164734, ""trust.w_gate_nis"": 0.22718731402361217}",0.605,0.4430661006674294,0.8049999999999999,0.028052159566817548,0.015865659625855386,0.007745130625540118,0.0,0.004941571943406975,0.5486035190467546,0.30766480483509046,1.9586441945018738,1.7669380431829453,0.002044370264571307,75.05305111951465,1.0,0.0,17.934060022919414
2026-02-27T12:03:07.589193Z,profile1d_linear__robust_ossm_ekf,robust_ossm_ekf,35,0.596545207558965,0.596545207558965,completed,592.2405560016632,subject_kfold,32,raw,,/home/gongjae/Projects/resPyre/robust_ossm_ekf/profile1d_linear__robust_ossm_ekf/trials/trial_00035/run_workspace/results/trial_00035,/home/gongjae/Projects/resPyre/robust_ossm_ekf/profile1d_linear__robust_ossm_ekf/trials/trial_00035,f489de11ac23420d,/home/gongjae/Projects/resPyre/robust_ossm_ekf/profile1d_linear__robust_ossm_ekf/trials/trial_00035/trial_manifest.json,/home/gongjae/Projects/resPyre/robust_ossm_ekf/profile1d_linear__robust_ossm_ekf/trials/trial_00035/metrics_summary.json,"{""oscillator.g_z_eff_floor_ratio"": 0.6096320155883694, ""oscillator.post_smooth_alpha"": 0.789051713297418, ""oscillator.qf"": 0.00038060842119223484, ""oscillator.qx"": 0.0006922895290193766, ""oscillator.rv"": 0.04165995711455062, ""oscillator.rv_auto"": false, ""oscillator.rv_mad_scale"": 1.0245588971811128, ""oscillator.spec_guidance_strength"": 1.0963917153148408, ""oscillator.student_t_nu"": 5.3775995690552785, ""oscillator.tau_env"": 54.88084665560943, ""trust.alpha_R_max"": 3.1931199568385003, ""trust.beta_1"": 1.3044781854878682, ""trust.beta_2"": 0.6360365760568468, ""trust.g_z_floor"": 0.10092818541763078, ""trust.gate_bias"": 0.26860926759558373, ""trust.w_gate_nis"": 0.1957452815737804}",0.565,0.3921544940974857,0.345,0.04623522174075857,0.010208403818028275,0.01549897105593714,0.0,0.03829498850562259,0.5396472078459311,0.3852283486729941,2.1130977926526766,1.3637207122216464,0.0039779626644005795,78.6985628618693,1.0,0.0,1.2136365980539752
2026-02-27T12:03:13.130557Z,profile1d_linear__robust_ossm_ekf,robust_ossm_ekf,36,0.46939296359817806,0.46939296359817806,pruned,5.430780649185181,subject_kfold,1,raw,debug_stage,,/home/gongjae/Projects/resPyre/robust_ossm_ekf/profile1d_linear__robust_ossm_ekf/trials/trial_00036,dea8f2c12cfbb22a,/home/gongjae/Projects/resPyre/robust_ossm_ekf/profile1d_linear__robust_ossm_ekf/trials/trial_00036/trial_manifest.json,/home/gongjae/Projects/resPyre/robust_ossm_ekf/profile1d_linear__robust_ossm_ekf/trials/trial_00036/metrics_summary.json,"{""oscillator.g_z_eff_floor_ratio"": 0.29999985006285385, ""oscillator.post_smooth_alpha"": 0.7157531531456535, ""oscillator.qf"": 0.0010278271973053683, ""oscillator.qx"": 0.0028249390779642135, ""oscillator.rv"": 0.054821169032314356, ""oscillator.rv_auto"": false, ""oscillator.rv_mad_scale"": 0.6782529516358256, ""oscillator.spec_guidance_strength"": 1.134147729336472, ""oscillator.student_t_nu"": 3.099929111946164, ""oscillator.tau_env"": 29.98153829484049, ""trust.alpha_R_max"": 6.209930556627846, ""trust.beta_1"": 1.6228829255357295, ""trust.beta_2"": 0.7162364192413774, ""trust.g_z_floor"": 0.12386585246712148, ""trust.gate_bias"": 0.5423284818842175, ""trust.w_gate_nis"": 0.41258868387385345}",0.29,0.2750534782264013,0.3,0.034854771784232366,0.034854771784232366,0.0,0.0,0.0,0.5489446645837242,0.4416304891613928,1.9966041757173807,0.036886194717026255,0.0,96.09958506224066,1.0,0.0,nan
2026-02-27T12:12:54.436415Z,profile1d_linear__robust_ossm_ekf,robust_ossm_ekf,37,0.3294362527678135,0.3294362527678135,completed,581.212956905365,subject_kfold,32,raw,,/home/gongjae/Projects/resPyre/robust_ossm_ekf/profile1d_linear__robust_ossm_ekf/trials/trial_00037/run_workspace/results/trial_00037,/home/gongjae/Projects/resPyre/robust_ossm_ekf/profile1d_linear__robust_ossm_ekf/trials/trial_00037,aa34668407c21b11,/home/gongjae/Projects/resPyre/robust_ossm_ekf/profile1d_linear__robust_ossm_ekf/trials/trial_00037/trial_manifest.json,/home/gongjae/Projects/resPyre/robust_ossm_ekf/profile1d_linear__robust_ossm_ekf/trials/trial_00037/metrics_summary.json,"{""oscillator.g_z_eff_floor_ratio"": 0.5855246414096763, ""oscillator.post_smooth_alpha"": 0.8661231315717816, ""oscillator.qf"": 0.000739457659165043, ""oscillator.qx"": 0.0007565853848561408, ""oscillator.rv"": 0.020325383575892444, ""oscillator.rv_auto"": false, ""oscillator.rv_mad_scale"": 0.9412761051130438, ""oscillator.spec_guidance_strength"": 1.0350997861774998, ""oscillator.student_t_nu"": 10.318757473150672, ""oscillator.tau_env"": 44.599754503505366, ""trust.alpha_R_max"": 4.040908551606894, ""trust.beta_1"": 1.3024665493246765, ""trust.beta_2"": 0.8831540978116459, ""trust.g_z_floor"": 0.1462082668911054, ""trust.gate_bias"": 0.21013537165767757, ""trust.w_gate_nis"": 0.2598099838787659}",0.49,0.39092831637461545,0.20500000000000002,0.015070124160779848,0.0,0.011066275372951823,0.0,0.005877582882393014,0.6068047362976289,0.4231833447248345,1.921940824286152,1.4533706898026617,0.0036048639228156783,82.6627351056005,1.0,0.0,0.004063432462644477
2026-02-27T12:12:59.524798Z,profile1d_linear__robust_ossm_ekf,robust_ossm_ekf,38,0.4561823316727961,0.4561823316727961,pruned,4.988279819488525,subject_kfold,1,raw,debug_stage,,/home/gongjae/Projects/resPyre/robust_ossm_ekf/profile1d_linear__robust_ossm_ekf/trials/trial_00038,92fb718b8151c765,/home/gongjae/Projects/resPyre/robust_ossm_ekf/profile1d_linear__robust_ossm_ekf/trials/trial_00038/trial_manifest.json,/home/gongjae/Projects/resPyre/robust_ossm_ekf/profile1d_linear__robust_ossm_ekf/trials/trial_00038/metrics_summary.json,"{""oscillator.g_z_eff_floor_ratio"": 0.408289221310687, ""oscillator.post_smooth_alpha"": 0.9250740896016812, ""oscillator.qf"": 0.002742417484037879, ""oscillator.qx"": 0.006437351112917296, ""oscillator.rv"": 0.013610547919480642, ""oscillator.rv_auto"": true, ""oscillator.rv_mad_scale"": 0.930568333072696, ""oscillator.spec_guidance_strength"": 0.7447635656019909, ""oscillator.student_t_nu"": 13.448078734111656, ""oscillator.tau_env"": 53.49685217851042, ""trust.alpha_R_max"": 4.324010432582626, ""trust.beta_1"": 0.7758285699135802, ""trust.beta_2"": 0.4290830987179082, ""trust.g_z_floor"": 0.24697966490651185, ""trust.gate_bias"": 0.37873862461496716, ""trust.w_gate_nis"": 0.0906481837280107}",0.29,0.27993481560646677,0.29,0.034854771784232366,0.034854771784232366,0.0,0.0,0.0,0.5853823316262253,0.47315392728592237,1.5739678029351587,0.008862719289346009,0.0,99.5850622406639,1.0,0.0,nan
2026-02-27T12:22:08.132660Z,profile1d_linear__robust_ossm_ekf,robust_ossm_ekf,39,2.2391512122766657,2.2391512122766657,completed,548.5199592113495,subject_kfold,32,raw,,/home/gongjae/Projects/resPyre/robust_ossm_ekf/profile1d_linear__robust_ossm_ekf/trials/trial_00039/run_workspace/results/trial_00039,/home/gongjae/Projects/resPyre/robust_ossm_ekf/profile1d_linear__robust_ossm_ekf/trials/trial_00039,b5938b537ce739d3,/home/gongjae/Projects/resPyre/robust_ossm_ekf/profile1d_linear__robust_ossm_ekf/trials/trial_00039/trial_manifest.json,/home/gongjae/Projects/resPyre/robust_ossm_ekf/profile1d_linear__robust_ossm_ekf/trials/trial_00039/metrics_summary.json,"{""oscillator.g_z_eff_floor_ratio"": 0.44452103253454534, ""oscillator.post_smooth_alpha"": 0.9552715378604768, ""oscillator.qf"": 0.0005796830763682529, ""oscillator.qx"": 0.0014554961641264216, ""oscillator.rv"": 0.03162058869334765, ""oscillator.rv_auto"": false, ""oscillator.rv_mad_scale"": 0.9609310915684596, ""oscillator.spec_guidance_strength"": 0.9293023769874558, ""oscillator.student_t_nu"": 4.381325603154859, ""oscillator.tau_env"": 58.96270682643703, ""trust.alpha_R_max"": 5.4121483584767445, ""trust.beta_1"": 1.3012106364076934, ""trust.beta_2"": 0.4781090269712478, ""trust.g_z_floor"": 0.1720788306086911, ""trust.gate_bias"": 0.22626112178591604, ""trust.w_gate_nis"": 0.1509557831068796}",0.605,0.44167445377529946,0.69,0.03044641647473242,0.017119405436043584,0.014304147835156312,0.0,0.005473252037455153,0.5751157064704733,0.3264856233270409,2.0112450118752805,1.6225342818271282,0.0036360580784375648,79.51608463903545,1.0,0.0,13.562015798660177
2026-02-27T12:22:13.224726Z,profile1d_linear__robust_ossm_ekf,robust_ossm_ekf,40,0.47032775946930017,0.47032775946930017,pruned,4.978744268417358,subject_kfold,1,raw,debug_stage,,/home/gongjae/Projects/resPyre/robust_ossm_ekf/profile1d_linear__robust_ossm_ekf/trials/trial_00040,82ca13be81bd5ad8,/home/gongjae/Projects/resPyre/robust_ossm_ekf/profile1d_linear__robust_ossm_ekf/trials/trial_00040/trial_manifest.json,/home/gongjae/Projects/resPyre/robust_ossm_ekf/profile1d_linear__robust_ossm_ekf/trials/trial_00040/metrics_summary.json,"{""oscillator.g_z_eff_floor_ratio"": 0.49435996912401614, ""oscillator.post_smooth_alpha"": 0.7662192478217996, ""oscillator.qf"": 0.0009643836211927414, ""oscillator.qx"": 0.002175163424421759, ""oscillator.rv"": 0.039981486423613724, ""oscillator.rv_auto"": false, ""oscillator.rv_mad_scale"": 1.092840667204653, ""oscillator.spec_guidance_strength"": 0.8741658854536197, ""oscillator.student_t_nu"": 10.979733612060649, ""oscillator.tau_env"": 47.841765795893124, ""trust.alpha_R_max"": 3.0732990712243042, ""trust.beta_1"": 1.2007141318096204, ""trust.beta_2"": 0.9584010154424224, ""trust.g_z_floor"": 0.1251492640448547, ""trust.gate_bias"": 0.21503494937973056, ""trust.w_gate_nis"": 0.07703699516554585}",0.29,0.2751819406576114,0.3,0.02987551867219917,0.02987551867219917,0.0,0.0,0.0,0.6170217573184731,0.5193065783119923,2.0392909097767014,0.0406629658187579,0.0,95.76763485477179,1.0,0.0,nan
2026-02-27T12:31:18.042655Z,profile1d_linear__robust_ossm_ekf,robust_ossm_ekf,41,0.62055695437983,0.62055695437983,completed,544.7237536907196,subject_kfold,32,raw,,/home/gongjae/Projects/resPyre/robust_ossm_ekf/profile1d_linear__robust_ossm_ekf/trials/trial_00041/run_workspace/results/trial_00041,/home/gongjae/Projects/resPyre/robust_ossm_ekf/profile1d_linear__robust_ossm_ekf/trials/trial_00041,81824095544c1ad6,/home/gongjae/Projects/resPyre/robust_ossm_ekf/profile1d_linear__robust_ossm_ekf/trials/trial_00041/trial_manifest.json,/home/gongjae/Projects/resPyre/robust_ossm_ekf/profile1d_linear__robust_ossm_ekf/trials/trial_00041/metrics_summary.json,"{""oscillator.g_z_eff_floor_ratio"": 0.46436414105557455, ""oscillator.post_smooth_alpha"": 0.7518204637957449, ""oscillator.qf"": 0.0004400155866320336, ""oscillator.qx"": 0.0006139550457898205, ""oscillator.rv"": 0.017500721147313512, ""oscillator.rv_auto"": false, ""oscillator.rv_mad_scale"": 1.0024441954377261, ""oscillator.spec_guidance_strength"": 0.9873114810619433, ""oscillator.student_t_nu"": 8.395690014955354, ""oscillator.tau_env"": 48.25995299445748, ""trust.alpha_R_max"": 6.155885816582147, ""trust.beta_1"": 1.3921328019950179, ""trust.beta_2"": 0.4934988779708897, ""trust.g_z_floor"": 0.2311755882535029, ""trust.gate_bias"": 0.34084044307236433, ""trust.w_gate_nis"": 0.16982110690585636}",0.49,0.3757695915344478,0.335,0.012699763935930641,0.0,0.0036555694024093524,0.0,0.006335594897025355,0.5541384980091043,0.35064010510778143,1.9492803625890815,1.8341316030316714,0.0036989183060630953,74.84270060091904,1.0,0.0,1.5209298866272032
2026-02-27T12:31:23.162505Z,profile1d_linear__robust_ossm_ekf,robust_ossm_ekf,42,0.464754797504494,0.464754797504494,pruned,5.0179595947265625,subject_kfold,1,raw,debug_stage,,/home/gongjae/Projects/resPyre/robust_ossm_ekf/profile1d_linear__robust_ossm_ekf/trials/trial_00042,20c02a8231c72853,/home/gongjae/Projects/resPyre/robust_ossm_ekf/profile1d_linear__robust_ossm_ekf/trials/trial_00042/trial_manifest.json,/home/gongjae/Projects/resPyre/robust_ossm_ekf/profile1d_linear__robust_ossm_ekf/trials/trial_00042/metrics_summary.json,"{""oscillator.g_z_eff_floor_ratio"": 0.6241126517503689, ""oscillator.post_smooth_alpha"": 0.8577532677831345, ""oscillator.qf"": 0.0011068126053618002, ""oscillator.qx"": 0.0007161143748521482, ""oscillator.rv"": 0.053861367756348866, ""oscillator.rv_auto"": true, ""oscillator.rv_mad_scale"": 1.0831072327126712, ""oscillator.spec_guidance_strength"": 0.7166495575910726, ""oscillator.student_t_nu"": 13.943685684046402, ""oscillator.tau_env"": 53.45411588326191, ""trust.alpha_R_max"": 5.83747564873515, ""trust.beta_1"": 1.0310076620703081, ""trust.beta_2"": 0.3958673409846957, ""trust.g_z_floor"": 0.140595598960645, ""trust.gate_bias"": 0.26518881537811007, ""trust.w_gate_nis"": 0.07564331726773181}",0.3,0.2902986305954117,0.3,0.034854771784232366,0.034854771784232366,0.0,0.0,0.0,0.6077402314518675,0.524960484690042,1.6225701769303982,0.014540123057649776,0.0,97.75933609958506,1.0,0.0,nan
2026-02-27T12:31:28.162047Z,profile1d_linear__robust_ossm_ekf,robust_ossm_ekf,43,0.475298147799903,0.475298147799903,pruned,4.914954900741577,subject_kfold,1,raw,debug_stage,,/home/gongjae/Projects/resPyre/robust_ossm_ekf/profile1d_linear__robust_ossm_ekf/trials/trial_00043,393a2a182f731245,/home/gongjae/Projects/resPyre/robust_ossm_ekf/profile1d_linear__robust_ossm_ekf/trials/trial_00043/trial_manifest.json,/home/gongjae/Projects/resPyre/robust_ossm_ekf/profile1d_linear__robust_ossm_ekf/trials/trial_00043/metrics_summary.json,"{""oscillator.g_z_eff_floor_ratio"": 0.33254550963195706, ""oscillator.post_smooth_alpha"": 0.9682321917382065, ""oscillator.qf"": 0.0018522263889943918, ""oscillator.qx"": 0.005968654347172201, ""oscillator.rv"": 0.02050267269323445, ""oscillator.rv_auto"": false, ""oscillator.rv_mad_scale"": 0.9101407463473692, ""oscillator.spec_guidance_strength"": 0.7169499351839675, ""oscillator.student_t_nu"": 9.006654868065295, ""oscillator.tau_env"": 30.152170843513378, ""trust.alpha_R_max"": 3.8006364327391573, ""trust.beta_1"": 0.5914578438272331, ""trust.beta_2"": 0.8699207824657081, ""trust.g_z_floor"": 0.3734328496670605, ""trust.gate_bias"": 0.549230277370397, ""trust.w_gate_nis"": 0.1011343060866566}",0.28,0.27307364334854844,0.31,0.03236514522821577,0.03236514522821577,0.0,0.0,0.0,0.5501647017032781,0.4440867273441497,1.81292883947773,0.025829710603412496,0.0,98.42323651452283,1.0,0.0,nan
2026-02-27T12:31:33.252849Z,profile1d_linear__robust_ossm_ekf,robust_ossm_ekf,44,0.4612996587126059,0.4612996587126059,pruned,5.002314567565918,subject_kfold,1,raw,debug_stage,,/home/gongjae/Projects/resPyre/robust_ossm_ekf/profile1d_linear__robust_ossm_ekf/trials/trial_00044,662fc55f05597537,/home/gongjae/Projects/resPyre/robust_ossm_ekf/profile1d_linear__robust_ossm_ekf/trials/trial_00044/trial_manifest.json,/home/gongjae/Projects/resPyre/robust_ossm_ekf/profile1d_linear__robust_ossm_ekf/trials/trial_00044/metrics_summary.json,"{""oscillator.g_z_eff_floor_ratio"": 0.18366435311407847, ""oscillator.post_smooth_alpha"": 0.6389180758249339, ""oscillator.qf"": 0.0010169622077191192, ""oscillator.qx"": 0.0004789859790079692, ""oscillator.rv"": 0.05412316469938796, ""oscillator.rv_auto"": false, ""oscillator.rv_mad_scale"": 0.8454041283002082, ""oscillator.spec_guidance_strength"": 1.163848992101801, ""oscillator.student_t_nu"": 5.109078423131105, ""oscillator.tau_env"": 32.43769440173798, ""trust.alpha_R_max"": 6.20192967639083, ""trust.beta_1"": 1.3131653039356426, ""trust.beta_2"": 0.9095908136465641, ""trust.g_z_floor"": 0.18362064761624308, ""trust.gate_bias"": 0.3366078669040625, ""trust.w_gate_nis"": 0.3331448011567147}",0.29,0.28087048205184934,0.3,0.030705394190871368,0.030705394190871368,0.0,0.0,0.0,0.5895774003789039,0.4746260483224939,2.0382396997469114,0.06491562855837424,0.0,94.19087136929461,1.0,0.0,nan
2026-02-27T12:31:38.397551Z,profile1d_linear__robust_ossm_ekf,robust_ossm_ekf,45,0.45825576280947433,0.45825576280947433,pruned,5.037882089614868,subject_kfold,1,raw,debug_stage,,/home/gongjae/Projects/resPyre/robust_ossm_ekf/profile1d_linear__robust_ossm_ekf/trials/trial_00045,c03c8cb262db1f51,/home/gongjae/Projects/resPyre/robust_ossm_ekf/profile1d_linear__robust_ossm_ekf/trials/trial_00045/trial_manifest.json,/home/gongjae/Projects/resPyre/robust_ossm_ekf/profile1d_linear__robust_ossm_ekf/trials/trial_00045/metrics_summary.json,"{""oscillator.g_z_eff_floor_ratio"": 0.46879777200025297, ""oscillator.post_smooth_alpha"": 0.7112722987624747, ""oscillator.qf"": 0.0003208219737909532, ""oscillator.qx"": 0.003319403049446785, ""oscillator.rv"": 0.018832814664030906, ""oscillator.rv_auto"": false, ""oscillator.rv_mad_scale"": 0.9788370926770968, ""oscillator.spec_guidance_strength"": 0.7438106998027016, ""oscillator.student_t_nu"": 8.664053783423661, ""oscillator.tau_env"": 50.538604015824475, ""trust.alpha_R_max"": 5.334574833965855, ""trust.beta_1"": 1.1962696857174941, ""trust.beta_2"": 0.17225707230384296, ""trust.g_z_floor"": 0.10720255295447252, ""trust.gate_bias"": 0.23344635138713427, ""trust.w_gate_nis"": 0.1053215622823924}",0.28,0.2740178771215045,0.31,0.03153526970954357,0.03153526970954357,0.0,0.0,0.0,0.6131671939679867,0.5075475862282705,1.5211640607230024,0.044905830874648806,0.0,94.52282157676349,1.0,0.0,nan
2026-02-27T12:31:43.457321Z,profile1d_linear__robust_ossm_ekf,robust_ossm_ekf,46,0.453053186454868,0.453053186454868,pruned,4.962716579437256,subject_kfold,1,raw,debug_stage,,/home/gongjae/Projects/resPyre/robust_ossm_ekf/profile1d_linear__robust_ossm_ekf/trials/trial_00046,97d4eb6a264f8df2,/home/gongjae/Projects/resPyre/robust_ossm_ekf/profile1d_linear__robust_ossm_ekf/trials/trial_00046/trial_manifest.json,/home/gongjae/Projects/resPyre/robust_ossm_ekf/profile1d_linear__robust_ossm_ekf/trials/trial_00046/metrics_summary.json,"{""oscillator.g_z_eff_floor_ratio"": 0.649299435927983, ""oscillator.post_smooth_alpha"": 0.8862195518838002, ""oscillator.qf"": 0.00040656100181424564, ""oscillator.qx"": 0.0005872433641450766, ""oscillator.rv"": 0.023932879479249897, ""oscillator.rv_auto"": true, ""oscillator.rv_mad_scale"": 1.0146156055654691, ""oscillator.spec_guidance_strength"": 0.8975653975171872, ""oscillator.student_t_nu"": 10.048734466174313, ""oscillator.tau_env"": 31.67592653815442, ""trust.alpha_R_max"": 4.425020313658773, ""trust.beta_1"": 1.3905353035854877, ""trust.beta_2"": 0.30210701597541323, ""trust.g_z_floor"": 0.11573315147182706, ""trust.gate_bias"": 0.20706117073016453, ""trust.w_gate_nis"": 0.1717760131049989}",0.3,0.2901303017946026,0.29,0.04066390041493776,0.04066390041493776,0.0,0.0,0.0,0.6184708124625785,0.5325031380317303,1.6601691131389267,0.02022103967664298,0.0,95.10373443983403,1.0,0.0,nan
2026-02-27T12:31:48.548601Z,profile1d_linear__robust_ossm_ekf,robust_ossm_ekf,47,0.4735313317073475,0.4735313317073475,pruned,4.999979496002197,subject_kfold,1,raw,debug_stage,,/home/gongjae/Projects/resPyre/robust_ossm_ekf/profile1d_linear__robust_ossm_ekf/trials/trial_00047,fb6cd9a6aa6927df,/home/gongjae/Projects/resPyre/robust_ossm_ekf/profile1d_linear__robust_ossm_ekf/trials/trial_00047/trial_manifest.json,/home/gongjae/Projects/resPyre/robust_ossm_ekf/profile1d_linear__robust_ossm_ekf/trials/trial_00047/metrics_summary.json,"{""oscillator.g_z_eff_floor_ratio"": 0.18090710934252785, ""oscillator.post_smooth_alpha"": 0.8019959539900956, ""oscillator.qf"": 0.0012121609948082528, ""oscillator.qx"": 0.007507709231439738, ""oscillator.rv"": 0.024899397921996747, ""oscillator.rv_auto"": false, ""oscillator.rv_mad_scale"": 0.9026340503077297, ""oscillator.spec_guidance_strength"": 0.7151867391654634, ""oscillator.student_t_nu"": 12.271226724701737, ""oscillator.tau_env"": 56.367217784404374, ""trust.alpha_R_max"": 3.5789694166773014, ""trust.beta_1"": 0.9739084075766765, ""trust.beta_2"": 0.5659931423478428, ""trust.g_z_floor"": 0.32545579259508123, ""trust.gate_bias"": 0.34899917666515534, ""trust.w_gate_nis"": 0.10862737095437713}",0.28,0.2736651405427076,0.31,0.03319502074688797,0.03319502074688797,0.0,0.0,0.0,0.5910248722776524,0.468455130682053,1.718667878839918,0.02099629732416524,0.0,98.17427385892117,1.0,0.0,nan
2026-02-27T12:40:55.715252Z,profile1d_linear__robust_ossm_ekf,robust_ossm_ekf,48,2.7981174212338957,2.7981174212338957,completed,547.0761778354645,subject_kfold,32,raw,,/home/gongjae/Projects/resPyre/robust_ossm_ekf/profile1d_linear__robust_ossm_ekf/trials/trial_00048/run_workspace/results/trial_00048,/home/gongjae/Projects/resPyre/robust_ossm_ekf/profile1d_linear__robust_ossm_ekf/trials/trial_00048,b9b347529664b412,/home/gongjae/Projects/resPyre/robust_ossm_ekf/profile1d_linear__robust_ossm_ekf/trials/trial_00048/trial_manifest.json,/home/gongjae/Projects/resPyre/robust_ossm_ekf/profile1d_linear__robust_ossm_ekf/trials/trial_00048/metrics_summary.json,"{""oscillator.g_z_eff_floor_ratio"": 0.6056959972531764, ""oscillator.post_smooth_alpha"": 0.8805694092450526, ""oscillator.qf"": 0.0004199298430735, ""oscillator.qx"": 0.0012256074400911739, ""oscillator.rv"": 0.02631074853812243, ""oscillator.rv_auto"": false, ""oscillator.rv_mad_scale"": 0.9733551507451849, ""oscillator.spec_guidance_strength"": 0.904855256407606, ""oscillator.student_t_nu"": 13.56225454824118, ""oscillator.tau_env"": 56.1206804260543, ""trust.alpha_R_max"": 3.98104577123266, ""trust.beta_1"": 0.9680548378149337, ""trust.beta_2"": 0.39159799610560325, ""trust.g_z_floor"": 0.10663406013402604, ""trust.gate_bias"": 0.3581066765046539, ""trust.w_gate_nis"": 0.10339364666000275}",0.5549999999999999,0.4221233834514143,0.835,0.03302731865710533,0.01600739551403688,0.020350293402032343,0.0,0.009830881410793744,0.5753275016021726,0.39504912523900604,1.7989690132639296,1.1125016725191186,0.0035743110075837775,65.59680464312771,1.0,0.0,18.507922666527527
2026-02-27T12:49:59.684831Z,profile1d_linear__robust_ossm_ekf,robust_ossm_ekf,49,2.4627149083811934,2.4627149083811934,completed,543.8597745895386,subject_kfold,32,raw,,/home/gongjae/Projects/resPyre/robust_ossm_ekf/profile1d_linear__robust_ossm_ekf/trials/trial_00049/run_workspace/results/trial_00049,/home/gongjae/Projects/resPyre/robust_ossm_ekf/profile1d_linear__robust_ossm_ekf/trials/trial_00049,b1ddfd2b90347672,/home/gongjae/Projects/resPyre/robust_ossm_ekf/profile1d_linear__robust_ossm_ekf/trials/trial_00049/trial_manifest.json,/home/gongjae/Projects/resPyre/robust_ossm_ekf/profile1d_linear__robust_ossm_ekf/trials/trial_00049/metrics_summary.json,"{""oscillator.g_z_eff_floor_ratio"": 0.47983099599225076, ""oscillator.post_smooth_alpha"": 0.7902834035549969, ""oscillator.qf"": 0.00026915870000470435, ""oscillator.qx"": 0.001281326025518743, ""oscillator.rv"": 0.022834670531110216, ""oscillator.rv_auto"": false, ""oscillator.rv_mad_scale"": 1.0927618400624934, ""oscillator.spec_guidance_strength"": 0.9970060393245449, ""oscillator.student_t_nu"": 8.28365221644567, ""oscillator.tau_env"": 54.49457657467743, ""trust.alpha_R_max"": 5.724991547051987, ""trust.beta_1"": 0.6906923340294546, ""trust.beta_2"": 0.5013152487468443, ""trust.g_z_floor"": 0.19967244637034612, ""trust.gate_bias"": 0.49020025219850366, ""trust.w_gate_nis"": 0.07190837246628905}",0.59,0.4269641522151976,0.71,0.027211009657132332,0.009790691645858447,0.0036882627845207278,0.0,0.0028754999250345976,0.5463688743791548,0.3225228838544991,1.759320676140651,1.9974915955385666,0.003228384122159427,67.77788682432214,1.0,0.0,15.090662846755349
2026-02-27T12:50:04.753726Z,profile1d_linear__robust_ossm_ekf,robust_ossm_ekf,50,0.46441839286845676,0.46441839286845676,pruned,4.962221384048462,subject_kfold,1,raw,debug_stage,,/home/gongjae/Projects/resPyre/robust_ossm_ekf/profile1d_linear__robust_ossm_ekf/trials/trial_00050,0965c3c9505ecf0c,/home/gongjae/Projects/resPyre/robust_ossm_ekf/profile1d_linear__robust_ossm_ekf/trials/trial_00050/trial_manifest.json,/home/gongjae/Projects/resPyre/robust_ossm_ekf/profile1d_linear__robust_ossm_ekf/trials/trial_00050/metrics_summary.json,"{""oscillator.g_z_eff_floor_ratio"": 0.1849244750017712, ""oscillator.post_smooth_alpha"": 0.9581703533419259, ""oscillator.qf"": 0.000884870286862184, ""oscillator.qx"": 0.0036889778719643696, ""oscillator.rv"": 0.01623342143688964, ""oscillator.rv_auto"": true, ""oscillator.rv_mad_scale"": 0.91030652742728, ""oscillator.spec_guidance_strength"": 0.8214317627869626, ""oscillator.student_t_nu"": 10.105448871034199, ""oscillator.tau_env"": 63.15453269908124, ""trust.alpha_R_max"": 3.5239325266016657, ""trust.beta_1"": 0.7437489176743745, ""trust.beta_2"": 0.8074743029877324, ""trust.g_z_floor"": 0.41327981002164904, ""trust.gate_bias"": 0.4979505725483785, ""trust.w_gate_nis"": 0.11187042442299341}",0.3,0.28563331864547076,0.29,0.044813278008298756,0.044813278008298756,0.0,0.0,0.0,0.5610370584554418,0.42817096335493243,1.8139094000059817,0.01193076877848363,0.0,97.9253112033195,1.0,0.0,nan
2026-02-27T12:50:09.920027Z,profile1d_linear__robust_ossm_ekf,robust_ossm_ekf,51,0.4747104456779917,0.4747104456779917,pruned,5.066910743713379,subject_kfold,1,raw,debug_stage,,/home/gongjae/Projects/resPyre/robust_ossm_ekf/profile1d_linear__robust_ossm_ekf/trials/trial_00051,224f4e1bcd2900db,/home/gongjae/Projects/resPyre/robust_ossm_ekf/profile1d_linear__robust_ossm_ekf/trials/trial_00051/trial_manifest.json,/home/gongjae/Projects/resPyre/robust_ossm_ekf/profile1d_linear__robust_ossm_ekf/trials/trial_00051/metrics_summary.json,"{""oscillator.g_z_eff_floor_ratio"": 0.3862130916393339, ""oscillator.post_smooth_alpha"": 0.9609787513394735, ""oscillator.qf"": 0.003928953736530739, ""oscillator.qx"": 0.005311357669802545, ""oscillator.rv"": 0.02974700560771601, ""oscillator.rv_auto"": false, ""oscillator.rv_mad_scale"": 0.9169526937817576, ""oscillator.spec_guidance_strength"": 0.8547034756347888, ""oscillator.student_t_nu"": 10.423175601521303, ""oscillator.tau_env"": 70.07628997645458, ""trust.alpha_R_max"": 2.926912501379236, ""trust.beta_1"": 0.8216418394433345, ""trust.beta_2"": 0.6879043032622887, ""trust.g_z_floor"": 0.4910387346717125, ""trust.gate_bias"": 0.36210669535036893, ""trust.w_gate_nis"": 0.12043106835841264}",0.28,0.27329197248319226,0.31,0.029045643153526972,0.029045643153526972,0.0,0.0,0.0,0.5883508428117423,0.480616538173673,1.756792891575189,0.021649927926975,0.0,99.41908713692946,1.0,0.0,nan
2026-02-27T12:50:15.032174Z,profile1d_linear__robust_ossm_ekf,robust_ossm_ekf,52,0.45878947517020674,0.45878947517020674,pruned,5.020715713500977,subject_kfold,1,raw,debug_stage,,/home/gongjae/Projects/resPyre/robust_ossm_ekf/profile1d_linear__robust_ossm_ekf/trials/trial_00052,0c19e24c4d5b9f52,/home/gongjae/Projects/resPyre/robust_ossm_ekf/profile1d_linear__robust_ossm_ekf/trials/trial_00052/trial_manifest.json,/home/gongjae/Projects/resPyre/robust_ossm_ekf/profile1d_linear__robust_ossm_ekf/trials/trial_00052/metrics_summary.json,"{""oscillator.g_z_eff_floor_ratio"": 0.40666424008883995, ""oscillator.post_smooth_alpha"": 0.8807306957632265, ""oscillator.qf"": 0.001412330902216344, ""oscillator.qx"": 0.0015824913778370673, ""oscillator.rv"": 0.02737999891952895, ""oscillator.rv_auto"": false, ""oscillator.rv_mad_scale"": 0.8375757807330515, ""oscillator.spec_guidance_strength"": 0.8790262379186765, ""oscillator.student_t_nu"": 9.508033121476885, ""oscillator.tau_env"": 63.31578581312521, ""trust.alpha_R_max"": 4.468411332677663, ""trust.beta_1"": 0.7509689384452816, ""trust.beta_2"": 0.6392529818436894, ""trust.g_z_floor"": 0.21456206386929663, ""trust.gate_bias"": 0.503299861157816, ""trust.w_gate_nis"": 0.16269465173899816}",0.29,0.27464152754537347,0.31,0.028215767634854772,0.028215767634854772,0.0,0.0,0.0,0.5582791614620359,0.4590965809745181,1.70529475983724,0.05727522009537813,0.0,96.18257261410788,1.0,0.0,nan
2026-02-27T12:50:20.241620Z,profile1d_linear__robust_ossm_ekf,robust_ossm_ekf,53,0.48574511079461563,0.48574511079461563,pruned,5.108684301376343,subject_kfold,1,raw,debug_stage,,/home/gongjae/Projects/resPyre/robust_ossm_ekf/profile1d_linear__robust_ossm_ekf/trials/trial_00053,fec9d689d347019a,/home/gongjae/Projects/resPyre/robust_ossm_ekf/profile1d_linear__robust_ossm_ekf/trials/trial_00053/trial_manifest.json,/home/gongjae/Projects/resPyre/robust_ossm_ekf/profile1d_linear__robust_ossm_ekf/trials/trial_00053/metrics_summary.json,"{""oscillator.g_z_eff_floor_ratio"": 0.500863580737559, ""oscillator.post_smooth_alpha"": 0.9508986080815591, ""oscillator.qf"": 0.0016494210049056727, ""oscillator.qx"": 0.007817361366207871, ""oscillator.rv"": 0.016506999857013475, ""oscillator.rv_auto"": false, ""oscillator.rv_mad_scale"": 0.7198889398308128, ""oscillator.spec_guidance_strength"": 0.787159874390397, ""oscillator.student_t_nu"": 11.855120984459425, ""oscillator.tau_env"": 55.65451338793321, ""trust.alpha_R_max"": 3.053016324997568, ""trust.beta_1"": 0.6333976726732742, ""trust.beta_2"": 1.1650243329668024, ""trust.g_z_floor"": 0.308381851410261, ""trust.gate_bias"": 0.325058165313383, ""trust.w_gate_nis"": 0.13566305011682922}",0.28,0.2738659099568155,0.31,0.030705394190871368,0.030705394190871368,0.0,0.0,0.0,0.5956909477969479,0.5007498198929682,2.0185407837250673,0.01994030713461192,0.0,98.42323651452283,1.0,0.0,nan
2026-02-27T12:50:25.323927Z,profile1d_linear__robust_ossm_ekf,robust_ossm_ekf,54,0.4693553688563278,0.4693553688563278,pruned,4.992668628692627,subject_kfold,1,raw,debug_stage,,/home/gongjae/Projects/resPyre/robust_ossm_ekf/profile1d_linear__robust_ossm_ekf/trials/trial_00054,ba8e9eacc46958f0,/home/gongjae/Projects/resPyre/robust_ossm_ekf/profile1d_linear__robust_ossm_ekf/trials/trial_00054/trial_manifest.json,/home/gongjae/Projects/resPyre/robust_ossm_ekf/profile1d_linear__robust_ossm_ekf/trials/trial_00054/metrics_summary.json,"{""oscillator.g_z_eff_floor_ratio"": 0.5069418816772526, ""oscillator.post_smooth_alpha"": 0.9019409821316684, ""oscillator.qf"": 0.0007234455474864829, ""oscillator.qx"": 0.005056379821333239, ""oscillator.rv"": 0.012853678314121113, ""oscillator.rv_auto"": false, ""oscillator.rv_mad_scale"": 1.0517326791907315, ""oscillator.spec_guidance_strength"": 0.7873390036159842, ""oscillator.student_t_nu"": 12.593116706800995, ""oscillator.tau_env"": 61.59450457829887, ""trust.alpha_R_max"": 2.34192039540436, ""trust.beta_1"": 0.7036490071782292, ""trust.beta_2"": 0.7536047379028527, ""trust.g_z_floor"": 0.2850971607517766, ""trust.gate_bias"": 0.483656313785866, ""trust.w_gate_nis"": 0.10321266648466287}",0.28,0.27375683658568517,0.31,0.03236514522821577,0.03236514522821577,0.0,0.0,0.0,0.5635385377069586,0.4740144081166364,1.767364418129782,0.03348969642129254,0.0,96.2655601659751,1.0,0.0,nan
2026-02-27T12:50:30.509284Z,profile1d_linear__robust_ossm_ekf,robust_ossm_ekf,55,0.46038083362881027,0.46038083362881027,pruned,5.090737819671631,subject_kfold,1,raw,debug_stage,,/home/gongjae/Projects/resPyre/robust_ossm_ekf/profile1d_linear__robust_ossm_ekf/trials/trial_00055,daa83f7c7b610948,/home/gongjae/Projects/resPyre/robust_ossm_ekf/profile1d_linear__robust_ossm_ekf/trials/trial_00055/trial_manifest.json,/home/gongjae/Projects/resPyre/robust_ossm_ekf/profile1d_linear__robust_ossm_ekf/trials/trial_00055/metrics_summary.json,"{""oscillator.g_z_eff_floor_ratio"": 0.3992437574474007, ""oscillator.post_smooth_alpha"": 0.7664521057358199, ""oscillator.qf"": 0.0014026355450504145, ""oscillator.qx"": 0.0024803234239447547, ""oscillator.rv"": 0.02708530559024718, ""oscillator.rv_auto"": true, ""oscillator.rv_mad_scale"": 0.7824791037090727, ""oscillator.spec_guidance_strength"": 0.8691967748777277, ""oscillator.student_t_nu"": 11.55645804903574, ""oscillator.tau_env"": 49.80315187041042, ""trust.alpha_R_max"": 2.1046901663810518, ""trust.beta_1"": 0.5516816212125522, ""trust.beta_2"": 0.7157121955112667, ""trust.g_z_floor"": 0.3739205193743682, ""trust.gate_bias"": 0.5681028853249095, ""trust.w_gate_nis"": 0.09017993830942286}",0.3,0.2875179711066744,0.29,0.04149377593360996,0.04149377593360996,0.0,0.0,0.0,0.5465411017595228,0.43740306086843567,1.6999035063726509,0.012507085579919376,0.0,98.42323651452283,1.0,0.0,nan
2026-02-27T12:50:35.763473Z,profile1d_linear__robust_ossm_ekf,robust_ossm_ekf,56,0.457262560288132,0.457262560288132,pruned,5.153050661087036,subject_kfold,1,raw,debug_stage,,/home/gongjae/Projects/resPyre/robust_ossm_ekf/profile1d_linear__robust_ossm_ekf/trials/trial_00056,40c47efb8374f046,/home/gongjae/Projects/resPyre/robust_ossm_ekf/profile1d_linear__robust_ossm_ekf/trials/trial_00056/trial_manifest.json,/home/gongjae/Projects/resPyre/robust_ossm_ekf/profile1d_linear__robust_ossm_ekf/trials/trial_00056/metrics_summary.json,"{""oscillator.g_z_eff_floor_ratio"": 0.37630812269956593, ""oscillator.post_smooth_alpha"": 0.9178252579202939, ""oscillator.qf"": 0.0008201452944738088, ""oscillator.qx"": 0.0026749566891071997, ""oscillator.rv"": 0.0376746785049287, ""oscillator.rv_auto"": false, ""oscillator.rv_mad_scale"": 0.8393121356887275, ""oscillator.spec_guidance_strength"": 0.7355216762219104, ""oscillator.student_t_nu"": 12.74932007360294, ""oscillator.tau_env"": 57.62791018623914, ""trust.alpha_R_max"": 3.812122127466248, ""trust.beta_1"": 0.5510192072624357, ""trust.beta_2"": 0.7792105202664326, ""trust.g_z_floor"": 0.45659455809073557, ""trust.gate_bias"": 0.5059727945509009, ""trust.w_gate_nis"": 0.25982017064586516}",0.29,0.27487114879884655,0.3,0.034854771784232366,0.034854771784232366,0.0,0.0,0.0,0.5573181218632349,0.4527358939288467,1.74212256878478,0.04323705949739111,0.0,95.68464730290457,1.0,0.0,nan
2026-02-27T12:50:41.053277Z,profile1d_linear__robust_ossm_ekf,robust_ossm_ekf,57,0.4673619840787872,0.4673619840787872,pruned,5.186071395874023,subject_kfold,1,raw,debug_stage,,/home/gongjae/Projects/resPyre/robust_ossm_ekf/profile1d_linear__robust_ossm_ekf/trials/trial_00057,5d2a4ded3ac9f597,/home/gongjae/Projects/resPyre/robust_ossm_ekf/profile1d_linear__robust_ossm_ekf/trials/trial_00057/trial_manifest.json,/home/gongjae/Projects/resPyre/robust_ossm_ekf/profile1d_linear__robust_ossm_ekf/trials/trial_00057/metrics_summary.json,"{""oscillator.g_z_eff_floor_ratio"": 0.43016297558976374, ""oscillator.post_smooth_alpha"": 0.9647103385556473, ""oscillator.qf"": 0.0036535718489412597, ""oscillator.qx"": 0.006980738830969825, ""oscillator.rv"": 0.038148249328623575, ""oscillator.rv_auto"": true, ""oscillator.rv_mad_scale"": 0.9014803562734192, ""oscillator.spec_guidance_strength"": 0.8353691657853216, ""oscillator.student_t_nu"": 12.89794572284651, ""oscillator.tau_env"": 66.22814057265693, ""trust.alpha_R_max"": 3.8952524619158684, ""trust.beta_1"": 0.7064649406072403, ""trust.beta_2"": 0.9386682864286048, ""trust.g_z_floor"": 0.33048063492019314, ""trust.gate_bias"": 0.6011483290079523, ""trust.w_gate_nis"": 0.15376751162329344}",0.29,0.2819511756902081,0.29,0.03319502074688797,0.03319502074688797,0.0,0.0,0.0,0.5396062445462174,0.4394825952035132,1.8898789266423641,0.008129310796855072,0.0,100.0,1.0,0.0,nan
2026-02-27T12:50:46.130300Z,profile1d_linear__robust_ossm_ekf,robust_ossm_ekf,58,0.4976644313660876,0.4976644313660876,pruned,4.987753629684448,subject_kfold,1,raw,debug_quantile,,/home/gongjae/Projects/resPyre/robust_ossm_ekf/profile1d_linear__robust_ossm_ekf/trials/trial_00058,82d2c993acfe87fd,/home/gongjae/Projects/resPyre/robust_ossm_ekf/profile1d_linear__robust_ossm_ekf/trials/trial_00058/trial_manifest.json,/home/gongjae/Projects/resPyre/robust_ossm_ekf/profile1d_linear__robust_ossm_ekf/trials/trial_00058/metrics_summary.json,"{""oscillator.g_z_eff_floor_ratio"": 0.256743196870132, ""oscillator.post_smooth_alpha"": 0.7561011705596515, ""oscillator.qf"": 0.0046106435687791264, ""oscillator.qx"": 0.0012791192191061386, ""oscillator.rv"": 0.06381580615883028, ""oscillator.rv_auto"": false, ""oscillator.rv_mad_scale"": 0.7602987907217104, ""oscillator.spec_guidance_strength"": 1.0736898802941532, ""oscillator.student_t_nu"": 7.808438853657547, ""oscillator.tau_env"": 32.988100439462826, ""trust.alpha_R_max"": 5.971896742824518, ""trust.beta_1"": 1.465455161227132, ""trust.beta_2"": 1.098613933451083, ""trust.g_z_floor"": 0.3295352803575118, ""trust.gate_bias"": 0.6532997370421041, ""trust.w_gate_nis"": 0.4164683265760659}",0.29,0.27704883936791525,0.31,0.026556016597510373,0.026556016597510373,0.0,0.0,0.0,0.5258295102573545,0.42470360514658956,2.204564486277132,0.03489777506525643,0.0,99.1701244813278,1.0,0.0,nan
2026-02-27T12:50:51.252892Z,profile1d_linear__robust_ossm_ekf,robust_ossm_ekf,59,0.47549126842517464,0.47549126842517464,pruned,5.033008098602295,subject_kfold,1,raw,debug_stage,,/home/gongjae/Projects/resPyre/robust_ossm_ekf/profile1d_linear__robust_ossm_ekf/trials/trial_00059,95da408bde4f10ef,/home/gongjae/Projects/resPyre/robust_ossm_ekf/profile1d_linear__robust_ossm_ekf/trials/trial_00059/trial_manifest.json,/home/gongjae/Projects/resPyre/robust_ossm_ekf/profile1d_linear__robust_ossm_ekf/trials/trial_00059/metrics_summary.json,"{""oscillator.g_z_eff_floor_ratio"": 0.31926502123840556, ""oscillator.post_smooth_alpha"": 0.8806942482923029, ""oscillator.qf"": 0.0024101428131042095, ""oscillator.qx"": 0.005974342867548932, ""oscillator.rv"": 0.01697424468444231, ""oscillator.rv_auto"": false, ""oscillator.rv_mad_scale"": 0.8160949351422693, ""oscillator.spec_guidance_strength"": 1.0703249641622237, ""oscillator.student_t_nu"": 13.379406633534678, ""oscillator.tau_env"": 54.77548553867539, ""trust.alpha_R_max"": 2.430198242519733, ""trust.beta_1"": 0.714924128405923, ""trust.beta_2"": 0.8276573421332423, ""trust.g_z_floor"": 0.3613739717963282, ""trust.gate_bias"": 0.4839517452321779, ""trust.w_gate_nis"": 0.15476656238969713}",0.28,0.27346487943027264,0.31,0.03153526970954357,0.03153526970954357,0.0,0.0,0.0,0.5633513303421899,0.45552157700311363,1.8192229320562177,0.02648621566198822,0.0,98.92116182572614,1.0,0.0,nan
2026-02-27T12:50:56.467018Z,profile1d_linear__robust_ossm_ekf,robust_ossm_ekf,60,0.46828929137567116,0.46828929137567116,pruned,5.124892473220825,subject_kfold,1,raw,debug_stage,,/home/gongjae/Projects/resPyre/robust_ossm_ekf/profile1d_linear__robust_ossm_ekf/trials/trial_00060,61eb30f67c8a6cce,/home/gongjae/Projects/resPyre/robust_ossm_ekf/profile1d_linear__robust_ossm_ekf/trials/trial_00060/trial_manifest.json,/home/gongjae/Projects/resPyre/robust_ossm_ekf/profile1d_linear__robust_ossm_ekf/trials/trial_00060/metrics_summary.json,"{""oscillator.g_z_eff_floor_ratio"": 0.3532762659428809, ""oscillator.post_smooth_alpha"": 0.9182660228056418, ""oscillator.qf"": 0.00122091189810507, ""oscillator.qx"": 0.0037656017608997698, ""oscillator.rv"": 0.040995827772820286, ""oscillator.rv_auto"": false, ""oscillator.rv_mad_scale"": 0.8945247449650394, ""oscillator.spec_guidance_strength"": 0.6934462800706362, ""oscillator.student_t_nu"": 8.671424847187058, ""oscillator.tau_env"": 49.1226277644024, ""trust.alpha_R_max"": 2.1677328433844325, ""trust.beta_1"": 0.6222021970733446, ""trust.beta_2"": 0.6708605901485747, ""trust.g_z_floor"": 0.33730667059715613, ""trust.gate_bias"": 0.4141083276230295, ""trust.w_gate_nis"": 0.06736163399336349}",0.28,0.2742001003399242,0.31,0.03319502074688797,0.03319502074688797,0.0,0.0,0.0,0.5780035554084405,0.4670249564271949,1.690144840757589,0.03074367063298571,0.0,97.17842323651452,1.0,0.0,nan
2026-02-27T13:01:28.344522Z,profile1d_linear__robust_ossm_ekf,robust_ossm_ekf,61,0.7956897252263948,0.7956897252263948,completed,631.780847787857,subject_kfold,32,raw,,/home/gongjae/Projects/resPyre/robust_ossm_ekf/profile1d_linear__robust_ossm_ekf/trials/trial_00061/run_workspace/results/trial_00061,/home/gongjae/Projects/resPyre/robust_ossm_ekf/profile1d_linear__robust_ossm_ekf/trials/trial_00061,d4f9ba6f78c341d7,/home/gongjae/Projects/resPyre/robust_ossm_ekf/profile1d_linear__robust_ossm_ekf/trials/trial_00061/trial_manifest.json,/home/gongjae/Projects/resPyre/robust_ossm_ekf/profile1d_linear__robust_ossm_ekf/trials/trial_00061/metrics_summary.json,"{""oscillator.g_z_eff_floor_ratio"": 0.5352609151788886, ""oscillator.post_smooth_alpha"": 0.9401429631984978, ""oscillator.qf"": 0.00029304921831885516, ""oscillator.qx"": 0.0004537758988686506, ""oscillator.rv"": 0.015349962941281192, ""oscillator.rv_auto"": false, ""oscillator.rv_mad_scale"": 0.925195186281317, ""oscillator.spec_guidance_strength"": 1.0378062694712809, ""oscillator.student_t_nu"": 13.539833606421062, ""oscillator.tau_env"": 44.42310055123419, ""trust.alpha_R_max"": 5.210291377561988, ""trust.beta_1"": 1.3171991570346415, ""trust.beta_2"": 0.8800894637426423, ""trust.g_z_floor"": 0.21125367427613095, ""trust.gate_bias"": 0.24053251607292322, ""trust.w_gate_nis"": 0.3120520177112198}",0.485,0.37570253965090816,0.35,0.011505381610226002,0.0,0.0,0.0,0.004250767932786946,0.5350800819062803,0.36005916119353587,2.0952976568689587,2.113529692871303,0.002845586194963218,74.7801438357673,1.0,0.0,2.654444380180312
2026-02-27T13:01:34.061987Z,profile1d_linear__robust_ossm_ekf,robust_ossm_ekf,62,0.47173994061757907,0.47173994061757907,pruned,5.603041887283325,subject_kfold,1,raw,debug_stage,,/home/gongjae/Projects/resPyre/robust_ossm_ekf/profile1d_linear__robust_ossm_ekf/trials/trial_00062,3d469306f5ab462d,/home/gongjae/Projects/resPyre/robust_ossm_ekf/profile1d_linear__robust_ossm_ekf/trials/trial_00062/trial_manifest.json,/home/gongjae/Projects/resPyre/robust_ossm_ekf/profile1d_linear__robust_ossm_ekf/trials/trial_00062/metrics_summary.json,"{""oscillator.g_z_eff_floor_ratio"": 0.648089504438235, ""oscillator.post_smooth_alpha"": 0.892067112694118, ""oscillator.qf"": 0.000522042560983839, ""oscillator.qx"": 0.000809641298023629, ""oscillator.rv"": 0.028253308081116243, ""oscillator.rv_auto"": true, ""oscillator.rv_mad_scale"": 0.9218966148102508, ""oscillator.spec_guidance_strength"": 1.028059717130206, ""oscillator.student_t_nu"": 9.468624863377396, ""oscillator.tau_env"": 56.01739260484002, ""trust.alpha_R_max"": 4.031904303198034, ""trust.beta_1"": 1.2016454616338146, ""trust.beta_2"": 0.9658597446817214, ""trust.g_z_floor"": 0.20191863900693968, ""trust.gate_bias"": 0.21256105071909978, ""trust.w_gate_nis"": 0.2107423403945355}",0.3,0.290943933734483,0.29,0.03983402489626556,0.03983402489626556,0.0,0.0,0.0,0.617452560983134,0.530886546058057,2.0444522156735543,0.01544190435347652,0.0,95.76763485477179,1.0,0.0,nan
2026-02-27T13:01:39.710304Z,profile1d_linear__robust_ossm_ekf,robust_ossm_ekf,63,0.45815388763794784,0.45815388763794784,pruned,5.544116020202637,subject_kfold,1,raw,debug_stage,,/home/gongjae/Projects/resPyre/robust_ossm_ekf/profile1d_linear__robust_ossm_ekf/trials/trial_00063,3d0db7d3dba6abf7,/home/gongjae/Projects/resPyre/robust_ossm_ekf/profile1d_linear__robust_ossm_ekf/trials/trial_00063/trial_manifest.json,/home/gongjae/Projects/resPyre/robust_ossm_ekf/profile1d_linear__robust_ossm_ekf/trials/trial_00063/metrics_summary.json,"{""oscillator.g_z_eff_floor_ratio"": 0.5047014963223033, ""oscillator.post_smooth_alpha"": 0.906470029005335, ""oscillator.qf"": 0.0023899399624180114, ""oscillator.qx"": 0.0005526718276833572, ""oscillator.rv"": 0.024664207512003062, ""oscillator.rv_auto"": false, ""oscillator.rv_mad_scale"": 0.8446945384805329, ""oscillator.spec_guidance_strength"": 1.1437400530688062, ""oscillator.student_t_nu"": 11.116237755610761, ""oscillator.tau_env"": 42.35224151227377, ""trust.alpha_R_max"": 3.2141559699619613, ""trust.beta_1"": 1.3989943384522283, ""trust.beta_2"": 0.8058384429419433, ""trust.g_z_floor"": 0.12353594729023162, ""trust.gate_bias"": 0.30558001408881924, ""trust.w_gate_nis"": 0.19791635089747156}",0.29,0.27411656437740983,0.31,0.0,0.0,0.0,0.0,0.0,0.5972307602685777,0.5049134352079779,1.993714253360598,0.07287908618360077,0.0,96.34854771784232,1.0,0.0,nan
2026-02-27T13:01:45.347327Z,profile1d_linear__robust_ossm_ekf,robust_ossm_ekf,64,0.4675081863285725,0.4675081863285725,pruned,5.542924880981445,subject_kfold,1,raw,debug_stage,,/home/gongjae/Projects/resPyre/robust_ossm_ekf/profile1d_linear__robust_ossm_ekf/trials/trial_00064,07a1fc156a7181eb,/home/gongjae/Projects/resPyre/robust_ossm_ekf/profile1d_linear__robust_ossm_ekf/trials/trial_00064/trial_manifest.json,/home/gongjae/Projects/resPyre/robust_ossm_ekf/profile1d_linear__robust_ossm_ekf/trials/trial_00064/metrics_summary.json,"{""oscillator.g_z_eff_floor_ratio"": 0.5889661169733101, ""oscillator.post_smooth_alpha"": 0.8170911509711297, ""oscillator.qf"": 0.001296008073365627, ""oscillator.qx"": 0.0012499996812822198, ""oscillator.rv"": 0.027439714792797904, ""oscillator.rv_auto"": false, ""oscillator.rv_mad_scale"": 0.9898725857825202, ""oscillator.spec_guidance_strength"": 1.0322109752827324, ""oscillator.student_t_nu"": 8.223207213001464, ""oscillator.tau_env"": 33.84354728325883, ""trust.alpha_R_max"": 4.9727226774562485, ""trust.beta_1"": 1.2775545558647963, ""trust.beta_2"": 0.8732953561010037, ""trust.g_z_floor"": 0.21016894578427642, ""trust.gate_bias"": 0.3673085246016242, ""trust.w_gate_nis"": 0.24954627116031877}",0.29,0.27517223861119566,0.31,0.025726141078838173,0.025726141078838173,0.0,0.0,0.0,0.5846967668535131,0.5054955043955729,2.0045446155400706,0.062197549794034336,0.0,95.51867219917013,1.0,0.0,nan
2026-02-27T13:01:50.921387Z,profile1d_linear__robust_ossm_ekf,robust_ossm_ekf,65,0.4570058403565826,0.4570058403565826,pruned,5.4828619956970215,subject_kfold,1,raw,debug_stage,,/home/gongjae/Projects/resPyre/robust_ossm_ekf/profile1d_linear__robust_ossm_ekf/trials/trial_00065,6eead2db4b2d961b,/home/gongjae/Projects/resPyre/robust_ossm_ekf/profile1d_linear__robust_ossm_ekf/trials/trial_00065/trial_manifest.json,/home/gongjae/Projects/resPyre/robust_ossm_ekf/profile1d_linear__robust_ossm_ekf/trials/trial_00065/metrics_summary.json,"{""oscillator.g_z_eff_floor_ratio"": 0.5418341644976418, ""oscillator.post_smooth_alpha"": 0.8906670789690685, ""oscillator.qf"": 0.0006108879855495175, ""oscillator.qx"": 0.0010349135832200963, ""oscillator.rv"": 0.014475741464320444, ""oscillator.rv_auto"": false, ""oscillator.rv_mad_scale"": 0.8900581982092721, ""oscillator.spec_guidance_strength"": 1.0586830516408652, ""oscillator.student_t_nu"": 8.677137903580471, ""oscillator.tau_env"": 34.68626751630301, ""trust.alpha_R_max"": 3.728825238770685, ""trust.beta_1"": 1.1679551308293454, ""trust.beta_2"": 1.0228082321002279, ""trust.g_z_floor"": 0.12461895709390848, ""trust.gate_bias"": 0.30681945631675034, ""trust.w_gate_nis"": 0.3039281159882032}",0.29,0.27523095747298426,0.3,0.028215767634854772,0.028215767634854772,0.0,0.0,0.0,0.5942944550998924,0.5077299555546324,2.072596380073086,0.09037035822262808,0.0,91.36929460580913,1.0,0.0,nan
2026-02-27T13:11:41.570112Z,profile1d_linear__robust_ossm_ekf,robust_ossm_ekf,66,0.3433298452310779,0.3433298452310779,completed,590.5416193008423,subject_kfold,32,raw,,/home/gongjae/Projects/resPyre/robust_ossm_ekf/profile1d_linear__robust_ossm_ekf/trials/trial_00066/run_workspace/results/trial_00066,/home/gongjae/Projects/resPyre/robust_ossm_ekf/profile1d_linear__robust_ossm_ekf/trials/trial_00066,ea81ea95e7eb525c,/home/gongjae/Projects/resPyre/robust_ossm_ekf/profile1d_linear__robust_ossm_ekf/trials/trial_00066/trial_manifest.json,/home/gongjae/Projects/resPyre/robust_ossm_ekf/profile1d_linear__robust_ossm_ekf/trials/trial_00066/metrics_summary.json,"{""oscillator.g_z_eff_floor_ratio"": 0.5528690951975483, ""oscillator.post_smooth_alpha"": 0.7890657877014741, ""oscillator.qf"": 0.0010361928029815977, ""oscillator.qx"": 0.0016412941625864566, ""oscillator.rv"": 0.032107591466184755, ""oscillator.rv_auto"": false, ""oscillator.rv_mad_scale"": 1.0594855039849702, ""oscillator.spec_guidance_strength"": 1.1548675773701182, ""oscillator.student_t_nu"": 13.34998235697289, ""oscillator.tau_env"": 39.35377480655654, ""trust.alpha_R_max"": 4.080939012759503, ""trust.beta_1"": 1.2935073982181768, ""trust.beta_2"": 0.4596444055062335, ""trust.g_z_floor"": 0.2709181947239666, ""trust.gate_bias"": 0.25487826304987654, ""trust.w_gate_nis"": 0.1279309034950565}",0.495,0.38649010533991224,0.32,0.019451942521670186,0.0,0.013863232841335033,0.0,0.011474235941198738,0.5892885702781818,0.4003657619535517,1.8926710026005238,1.0331588231185742,0.001527545101981362,84.02589073118875,1.0,0.0,0.22807017543859762
2026-02-27T13:11:46.815493Z,profile1d_linear__robust_ossm_ekf,robust_ossm_ekf,67,0.4590600289396789,0.4590600289396789,pruned,5.136862516403198,subject_kfold,1,raw,debug_stage,,/home/gongjae/Projects/resPyre/robust_ossm_ekf/profile1d_linear__robust_ossm_ekf/trials/trial_00067,63dd23cc63744865,/home/gongjae/Projects/resPyre/robust_ossm_ekf/profile1d_linear__robust_ossm_ekf/trials/trial_00067/trial_manifest.json,/home/gongjae/Projects/resPyre/robust_ossm_ekf/profile1d_linear__robust_ossm_ekf/trials/trial_00067/metrics_summary.json,"{""oscillator.g_z_eff_floor_ratio"": 0.5685795765378998, ""oscillator.post_smooth_alpha"": 0.795602615715373, ""oscillator.qf"": 0.0014804792057504068, ""oscillator.qx"": 0.002656389364013913, ""oscillator.rv"": 0.06362693778001523, ""oscillator.rv_auto"": true, ""oscillator.rv_mad_scale"": 0.9063721457260021, ""oscillator.spec_guidance_strength"": 0.9691553380638938, ""oscillator.student_t_nu"": 10.910690544297154, ""oscillator.tau_env"": 47.325012490864786, ""trust.alpha_R_max"": 2.728677815978406, ""trust.beta_1"": 1.247671399540482, ""trust.beta_2"": 0.46937506694037373, ""trust.g_z_floor"": 0.13347480658812236, ""trust.gate_bias"": 0.20501513872023197, ""trust.w_gate_nis"": 0.18001191238909825}",0.29,0.2855086486185761,0.29,0.03319502074688797,0.03319502074688797,0.0,0.0,0.0,0.6191313717862202,0.5253913330410781,1.7306328018711021,0.011718693184340684,0.0,98.25726141078839,1.0,0.0,nan
2026-02-27T13:21:20.244268Z,profile1d_linear__robust_ossm_ekf,robust_ossm_ekf,68,2.8853510561540174,2.8853510561540174,completed,573.3340747356415,subject_kfold,32,raw,,/home/gongjae/Projects/resPyre/robust_ossm_ekf/profile1d_linear__robust_ossm_ekf/trials/trial_00068/run_workspace/results/trial_00068,/home/gongjae/Projects/resPyre/robust_ossm_ekf/profile1d_linear__robust_ossm_ekf/trials/trial_00068,021d2c26a8b2643e,/home/gongjae/Projects/resPyre/robust_ossm_ekf/profile1d_linear__robust_ossm_ekf/trials/trial_00068/trial_manifest.json,/home/gongjae/Projects/resPyre/robust_ossm_ekf/profile1d_linear__robust_ossm_ekf/trials/trial_00068/metrics_summary.json,"{""oscillator.g_z_eff_floor_ratio"": 0.5095910126941628, ""oscillator.post_smooth_alpha"": 0.7838460264017587, ""oscillator.qf"": 0.00036745003697052854, ""oscillator.qx"": 0.0008375611377900125, ""oscillator.rv"": 0.055208067662384945, ""oscillator.rv_auto"": false, ""oscillator.rv_mad_scale"": 1.0977969514293036, ""oscillator.spec_guidance_strength"": 1.1133853269822778, ""oscillator.student_t_nu"": 6.997515482327268, ""oscillator.tau_env"": 23.686338003340634, ""trust.alpha_R_max"": 6.948845176534446, ""trust.beta_1"": 1.0825019147276458, ""trust.beta_2"": 0.46722747003133486, ""trust.g_z_floor"": 0.121410876966729, ""trust.gate_bias"": 0.34182451336387415, ""trust.w_gate_nis"": 0.13528296430488498}",0.595,0.4244299838672142,0.85,0.039337309403754045,0.01177971633730936,0.0241612357221426,0.0,0.004256257026425627,0.5744263485686278,0.3585228819368782,1.8943341140418597,1.0171949870638972,0.0017379728287084,63.643580291216736,1.0,0.0,19.057771279518207
2026-02-27T13:21:25.533825Z,profile1d_linear__robust_ossm_ekf,robust_ossm_ekf,69,0.4904733054438294,0.4904733054438294,pruned,5.1784093379974365,subject_kfold,1,raw,debug_quantile,,/home/gongjae/Projects/resPyre/robust_ossm_ekf/profile1d_linear__robust_ossm_ekf/trials/trial_00069,6f8b5453ce642f28,/home/gongjae/Projects/resPyre/robust_ossm_ekf/profile1d_linear__robust_ossm_ekf/trials/trial_00069/trial_manifest.json,/home/gongjae/Projects/resPyre/robust_ossm_ekf/profile1d_linear__robust_ossm_ekf/trials/trial_00069/metrics_summary.json,"{""oscillator.g_z_eff_floor_ratio"": 0.2717112620132185, ""oscillator.post_smooth_alpha"": 0.6817883644715329, ""oscillator.qf"": 0.003191166968678043, ""oscillator.qx"": 0.0012107496447043775, ""oscillator.rv"": 0.06485650281595236, ""oscillator.rv_auto"": true, ""oscillator.rv_mad_scale"": 0.7611781324725142, ""oscillator.spec_guidance_strength"": 1.0521654728679781, ""oscillator.student_t_nu"": 3.4733066815601727, ""oscillator.tau_env"": 24.29405737984613, ""trust.alpha_R_max"": 6.9398123970002485, ""trust.beta_1"": 1.5583751247846513, ""trust.beta_2"": 1.1816779824017043, ""trust.g_z_floor"": 0.19278539042376483, ""trust.gate_bias"": 0.6936012870328054, ""trust.w_gate_nis"": 0.4021117047918112}",0.29,0.2852873947695405,0.28,0.04066390041493776,0.04066390041493776,0.0,0.0,0.0,0.5193461295392996,0.40974563226109234,2.2848307380735764,0.011912619642773722,0.0,99.41908713692946,1.0,0.0,nan
2026-02-27T13:21:30.883285Z,profile1d_linear__robust_ossm_ekf,robust_ossm_ekf,70,0.47564640117038337,0.47564640117038337,pruned,5.259032487869263,subject_kfold,1,raw,debug_stage,,/home/gongjae/Projects/resPyre/robust_ossm_ekf/profile1d_linear__robust_ossm_ekf/trials/trial_00070,973b9ddb0e17c8f0,/home/gongjae/Projects/resPyre/robust_ossm_ekf/profile1d_linear__robust_ossm_ekf/trials/trial_00070/trial_manifest.json,/home/gongjae/Projects/resPyre/robust_ossm_ekf/profile1d_linear__robust_ossm_ekf/trials/trial_00070/metrics_summary.json,"{""oscillator.g_z_eff_floor_ratio"": 0.42264019186650864, ""oscillator.post_smooth_alpha"": 0.903750126392604, ""oscillator.qf"": 0.00136819747424798, ""oscillator.qx"": 0.005019118845011772, ""oscillator.rv"": 0.03566325741650829, ""oscillator.rv_auto"": false, ""oscillator.rv_mad_scale"": 0.7676846376760038, ""oscillator.spec_guidance_strength"": 0.8507441762722695, ""oscillator.student_t_nu"": 6.888578824617182, ""oscillator.tau_env"": 63.150314393887484, ""trust.alpha_R_max"": 5.09852037323778, ""trust.beta_1"": 0.6170251072768688, ""trust.beta_2"": 0.889534192681666, ""trust.g_z_floor"": 0.39482485933947076, ""trust.gate_bias"": 0.432013280871465, ""trust.w_gate_nis"": 0.07049482158251852}",0.28,0.2739178007691465,0.31,0.03319502074688797,0.03319502074688797,0.0,0.0,0.0,0.5744152788862327,0.4724320770991858,1.8328827553983453,0.02658378511791962,0.0,97.9253112033195,1.0,0.0,nan
2026-02-27T13:21:36.172786Z,profile1d_linear__robust_ossm_ekf,robust_ossm_ekf,71,0.4518434643840347,0.4518434643840347,pruned,5.196237325668335,subject_kfold,1,raw,debug_stage,,/home/gongjae/Projects/resPyre/robust_ossm_ekf/profile1d_linear__robust_ossm_ekf/trials/trial_00071,1924b987fd756330,/home/gongjae/Projects/resPyre/robust_ossm_ekf/profile1d_linear__robust_ossm_ekf/trials/trial_00071/trial_manifest.json,/home/gongjae/Projects/resPyre/robust_ossm_ekf/profile1d_linear__robust_ossm_ekf/trials/trial_00071/metrics_summary.json,"{""oscillator.g_z_eff_floor_ratio"": 0.6160211737604825, ""oscillator.post_smooth_alpha"": 0.7361873566270104, ""oscillator.qf"": 0.0012556776333542932, ""oscillator.qx"": 0.001164797521781259, ""oscillator.rv"": 0.03917056996583433, ""oscillator.rv_auto"": false, ""oscillator.rv_mad_scale"": 0.9390104658922951, ""oscillator.spec_guidance_strength"": 1.1032631954782888, ""oscillator.student_t_nu"": 13.25129414513078, ""oscillator.tau_env"": 22.210692107104578, ""trust.alpha_R_max"": 2.746040610408177, ""trust.beta_1"": 1.2808027530753356, ""trust.beta_2"": 0.5823936122765206, ""trust.g_z_floor"": 0.2663780873587831, ""trust.gate_bias"": 0.24185702495072273, ""trust.w_gate_nis"": 0.0664732049592359}",0.29,0.2755147785456578,0.3,0.024896265560165973,0.024896265560165973,0.0,0.0,0.0,0.6117139165512913,0.532489971338127,1.8126720381381953,0.05945018318789267,0.0,95.4356846473029,1.0,0.0,nan
2026-02-27T13:21:41.455926Z,profile1d_linear__robust_ossm_ekf,robust_ossm_ekf,72,0.460667939212723,0.460667939212723,pruned,5.186782121658325,subject_kfold,1,raw,debug_stage,,/home/gongjae/Projects/resPyre/robust_ossm_ekf/profile1d_linear__robust_ossm_ekf/trials/trial_00072,dd1213eaf63ecd87,/home/gongjae/Projects/resPyre/robust_ossm_ekf/profile1d_linear__robust_ossm_ekf/trials/trial_00072/trial_manifest.json,/home/gongjae/Projects/resPyre/robust_ossm_ekf/profile1d_linear__robust_ossm_ekf/trials/trial_00072/metrics_summary.json,"{""oscillator.g_z_eff_floor_ratio"": 0.5844302438138007, ""oscillator.post_smooth_alpha"": 0.7406101074805032, ""oscillator.qf"": 0.000996445039574356, ""oscillator.qx"": 0.0019492216927350283, ""oscillator.rv"": 0.023849628113097772, ""oscillator.rv_auto"": false, ""oscillator.rv_mad_scale"": 1.0995911596311192, ""oscillator.spec_guidance_strength"": 1.004192770014528, ""oscillator.student_t_nu"": 13.528608254659417, ""oscillator.tau_env"": 35.64132523414444, ""trust.alpha_R_max"": 4.424978933647654, ""trust.beta_1"": 1.0074762888276219, ""trust.beta_2"": 0.6845368195595177, ""trust.g_z_floor"": 0.27822954318552384, ""trust.gate_bias"": 0.4165312020223757, ""trust.w_gate_nis"": 0.09590966439203888}",0.28,0.2742746788404024,0.31,0.028215767634854772,0.028215767634854772,0.0,0.0,0.0,0.5768052936851348,0.498015407746869,1.8058783136649024,0.0576945935676068,0.0,95.4356846473029,1.0,0.0,nan
2026-02-27T13:21:46.711648Z,profile1d_linear__robust_ossm_ekf,robust_ossm_ekf,73,0.4537850803796311,0.4537850803796311,pruned,5.161155939102173,subject_kfold,1,raw,debug_stage,,/home/gongjae/Projects/resPyre/robust_ossm_ekf/profile1d_linear__robust_ossm_ekf/trials/trial_00073,95833abb6632c24d,/home/gongjae/Projects/resPyre/robust_ossm_ekf/profile1d_linear__robust_ossm_ekf/trials/trial_00073/trial_manifest.json,/home/gongjae/Projects/resPyre/robust_ossm_ekf/profile1d_linear__robust_ossm_ekf/trials/trial_00073/metrics_summary.json,"{""oscillator.g_z_eff_floor_ratio"": 0.5501516984846654, ""oscillator.post_smooth_alpha"": 0.8003339762573538, ""oscillator.qf"": 0.0018266576065600175, ""oscillator.qx"": 0.002366282987772186, ""oscillator.rv"": 0.018652017328873467, ""oscillator.rv_auto"": false, ""oscillator.rv_mad_scale"": 1.0076633886525277, ""oscillator.spec_guidance_strength"": 1.181458015066279, ""oscillator.student_t_nu"": 12.616520729598516, ""oscillator.tau_env"": 42.412574232916505, ""trust.alpha_R_max"": 5.333381891725945, ""trust.beta_1"": 1.0337792434770394, ""trust.beta_2"": 0.21541378839153655, ""trust.g_z_floor"": 0.32041724870156835, ""trust.gate_bias"": 0.2719835752965319, ""trust.w_gate_nis"": 0.20052391998740648}",0.28,0.2736694367428405,0.31,0.011618257261410789,0.011618257261410789,0.0,0.0,0.0,0.6047235141286609,0.5176050537856945,1.5046846926703479,0.04865329728482767,0.0,97.01244813278008,1.0,0.0,nan
2026-02-27T13:21:51.985307Z,profile1d_linear__robust_ossm_ekf,robust_ossm_ekf,74,0.46603749535729877,0.46603749535729877,pruned,5.17500901222229,subject_kfold,1,raw,debug_stage,,/home/gongjae/Projects/resPyre/robust_ossm_ekf/profile1d_linear__robust_ossm_ekf/trials/trial_00074,8364168b7026fd57,/home/gongjae/Projects/resPyre/robust_ossm_ekf/profile1d_linear__robust_ossm_ekf/trials/trial_00074/trial_manifest.json,/home/gongjae/Projects/resPyre/robust_ossm_ekf/profile1d_linear__robust_ossm_ekf/trials/trial_00074/metrics_summary.json,"{""oscillator.g_z_eff_floor_ratio"": 0.43972697017281515, ""oscillator.post_smooth_alpha"": 0.7990946328451374, ""oscillator.qf"": 0.0021902309628169703, ""oscillator.qx"": 0.002212769774773791, ""oscillator.rv"": 0.0245831554770277, ""oscillator.rv_auto"": false, ""oscillator.rv_mad_scale"": 0.950599353511379, ""oscillator.spec_guidance_strength"": 1.0766933518262538, ""oscillator.student_t_nu"": 13.54228310332228, ""oscillator.tau_env"": 43.1000023537234, ""trust.alpha_R_max"": 4.098665131836273, ""trust.beta_1"": 1.48002560345802, ""trust.beta_2"": 0.4262387701732488, ""trust.g_z_floor"": 0.12944757892938613, ""trust.gate_bias"": 0.26391413767233757, ""trust.w_gate_nis"": 0.09131387730095092}",0.28,0.27341585837596405,0.31,0.027385892116182572,0.027385892116182572,0.0,0.0,0.0,0.6074416227576859,0.5041940604592087,1.7664911616891703,0.0430670030721286,0.0,98.00829875518673,1.0,0.0,nan
2026-02-27T13:21:57.238486Z,profile1d_linear__robust_ossm_ekf,robust_ossm_ekf,75,0.45669692030420417,0.45669692030420417,pruned,5.162566900253296,subject_kfold,1,raw,debug_stage,,/home/gongjae/Projects/resPyre/robust_ossm_ekf/profile1d_linear__robust_ossm_ekf/trials/trial_00075,0dbd31de50b2c740,/home/gongjae/Projects/resPyre/robust_ossm_ekf/profile1d_linear__robust_ossm_ekf/trials/trial_00075/trial_manifest.json,/home/gongjae/Projects/resPyre/robust_ossm_ekf/profile1d_linear__robust_ossm_ekf/trials/trial_00075/metrics_summary.json,"{""oscillator.g_z_eff_floor_ratio"": 0.6217433395838835, ""oscillator.post_smooth_alpha"": 0.7488407087541212, ""oscillator.qf"": 0.0005442024674401504, ""oscillator.qx"": 0.004099778572225663, ""oscillator.rv"": 0.051738696339778345, ""oscillator.rv_auto"": true, ""oscillator.rv_mad_scale"": 0.9883720400814708, ""oscillator.spec_guidance_strength"": 0.7612565436145868, ""oscillator.student_t_nu"": 10.822927552993091, ""oscillator.tau_env"": 64.10189951255377, ""trust.alpha_R_max"": 4.889786371067882, ""trust.beta_1"": 0.771024911188273, ""trust.beta_2"": 0.7762018442469383, ""trust.g_z_floor"": 0.1415056408774086, ""trust.gate_bias"": 0.267387721278046, ""trust.w_gate_nis"": 0.08023249672682095}",0.3,0.2866548846929662,0.28,0.044813278008298756,0.044813278008298756,0.0,0.0,0.0,0.6073352260841068,0.5093964371481713,1.800876884073307,0.012175059152362168,0.0,96.51452282157676,1.0,0.0,nan
2026-02-27T13:31:22.925365Z,profile1d_linear__robust_ossm_ekf,robust_ossm_ekf,76,0.38309223166629763,0.38309223166629763,completed,565.5852320194244,subject_kfold,32,raw,,/home/gongjae/Projects/resPyre/robust_ossm_ekf/profile1d_linear__robust_ossm_ekf/trials/trial_00076/run_workspace/results/trial_00076,/home/gongjae/Projects/resPyre/robust_ossm_ekf/profile1d_linear__robust_ossm_ekf/trials/trial_00076,8bee82b8c4f3532a,/home/gongjae/Projects/resPyre/robust_ossm_ekf/profile1d_linear__robust_ossm_ekf/trials/trial_00076/trial_manifest.json,/home/gongjae/Projects/resPyre/robust_ossm_ekf/profile1d_linear__robust_ossm_ekf/trials/trial_00076/metrics_summary.json,"{""oscillator.g_z_eff_floor_ratio"": 0.6150484807463599, ""oscillator.post_smooth_alpha"": 0.7829104487626126, ""oscillator.qf"": 0.00033547142944039075, ""oscillator.qx"": 0.0005721154809148706, ""oscillator.rv"": 0.04525179266443789, ""oscillator.rv_auto"": false, ""oscillator.rv_mad_scale"": 1.0991882906401347, ""oscillator.spec_guidance_strength"": 0.7998702327818479, ""oscillator.student_t_nu"": 7.999289963098498, ""oscillator.tau_env"": 54.48521941673109, ""trust.alpha_R_max"": 5.403754471578734, ""trust.beta_1"": 1.1715788890560146, ""trust.beta_2"": 0.6905473800818394, ""trust.g_z_floor"": 0.179950049757484, ""trust.gate_bias"": 0.261304024717561, ""trust.w_gate_nis"": 0.08504800774783622}",0.495,0.37977797383063927,0.305,0.013492119206404921,0.0012379579824522728,0.006938162602049993,0.0,0.006453238045882657,0.5913194682495789,0.4225706648472961,1.9535209986714612,1.359561147437042,0.001191857289292351,72.65683068602777,1.0,0.0,0.12461649775870148
2026-02-27T13:31:28.221246Z,profile1d_linear__robust_ossm_ekf,robust_ossm_ekf,77,0.45235018827698026,0.45235018827698026,pruned,5.17535924911499,subject_kfold,1,raw,debug_stage,,/home/gongjae/Projects/resPyre/robust_ossm_ekf/profile1d_linear__robust_ossm_ekf/trials/trial_00077,5cd62b279e4e5b13,/home/gongjae/Projects/resPyre/robust_ossm_ekf/profile1d_linear__robust_ossm_ekf/trials/trial_00077/trial_manifest.json,/home/gongjae/Projects/resPyre/robust_ossm_ekf/profile1d_linear__robust_ossm_ekf/trials/trial_00077/metrics_summary.json,"{""oscillator.g_z_eff_floor_ratio"": 0.5658612730105816, ""oscillator.post_smooth_alpha"": 0.8405997649885358, ""oscillator.qf"": 0.0017195767935963536, ""oscillator.qx"": 0.0006838467621247242, ""oscillator.rv"": 0.03245136798701741, ""oscillator.rv_auto"": false, ""oscillator.rv_mad_scale"": 1.0160517095665051, ""oscillator.spec_guidance_strength"": 1.1887987617730884, ""oscillator.student_t_nu"": 12.225079252390154, ""oscillator.tau_env"": 51.94364241617643, ""trust.alpha_R_max"": 3.578457280544659, ""trust.beta_1"": 1.1112871290620865, ""trust.beta_2"": 0.6569790075157896, ""trust.g_z_floor"": 0.2826512178373547, ""trust.gate_bias"": 0.2506342666480851, ""trust.w_gate_nis"": 0.14795894291907677}",0.29,0.2756081025069235,0.31,0.0,0.0,0.0,0.0,0.0,0.6087975502665074,0.5231010844120544,1.8164156657975823,0.06881129034940052,0.0,95.35269709543569,1.0,0.0,nan
2026-02-27T13:31:33.404638Z,profile1d_linear__robust_ossm_ekf,robust_ossm_ekf,78,0.47351446841442135,0.47351446841442135,pruned,5.081289052963257,subject_kfold,1,raw,debug_stage,,/home/gongjae/Projects/resPyre/robust_ossm_ekf/profile1d_linear__robust_ossm_ekf/trials/trial_00078,4ad97b6397092d34,/home/gongjae/Projects/resPyre/robust_ossm_ekf/profile1d_linear__robust_ossm_ekf/trials/trial_00078/trial_manifest.json,/home/gongjae/Projects/resPyre/robust_ossm_ekf/profile1d_linear__robust_ossm_ekf/trials/trial_00078/metrics_summary.json,"{""oscillator.g_z_eff_floor_ratio"": 0.6405429290992308, ""oscillator.post_smooth_alpha"": 0.8107093394493371, ""oscillator.qf"": 0.0009218714987646164, ""oscillator.qx"": 0.0051729145152741825, ""oscillator.rv"": 0.03386165405815728, ""oscillator.rv_auto"": false, ""oscillator.rv_mad_scale"": 1.0943359433043849, ""oscillator.spec_guidance_strength"": 1.1486937049864743, ""oscillator.student_t_nu"": 13.323640427996162, ""oscillator.tau_env"": 39.80410209456349, ""trust.alpha_R_max"": 5.129201453552496, ""trust.beta_1"": 1.3718003836059238, ""trust.beta_2"": 0.5702753302089046, ""trust.g_z_floor"": 0.2681948491321829, ""trust.gate_bias"": 0.20366597128033997, ""trust.w_gate_nis"": 0.13041407799204904}",0.28,0.27375131111579054,0.31,0.030705394190871368,0.030705394190871368,0.0,0.0,0.0,0.6190878928868911,0.5416835233069178,1.83132152584983,0.02828323348210599,0.0,96.59751037344398,1.0,0.0,nan
2026-02-27T13:40:59.346697Z,profile1d_linear__robust_ossm_ekf,robust_ossm_ekf,79,2.7758499215497423,2.7758499215497423,completed,565.8269708156586,subject_kfold,32,raw,,/home/gongjae/Projects/resPyre/robust_ossm_ekf/profile1d_linear__robust_ossm_ekf/trials/trial_00079/run_workspace/results/trial_00079,/home/gongjae/Projects/resPyre/robust_ossm_ekf/profile1d_linear__robust_ossm_ekf/trials/trial_00079,e8cc688fc0b461cf,/home/gongjae/Projects/resPyre/robust_ossm_ekf/profile1d_linear__robust_ossm_ekf/trials/trial_00079/trial_manifest.json,/home/gongjae/Projects/resPyre/robust_ossm_ekf/profile1d_linear__robust_ossm_ekf/trials/trial_00079/metrics_summary.json,"{""oscillator.g_z_eff_floor_ratio"": 0.5006021457664926, ""oscillator.post_smooth_alpha"": 0.8880478994416966, ""oscillator.qf"": 0.0005793420035236216, ""oscillator.qx"": 0.0005348260749949537, ""oscillator.rv"": 0.01379639159824357, ""oscillator.rv_auto"": false, ""oscillator.rv_mad_scale"": 0.9943130815220542, ""oscillator.spec_guidance_strength"": 0.903219527789596, ""oscillator.student_t_nu"": 6.404016933487493, ""oscillator.tau_env"": 37.63285675423823, ""trust.alpha_R_max"": 3.5248804742998825, ""trust.beta_1"": 1.1064051944385331, ""trust.beta_2"": 0.42712326483367685, ""trust.g_z_floor"": 0.28428110126319583, ""trust.gate_bias"": 0.21058167010504242, ""trust.w_gate_nis"": 0.270666654631893}",0.58,0.42885005671676,0.74,0.025124590163934424,0.000817663674806532,0.02165631536604988,0.0,0.0018201529091571363,0.5217905538138297,0.3171036597953173,1.8842404418653256,2.558896402355231,0.008965944689418144,74.89804241435563,1.0,0.0,17.18031903222721
2026-02-27T13:41:04.645429Z,profile1d_linear__robust_ossm_ekf,robust_ossm_ekf,80,0.453087350086542,0.453087350086542,pruned,5.185736894607544,subject_kfold,1,raw,debug_stage,,/home/gongjae/Projects/resPyre/robust_ossm_ekf/profile1d_linear__robust_ossm_ekf/trials/trial_00080,2ad97e374857d1de,/home/gongjae/Projects/resPyre/robust_ossm_ekf/profile1d_linear__robust_ossm_ekf/trials/trial_00080/trial_manifest.json,/home/gongjae/Projects/resPyre/robust_ossm_ekf/profile1d_linear__robust_ossm_ekf/trials/trial_00080/metrics_summary.json,"{""oscillator.g_z_eff_floor_ratio"": 0.6061295599818909, ""oscillator.post_smooth_alpha"": 0.8448505843088823, ""oscillator.qf"": 0.0007036864566432993, ""oscillator.qx"": 0.0004478353902814154, ""oscillator.rv"": 0.03820124800933271, ""oscillator.rv_auto"": false, ""oscillator.rv_mad_scale"": 1.061410664787941, ""oscillator.spec_guidance_strength"": 1.0301204969425426, ""oscillator.student_t_nu"": 11.575014629724414, ""oscillator.tau_env"": 48.84346885558926, ""trust.alpha_R_max"": 4.005695389537472, ""trust.beta_1"": 1.2964931098881856, ""trust.beta_2"": 0.8688063937443296, ""trust.g_z_floor"": 0.11693097239864061, ""trust.gate_bias"": 0.2283303027803455, ""trust.w_gate_nis"": 0.24170460745635886}",0.29,0.2804144676696827,0.3,0.024896265560165973,0.024896265560165973,0.0,0.0,0.0,0.6110961443247244,0.5306255404175632,2.0068210503972415,0.08329162228199152,0.0,91.20331950207469,1.0,0.0,nan
2026-02-27T13:41:09.881621Z,profile1d_linear__robust_ossm_ekf,robust_ossm_ekf,81,0.47143257924935755,0.47143257924935755,pruned,5.139325141906738,subject_kfold,1,raw,debug_stage,,/home/gongjae/Projects/resPyre/robust_ossm_ekf/profile1d_linear__robust_ossm_ekf/trials/trial_00081,1c007c6e26b7b4a0,/home/gongjae/Projects/resPyre/robust_ossm_ekf/profile1d_linear__robust_ossm_ekf/trials/trial_00081/trial_manifest.json,/home/gongjae/Projects/resPyre/robust_ossm_ekf/profile1d_linear__robust_ossm_ekf/trials/trial_00081/metrics_summary.json,"{""oscillator.g_z_eff_floor_ratio"": 0.43697332797131955, ""oscillator.post_smooth_alpha"": 0.7780245768120319, ""oscillator.qf"": 0.0006297366800063766, ""oscillator.qx"": 0.0033744701935572276, ""oscillator.rv"": 0.011618779246702633, ""oscillator.rv_auto"": false, ""oscillator.rv_mad_scale"": 0.9569111057746048, ""oscillator.spec_guidance_strength"": 1.006794881821938, ""oscillator.student_t_nu"": 6.517871358954217, ""oscillator.tau_env"": 61.942196708029684, ""trust.alpha_R_max"": 4.285222569068763, ""trust.beta_1"": 0.8515545328213961, ""trust.beta_2"": 0.9495075622652407, ""trust.g_z_floor"": 0.13650442311646216, ""trust.gate_bias"": 0.3830297512835313, ""trust.w_gate_nis"": 0.13823877475450905}",0.28,0.2740972300929596,0.31,0.03319502074688797,0.03319502074688797,0.0,0.0,0.0,0.5834449649645792,0.4824240278332625,1.9370578645935266,0.04399616736112966,0.0,95.26970954356847,1.0,0.0,nan
2026-02-27T13:41:15.196885Z,profile1d_linear__robust_ossm_ekf,robust_ossm_ekf,82,0.4784773340435674,0.4784773340435674,pruned,5.212321519851685,subject_kfold,1,raw,debug_stage,,/home/gongjae/Projects/resPyre/robust_ossm_ekf/profile1d_linear__robust_ossm_ekf/trials/trial_00082,18f77cd710f29bd1,/home/gongjae/Projects/resPyre/robust_ossm_ekf/profile1d_linear__robust_ossm_ekf/trials/trial_00082/trial_manifest.json,/home/gongjae/Projects/resPyre/robust_ossm_ekf/profile1d_linear__robust_ossm_ekf/trials/trial_00082/metrics_summary.json,"{""oscillator.g_z_eff_floor_ratio"": 0.4579407892923445, ""oscillator.post_smooth_alpha"": 0.7868202847059499, ""oscillator.qf"": 0.00028145587403165896, ""oscillator.qx"": 0.004318747818522665, ""oscillator.rv"": 0.02280365643041761, ""oscillator.rv_auto"": false, ""oscillator.rv_mad_scale"": 0.9067160232431956, ""oscillator.spec_guidance_strength"": 0.8595262981234001, ""oscillator.student_t_nu"": 3.941679868164824, ""oscillator.tau_env"": 57.839098921497595, ""trust.alpha_R_max"": 5.316285808095299, ""trust.beta_1"": 0.7281766215957488, ""trust.beta_2"": 1.1573038680234267, ""trust.g_z_floor"": 0.11069692362561803, ""trust.gate_bias"": 0.20744456760149182, ""trust.w_gate_nis"": 0.19775145012540205}",0.28,0.27396363460394174,0.31,0.021576763485477178,0.021576763485477178,0.0,0.0,0.0,0.61776074669805,0.49977067813113063,2.0396281989547993,0.03405353441232912,0.0,94.60580912863071,1.0,0.0,nan
2026-02-27T13:41:20.448113Z,profile1d_linear__robust_ossm_ekf,robust_ossm_ekf,83,0.47746070173088073,0.47746070173088073,pruned,5.159401178359985,subject_kfold,1,raw,debug_stage,,/home/gongjae/Projects/resPyre/robust_ossm_ekf/profile1d_linear__robust_ossm_ekf/trials/trial_00083,c47a60f1a948450e,/home/gongjae/Projects/resPyre/robust_ossm_ekf/profile1d_linear__robust_ossm_ekf/trials/trial_00083/trial_manifest.json,/home/gongjae/Projects/resPyre/robust_ossm_ekf/profile1d_linear__robust_ossm_ekf/trials/trial_00083/metrics_summary.json,"{""oscillator.g_z_eff_floor_ratio"": 0.49055290556971887, ""oscillator.post_smooth_alpha"": 0.9279626604908886, ""oscillator.qf"": 0.00044756126371472033, ""oscillator.qx"": 0.004511482264756382, ""oscillator.rv"": 0.008501664044044564, ""oscillator.rv_auto"": false, ""oscillator.rv_mad_scale"": 1.001853617729009, ""oscillator.spec_guidance_strength"": 0.6494523557360776, ""oscillator.student_t_nu"": 6.231860809712362, ""oscillator.tau_env"": 60.34654595490117, ""trust.alpha_R_max"": 5.426577830754034, ""trust.beta_1"": 0.8582982781949164, ""trust.beta_2"": 1.0547680729357538, ""trust.g_z_floor"": 0.2546226056289002, ""trust.gate_bias"": 0.5009722233517844, ""trust.w_gate_nis"": 0.23893252178927804}",0.28,0.2735790460120598,0.31,0.03236514522821577,0.03236514522821577,0.0,0.0,0.0,0.5588858284898224,0.465043563185371,2.008129642246396,0.03619132286812825,0.0,95.76763485477179,1.0,0.0,nan
2026-02-27T13:41:25.763849Z,profile1d_linear__robust_ossm_ekf,robust_ossm_ekf,84,0.4621123248009805,0.4621123248009805,pruned,5.221967458724976,subject_kfold,1,raw,debug_stage,,/home/gongjae/Projects/resPyre/robust_ossm_ekf/profile1d_linear__robust_ossm_ekf/trials/trial_00084,1513861388ca9afb,/home/gongjae/Projects/resPyre/robust_ossm_ekf/profile1d_linear__robust_ossm_ekf/trials/trial_00084/trial_manifest.json,/home/gongjae/Projects/resPyre/robust_ossm_ekf/profile1d_linear__robust_ossm_ekf/trials/trial_00084/metrics_summary.json,"{""oscillator.g_z_eff_floor_ratio"": 0.4586103427513486, ""oscillator.post_smooth_alpha"": 0.8633258033940735, ""oscillator.qf"": 0.0007015307253164629, ""oscillator.qx"": 0.004212645574270959, ""oscillator.rv"": 0.017642979873273536, ""oscillator.rv_auto"": true, ""oscillator.rv_mad_scale"": 0.9671317715636112, ""oscillator.spec_guidance_strength"": 0.8914244266787853, ""oscillator.student_t_nu"": 9.294056135639671, ""oscillator.tau_env"": 48.50638134636885, ""trust.alpha_R_max"": 6.075856189703281, ""trust.beta_1"": 0.7135246013987182, ""trust.beta_2"": 0.9934996458940342, ""trust.g_z_floor"": 0.20356620695253175, ""trust.gate_bias"": 0.3447910216631769, ""trust.w_gate_nis"": 0.21080544930713113}",0.3,0.28631967461095115,0.28,0.044813278008298756,0.044813278008298756,0.0,0.0,0.0,0.5918184092493608,0.4718884418327432,1.9278800839714805,0.011603428903311992,0.0,97.17842323651452,1.0,0.0,nan
2026-02-27T13:41:31.061114Z,profile1d_linear__robust_ossm_ekf,robust_ossm_ekf,85,0.4663281589072556,0.4663281589072556,pruned,5.201953172683716,subject_kfold,1,raw,debug_stage,,/home/gongjae/Projects/resPyre/robust_ossm_ekf/profile1d_linear__robust_ossm_ekf/trials/trial_00085,c076a6ad59e11bf2,/home/gongjae/Projects/resPyre/robust_ossm_ekf/profile1d_linear__robust_ossm_ekf/trials/trial_00085/trial_manifest.json,/home/gongjae/Projects/resPyre/robust_ossm_ekf/profile1d_linear__robust_ossm_ekf/trials/trial_00085/metrics_summary.json,"{""oscillator.g_z_eff_floor_ratio"": 0.6058037619423173, ""oscillator.post_smooth_alpha"": 0.819005892676445, ""oscillator.qf"": 0.0003674506358473268, ""oscillator.qx"": 0.0018988656412109058, ""oscillator.rv"": 0.0288227646155434, ""oscillator.rv_auto"": true, ""oscillator.rv_mad_scale"": 1.0178776403135534, ""oscillator.spec_guidance_strength"": 0.8745119934916362, ""oscillator.student_t_nu"": 12.998879415993411, ""oscillator.tau_env"": 46.252317336286694, ""trust.alpha_R_max"": 5.3582863929434925, ""trust.beta_1"": 1.177450512345891, ""trust.beta_2"": 0.7763432239681075, ""trust.g_z_floor"": 0.11955451364445481, ""trust.gate_bias"": 0.29471878122298917, ""trust.w_gate_nis"": 0.10997901703233506}",0.3,0.2891865562231557,0.29,0.05228215767634855,0.05228215767634855,0.0,0.0,0.0,0.601841051159745,0.5008513273665366,1.9131636020097849,0.01588100851171251,0.0,95.4356846473029,1.0,0.0,nan
2026-02-27T13:41:36.277141Z,profile1d_linear__robust_ossm_ekf,robust_ossm_ekf,86,0.4698632061972096,0.4698632061972096,pruned,5.122663736343384,subject_kfold,1,raw,debug_stage,,/home/gongjae/Projects/resPyre/robust_ossm_ekf/profile1d_linear__robust_ossm_ekf/trials/trial_00086,1ec836de87a16396,/home/gongjae/Projects/resPyre/robust_ossm_ekf/profile1d_linear__robust_ossm_ekf/trials/trial_00086/trial_manifest.json,/home/gongjae/Projects/resPyre/robust_ossm_ekf/profile1d_linear__robust_ossm_ekf/trials/trial_00086/metrics_summary.json,"{""oscillator.g_z_eff_floor_ratio"": 0.30308893821734967, ""oscillator.post_smooth_alpha"": 0.8697192698701259, ""oscillator.qf"": 0.0031470491226827436, ""oscillator.qx"": 0.0018248459845055039, ""oscillator.rv"": 0.015094648994474422, ""oscillator.rv_auto"": false, ""oscillator.rv_mad_scale"": 0.7268783866443139, ""oscillator.spec_guidance_strength"": 0.6491765297569162, ""oscillator.student_t_nu"": 11.493590503712165, ""oscillator.tau_env"": 63.28137929365818, ""trust.alpha_R_max"": 2.7984271017831746, ""trust.beta_1"": 0.6817393213774143, ""trust.beta_2"": 1.035619974776939, ""trust.g_z_floor"": 0.44779107416943376, ""trust.gate_bias"": 0.5437896438808335, ""trust.w_gate_nis"": 0.08124446910132348}",0.28,0.27275424056245134,0.31,0.013278008298755186,0.013278008298755186,0.0,0.0,0.0,0.5510798590956366,0.44717312055143044,1.9468004286642213,0.044998245577915555,0.0,99.08713692946058,1.0,0.0,nan
2026-02-27T13:41:41.478960Z,profile1d_linear__robust_ossm_ekf,robust_ossm_ekf,87,0.4841409473134649,0.4841409473134649,pruned,5.1026647090911865,subject_kfold,1,raw,debug_stage,,/home/gongjae/Projects/resPyre/robust_ossm_ekf/profile1d_linear__robust_ossm_ekf/trials/trial_00087,1d0ea51caa054f2e,/home/gongjae/Projects/resPyre/robust_ossm_ekf/profile1d_linear__robust_ossm_ekf/trials/trial_00087/trial_manifest.json,/home/gongjae/Projects/resPyre/robust_ossm_ekf/profile1d_linear__robust_ossm_ekf/trials/trial_00087/metrics_summary.json,"{""oscillator.g_z_eff_floor_ratio"": 0.38826833328825566, ""oscillator.post_smooth_alpha"": 0.8721605435214741, ""oscillator.qf"": 0.0006690805883566339, ""oscillator.qx"": 0.005631626776725582, ""oscillator.rv"": 0.010589336495000662, ""oscillator.rv_auto"": false, ""oscillator.rv_mad_scale"": 0.8366944017886295, ""oscillator.spec_guidance_strength"": 0.883103725981849, ""oscillator.student_t_nu"": 9.470773908435104, ""oscillator.tau_env"": 65.44069317447848, ""trust.alpha_R_max"": 5.5896293526896725, ""trust.beta_1"": 0.6876292803133158, ""trust.beta_2"": 1.1860608868997553, ""trust.g_z_floor"": 0.13743176646964358, ""trust.gate_bias"": 0.2398363282390463, ""trust.w_gate_nis"": 0.2910039873230904}",0.28,0.27419001033478385,0.31,0.03236514522821577,0.03236514522821577,0.0,0.0,0.0,0.6112676069633695,0.49330242780233335,2.047343225535904,0.028053350037556178,0.0,96.18257261410788,1.0,0.0,nan
2026-02-27T13:41:46.807743Z,profile1d_linear__robust_ossm_ekf,robust_ossm_ekf,88,0.4631834842153579,0.4631834842153579,pruned,5.23223614692688,subject_kfold,1,raw,debug_stage,,/home/gongjae/Projects/resPyre/robust_ossm_ekf/profile1d_linear__robust_ossm_ekf/trials/trial_00088,3479cf4d8edb0ace,/home/gongjae/Projects/resPyre/robust_ossm_ekf/profile1d_linear__robust_ossm_ekf/trials/trial_00088/trial_manifest.json,/home/gongjae/Projects/resPyre/robust_ossm_ekf/profile1d_linear__robust_ossm_ekf/trials/trial_00088/metrics_summary.json,"{""oscillator.g_z_eff_floor_ratio"": 0.24882022325341657, ""oscillator.post_smooth_alpha"": 0.6484747066329692, ""oscillator.qf"": 0.0018647124463725487, ""oscillator.qx"": 0.0006246177714708596, ""oscillator.rv"": 0.032565457287612114, ""oscillator.rv_auto"": false, ""oscillator.rv_mad_scale"": 0.7055328447996917, ""oscillator.spec_guidance_strength"": 1.130961854497313, ""oscillator.student_t_nu"": 3.9222261143301242, ""oscillator.tau_env"": 35.11153691570455, ""trust.alpha_R_max"": 5.104079747940538, ""trust.beta_1"": 1.406374666064728, ""trust.beta_2"": 0.8035827344531536, ""trust.g_z_floor"": 0.30371876244612156, ""trust.gate_bias"": 0.6127804145367493, ""trust.w_gate_nis"": 0.4161515428102626}",0.29,0.27673080477490175,0.31,0.026556016597510373,0.026556016597510373,0.0,0.0,0.0,0.530961476162536,0.429765287097157,1.9942684343489459,0.0735374567857212,0.0,95.68464730290457,1.0,0.0,nan
2026-02-27T13:41:52.185890Z,profile1d_linear__robust_ossm_ekf,robust_ossm_ekf,89,0.46614295833884684,0.46614295833884684,pruned,5.28510308265686,subject_kfold,1,raw,debug_stage,,/home/gongjae/Projects/resPyre/robust_ossm_ekf/profile1d_linear__robust_ossm_ekf/trials/trial_00089,2f12c9f1f498de82,/home/gongjae/Projects/resPyre/robust_ossm_ekf/profile1d_linear__robust_ossm_ekf/trials/trial_00089/trial_manifest.json,/home/gongjae/Projects/resPyre/robust_ossm_ekf/profile1d_linear__robust_ossm_ekf/trials/trial_00089/metrics_summary.json,"{""oscillator.g_z_eff_floor_ratio"": 0.44765892128152207, ""oscillator.post_smooth_alpha"": 0.948218088347099, ""oscillator.qf"": 0.00171258297583502, ""oscillator.qx"": 0.0056810074155456145, ""oscillator.rv"": 0.019045671307826348, ""oscillator.rv_auto"": false, ""oscillator.rv_mad_scale"": 0.8755032523341956, ""oscillator.spec_guidance_strength"": 0.8125439120019532, ""oscillator.student_t_nu"": 13.352738570525798, ""oscillator.tau_env"": 47.87915251449067, ""trust.alpha_R_max"": 4.047403428969636, ""trust.beta_1"": 0.5570801431925075, ""trust.beta_2"": 0.5756063712807125, ""trust.g_z_floor"": 0.35403863611145725, ""trust.gate_bias"": 0.56238389621911, ""trust.w_gate_nis"": 0.06093957018866566}",0.28,0.27339457306430404,0.31,0.030705394190871368,0.030705394190871368,0.0,0.0,0.0,0.5476071087869959,0.4546100360427005,1.6099232896538918,0.028545101615203645,0.0,98.09128630705395,1.0,0.0,nan
2026-02-27T13:41:57.504159Z,profile1d_linear__robust_ossm_ekf,robust_ossm_ekf,90,0.45403598792349875,0.45403598792349875,pruned,5.219548940658569,subject_kfold,1,raw,debug_stage,,/home/gongjae/Projects/resPyre/robust_ossm_ekf/profile1d_linear__robust_ossm_ekf/trials/trial_00090,f2de33c223ec7ebf,/home/gongjae/Projects/resPyre/robust_ossm_ekf/profile1d_linear__robust_ossm_ekf/trials/trial_00090/trial_manifest.json,/home/gongjae/Projects/resPyre/robust_ossm_ekf/profile1d_linear__robust_ossm_ekf/trials/trial_00090/metrics_summary.json,"{""oscillator.g_z_eff_floor_ratio"": 0.5703273080347278, ""oscillator.post_smooth_alpha"": 0.7400203742458668, ""oscillator.qf"": 0.002563502642775503, ""oscillator.qx"": 0.0022565806427066984, ""oscillator.rv"": 0.031625540799977384, ""oscillator.rv_auto"": true, ""oscillator.rv_mad_scale"": 1.0507460671552016, ""oscillator.spec_guidance_strength"": 1.1289396464251684, ""oscillator.student_t_nu"": 12.472131788152588, ""oscillator.tau_env"": 40.38723144171761, ""trust.alpha_R_max"": 2.949832235389653, ""trust.beta_1"": 1.5620274908152707, ""trust.beta_2"": 0.14112541160523678, ""trust.g_z_floor"": 0.3176608554740339, ""trust.gate_bias"": 0.3087886675604914, ""trust.w_gate_nis"": 0.13649850352517054}",0.29,0.28485740092384565,0.29,0.030705394190871368,0.030705394190871368,0.0,0.0,0.0,0.599100810063687,0.5108306087497478,1.601662001881965,0.0123154634066786,0.0,99.08713692946058,1.0,0.0,nan
2026-02-27T13:42:02.876852Z,profile1d_linear__robust_ossm_ekf,robust_ossm_ekf,91,0.4630597849881323,0.4630597849881323,pruned,5.258653402328491,subject_kfold,1,raw,debug_stage,,/home/gongjae/Projects/resPyre/robust_ossm_ekf/profile1d_linear__robust_ossm_ekf/trials/trial_00091,7c7ed03e407bbccf,/home/gongjae/Projects/resPyre/robust_ossm_ekf/profile1d_linear__robust_ossm_ekf/trials/trial_00091/trial_manifest.json,/home/gongjae/Projects/resPyre/robust_ossm_ekf/profile1d_linear__robust_ossm_ekf/trials/trial_00091/metrics_summary.json,"{""oscillator.g_z_eff_floor_ratio"": 0.5752015647726005, ""oscillator.post_smooth_alpha"": 0.7968032947995999, ""oscillator.qf"": 0.0004130751785557776, ""oscillator.qx"": 0.0009960956222332255, ""oscillator.rv"": 0.05576339607041414, ""oscillator.rv_auto"": false, ""oscillator.rv_mad_scale"": 1.0644710253740308, ""oscillator.spec_guidance_strength"": 0.7707816026496762, ""oscillator.student_t_nu"": 7.409207003807177, ""oscillator.tau_env"": 55.71784288959051, ""trust.alpha_R_max"": 6.24889821393857, ""trust.beta_1"": 1.3192112417801678, ""trust.beta_2"": 1.0082666303820929, ""trust.g_z_floor"": 0.27842507956257956, ""trust.gate_bias"": 0.2897685694291215, ""trust.w_gate_nis"": 0.10941912854702582}",0.29,0.2798340534402029,0.29,0.02987551867219917,0.02987551867219917,0.0,0.0,0.0,0.6019411985435323,0.5177668388916967,2.1047893249997505,0.05552110522015885,0.0,90.62240663900415,1.0,0.0,nan
2026-02-27T13:51:40.260741Z,profile1d_linear__robust_ossm_ekf,robust_ossm_ekf,92,0.3137668231845101,0.3137668231845101,completed,577.2855939865112,subject_kfold,32,raw,,/home/gongjae/Projects/resPyre/robust_ossm_ekf/profile1d_linear__robust_ossm_ekf/trials/trial_00092/run_workspace/results/trial_00092,/home/gongjae/Projects/resPyre/robust_ossm_ekf/profile1d_linear__robust_ossm_ekf/trials/trial_00092,b47cb83f305daf9e,/home/gongjae/Projects/resPyre/robust_ossm_ekf/profile1d_linear__robust_ossm_ekf/trials/trial_00092/trial_manifest.json,/home/gongjae/Projects/resPyre/robust_ossm_ekf/profile1d_linear__robust_ossm_ekf/trials/trial_00092/metrics_summary.json,"{""oscillator.g_z_eff_floor_ratio"": 0.5696983424073779, ""oscillator.post_smooth_alpha"": 0.6922559576753254, ""oscillator.qf"": 0.0002650304357976479, ""oscillator.qx"": 0.0007202941397489439, ""oscillator.rv"": 0.028350494013989258, ""oscillator.rv_auto"": false, ""oscillator.rv_mad_scale"": 1.089542633233256, ""oscillator.spec_guidance_strength"": 0.9252819078217525, ""oscillator.student_t_nu"": 7.691283890587202, ""oscillator.tau_env"": 61.119832632095516, ""trust.alpha_R_max"": 6.113031936058364, ""trust.beta_1"": 1.2710303395260958, ""trust.beta_2"": 0.6615696667543607, ""trust.g_z_floor"": 0.14466016973262386, ""trust.gate_bias"": 0.22488815420129415, ""trust.w_gate_nis"": 0.13376562717248852}",0.49,0.3941384506626644,0.21,0.009854225791008576,0.0,0.005333606575058783,0.0,0.003941405805462514,0.6303397828386872,0.43328796623144894,1.8378474806477554,1.2491831480158448,0.0028110868121116617,72.8476821192053,1.0,0.0,0.12231708290114088
2026-02-27T13:51:45.531315Z,profile1d_linear__robust_ossm_ekf,robust_ossm_ekf,93,0.47235328823762895,0.47235328823762895,pruned,5.156941652297974,subject_kfold,1,raw,debug_stage,,/home/gongjae/Projects/resPyre/robust_ossm_ekf/profile1d_linear__robust_ossm_ekf/trials/trial_00093,89e9e8600671dbae,/home/gongjae/Projects/resPyre/robust_ossm_ekf/profile1d_linear__robust_ossm_ekf/trials/trial_00093/trial_manifest.json,/home/gongjae/Projects/resPyre/robust_ossm_ekf/profile1d_linear__robust_ossm_ekf/trials/trial_00093/metrics_summary.json,"{""oscillator.g_z_eff_floor_ratio"": 0.43374876814330865, ""oscillator.post_smooth_alpha"": 0.9034069119496284, ""oscillator.qf"": 0.001021328760757785, ""oscillator.qx"": 0.004013731216478536, ""oscillator.rv"": 0.014476942164803316, ""oscillator.rv_auto"": false, ""oscillator.rv_mad_scale"": 0.9867177782402916, ""oscillator.spec_guidance_strength"": 0.8128281760543059, ""oscillator.student_t_nu"": 8.035264163022083, ""oscillator.tau_env"": 56.6861320678857, ""trust.alpha_R_max"": 4.357995271487479, ""trust.beta_1"": 0.5567184692579025, ""trust.beta_2"": 0.9452315579770172, ""trust.g_z_floor"": 0.1029750194055637, ""trust.gate_bias"": 0.3121037001124181, ""trust.w_gate_nis"": 0.20282601281068668}",0.28,0.2741735009555817,0.31,0.03153526970954357,0.03153526970954357,0.0,0.0,0.0,0.5973992244571168,0.4942147267127979,1.8528568608278946,0.034289501223595704,0.0,96.59751037344398,1.0,0.0,nan
2026-02-27T13:51:50.835641Z,profile1d_linear__robust_ossm_ekf,robust_ossm_ekf,94,0.45880365325115025,0.45880365325115025,pruned,5.207639455795288,subject_kfold,1,raw,debug_stage,,/home/gongjae/Projects/resPyre/robust_ossm_ekf/profile1d_linear__robust_ossm_ekf/trials/trial_00094,171067cfcd2e5213,/home/gongjae/Projects/resPyre/robust_ossm_ekf/profile1d_linear__robust_ossm_ekf/trials/trial_00094/trial_manifest.json,/home/gongjae/Projects/resPyre/robust_ossm_ekf/profile1d_linear__robust_ossm_ekf/trials/trial_00094/metrics_summary.json,"{""oscillator.g_z_eff_floor_ratio"": 0.4793996775571415, ""oscillator.post_smooth_alpha"": 0.6501309876221493, ""oscillator.qf"": 0.00028249959694818584, ""oscillator.qx"": 0.0006680588421876644, ""oscillator.rv"": 0.034770728778940795, ""oscillator.rv_auto"": true, ""oscillator.rv_mad_scale"": 1.0539893682372479, ""oscillator.spec_guidance_strength"": 0.9979147309607743, ""oscillator.student_t_nu"": 10.733557799270152, ""oscillator.tau_env"": 53.41158987845205, ""trust.alpha_R_max"": 5.640318542772224, ""trust.beta_1"": 0.9615651990749794, ""trust.beta_2"": 0.7746093974891173, ""trust.g_z_floor"": 0.17642568516904353, ""trust.gate_bias"": 0.3203289416799721, ""trust.w_gate_nis"": 0.26903403165991147}",0.31,0.29269420784709477,0.28,0.05062240663900415,0.05062240663900415,0.0,0.0,0.0,0.5960383346320476,0.4760576896334538,1.8524284626411178,0.0201766286704225,0.0,94.02489626556017,1.0,0.0,nan
2026-02-27T13:51:56.083439Z,profile1d_linear__robust_ossm_ekf,robust_ossm_ekf,95,0.454453759808257,0.454453759808257,pruned,5.154529094696045,subject_kfold,1,raw,debug_stage,,/home/gongjae/Projects/resPyre/robust_ossm_ekf/profile1d_linear__robust_ossm_ekf/trials/trial_00095,f6ee422bd9eabe63,/home/gongjae/Projects/resPyre/robust_ossm_ekf/profile1d_linear__robust_ossm_ekf/trials/trial_00095/trial_manifest.json,/home/gongjae/Projects/resPyre/robust_ossm_ekf/profile1d_linear__robust_ossm_ekf/trials/trial_00095/metrics_summary.json,"{""oscillator.g_z_eff_floor_ratio"": 0.5613252307746349, ""oscillator.post_smooth_alpha"": 0.7765810080004243, ""oscillator.qf"": 0.00029859386960918755, ""oscillator.qx"": 0.0006989322546002832, ""oscillator.rv"": 0.0130100793807031, ""oscillator.rv_auto"": true, ""oscillator.rv_mad_scale"": 1.0533304065835585, ""oscillator.spec_guidance_strength"": 1.0512345327275998, ""oscillator.student_t_nu"": 8.673108758317644, ""oscillator.tau_env"": 64.36058320587775, ""trust.alpha_R_max"": 5.984404565417178, ""trust.beta_1"": 1.3264879193957395, ""trust.beta_2"": 0.42376884778960744, ""trust.g_z_floor"": 0.1437680017610429, ""trust.gate_bias"": 0.28073355148372936, ""trust.w_gate_nis"": 0.18348604204437147}",0.31,0.29140524286896546,0.28,0.054771784232365145,0.054771784232365145,0.0,0.0,0.0,0.604154218219957,0.4996164008624227,1.722483088306577,0.020614988135495917,0.0,93.7759336099585,1.0,0.0,nan
2026-02-27T14:01:32.213195Z,profile1d_linear__robust_ossm_ekf,robust_ossm_ekf,96,0.3919558860090212,0.3919558860090212,completed,576.0130577087402,subject_kfold,32,raw,,/home/gongjae/Projects/resPyre/robust_ossm_ekf/profile1d_linear__robust_ossm_ekf/trials/trial_00096/run_workspace/results/trial_00096,/home/gongjae/Projects/resPyre/robust_ossm_ekf/profile1d_linear__robust_ossm_ekf/trials/trial_00096,b4627e9218509a26,/home/gongjae/Projects/resPyre/robust_ossm_ekf/profile1d_linear__robust_ossm_ekf/trials/trial_00096/trial_manifest.json,/home/gongjae/Projects/resPyre/robust_ossm_ekf/profile1d_linear__robust_ossm_ekf/trials/trial_00096/metrics_summary.json,"{""oscillator.g_z_eff_floor_ratio"": 0.5404697123290598, ""oscillator.post_smooth_alpha"": 0.8818250268816809, ""oscillator.qf"": 0.0004651048335925354, ""oscillator.qx"": 0.0008943072888996621, ""oscillator.rv"": 0.02881359845410396, ""oscillator.rv_auto"": false, ""oscillator.rv_mad_scale"": 0.8955443463888427, ""oscillator.spec_guidance_strength"": 0.8958196243379974, ""oscillator.student_t_nu"": 7.475975746188999, ""oscillator.tau_env"": 37.349339485031294, ""trust.alpha_R_max"": 5.716885363774703, ""trust.beta_1"": 1.5884303766452292, ""trust.beta_2"": 0.5854240389454597, ""trust.g_z_floor"": 0.10871209463559968, ""trust.gate_bias"": 0.2689484434328824, ""trust.w_gate_nis"": 0.20393329679358263}",0.495,0.37682041657576626,0.31,0.011589411915466918,0.002038154572685538,0.002881383878499441,0.0,0.006270090781109208,0.5685905668850516,0.38258675033860556,2.066418808667379,1.4185557491408982,0.0025066269136913228,78.40494099056222,1.0,0.0,0.08857156107390361
2026-02-27T14:11:15.536100Z,profile1d_linear__robust_ossm_ekf,robust_ossm_ekf,97,0.3136836098860227,0.3136836098860227,completed,583.206463098526,subject_kfold,32,raw,,/home/gongjae/Projects/resPyre/robust_ossm_ekf/profile1d_linear__robust_ossm_ekf/trials/trial_00097/run_workspace/results/trial_00097,/home/gongjae/Projects/resPyre/robust_ossm_ekf/profile1d_linear__robust_ossm_ekf/trials/trial_00097,eecc7ba0eaba73f4,/home/gongjae/Projects/resPyre/robust_ossm_ekf/profile1d_linear__robust_ossm_ekf/trials/trial_00097/trial_manifest.json,/home/gongjae/Projects/resPyre/robust_ossm_ekf/profile1d_linear__robust_ossm_ekf/trials/trial_00097/metrics_summary.json,"{""oscillator.g_z_eff_floor_ratio"": 0.523587517728888, ""oscillator.post_smooth_alpha"": 0.6312032986577129, ""oscillator.qf"": 0.00035111826420129635, ""oscillator.qx"": 0.001028594756658726, ""oscillator.rv"": 0.020762992530471338, ""oscillator.rv_auto"": false, ""oscillator.rv_mad_scale"": 0.863224103252329, ""oscillator.spec_guidance_strength"": 0.756714812247969, ""oscillator.student_t_nu"": 8.446698154585663, ""oscillator.tau_env"": 66.88594188313601, ""trust.alpha_R_max"": 5.947358295673883, ""trust.beta_1"": 1.3384924587460865, ""trust.beta_2"": 0.6466105030972943, ""trust.g_z_floor"": 0.1952898428596445, ""trust.gate_bias"": 0.25824775072503653, ""trust.w_gate_nis"": 0.1447670789024464}",0.495,0.39786495587264326,0.20500000000000002,0.008988464003418073,0.0,0.004061390963504423,0.0,0.004145706431782325,0.6248347518588231,0.4125330159090447,1.8563099922368491,1.2820423512652463,0.0032968277406838636,76.79526003949968,1.0,0.0,0.07475590313855802
2026-02-27T14:11:20.907902Z,profile1d_linear__robust_ossm_ekf,robust_ossm_ekf,98,0.4549425751848409,0.4549425751848409,pruned,5.259803533554077,subject_kfold,1,raw,debug_stage,,/home/gongjae/Projects/resPyre/robust_ossm_ekf/profile1d_linear__robust_ossm_ekf/trials/trial_00098,7c524ccf7f60a3a5,/home/gongjae/Projects/resPyre/robust_ossm_ekf/profile1d_linear__robust_ossm_ekf/trials/trial_00098/trial_manifest.json,/home/gongjae/Projects/resPyre/robust_ossm_ekf/profile1d_linear__robust_ossm_ekf/trials/trial_00098/metrics_summary.json,"{""oscillator.g_z_eff_floor_ratio"": 0.5776655447810897, ""oscillator.post_smooth_alpha"": 0.6000604484044908, ""oscillator.qf"": 0.000256575800911922, ""oscillator.qx"": 0.0008018457103160796, ""oscillator.rv"": 0.024447246106122346, ""oscillator.rv_auto"": false, ""oscillator.rv_mad_scale"": 0.7635128180279163, ""oscillator.spec_guidance_strength"": 0.6736036403569248, ""oscillator.student_t_nu"": 6.410037503416113, ""oscillator.tau_env"": 65.25150375667427, ""trust.alpha_R_max"": 6.778180751113803, ""trust.beta_1"": 1.5193643257153735, ""trust.beta_2"": 0.8189755898727372, ""trust.g_z_floor"": 0.1925378396096636, ""trust.gate_bias"": 0.32189121941010046, ""trust.w_gate_nis"": 0.18187321384099292}",0.29,0.27651878139670516,0.3,0.02987551867219917,0.02987551867219917,0.0,0.0,0.0,0.5932903796369763,0.5114986492984241,2.0355802264872205,0.09583682850879967,0.0,86.47302904564316,1.0,0.0,nan
2026-02-27T14:20:49.740321Z,profile1d_linear__robust_ossm_ekf,robust_ossm_ekf,99,2.594624754148394,2.594624754148394,completed,568.7301137447357,subject_kfold,32,raw,,/home/gongjae/Projects/resPyre/robust_ossm_ekf/profile1d_linear__robust_ossm_ekf/trials/trial_00099/run_workspace/results/trial_00099,/home/gongjae/Projects/resPyre/robust_ossm_ekf/profile1d_linear__robust_ossm_ekf/trials/trial_00099,516d2d215d159d2c,/home/gongjae/Projects/resPyre/robust_ossm_ekf/profile1d_linear__robust_ossm_ekf/trials/trial_00099/trial_manifest.json,/home/gongjae/Projects/resPyre/robust_ossm_ekf/profile1d_linear__robust_ossm_ekf/trials/trial_00099/metrics_summary.json,"{""oscillator.g_z_eff_floor_ratio"": 0.5274641205800473, ""oscillator.post_smooth_alpha"": 0.6190064816056743, ""oscillator.qf"": 0.00028126076022314786, ""oscillator.qx"": 0.000469157911447761, ""oscillator.rv"": 0.029003688018846455, ""oscillator.rv_auto"": false, ""oscillator.rv_mad_scale"": 1.0900543926971282, ""oscillator.spec_guidance_strength"": 1.186708093132224, ""oscillator.student_t_nu"": 6.0727768953149734, ""oscillator.tau_env"": 52.23163218453318, ""trust.alpha_R_max"": 6.620203926681058, ""trust.beta_1"": 1.4109446416313, ""trust.beta_2"": 0.8560055728995326, ""trust.g_z_floor"": 0.13079236196462274, ""trust.gate_bias"": 0.3573285424179138, ""trust.w_gate_nis"": 0.16137767607238748}",0.6,0.44304474133318295,0.72,0.012908758363925122,0.0020247648403039806,0.008619507110916854,0.0,0.0014711229070387705,0.5376064034249124,0.3347927930395771,2.2604920218241897,2.1644395843751747,0.002877396092899391,68.77958050149441,1.0,0.0,15.923025194508849
2026-02-27T14:30:28.346478Z,profile1d_linear__robust_ossm_ekf,robust_ossm_ekf,100,1.1530038031252299,1.1530038031252299,completed,578.4714498519897,subject_kfold,32,raw,,/home/gongjae/Projects/resPyre/robust_ossm_ekf/profile1d_linear__robust_ossm_ekf/trials/trial_00100/run_workspace/results/trial_00100,/home/gongjae/Projects/resPyre/robust_ossm_ekf/profile1d_linear__robust_ossm_ekf/trials/trial_00100,de5b51a8d0d7a36d,/home/gongjae/Projects/resPyre/robust_ossm_ekf/profile1d_linear__robust_ossm_ekf/trials/trial_00100/trial_manifest.json,/home/gongjae/Projects/resPyre/robust_ossm_ekf/profile1d_linear__robust_ossm_ekf/trials/trial_00100/metrics_summary.json,"{""oscillator.g_z_eff_floor_ratio"": 0.5655234260182695, ""oscillator.post_smooth_alpha"": 0.6509893304411097, ""oscillator.qf"": 0.0007559157080669518, ""oscillator.qx"": 0.0007920123235406185, ""oscillator.rv"": 0.022396412795979547, ""oscillator.rv_auto"": false, ""oscillator.rv_mad_scale"": 0.9365252743906411, ""oscillator.spec_guidance_strength"": 0.8258150896071222, ""oscillator.student_t_nu"": 12.385256980760467, ""oscillator.tau_env"": 69.40033692987534, ""trust.alpha_R_max"": 6.2190335421708145, ""trust.beta_1"": 1.3271504945076122, ""trust.beta_2"": 0.5819767173454768, ""trust.g_z_floor"": 0.1737941871277132, ""trust.gate_bias"": 0.22619812986560583, ""trust.w_gate_nis"": 0.25226363308817423}",0.54,0.4099357768680657,0.45499999999999996,0.03272576636288318,0.007845176890902753,0.024863811151463362,0.0,0.04234453863300616,0.5327488765130135,0.3687579444753859,2.1231867731266902,1.6974583357317437,0.004407625450036324,84.75572600689526,1.0,0.0,5.421422338728586
2026-02-27T14:30:33.870376Z,profile1d_linear__robust_ossm_ekf,robust_ossm_ekf,101,0.4546971955046474,0.4546971955046474,pruned,5.40857720375061,subject_kfold,1,raw,debug_stage,,/home/gongjae/Projects/resPyre/robust_ossm_ekf/profile1d_linear__robust_ossm_ekf/trials/trial_00101,05df9904d55aa084,/home/gongjae/Projects/resPyre/robust_ossm_ekf/profile1d_linear__robust_ossm_ekf/trials/trial_00101/trial_manifest.json,/home/gongjae/Projects/resPyre/robust_ossm_ekf/profile1d_linear__robust_ossm_ekf/trials/trial_00101/metrics_summary.json,"{""oscillator.g_z_eff_floor_ratio"": 0.42004316769031785, ""oscillator.post_smooth_alpha"": 0.6414581341709241, ""oscillator.qf"": 0.00030199423231581945, ""oscillator.qx"": 0.001253035683091279, ""oscillator.rv"": 0.023979472798063096, ""oscillator.rv_auto"": false, ""oscillator.rv_mad_scale"": 0.8627878162898646, ""oscillator.spec_guidance_strength"": 0.9912818530983719, ""oscillator.student_t_nu"": 8.500493973441678, ""oscillator.tau_env"": 56.45324263457684, ""trust.alpha_R_max"": 4.130057028699555, ""trust.beta_1"": 1.297472253874297, ""trust.beta_2"": 0.7944437162136643, ""trust.g_z_floor"": 0.25776571525137815, ""trust.gate_bias"": 0.3620144150271005, ""trust.w_gate_nis"": 0.19475925986697096}",0.29,0.2749970289014503,0.3,0.03568464730290456,0.03568464730290456,0.0,0.0,0.0,0.5855114145520506,0.4817546575088176,1.958196906609301,0.08442035000455202,0.0,87.63485477178423,1.0,0.0,nan
2026-02-27T14:30:39.212572Z,profile1d_linear__robust_ossm_ekf,robust_ossm_ekf,102,0.4538278598638497,0.4538278598638497,pruned,5.23921012878418,subject_kfold,1,raw,debug_stage,,/home/gongjae/Projects/resPyre/robust_ossm_ekf/profile1d_linear__robust_ossm_ekf/trials/trial_00102,800656393d72a2d9,/home/gongjae/Projects/resPyre/robust_ossm_ekf/profile1d_linear__robust_ossm_ekf/trials/trial_00102/trial_manifest.json,/home/gongjae/Projects/resPyre/robust_ossm_ekf/profile1d_linear__robust_ossm_ekf/trials/trial_00102/metrics_summary.json,"{""oscillator.g_z_eff_floor_ratio"": 0.6163700161123312, ""oscillator.post_smooth_alpha"": 0.8087725694498975, ""oscillator.qf"": 0.0006534691921198801, ""oscillator.qx"": 0.0012377158837046643, ""oscillator.rv"": 0.020520353097655934, ""oscillator.rv_auto"": false, ""oscillator.rv_mad_scale"": 1.0802563581408657, ""oscillator.spec_guidance_strength"": 0.682938939799185, ""oscillator.student_t_nu"": 11.90060479485142, ""oscillator.tau_env"": 63.319030621414676, ""trust.alpha_R_max"": 5.9926252229207835, ""trust.beta_1"": 0.9165333748462482, ""trust.beta_2"": 0.5686546907614565, ""trust.g_z_floor"": 0.10114002768929509, ""trust.gate_bias"": 0.20668581952070067, ""trust.w_gate_nis"": 0.15084823707359296}",0.29,0.2749988756767279,0.31,0.026556016597510373,0.026556016597510373,0.0,0.0,0.0,0.6171295666006824,0.5376240904453855,1.7045795080599948,0.0714348059319096,0.0,93.11203319502074,1.0,0.0,nan
2026-02-27T14:40:19.067755Z,profile1d_linear__robust_ossm_ekf,robust_ossm_ekf,103,2.836007321439732,2.836007321439732,completed,579.7523136138916,subject_kfold,32,raw,,/home/gongjae/Projects/resPyre/robust_ossm_ekf/profile1d_linear__robust_ossm_ekf/trials/trial_00103/run_workspace/results/trial_00103,/home/gongjae/Projects/resPyre/robust_ossm_ekf/profile1d_linear__robust_ossm_ekf/trials/trial_00103,1b42e33737ce8385,/home/gongjae/Projects/resPyre/robust_ossm_ekf/profile1d_linear__robust_ossm_ekf/trials/trial_00103/trial_manifest.json,/home/gongjae/Projects/resPyre/robust_ossm_ekf/profile1d_linear__robust_ossm_ekf/trials/trial_00103/metrics_summary.json,"{""oscillator.g_z_eff_floor_ratio"": 0.5955313231037785, ""oscillator.post_smooth_alpha"": 0.6457235906022735, ""oscillator.qf"": 0.00033907925738863764, ""oscillator.qx"": 0.001025713640093625, ""oscillator.rv"": 0.022579660875321438, ""oscillator.rv_auto"": false, ""oscillator.rv_mad_scale"": 1.0595134869960723, ""oscillator.spec_guidance_strength"": 0.9246520797214245, ""oscillator.student_t_nu"": 7.346269263836236, ""oscillator.tau_env"": 69.47449322852228, ""trust.alpha_R_max"": 4.946985505911018, ""trust.beta_1"": 1.2350586787164763, ""trust.beta_2"": 0.33404615866412796, ""trust.g_z_floor"": 0.19149110253160945, ""trust.gate_bias"": 0.22402419278543015, ""trust.w_gate_nis"": 0.07079748595471008}",0.56,0.42328332332021246,0.835,0.042293724304781,0.015983425045653928,0.019536281665951054,0.0,0.00972701112290984,0.6003416228212768,0.40835087044724305,1.8859171075813475,1.2532612994247352,0.005360735524842263,61.57990394222604,1.0,0.0,18.556319060514294
2026-02-27T14:49:46.745298Z,profile1d_linear__robust_ossm_ekf,robust_ossm_ekf,104,3.200648165085199,3.200648165085199,completed,567.5577404499054,subject_kfold,32,raw,,/home/gongjae/Projects/resPyre/robust_ossm_ekf/profile1d_linear__robust_ossm_ekf/trials/trial_00104/run_workspace/results/trial_00104,/home/gongjae/Projects/resPyre/robust_ossm_ekf/profile1d_linear__robust_ossm_ekf/trials/trial_00104,2fa44ef67c955b5a,/home/gongjae/Projects/resPyre/robust_ossm_ekf/profile1d_linear__robust_ossm_ekf/trials/trial_00104/trial_manifest.json,/home/gongjae/Projects/resPyre/robust_ossm_ekf/profile1d_linear__robust_ossm_ekf/trials/trial_00104/metrics_summary.json,"{""oscillator.g_z_eff_floor_ratio"": 0.5816176711787602, ""oscillator.post_smooth_alpha"": 0.8034438475989834, ""oscillator.qf"": 0.00039081247614581644, ""oscillator.qx"": 0.0009172886019199622, ""oscillator.rv"": 0.03875047460508686, ""oscillator.rv_auto"": false, ""oscillator.rv_mad_scale"": 1.01516851641346, ""oscillator.spec_guidance_strength"": 1.0725317556503458, ""oscillator.student_t_nu"": 11.716757561198758, ""oscillator.tau_env"": 36.37096935547271, ""trust.alpha_R_max"": 4.645867748999741, ""trust.beta_1"": 1.2285113761120554, ""trust.beta_2"": 0.23334298503433717, ""trust.g_z_floor"": 0.3453071114464599, ""trust.gate_bias"": 0.31906164789353664, ""trust.w_gate_nis"": 0.12052981690537035}",0.61,0.4428721549643345,0.89,0.024806233323901725,0.010148737461086129,0.017665487347071056,0.0,0.006453549578660098,0.5638554876718013,0.37112086183624604,1.8458836219187043,1.7118386283047717,0.0014119058902731822,68.58219835250759,1.0,0.0,20.91369117975003
2026-02-27T14:49:52.008150Z,profile1d_linear__robust_ossm_ekf,robust_ossm_ekf,105,0.45962025392708566,0.45962025392708566,pruned,5.148282051086426,subject_kfold,1,raw,debug_stage,,/home/gongjae/Projects/resPyre/robust_ossm_ekf/profile1d_linear__robust_ossm_ekf/trials/trial_00105,93023455d1f50a07,/home/gongjae/Projects/resPyre/robust_ossm_ekf/profile1d_linear__robust_ossm_ekf/trials/trial_00105/trial_manifest.json,/home/gongjae/Projects/resPyre/robust_ossm_ekf/profile1d_linear__robust_ossm_ekf/trials/trial_00105/metrics_summary.json,"{""oscillator.g_z_eff_floor_ratio"": 0.5459127301649659, ""oscillator.post_smooth_alpha"": 0.7475293887879866, ""oscillator.qf"": 0.0006771456061817758, ""oscillator.qx"": 0.0007523893301747782, ""oscillator.rv"": 0.01290402206875198, ""oscillator.rv_auto"": false, ""oscillator.rv_mad_scale"": 0.8612581626346357, ""oscillator.spec_guidance_strength"": 1.0659142309232483, ""oscillator.student_t_nu"": 9.906083231928887, ""oscillator.tau_env"": 49.27643768672202, ""trust.alpha_R_max"": 4.713109111513326, ""trust.beta_1"": 1.3589465969100751, ""trust.beta_2"": 1.0304494017847368, ""trust.g_z_floor"": 0.1531419696769212, ""trust.gate_bias"": 0.24921238608621873, ""trust.w_gate_nis"": 0.1604308712346983}",0.29,0.2757792065711151,0.3,0.026556016597510373,0.026556016597510373,0.0,0.0,0.0,0.6079774410297952,0.5198891427649605,2.1303437303433888,0.09722554723491775,0.0,90.87136929460581,1.0,0.0,nan
2026-02-27T14:59:22.339993Z,profile1d_linear__robust_ossm_ekf,robust_ossm_ekf,106,0.3622398283609723,0.3622398283609723,completed,570.2269763946533,subject_kfold,32,raw,,/home/gongjae/Projects/resPyre/robust_ossm_ekf/profile1d_linear__robust_ossm_ekf/trials/trial_00106/run_workspace/results/trial_00106,/home/gongjae/Projects/resPyre/robust_ossm_ekf/profile1d_linear__robust_ossm_ekf/trials/trial_00106,43aee69d7c93e412,/home/gongjae/Projects/resPyre/robust_ossm_ekf/profile1d_linear__robust_ossm_ekf/trials/trial_00106/trial_manifest.json,/home/gongjae/Projects/resPyre/robust_ossm_ekf/profile1d_linear__robust_ossm_ekf/trials/trial_00106/metrics_summary.json,"{""oscillator.g_z_eff_floor_ratio"": 0.5464816093811149, ""oscillator.post_smooth_alpha"": 0.6151366155326666, ""oscillator.qf"": 0.0003163959030604568, ""oscillator.qx"": 0.0012744964231519032, ""oscillator.rv"": 0.010140758552465488, ""oscillator.rv_auto"": false, ""oscillator.rv_mad_scale"": 0.8382675088951225, ""oscillator.spec_guidance_strength"": 0.7698530814830375, ""oscillator.student_t_nu"": 9.994146150093048, ""oscillator.tau_env"": 68.86954590811276, ""trust.alpha_R_max"": 6.337487751748378, ""trust.beta_1"": 0.8824176185004031, ""trust.beta_2"": 0.5402102421629044, ""trust.g_z_floor"": 0.2326439424538549, ""trust.gate_bias"": 0.2879275473444744, ""trust.w_gate_nis"": 0.133599784832637}",0.49,0.37788916745209106,0.28500000000000003,0.014282740535042126,0.0008095905850283078,0.0,0.0,0.006022365657549999,0.5773373876944774,0.3903178116703409,1.7738465967633998,1.4409205979080757,0.003053431102075191,74.05957281785096,1.0,0.0,0.10771599014637392
2026-02-27T14:59:27.632947Z,profile1d_linear__robust_ossm_ekf,robust_ossm_ekf,107,0.4622370103516668,0.4622370103516668,pruned,5.1719653606414795,subject_kfold,1,raw,debug_stage,,/home/gongjae/Projects/resPyre/robust_ossm_ekf/profile1d_linear__robust_ossm_ekf/trials/trial_00107,ddfc323af0b4ecf7,/home/gongjae/Projects/resPyre/robust_ossm_ekf/profile1d_linear__robust_ossm_ekf/trials/trial_00107/trial_manifest.json,/home/gongjae/Projects/resPyre/robust_ossm_ekf/profile1d_linear__robust_ossm_ekf/trials/trial_00107/metrics_summary.json,"{""oscillator.g_z_eff_floor_ratio"": 0.5695605960493778, ""oscillator.post_smooth_alpha"": 0.6291499040852595, ""oscillator.qf"": 0.0004638080774494126, ""oscillator.qx"": 0.0019203095557452597, ""oscillator.rv"": 0.01207655453587827, ""oscillator.rv_auto"": false, ""oscillator.rv_mad_scale"": 0.8178482392879828, ""oscillator.spec_guidance_strength"": 0.7477927330042287, ""oscillator.student_t_nu"": 8.526094618325523, ""oscillator.tau_env"": 64.72569820329963, ""trust.alpha_R_max"": 6.1061954803854634, ""trust.beta_1"": 0.881565193096872, ""trust.beta_2"": 0.7926086767298817, ""trust.g_z_floor"": 0.25598229651344406, ""trust.gate_bias"": 0.22655652457887865, ""trust.w_gate_nis"": 0.13713316649437077}",0.28,0.2746689363917878,0.31,0.030705394190871368,0.030705394190871368,0.0,0.0,0.0,0.6138000347707467,0.5280477423912598,1.8421792288830159,0.060309842182820525,0.0,93.69294605809128,1.0,0.0,nan
2026-02-27T14:59:32.929460Z,profile1d_linear__robust_ossm_ekf,robust_ossm_ekf,108,0.44949894638941135,0.44949894638941135,pruned,5.1781110763549805,subject_kfold,1,raw,debug_stage,,/home/gongjae/Projects/resPyre/robust_ossm_ekf/profile1d_linear__robust_ossm_ekf/trials/trial_00108,f6fc48e52be3ad83,/home/gongjae/Projects/resPyre/robust_ossm_ekf/profile1d_linear__robust_ossm_ekf/trials/trial_00108/trial_manifest.json,/home/gongjae/Projects/resPyre/robust_ossm_ekf/profile1d_linear__robust_ossm_ekf/trials/trial_00108/metrics_summary.json,"{""oscillator.g_z_eff_floor_ratio"": 0.5746975260757365, ""oscillator.post_smooth_alpha"": 0.7010164221141488, ""oscillator.qf"": 0.0006964932273249007, ""oscillator.qx"": 0.0015155084943199084, ""oscillator.rv"": 0.008396366148220783, ""oscillator.rv_auto"": false, ""oscillator.rv_mad_scale"": 0.8433208785192385, ""oscillator.spec_guidance_strength"": 0.8340265739867828, ""oscillator.student_t_nu"": 11.359267518824836, ""oscillator.tau_env"": 66.44182773435757, ""trust.alpha_R_max"": 6.427966059024956, ""trust.beta_1"": 0.9967443079936769, ""trust.beta_2"": 0.4520814915465848, ""trust.g_z_floor"": 0.30104121540957146, ""trust.gate_bias"": 0.40031879377294943, ""trust.w_gate_nis"": 0.19003591175282541}",0.28,0.2745196016793248,0.31,0.028215767634854772,0.028215767634854772,0.0,0.0,0.0,0.57832232371796,0.49829405342875965,1.6500733221748174,0.07405454335155723,0.0,93.7759336099585,1.0,0.0,nan
2026-02-27T14:59:38.247262Z,profile1d_linear__robust_ossm_ekf,robust_ossm_ekf,109,0.4714613056062487,0.4714613056062487,pruned,5.20327091217041,subject_kfold,1,raw,debug_stage,,/home/gongjae/Projects/resPyre/robust_ossm_ekf/profile1d_linear__robust_ossm_ekf/trials/trial_00109,e0975a2f89724b5a,/home/gongjae/Projects/resPyre/robust_ossm_ekf/profile1d_linear__robust_ossm_ekf/trials/trial_00109/trial_manifest.json,/home/gongjae/Projects/resPyre/robust_ossm_ekf/profile1d_linear__robust_ossm_ekf/trials/trial_00109/metrics_summary.json,"{""oscillator.g_z_eff_floor_ratio"": 0.309042935499922, ""oscillator.post_smooth_alpha"": 0.9335498645380887, ""oscillator.qf"": 0.0032207338922707334, ""oscillator.qx"": 0.0029467131670629257, ""oscillator.rv"": 0.030162457004525245, ""oscillator.rv_auto"": false, ""oscillator.rv_mad_scale"": 0.8727731541952545, ""oscillator.spec_guidance_strength"": 0.9012645004384825, ""oscillator.student_t_nu"": 11.771452378916738, ""oscillator.tau_env"": 71.65896006031689, ""trust.alpha_R_max"": 2.8618762280007854, ""trust.beta_1"": 0.6028149666966321, ""trust.beta_2"": 0.8313799944938045, ""trust.g_z_floor"": 0.27442576704093236, ""trust.gate_bias"": 0.47053425065953614, ""trust.w_gate_nis"": 0.06823652599436675}",0.28,0.27343429096703664,0.31,0.028215767634854772,0.028215767634854772,0.0,0.0,0.0,0.566483430329851,0.4592064037950203,1.7907228985520234,0.033110464068586636,0.0,99.08713692946058,1.0,0.0,nan
2026-02-27T15:09:05.442617Z,profile1d_linear__robust_ossm_ekf,robust_ossm_ekf,110,1.1609900804891158,1.1609900804891158,completed,567.0909671783447,subject_kfold,32,raw,,/home/gongjae/Projects/resPyre/robust_ossm_ekf/profile1d_linear__robust_ossm_ekf/trials/trial_00110/run_workspace/results/trial_00110,/home/gongjae/Projects/resPyre/robust_ossm_ekf/profile1d_linear__robust_ossm_ekf/trials/trial_00110,83050fa46eaa4ff4,/home/gongjae/Projects/resPyre/robust_ossm_ekf/profile1d_linear__robust_ossm_ekf/trials/trial_00110/trial_manifest.json,/home/gongjae/Projects/resPyre/robust_ossm_ekf/profile1d_linear__robust_ossm_ekf/trials/trial_00110/metrics_summary.json,"{""oscillator.g_z_eff_floor_ratio"": 0.38934258037708624, ""oscillator.post_smooth_alpha"": 0.6308975244033322, ""oscillator.qf"": 0.0005534973343399202, ""oscillator.qx"": 0.0008004983631971568, ""oscillator.rv"": 0.015951170994922714, ""oscillator.rv_auto"": false, ""oscillator.rv_mad_scale"": 0.8391976981851594, ""oscillator.spec_guidance_strength"": 0.821154103559883, ""oscillator.student_t_nu"": 10.059928053690317, ""oscillator.tau_env"": 69.96133166709373, ""trust.alpha_R_max"": 6.8444449554181475, ""trust.beta_1"": 1.1079785624814262, ""trust.beta_2"": 0.5207531767628434, ""trust.g_z_floor"": 0.1689778559827733, ""trust.gate_bias"": 0.34999014704916265, ""trust.w_gate_nis"": 0.06147663105709428}",0.5549999999999999,0.41737150656420147,0.44500000000000006,0.03189726594863297,0.018997255592377797,0.019175923947874388,0.0,0.04123021959132329,0.548849989339323,0.3316512752235893,2.011861425240541,1.8257151914267038,0.0048177482977987945,81.52957276883497,1.0,0.0,5.289112173929908
2026-02-27T15:09:10.829852Z,profile1d_linear__robust_ossm_ekf,robust_ossm_ekf,111,0.46867147829818445,0.46867147829818445,pruned,5.26572847366333,subject_kfold,1,raw,debug_stage,,/home/gongjae/Projects/resPyre/robust_ossm_ekf/profile1d_linear__robust_ossm_ekf/trials/trial_00111,89e0cd7a909207f6,/home/gongjae/Projects/resPyre/robust_ossm_ekf/profile1d_linear__robust_ossm_ekf/trials/trial_00111/trial_manifest.json,/home/gongjae/Projects/resPyre/robust_ossm_ekf/profile1d_linear__robust_ossm_ekf/trials/trial_00111/metrics_summary.json,"{""oscillator.g_z_eff_floor_ratio"": 0.2391470659058998, ""oscillator.post_smooth_alpha"": 0.700029243781918, ""oscillator.qf"": 0.0025944520841093715, ""oscillator.qx"": 0.0011053332285982788, ""oscillator.rv"": 0.05143291395703576, ""oscillator.rv_auto"": false, ""oscillator.rv_mad_scale"": 0.7791488928518306, ""oscillator.spec_guidance_strength"": 1.1810327259972906, ""oscillator.student_t_nu"": 6.635826096971015, ""oscillator.tau_env"": 23.869925134080784, ""trust.alpha_R_max"": 6.096914572995713, ""trust.beta_1"": 1.3029936421054515, ""trust.beta_2"": 0.6395594502628569, ""trust.g_z_floor"": 0.14090623726436088, ""trust.gate_bias"": 0.5135888131111966, ""trust.w_gate_nis"": 0.3333845628587361}",0.29,0.2758967154834684,0.31,0.027385892116182572,0.027385892116182572,0.0,0.0,0.0,0.5547441166518888,0.44824047444550846,1.8578826478721333,0.04880721802724132,0.0,97.9253112033195,1.0,0.0,nan
2026-02-27T15:09:16.190002Z,profile1d_linear__robust_ossm_ekf,robust_ossm_ekf,112,0.464309959004254,0.464309959004254,pruned,5.2604100704193115,subject_kfold,1,raw,debug_stage,,/home/gongjae/Projects/resPyre/robust_ossm_ekf/profile1d_linear__robust_ossm_ekf/trials/trial_00112,469c48cedd9bed2c,/home/gongjae/Projects/resPyre/robust_ossm_ekf/profile1d_linear__robust_ossm_ekf/trials/trial_00112/trial_manifest.json,/home/gongjae/Projects/resPyre/robust_ossm_ekf/profile1d_linear__robust_ossm_ekf/trials/trial_00112/metrics_summary.json,"{""oscillator.g_z_eff_floor_ratio"": 0.5004660561160785, ""oscillator.post_smooth_alpha"": 0.6300778168623089, ""oscillator.qf"": 0.0004937113888550968, ""oscillator.qx"": 0.0007115933209447353, ""oscillator.rv"": 0.018820452700966977, ""oscillator.rv_auto"": true, ""oscillator.rv_mad_scale"": 0.9752744919529311, ""oscillator.spec_guidance_strength"": 0.5933401874663058, ""oscillator.student_t_nu"": 9.23983937915959, ""oscillator.tau_env"": 64.4323803068085, ""trust.alpha_R_max"": 6.8468153532568365, ""trust.beta_1"": 1.3444788740914873, ""trust.beta_2"": 0.6234148823283201, ""trust.g_z_floor"": 0.15750887766342694, ""trust.gate_bias"": 0.22052420520667454, ""trust.w_gate_nis"": 0.152877665133332}",0.3,0.2906220525818586,0.29,0.04730290456431535,0.04730290456431535,0.0,0.0,0.0,0.6161177337066719,0.5059915395111763,1.858719377975363,0.015026039912817068,0.0,95.850622406639,1.0,0.0,nan
2026-02-27T15:09:21.471896Z,profile1d_linear__robust_ossm_ekf,robust_ossm_ekf,113,0.4577180986266334,0.4577180986266334,pruned,5.171725749969482,subject_kfold,1,raw,debug_stage,,/home/gongjae/Projects/resPyre/robust_ossm_ekf/profile1d_linear__robust_ossm_ekf/trials/trial_00113,03b09d886e633481,/home/gongjae/Projects/resPyre/robust_ossm_ekf/profile1d_linear__robust_ossm_ekf/trials/trial_00113/trial_manifest.json,/home/gongjae/Projects/resPyre/robust_ossm_ekf/profile1d_linear__robust_ossm_ekf/trials/trial_00113/metrics_summary.json,"{""oscillator.g_z_eff_floor_ratio"": 0.4555532669481148, ""oscillator.post_smooth_alpha"": 0.6788108361463553, ""oscillator.qf"": 0.0002942015204622119, ""oscillator.qx"": 0.002017433279807604, ""oscillator.rv"": 0.026909524120848086, ""oscillator.rv_auto"": false, ""oscillator.rv_mad_scale"": 0.8860987827805178, ""oscillator.spec_guidance_strength"": 0.7142134765401981, ""oscillator.student_t_nu"": 8.569643004915324, ""oscillator.tau_env"": 64.69397890523824, ""trust.alpha_R_max"": 6.80737026888271, ""trust.beta_1"": 1.4557386349105932, ""trust.beta_2"": 0.5495715936029717, ""trust.g_z_floor"": 0.22160105536404717, ""trust.gate_bias"": 0.23852201101553983, ""trust.w_gate_nis"": 0.09506838032395748}",0.29,0.27412107423649257,0.3,0.034854771784232366,0.034854771784232366,0.0,0.0,0.0,0.6120519083760988,0.5064724858228407,1.8408796957451694,0.056737133340033545,0.0,90.95435684647303,1.0,0.0,nan
2026-02-27T15:09:26.747743Z,profile1d_linear__robust_ossm_ekf,robust_ossm_ekf,114,0.47334413598636965,0.47334413598636965,pruned,5.175081014633179,subject_kfold,1,raw,debug_stage,,/home/gongjae/Projects/resPyre/robust_ossm_ekf/profile1d_linear__robust_ossm_ekf/trials/trial_00114,e6e3264f805371e1,/home/gongjae/Projects/resPyre/robust_ossm_ekf/profile1d_linear__robust_ossm_ekf/trials/trial_00114/trial_manifest.json,/home/gongjae/Projects/resPyre/robust_ossm_ekf/profile1d_linear__robust_ossm_ekf/trials/trial_00114/metrics_summary.json,"{""oscillator.g_z_eff_floor_ratio"": 0.3729304772545363, ""oscillator.post_smooth_alpha"": 0.7632646060114838, ""oscillator.qf"": 0.002337890144902087, ""oscillator.qx"": 0.0026014594989337515, ""oscillator.rv"": 0.019050989396837262, ""oscillator.rv_auto"": false, ""oscillator.rv_mad_scale"": 1.0982610987595516, ""oscillator.spec_guidance_strength"": 0.9675464736261766, ""oscillator.student_t_nu"": 11.408798661034265, ""oscillator.tau_env"": 59.888398769965114, ""trust.alpha_R_max"": 4.796555965023629, ""trust.beta_1"": 1.2444791757297515, ""trust.beta_2"": 0.7584833787439785, ""trust.g_z_floor"": 0.22707869490319726, ""trust.gate_bias"": 0.31377502878019947, ""trust.w_gate_nis"": 0.33231529357634343}",0.28,0.2735677094008909,0.31,0.028215767634854772,0.028215767634854772,0.0,0.0,0.0,0.5958126841199055,0.4855115359953174,1.919923777243366,0.04006037149576802,0.0,98.42323651452283,1.0,0.0,nan
2026-02-27T15:18:49.724659Z,profile1d_linear__robust_ossm_ekf,robust_ossm_ekf,115,1.2070909250946031,1.2070909250946031,completed,562.862194776535,subject_kfold,32,raw,,/home/gongjae/Projects/resPyre/robust_ossm_ekf/profile1d_linear__robust_ossm_ekf/trials/trial_00115/run_workspace/results/trial_00115,/home/gongjae/Projects/resPyre/robust_ossm_ekf/profile1d_linear__robust_ossm_ekf/trials/trial_00115,ced965a1a8322d2a,/home/gongjae/Projects/resPyre/robust_ossm_ekf/profile1d_linear__robust_ossm_ekf/trials/trial_00115/trial_manifest.json,/home/gongjae/Projects/resPyre/robust_ossm_ekf/profile1d_linear__robust_ossm_ekf/trials/trial_00115/metrics_summary.json,"{""oscillator.g_z_eff_floor_ratio"": 0.48811374858134676, ""oscillator.post_smooth_alpha"": 0.6086630958543858, ""oscillator.qf"": 0.0004996082295432848, ""oscillator.qx"": 0.0009636275491868875, ""oscillator.rv"": 0.010729355696397193, ""oscillator.rv_auto"": false, ""oscillator.rv_mad_scale"": 0.8830815248222416, ""oscillator.spec_guidance_strength"": 0.8922012814682261, ""oscillator.student_t_nu"": 9.440984428246097, ""oscillator.tau_env"": 66.71278746532381, ""trust.alpha_R_max"": 4.1987316585740055, ""trust.beta_1"": 0.6596254651060856, ""trust.beta_2"": 0.4221515018660144, ""trust.g_z_floor"": 0.13930836362263915, ""trust.gate_bias"": 0.2626907134989494, ""trust.w_gate_nis"": 0.19999161423958975}",0.55,0.42228880438672634,0.44000000000000006,0.031878872035889766,0.003684741086587436,0.022359223514048843,0.0,0.028581686371270527,0.5329025471928841,0.3479576393404876,1.740245470103814,2.050587738944765,0.008570723669187038,79.94217268363695,1.0,0.0,5.576613262085833
2026-02-27T15:18:55.053908Z,profile1d_linear__robust_ossm_ekf,robust_ossm_ekf,116,0.45120523496491116,0.45120523496491116,pruned,5.210631847381592,subject_kfold,1,raw,debug_stage,,/home/gongjae/Projects/resPyre/robust_ossm_ekf/profile1d_linear__robust_ossm_ekf/trials/trial_00116,e3ad682de7db339f,/home/gongjae/Projects/resPyre/robust_ossm_ekf/profile1d_linear__robust_ossm_ekf/trials/trial_00116/trial_manifest.json,/home/gongjae/Projects/resPyre/robust_ossm_ekf/profile1d_linear__robust_ossm_ekf/trials/trial_00116/metrics_summary.json,"{""oscillator.g_z_eff_floor_ratio"": 0.4268752126202619, ""oscillator.post_smooth_alpha"": 0.8501036446056917, ""oscillator.qf"": 0.0006569667412137688, ""oscillator.qx"": 0.0016306187100427428, ""oscillator.rv"": 0.03194163759165515, ""oscillator.rv_auto"": false, ""oscillator.rv_mad_scale"": 1.0956689899021868, ""oscillator.spec_guidance_strength"": 0.870759429137951, ""oscillator.student_t_nu"": 10.445937159153699, ""oscillator.tau_env"": 46.906608855012124, ""trust.alpha_R_max"": 5.247291029068477, ""trust.beta_1"": 1.0608774745863947, ""trust.beta_2"": 0.5490866332579131, ""trust.g_z_floor"": 0.21898421078547228, ""trust.gate_bias"": 0.2634899683712428, ""trust.w_gate_nis"": 0.09100826306044822}",0.29,0.27499754695407364,0.3,0.03236514522821577,0.03236514522821577,0.0,0.0,0.0,0.6072577563516492,0.5018572375454886,1.7315594321265464,0.057450661956524665,0.0,94.35684647302905,1.0,0.0,nan
2026-02-27T15:28:18.201579Z,profile1d_linear__robust_ossm_ekf,robust_ossm_ekf,117,0.37155446927314706,0.37155446927314706,completed,563.0448002815247,subject_kfold,32,raw,,/home/gongjae/Projects/resPyre/robust_ossm_ekf/profile1d_linear__robust_ossm_ekf/trials/trial_00117/run_workspace/results/trial_00117,/home/gongjae/Projects/resPyre/robust_ossm_ekf/profile1d_linear__robust_ossm_ekf/trials/trial_00117,24d165d299f4ee56,/home/gongjae/Projects/resPyre/robust_ossm_ekf/profile1d_linear__robust_ossm_ekf/trials/trial_00117/trial_manifest.json,/home/gongjae/Projects/resPyre/robust_ossm_ekf/profile1d_linear__robust_ossm_ekf/trials/trial_00117/metrics_summary.json,"{""oscillator.g_z_eff_floor_ratio"": 0.5254626686240379, ""oscillator.post_smooth_alpha"": 0.7236897415954032, ""oscillator.qf"": 0.00032829622669796303, ""oscillator.qx"": 0.0006962812838459268, ""oscillator.rv"": 0.009265397861104105, ""oscillator.rv_auto"": false, ""oscillator.rv_mad_scale"": 0.8376292410866535, ""oscillator.spec_guidance_strength"": 0.5791165274969827, ""oscillator.student_t_nu"": 8.512185260107362, ""oscillator.tau_env"": 71.12126403743179, ""trust.alpha_R_max"": 6.394679869688711, ""trust.beta_1"": 1.1772897247562906, ""trust.beta_2"": 0.27957730170639145, ""trust.g_z_floor"": 0.2328128887434995, ""trust.gate_bias"": 0.26034823985201144, ""trust.w_gate_nis"": 0.2067335369292056}",0.49,0.39743227479377274,0.2,0.01314248395645439,0.0,0.007416665648033834,0.0,0.004657170037379798,0.6058979777706821,0.40121114268497704,1.6713752579491468,1.5852096774340902,0.004294492479386679,74.88223670155949,1.0,0.0,0.2682237319578251
2026-02-27T15:37:46.180623Z,profile1d_linear__robust_ossm_ekf,robust_ossm_ekf,118,3.0676615127619344,3.0676615127619344,completed,567.859450340271,subject_kfold,32,raw,,/home/gongjae/Projects/resPyre/robust_ossm_ekf/profile1d_linear__robust_ossm_ekf/trials/trial_00118/run_workspace/results/trial_00118,/home/gongjae/Projects/resPyre/robust_ossm_ekf/profile1d_linear__robust_ossm_ekf/trials/trial_00118,be1fa1bedddd846a,/home/gongjae/Projects/resPyre/robust_ossm_ekf/profile1d_linear__robust_ossm_ekf/trials/trial_00118/trial_manifest.json,/home/gongjae/Projects/resPyre/robust_ossm_ekf/profile1d_linear__robust_ossm_ekf/trials/trial_00118/metrics_summary.json,"{""oscillator.g_z_eff_floor_ratio"": 0.42919338867347917, ""oscillator.post_smooth_alpha"": 0.8086701986928778, ""oscillator.qf"": 0.0004319433677695151, ""oscillator.qx"": 0.0004598851191996639, ""oscillator.rv"": 0.009085610226948307, ""oscillator.rv_auto"": false, ""oscillator.rv_mad_scale"": 0.835054992808216, ""oscillator.spec_guidance_strength"": 0.6275262619768958, ""oscillator.student_t_nu"": 8.147440434340323, ""oscillator.tau_env"": 65.85496387469328, ""trust.alpha_R_max"": 6.0833124535864345, ""trust.beta_1"": 1.1527948142790971, ""trust.beta_2"": 0.2285599279195943, ""trust.g_z_floor"": 0.31557920994765365, ""trust.gate_bias"": 0.3371971266340554, ""trust.w_gate_nis"": 0.19228453013201516}",0.565,0.4184395508066676,0.855,0.03742208804051422,0.0032560469443251756,0.03660936205468103,0.0,0.0077579237777424155,0.5499577488971492,0.3198913498981313,1.7981823068141805,1.8220734692858724,0.007155273333712896,67.76080544266154,1.0,0.0,19.82775169227462
2026-02-27T15:37:51.389761Z,profile1d_linear__robust_ossm_ekf,robust_ossm_ekf,119,0.4524879964239821,0.4524879964239821,pruned,5.089182138442993,subject_kfold,1,raw,debug_stage,,/home/gongjae/Projects/resPyre/robust_ossm_ekf/profile1d_linear__robust_ossm_ekf/trials/trial_00119,aa1206881e7644fa,/home/gongjae/Projects/resPyre/robust_ossm_ekf/profile1d_linear__robust_ossm_ekf/trials/trial_00119/trial_manifest.json,/home/gongjae/Projects/resPyre/robust_ossm_ekf/profile1d_linear__robust_ossm_ekf/trials/trial_00119/metrics_summary.json,"{""oscillator.g_z_eff_floor_ratio"": 0.42856292270085605, ""oscillator.post_smooth_alpha"": 0.7192525664536911, ""oscillator.qf"": 0.0002971971278712022, ""oscillator.qx"": 0.0010493618502153289, ""oscillator.rv"": 0.009107110924297479, ""oscillator.rv_auto"": true, ""oscillator.rv_mad_scale"": 0.7037445390382521, ""oscillator.spec_guidance_strength"": 0.5542184465806848, ""oscillator.student_t_nu"": 6.234220581638558, ""oscillator.tau_env"": 66.72320819689051, ""trust.alpha_R_max"": 6.209786651998126, ""trust.beta_1"": 1.2883055193858501, ""trust.beta_2"": 0.15137236684909597, ""trust.g_z_floor"": 0.20234140407260617, ""trust.gate_bias"": 0.21907847852828613, ""trust.w_gate_nis"": 0.2466475195286424}",0.3,0.2895719455730368,0.29,0.046473029045643155,0.046473029045643155,0.0,0.0,0.0,0.615951832630497,0.4877762434992,1.5328385782731428,0.018122654930380754,0.0,94.68879668049793,1.0,0.0,nan
2026-02-27T08:05:35.459298Z,profile1d_quadratic__robust_ossm_ekf,robust_ossm_ekf,0,0.44648804338668524,0.44648804338668524,completed,543.9108119010925,subject_kfold,32,raw,,/home/gongjae/Projects/resPyre/robust_ossm_ekf/profile1d_quadratic__robust_ossm_ekf/trials/trial_00000/run_workspace/results/trial_00000,/home/gongjae/Projects/resPyre/robust_ossm_ekf/profile1d_quadratic__robust_ossm_ekf/trials/trial_00000,9ded83b0701b192f,/home/gongjae/Projects/resPyre/robust_ossm_ekf/profile1d_quadratic__robust_ossm_ekf/trials/trial_00000/trial_manifest.json,/home/gongjae/Projects/resPyre/robust_ossm_ekf/profile1d_quadratic__robust_ossm_ekf/trials/trial_00000/metrics_summary.json,"{""oscillator.g_z_eff_floor_ratio"": 0.35, ""oscillator.post_smooth_alpha"": 0.872, ""oscillator.qf"": 0.00165, ""oscillator.qx"": 0.00096, ""oscillator.rv"": 0.04, ""oscillator.rv_auto"": false, ""oscillator.rv_mad_scale"": 0.9, ""oscillator.spec_guidance_strength"": 0.98, ""oscillator.student_t_nu"": 7.5, ""oscillator.tau_env"": 35.0, ""trust.alpha_R_max"": 3.11, ""trust.beta_1"": 1.11, ""trust.beta_2"": 0.46, ""trust.g_z_floor"": 0.27, ""trust.gate_bias"": 0.65, ""trust.w_gate_nis"": 0.1}",0.42000000000000004,0.35005357316921903,0.265,0.028122351133714772,0.0,0.028122351133714772,0.0,0.03870476983574542,0.5267587262494788,0.32430560130795283,1.8185068106235158,1.0502784102835647,0.000793371513021487,88.84869625350852,1.0,0.0,1.3255813953488378
2026-02-27T08:15:13.277286Z,profile1d_quadratic__robust_ossm_ekf,robust_ossm_ekf,1,0.6002787109923239,0.6002787109923239,completed,577.7128026485443,subject_kfold,32,raw,,/home/gongjae/Projects/resPyre/robust_ossm_ekf/profile1d_quadratic__robust_ossm_ekf/trials/trial_00001/run_workspace/results/trial_00001,/home/gongjae/Projects/resPyre/robust_ossm_ekf/profile1d_quadratic__robust_ossm_ekf/trials/trial_00001,3d702bf051ad76de,/home/gongjae/Projects/resPyre/robust_ossm_ekf/profile1d_quadratic__robust_ossm_ekf/trials/trial_00001/trial_manifest.json,/home/gongjae/Projects/resPyre/robust_ossm_ekf/profile1d_quadratic__robust_ossm_ekf/trials/trial_00001/metrics_summary.json,"{""oscillator.g_z_eff_floor_ratio"": 0.5127941115641415, ""oscillator.post_smooth_alpha"": 0.8224125543449872, ""oscillator.qf"": 0.00039892711735370893, ""oscillator.qx"": 0.0006383295101179898, ""oscillator.rv"": 0.03707448967108642, ""oscillator.rv_auto"": false, ""oscillator.rv_mad_scale"": 0.9193963178886666, ""oscillator.spec_guidance_strength"": 0.5633799212922717, ""oscillator.student_t_nu"": 12.527937603524286, ""oscillator.tau_env"": 23.02034783274637, ""trust.alpha_R_max"": 3.5212112147976886, ""trust.beta_1"": 1.6169008373781937, ""trust.beta_2"": 1.0190380520644555, ""trust.g_z_floor"": 0.18253202943404523, ""trust.gate_bias"": 0.29454898294769233, ""trust.w_gate_nis"": 0.1428122531645277}",0.45999999999999996,0.3709482206527831,0.275,0.006147118867100789,0.0,0.0,0.0,0.0008099126863169884,0.5811413529215073,0.38625672146257706,2.200965647195625,1.2043400174887755,0.00020602823991816078,73.52925274685666,1.0,0.0,2.005285886608507
2026-02-27T08:24:56.352085Z,profile1d_quadratic__robust_ossm_ekf,robust_ossm_ekf,2,0.4274569051135201,0.4274569051135201,completed,582.9739503860474,subject_kfold,32,raw,,/home/gongjae/Projects/resPyre/robust_ossm_ekf/profile1d_quadratic__robust_ossm_ekf/trials/trial_00002/run_workspace/results/trial_00002,/home/gongjae/Projects/resPyre/robust_ossm_ekf/profile1d_quadratic__robust_ossm_ekf/trials/trial_00002,d684701079c043ee,/home/gongjae/Projects/resPyre/robust_ossm_ekf/profile1d_quadratic__robust_ossm_ekf/trials/trial_00002/trial_manifest.json,/home/gongjae/Projects/resPyre/robust_ossm_ekf/profile1d_quadratic__robust_ossm_ekf/trials/trial_00002/metrics_summary.json,"{""oscillator.g_z_eff_floor_ratio"": 0.27384667761442905, ""oscillator.post_smooth_alpha"": 0.890515105715415, ""oscillator.qf"": 0.0005998310726703179, ""oscillator.qx"": 0.0006074991690688986, ""oscillator.rv"": 0.014725059714885287, ""oscillator.rv_auto"": true, ""oscillator.rv_mad_scale"": 0.9253338026250708, ""oscillator.spec_guidance_strength"": 0.8842523849688475, ""oscillator.student_t_nu"": 8.016769826387396, ""oscillator.tau_env"": 39.05081585127197, ""trust.alpha_R_max"": 6.7444276862666666, ""trust.beta_1"": 1.2016560257482467, ""trust.beta_2"": 0.17016644573759754, ""trust.g_z_floor"": 0.12927321684337578, ""trust.gate_bias"": 0.2886725443173916, ""trust.w_gate_nis"": 0.296942492241561}",0.425,0.322740962950833,0.16999999999999998,0.026283371170124775,0.017566619915848528,0.0,0.0,0.0,0.652536461905133,0.36001190216777357,1.5975895681905885,0.1479194917519805,0.0,91.74486803519062,1.0,0.0,0.704161016496039
2026-02-27T08:34:33.013533Z,profile1d_quadratic__robust_ossm_ekf,robust_ossm_ekf,3,2.2896467477833187,2.2896467477833187,completed,576.5569267272949,subject_kfold,32,raw,,/home/gongjae/Projects/resPyre/robust_ossm_ekf/profile1d_quadratic__robust_ossm_ekf/trials/trial_00003/run_workspace/results/trial_00003,/home/gongjae/Projects/resPyre/robust_ossm_ekf/profile1d_quadratic__robust_ossm_ekf/trials/trial_00003,4e08b57de9fa048d,/home/gongjae/Projects/resPyre/robust_ossm_ekf/profile1d_quadratic__robust_ossm_ekf/trials/trial_00003/trial_manifest.json,/home/gongjae/Projects/resPyre/robust_ossm_ekf/profile1d_quadratic__robust_ossm_ekf/trials/trial_00003/metrics_summary.json,"{""oscillator.g_z_eff_floor_ratio"": 0.6073805889770276, ""oscillator.post_smooth_alpha"": 0.6127237528126308, ""oscillator.qf"": 0.0009345264670479496, ""oscillator.qx"": 0.003106473712157154, ""oscillator.rv"": 0.01514379468295123, ""oscillator.rv_auto"": true, ""oscillator.rv_mad_scale"": 0.6939524513028728, ""oscillator.spec_guidance_strength"": 0.718206988040011, ""oscillator.student_t_nu"": 8.446946011223972, ""oscillator.tau_env"": 26.3459882119285, ""trust.alpha_R_max"": 6.847923138822793, ""trust.beta_1"": 1.2787745127893801, ""trust.beta_2"": 0.45664796217656384, ""trust.g_z_floor"": 0.1831845049864872, ""trust.gate_bias"": 0.4842893452585054, ""trust.w_gate_nis"": 0.2628265282593462}",0.545,0.3767728655019427,0.52,0.031059549669883946,0.026394266504848253,0.0,0.0,0.0015521523178807946,0.5980997724287187,0.41020011519426175,1.8418188742509387,0.13724824794353896,0.0,92.60048552095222,1.0,0.0,14.196272237963054
2026-02-27T08:44:05.233887Z,profile1d_quadratic__robust_ossm_ekf,robust_ossm_ekf,4,1.663113897846141,1.663113897846141,completed,572.1096477508545,subject_kfold,32,raw,,/home/gongjae/Projects/resPyre/robust_ossm_ekf/profile1d_quadratic__robust_ossm_ekf/trials/trial_00004/run_workspace/results/trial_00004,/home/gongjae/Projects/resPyre/robust_ossm_ekf/profile1d_quadratic__robust_ossm_ekf/trials/trial_00004,ed908ff8edc50c54,/home/gongjae/Projects/resPyre/robust_ossm_ekf/profile1d_quadratic__robust_ossm_ekf/trials/trial_00004/trial_manifest.json,/home/gongjae/Projects/resPyre/robust_ossm_ekf/profile1d_quadratic__robust_ossm_ekf/trials/trial_00004/metrics_summary.json,"{""oscillator.g_z_eff_floor_ratio"": 0.36267832615405654, ""oscillator.post_smooth_alpha"": 0.7203722223824078, ""oscillator.qf"": 0.00032589028062822184, ""oscillator.qx"": 0.006330616761859024, ""oscillator.rv"": 0.05214645890066527, ""oscillator.rv_auto"": false, ""oscillator.rv_mad_scale"": 0.9190549904649884, ""oscillator.spec_guidance_strength"": 0.7263768706530324, ""oscillator.student_t_nu"": 3.497500178015919, ""oscillator.tau_env"": 30.19110884579555, ""trust.alpha_R_max"": 6.010984903770199, ""trust.beta_1"": 1.461611260067122, ""trust.beta_2"": 0.5052935928290765, ""trust.g_z_floor"": 0.1634159012386432, ""trust.gate_bias"": 0.4822019632422892, ""trust.w_gate_nis"": 0.16956445877807852}",0.45,0.3698709728033649,0.445,0.0036112630732099762,0.0036112630732099762,0.0,0.0,0.0,0.5864853400882929,0.29553809999608627,1.9503428389517663,0.33874930451391655,0.00010135930895005936,83.57245232245232,1.0,0.0,10.02017580957682
2026-02-27T08:53:21.410944Z,profile1d_quadratic__robust_ossm_ekf,robust_ossm_ekf,5,0.45966328037168946,0.45966328037168946,completed,556.0807592868805,subject_kfold,32,raw,,/home/gongjae/Projects/resPyre/robust_ossm_ekf/profile1d_quadratic__robust_ossm_ekf/trials/trial_00005/run_workspace/results/trial_00005,/home/gongjae/Projects/resPyre/robust_ossm_ekf/profile1d_quadratic__robust_ossm_ekf/trials/trial_00005,52082ecdfd4e3868,/home/gongjae/Projects/resPyre/robust_ossm_ekf/profile1d_quadratic__robust_ossm_ekf/trials/trial_00005/trial_manifest.json,/home/gongjae/Projects/resPyre/robust_ossm_ekf/profile1d_quadratic__robust_ossm_ekf/trials/trial_00005/metrics_summary.json,"{""oscillator.g_z_eff_floor_ratio"": 0.21480098631502248, ""oscillator.post_smooth_alpha"": 0.8853700282738, ""oscillator.qf"": 0.0028766020618125436, ""oscillator.qx"": 0.00040667214960091495, ""oscillator.rv"": 0.04033632477908749, ""oscillator.rv_auto"": false, ""oscillator.rv_mad_scale"": 0.7394220566903776, ""oscillator.spec_guidance_strength"": 0.7830027235537772, ""oscillator.student_t_nu"": 11.01907884845086, ""oscillator.tau_env"": 56.75658188007609, ""trust.alpha_R_max"": 3.554911608578311, ""trust.beta_1"": 0.6774559654776428, ""trust.beta_2"": 1.052151699945641, ""trust.g_z_floor"": 0.12860125762871064, ""trust.gate_bias"": 0.3720669729233776, ""trust.w_gate_nis"": 0.3030862694627476}",0.415,0.3594625190318098,0.26,0.07267369727047146,0.0,0.07267369727047146,0.0,0.07611072917979411,0.5361978971402264,0.3286076441715362,1.9845632060070988,1.2431408923766245,0.0006897413092578612,92.50779027232082,1.0,0.0,1.093023255813954
2026-02-27T09:02:56.930363Z,profile1d_quadratic__robust_ossm_ekf,robust_ossm_ekf,6,0.4438289241457474,0.4438289241457474,completed,575.3881931304932,subject_kfold,32,raw,,/home/gongjae/Projects/resPyre/robust_ossm_ekf/profile1d_quadratic__robust_ossm_ekf/trials/trial_00006/run_workspace/results/trial_00006,/home/gongjae/Projects/resPyre/robust_ossm_ekf/profile1d_quadratic__robust_ossm_ekf/trials/trial_00006,19be148fe05606a4,/home/gongjae/Projects/resPyre/robust_ossm_ekf/profile1d_quadratic__robust_ossm_ekf/trials/trial_00006/trial_manifest.json,/home/gongjae/Projects/resPyre/robust_ossm_ekf/profile1d_quadratic__robust_ossm_ekf/trials/trial_00006/metrics_summary.json,"{""oscillator.g_z_eff_floor_ratio"": 0.5423545745786437, ""oscillator.post_smooth_alpha"": 0.8076725631007136, ""oscillator.qf"": 0.0003577138124536962, ""oscillator.qx"": 0.001645984621876533, ""oscillator.rv"": 0.030419682293851568, ""oscillator.rv_auto"": false, ""oscillator.rv_mad_scale"": 1.049245734159347, ""oscillator.spec_guidance_strength"": 0.870967137636854, ""oscillator.student_t_nu"": 11.368635534785872, ""oscillator.tau_env"": 57.08872893559574, ""trust.alpha_R_max"": 5.182052056318902, ""trust.beta_1"": 1.1250061123201935, ""trust.beta_2"": 0.5817442998272336, ""trust.g_z_floor"": 0.11414313355903041, ""trust.gate_bias"": 0.2561035420365183, ""trust.w_gate_nis"": 0.06991345943019713}",0.45999999999999996,0.3617780900956031,0.255,0.0057236457236457235,0.0,0.0,0.0,0.0006157443475904885,0.6044476738113207,0.41093162439259057,1.8380552415361224,0.8925315077852727,0.0006404249567910311,73.06003892457977,1.0,0.0,0.9802236834528076
2026-02-27T09:12:19.272325Z,profile1d_quadratic__robust_ossm_ekf,robust_ossm_ekf,7,0.2585634867626768,0.2585634867626768,completed,562.2269535064697,subject_kfold,32,raw,,/home/gongjae/Projects/resPyre/robust_ossm_ekf/profile1d_quadratic__robust_ossm_ekf/trials/trial_00007/run_workspace/results/trial_00007,/home/gongjae/Projects/resPyre/robust_ossm_ekf/profile1d_quadratic__robust_ossm_ekf/trials/trial_00007,8f826c3cdfbfeb02,/home/gongjae/Projects/resPyre/robust_ossm_ekf/profile1d_quadratic__robust_ossm_ekf/trials/trial_00007/trial_manifest.json,/home/gongjae/Projects/resPyre/robust_ossm_ekf/profile1d_quadratic__robust_ossm_ekf/trials/trial_00007/metrics_summary.json,"{""oscillator.g_z_eff_floor_ratio"": 0.2557740050093821, ""oscillator.post_smooth_alpha"": 0.7072080375780941, ""oscillator.qf"": 0.0024040013276358622, ""oscillator.qx"": 0.0013676673647063577, ""oscillator.rv"": 0.05355686835695691, ""oscillator.rv_auto"": false, ""oscillator.rv_mad_scale"": 0.7621815031169937, ""oscillator.spec_guidance_strength"": 1.1543034740226723, ""oscillator.student_t_nu"": 3.846779008116723, ""oscillator.tau_env"": 31.897504605564368, ""trust.alpha_R_max"": 6.462794992449889, ""trust.beta_1"": 1.4389324175208587, ""trust.beta_2"": 0.8040760570312574, ""trust.g_z_floor"": 0.18395652649871613, ""trust.gate_bias"": 0.6179094799875395, ""trust.w_gate_nis"": 0.3998696301732099}",0.44,0.3541158392530377,0.15,0.01061662244880265,0.0,0.010157858613589567,0.0,0.004066812512626435,0.5382778752270155,0.31241870432968616,1.893545812499384,0.8581149377057788,0.003637606873079853,94.77258273817353,1.0,0.0,0.0
2026-02-27T09:21:47.758440Z,profile1d_quadratic__robust_ossm_ekf,robust_ossm_ekf,8,1.2701716909080298,1.2701716909080298,completed,568.385630607605,subject_kfold,32,raw,,/home/gongjae/Projects/resPyre/robust_ossm_ekf/profile1d_quadratic__robust_ossm_ekf/trials/trial_00008/run_workspace/results/trial_00008,/home/gongjae/Projects/resPyre/robust_ossm_ekf/profile1d_quadratic__robust_ossm_ekf/trials/trial_00008,b57c9073ab438f61,/home/gongjae/Projects/resPyre/robust_ossm_ekf/profile1d_quadratic__robust_ossm_ekf/trials/trial_00008/trial_manifest.json,/home/gongjae/Projects/resPyre/robust_ossm_ekf/profile1d_quadratic__robust_ossm_ekf/trials/trial_00008/metrics_summary.json,"{""oscillator.g_z_eff_floor_ratio"": 0.18326750134965963, ""oscillator.post_smooth_alpha"": 0.9184703158048471, ""oscillator.qf"": 0.0004948692768733088, ""oscillator.qx"": 0.0005562126299894912, ""oscillator.rv"": 0.05228472077246, ""oscillator.rv_auto"": false, ""oscillator.rv_mad_scale"": 0.7931015637373388, ""oscillator.spec_guidance_strength"": 0.8819857466754177, ""oscillator.student_t_nu"": 11.998162425147424, ""oscillator.tau_env"": 42.20960500856533, ""trust.alpha_R_max"": 3.616014660103776, ""trust.beta_1"": 1.0091521034636568, ""trust.beta_2"": 0.35987643530838864, ""trust.g_z_floor"": 0.5243093667606337, ""trust.gate_bias"": 0.3755598891298866, ""trust.w_gate_nis"": 0.1067474932601363}",0.545,0.3939446195558106,0.375,0.017174050024386073,0.0,0.011741372861670506,0.0,0.009114400751435976,0.5998784561417445,0.32475124528562127,1.691985418039681,1.1598465567095282,0.0,70.75444056014712,1.0,0.0,6.87411954805962
2026-02-27T09:31:30.944924Z,profile1d_quadratic__robust_ossm_ekf,robust_ossm_ekf,9,1.5462476026338243,1.5462476026338243,completed,583.080525636673,subject_kfold,32,raw,,/home/gongjae/Projects/resPyre/robust_ossm_ekf/profile1d_quadratic__robust_ossm_ekf/trials/trial_00009/run_workspace/results/trial_00009,/home/gongjae/Projects/resPyre/robust_ossm_ekf/profile1d_quadratic__robust_ossm_ekf/trials/trial_00009,8d4285f3d5211af8,/home/gongjae/Projects/resPyre/robust_ossm_ekf/profile1d_quadratic__robust_ossm_ekf/trials/trial_00009/trial_manifest.json,/home/gongjae/Projects/resPyre/robust_ossm_ekf/profile1d_quadratic__robust_ossm_ekf/trials/trial_00009/metrics_summary.json,"{""oscillator.g_z_eff_floor_ratio"": 0.1973368652566304, ""oscillator.post_smooth_alpha"": 0.705390982919663, ""oscillator.qf"": 0.0005315159822293959, ""oscillator.qx"": 0.00714879414317624, ""oscillator.rv"": 0.017136759315240304, ""oscillator.rv_auto"": false, ""oscillator.rv_mad_scale"": 1.0873019372244324, ""oscillator.spec_guidance_strength"": 0.946216817086933, ""oscillator.student_t_nu"": 6.309661407984466, ""oscillator.tau_env"": 45.856922306404044, ""trust.alpha_R_max"": 2.7244743604561155, ""trust.beta_1"": 1.1029469255517474, ""trust.beta_2"": 0.1755970513499885, ""trust.g_z_floor"": 0.2078028508001376, ""trust.gate_bias"": 0.67229826070266, ""trust.w_gate_nis"": 0.16867212105227847}",0.44,0.36598772861831785,0.435,0.0008090874397030203,0.0,0.0,0.0,0.0001017087062652563,0.5474149164063191,0.25959607658459416,1.62974134286371,0.44037844413585925,0.0017752886671015431,85.78918907068685,1.0,0.0,9.351801251263165
2026-02-27T09:40:37.196791Z,profile1d_quadratic__robust_ossm_ekf,robust_ossm_ekf,10,0.46409440189232937,0.46409440189232937,completed,546.1262505054474,subject_kfold,32,raw,,/home/gongjae/Projects/resPyre/robust_ossm_ekf/profile1d_quadratic__robust_ossm_ekf/trials/trial_00010/run_workspace/results/trial_00010,/home/gongjae/Projects/resPyre/robust_ossm_ekf/profile1d_quadratic__robust_ossm_ekf/trials/trial_00010,460e4a8fb77c6b7f,/home/gongjae/Projects/resPyre/robust_ossm_ekf/profile1d_quadratic__robust_ossm_ekf/trials/trial_00010/trial_manifest.json,/home/gongjae/Projects/resPyre/robust_ossm_ekf/profile1d_quadratic__robust_ossm_ekf/trials/trial_00010/metrics_summary.json,"{""oscillator.g_z_eff_floor_ratio"": 0.4777589640576205, ""oscillator.post_smooth_alpha"": 0.8339531573196244, ""oscillator.qf"": 0.000509464094326924, ""oscillator.qx"": 0.003916967392106293, ""oscillator.rv"": 0.013283653228502093, ""oscillator.rv_auto"": false, ""oscillator.rv_mad_scale"": 0.9524609963326454, ""oscillator.spec_guidance_strength"": 0.8982535446485931, ""oscillator.student_t_nu"": 7.045614459911786, ""oscillator.tau_env"": 57.867250127816696, ""trust.alpha_R_max"": 4.954464715941209, ""trust.beta_1"": 0.6493187470598492, ""trust.beta_2"": 1.022126695236377, ""trust.g_z_floor"": 0.11834881369964377, ""trust.gate_bias"": 0.29698962540792423, ""trust.w_gate_nis"": 0.18510422533897697}",0.425,0.3576512328221712,0.255,0.0024503722084367246,0.0,0.0,0.0,0.0008773740710156895,0.5882109795442478,0.39214738924358683,1.9400452794939635,0.4983903154237604,0.0028861046282043306,86.75898854478353,1.0,0.0,0.8636844854315493
2026-02-27T09:50:12.774417Z,profile1d_quadratic__robust_ossm_ekf,robust_ossm_ekf,11,0.806365157146403,0.806365157146403,completed,575.469535112381,subject_kfold,32,raw,,/home/gongjae/Projects/resPyre/robust_ossm_ekf/profile1d_quadratic__robust_ossm_ekf/trials/trial_00011/run_workspace/results/trial_00011,/home/gongjae/Projects/resPyre/robust_ossm_ekf/profile1d_quadratic__robust_ossm_ekf/trials/trial_00011,b4c28190d52f320b,/home/gongjae/Projects/resPyre/robust_ossm_ekf/profile1d_quadratic__robust_ossm_ekf/trials/trial_00011/trial_manifest.json,/home/gongjae/Projects/resPyre/robust_ossm_ekf/profile1d_quadratic__robust_ossm_ekf/trials/trial_00011/metrics_summary.json,"{""oscillator.g_z_eff_floor_ratio"": 0.24463484374861683, ""oscillator.post_smooth_alpha"": 0.9465900958325917, ""oscillator.qf"": 0.0004214984316920189, ""oscillator.qx"": 0.0027634343015617096, ""oscillator.rv"": 0.023388599589457264, ""oscillator.rv_auto"": true, ""oscillator.rv_mad_scale"": 0.7519230988390722, ""oscillator.spec_guidance_strength"": 0.771693128182668, ""oscillator.student_t_nu"": 7.2540888093059115, ""oscillator.tau_env"": 55.92876238132823, ""trust.alpha_R_max"": 6.0861110010060795, ""trust.beta_1"": 0.674820873364648, ""trust.beta_2"": 1.118669107740848, ""trust.g_z_floor"": 0.39699282071538067, ""trust.gate_bias"": 0.3341296464118809, ""trust.w_gate_nis"": 0.4021623478185826}",0.425,0.3381235950355618,0.29,0.026025038917178965,0.026025038917178965,0.0,0.0,0.0,0.5934997051087887,0.3080266981716603,1.9182824664740636,0.11078107727448859,0.0,90.76386660248181,1.0,0.0,3.266809938474278
2026-02-27T09:50:18.285450Z,profile1d_quadratic__robust_ossm_ekf,robust_ossm_ekf,12,1.0396485991053295,1.0396485991053295,pruned,5.39371132850647,subject_kfold,1,raw,debug_quantile,,/home/gongjae/Projects/resPyre/robust_ossm_ekf/profile1d_quadratic__robust_ossm_ekf/trials/trial_00012,6b023782f59cdf13,/home/gongjae/Projects/resPyre/robust_ossm_ekf/profile1d_quadratic__robust_ossm_ekf/trials/trial_00012/trial_manifest.json,/home/gongjae/Projects/resPyre/robust_ossm_ekf/profile1d_quadratic__robust_ossm_ekf/trials/trial_00012/metrics_summary.json,"{""oscillator.g_z_eff_floor_ratio"": 0.5211991690690125, ""oscillator.post_smooth_alpha"": 0.7292075426066845, ""oscillator.qf"": 0.00371031608986676, ""oscillator.qx"": 0.005879827769427342, ""oscillator.rv"": 0.013278005776780708, ""oscillator.rv_auto"": true, ""oscillator.rv_mad_scale"": 0.6918962455126547, ""oscillator.spec_guidance_strength"": 1.1331216689691752, ""oscillator.student_t_nu"": 6.729327701535707, ""oscillator.tau_env"": 52.92127577820993, ""trust.alpha_R_max"": 6.492770942635397, ""trust.beta_1"": 1.5257950666916291, ""trust.beta_2"": 0.9622655895262339, ""trust.g_z_floor"": 0.17273292134257623, ""trust.gate_bias"": 0.2437527817974254, ""trust.w_gate_nis"": 0.31039234200017224}",0.35,0.3385621884203463,0.33,0.025726141078838173,0.025726141078838173,0.0,0.0,0.0,0.6025608654927351,0.5120525628683583,2.1501464744484813,0.016220240331148453,0.0,100.0,1.0,0.0,nan
2026-02-27T09:59:51.814739Z,profile1d_quadratic__robust_ossm_ekf,robust_ossm_ekf,13,3.5932344655351094,3.5932344655351094,completed,573.4378499984741,subject_kfold,32,raw,,/home/gongjae/Projects/resPyre/robust_ossm_ekf/profile1d_quadratic__robust_ossm_ekf/trials/trial_00013/run_workspace/results/trial_00013,/home/gongjae/Projects/resPyre/robust_ossm_ekf/profile1d_quadratic__robust_ossm_ekf/trials/trial_00013,04e5bbb7ed0a4983,/home/gongjae/Projects/resPyre/robust_ossm_ekf/profile1d_quadratic__robust_ossm_ekf/trials/trial_00013/trial_manifest.json,/home/gongjae/Projects/resPyre/robust_ossm_ekf/profile1d_quadratic__robust_ossm_ekf/trials/trial_00013/metrics_summary.json,"{""oscillator.g_z_eff_floor_ratio"": 0.2854065754464631, ""oscillator.post_smooth_alpha"": 0.8412256660159622, ""oscillator.qf"": 0.000404721342603072, ""oscillator.qx"": 0.0004061114775630952, ""oscillator.rv"": 0.009894894498963866, ""oscillator.rv_auto"": true, ""oscillator.rv_mad_scale"": 0.9485757960986252, ""oscillator.spec_guidance_strength"": 1.0129164938758983, ""oscillator.student_t_nu"": 10.610847174619625, ""oscillator.tau_env"": 48.53415704706248, ""trust.alpha_R_max"": 5.288064461501717, ""trust.beta_1"": 0.8109739962464801, ""trust.beta_2"": 0.47143167401200914, ""trust.g_z_floor"": 0.4821505347223801, ""trust.gate_bias"": 0.5378091075045517, ""trust.w_gate_nis"": 0.3511316479960294}",0.56,0.3660261079063719,0.745,0.08223937153357089,0.08055632573036414,0.0,0.0,0.0,0.5757403719623021,0.29083450507760034,1.6736179860185747,0.263752469726194,0.0,79.64259152268076,1.0,0.0,24.55299744468019
2026-02-27T10:09:03.432607Z,profile1d_quadratic__robust_ossm_ekf,robust_ossm_ekf,14,2.1780199470554744,2.1780199470554744,completed,551.4845719337463,subject_kfold,32,raw,,/home/gongjae/Projects/resPyre/robust_ossm_ekf/profile1d_quadratic__robust_ossm_ekf/trials/trial_00014/run_workspace/results/trial_00014,/home/gongjae/Projects/resPyre/robust_ossm_ekf/profile1d_quadratic__robust_ossm_ekf/trials/trial_00014,865e38f12761087a,/home/gongjae/Projects/resPyre/robust_ossm_ekf/profile1d_quadratic__robust_ossm_ekf/trials/trial_00014/trial_manifest.json,/home/gongjae/Projects/resPyre/robust_ossm_ekf/profile1d_quadratic__robust_ossm_ekf/trials/trial_00014/metrics_summary.json,"{""oscillator.g_z_eff_floor_ratio"": 0.5535613126645748, ""oscillator.post_smooth_alpha"": 0.8335212916189872, ""oscillator.qf"": 0.004611645617637977, ""oscillator.qx"": 0.0008308025789647843, ""oscillator.rv"": 0.017284085978209292, ""oscillator.rv_auto"": true, ""oscillator.rv_mad_scale"": 0.7693410654567765, ""oscillator.spec_guidance_strength"": 0.8767141105183749, ""oscillator.student_t_nu"": 12.812512106948246, ""oscillator.tau_env"": 40.44108168267154, ""trust.alpha_R_max"": 2.121579832157269, ""trust.beta_1"": 1.1845942730889951, ""trust.beta_2"": 0.651919109324373, ""trust.g_z_floor"": 0.22634756309838513, ""trust.gate_bias"": 0.5756750999359828, ""trust.w_gate_nis"": 0.13614476524123736}",0.51,0.39348571833928186,0.515,0.0631630751463293,0.005243888151214559,0.0631630751463293,0.0,0.06744938059575876,0.5758288676068396,0.36630085475048324,1.812357777996624,0.2210807482477753,0.0,96.08305545805545,1.0,0.0,13.552993542264142
2026-02-27T10:18:06.574329Z,profile1d_quadratic__robust_ossm_ekf,robust_ossm_ekf,15,0.4456109344741342,0.4456109344741342,completed,543.0290274620056,subject_kfold,32,raw,,/home/gongjae/Projects/resPyre/robust_ossm_ekf/profile1d_quadratic__robust_ossm_ekf/trials/trial_00015/run_workspace/results/trial_00015,/home/gongjae/Projects/resPyre/robust_ossm_ekf/profile1d_quadratic__robust_ossm_ekf/trials/trial_00015,dde496f7489b2df4,/home/gongjae/Projects/resPyre/robust_ossm_ekf/profile1d_quadratic__robust_ossm_ekf/trials/trial_00015/trial_manifest.json,/home/gongjae/Projects/resPyre/robust_ossm_ekf/profile1d_quadratic__robust_ossm_ekf/trials/trial_00015/metrics_summary.json,"{""oscillator.g_z_eff_floor_ratio"": 0.6343277649505248, ""oscillator.post_smooth_alpha"": 0.7584281348774062, ""oscillator.qf"": 0.0007577528541589271, ""oscillator.qx"": 0.0061990623567659735, ""oscillator.rv"": 0.05737744234239306, ""oscillator.rv_auto"": true, ""oscillator.rv_mad_scale"": 1.0792678596511645, ""oscillator.spec_guidance_strength"": 1.1763529851080143, ""oscillator.student_t_nu"": 13.211504188464978, ""oscillator.tau_env"": 20.803744059501106, ""trust.alpha_R_max"": 2.8474637334304624, ""trust.beta_1"": 1.488310401014096, ""trust.beta_2"": 0.4380048034351526, ""trust.g_z_floor"": 0.24261490232032498, ""trust.gate_bias"": 0.6425910691887656, ""trust.w_gate_nis"": 0.21018811415475086}",0.395,0.34085305965657947,0.21500000000000002,0.007407803635366763,0.007407803635366763,0.0,0.0,0.005678321616229503,0.5430621020929379,0.3888362773624297,1.9222646660906064,0.10485213761385812,0.0,95.92435151663074,1.0,0.0,0.7902957247722837
2026-02-27T10:18:11.712337Z,profile1d_quadratic__robust_ossm_ekf,robust_ossm_ekf,16,1.0847043019862919,1.0847043019862919,pruned,5.038396835327148,subject_kfold,1,raw,debug_quantile,,/home/gongjae/Projects/resPyre/robust_ossm_ekf/profile1d_quadratic__robust_ossm_ekf/trials/trial_00016,824a414a3f567c85,/home/gongjae/Projects/resPyre/robust_ossm_ekf/profile1d_quadratic__robust_ossm_ekf/trials/trial_00016/trial_manifest.json,/home/gongjae/Projects/resPyre/robust_ossm_ekf/profile1d_quadratic__robust_ossm_ekf/trials/trial_00016/metrics_summary.json,"{""oscillator.g_z_eff_floor_ratio"": 0.5923653438061391, ""oscillator.post_smooth_alpha"": 0.7917819713745826, ""oscillator.qf"": 0.0015779122876478616, ""oscillator.qx"": 0.0005351672451106652, ""oscillator.rv"": 0.034383822958437324, ""oscillator.rv_auto"": false, ""oscillator.rv_mad_scale"": 0.9065275265402143, ""oscillator.spec_guidance_strength"": 1.031499601540233, ""oscillator.student_t_nu"": 4.540924167601764, ""oscillator.tau_env"": 71.48280020542168, ""trust.alpha_R_max"": 6.050566973395904, ""trust.beta_1"": 1.3167173150947948, ""trust.beta_2"": 0.878682810706078, ""trust.g_z_floor"": 0.4642125199653312, ""trust.gate_bias"": 0.35266775901753655, ""trust.w_gate_nis"": 0.20020154897570452}",0.37,0.34713899932470865,0.35,0.005809128630705394,0.005809128630705394,0.0,0.0,0.0,0.5749319268338384,0.4973437885205873,2.037935658983884,0.2007790353330384,0.0,96.34854771784232,1.0,0.0,nan
2026-02-27T10:27:25.391379Z,profile1d_quadratic__robust_ossm_ekf,robust_ossm_ekf,17,0.3446568969358153,0.3446568969358153,completed,553.5943741798401,subject_kfold,32,raw,,/home/gongjae/Projects/resPyre/robust_ossm_ekf/profile1d_quadratic__robust_ossm_ekf/trials/trial_00017/run_workspace/results/trial_00017,/home/gongjae/Projects/resPyre/robust_ossm_ekf/profile1d_quadratic__robust_ossm_ekf/trials/trial_00017,ba8dbc732da345c5,/home/gongjae/Projects/resPyre/robust_ossm_ekf/profile1d_quadratic__robust_ossm_ekf/trials/trial_00017/trial_manifest.json,/home/gongjae/Projects/resPyre/robust_ossm_ekf/profile1d_quadratic__robust_ossm_ekf/trials/trial_00017/metrics_summary.json,"{""oscillator.g_z_eff_floor_ratio"": 0.3388577237202218, ""oscillator.post_smooth_alpha"": 0.9293019764724995, ""oscillator.qf"": 0.0017521148831823423, ""oscillator.qx"": 0.004371857165879317, ""oscillator.rv"": 0.023351847798637002, ""oscillator.rv_auto"": false, ""oscillator.rv_mad_scale"": 0.8756823326092399, ""oscillator.spec_guidance_strength"": 0.7941289192159636, ""oscillator.student_t_nu"": 11.753719363797112, ""oscillator.tau_env"": 56.50227761740057, ""trust.alpha_R_max"": 3.432706260641422, ""trust.beta_1"": 0.653380133824956, ""trust.beta_2"": 0.744542552275868, ""trust.g_z_floor"": 0.3441900856184095, ""trust.gate_bias"": 0.4421109694288793, ""trust.w_gate_nis"": 0.07401748678072942}",0.44,0.36039455303450735,0.13,0.0008088218466900094,0.0,0.0,0.0,0.0010128468167718216,0.6322890979853828,0.367899339683233,1.6038978746335364,0.37056968166158233,0.0001290311744381626,94.57781456953643,1.0,0.0,0.25886063667683534
2026-02-27T10:37:09.441192Z,profile1d_quadratic__robust_ossm_ekf,robust_ossm_ekf,18,2.659474699051775,2.659474699051775,completed,583.926753282547,subject_kfold,32,raw,,/home/gongjae/Projects/resPyre/robust_ossm_ekf/profile1d_quadratic__robust_ossm_ekf/trials/trial_00018/run_workspace/results/trial_00018,/home/gongjae/Projects/resPyre/robust_ossm_ekf/profile1d_quadratic__robust_ossm_ekf/trials/trial_00018,a51e5d8e94ed9d09,/home/gongjae/Projects/resPyre/robust_ossm_ekf/profile1d_quadratic__robust_ossm_ekf/trials/trial_00018/trial_manifest.json,/home/gongjae/Projects/resPyre/robust_ossm_ekf/profile1d_quadratic__robust_ossm_ekf/trials/trial_00018/metrics_summary.json,"{""oscillator.g_z_eff_floor_ratio"": 0.47275852363493015, ""oscillator.post_smooth_alpha"": 0.6798537801738319, ""oscillator.qf"": 0.00036580492382955144, ""oscillator.qx"": 0.0011767354036065249, ""oscillator.rv"": 0.00865107828289298, ""oscillator.rv_auto"": true, ""oscillator.rv_mad_scale"": 1.0201702522968463, ""oscillator.spec_guidance_strength"": 0.6054758522459492, ""oscillator.student_t_nu"": 11.469929084084718, ""oscillator.tau_env"": 47.156649522849825, ""trust.alpha_R_max"": 6.879260397312673, ""trust.beta_1"": 0.6068498932854685, ""trust.beta_2"": 0.6938630020935999, ""trust.g_z_floor"": 0.42674110017519773, ""trust.gate_bias"": 0.5314635487790674, ""trust.w_gate_nis"": 0.27084769742794157}",0.55,0.3733922167789208,0.585,0.05902284935014333,0.05902284935014333,0.0,0.0,0.0016038907284768211,0.585873705138146,0.34650910271789714,1.7085814824713714,0.1949695629804747,0.0,78.98430884974529,1.0,0.0,17.187189465152297
2026-02-27T10:46:25.064022Z,profile1d_quadratic__robust_ossm_ekf,robust_ossm_ekf,19,2.376989319762976,2.376989319762976,completed,555.5086348056793,subject_kfold,32,raw,,/home/gongjae/Projects/resPyre/robust_ossm_ekf/profile1d_quadratic__robust_ossm_ekf/trials/trial_00019/run_workspace/results/trial_00019,/home/gongjae/Projects/resPyre/robust_ossm_ekf/profile1d_quadratic__robust_ossm_ekf/trials/trial_00019,8f8f4d29435370dd,/home/gongjae/Projects/resPyre/robust_ossm_ekf/profile1d_quadratic__robust_ossm_ekf/trials/trial_00019/trial_manifest.json,/home/gongjae/Projects/resPyre/robust_ossm_ekf/profile1d_quadratic__robust_ossm_ekf/trials/trial_00019/metrics_summary.json,"{""oscillator.g_z_eff_floor_ratio"": 0.507107876864038, ""oscillator.post_smooth_alpha"": 0.9093126445895161, ""oscillator.qf"": 0.00031623804327962423, ""oscillator.qx"": 0.0014899612610164577, ""oscillator.rv"": 0.04232227162914432, ""oscillator.rv_auto"": true, ""oscillator.rv_mad_scale"": 0.7718745130679334, ""oscillator.spec_guidance_strength"": 0.8158194138692754, ""oscillator.student_t_nu"": 13.589132561457175, ""oscillator.tau_env"": 21.31823865760379, ""trust.alpha_R_max"": 5.300986883588656, ""trust.beta_1"": 0.7406237520779304, ""trust.beta_2"": 0.28895200608477295, ""trust.g_z_floor"": 0.42156816521502816, ""trust.gate_bias"": 0.48559786564718266, ""trust.w_gate_nis"": 0.15759473028419219}",0.535,0.39888975404272486,0.5449999999999999,0.019753568140664916,0.019753568140664916,0.0,0.0,0.0,0.5922123227866817,0.35245527234731033,1.5706082473879404,0.21052695651303038,0.0,80.11132612902524,1.0,0.0,15.177864373704338
2026-02-27T10:55:31.920386Z,profile1d_quadratic__robust_ossm_ekf,robust_ossm_ekf,20,0.5211528603029203,0.5211528603029203,completed,546.7549111843109,subject_kfold,32,raw,,/home/gongjae/Projects/resPyre/robust_ossm_ekf/profile1d_quadratic__robust_ossm_ekf/trials/trial_00020/run_workspace/results/trial_00020,/home/gongjae/Projects/resPyre/robust_ossm_ekf/profile1d_quadratic__robust_ossm_ekf/trials/trial_00020,17a07ea2c3ecf6a8,/home/gongjae/Projects/resPyre/robust_ossm_ekf/profile1d_quadratic__robust_ossm_ekf/trials/trial_00020/trial_manifest.json,/home/gongjae/Projects/resPyre/robust_ossm_ekf/profile1d_quadratic__robust_ossm_ekf/trials/trial_00020/metrics_summary.json,"{""oscillator.g_z_eff_floor_ratio"": 0.18185629946109094, ""oscillator.post_smooth_alpha"": 0.7516894804955491, ""oscillator.qf"": 0.003761185498845053, ""oscillator.qx"": 0.0011873424394261477, ""oscillator.rv"": 0.03375079169111926, ""oscillator.rv_auto"": false, ""oscillator.rv_mad_scale"": 0.8381644512521501, ""oscillator.spec_guidance_strength"": 1.07489710470141, ""oscillator.student_t_nu"": 3.280423679643781, ""oscillator.tau_env"": 27.507159921759857, ""trust.alpha_R_max"": 5.929113128459032, ""trust.beta_1"": 1.5646969423726182, ""trust.beta_2"": 0.6277486514636827, ""trust.g_z_floor"": 0.19891877813347159, ""trust.gate_bias"": 0.6741406082697725, ""trust.w_gate_nis"": 0.3145402126012977}",0.42,0.35165257319904797,0.275,0.03790322580645161,0.0,0.03790322580645161,0.0,0.04961076297735248,0.48540243327713645,0.2974427294283064,2.0834091920624074,1.0714219516585621,0.00799183605778343,95.32671629445824,1.0,0.0,1.8324022704498093
2026-02-27T11:04:40.093644Z,profile1d_quadratic__robust_ossm_ekf,robust_ossm_ekf,21,0.474691346803551,0.474691346803551,completed,548.0352337360382,subject_kfold,32,raw,,/home/gongjae/Projects/resPyre/robust_ossm_ekf/profile1d_quadratic__robust_ossm_ekf/trials/trial_00021/run_workspace/results/trial_00021,/home/gongjae/Projects/resPyre/robust_ossm_ekf/profile1d_quadratic__robust_ossm_ekf/trials/trial_00021,1ce7ae421726ece3,/home/gongjae/Projects/resPyre/robust_ossm_ekf/profile1d_quadratic__robust_ossm_ekf/trials/trial_00021/trial_manifest.json,/home/gongjae/Projects/resPyre/robust_ossm_ekf/profile1d_quadratic__robust_ossm_ekf/trials/trial_00021/metrics_summary.json,"{""oscillator.g_z_eff_floor_ratio"": 0.3969311519200458, ""oscillator.post_smooth_alpha"": 0.9333822038216686, ""oscillator.qf"": 0.0021755451051349403, ""oscillator.qx"": 0.004141927693153066, ""oscillator.rv"": 0.030064357693575794, ""oscillator.rv_auto"": false, ""oscillator.rv_mad_scale"": 0.8730321618740586, ""oscillator.spec_guidance_strength"": 0.8499789219789045, ""oscillator.student_t_nu"": 10.671819965256754, ""oscillator.tau_env"": 64.69711519053686, ""trust.alpha_R_max"": 3.4922913729386154, ""trust.beta_1"": 0.711178151484863, ""trust.beta_2"": 0.7120958819526962, ""trust.g_z_floor"": 0.39030806180041144, ""trust.gate_bias"": 0.42195239201418866, ""trust.w_gate_nis"": 0.07577511000621298}",0.455,0.35933019285171214,0.25,0.002402204144864349,0.0,0.0,0.0,0.0017867630206672717,0.582365080625721,0.3518264339966761,1.7432953284723836,0.41241998467085583,0.0006404959056864007,95.879602214387,1.0,0.0,0.8030670074024744
2026-02-27T11:13:51.505491Z,profile1d_quadratic__robust_ossm_ekf,robust_ossm_ekf,22,0.4245523189517905,0.4245523189517905,completed,551.3001112937927,subject_kfold,32,raw,,/home/gongjae/Projects/resPyre/robust_ossm_ekf/profile1d_quadratic__robust_ossm_ekf/trials/trial_00022/run_workspace/results/trial_00022,/home/gongjae/Projects/resPyre/robust_ossm_ekf/profile1d_quadratic__robust_ossm_ekf/trials/trial_00022,577b7b942fef9472,/home/gongjae/Projects/resPyre/robust_ossm_ekf/profile1d_quadratic__robust_ossm_ekf/trials/trial_00022/trial_manifest.json,/home/gongjae/Projects/resPyre/robust_ossm_ekf/profile1d_quadratic__robust_ossm_ekf/trials/trial_00022/metrics_summary.json,"{""oscillator.g_z_eff_floor_ratio"": 0.2625994863099943, ""oscillator.post_smooth_alpha"": 0.8664487430085819, ""oscillator.qf"": 0.001789307642278519, ""oscillator.qx"": 0.0007576861519689324, ""oscillator.rv"": 0.02029933461426165, ""oscillator.rv_auto"": true, ""oscillator.rv_mad_scale"": 0.9691380519597689, ""oscillator.spec_guidance_strength"": 0.9355822341621804, ""oscillator.student_t_nu"": 9.0111816231246, ""oscillator.tau_env"": 27.460591028642575, ""trust.alpha_R_max"": 5.717307281836157, ""trust.beta_1"": 1.2687536278341447, ""trust.beta_2"": 0.41552965048082974, ""trust.g_z_floor"": 0.1509603588809293, ""trust.gate_bias"": 0.22272478425844505, ""trust.w_gate_nis"": 0.3451927852650405}",0.42,0.31722426138005666,0.15000000000000002,0.01500604181990123,0.0016535761403796594,0.0,0.0,0.004976190259154042,0.6622660709940411,0.3751333744201355,1.7064824565803023,0.13519732791109057,0.0,97.4186406358451,1.0,0.0,0.729605344177819
2026-02-27T11:13:57.266159Z,profile1d_quadratic__robust_ossm_ekf,robust_ossm_ekf,23,1.0471117172129447,1.0471117172129447,pruned,5.645403861999512,subject_kfold,1,raw,debug_quantile,,/home/gongjae/Projects/resPyre/robust_ossm_ekf/profile1d_quadratic__robust_ossm_ekf/trials/trial_00023,52cc767e9c86d984,/home/gongjae/Projects/resPyre/robust_ossm_ekf/profile1d_quadratic__robust_ossm_ekf/trials/trial_00023/trial_manifest.json,/home/gongjae/Projects/resPyre/robust_ossm_ekf/profile1d_quadratic__robust_ossm_ekf/trials/trial_00023/metrics_summary.json,"{""oscillator.g_z_eff_floor_ratio"": 0.4588712425315522, ""oscillator.post_smooth_alpha"": 0.7337978526217034, ""oscillator.qf"": 0.0014458877279871867, ""oscillator.qx"": 0.0009687447202399799, ""oscillator.rv"": 0.03690657467508413, ""oscillator.rv_auto"": false, ""oscillator.rv_mad_scale"": 0.7979938975119875, ""oscillator.spec_guidance_strength"": 1.1801404093835604, ""oscillator.student_t_nu"": 5.570154823349749, ""oscillator.tau_env"": 41.02238934642555, ""trust.alpha_R_max"": 6.884033451329057, ""trust.beta_1"": 1.2920844181513569, ""trust.beta_2"": 1.002497361605926, ""trust.g_z_floor"": 0.10006523090996126, ""trust.gate_bias"": 0.6595044239819895, ""trust.w_gate_nis"": 0.4201306013610832}",0.37,0.34219654592981796,0.34,0.011618257261410789,0.011618257261410789,0.0,0.0,0.0,0.5069575997433322,0.42521617375423604,2.1138294817984544,0.16222979487324513,0.0,96.09958506224066,1.0,0.0,nan
2026-02-27T11:23:52.395930Z,profile1d_quadratic__robust_ossm_ekf,robust_ossm_ekf,24,2.7146306058668817,2.7146306058668817,completed,595.0248913764954,subject_kfold,32,raw,,/home/gongjae/Projects/resPyre/robust_ossm_ekf/profile1d_quadratic__robust_ossm_ekf/trials/trial_00024/run_workspace/results/trial_00024,/home/gongjae/Projects/resPyre/robust_ossm_ekf/profile1d_quadratic__robust_ossm_ekf/trials/trial_00024,910c273986e78580,/home/gongjae/Projects/resPyre/robust_ossm_ekf/profile1d_quadratic__robust_ossm_ekf/trials/trial_00024/trial_manifest.json,/home/gongjae/Projects/resPyre/robust_ossm_ekf/profile1d_quadratic__robust_ossm_ekf/trials/trial_00024/metrics_summary.json,"{""oscillator.g_z_eff_floor_ratio"": 0.290631834919721, ""oscillator.post_smooth_alpha"": 0.8144933240304546, ""oscillator.qf"": 0.0026114355437814583, ""oscillator.qx"": 0.000761852525438881, ""oscillator.rv"": 0.04225535665877704, ""oscillator.rv_auto"": true, ""oscillator.rv_mad_scale"": 0.9374801599952562, ""oscillator.spec_guidance_strength"": 0.8627225423978441, ""oscillator.student_t_nu"": 7.946019728014745, ""oscillator.tau_env"": 26.84529216777831, ""trust.alpha_R_max"": 6.030069523318074, ""trust.beta_1"": 1.300218413074142, ""trust.beta_2"": 0.4144814603500727, ""trust.g_z_floor"": 0.3109197412691985, ""trust.gate_bias"": 0.23594391396722594, ""trust.w_gate_nis"": 0.2684677614632734}",0.53,0.38504339937096743,0.6,0.023730814639905548,0.009728643850727477,0.014239218877135883,0.0,0.034229715049859256,0.6285767877934554,0.31899231014021256,1.8592500843520383,0.18260171000061992,0.0,95.9914859437751,1.0,0.0,17.722328879740363
2026-02-27T11:33:07.947429Z,profile1d_quadratic__robust_ossm_ekf,robust_ossm_ekf,25,0.45711041087798854,0.45711041087798854,completed,555.4121072292328,subject_kfold,32,raw,,/home/gongjae/Projects/resPyre/robust_ossm_ekf/profile1d_quadratic__robust_ossm_ekf/trials/trial_00025/run_workspace/results/trial_00025,/home/gongjae/Projects/resPyre/robust_ossm_ekf/profile1d_quadratic__robust_ossm_ekf/trials/trial_00025,bcae0f1ba31b6c09,/home/gongjae/Projects/resPyre/robust_ossm_ekf/profile1d_quadratic__robust_ossm_ekf/trials/trial_00025/trial_manifest.json,/home/gongjae/Projects/resPyre/robust_ossm_ekf/profile1d_quadratic__robust_ossm_ekf/trials/trial_00025/metrics_summary.json,"{""oscillator.g_z_eff_floor_ratio"": 0.2539167881358729, ""oscillator.post_smooth_alpha"": 0.7599401788318353, ""oscillator.qf"": 0.0017283741386264334, ""oscillator.qx"": 0.0019576551324162763, ""oscillator.rv"": 0.014238018676663364, ""oscillator.rv_auto"": true, ""oscillator.rv_mad_scale"": 1.0022525480239135, ""oscillator.spec_guidance_strength"": 1.054359350780893, ""oscillator.student_t_nu"": 9.974240912705199, ""oscillator.tau_env"": 25.146093712991586, ""trust.alpha_R_max"": 4.116605339989462, ""trust.beta_1"": 1.5432482565458554, ""trust.beta_2"": 0.6140828944634831, ""trust.g_z_floor"": 0.18423177331071194, ""trust.gate_bias"": 0.23943563674871332, ""trust.w_gate_nis"": 0.428705762677937}",0.39,0.3256221373746334,0.22,0.023317307692307693,0.012696554950925781,0.0,0.0,0.0194933223250827,0.6085662429027382,0.3465010103683922,2.0974454441724766,0.12030238010952365,0.0,97.68307462666128,1.0,0.0,0.808117961867191
2026-02-27T11:33:13.009482Z,profile1d_quadratic__robust_ossm_ekf,robust_ossm_ekf,26,1.0446197658394274,1.0446197658394274,pruned,4.955248594284058,subject_kfold,1,raw,debug_quantile,,/home/gongjae/Projects/resPyre/robust_ossm_ekf/profile1d_quadratic__robust_ossm_ekf/trials/trial_00026,e82f550ba62f1bee,/home/gongjae/Projects/resPyre/robust_ossm_ekf/profile1d_quadratic__robust_ossm_ekf/trials/trial_00026/trial_manifest.json,/home/gongjae/Projects/resPyre/robust_ossm_ekf/profile1d_quadratic__robust_ossm_ekf/trials/trial_00026/metrics_summary.json,"{""oscillator.g_z_eff_floor_ratio"": 0.23494555719082794, ""oscillator.post_smooth_alpha"": 0.622411429024031, ""oscillator.qf"": 0.003580448704536201, ""oscillator.qx"": 0.0013875217148497595, ""oscillator.rv"": 0.04972923262960177, ""oscillator.rv_auto"": false, ""oscillator.rv_mad_scale"": 0.6674636399414078, ""oscillator.spec_guidance_strength"": 0.9272030404336642, ""oscillator.student_t_nu"": 4.501057932241771, ""oscillator.tau_env"": 46.318873704828675, ""trust.alpha_R_max"": 6.4199687863819, ""trust.beta_1"": 1.187907708688997, ""trust.beta_2"": 0.6665719514714332, ""trust.g_z_floor"": 0.28898452761232074, ""trust.gate_bias"": 0.4949454906774329, ""trust.w_gate_nis"": 0.415226550617086}",0.36,0.3412822314812175,0.34,0.006639004149377593,0.006639004149377593,0.0,0.0,0.0,0.5455450038015914,0.44552095840154793,1.8617190493382392,0.10904515230955818,0.0,98.83817427385893,1.0,0.0,nan
2026-02-27T11:42:37.554851Z,profile1d_quadratic__robust_ossm_ekf,robust_ossm_ekf,27,0.4434661626823677,0.4434661626823677,completed,564.4474370479584,subject_kfold,32,raw,,/home/gongjae/Projects/resPyre/robust_ossm_ekf/profile1d_quadratic__robust_ossm_ekf/trials/trial_00027/run_workspace/results/trial_00027,/home/gongjae/Projects/resPyre/robust_ossm_ekf/profile1d_quadratic__robust_ossm_ekf/trials/trial_00027,7f6841d35060769c,/home/gongjae/Projects/resPyre/robust_ossm_ekf/profile1d_quadratic__robust_ossm_ekf/trials/trial_00027/trial_manifest.json,/home/gongjae/Projects/resPyre/robust_ossm_ekf/profile1d_quadratic__robust_ossm_ekf/trials/trial_00027/metrics_summary.json,"{""oscillator.g_z_eff_floor_ratio"": 0.2511329776300181, ""oscillator.post_smooth_alpha"": 0.9501917779708369, ""oscillator.qf"": 0.0037657225915942822, ""oscillator.qx"": 0.0007848001057567997, ""oscillator.rv"": 0.015529217111606484, ""oscillator.rv_auto"": true, ""oscillator.rv_mad_scale"": 1.021588817767806, ""oscillator.spec_guidance_strength"": 0.9327666999476117, ""oscillator.student_t_nu"": 4.754680269868127, ""oscillator.tau_env"": 22.665329362280787, ""trust.alpha_R_max"": 5.7796556311023135, ""trust.beta_1"": 1.3361755327040585, ""trust.beta_2"": 0.5006350085146631, ""trust.g_z_floor"": 0.17337913072488081, ""trust.gate_bias"": 0.2289327741224246, ""trust.w_gate_nis"": 0.37178121986769586}",0.435,0.3245794858111877,0.15500000000000003,0.02317024907016362,0.0012396694214876034,0.018931594600777854,0.0,0.02902554273252148,0.658961844828668,0.37574110203918054,1.7623111859012308,0.13099750102156582,0.0,98.86743826345747,1.0,0.0,0.7380049979568684
2026-02-27T11:52:26.339953Z,profile1d_quadratic__robust_ossm_ekf,robust_ossm_ekf,28,2.5423477401533847,2.5423477401533847,pruned,588.6711902618408,subject_kfold,32,raw,full_objective,/home/gongjae/Projects/resPyre/robust_ossm_ekf/profile1d_quadratic__robust_ossm_ekf/trials/trial_00028/run_workspace/results/trial_00028,/home/gongjae/Projects/resPyre/robust_ossm_ekf/profile1d_quadratic__robust_ossm_ekf/trials/trial_00028,aff983253163345e,/home/gongjae/Projects/resPyre/robust_ossm_ekf/profile1d_quadratic__robust_ossm_ekf/trials/trial_00028/trial_manifest.json,/home/gongjae/Projects/resPyre/robust_ossm_ekf/profile1d_quadratic__robust_ossm_ekf/trials/trial_00028/metrics_summary.json,"{""oscillator.g_z_eff_floor_ratio"": 0.35649970572036044, ""oscillator.post_smooth_alpha"": 0.8081061126814393, ""oscillator.qf"": 0.004597346789110622, ""oscillator.qx"": 0.0006843637287019862, ""oscillator.rv"": 0.01116865838003117, ""oscillator.rv_auto"": true, ""oscillator.rv_mad_scale"": 0.8857361595639794, ""oscillator.spec_guidance_strength"": 0.9456991570499276, ""oscillator.student_t_nu"": 11.844323689980786, ""oscillator.tau_env"": 29.114968425562097, ""trust.alpha_R_max"": 6.503954024752191, ""trust.beta_1"": 1.1364623369760798, ""trust.beta_2"": 0.49285759732995066, ""trust.g_z_floor"": 0.12286903093360246, ""trust.gate_bias"": 0.22355441789447758, ""trust.w_gate_nis"": 0.35014572262247246}",0.535,0.36570065667013857,0.5700000000000001,0.17149958574979288,0.007329712280254641,0.1584219368498573,0.0,0.10111649364369947,0.6298995898528998,0.33778790852371915,1.8461164626321955,0.23567353035078434,0.0,97.50089032264773,1.0,0.0,16.255558624052956
2026-02-27T11:52:32.332647Z,profile1d_quadratic__robust_ossm_ekf,robust_ossm_ekf,29,0.9737395896391277,0.9737395896391277,pruned,5.8695714473724365,subject_kfold,1,raw,debug_stage,,/home/gongjae/Projects/resPyre/robust_ossm_ekf/profile1d_quadratic__robust_ossm_ekf/trials/trial_00029,d4fb7f2e22791e06,/home/gongjae/Projects/resPyre/robust_ossm_ekf/profile1d_quadratic__robust_ossm_ekf/trials/trial_00029/trial_manifest.json,/home/gongjae/Projects/resPyre/robust_ossm_ekf/profile1d_quadratic__robust_ossm_ekf/trials/trial_00029/metrics_summary.json,"{""oscillator.g_z_eff_floor_ratio"": 0.37690761546954743, ""oscillator.post_smooth_alpha"": 0.7494459032826071, ""oscillator.qf"": 0.003222669360517665, ""oscillator.qx"": 0.0012979024553854573, ""oscillator.rv"": 0.04173688049332451, ""oscillator.rv_auto"": true, ""oscillator.rv_mad_scale"": 0.6923751456236682, ""oscillator.spec_guidance_strength"": 1.1551856930977351, ""oscillator.student_t_nu"": 5.337817070146636, ""oscillator.tau_env"": 24.08141924552982, ""trust.alpha_R_max"": 6.368962619256819, ""trust.beta_1"": 1.3917083985237195, ""trust.beta_2"": 0.7705376367558567, ""trust.g_z_floor"": 0.2884546292582311, ""trust.gate_bias"": 0.51260581077467, ""trust.w_gate_nis"": 0.43175376938539645}",0.35,0.3354958104639075,0.32,0.07302904564315353,0.07302904564315353,0.0,0.0,0.0,0.54899926433906,0.4498156099477082,1.9860937380860986,0.02487676567056966,0.0,99.41908713692946,1.0,0.0,nan
2026-02-27T11:52:37.963980Z,profile1d_quadratic__robust_ossm_ekf,robust_ossm_ekf,30,1.0379466433727924,1.0379466433727924,pruned,5.520768880844116,subject_kfold,1,raw,debug_quantile,,/home/gongjae/Projects/resPyre/robust_ossm_ekf/profile1d_quadratic__robust_ossm_ekf/trials/trial_00030,f429808491bc7236,/home/gongjae/Projects/resPyre/robust_ossm_ekf/profile1d_quadratic__robust_ossm_ekf/trials/trial_00030/trial_manifest.json,/home/gongjae/Projects/resPyre/robust_ossm_ekf/profile1d_quadratic__robust_ossm_ekf/trials/trial_00030/metrics_summary.json,"{""oscillator.g_z_eff_floor_ratio"": 0.21477939587768996, ""oscillator.post_smooth_alpha"": 0.9632623813068482, ""oscillator.qf"": 0.004038012514968861, ""oscillator.qx"": 0.001923416762623634, ""oscillator.rv"": 0.01598588710788628, ""oscillator.rv_auto"": false, ""oscillator.rv_mad_scale"": 1.0208856072168968, ""oscillator.spec_guidance_strength"": 0.6862640498746656, ""oscillator.student_t_nu"": 10.210418797421175, ""oscillator.tau_env"": 58.975664234954344, ""trust.alpha_R_max"": 4.028626158767195, ""trust.beta_1"": 0.5754798429753416, ""trust.beta_2"": 0.8603757329577504, ""trust.g_z_floor"": 0.2261507859467825, ""trust.gate_bias"": 0.3731731729956161, ""trust.w_gate_nis"": 0.1582786826513536}",0.36,0.3348535400210683,0.34,0.0016597510373443983,0.0,0.0016597510373443983,0.0,0.0,0.5749523870205364,0.4701517923772947,1.8254749897596783,0.12062731933615363,0.0,98.7551867219917,1.0,0.0,nan
2026-02-27T12:02:30.020672Z,profile1d_quadratic__robust_ossm_ekf,robust_ossm_ekf,31,0.6568154947647579,0.6568154947647579,pruned,591.9548304080963,subject_kfold,32,raw,full_objective,/home/gongjae/Projects/resPyre/robust_ossm_ekf/profile1d_quadratic__robust_ossm_ekf/trials/trial_00031/run_workspace/results/trial_00031,/home/gongjae/Projects/resPyre/robust_ossm_ekf/profile1d_quadratic__robust_ossm_ekf/trials/trial_00031,48daca823bdca4f0,/home/gongjae/Projects/resPyre/robust_ossm_ekf/profile1d_quadratic__robust_ossm_ekf/trials/trial_00031/trial_manifest.json,/home/gongjae/Projects/resPyre/robust_ossm_ekf/profile1d_quadratic__robust_ossm_ekf/trials/trial_00031/metrics_summary.json,"{""oscillator.g_z_eff_floor_ratio"": 0.25438778966121306, ""oscillator.post_smooth_alpha"": 0.8826883507117345, ""oscillator.qf"": 0.0005964357758386327, ""oscillator.qx"": 0.0008321569814689487, ""oscillator.rv"": 0.018938584478647248, ""oscillator.rv_auto"": true, ""oscillator.rv_mad_scale"": 0.9235577872445648, ""oscillator.spec_guidance_strength"": 0.7771836885043286, ""oscillator.student_t_nu"": 7.565817143512206, ""oscillator.tau_env"": 39.86658104655322, ""trust.alpha_R_max"": 6.731867969332561, ""trust.beta_1"": 1.5357174607483892, ""trust.beta_2"": 0.21846184179782024, ""trust.g_z_floor"": 0.11435782030306939, ""trust.gate_bias"": 0.3771785990099444, ""trust.w_gate_nis"": 0.3282027261903588}",0.435,0.3423172837566457,0.265,0.03464933089826664,0.03220596662106412,0.0,0.0,0.003992628992628993,0.5860922120587178,0.3188561971926257,1.8296484579060202,0.14740716558465597,0.0,91.12673331007719,1.0,0.0,2.0307670641795257
2026-02-27T12:12:13.160066Z,profile1d_quadratic__robust_ossm_ekf,robust_ossm_ekf,32,0.44307771600015056,0.44307771600015056,completed,583.0207953453064,subject_kfold,32,raw,,/home/gongjae/Projects/resPyre/robust_ossm_ekf/profile1d_quadratic__robust_ossm_ekf/trials/trial_00032/run_workspace/results/trial_00032,/home/gongjae/Projects/resPyre/robust_ossm_ekf/profile1d_quadratic__robust_ossm_ekf/trials/trial_00032,3a06070aad01f358,/home/gongjae/Projects/resPyre/robust_ossm_ekf/profile1d_quadratic__robust_ossm_ekf/trials/trial_00032/trial_manifest.json,/home/gongjae/Projects/resPyre/robust_ossm_ekf/profile1d_quadratic__robust_ossm_ekf/trials/trial_00032/metrics_summary.json,"{""oscillator.g_z_eff_floor_ratio"": 0.28112490613317, ""oscillator.post_smooth_alpha"": 0.8050401455052624, ""oscillator.qf"": 0.0003163102846640708, ""oscillator.qx"": 0.0005478039731383546, ""oscillator.rv"": 0.009507999588626276, ""oscillator.rv_auto"": true, ""oscillator.rv_mad_scale"": 1.0886486054405111, ""oscillator.spec_guidance_strength"": 0.8296529931680539, ""oscillator.student_t_nu"": 10.244749585084211, ""oscillator.tau_env"": 44.359584193232436, ""trust.alpha_R_max"": 5.881515392894688, ""trust.beta_1"": 1.0318103342992484, ""trust.beta_2"": 0.36887337433352985, ""trust.g_z_floor"": 0.16591081466068658, ""trust.gate_bias"": 0.23452547337623608, ""trust.w_gate_nis"": 0.26298111059743917}",0.435,0.3208725018242154,0.19,0.035645423978144374,0.035645423978144374,0.0,0.0,0.0,0.6617695035391541,0.3537184308735155,1.607628298018367,0.1568141413554806,0.0,88.38333709301452,1.0,0.0,0.6863717172890387
2026-02-27T12:12:18.344105Z,profile1d_quadratic__robust_ossm_ekf,robust_ossm_ekf,33,1.0519857797154342,1.0519857797154342,pruned,5.060173511505127,subject_kfold,1,raw,debug_quantile,,/home/gongjae/Projects/resPyre/robust_ossm_ekf/profile1d_quadratic__robust_ossm_ekf/trials/trial_00033,e9115c6d66d92ca5,/home/gongjae/Projects/resPyre/robust_ossm_ekf/profile1d_quadratic__robust_ossm_ekf/trials/trial_00033/trial_manifest.json,/home/gongjae/Projects/resPyre/robust_ossm_ekf/profile1d_quadratic__robust_ossm_ekf/trials/trial_00033/metrics_summary.json,"{""oscillator.g_z_eff_floor_ratio"": 0.3341653260433032, ""oscillator.post_smooth_alpha"": 0.910298186560118, ""oscillator.qf"": 0.004898890953366039, ""oscillator.qx"": 0.003448059155580259, ""oscillator.rv"": 0.017799296009943774, ""oscillator.rv_auto"": false, ""oscillator.rv_mad_scale"": 0.7962101012099609, ""oscillator.spec_guidance_strength"": 0.7703266729865288, ""oscillator.student_t_nu"": 11.853486988840856, ""oscillator.tau_env"": 37.86021638787085, ""trust.alpha_R_max"": 4.286860113289774, ""trust.beta_1"": 0.6268511963145129, ""trust.beta_2"": 0.8479286395854086, ""trust.g_z_floor"": 0.350731381176929, ""trust.gate_bias"": 0.6329950680837481, ""trust.w_gate_nis"": 0.15057086699687666}",0.36,0.33074177593272575,0.34,0.009128630705394191,0.009128630705394191,0.0,0.0,0.0,0.5238451910407714,0.42967189657876753,1.8310550060180748,0.08634441759907008,0.0,99.33609958506224,1.0,0.0,nan
2026-02-27T12:21:27.409604Z,profile1d_quadratic__robust_ossm_ekf,robust_ossm_ekf,34,2.8467694426433803,2.8467694426433803,pruned,548.9680032730103,subject_kfold,32,raw,full_objective,/home/gongjae/Projects/resPyre/robust_ossm_ekf/profile1d_quadratic__robust_ossm_ekf/trials/trial_00034/run_workspace/results/trial_00034,/home/gongjae/Projects/resPyre/robust_ossm_ekf/profile1d_quadratic__robust_ossm_ekf/trials/trial_00034,a0eaa0effcad0360,/home/gongjae/Projects/resPyre/robust_ossm_ekf/profile1d_quadratic__robust_ossm_ekf/trials/trial_00034/trial_manifest.json,/home/gongjae/Projects/resPyre/robust_ossm_ekf/profile1d_quadratic__robust_ossm_ekf/trials/trial_00034/metrics_summary.json,"{""oscillator.g_z_eff_floor_ratio"": 0.3682996849372806, ""oscillator.post_smooth_alpha"": 0.8682783461127971, ""oscillator.qf"": 0.0011590716994103129, ""oscillator.qx"": 0.0004301256778597205, ""oscillator.rv"": 0.024465015133836948, ""oscillator.rv_auto"": true, ""oscillator.rv_mad_scale"": 1.0966708773693756, ""oscillator.spec_guidance_strength"": 0.8730550933600851, ""oscillator.student_t_nu"": 10.200757193594322, ""oscillator.tau_env"": 21.494289015427775, ""trust.alpha_R_max"": 5.545060602160084, ""trust.beta_1"": 1.0757078002751175, ""trust.beta_2"": 0.4184016563278995, ""trust.g_z_floor"": 0.12819096075639963, ""trust.gate_bias"": 0.27238135239545747, ""trust.w_gate_nis"": 0.4328763891056969}",0.55,0.3818282510786729,0.62,0.03200532306517211,0.02367701946147694,0.0008116883116883117,0.0,0.0008163265306122449,0.6143728664989083,0.3171623797810821,1.765144549243755,0.20906196351979456,0.0,90.73339557473,1.0,0.0,18.738529819730438
2026-02-27T12:30:39.560732Z,profile1d_quadratic__robust_ossm_ekf,robust_ossm_ekf,35,0.6918184650230305,0.6918184650230305,pruned,552.0180995464325,subject_kfold,32,raw,full_objective,/home/gongjae/Projects/resPyre/robust_ossm_ekf/profile1d_quadratic__robust_ossm_ekf/trials/trial_00035/run_workspace/results/trial_00035,/home/gongjae/Projects/resPyre/robust_ossm_ekf/profile1d_quadratic__robust_ossm_ekf/trials/trial_00035,5a5201e7d2146cc0,/home/gongjae/Projects/resPyre/robust_ossm_ekf/profile1d_quadratic__robust_ossm_ekf/trials/trial_00035/trial_manifest.json,/home/gongjae/Projects/resPyre/robust_ossm_ekf/profile1d_quadratic__robust_ossm_ekf/trials/trial_00035/metrics_summary.json,"{""oscillator.g_z_eff_floor_ratio"": 0.37085141578795683, ""oscillator.post_smooth_alpha"": 0.8972704483963618, ""oscillator.qf"": 0.0007210383444751218, ""oscillator.qx"": 0.00048009437147545833, ""oscillator.rv"": 0.017675340074887552, ""oscillator.rv_auto"": true, ""oscillator.rv_mad_scale"": 0.919390236218823, ""oscillator.spec_guidance_strength"": 1.0252358118885048, ""oscillator.student_t_nu"": 7.558859116715739, ""oscillator.tau_env"": 48.9583189474457, ""trust.alpha_R_max"": 6.978492453587141, ""trust.beta_1"": 0.9835717624984244, ""trust.beta_2"": 0.5958561439148448, ""trust.g_z_floor"": 0.13969054425534821, ""trust.gate_bias"": 0.40805601115085927, ""trust.w_gate_nis"": 0.13052759689230511}",0.41500000000000004,0.3280698829938996,0.275,0.0289872268280505,0.023234526235354047,0.0,0.0,0.02724072949147967,0.5854072352161739,0.3442261761777059,1.8662946617355474,0.16159579681790795,0.0,93.75684312038297,1.0,0.0,2.4675060807827895
2026-02-27T12:39:46.953096Z,profile1d_quadratic__robust_ossm_ekf,robust_ossm_ekf,36,0.825231018524559,0.825231018524559,pruned,547.2770972251892,subject_kfold,32,raw,full_objective,/home/gongjae/Projects/resPyre/robust_ossm_ekf/profile1d_quadratic__robust_ossm_ekf/trials/trial_00036/run_workspace/results/trial_00036,/home/gongjae/Projects/resPyre/robust_ossm_ekf/profile1d_quadratic__robust_ossm_ekf/trials/trial_00036,47ab14244627cbe8,/home/gongjae/Projects/resPyre/robust_ossm_ekf/profile1d_quadratic__robust_ossm_ekf/trials/trial_00036/trial_manifest.json,/home/gongjae/Projects/resPyre/robust_ossm_ekf/profile1d_quadratic__robust_ossm_ekf/trials/trial_00036/metrics_summary.json,"{""oscillator.g_z_eff_floor_ratio"": 0.2742946898892295, ""oscillator.post_smooth_alpha"": 0.9557249291423356, ""oscillator.qf"": 0.0014085349471256922, ""oscillator.qx"": 0.00235005342567049, ""oscillator.rv"": 0.028265510993878265, ""oscillator.rv_auto"": true, ""oscillator.rv_mad_scale"": 0.9741137988113472, ""oscillator.spec_guidance_strength"": 0.7410263832280907, ""oscillator.student_t_nu"": 12.947417816002847, ""oscillator.tau_env"": 53.055158767818554, ""trust.alpha_R_max"": 2.2189523524888606, ""trust.beta_1"": 0.6463549496124871, ""trust.beta_2"": 0.32435111077798123, ""trust.g_z_floor"": 0.3147071130472569, ""trust.gate_bias"": 0.4373539484025153, ""trust.w_gate_nis"": 0.11539636367244338}",0.44,0.3344709269550121,0.295,0.01129741485478851,0.005342338768438608,0.0,0.0,0.0005140789495094131,0.5834636757749923,0.3287693223025664,1.5384632424063307,0.12833256166006274,0.0,96.78443064080798,1.0,0.0,3.464265109238013
2026-02-27T12:39:52.083824Z,profile1d_quadratic__robust_ossm_ekf,robust_ossm_ekf,37,0.9887426865622677,0.9887426865622677,pruned,5.015424728393555,subject_kfold,1,raw,debug_stage,,/home/gongjae/Projects/resPyre/robust_ossm_ekf/profile1d_quadratic__robust_ossm_ekf/trials/trial_00037,25abdfadaa58d5a9,/home/gongjae/Projects/resPyre/robust_ossm_ekf/profile1d_quadratic__robust_ossm_ekf/trials/trial_00037/trial_manifest.json,/home/gongjae/Projects/resPyre/robust_ossm_ekf/profile1d_quadratic__robust_ossm_ekf/trials/trial_00037/metrics_summary.json,"{""oscillator.g_z_eff_floor_ratio"": 0.25950739921659205, ""oscillator.post_smooth_alpha"": 0.6493596158503894, ""oscillator.qf"": 0.0006973714021316046, ""oscillator.qx"": 0.0007607633019275287, ""oscillator.rv"": 0.05280017705007326, ""oscillator.rv_auto"": false, ""oscillator.rv_mad_scale"": 0.7358821762970775, ""oscillator.spec_guidance_strength"": 1.167125041141739, ""oscillator.student_t_nu"": 7.076087629216019, ""oscillator.tau_env"": 21.623027576744875, ""trust.alpha_R_max"": 5.933770055569834, ""trust.beta_1"": 1.5437433868363757, ""trust.beta_2"": 0.6279985348799294, ""trust.g_z_floor"": 0.16901257391398877, ""trust.gate_bias"": 0.4426099109590037, ""trust.w_gate_nis"": 0.4027147813149791}",0.37,0.3443923048046322,0.33,0.026556016597510373,0.026556016597510373,0.0,0.0,0.0,0.5541807857730687,0.4528654946296328,1.9321353809246136,0.13799079782013568,0.0,92.36514522821577,1.0,0.0,nan
2026-02-27T12:48:57.247475Z,profile1d_quadratic__robust_ossm_ekf,robust_ossm_ekf,38,1.184016955343533,1.184016955343533,pruned,545.070442199707,subject_kfold,32,raw,full_objective,/home/gongjae/Projects/resPyre/robust_ossm_ekf/profile1d_quadratic__robust_ossm_ekf/trials/trial_00038/run_workspace/results/trial_00038,/home/gongjae/Projects/resPyre/robust_ossm_ekf/profile1d_quadratic__robust_ossm_ekf/trials/trial_00038,47f9646872652cb6,/home/gongjae/Projects/resPyre/robust_ossm_ekf/profile1d_quadratic__robust_ossm_ekf/trials/trial_00038/trial_manifest.json,/home/gongjae/Projects/resPyre/robust_ossm_ekf/profile1d_quadratic__robust_ossm_ekf/trials/trial_00038/metrics_summary.json,"{""oscillator.g_z_eff_floor_ratio"": 0.23646048555945248, ""oscillator.post_smooth_alpha"": 0.9242139449300822, ""oscillator.qf"": 0.0008572844920225612, ""oscillator.qx"": 0.001546538570809881, ""oscillator.rv"": 0.01634029482249124, ""oscillator.rv_auto"": false, ""oscillator.rv_mad_scale"": 0.9402973353478967, ""oscillator.spec_guidance_strength"": 0.8392832370412298, ""oscillator.student_t_nu"": 7.507196659548027, ""oscillator.tau_env"": 30.177335704145328, ""trust.alpha_R_max"": 6.501811728154405, ""trust.beta_1"": 0.8545879119304223, ""trust.beta_2"": 0.40005067779727743, ""trust.g_z_floor"": 0.20707407828653862, ""trust.gate_bias"": 0.331399220379069, ""trust.w_gate_nis"": 0.38495028777088947}",0.52,0.37740547292073995,0.37,0.00827472214462174,0.0,0.0028602012845395067,0.0,0.0023652128052445197,0.5553028682395826,0.3028119634680472,1.6545005134844142,1.2058863401609783,0.005826319811767571,84.08513964109198,1.0,0.0,6.320413436692507
2026-02-27T12:59:11.331328Z,profile1d_quadratic__robust_ossm_ekf,robust_ossm_ekf,39,2.441447669691177,2.441447669691177,pruned,613.962671995163,subject_kfold,32,raw,full_objective,/home/gongjae/Projects/resPyre/robust_ossm_ekf/profile1d_quadratic__robust_ossm_ekf/trials/trial_00039/run_workspace/results/trial_00039,/home/gongjae/Projects/resPyre/robust_ossm_ekf/profile1d_quadratic__robust_ossm_ekf/trials/trial_00039,2275e3756449345e,/home/gongjae/Projects/resPyre/robust_ossm_ekf/profile1d_quadratic__robust_ossm_ekf/trials/trial_00039/trial_manifest.json,/home/gongjae/Projects/resPyre/robust_ossm_ekf/profile1d_quadratic__robust_ossm_ekf/trials/trial_00039/metrics_summary.json,"{""oscillator.g_z_eff_floor_ratio"": 0.3513009321668854, ""oscillator.post_smooth_alpha"": 0.9106453014323755, ""oscillator.qf"": 0.0005166013206227706, ""oscillator.qx"": 0.0006210185736784433, ""oscillator.rv"": 0.010611077868676108, ""oscillator.rv_auto"": true, ""oscillator.rv_mad_scale"": 0.864086610886519, ""oscillator.spec_guidance_strength"": 0.9899333111369949, ""oscillator.student_t_nu"": 9.169051732350532, ""oscillator.tau_env"": 37.179706815834415, ""trust.alpha_R_max"": 6.615682082456087, ""trust.beta_1"": 1.0759628910073755, ""trust.beta_2"": 0.29796395033975287, ""trust.g_z_floor"": 0.15001790268821577, ""trust.gate_bias"": 0.21841001539188373, ""trust.w_gate_nis"": 0.3514448687702233}",0.54,0.3957936850766417,0.555,0.037068636314678036,0.02857315444438839,0.0,0.0,0.00015256305939788446,0.6267739924089701,0.31449675281033496,1.699635226775996,0.23723768952194818,0.0,83.13075599271298,1.0,0.0,15.589478109328198
2026-02-27T12:59:16.762297Z,profile1d_quadratic__robust_ossm_ekf,robust_ossm_ekf,40,1.012050668474487,1.012050668474487,pruned,5.319049119949341,subject_kfold,1,raw,debug_stage,,/home/gongjae/Projects/resPyre/robust_ossm_ekf/profile1d_quadratic__robust_ossm_ekf/trials/trial_00040,f0860ac908338700,/home/gongjae/Projects/resPyre/robust_ossm_ekf/profile1d_quadratic__robust_ossm_ekf/trials/trial_00040/trial_manifest.json,/home/gongjae/Projects/resPyre/robust_ossm_ekf/profile1d_quadratic__robust_ossm_ekf/trials/trial_00040/metrics_summary.json,"{""oscillator.g_z_eff_floor_ratio"": 0.1909786206790642, ""oscillator.post_smooth_alpha"": 0.6422876865729156, ""oscillator.qf"": 0.0009003196126423335, ""oscillator.qx"": 0.005145299716715495, ""oscillator.rv"": 0.04146151513088894, ""oscillator.rv_auto"": false, ""oscillator.rv_mad_scale"": 0.841686406809601, ""oscillator.spec_guidance_strength"": 1.1774585747477584, ""oscillator.student_t_nu"": 3.407862915943325, ""oscillator.tau_env"": 33.256590569456705, ""trust.alpha_R_max"": 6.759530211822334, ""trust.beta_1"": 1.23293188649757, ""trust.beta_2"": 0.8903357853002097, ""trust.g_z_floor"": 0.18239391325348814, ""trust.gate_bias"": 0.589197910289396, ""trust.w_gate_nis"": 0.37362477603940936}",0.36,0.3322583446398184,0.33,0.029045643153526972,0.029045643153526972,0.0,0.0,0.0,0.5306276213622166,0.43139804858095815,2.0230691024544267,0.06398241043133392,0.0,96.34854771784232,1.0,0.0,nan
2026-02-27T13:09:29.261037Z,profile1d_quadratic__robust_ossm_ekf,robust_ossm_ekf,41,0.9364660085823316,0.9364660085823316,pruned,612.3975009918213,subject_kfold,32,raw,full_objective,/home/gongjae/Projects/resPyre/robust_ossm_ekf/profile1d_quadratic__robust_ossm_ekf/trials/trial_00041/run_workspace/results/trial_00041,/home/gongjae/Projects/resPyre/robust_ossm_ekf/profile1d_quadratic__robust_ossm_ekf/trials/trial_00041,3ae030e90cf61d8e,/home/gongjae/Projects/resPyre/robust_ossm_ekf/profile1d_quadratic__robust_ossm_ekf/trials/trial_00041/trial_manifest.json,/home/gongjae/Projects/resPyre/robust_ossm_ekf/profile1d_quadratic__robust_ossm_ekf/trials/trial_00041/metrics_summary.json,"{""oscillator.g_z_eff_floor_ratio"": 0.23940894791366985, ""oscillator.post_smooth_alpha"": 0.6854479786460561, ""oscillator.qf"": 0.0003713470979910663, ""oscillator.qx"": 0.0005212246136936552, ""oscillator.rv"": 0.008429686332093999, ""oscillator.rv_auto"": true, ""oscillator.rv_mad_scale"": 1.0477763388416292, ""oscillator.spec_guidance_strength"": 0.8370227768327319, ""oscillator.student_t_nu"": 10.154815446999434, ""oscillator.tau_env"": 50.820694764844205, ""trust.alpha_R_max"": 6.737353103315268, ""trust.beta_1"": 1.176161183649794, ""trust.beta_2"": 0.4313292815169799, ""trust.g_z_floor"": 0.27158455098341816, ""trust.gate_bias"": 0.33755063797304485, ""trust.w_gate_nis"": 0.23287319903703835}",0.45999999999999996,0.3342941668610079,0.31,0.059380978052383196,0.04927474833060985,0.0,0.0,0.0,0.5946260023959713,0.3160823715779918,1.7896312275838229,0.17144847110736244,0.0,85.26490066225165,1.0,0.0,4.075707708948066
2026-02-27T13:19:06.770326Z,profile1d_quadratic__robust_ossm_ekf,robust_ossm_ekf,42,0.42354576786715215,0.42354576786715215,completed,577.3838601112366,subject_kfold,32,raw,,/home/gongjae/Projects/resPyre/robust_ossm_ekf/profile1d_quadratic__robust_ossm_ekf/trials/trial_00042/run_workspace/results/trial_00042,/home/gongjae/Projects/resPyre/robust_ossm_ekf/profile1d_quadratic__robust_ossm_ekf/trials/trial_00042,8e66501620530c1a,/home/gongjae/Projects/resPyre/robust_ossm_ekf/profile1d_quadratic__robust_ossm_ekf/trials/trial_00042/trial_manifest.json,/home/gongjae/Projects/resPyre/robust_ossm_ekf/profile1d_quadratic__robust_ossm_ekf/trials/trial_00042/metrics_summary.json,"{""oscillator.g_z_eff_floor_ratio"": 0.18931572613625788, ""oscillator.post_smooth_alpha"": 0.83416602808971, ""oscillator.qf"": 0.00046503760446306317, ""oscillator.qx"": 0.0005650292739800427, ""oscillator.rv"": 0.008459085009212278, ""oscillator.rv_auto"": true, ""oscillator.rv_mad_scale"": 1.062327701865554, ""oscillator.spec_guidance_strength"": 0.7983035309483278, ""oscillator.student_t_nu"": 9.229214335749797, ""oscillator.tau_env"": 50.53261276617784, ""trust.alpha_R_max"": 5.997979117383638, ""trust.beta_1"": 0.7785455557079288, ""trust.beta_2"": 0.14358718810919602, ""trust.g_z_floor"": 0.115285415437922, ""trust.gate_bias"": 0.22897054034254585, ""trust.w_gate_nis"": 0.28758936089929354}",0.425,0.32567020535784263,0.16999999999999998,0.02330219187926698,0.02330219187926698,0.0,0.0,0.0,0.660990411926874,0.3557958638489101,1.445669326065659,0.16408436708898466,0.0,89.94619547653087,1.0,0.0,0.6718312658220307
2026-02-27T13:28:36.797149Z,profile1d_quadratic__robust_ossm_ekf,robust_ossm_ekf,43,2.4527172900930636,2.4527172900930636,pruned,569.8999297618866,subject_kfold,32,raw,full_objective,/home/gongjae/Projects/resPyre/robust_ossm_ekf/profile1d_quadratic__robust_ossm_ekf/trials/trial_00043/run_workspace/results/trial_00043,/home/gongjae/Projects/resPyre/robust_ossm_ekf/profile1d_quadratic__robust_ossm_ekf/trials/trial_00043,a981c35a601aeaed,/home/gongjae/Projects/resPyre/robust_ossm_ekf/profile1d_quadratic__robust_ossm_ekf/trials/trial_00043/trial_manifest.json,/home/gongjae/Projects/resPyre/robust_ossm_ekf/profile1d_quadratic__robust_ossm_ekf/trials/trial_00043/metrics_summary.json,"{""oscillator.g_z_eff_floor_ratio"": 0.2358486101446235, ""oscillator.post_smooth_alpha"": 0.8956497881080413, ""oscillator.qf"": 0.0003965829213993715, ""oscillator.qx"": 0.0006516477665169039, ""oscillator.rv"": 0.01457927171584289, ""oscillator.rv_auto"": true, ""oscillator.rv_mad_scale"": 0.9957668908308008, ""oscillator.spec_guidance_strength"": 0.9560606967072408, ""oscillator.student_t_nu"": 9.991676136658592, ""oscillator.tau_env"": 66.61596970194172, ""trust.alpha_R_max"": 6.0426024908008635, ""trust.beta_1"": 0.6629105820541271, ""trust.beta_2"": 0.18418056668142102, ""trust.g_z_floor"": 0.1401100276294779, ""trust.gate_bias"": 0.34015030270276075, ""trust.w_gate_nis"": 0.3602574631048022}",0.55,0.3646901402465357,0.5549999999999999,0.07542446203544677,0.0711105005203739,0.0,0.0,0.0018625827814569536,0.6090939690616936,0.3068130576781346,1.4763559223352236,0.2728113234715629,0.0,79.91608226427863,1.0,0.0,15.624930921243548
2026-02-27T13:28:42.176929Z,profile1d_quadratic__robust_ossm_ekf,robust_ossm_ekf,44,1.014198151715445,1.014198151715445,pruned,5.265717029571533,subject_kfold,1,raw,debug_stage,,/home/gongjae/Projects/resPyre/robust_ossm_ekf/profile1d_quadratic__robust_ossm_ekf/trials/trial_00044,fcc4e880907fcd81,/home/gongjae/Projects/resPyre/robust_ossm_ekf/profile1d_quadratic__robust_ossm_ekf/trials/trial_00044/trial_manifest.json,/home/gongjae/Projects/resPyre/robust_ossm_ekf/profile1d_quadratic__robust_ossm_ekf/trials/trial_00044/metrics_summary.json,"{""oscillator.g_z_eff_floor_ratio"": 0.2710489987827826, ""oscillator.post_smooth_alpha"": 0.7013053427868647, ""oscillator.qf"": 0.0020148269016734897, ""oscillator.qx"": 0.0023960255298517926, ""oscillator.rv"": 0.061684986203379956, ""oscillator.rv_auto"": false, ""oscillator.rv_mad_scale"": 0.6864335769617003, ""oscillator.spec_guidance_strength"": 1.0482683363443082, ""oscillator.student_t_nu"": 3.1473513695814024, ""oscillator.tau_env"": 21.820462390293102, ""trust.alpha_R_max"": 5.405485890962261, ""trust.beta_1"": 1.5659673101581553, ""trust.beta_2"": 0.8693919028374535, ""trust.g_z_floor"": 0.2250935666456563, ""trust.gate_bias"": 0.6099647511860031, ""trust.w_gate_nis"": 0.43037724569645336}",0.36,0.3360420097543173,0.33,0.017427385892116183,0.017427385892116183,0.0,0.0,0.0,0.5248994354810543,0.42917751482471456,2.099079476858223,0.0734637830401438,0.0,98.00829875518673,1.0,0.0,nan
2026-02-27T13:28:47.437573Z,profile1d_quadratic__robust_ossm_ekf,robust_ossm_ekf,45,0.9711193005301646,0.9711193005301646,pruned,5.168850421905518,subject_kfold,1,raw,debug_stage,,/home/gongjae/Projects/resPyre/robust_ossm_ekf/profile1d_quadratic__robust_ossm_ekf/trials/trial_00045,2d35bde87c60fd11,/home/gongjae/Projects/resPyre/robust_ossm_ekf/profile1d_quadratic__robust_ossm_ekf/trials/trial_00045/trial_manifest.json,/home/gongjae/Projects/resPyre/robust_ossm_ekf/profile1d_quadratic__robust_ossm_ekf/trials/trial_00045/metrics_summary.json,"{""oscillator.g_z_eff_floor_ratio"": 0.28046206063693563, ""oscillator.post_smooth_alpha"": 0.8689199874653172, ""oscillator.qf"": 0.0005050237133861296, ""oscillator.qx"": 0.0007259906055482412, ""oscillator.rv"": 0.014815375196175038, ""oscillator.rv_auto"": false, ""oscillator.rv_mad_scale"": 1.0286911057660928, ""oscillator.spec_guidance_strength"": 0.7550439825757981, ""oscillator.student_t_nu"": 9.05523009014858, ""oscillator.tau_env"": 47.918718344562336, ""trust.alpha_R_max"": 5.053233919345231, ""trust.beta_1"": 0.7283199000561894, ""trust.beta_2"": 0.20383371215408191, ""trust.g_z_floor"": 0.16169762761528733, ""trust.gate_bias"": 0.22593205659584764, ""trust.w_gate_nis"": 0.3092952112529011}",0.37,0.3400615303798531,0.34,0.015767634854771784,0.015767634854771784,0.0,0.0,0.0,0.5878042452258952,0.48080717324978894,1.4290418907819251,0.3179699659864347,0.0,88.79668049792531,1.0,0.0,nan
2026-02-27T13:38:14.428558Z,profile1d_quadratic__robust_ossm_ekf,robust_ossm_ekf,46,0.8185176074772803,0.8185176074772803,pruned,566.8978910446167,subject_kfold,32,raw,full_objective,/home/gongjae/Projects/resPyre/robust_ossm_ekf/profile1d_quadratic__robust_ossm_ekf/trials/trial_00046/run_workspace/results/trial_00046,/home/gongjae/Projects/resPyre/robust_ossm_ekf/profile1d_quadratic__robust_ossm_ekf/trials/trial_00046,efa961a8601641d2,/home/gongjae/Projects/resPyre/robust_ossm_ekf/profile1d_quadratic__robust_ossm_ekf/trials/trial_00046/trial_manifest.json,/home/gongjae/Projects/resPyre/robust_ossm_ekf/profile1d_quadratic__robust_ossm_ekf/trials/trial_00046/metrics_summary.json,"{""oscillator.g_z_eff_floor_ratio"": 0.2544835399095806, ""oscillator.post_smooth_alpha"": 0.7493962627796342, ""oscillator.qf"": 0.0010566097492575215, ""oscillator.qx"": 0.0015407448456957698, ""oscillator.rv"": 0.008484135675803342, ""oscillator.rv_auto"": true, ""oscillator.rv_mad_scale"": 1.0565449602190153, ""oscillator.spec_guidance_strength"": 0.8258470948177342, ""oscillator.student_t_nu"": 7.826654324721144, ""oscillator.tau_env"": 66.86681732144243, ""trust.alpha_R_max"": 5.182548783333821, ""trust.beta_1"": 0.7944738357259042, ""trust.beta_2"": 0.30245520589175373, ""trust.g_z_floor"": 0.18794028012929248, ""trust.gate_bias"": 0.3271297959506916, ""trust.w_gate_nis"": 0.25624568131158143}",0.435,0.33635554671189527,0.29500000000000004,0.015729858154424528,0.012001606290298596,0.0,0.0,0.00025593775593775594,0.5964283302923798,0.3339672816381245,1.5933625830429077,0.1399904599031513,0.0,94.24843803701447,1.0,0.0,3.4409493127518394
2026-02-27T13:38:19.628440Z,profile1d_quadratic__robust_ossm_ekf,robust_ossm_ekf,47,1.0082962957799655,1.0082962957799655,pruned,5.087328195571899,subject_kfold,1,raw,debug_stage,,/home/gongjae/Projects/resPyre/robust_ossm_ekf/profile1d_quadratic__robust_ossm_ekf/trials/trial_00047,caded6c558badadd,/home/gongjae/Projects/resPyre/robust_ossm_ekf/profile1d_quadratic__robust_ossm_ekf/trials/trial_00047/trial_manifest.json,/home/gongjae/Projects/resPyre/robust_ossm_ekf/profile1d_quadratic__robust_ossm_ekf/trials/trial_00047/metrics_summary.json,"{""oscillator.g_z_eff_floor_ratio"": 0.18090710934252785, ""oscillator.post_smooth_alpha"": 0.8019959539900956, ""oscillator.qf"": 0.0012121609948082528, ""oscillator.qx"": 0.007507709231439738, ""oscillator.rv"": 0.024899397921996747, ""oscillator.rv_auto"": false, ""oscillator.rv_mad_scale"": 0.9026340503077297, ""oscillator.spec_guidance_strength"": 0.7151867391654634, ""oscillator.student_t_nu"": 12.271226724701737, ""oscillator.tau_env"": 56.367217784404374, ""trust.alpha_R_max"": 3.5789694166773014, ""trust.beta_1"": 0.9739084075766765, ""trust.beta_2"": 0.5659931423478428, ""trust.g_z_floor"": 0.32545579259508123, ""trust.gate_bias"": 0.34899917666515534, ""trust.w_gate_nis"": 0.10862737095437713}",0.36,0.32909117933633686,0.33,0.027385892116182572,0.027385892116182572,0.0,0.0,0.0,0.58234897004185,0.47380142018986726,1.7364006646580348,0.0460882265288743,0.0,98.09128630705395,1.0,0.0,nan
2026-02-27T13:38:24.895361Z,profile1d_quadratic__robust_ossm_ekf,robust_ossm_ekf,48,1.0153364521363555,1.0153364521363555,pruned,5.174858093261719,subject_kfold,1,raw,debug_stage,,/home/gongjae/Projects/resPyre/robust_ossm_ekf/profile1d_quadratic__robust_ossm_ekf/trials/trial_00048,8c19704521738778,/home/gongjae/Projects/resPyre/robust_ossm_ekf/profile1d_quadratic__robust_ossm_ekf/trials/trial_00048/trial_manifest.json,/home/gongjae/Projects/resPyre/robust_ossm_ekf/profile1d_quadratic__robust_ossm_ekf/trials/trial_00048/metrics_summary.json,"{""oscillator.g_z_eff_floor_ratio"": 0.2571329161339612, ""oscillator.post_smooth_alpha"": 0.8728249186750486, ""oscillator.qf"": 0.0030936096432921637, ""oscillator.qx"": 0.0010563966749967898, ""oscillator.rv"": 0.02930360733226067, ""oscillator.rv_auto"": false, ""oscillator.rv_mad_scale"": 1.0326853517455306, ""oscillator.spec_guidance_strength"": 1.167678852605553, ""oscillator.student_t_nu"": 10.463595994079448, ""oscillator.tau_env"": 29.946008251229557, ""trust.alpha_R_max"": 6.023984634697354, ""trust.beta_1"": 1.2544939204065582, ""trust.beta_2"": 0.1343396846615051, ""trust.g_z_floor"": 0.13241744319636367, ""trust.gate_bias"": 0.27355968160707694, ""trust.w_gate_nis"": 0.4243856466938218}",0.37,0.3387055780071994,0.34,0.0,0.0,0.0,0.0,0.0,0.583104048320605,0.4763732237200347,1.5248622169193986,0.17873659984480195,0.0,98.17427385892117,1.0,0.0,nan
2026-02-27T13:38:30.152931Z,profile1d_quadratic__robust_ossm_ekf,robust_ossm_ekf,49,1.0081241524965487,1.0081241524965487,pruned,5.167386770248413,subject_kfold,1,raw,debug_stage,,/home/gongjae/Projects/resPyre/robust_ossm_ekf/profile1d_quadratic__robust_ossm_ekf/trials/trial_00049,0690b6cbc0c6b7bc,/home/gongjae/Projects/resPyre/robust_ossm_ekf/profile1d_quadratic__robust_ossm_ekf/trials/trial_00049/trial_manifest.json,/home/gongjae/Projects/resPyre/robust_ossm_ekf/profile1d_quadratic__robust_ossm_ekf/trials/trial_00049/metrics_summary.json,"{""oscillator.g_z_eff_floor_ratio"": 0.41082290487119055, ""oscillator.post_smooth_alpha"": 0.8420912084666213, ""oscillator.qf"": 0.001199478902899669, ""oscillator.qx"": 0.003979766400026128, ""oscillator.rv"": 0.014754596097242969, ""oscillator.rv_auto"": false, ""oscillator.rv_mad_scale"": 0.9034652681659395, ""oscillator.spec_guidance_strength"": 0.7382847544440396, ""oscillator.student_t_nu"": 10.025603973197752, ""oscillator.tau_env"": 50.6850530142509, ""trust.alpha_R_max"": 2.700133838610908, ""trust.beta_1"": 1.101294012558083, ""trust.beta_2"": 0.9843340430701415, ""trust.g_z_floor"": 0.2369473295328577, ""trust.gate_bias"": 0.557830020585945, ""trust.w_gate_nis"": 0.08209627684938059}",0.36,0.3299518657262005,0.33,0.022406639004149378,0.022406639004149378,0.0,0.0,0.0,0.5404848330029947,0.4489789323542899,2.047094257566927,0.08123883939840415,0.0,97.34439834024896,1.0,0.0,nan
2026-02-27T13:48:06.172833Z,profile1d_quadratic__robust_ossm_ekf,robust_ossm_ekf,50,0.516254035835428,0.516254035835428,pruned,575.9225180149078,subject_kfold,32,raw,full_objective,/home/gongjae/Projects/resPyre/robust_ossm_ekf/profile1d_quadratic__robust_ossm_ekf/trials/trial_00050/run_workspace/results/trial_00050,/home/gongjae/Projects/resPyre/robust_ossm_ekf/profile1d_quadratic__robust_ossm_ekf/trials/trial_00050,9a14245fdf082597,/home/gongjae/Projects/resPyre/robust_ossm_ekf/profile1d_quadratic__robust_ossm_ekf/trials/trial_00050/trial_manifest.json,/home/gongjae/Projects/resPyre/robust_ossm_ekf/profile1d_quadratic__robust_ossm_ekf/trials/trial_00050/metrics_summary.json,"{""oscillator.g_z_eff_floor_ratio"": 0.2084468033727421, ""oscillator.post_smooth_alpha"": 0.8118606086811385, ""oscillator.qf"": 0.0005531552096850627, ""oscillator.qx"": 0.0006949938558816585, ""oscillator.rv"": 0.009575435699916746, ""oscillator.rv_auto"": true, ""oscillator.rv_mad_scale"": 0.9611625126633174, ""oscillator.spec_guidance_strength"": 0.8511780281384942, ""oscillator.student_t_nu"": 6.652240572033371, ""oscillator.tau_env"": 39.79287539890983, ""trust.alpha_R_max"": 6.8728279307716456, ""trust.beta_1"": 0.6061003065698198, ""trust.beta_2"": 0.16693595407893955, ""trust.g_z_floor"": 0.15824942156174313, ""trust.gate_bias"": 0.22001387950327506, ""trust.w_gate_nis"": 0.314900935007641}",0.4,0.3279268808262247,0.25,0.028623406904475353,0.026508698707438084,0.0,0.0,0.01398167795828062,0.6093198617824812,0.3372162522443477,1.484105083553201,0.18356319902796703,0.0,93.04922387998384,1.0,0.0,1.260780578688252
2026-02-27T13:57:38.681151Z,profile1d_quadratic__robust_ossm_ekf,robust_ossm_ekf,51,0.9636851888573873,0.9636851888573873,pruned,572.3817105293274,subject_kfold,32,raw,full_objective,/home/gongjae/Projects/resPyre/robust_ossm_ekf/profile1d_quadratic__robust_ossm_ekf/trials/trial_00051/run_workspace/results/trial_00051,/home/gongjae/Projects/resPyre/robust_ossm_ekf/profile1d_quadratic__robust_ossm_ekf/trials/trial_00051,78e1ae0f7cf5eebe,/home/gongjae/Projects/resPyre/robust_ossm_ekf/profile1d_quadratic__robust_ossm_ekf/trials/trial_00051/trial_manifest.json,/home/gongjae/Projects/resPyre/robust_ossm_ekf/profile1d_quadratic__robust_ossm_ekf/trials/trial_00051/metrics_summary.json,"{""oscillator.g_z_eff_floor_ratio"": 0.2957777883088243, ""oscillator.post_smooth_alpha"": 0.8549089843865861, ""oscillator.qf"": 0.0003514661659916431, ""oscillator.qx"": 0.0005749060934727777, ""oscillator.rv"": 0.00841070290923653, ""oscillator.rv_auto"": true, ""oscillator.rv_mad_scale"": 1.060478524168657, ""oscillator.spec_guidance_strength"": 0.9937156683565087, ""oscillator.student_t_nu"": 11.153669020327989, ""oscillator.tau_env"": 42.92347676172405, ""trust.alpha_R_max"": 5.3477463444192725, ""trust.beta_1"": 1.0496697245629292, ""trust.beta_2"": 0.7254376415338117, ""trust.g_z_floor"": 0.12120123903703012, ""trust.gate_bias"": 0.24174688857960916, ""trust.w_gate_nis"": 0.12489704194669116}",0.44499999999999995,0.33659804671551374,0.315,0.06635486802244593,0.06202098930665057,0.0,0.0,0.0,0.6136386926862722,0.33192813871998955,1.876351372465165,0.16002989357384592,0.0,84.80960264900662,1.0,0.0,4.331103003549983
2026-02-27T14:07:22.255747Z,profile1d_quadratic__robust_ossm_ekf,robust_ossm_ekf,52,0.45787445434423124,0.45787445434423124,completed,583.4585371017456,subject_kfold,32,raw,,/home/gongjae/Projects/resPyre/robust_ossm_ekf/profile1d_quadratic__robust_ossm_ekf/trials/trial_00052/run_workspace/results/trial_00052,/home/gongjae/Projects/resPyre/robust_ossm_ekf/profile1d_quadratic__robust_ossm_ekf/trials/trial_00052,771481d372751263,/home/gongjae/Projects/resPyre/robust_ossm_ekf/profile1d_quadratic__robust_ossm_ekf/trials/trial_00052/trial_manifest.json,/home/gongjae/Projects/resPyre/robust_ossm_ekf/profile1d_quadratic__robust_ossm_ekf/trials/trial_00052/metrics_summary.json,"{""oscillator.g_z_eff_floor_ratio"": 0.2792760393770137, ""oscillator.post_smooth_alpha"": 0.7933584182687078, ""oscillator.qf"": 0.00028201876436620573, ""oscillator.qx"": 0.0004085504673338336, ""oscillator.rv"": 0.017624488492152177, ""oscillator.rv_auto"": true, ""oscillator.rv_mad_scale"": 1.0989424435717727, ""oscillator.spec_guidance_strength"": 0.6736932249244524, ""oscillator.student_t_nu"": 9.880445964815891, ""oscillator.tau_env"": 58.54029943424231, ""trust.alpha_R_max"": 5.048543160893139, ""trust.beta_1"": 1.2472510666788852, ""trust.beta_2"": 0.7348157670559713, ""trust.g_z_floor"": 0.11687147015352972, ""trust.gate_bias"": 0.2748637159790853, ""trust.w_gate_nis"": 0.3867992612429524}",0.435,0.31780634994666046,0.2,0.0467823839540852,0.0467823839540852,0.0,0.0,0.0,0.6515724433522463,0.3434892578485252,1.8043828412589407,0.1553336889559056,0.0,87.42409354891464,1.0,0.0,0.6893326220881888
2026-02-27T14:16:58.551148Z,profile1d_quadratic__robust_ossm_ekf,robust_ossm_ekf,53,2.4675195401325913,2.4675195401325913,pruned,576.1789119243622,subject_kfold,32,raw,full_objective,/home/gongjae/Projects/resPyre/robust_ossm_ekf/profile1d_quadratic__robust_ossm_ekf/trials/trial_00053/run_workspace/results/trial_00053,/home/gongjae/Projects/resPyre/robust_ossm_ekf/profile1d_quadratic__robust_ossm_ekf/trials/trial_00053,4b3c84d5fd23b871,/home/gongjae/Projects/resPyre/robust_ossm_ekf/profile1d_quadratic__robust_ossm_ekf/trials/trial_00053/trial_manifest.json,/home/gongjae/Projects/resPyre/robust_ossm_ekf/profile1d_quadratic__robust_ossm_ekf/trials/trial_00053/metrics_summary.json,"{""oscillator.g_z_eff_floor_ratio"": 0.30982205100490007, ""oscillator.post_smooth_alpha"": 0.7949055977804919, ""oscillator.qf"": 0.00031479144650350423, ""oscillator.qx"": 0.0005533853326916291, ""oscillator.rv"": 0.010589276333325095, ""oscillator.rv_auto"": true, ""oscillator.rv_mad_scale"": 1.047421620022405, ""oscillator.spec_guidance_strength"": 0.7235098961538418, ""oscillator.student_t_nu"": 13.868515871046181, ""oscillator.tau_env"": 30.3861405412919, ""trust.alpha_R_max"": 5.519761981803491, ""trust.beta_1"": 0.9965515243862152, ""trust.beta_2"": 0.2755032883774441, ""trust.g_z_floor"": 0.18942044450187906, ""trust.gate_bias"": 0.23832162678268773, ""trust.w_gate_nis"": 0.2258349788553218}",0.545,0.3602012517746467,0.5549999999999999,0.07350864404878953,0.07350864404878953,0.0,0.0,0.0025869205298013247,0.6356005182283531,0.32318966975463437,1.6472310202811893,0.22340206531764503,0.0,78.8318293007516,1.0,0.0,15.702090504046353
2026-02-27T14:26:33.107091Z,profile1d_quadratic__robust_ossm_ekf,robust_ossm_ekf,54,1.7354048801337214,1.7354048801337214,pruned,574.4144458770752,subject_kfold,32,raw,full_objective,/home/gongjae/Projects/resPyre/robust_ossm_ekf/profile1d_quadratic__robust_ossm_ekf/trials/trial_00054/run_workspace/results/trial_00054,/home/gongjae/Projects/resPyre/robust_ossm_ekf/profile1d_quadratic__robust_ossm_ekf/trials/trial_00054,37d06abb659f1dd7,/home/gongjae/Projects/resPyre/robust_ossm_ekf/profile1d_quadratic__robust_ossm_ekf/trials/trial_00054/trial_manifest.json,/home/gongjae/Projects/resPyre/robust_ossm_ekf/profile1d_quadratic__robust_ossm_ekf/trials/trial_00054/metrics_summary.json,"{""oscillator.g_z_eff_floor_ratio"": 0.29582103963604056, ""oscillator.post_smooth_alpha"": 0.8850223130655871, ""oscillator.qf"": 0.00026831948295260666, ""oscillator.qx"": 0.0007914702273900054, ""oscillator.rv"": 0.011000519818138143, ""oscillator.rv_auto"": false, ""oscillator.rv_mad_scale"": 1.0590167261650365, ""oscillator.spec_guidance_strength"": 0.9394048165868846, ""oscillator.student_t_nu"": 10.13471980086506, ""oscillator.tau_env"": 30.667351369418313, ""trust.alpha_R_max"": 5.680164551195082, ""trust.beta_1"": 1.446138659872161, ""trust.beta_2"": 0.4177272588160422, ""trust.g_z_floor"": 0.1742565953878482, ""trust.gate_bias"": 0.26898450960663695, ""trust.w_gate_nis"": 0.2971084856179109}",0.475,0.4005657098915297,0.435,0.007257142857142858,0.0,0.0,0.0,0.00030233877916493784,0.5482397183504493,0.2837751837441582,1.8989696946217967,1.908072657430098,0.0017467249677526385,69.90203416329857,1.0,0.0,10.206510271704735
2026-02-27T14:36:17.330438Z,profile1d_quadratic__robust_ossm_ekf,robust_ossm_ekf,55,0.5644003471099893,0.5644003471099893,pruned,584.0842192173004,subject_kfold,32,raw,full_objective,/home/gongjae/Projects/resPyre/robust_ossm_ekf/profile1d_quadratic__robust_ossm_ekf/trials/trial_00055/run_workspace/results/trial_00055,/home/gongjae/Projects/resPyre/robust_ossm_ekf/profile1d_quadratic__robust_ossm_ekf/trials/trial_00055,4d297e8870ae77e3,/home/gongjae/Projects/resPyre/robust_ossm_ekf/profile1d_quadratic__robust_ossm_ekf/trials/trial_00055/trial_manifest.json,/home/gongjae/Projects/resPyre/robust_ossm_ekf/profile1d_quadratic__robust_ossm_ekf/trials/trial_00055/metrics_summary.json,"{""oscillator.g_z_eff_floor_ratio"": 0.21730019579763657, ""oscillator.post_smooth_alpha"": 0.9063892214447392, ""oscillator.qf"": 0.0002978345004685275, ""oscillator.qx"": 0.0008380227653998236, ""oscillator.rv"": 0.009227073077834741, ""oscillator.rv_auto"": true, ""oscillator.rv_mad_scale"": 1.0700568472854117, ""oscillator.spec_guidance_strength"": 0.7145462114149009, ""oscillator.student_t_nu"": 10.235346046290715, ""oscillator.tau_env"": 54.05059523108197, ""trust.alpha_R_max"": 6.210968109997274, ""trust.beta_1"": 0.8900084741382562, ""trust.beta_2"": 0.3496260506676246, ""trust.g_z_floor"": 0.12971474376723172, ""trust.gate_bias"": 0.3070157353039538, ""trust.w_gate_nis"": 0.3042723372700432}",0.405,0.3255427029713217,0.255,0.04203743399383071,0.04203743399383071,0.0,0.0,0.0024781872095324536,0.5967090237855304,0.3062052013650046,1.6916264578232876,0.16092849256734604,0.0,89.94625017973667,1.0,0.0,1.538608131144378
2026-02-27T14:45:46.140791Z,profile1d_quadratic__robust_ossm_ekf,robust_ossm_ekf,56,0.8383298554710786,0.8383298554710786,pruned,568.6798031330109,subject_kfold,32,raw,full_objective,/home/gongjae/Projects/resPyre/robust_ossm_ekf/profile1d_quadratic__robust_ossm_ekf/trials/trial_00056/run_workspace/results/trial_00056,/home/gongjae/Projects/resPyre/robust_ossm_ekf/profile1d_quadratic__robust_ossm_ekf/trials/trial_00056,43221be76cd870be,/home/gongjae/Projects/resPyre/robust_ossm_ekf/profile1d_quadratic__robust_ossm_ekf/trials/trial_00056/trial_manifest.json,/home/gongjae/Projects/resPyre/robust_ossm_ekf/profile1d_quadratic__robust_ossm_ekf/trials/trial_00056/metrics_summary.json,"{""oscillator.g_z_eff_floor_ratio"": 0.19757062947185663, ""oscillator.post_smooth_alpha"": 0.9021437992057609, ""oscillator.qf"": 0.0013051105419278515, ""oscillator.qx"": 0.001719196860043624, ""oscillator.rv"": 0.022599747447680958, ""oscillator.rv_auto"": true, ""oscillator.rv_mad_scale"": 0.8790940972519152, ""oscillator.spec_guidance_strength"": 0.9024291983142411, ""oscillator.student_t_nu"": 9.67762917813983, ""oscillator.tau_env"": 22.019053701450385, ""trust.alpha_R_max"": 5.336295216651127, ""trust.beta_1"": 1.009891684228021, ""trust.beta_2"": 0.7211104204950991, ""trust.g_z_floor"": 0.20653591341355293, ""trust.gate_bias"": 0.2798532459560171, ""trust.w_gate_nis"": 0.3136513140479398}",0.435,0.3345051323407086,0.295,0.026686744468147405,0.013541964187445011,0.0,0.0,0.0006164540518845155,0.6040763151949746,0.3363137417854555,1.8595813927321476,0.11376729004233097,0.0,96.20208187982384,1.0,0.0,3.4933956524734766
2026-02-27T14:45:51.593713Z,profile1d_quadratic__robust_ossm_ekf,robust_ossm_ekf,57,1.013878851920289,1.013878851920289,pruned,5.320040702819824,subject_kfold,1,raw,debug_stage,,/home/gongjae/Projects/resPyre/robust_ossm_ekf/profile1d_quadratic__robust_ossm_ekf/trials/trial_00057,ccbf627bcb8abef2,/home/gongjae/Projects/resPyre/robust_ossm_ekf/profile1d_quadratic__robust_ossm_ekf/trials/trial_00057/trial_manifest.json,/home/gongjae/Projects/resPyre/robust_ossm_ekf/profile1d_quadratic__robust_ossm_ekf/trials/trial_00057/metrics_summary.json,"{""oscillator.g_z_eff_floor_ratio"": 0.19531405043995412, ""oscillator.post_smooth_alpha"": 0.8463800136862362, ""oscillator.qf"": 0.0012015465676038326, ""oscillator.qx"": 0.0065783320774449715, ""oscillator.rv"": 0.02449285593580112, ""oscillator.rv_auto"": false, ""oscillator.rv_mad_scale"": 0.7669813301421963, ""oscillator.spec_guidance_strength"": 0.6706820820146744, ""oscillator.student_t_nu"": 9.953697610066023, ""oscillator.tau_env"": 69.72863129220313, ""trust.alpha_R_max"": 3.3672248076668407, ""trust.beta_1"": 0.6291716665538135, ""trust.beta_2"": 1.0554599498199049, ""trust.g_z_floor"": 0.24571599732156124, ""trust.gate_bias"": 0.6172891458857671, ""trust.w_gate_nis"": 0.08935330108610408}",0.36,0.3300813039800347,0.33,0.02987551867219917,0.02987551867219917,0.0,0.0,0.0,0.5286916577795467,0.4307701983085296,1.9688293512211765,0.05539418855050694,0.0,98.00829875518673,1.0,0.0,nan
2026-02-27T14:45:56.983873Z,profile1d_quadratic__robust_ossm_ekf,robust_ossm_ekf,58,1.0501108435446302,1.0501108435446302,pruned,5.282482147216797,subject_kfold,1,raw,debug_quantile,,/home/gongjae/Projects/resPyre/robust_ossm_ekf/profile1d_quadratic__robust_ossm_ekf/trials/trial_00058,a79b5048ab4ef3b9,/home/gongjae/Projects/resPyre/robust_ossm_ekf/profile1d_quadratic__robust_ossm_ekf/trials/trial_00058/trial_manifest.json,/home/gongjae/Projects/resPyre/robust_ossm_ekf/profile1d_quadratic__robust_ossm_ekf/trials/trial_00058/metrics_summary.json,"{""oscillator.g_z_eff_floor_ratio"": 0.2746478860673512, ""oscillator.post_smooth_alpha"": 0.6489401879141062, ""oscillator.qf"": 0.004317675960728527, ""oscillator.qx"": 0.0014155748247265051, ""oscillator.rv"": 0.0417411591305085, ""oscillator.rv_auto"": false, ""oscillator.rv_mad_scale"": 0.7565914767609432, ""oscillator.spec_guidance_strength"": 1.1441708146620713, ""oscillator.student_t_nu"": 5.26015369706052, ""oscillator.tau_env"": 32.523595024008245, ""trust.alpha_R_max"": 6.927810116047799, ""trust.beta_1"": 1.415722970367441, ""trust.beta_2"": 0.8425382150680689, ""trust.g_z_floor"": 0.1720994516890957, ""trust.gate_bias"": 0.6007178223758421, ""trust.w_gate_nis"": 0.40100772679915125}",0.36,0.34014363149873234,0.34,0.005809128630705394,0.005809128630705394,0.0,0.0,0.0,0.5235480307749446,0.4279967549136807,2.040585287837967,0.11757985962584636,0.0,98.92116182572614,1.0,0.0,nan
2026-02-27T14:46:02.328629Z,profile1d_quadratic__robust_ossm_ekf,robust_ossm_ekf,59,1.0122406642506672,1.0122406642506672,pruned,5.238327503204346,subject_kfold,1,raw,debug_stage,,/home/gongjae/Projects/resPyre/robust_ossm_ekf/profile1d_quadratic__robust_ossm_ekf/trials/trial_00059,9dd1b1b76f474911,/home/gongjae/Projects/resPyre/robust_ossm_ekf/profile1d_quadratic__robust_ossm_ekf/trials/trial_00059/trial_manifest.json,/home/gongjae/Projects/resPyre/robust_ossm_ekf/profile1d_quadratic__robust_ossm_ekf/trials/trial_00059/metrics_summary.json,"{""oscillator.g_z_eff_floor_ratio"": 0.374163280137968, ""oscillator.post_smooth_alpha"": 0.9553300919092687, ""oscillator.qf"": 0.0012271848542152574, ""oscillator.qx"": 0.005924994848523405, ""oscillator.rv"": 0.016817427618157434, ""oscillator.rv_auto"": false, ""oscillator.rv_mad_scale"": 0.6545637267250581, ""oscillator.spec_guidance_strength"": 0.5927417050551098, ""oscillator.student_t_nu"": 12.528795186913772, ""oscillator.tau_env"": 53.669371270577855, ""trust.alpha_R_max"": 3.3301860550062576, ""trust.beta_1"": 0.629451825785591, ""trust.beta_2"": 0.9924516590746544, ""trust.g_z_floor"": 0.41382034506484944, ""trust.gate_bias"": 0.3967897248927216, ""trust.w_gate_nis"": 0.06540136681288525}",0.36,0.3289482378818509,0.33,0.029045643153526972,0.029045643153526972,0.0,0.0,0.0,0.5732815840070188,0.4716751616599109,1.926903835853122,0.05560159799726147,0.0,97.9253112033195,1.0,0.0,nan
2026-02-27T14:55:30.946292Z,profile1d_quadratic__robust_ossm_ekf,robust_ossm_ekf,60,0.5183987898769229,0.5183987898769229,pruned,568.5152564048767,subject_kfold,32,raw,full_objective,/home/gongjae/Projects/resPyre/robust_ossm_ekf/profile1d_quadratic__robust_ossm_ekf/trials/trial_00060/run_workspace/results/trial_00060,/home/gongjae/Projects/resPyre/robust_ossm_ekf/profile1d_quadratic__robust_ossm_ekf/trials/trial_00060,5c016e77e4dd0253,/home/gongjae/Projects/resPyre/robust_ossm_ekf/profile1d_quadratic__robust_ossm_ekf/trials/trial_00060/trial_manifest.json,/home/gongjae/Projects/resPyre/robust_ossm_ekf/profile1d_quadratic__robust_ossm_ekf/trials/trial_00060/metrics_summary.json,"{""oscillator.g_z_eff_floor_ratio"": 0.37229790300055027, ""oscillator.post_smooth_alpha"": 0.7859733258981669, ""oscillator.qf"": 0.0003293645550706437, ""oscillator.qx"": 0.0004059492950479514, ""oscillator.rv"": 0.012358964541092829, ""oscillator.rv_auto"": true, ""oscillator.rv_mad_scale"": 1.0183080334189292, ""oscillator.spec_guidance_strength"": 0.9011914373471992, ""oscillator.student_t_nu"": 6.581516081278114, ""oscillator.tau_env"": 49.668937395874615, ""trust.alpha_R_max"": 6.251941824245033, ""trust.beta_1"": 1.0360619268496563, ""trust.beta_2"": 0.2181566313056215, ""trust.g_z_floor"": 0.13766046870063328, ""trust.gate_bias"": 0.22856495459593767, ""trust.w_gate_nis"": 0.20954602804353878}",0.425,0.33838226481419065,0.245,0.04094210638752403,0.04005687115420474,0.0,0.0,0.019645224389378355,0.6123335865988085,0.34804817604377836,1.6806617758845068,0.17540671994257107,0.0,88.68239485160137,1.0,0.0,1.04453539732416
2026-02-27T15:05:02.125997Z,profile1d_quadratic__robust_ossm_ekf,robust_ossm_ekf,61,0.8587245022531583,0.8587245022531583,pruned,571.0560638904572,subject_kfold,32,raw,full_objective,/home/gongjae/Projects/resPyre/robust_ossm_ekf/profile1d_quadratic__robust_ossm_ekf/trials/trial_00061/run_workspace/results/trial_00061,/home/gongjae/Projects/resPyre/robust_ossm_ekf/profile1d_quadratic__robust_ossm_ekf/trials/trial_00061,6eaa81fae6a432c8,/home/gongjae/Projects/resPyre/robust_ossm_ekf/profile1d_quadratic__robust_ossm_ekf/trials/trial_00061/trial_manifest.json,/home/gongjae/Projects/resPyre/robust_ossm_ekf/profile1d_quadratic__robust_ossm_ekf/trials/trial_00061/metrics_summary.json,"{""oscillator.g_z_eff_floor_ratio"": 0.21171251400212232, ""oscillator.post_smooth_alpha"": 0.9275742012481046, ""oscillator.qf"": 0.0027259703241005154, ""oscillator.qx"": 0.0006379708681728423, ""oscillator.rv"": 0.009070588960190511, ""oscillator.rv_auto"": true, ""oscillator.rv_mad_scale"": 1.0581738417079314, ""oscillator.spec_guidance_strength"": 0.8343568900337184, ""oscillator.student_t_nu"": 4.460743378119864, ""oscillator.tau_env"": 26.884328208409286, ""trust.alpha_R_max"": 4.035543084206881, ""trust.beta_1"": 1.2318647616816645, ""trust.beta_2"": 0.8206909839121652, ""trust.g_z_floor"": 0.17065946427790787, ""trust.gate_bias"": 0.22572451481646721, ""trust.w_gate_nis"": 0.3288505887171331}",0.46499999999999997,0.33992522675001946,0.29500000000000004,0.013116523724150555,0.0,0.0075100941289186676,0.0,0.002147476983823438,0.6090685874660176,0.34651187886296236,1.9806352112498284,0.13365801671501162,0.0,97.54876851496137,1.0,0.0,3.4536141991281184
2026-02-27T15:14:25.144550Z,profile1d_quadratic__robust_ossm_ekf,robust_ossm_ekf,62,0.4610781816081721,0.4610781816081721,pruned,562.8861997127533,subject_kfold,32,raw,full_objective,/home/gongjae/Projects/resPyre/robust_ossm_ekf/profile1d_quadratic__robust_ossm_ekf/trials/trial_00062/run_workspace/results/trial_00062,/home/gongjae/Projects/resPyre/robust_ossm_ekf/profile1d_quadratic__robust_ossm_ekf/trials/trial_00062,18ad6498f36e8ffb,/home/gongjae/Projects/resPyre/robust_ossm_ekf/profile1d_quadratic__robust_ossm_ekf/trials/trial_00062/trial_manifest.json,/home/gongjae/Projects/resPyre/robust_ossm_ekf/profile1d_quadratic__robust_ossm_ekf/trials/trial_00062/metrics_summary.json,"{""oscillator.g_z_eff_floor_ratio"": 0.23081838965178875, ""oscillator.post_smooth_alpha"": 0.9567555121724075, ""oscillator.qf"": 0.004560129102187193, ""oscillator.qx"": 0.0006070787393266107, ""oscillator.rv"": 0.026959455127799726, ""oscillator.rv_auto"": true, ""oscillator.rv_mad_scale"": 0.9279076392548267, ""oscillator.spec_guidance_strength"": 0.8521567782528973, ""oscillator.student_t_nu"": 5.266855591755914, ""oscillator.tau_env"": 35.814453467399225, ""trust.alpha_R_max"": 6.2139195134979275, ""trust.beta_1"": 1.5957543103611165, ""trust.beta_2"": 0.7244429024917945, ""trust.g_z_floor"": 0.16516291743153472, ""trust.gate_bias"": 0.28047963378517615, ""trust.w_gate_nis"": 0.2721245699383526}",0.435,0.32633191629287606,0.21000000000000002,0.03205668357343099,0.0024591221337117424,0.03205668357343099,0.0,0.0854324221000718,0.6518616013708506,0.3676548933594025,1.9481670861559475,0.15642129317926784,0.0,98.68971754052399,1.0,0.0,0.6871574136414642
2026-02-27T15:14:30.552251Z,profile1d_quadratic__robust_ossm_ekf,robust_ossm_ekf,63,1.013385960960154,1.013385960960154,pruned,5.276599884033203,subject_kfold,1,raw,debug_stage,,/home/gongjae/Projects/resPyre/robust_ossm_ekf/profile1d_quadratic__robust_ossm_ekf/trials/trial_00063,546c6e8b9ee80a53,/home/gongjae/Projects/resPyre/robust_ossm_ekf/profile1d_quadratic__robust_ossm_ekf/trials/trial_00063/trial_manifest.json,/home/gongjae/Projects/resPyre/robust_ossm_ekf/profile1d_quadratic__robust_ossm_ekf/trials/trial_00063/metrics_summary.json,"{""oscillator.g_z_eff_floor_ratio"": 0.20906050020353048, ""oscillator.post_smooth_alpha"": 0.942316471616232, ""oscillator.qf"": 0.004737665912098629, ""oscillator.qx"": 0.0017146149024477389, ""oscillator.rv"": 0.012983010412210474, ""oscillator.rv_auto"": true, ""oscillator.rv_mad_scale"": 0.992599251352476, ""oscillator.spec_guidance_strength"": 0.9603189888423667, ""oscillator.student_t_nu"": 6.237156046171783, ""oscillator.tau_env"": 23.976920768042987, ""trust.alpha_R_max"": 6.162633830756426, ""trust.beta_1"": 1.032024531992916, ""trust.beta_2"": 0.4644788947593748, ""trust.g_z_floor"": 0.1639541617305404, ""trust.gate_bias"": 0.35684413927916814, ""trust.w_gate_nis"": 0.4184746948667731}",0.35,0.33620159511709835,0.33,0.034854771784232366,0.034854771784232366,0.0,0.0,0.0,0.5800176402886803,0.4713470744819718,1.6848671520572212,0.02435487240228741,0.0,99.75103734439834,1.0,0.0,nan
2026-02-27T15:23:52.158506Z,profile1d_quadratic__robust_ossm_ekf,robust_ossm_ekf,64,3.219015585051067,3.219015585051067,pruned,561.5034446716309,subject_kfold,32,raw,full_objective,/home/gongjae/Projects/resPyre/robust_ossm_ekf/profile1d_quadratic__robust_ossm_ekf/trials/trial_00064/run_workspace/results/trial_00064,/home/gongjae/Projects/resPyre/robust_ossm_ekf/profile1d_quadratic__robust_ossm_ekf/trials/trial_00064,c13cf8c2c84ba711,/home/gongjae/Projects/resPyre/robust_ossm_ekf/profile1d_quadratic__robust_ossm_ekf/trials/trial_00064/trial_manifest.json,/home/gongjae/Projects/resPyre/robust_ossm_ekf/profile1d_quadratic__robust_ossm_ekf/trials/trial_00064/metrics_summary.json,"{""oscillator.g_z_eff_floor_ratio"": 0.20470275842440233, ""oscillator.post_smooth_alpha"": 0.8680695508587055, ""oscillator.qf"": 0.0026984320436808174, ""oscillator.qx"": 0.0004043443652523929, ""oscillator.rv"": 0.02071642105892489, ""oscillator.rv_auto"": true, ""oscillator.rv_mad_scale"": 0.9348874768956308, ""oscillator.spec_guidance_strength"": 0.9191342683114264, ""oscillator.student_t_nu"": 8.893746288659, ""oscillator.tau_env"": 28.134914388932632, ""trust.alpha_R_max"": 4.774777516235488, ""trust.beta_1"": 1.329479539300642, ""trust.beta_2"": 0.12617398919603046, ""trust.g_z_floor"": 0.14258460380502047, ""trust.gate_bias"": 0.30704211381729307, ""trust.w_gate_nis"": 0.3531168114948931}",0.54,0.39866831956719917,0.685,0.032396950875211744,0.0072727569544207915,0.028476621258024193,0.0,0.053970021307862805,0.6076041616722064,0.30360583555034926,1.7274479869965012,0.22708196644711842,0.0,95.50505636070854,1.0,0.0,21.656301183384834
2026-02-27T15:23:57.525486Z,profile1d_quadratic__robust_ossm_ekf,robust_ossm_ekf,65,1.0234557782558649,1.0234557782558649,pruned,5.236005067825317,subject_kfold,1,raw,debug_stage,,/home/gongjae/Projects/resPyre/robust_ossm_ekf/profile1d_quadratic__robust_ossm_ekf/trials/trial_00065,2303912403f2d1a8,/home/gongjae/Projects/resPyre/robust_ossm_ekf/profile1d_quadratic__robust_ossm_ekf/trials/trial_00065/trial_manifest.json,/home/gongjae/Projects/resPyre/robust_ossm_ekf/profile1d_quadratic__robust_ossm_ekf/trials/trial_00065/metrics_summary.json,"{""oscillator.g_z_eff_floor_ratio"": 0.3657613830476126, ""oscillator.post_smooth_alpha"": 0.9511574682019192, ""oscillator.qf"": 0.0018325035874784048, ""oscillator.qx"": 0.0015111370830159906, ""oscillator.rv"": 0.017837890079502518, ""oscillator.rv_auto"": true, ""oscillator.rv_mad_scale"": 1.0719180269176851, ""oscillator.spec_guidance_strength"": 0.9065771331483805, ""oscillator.student_t_nu"": 5.80020459761183, ""oscillator.tau_env"": 26.949943617769286, ""trust.alpha_R_max"": 6.157580176839154, ""trust.beta_1"": 1.5614900753338243, ""trust.beta_2"": 0.5044279933487177, ""trust.g_z_floor"": 0.2437767449511674, ""trust.gate_bias"": 0.2270362472206116, ""trust.w_gate_nis"": 0.3124172461430742}",0.35,0.340768096364282,0.33,0.056431535269709544,0.056431535269709544,0.0,0.0,0.0,0.6053085903628878,0.4934783474986485,1.8545438419285212,0.023617262192601674,0.0,98.42323651452283,1.0,0.0,nan
2026-02-27T15:33:18.040718Z,profile1d_quadratic__robust_ossm_ekf,robust_ossm_ekf,66,0.9230304353623585,0.9230304353623585,pruned,560.3997709751129,subject_kfold,32,raw,full_objective,/home/gongjae/Projects/resPyre/robust_ossm_ekf/profile1d_quadratic__robust_ossm_ekf/trials/trial_00066/run_workspace/results/trial_00066,/home/gongjae/Projects/resPyre/robust_ossm_ekf/profile1d_quadratic__robust_ossm_ekf/trials/trial_00066,7f0974880a2ae175,/home/gongjae/Projects/resPyre/robust_ossm_ekf/profile1d_quadratic__robust_ossm_ekf/trials/trial_00066/trial_manifest.json,/home/gongjae/Projects/resPyre/robust_ossm_ekf/profile1d_quadratic__robust_ossm_ekf/trials/trial_00066/metrics_summary.json,"{""oscillator.g_z_eff_floor_ratio"": 0.36003973712192616, ""oscillator.post_smooth_alpha"": 0.9141349011695384, ""oscillator.qf"": 0.0041595660576331135, ""oscillator.qx"": 0.000516823625874117, ""oscillator.rv"": 0.02197799825087551, ""oscillator.rv_auto"": true, ""oscillator.rv_mad_scale"": 1.0553353902904694, ""oscillator.spec_guidance_strength"": 0.8270041000214436, ""oscillator.student_t_nu"": 3.5929231431468, ""oscillator.tau_env"": 24.975164082791256, ""trust.alpha_R_max"": 6.037416887526905, ""trust.beta_1"": 1.2841263128239468, ""trust.beta_2"": 0.3640781252051201, ""trust.g_z_floor"": 0.10662282663382955, ""trust.gate_bias"": 0.4059403066544533, ""trust.w_gate_nis"": 0.4138322525136523}",0.485,0.3630010585107436,0.305,0.050507514156240295,0.0,0.04644001153253287,0.0,0.025429260404735074,0.5749065877897646,0.33425742616196286,1.8052612593295587,0.16926111141869732,0.0,98.48102938304166,1.0,0.0,3.8475242887905123
2026-02-27T15:33:23.430370Z,profile1d_quadratic__robust_ossm_ekf,robust_ossm_ekf,67,0.9832375997034697,0.9832375997034697,pruned,5.267506122589111,subject_kfold,1,raw,debug_stage,,/home/gongjae/Projects/resPyre/robust_ossm_ekf/profile1d_quadratic__robust_ossm_ekf/trials/trial_00067,98664fbe5effbfa2,/home/gongjae/Projects/resPyre/robust_ossm_ekf/profile1d_quadratic__robust_ossm_ekf/trials/trial_00067/trial_manifest.json,/home/gongjae/Projects/resPyre/robust_ossm_ekf/profile1d_quadratic__robust_ossm_ekf/trials/trial_00067/metrics_summary.json,"{""oscillator.g_z_eff_floor_ratio"": 0.2955175640680248, ""oscillator.post_smooth_alpha"": 0.944576782410776, ""oscillator.qf"": 0.001351429634405326, ""oscillator.qx"": 0.002046774118122382, ""oscillator.rv"": 0.024415181375603837, ""oscillator.rv_auto"": false, ""oscillator.rv_mad_scale"": 0.9536865216788282, ""oscillator.spec_guidance_strength"": 0.8684489830775309, ""oscillator.student_t_nu"": 13.278850886247476, ""oscillator.tau_env"": 47.289886244824444, ""trust.alpha_R_max"": 3.0963351646477904, ""trust.beta_1"": 0.5611183642055376, ""trust.beta_2"": 0.8727110569592066, ""trust.g_z_floor"": 0.2722319766700582, ""trust.gate_bias"": 0.454046143811414, ""trust.w_gate_nis"": 0.06445925997218203}",0.36,0.3334523454086905,0.33,0.015767634854771784,0.015767634854771784,0.0,0.0,0.0,0.5612259731364211,0.45989153476303174,1.828375657522316,0.1162074153781632,0.0,96.59751037344398,1.0,0.0,nan
2026-02-27T15:33:28.692850Z,profile1d_quadratic__robust_ossm_ekf,robust_ossm_ekf,68,1.058330213929615,1.058330213929615,pruned,5.160033941268921,subject_kfold,1,raw,debug_quantile,,/home/gongjae/Projects/resPyre/robust_ossm_ekf/profile1d_quadratic__robust_ossm_ekf/trials/trial_00068,021b73ed4d81bfcb,/home/gongjae/Projects/resPyre/robust_ossm_ekf/profile1d_quadratic__robust_ossm_ekf/trials/trial_00068/trial_manifest.json,/home/gongjae/Projects/resPyre/robust_ossm_ekf/profile1d_quadratic__robust_ossm_ekf/trials/trial_00068/metrics_summary.json,"{""oscillator.g_z_eff_floor_ratio"": 0.20004383315765517, ""oscillator.post_smooth_alpha"": 0.8404819293067826, ""oscillator.qf"": 0.0017875558029050317, ""oscillator.qx"": 0.003339177745728729, ""oscillator.rv"": 0.055126111446618886, ""oscillator.rv_auto"": false, ""oscillator.rv_mad_scale"": 0.6943042543608896, ""oscillator.spec_guidance_strength"": 1.1704419747099444, ""oscillator.student_t_nu"": 3.0856645977716286, ""oscillator.tau_env"": 42.83644430288456, ""trust.alpha_R_max"": 6.967645943590863, ""trust.beta_1"": 1.48708337754265, ""trust.beta_2"": 0.4829548311328103, ""trust.g_z_floor"": 0.17419345359337546, ""trust.gate_bias"": 0.5432275606150877, ""trust.w_gate_nis"": 0.35517969039325065}",0.36,0.33420856628193923,0.34,0.02074688796680498,0.02074688796680498,0.0,0.0,0.0,0.5396949768033636,0.4406240999953554,1.8201254595552276,0.07211464126109669,0.0,97.9253112033195,1.0,0.0,nan
2026-02-27T15:33:33.983518Z,profile1d_quadratic__robust_ossm_ekf,robust_ossm_ekf,69,1.0257112151866496,1.0257112151866496,pruned,5.182509183883667,subject_kfold,1,raw,debug_stage,,/home/gongjae/Projects/resPyre/robust_ossm_ekf/profile1d_quadratic__robust_ossm_ekf/trials/trial_00069,8c59eb46278e1d04,/home/gongjae/Projects/resPyre/robust_ossm_ekf/profile1d_quadratic__robust_ossm_ekf/trials/trial_00069/trial_manifest.json,/home/gongjae/Projects/resPyre/robust_ossm_ekf/profile1d_quadratic__robust_ossm_ekf/trials/trial_00069/metrics_summary.json,"{""oscillator.g_z_eff_floor_ratio"": 0.4084671697838747, ""oscillator.post_smooth_alpha"": 0.8970748629536923, ""oscillator.qf"": 0.0029246341792037622, ""oscillator.qx"": 0.0031742790636005817, ""oscillator.rv"": 0.017814902294125728, ""oscillator.rv_auto"": true, ""oscillator.rv_mad_scale"": 0.8125724140692127, ""oscillator.spec_guidance_strength"": 0.8523016619973391, ""oscillator.student_t_nu"": 13.426383193627439, ""oscillator.tau_env"": 57.5419150902322, ""trust.alpha_R_max"": 2.965061886373979, ""trust.beta_1"": 0.7511064602269409, ""trust.beta_2"": 1.0294898907620804, ""trust.g_z_floor"": 0.3850567983144684, ""trust.gate_bias"": 0.4011876700816481, ""trust.w_gate_nis"": 0.12423962109846814}",0.35,0.340346740777648,0.33,0.03236514522821577,0.03236514522821577,0.0,0.0,0.0,0.5726838140504689,0.4727961533536937,1.9837769192488575,0.02008506146896934,0.0,99.5850622406639,1.0,0.0,nan
2026-02-27T15:42:51.289209Z,profile1d_quadratic__robust_ossm_ekf,robust_ossm_ekf,70,0.4217399622699365,0.4217399622699365,completed,557.198260307312,subject_kfold,32,raw,,/home/gongjae/Projects/resPyre/robust_ossm_ekf/profile1d_quadratic__robust_ossm_ekf/trials/trial_00070/run_workspace/results/trial_00070,/home/gongjae/Projects/resPyre/robust_ossm_ekf/profile1d_quadratic__robust_ossm_ekf/trials/trial_00070,8e8fa05e82d2571d,/home/gongjae/Projects/resPyre/robust_ossm_ekf/profile1d_quadratic__robust_ossm_ekf/trials/trial_00070/trial_manifest.json,/home/gongjae/Projects/resPyre/robust_ossm_ekf/profile1d_quadratic__robust_ossm_ekf/trials/trial_00070/metrics_summary.json,"{""oscillator.g_z_eff_floor_ratio"": 0.2370814148365838, ""oscillator.post_smooth_alpha"": 0.8929568255391618, ""oscillator.qf"": 0.0026862130006880037, ""oscillator.qx"": 0.000566356841966685, ""oscillator.rv"": 0.013969083413066363, ""oscillator.rv_auto"": true, ""oscillator.rv_mad_scale"": 0.9752010121103288, ""oscillator.spec_guidance_strength"": 1.0324419794803896, ""oscillator.student_t_nu"": 3.6692115437312722, ""oscillator.tau_env"": 21.792643476991145, ""trust.alpha_R_max"": 6.238341297400086, ""trust.beta_1"": 1.3403982091500337, ""trust.beta_2"": 0.39251078464544475, ""trust.g_z_floor"": 0.22934140039749562, ""trust.gate_bias"": 0.3411960706404253, ""trust.w_gate_nis"": 0.23900185749749978}",0.395,0.3347165487716452,0.195,0.013168947297114212,0.0,0.0077750206782464856,0.0,0.05677677726617484,0.5932464605866371,0.34753772138000405,1.9006666137108144,0.15561198347603822,0.0,98.01242201945604,1.0,0.0,0.6887760330479236
2026-02-27T15:52:03.140197Z,profile1d_quadratic__robust_ossm_ekf,robust_ossm_ekf,71,0.5910118253895746,0.5910118253895746,pruned,551.7274668216705,subject_kfold,32,raw,full_objective,/home/gongjae/Projects/resPyre/robust_ossm_ekf/profile1d_quadratic__robust_ossm_ekf/trials/trial_00071/run_workspace/results/trial_00071,/home/gongjae/Projects/resPyre/robust_ossm_ekf/profile1d_quadratic__robust_ossm_ekf/trials/trial_00071,d3202c893ef1327e,/home/gongjae/Projects/resPyre/robust_ossm_ekf/profile1d_quadratic__robust_ossm_ekf/trials/trial_00071/trial_manifest.json,/home/gongjae/Projects/resPyre/robust_ossm_ekf/profile1d_quadratic__robust_ossm_ekf/trials/trial_00071/metrics_summary.json,"{""oscillator.g_z_eff_floor_ratio"": 0.21928383064601958, ""oscillator.post_smooth_alpha"": 0.9118289643259818, ""oscillator.qf"": 0.0008303146890570292, ""oscillator.qx"": 0.0005168977863712408, ""oscillator.rv"": 0.019312499676840896, ""oscillator.rv_auto"": true, ""oscillator.rv_mad_scale"": 0.982430316582805, ""oscillator.spec_guidance_strength"": 1.0886857420306857, ""oscillator.student_t_nu"": 3.4001909380893354, ""oscillator.tau_env"": 24.49347987931078, ""trust.alpha_R_max"": 6.189868738802422, ""trust.beta_1"": 1.210926996511631, ""trust.beta_2"": 0.24662268193831655, ""trust.g_z_floor"": 0.28624737473855816, ""trust.gate_bias"": 0.3632145429689369, ""trust.w_gate_nis"": 0.25103928618970994}",0.43999999999999995,0.3450852268274949,0.255,0.021412766234638645,0.01904111870170079,0.0,0.0,0.0017180673960334977,0.589539881967481,0.32812282391861625,1.719120335542917,0.15577120772234376,0.0,91.71845937330252,1.0,0.0,1.5489227008343824
2026-02-27T15:52:08.436413Z,profile1d_quadratic__robust_ossm_ekf,robust_ossm_ekf,72,0.9673365580631337,0.9673365580631337,pruned,5.171908617019653,subject_kfold,1,raw,debug_stage,,/home/gongjae/Projects/resPyre/robust_ossm_ekf/profile1d_quadratic__robust_ossm_ekf/trials/trial_00072,f9da3305278dc70f,/home/gongjae/Projects/resPyre/robust_ossm_ekf/profile1d_quadratic__robust_ossm_ekf/trials/trial_00072/trial_manifest.json,/home/gongjae/Projects/resPyre/robust_ossm_ekf/profile1d_quadratic__robust_ossm_ekf/trials/trial_00072/metrics_summary.json,"{""oscillator.g_z_eff_floor_ratio"": 0.22615061859619473, ""oscillator.post_smooth_alpha"": 0.818754032072708, ""oscillator.qf"": 0.0033816532581215342, ""oscillator.qx"": 0.0008846798167370896, ""oscillator.rv"": 0.016092444131401058, ""oscillator.rv_auto"": true, ""oscillator.rv_mad_scale"": 1.0850826249164307, ""oscillator.spec_guidance_strength"": 1.0063473308165984, ""oscillator.student_t_nu"": 4.570341107784349, ""oscillator.tau_env"": 21.182670881716508, ""trust.alpha_R_max"": 6.368694030464903, ""trust.beta_1"": 1.158116413138924, ""trust.beta_2"": 0.5995890620547193, ""trust.g_z_floor"": 0.25991515310305835, ""trust.gate_bias"": 0.2129262554562968, ""trust.w_gate_nis"": 0.18076193564089307}",0.35,0.34064004528596065,0.32,0.07468879668049792,0.07468879668049792,0.0,0.0,0.0,0.608378275751968,0.493959437771528,1.809012197853192,0.026709563586201704,0.0,99.41908713692946,1.0,0.0,nan
2026-02-27T16:01:21.429133Z,profile1d_quadratic__robust_ossm_ekf,robust_ossm_ekf,73,2.0553551419632794,2.0553551419632794,pruned,552.8783578872681,subject_kfold,32,raw,full_objective,/home/gongjae/Projects/resPyre/robust_ossm_ekf/profile1d_quadratic__robust_ossm_ekf/trials/trial_00073/run_workspace/results/trial_00073,/home/gongjae/Projects/resPyre/robust_ossm_ekf/profile1d_quadratic__robust_ossm_ekf/trials/trial_00073,3e732c60d7b7cd40,/home/gongjae/Projects/resPyre/robust_ossm_ekf/profile1d_quadratic__robust_ossm_ekf/trials/trial_00073/trial_manifest.json,/home/gongjae/Projects/resPyre/robust_ossm_ekf/profile1d_quadratic__robust_ossm_ekf/trials/trial_00073/metrics_summary.json,"{""oscillator.g_z_eff_floor_ratio"": 0.18775540986725409, ""oscillator.post_smooth_alpha"": 0.8515275541590664, ""oscillator.qf"": 0.00113846982429571, ""oscillator.qx"": 0.0004074450987134668, ""oscillator.rv"": 0.00869738014049662, ""oscillator.rv_auto"": true, ""oscillator.rv_mad_scale"": 0.9779056526325767, ""oscillator.spec_guidance_strength"": 0.7363792691485196, ""oscillator.student_t_nu"": 4.59873143012671, ""oscillator.tau_env"": 31.502889991787505, ""trust.alpha_R_max"": 6.395065772579196, ""trust.beta_1"": 1.632478639100515, ""trust.beta_2"": 0.4164637766130681, ""trust.g_z_floor"": 0.19908579129381812, ""trust.gate_bias"": 0.25988200807053724, ""trust.w_gate_nis"": 0.14590600069735038}",0.565,0.3725290182830301,0.48,0.050463492790112155,0.029018902927936192,0.02901100383985378,0.0,0.01648773339360349,0.6361398620641701,0.3299292303748715,1.9664723022369026,0.1922201812286714,0.0,91.6783018584525,1.0,0.0,12.364752144002605
2026-02-27T16:10:31.298476Z,profile1d_quadratic__robust_ossm_ekf,robust_ossm_ekf,74,3.2973986149926877,3.2973986149926877,pruned,549.7427690029144,subject_kfold,32,raw,full_objective,/home/gongjae/Projects/resPyre/robust_ossm_ekf/profile1d_quadratic__robust_ossm_ekf/trials/trial_00074/run_workspace/results/trial_00074,/home/gongjae/Projects/resPyre/robust_ossm_ekf/profile1d_quadratic__robust_ossm_ekf/trials/trial_00074,6d0ffe92730e8f11,/home/gongjae/Projects/resPyre/robust_ossm_ekf/profile1d_quadratic__robust_ossm_ekf/trials/trial_00074/trial_manifest.json,/home/gongjae/Projects/resPyre/robust_ossm_ekf/profile1d_quadratic__robust_ossm_ekf/trials/trial_00074/metrics_summary.json,"{""oscillator.g_z_eff_floor_ratio"": 0.3625344421412728, ""oscillator.post_smooth_alpha"": 0.9122590470518025, ""oscillator.qf"": 0.004821979561882932, ""oscillator.qx"": 0.00045915099638697094, ""oscillator.rv"": 0.014457552673452964, ""oscillator.rv_auto"": true, ""oscillator.rv_mad_scale"": 1.0659034743931848, ""oscillator.spec_guidance_strength"": 1.0962280201752408, ""oscillator.student_t_nu"": 4.875305930375652, ""oscillator.tau_env"": 24.44387323772935, ""trust.alpha_R_max"": 6.519500916614694, ""trust.beta_1"": 1.3001350543042165, ""trust.beta_2"": 0.3350978935536774, ""trust.g_z_floor"": 0.22320392136836484, ""trust.gate_bias"": 0.41764485694957215, ""trust.w_gate_nis"": 0.26458621020509004}",0.53,0.4022780120525172,0.7,0.07900437019344339,0.006486372182611374,0.07900437019344339,0.0,0.09963765507300522,0.593239841700836,0.30715285209954946,1.8290751612724319,0.2493366794987197,0.0,97.31098228663447,1.0,0.0,22.240021731441836
2026-02-27T16:19:45.282185Z,profile1d_quadratic__robust_ossm_ekf,robust_ossm_ekf,75,0.45534414290999853,0.45534414290999853,completed,553.8516800403595,subject_kfold,32,raw,,/home/gongjae/Projects/resPyre/robust_ossm_ekf/profile1d_quadratic__robust_ossm_ekf/trials/trial_00075/run_workspace/results/trial_00075,/home/gongjae/Projects/resPyre/robust_ossm_ekf/profile1d_quadratic__robust_ossm_ekf/trials/trial_00075,03f0cb1b0b191c94,/home/gongjae/Projects/resPyre/robust_ossm_ekf/profile1d_quadratic__robust_ossm_ekf/trials/trial_00075/trial_manifest.json,/home/gongjae/Projects/resPyre/robust_ossm_ekf/profile1d_quadratic__robust_ossm_ekf/trials/trial_00075/metrics_summary.json,"{""oscillator.g_z_eff_floor_ratio"": 0.30271243338085774, ""oscillator.post_smooth_alpha"": 0.9679303118449702, ""oscillator.qf"": 0.0031767681982652132, ""oscillator.qx"": 0.0006229063322932484, ""oscillator.rv"": 0.020129443316815883, ""oscillator.rv_auto"": true, ""oscillator.rv_mad_scale"": 0.995518846702018, ""oscillator.spec_guidance_strength"": 1.1795686876253062, ""oscillator.student_t_nu"": 5.492173340592053, ""oscillator.tau_env"": 29.163186864869147, ""trust.alpha_R_max"": 5.838544778548292, ""trust.beta_1"": 1.2436780647191292, ""trust.beta_2"": 0.7942433634036078, ""trust.g_z_floor"": 0.16964011018801867, ""trust.gate_bias"": 0.22485998246423308, ""trust.w_gate_nis"": 0.35325163111512625}",0.42,0.3301682754152738,0.2,0.019082671201934576,0.000819672131147541,0.013641832263533143,0.0,0.07400071713557607,0.608774878168237,0.35943357912374396,2.097809205227253,0.1551078438567181,0.0,98.428006052846,1.0,0.0,0.7386889149001901
2026-02-27T16:19:50.692178Z,profile1d_quadratic__robust_ossm_ekf,robust_ossm_ekf,76,0.9752186874611177,0.9752186874611177,pruned,5.281251430511475,subject_kfold,1,raw,debug_stage,,/home/gongjae/Projects/resPyre/robust_ossm_ekf/profile1d_quadratic__robust_ossm_ekf/trials/trial_00076,5e92fb25a9cc25c4,/home/gongjae/Projects/resPyre/robust_ossm_ekf/profile1d_quadratic__robust_ossm_ekf/trials/trial_00076/trial_manifest.json,/home/gongjae/Projects/resPyre/robust_ossm_ekf/profile1d_quadratic__robust_ossm_ekf/trials/trial_00076/metrics_summary.json,"{""oscillator.g_z_eff_floor_ratio"": 0.20755083988477616, ""oscillator.post_smooth_alpha"": 0.8807159688182801, ""oscillator.qf"": 0.004001453167801656, ""oscillator.qx"": 0.0004610874621025338, ""oscillator.rv"": 0.012691339233824763, ""oscillator.rv_auto"": false, ""oscillator.rv_mad_scale"": 0.8781370786940462, ""oscillator.spec_guidance_strength"": 0.8283171048859027, ""oscillator.student_t_nu"": 5.982376874368409, ""oscillator.tau_env"": 21.207013314980752, ""trust.alpha_R_max"": 6.416766805962812, ""trust.beta_1"": 1.4250930409086977, ""trust.beta_2"": 0.416166814812929, ""trust.g_z_floor"": 0.1229615519565246, ""trust.gate_bias"": 0.3635860802800132, ""trust.w_gate_nis"": 0.21949619220246155}",0.37,0.3391588380298821,0.34,0.008298755186721992,0.0,0.008298755186721992,0.0,0.0,0.5684637412526529,0.463912942935775,1.7588495355075604,0.3103919725859441,0.0,97.0954356846473,1.0,0.0,nan
2026-02-27T16:29:00.284103Z,profile1d_quadratic__robust_ossm_ekf,robust_ossm_ekf,77,0.4227966041079914,0.4227966041079914,completed,549.4801218509674,subject_kfold,32,raw,,/home/gongjae/Projects/resPyre/robust_ossm_ekf/profile1d_quadratic__robust_ossm_ekf/trials/trial_00077/run_workspace/results/trial_00077,/home/gongjae/Projects/resPyre/robust_ossm_ekf/profile1d_quadratic__robust_ossm_ekf/trials/trial_00077,c3219e14cae51ee4,/home/gongjae/Projects/resPyre/robust_ossm_ekf/profile1d_quadratic__robust_ossm_ekf/trials/trial_00077/trial_manifest.json,/home/gongjae/Projects/resPyre/robust_ossm_ekf/profile1d_quadratic__robust_ossm_ekf/trials/trial_00077/metrics_summary.json,"{""oscillator.g_z_eff_floor_ratio"": 0.228331321985514, ""oscillator.post_smooth_alpha"": 0.8089577602869001, ""oscillator.qf"": 0.0006612044590099273, ""oscillator.qx"": 0.0005464067751425284, ""oscillator.rv"": 0.01004237301796234, ""oscillator.rv_auto"": true, ""oscillator.rv_mad_scale"": 1.056849905936424, ""oscillator.spec_guidance_strength"": 0.8025275002261603, ""oscillator.student_t_nu"": 11.24754060504592, ""oscillator.tau_env"": 45.39494550120652, ""trust.alpha_R_max"": 5.272114055517102, ""trust.beta_1"": 0.6798454171377599, ""trust.beta_2"": 0.27226171921385545, ""trust.g_z_floor"": 0.11715652776144739, ""trust.gate_bias"": 0.26773758321411706, ""trust.w_gate_nis"": 0.3677283342931362}",0.425,0.32133128166740965,0.18,0.01936226919068374,0.017417131722882073,0.0,0.0,0.0,0.6518584717544467,0.36000755508576376,1.4559814832162892,0.16460168750080006,0.0,92.30488499608344,1.0,0.0,0.6707966249983999
2026-02-27T16:38:18.929779Z,profile1d_quadratic__robust_ossm_ekf,robust_ossm_ekf,78,2.040337722011734,2.040337722011734,pruned,558.5100588798523,subject_kfold,32,raw,full_objective,/home/gongjae/Projects/resPyre/robust_ossm_ekf/profile1d_quadratic__robust_ossm_ekf/trials/trial_00078/run_workspace/results/trial_00078,/home/gongjae/Projects/resPyre/robust_ossm_ekf/profile1d_quadratic__robust_ossm_ekf/trials/trial_00078,55ed01971cdac9c8,/home/gongjae/Projects/resPyre/robust_ossm_ekf/profile1d_quadratic__robust_ossm_ekf/trials/trial_00078/trial_manifest.json,/home/gongjae/Projects/resPyre/robust_ossm_ekf/profile1d_quadratic__robust_ossm_ekf/trials/trial_00078/metrics_summary.json,"{""oscillator.g_z_eff_floor_ratio"": 0.33520061318870603, ""oscillator.post_smooth_alpha"": 0.7622822662571158, ""oscillator.qf"": 0.0011953298582516422, ""oscillator.qx"": 0.000564428260243091, ""oscillator.rv"": 0.009203010940551768, ""oscillator.rv_auto"": true, ""oscillator.rv_mad_scale"": 0.9263217962617994, ""oscillator.spec_guidance_strength"": 0.8393113293975032, ""oscillator.student_t_nu"": 10.907030692236798, ""oscillator.tau_env"": 40.480586516333986, ""trust.alpha_R_max"": 5.940001567853645, ""trust.beta_1"": 0.6296515347555709, ""trust.beta_2"": 0.44924137608266446, ""trust.g_z_floor"": 0.1545970064399903, ""trust.gate_bias"": 0.4130238749256234, ""trust.w_gate_nis"": 0.4064240788000884}",0.55,0.37392809860687437,0.485,0.04181246214391496,0.026194379572204093,0.030533339352530373,0.0,0.013134657972540001,0.5941799084290176,0.31554796387917117,1.6034890465217142,0.2186785262368302,0.0,92.17278179514486,1.0,0.0,12.440226926854505
2026-02-27T16:47:29.694827Z,profile1d_quadratic__robust_ossm_ekf,robust_ossm_ekf,79,3.12698369775746,3.12698369775746,pruned,550.6344757080078,subject_kfold,32,raw,full_objective,/home/gongjae/Projects/resPyre/robust_ossm_ekf/profile1d_quadratic__robust_ossm_ekf/trials/trial_00079/run_workspace/results/trial_00079,/home/gongjae/Projects/resPyre/robust_ossm_ekf/profile1d_quadratic__robust_ossm_ekf/trials/trial_00079,365596f365dfed98,/home/gongjae/Projects/resPyre/robust_ossm_ekf/profile1d_quadratic__robust_ossm_ekf/trials/trial_00079/trial_manifest.json,/home/gongjae/Projects/resPyre/robust_ossm_ekf/profile1d_quadratic__robust_ossm_ekf/trials/trial_00079/metrics_summary.json,"{""oscillator.g_z_eff_floor_ratio"": 0.1920868913326206, ""oscillator.post_smooth_alpha"": 0.9296138635366628, ""oscillator.qf"": 0.003765210861424866, ""oscillator.qx"": 0.0005957030156910731, ""oscillator.rv"": 0.013292348111213353, ""oscillator.rv_auto"": true, ""oscillator.rv_mad_scale"": 0.9292265248351107, ""oscillator.spec_guidance_strength"": 1.0493205269514563, ""oscillator.student_t_nu"": 3.094223956902903, ""oscillator.tau_env"": 24.85600909317735, ""trust.alpha_R_max"": 5.2819675221035, ""trust.beta_1"": 1.614162095968813, ""trust.beta_2"": 0.43222913869064417, ""trust.g_z_floor"": 0.2765411208412571, ""trust.gate_bias"": 0.3592518831799249, ""trust.w_gate_nis"": 0.09820301637075812}",0.525,0.3997009549826963,0.67,0.05609894222945484,0.0020047715699889612,0.05609894222945484,0.0,0.07730739079682852,0.6154657030319572,0.30917159923687665,1.995307620715284,0.18837778748236483,0.0,97.15506757908236,1.0,0.0,20.93186845604302
2026-02-27T16:56:41.457544Z,profile1d_quadratic__robust_ossm_ekf,robust_ossm_ekf,80,0.5832350884690684,0.5832350884690684,pruned,551.6237406730652,subject_kfold,32,raw,full_objective,/home/gongjae/Projects/resPyre/robust_ossm_ekf/profile1d_quadratic__robust_ossm_ekf/trials/trial_00080/run_workspace/results/trial_00080,/home/gongjae/Projects/resPyre/robust_ossm_ekf/profile1d_quadratic__robust_ossm_ekf/trials/trial_00080,4af20d21a01ce8f9,/home/gongjae/Projects/resPyre/robust_ossm_ekf/profile1d_quadratic__robust_ossm_ekf/trials/trial_00080/trial_manifest.json,/home/gongjae/Projects/resPyre/robust_ossm_ekf/profile1d_quadratic__robust_ossm_ekf/trials/trial_00080/metrics_summary.json,"{""oscillator.g_z_eff_floor_ratio"": 0.18343575074381513, ""oscillator.post_smooth_alpha"": 0.8280869990491839, ""oscillator.qf"": 0.00037819680002413247, ""oscillator.qx"": 0.0006434953008779821, ""oscillator.rv"": 0.010223371814535533, ""oscillator.rv_auto"": true, ""oscillator.rv_mad_scale"": 1.0418281761394115, ""oscillator.spec_guidance_strength"": 0.9236005759701746, ""oscillator.student_t_nu"": 11.662912012176996, ""oscillator.tau_env"": 45.25590208522748, ""trust.alpha_R_max"": 3.7570862030092287, ""trust.beta_1"": 0.6177568442112477, ""trust.beta_2"": 0.31639040115889183, ""trust.g_z_floor"": 0.12803719631816757, ""trust.gate_bias"": 0.47132385866840915, ""trust.w_gate_nis"": 0.3528002808255869}",0.405,0.3305715616464504,0.26,0.0454727800616098,0.04334992444997036,0.0,0.0,0.011745576619160703,0.5632523923107567,0.29400133763866687,1.574563254197595,0.18168542479483568,0.0,90.56680383712091,1.0,0.0,1.7296524062242828
2026-02-27T17:05:56.656117Z,profile1d_quadratic__robust_ossm_ekf,robust_ossm_ekf,81,0.8692600158736424,0.8692600158736424,pruned,555.0585646629333,subject_kfold,32,raw,full_objective,/home/gongjae/Projects/resPyre/robust_ossm_ekf/profile1d_quadratic__robust_ossm_ekf/trials/trial_00081/run_workspace/results/trial_00081,/home/gongjae/Projects/resPyre/robust_ossm_ekf/profile1d_quadratic__robust_ossm_ekf/trials/trial_00081,44d7ef793d700f70,/home/gongjae/Projects/resPyre/robust_ossm_ekf/profile1d_quadratic__robust_ossm_ekf/trials/trial_00081/trial_manifest.json,/home/gongjae/Projects/resPyre/robust_ossm_ekf/profile1d_quadratic__robust_ossm_ekf/trials/trial_00081/metrics_summary.json,"{""oscillator.g_z_eff_floor_ratio"": 0.24444426775123662, ""oscillator.post_smooth_alpha"": 0.7776299307436625, ""oscillator.qf"": 0.0010190192405118883, ""oscillator.qx"": 0.000701076098001709, ""oscillator.rv"": 0.012092414210530946, ""oscillator.rv_auto"": true, ""oscillator.rv_mad_scale"": 1.056074545634844, ""oscillator.spec_guidance_strength"": 0.6381085606742187, ""oscillator.student_t_nu"": 11.212603066008409, ""oscillator.tau_env"": 52.25754231656787, ""trust.alpha_R_max"": 6.205665442720479, ""trust.beta_1"": 0.5795185051266832, ""trust.beta_2"": 0.3204132008572307, ""trust.g_z_floor"": 0.15602130607286666, ""trust.gate_bias"": 0.26092435573054723, ""trust.w_gate_nis"": 0.19670763652748605}",0.435,0.3370041181547081,0.305,0.025012186165614864,0.018412092187465014,0.0,0.0,0.00046289139832186193,0.6075095911126518,0.3414777924428403,1.5241120646137327,0.16487879480393353,0.0,93.25046500271594,1.0,0.0,3.85628892202004
2026-02-27T17:15:07.825504Z,profile1d_quadratic__robust_ossm_ekf,robust_ossm_ekf,82,0.42582765785657906,0.42582765785657906,completed,551.0292224884033,subject_kfold,32,raw,,/home/gongjae/Projects/resPyre/robust_ossm_ekf/profile1d_quadratic__robust_ossm_ekf/trials/trial_00082/run_workspace/results/trial_00082,/home/gongjae/Projects/resPyre/robust_ossm_ekf/profile1d_quadratic__robust_ossm_ekf/trials/trial_00082,cf9332d86e4e8758,/home/gongjae/Projects/resPyre/robust_ossm_ekf/profile1d_quadratic__robust_ossm_ekf/trials/trial_00082/trial_manifest.json,/home/gongjae/Projects/resPyre/robust_ossm_ekf/profile1d_quadratic__robust_ossm_ekf/trials/trial_00082/metrics_summary.json,"{""oscillator.g_z_eff_floor_ratio"": 0.26386719350276, ""oscillator.post_smooth_alpha"": 0.8648495392396186, ""oscillator.qf"": 0.0013269603639147665, ""oscillator.qx"": 0.0008265335424375809, ""oscillator.rv"": 0.00842986428150178, ""oscillator.rv_auto"": true, ""oscillator.rv_mad_scale"": 1.0592765970977216, ""oscillator.spec_guidance_strength"": 0.6474053689939668, ""oscillator.student_t_nu"": 9.929985795640748, ""oscillator.tau_env"": 34.763399743700354, ""trust.alpha_R_max"": 3.657911250397399, ""trust.beta_1"": 0.5828739559656175, ""trust.beta_2"": 0.5434954919836938, ""trust.g_z_floor"": 0.22684829152932684, ""trust.gate_bias"": 0.27133723461714726, ""trust.w_gate_nis"": 0.35681937158211724}",0.43,0.3161383657719717,0.16499999999999998,0.018033063557701443,0.0012406947890818859,0.0,0.0,0.0015749785415733691,0.6532991445706743,0.36875383879857415,1.5160293004274976,0.1495185263360224,0.0,96.32365309190132,1.0,0.0,0.7009629473279553
2026-02-27T17:15:13.120158Z,profile1d_quadratic__robust_ossm_ekf,robust_ossm_ekf,83,1.0177643548367232,1.0177643548367232,pruned,5.168483257293701,subject_kfold,1,raw,debug_quantile,,/home/gongjae/Projects/resPyre/robust_ossm_ekf/profile1d_quadratic__robust_ossm_ekf/trials/trial_00083,02866cdf9cb74543,/home/gongjae/Projects/resPyre/robust_ossm_ekf/profile1d_quadratic__robust_ossm_ekf/trials/trial_00083/trial_manifest.json,/home/gongjae/Projects/resPyre/robust_ossm_ekf/profile1d_quadratic__robust_ossm_ekf/trials/trial_00083/metrics_summary.json,"{""oscillator.g_z_eff_floor_ratio"": 0.37881283172277813, ""oscillator.post_smooth_alpha"": 0.8702131241841184, ""oscillator.qf"": 0.0028269838772834537, ""oscillator.qx"": 0.0014856524149989303, ""oscillator.rv"": 0.008305807785205427, ""oscillator.rv_auto"": true, ""oscillator.rv_mad_scale"": 0.9922078089731128, ""oscillator.spec_guidance_strength"": 0.5648382111856762, ""oscillator.student_t_nu"": 9.54717375989703, ""oscillator.tau_env"": 33.51137311065851, ""trust.alpha_R_max"": 4.570628984649892, ""trust.beta_1"": 0.6115218704990387, ""trust.beta_2"": 0.7852805433676189, ""trust.g_z_floor"": 0.24052503915511447, ""trust.gate_bias"": 0.26351486212531333, ""trust.w_gate_nis"": 0.3231096208724924}",0.35,0.33762278581394356,0.33,0.03568464730290456,0.03568464730290456,0.0,0.0,0.0,0.5984398135641344,0.4909576627735504,1.7851453083852575,0.02285666855231064,0.0,99.50207468879668,1.0,0.0,nan
2026-02-27T17:24:27.795600Z,profile1d_quadratic__robust_ossm_ekf,robust_ossm_ekf,84,2.236458752631514,2.236458752631514,pruned,554.5504248142242,subject_kfold,32,raw,full_objective,/home/gongjae/Projects/resPyre/robust_ossm_ekf/profile1d_quadratic__robust_ossm_ekf/trials/trial_00084/run_workspace/results/trial_00084,/home/gongjae/Projects/resPyre/robust_ossm_ekf/profile1d_quadratic__robust_ossm_ekf/trials/trial_00084,13ec97fe246bc352,/home/gongjae/Projects/resPyre/robust_ossm_ekf/profile1d_quadratic__robust_ossm_ekf/trials/trial_00084/trial_manifest.json,/home/gongjae/Projects/resPyre/robust_ossm_ekf/profile1d_quadratic__robust_ossm_ekf/trials/trial_00084/metrics_summary.json,"{""oscillator.g_z_eff_floor_ratio"": 0.30772600262014127, ""oscillator.post_smooth_alpha"": 0.8635380068959628, ""oscillator.qf"": 0.0007818888433527019, ""oscillator.qx"": 0.00091290037980034, ""oscillator.rv"": 0.009499759359327583, ""oscillator.rv_auto"": true, ""oscillator.rv_mad_scale"": 1.0882561869514409, ""oscillator.spec_guidance_strength"": 0.8249092751677392, ""oscillator.student_t_nu"": 10.255257729856432, ""oscillator.tau_env"": 20.258600638703356, ""trust.alpha_R_max"": 3.1619521286759884, ""trust.beta_1"": 0.6812725893757525, ""trust.beta_2"": 0.5451606179443349, ""trust.g_z_floor"": 0.297375290809855, ""trust.gate_bias"": 0.2777965368114616, ""trust.w_gate_nis"": 0.3781540680430195}",0.525,0.388942311500757,0.525,0.015457829283277897,0.014219571477635994,0.0,0.0,0.0,0.6176757525139298,0.30622088969985845,1.6723491776638884,0.20369609748861792,0.0,89.94368463395011,1.0,0.0,14.157045789518891
2026-02-27T17:33:39.667236Z,profile1d_quadratic__robust_ossm_ekf,robust_ossm_ekf,85,0.5795345078809929,0.5795345078809929,pruned,551.7392628192902,subject_kfold,32,raw,full_objective,/home/gongjae/Projects/resPyre/robust_ossm_ekf/profile1d_quadratic__robust_ossm_ekf/trials/trial_00085/run_workspace/results/trial_00085,/home/gongjae/Projects/resPyre/robust_ossm_ekf/profile1d_quadratic__robust_ossm_ekf/trials/trial_00085,2413997a7222e63f,/home/gongjae/Projects/resPyre/robust_ossm_ekf/profile1d_quadratic__robust_ossm_ekf/trials/trial_00085/trial_manifest.json,/home/gongjae/Projects/resPyre/robust_ossm_ekf/profile1d_quadratic__robust_ossm_ekf/trials/trial_00085/metrics_summary.json,"{""oscillator.g_z_eff_floor_ratio"": 0.22036456813417601, ""oscillator.post_smooth_alpha"": 0.8909554382308423, ""oscillator.qf"": 0.001516779896775227, ""oscillator.qx"": 0.0006889304553946269, ""oscillator.rv"": 0.010048900327283455, ""oscillator.rv_auto"": true, ""oscillator.rv_mad_scale"": 1.0500853010764517, ""oscillator.spec_guidance_strength"": 0.7093039985109463, ""oscillator.student_t_nu"": 9.022882081774583, ""oscillator.tau_env"": 49.53140570423924, ""trust.alpha_R_max"": 2.9541272808431747, ""trust.beta_1"": 0.5978268553383735, ""trust.beta_2"": 0.5940353728320122, ""trust.g_z_floor"": 0.24342491760054857, ""trust.gate_bias"": 0.2893791013559746, ""trust.w_gate_nis"": 0.4166176118066258}",0.395,0.32436819151596413,0.26,0.016045455781203272,0.0008048447443152374,0.0,0.0,0.04321827650561723,0.5939197477668792,0.33864236929506486,1.731399346595166,0.1670091670650945,0.0,97.31517562836532,1.0,0.0,1.759004921683765
2026-02-27T17:42:48.541548Z,profile1d_quadratic__robust_ossm_ekf,robust_ossm_ekf,86,0.8454343987258427,0.8454343987258427,pruned,548.7411639690399,subject_kfold,32,raw,full_objective,/home/gongjae/Projects/resPyre/robust_ossm_ekf/profile1d_quadratic__robust_ossm_ekf/trials/trial_00086/run_workspace/results/trial_00086,/home/gongjae/Projects/resPyre/robust_ossm_ekf/profile1d_quadratic__robust_ossm_ekf/trials/trial_00086,8d7b8b4a1168012b,/home/gongjae/Projects/resPyre/robust_ossm_ekf/profile1d_quadratic__robust_ossm_ekf/trials/trial_00086/trial_manifest.json,/home/gongjae/Projects/resPyre/robust_ossm_ekf/profile1d_quadratic__robust_ossm_ekf/trials/trial_00086/metrics_summary.json,"{""oscillator.g_z_eff_floor_ratio"": 0.3006790321467937, ""oscillator.post_smooth_alpha"": 0.8045207591696567, ""oscillator.qf"": 0.0006596533765311167, ""oscillator.qx"": 0.0012702330310623824, ""oscillator.rv"": 0.013221209829318702, ""oscillator.rv_auto"": true, ""oscillator.rv_mad_scale"": 1.060065401846022, ""oscillator.spec_guidance_strength"": 0.7538185754495428, ""oscillator.student_t_nu"": 12.150687564722723, ""oscillator.tau_env"": 48.04377600540137, ""trust.alpha_R_max"": 5.635634258946389, ""trust.beta_1"": 0.663824060541505, ""trust.beta_2"": 0.3176514798473095, ""trust.g_z_floor"": 0.1162917330362245, ""trust.gate_bias"": 0.3267730782808373, ""trust.w_gate_nis"": 0.39757115050889236}",0.435,0.33655867874583023,0.3,0.021527477496806478,0.018906931361757535,0.0,0.0,0.0040438165438165434,0.5909579851059452,0.32861945532420267,1.557377852666895,0.15146294799646548,0.0,90.64959821097796,1.0,0.0,3.6505624761000917
2026-02-27T17:42:53.819634Z,profile1d_quadratic__robust_ossm_ekf,robust_ossm_ekf,87,0.9529953107301419,0.9529953107301419,pruned,5.1507346630096436,subject_kfold,1,raw,debug_stage,,/home/gongjae/Projects/resPyre/robust_ossm_ekf/profile1d_quadratic__robust_ossm_ekf/trials/trial_00087,9012d5a7db6dc8a0,/home/gongjae/Projects/resPyre/robust_ossm_ekf/profile1d_quadratic__robust_ossm_ekf/trials/trial_00087/trial_manifest.json,/home/gongjae/Projects/resPyre/robust_ossm_ekf/profile1d_quadratic__robust_ossm_ekf/trials/trial_00087/metrics_summary.json,"{""oscillator.g_z_eff_floor_ratio"": 0.48041635661958243, ""oscillator.post_smooth_alpha"": 0.8497608171831453, ""oscillator.qf"": 0.0009349440577520721, ""oscillator.qx"": 0.0022281322285971094, ""oscillator.rv"": 0.010755990458334409, ""oscillator.rv_auto"": true, ""oscillator.rv_mad_scale"": 1.0580763082971372, ""oscillator.spec_guidance_strength"": 0.6995562655561917, ""oscillator.student_t_nu"": 9.883940288373708, ""oscillator.tau_env"": 43.729765133050975, ""trust.alpha_R_max"": 2.7805353194359093, ""trust.beta_1"": 0.5849851736771708, ""trust.beta_2"": 0.439364017842605, ""trust.g_z_floor"": 0.1406727747304238, ""trust.gate_bias"": 0.42635461629425925, ""trust.w_gate_nis"": 0.2892128593310961}",0.36,0.34977055506047267,0.32,0.046473029045643155,0.046473029045643155,0.0,0.0,0.0,0.5667668577162243,0.4737094360773545,1.545846569702925,0.02667348018151482,0.0,97.17842323651452,1.0,0.0,nan
2026-02-27T17:52:07.122529Z,profile1d_quadratic__robust_ossm_ekf,robust_ossm_ekf,88,2.377235265005096,2.377235265005096,pruned,553.188390493393,subject_kfold,32,raw,full_objective,/home/gongjae/Projects/resPyre/robust_ossm_ekf/profile1d_quadratic__robust_ossm_ekf/trials/trial_00088/run_workspace/results/trial_00088,/home/gongjae/Projects/resPyre/robust_ossm_ekf/profile1d_quadratic__robust_ossm_ekf/trials/trial_00088,2a7e5cf2bba48bac,/home/gongjae/Projects/resPyre/robust_ossm_ekf/profile1d_quadratic__robust_ossm_ekf/trials/trial_00088/trial_manifest.json,/home/gongjae/Projects/resPyre/robust_ossm_ekf/profile1d_quadratic__robust_ossm_ekf/trials/trial_00088/metrics_summary.json,"{""oscillator.g_z_eff_floor_ratio"": 0.31410699452284396, ""oscillator.post_smooth_alpha"": 0.7439498865153054, ""oscillator.qf"": 0.0002703373884887987, ""oscillator.qx"": 0.0011776746410811628, ""oscillator.rv"": 0.009344406571500982, ""oscillator.rv_auto"": true, ""oscillator.rv_mad_scale"": 1.0913705682671873, ""oscillator.spec_guidance_strength"": 0.9760091811736894, ""oscillator.student_t_nu"": 10.414117869803412, ""oscillator.tau_env"": 46.616101467638735, ""trust.alpha_R_max"": 5.253733432165377, ""trust.beta_1"": 0.813854774521983, ""trust.beta_2"": 0.16979454328928056, ""trust.g_z_floor"": 0.1251043555032908, ""trust.gate_bias"": 0.2106796881316582, ""trust.w_gate_nis"": 0.2729536636893398}",0.54,0.3756896262323872,0.54,0.06729124456748689,0.06729124456748689,0.0,0.0,0.0009312913907284768,0.638651830614255,0.32257437583006815,1.5248733512217443,0.21312379789556107,0.0,76.64085317705707,1.0,0.0,15.016647700758766
2026-02-27T17:52:12.382687Z,profile1d_quadratic__robust_ossm_ekf,robust_ossm_ekf,89,0.992020539906053,0.992020539906053,pruned,5.1298370361328125,subject_kfold,1,raw,debug_stage,,/home/gongjae/Projects/resPyre/robust_ossm_ekf/profile1d_quadratic__robust_ossm_ekf/trials/trial_00089,1a57c23b529a2c41,/home/gongjae/Projects/resPyre/robust_ossm_ekf/profile1d_quadratic__robust_ossm_ekf/trials/trial_00089/trial_manifest.json,/home/gongjae/Projects/resPyre/robust_ossm_ekf/profile1d_quadratic__robust_ossm_ekf/trials/trial_00089/metrics_summary.json,"{""oscillator.g_z_eff_floor_ratio"": 0.20628006561721618, ""oscillator.post_smooth_alpha"": 0.8297189019804515, ""oscillator.qf"": 0.002135674837713264, ""oscillator.qx"": 0.0007800687246777132, ""oscillator.rv"": 0.008796295034871941, ""oscillator.rv_auto"": false, ""oscillator.rv_mad_scale"": 1.0242016971577566, ""oscillator.spec_guidance_strength"": 0.5610335668346618, ""oscillator.student_t_nu"": 10.691973128995773, ""oscillator.tau_env"": 40.68999341499142, ""trust.alpha_R_max"": 3.3362737138408813, ""trust.beta_1"": 0.7762203423718375, ""trust.beta_2"": 0.23183724959937585, ""trust.g_z_floor"": 0.2545180795518716, ""trust.gate_bias"": 0.22822942732709925, ""trust.w_gate_nis"": 0.2907598166286319}",0.37,0.3402027515306934,0.34,0.0,0.0,0.0,0.0,0.0,0.5927634301735338,0.483898211750348,1.4602351733798424,0.24224033665727057,0.0,96.84647302904564,1.0,0.0,nan
2026-02-27T17:52:17.674062Z,profile1d_quadratic__robust_ossm_ekf,robust_ossm_ekf,90,0.9588273437883297,0.9588273437883297,pruned,5.169440031051636,subject_kfold,1,raw,debug_stage,,/home/gongjae/Projects/resPyre/robust_ossm_ekf/profile1d_quadratic__robust_ossm_ekf/trials/trial_00090,8c80416682b729a5,/home/gongjae/Projects/resPyre/robust_ossm_ekf/profile1d_quadratic__robust_ossm_ekf/trials/trial_00090/trial_manifest.json,/home/gongjae/Projects/resPyre/robust_ossm_ekf/profile1d_quadratic__robust_ossm_ekf/trials/trial_00090/metrics_summary.json,"{""oscillator.g_z_eff_floor_ratio"": 0.2216854173544079, ""oscillator.post_smooth_alpha"": 0.8475147345038883, ""oscillator.qf"": 0.0021404679549049447, ""oscillator.qx"": 0.0009367287026145068, ""oscillator.rv"": 0.015718962566760936, ""oscillator.rv_auto"": true, ""oscillator.rv_mad_scale"": 1.0053012003015414, ""oscillator.spec_guidance_strength"": 0.6466244836718827, ""oscillator.student_t_nu"": 9.491187268392887, ""oscillator.tau_env"": 28.011179535249735, ""trust.alpha_R_max"": 4.300347254511971, ""trust.beta_1"": 0.7867863502066634, ""trust.beta_2"": 0.3749273508376127, ""trust.g_z_floor"": 0.19897014872143323, ""trust.gate_bias"": 0.3127491875929715, ""trust.w_gate_nis"": 0.3716864866208605}",0.35,0.33945142490279534,0.32,0.07634854771784233,0.07634854771784233,0.0,0.0,0.0,0.5884853191137298,0.4756322863906507,1.5589076668765316,0.028274453018603044,0.0,98.83817427385893,1.0,0.0,nan
2026-02-27T18:01:28.175784Z,profile1d_quadratic__robust_ossm_ekf,robust_ossm_ekf,91,0.6785656885791888,0.6785656885791888,pruned,550.3825182914734,subject_kfold,32,raw,full_objective,/home/gongjae/Projects/resPyre/robust_ossm_ekf/profile1d_quadratic__robust_ossm_ekf/trials/trial_00091/run_workspace/results/trial_00091,/home/gongjae/Projects/resPyre/robust_ossm_ekf/profile1d_quadratic__robust_ossm_ekf/trials/trial_00091,f5a1d0e7fc030f00,/home/gongjae/Projects/resPyre/robust_ossm_ekf/profile1d_quadratic__robust_ossm_ekf/trials/trial_00091/trial_manifest.json,/home/gongjae/Projects/resPyre/robust_ossm_ekf/profile1d_quadratic__robust_ossm_ekf/trials/trial_00091/metrics_summary.json,"{""oscillator.g_z_eff_floor_ratio"": 0.3004261539030386, ""oscillator.post_smooth_alpha"": 0.8491514502600522, ""oscillator.qf"": 0.0009214782935403535, ""oscillator.qx"": 0.0005968789405900224, ""oscillator.rv"": 0.01880919014212295, ""oscillator.rv_auto"": true, ""oscillator.rv_mad_scale"": 1.0350029767461935, ""oscillator.spec_guidance_strength"": 0.9958512002145563, ""oscillator.student_t_nu"": 10.0862689351899, ""oscillator.tau_env"": 37.17781562353198, ""trust.alpha_R_max"": 6.246048548356258, ""trust.beta_1"": 1.3176273229861035, ""trust.beta_2"": 0.15525022723961143, ""trust.g_z_floor"": 0.13283343881952522, ""trust.gate_bias"": 0.3349537554945318, ""trust.w_gate_nis"": 0.21751147458072279}",0.43999999999999995,0.35124578442245763,0.27,0.028536490678068634,0.027366441791869665,0.0,0.0,0.00025593775593775594,0.5954916644294597,0.3349344297051876,1.7160255813709298,0.15769153232076832,0.0,93.26575883676873,1.0,0.0,2.242756470242185
2026-02-27T18:01:33.517995Z,profile1d_quadratic__robust_ossm_ekf,robust_ossm_ekf,92,1.00750002488718,1.00750002488718,pruned,5.21103310585022,subject_kfold,1,raw,debug_stage,,/home/gongjae/Projects/resPyre/robust_ossm_ekf/profile1d_quadratic__robust_ossm_ekf/trials/trial_00092,64159acb08c204bc,/home/gongjae/Projects/resPyre/robust_ossm_ekf/profile1d_quadratic__robust_ossm_ekf/trials/trial_00092/trial_manifest.json,/home/gongjae/Projects/resPyre/robust_ossm_ekf/profile1d_quadratic__robust_ossm_ekf/trials/trial_00092/metrics_summary.json,"{""oscillator.g_z_eff_floor_ratio"": 0.3559393138089604, ""oscillator.post_smooth_alpha"": 0.9639760037207208, ""oscillator.qf"": 0.0012437426717264958, ""oscillator.qx"": 0.007161453867278779, ""oscillator.rv"": 0.0198870468560967, ""oscillator.rv_auto"": false, ""oscillator.rv_mad_scale"": 0.9642509561358685, ""oscillator.spec_guidance_strength"": 0.6878496103326471, ""oscillator.student_t_nu"": 11.808247168692045, ""oscillator.tau_env"": 55.71529172647462, ""trust.alpha_R_max"": 3.3530118555327437, ""trust.beta_1"": 0.6103106494607033, ""trust.beta_2"": 0.7453972536338958, ""trust.g_z_floor"": 0.4380799186349376, ""trust.gate_bias"": 0.4486040117823857, ""trust.w_gate_nis"": 0.09605700106220298}",0.36,0.32874727419889077,0.33,0.028215767634854772,0.028215767634854772,0.0,0.0,0.0,0.5628033799760843,0.46099319610634376,1.75733234525426,0.05075525084644229,0.0,98.00829875518673,1.0,0.0,nan
2026-02-27T18:10:46.409300Z,profile1d_quadratic__robust_ossm_ekf,robust_ossm_ekf,93,1.4706506027688473,1.4706506027688473,pruned,552.7788829803467,subject_kfold,32,raw,full_objective,/home/gongjae/Projects/resPyre/robust_ossm_ekf/profile1d_quadratic__robust_ossm_ekf/trials/trial_00093/run_workspace/results/trial_00093,/home/gongjae/Projects/resPyre/robust_ossm_ekf/profile1d_quadratic__robust_ossm_ekf/trials/trial_00093,f29feb15c24675b0,/home/gongjae/Projects/resPyre/robust_ossm_ekf/profile1d_quadratic__robust_ossm_ekf/trials/trial_00093/trial_manifest.json,/home/gongjae/Projects/resPyre/robust_ossm_ekf/profile1d_quadratic__robust_ossm_ekf/trials/trial_00093/metrics_summary.json,"{""oscillator.g_z_eff_floor_ratio"": 0.2821579899036548, ""oscillator.post_smooth_alpha"": 0.9624736557058153, ""oscillator.qf"": 0.0030582782137181085, ""oscillator.qx"": 0.0006358574142775976, ""oscillator.rv"": 0.010885943801035011, ""oscillator.rv_auto"": true, ""oscillator.rv_mad_scale"": 0.8269900453710683, ""oscillator.spec_guidance_strength"": 1.0523077122639717, ""oscillator.student_t_nu"": 3.946888698344126, ""oscillator.tau_env"": 24.086519491502074, ""trust.alpha_R_max"": 6.314198118774093, ""trust.beta_1"": 1.1834933177293827, ""trust.beta_2"": 0.4058522060501782, ""trust.g_z_floor"": 0.1549654264440209, ""trust.gate_bias"": 0.21617437798947087, ""trust.w_gate_nis"": 0.20410795271579782}",0.53,0.37858821620166666,0.39,0.08399202449619028,0.00571917146033741,0.08399202449619028,0.0,0.060520847074135825,0.639927320413666,0.3404601577213764,1.8036140579793762,0.20617116360542306,0.0,97.17160518712626,1.0,0.0,7.907748112065641
2026-02-27T18:10:51.659883Z,profile1d_quadratic__robust_ossm_ekf,robust_ossm_ekf,94,1.0881340244515485,1.0881340244515485,pruned,5.121352195739746,subject_kfold,1,raw,debug_quantile,,/home/gongjae/Projects/resPyre/robust_ossm_ekf/profile1d_quadratic__robust_ossm_ekf/trials/trial_00094,5a4db3e788203ce7,/home/gongjae/Projects/resPyre/robust_ossm_ekf/profile1d_quadratic__robust_ossm_ekf/trials/trial_00094/trial_manifest.json,/home/gongjae/Projects/resPyre/robust_ossm_ekf/profile1d_quadratic__robust_ossm_ekf/trials/trial_00094/metrics_summary.json,"{""oscillator.g_z_eff_floor_ratio"": 0.3215807159872857, ""oscillator.post_smooth_alpha"": 0.8732269277165753, ""oscillator.qf"": 0.002809531124662165, ""oscillator.qx"": 0.0006087539286660381, ""oscillator.rv"": 0.030505035105190256, ""oscillator.rv_auto"": false, ""oscillator.rv_mad_scale"": 0.9616104295779306, ""oscillator.spec_guidance_strength"": 0.8772826362119147, ""oscillator.student_t_nu"": 12.24465869145591, ""oscillator.tau_env"": 37.58332839066705, ""trust.alpha_R_max"": 4.948862408869289, ""trust.beta_1"": 1.5231453012504126, ""trust.beta_2"": 0.8158228668766171, ""trust.g_z_floor"": 0.17057961923266948, ""trust.gate_bias"": 0.37446558624231113, ""trust.w_gate_nis"": 0.32233535277751213}",0.37,0.34713512643837546,0.35,0.0,0.0,0.0,0.0,0.0,0.5660282256708205,0.4627982863466781,2.0517953913901015,0.19492754873233262,0.0,98.25726141078839,1.0,0.0,nan
2026-02-27T18:20:04.433931Z,profile1d_quadratic__robust_ossm_ekf,robust_ossm_ekf,95,0.5399612895813363,0.5399612895813363,pruned,552.6585216522217,subject_kfold,32,raw,full_objective,/home/gongjae/Projects/resPyre/robust_ossm_ekf/profile1d_quadratic__robust_ossm_ekf/trials/trial_00095/run_workspace/results/trial_00095,/home/gongjae/Projects/resPyre/robust_ossm_ekf/profile1d_quadratic__robust_ossm_ekf/trials/trial_00095,f878e2c9852098f5,/home/gongjae/Projects/resPyre/robust_ossm_ekf/profile1d_quadratic__robust_ossm_ekf/trials/trial_00095/trial_manifest.json,/home/gongjae/Projects/resPyre/robust_ossm_ekf/profile1d_quadratic__robust_ossm_ekf/trials/trial_00095/metrics_summary.json,"{""oscillator.g_z_eff_floor_ratio"": 0.20560227505742146, ""oscillator.post_smooth_alpha"": 0.9410059134411751, ""oscillator.qf"": 0.00044451344331630945, ""oscillator.qx"": 0.0004907718611113345, ""oscillator.rv"": 0.020080224966331217, ""oscillator.rv_auto"": true, ""oscillator.rv_mad_scale"": 0.8864565336100174, ""oscillator.spec_guidance_strength"": 0.8307231289539007, ""oscillator.student_t_nu"": 8.089969198975842, ""oscillator.tau_env"": 42.52033539482003, ""trust.alpha_R_max"": 6.648765697028841, ""trust.beta_1"": 1.2344634453864807, ""trust.beta_2"": 0.25833354388417284, ""trust.g_z_floor"": 0.13230517170871456, ""trust.gate_bias"": 0.21690070133913925, ""trust.w_gate_nis"": 0.23696788827601134}",0.41000000000000003,0.32972981808870194,0.25,0.0379859387923904,0.03637303556658396,0.0,0.0,0.016545949464416367,0.6143423992883712,0.3294348211510276,1.7742515049989562,0.1609568637600622,0.0,91.92890520762879,1.0,0.0,1.3059932492240616
2026-02-27T18:29:17.103637Z,profile1d_quadratic__robust_ossm_ekf,robust_ossm_ekf,96,0.9563482388476393,0.9563482388476393,pruned,552.5417981147766,subject_kfold,32,raw,full_objective,/home/gongjae/Projects/resPyre/robust_ossm_ekf/profile1d_quadratic__robust_ossm_ekf/trials/trial_00096/run_workspace/results/trial_00096,/home/gongjae/Projects/resPyre/robust_ossm_ekf/profile1d_quadratic__robust_ossm_ekf/trials/trial_00096,fb10a96243835814,/home/gongjae/Projects/resPyre/robust_ossm_ekf/profile1d_quadratic__robust_ossm_ekf/trials/trial_00096/trial_manifest.json,/home/gongjae/Projects/resPyre/robust_ossm_ekf/profile1d_quadratic__robust_ossm_ekf/trials/trial_00096/metrics_summary.json,"{""oscillator.g_z_eff_floor_ratio"": 0.18246412167886747, ""oscillator.post_smooth_alpha"": 0.8940240037945381, ""oscillator.qf"": 0.0033639683689852943, ""oscillator.qx"": 0.0006330961397590487, ""oscillator.rv"": 0.010468356262039414, ""oscillator.rv_auto"": true, ""oscillator.rv_mad_scale"": 0.898650749543304, ""oscillator.spec_guidance_strength"": 0.8989062641839862, ""oscillator.student_t_nu"": 3.688089541288521, ""oscillator.tau_env"": 36.851909280451935, ""trust.alpha_R_max"": 6.887898860334318, ""trust.beta_1"": 1.1270408654108424, ""trust.beta_2"": 0.2874718793016442, ""trust.g_z_floor"": 0.422317640820536, ""trust.gate_bias"": 0.3481729715560534, ""trust.w_gate_nis"": 0.2606421750083444}",0.46499999999999997,0.34494041566944944,0.315,0.03178540862170341,0.0,0.026508657252632104,0.0,0.014573449430683278,0.5903222388969234,0.33550512761412704,1.7106153651555847,0.17189107551362115,0.0,97.62367536241226,1.0,0.0,4.307380639670432
2026-02-27T18:38:34.121829Z,profile1d_quadratic__robust_ossm_ekf,robust_ossm_ekf,97,0.42169547082335157,0.42169547082335157,completed,556.8889007568359,subject_kfold,32,raw,,/home/gongjae/Projects/resPyre/robust_ossm_ekf/profile1d_quadratic__robust_ossm_ekf/trials/trial_00097/run_workspace/results/trial_00097,/home/gongjae/Projects/resPyre/robust_ossm_ekf/profile1d_quadratic__robust_ossm_ekf/trials/trial_00097,b832e0a2c85891ca,/home/gongjae/Projects/resPyre/robust_ossm_ekf/profile1d_quadratic__robust_ossm_ekf/trials/trial_00097/trial_manifest.json,/home/gongjae/Projects/resPyre/robust_ossm_ekf/profile1d_quadratic__robust_ossm_ekf/trials/trial_00097/metrics_summary.json,"{""oscillator.g_z_eff_floor_ratio"": 0.22894009101806714, ""oscillator.post_smooth_alpha"": 0.9143454481662272, ""oscillator.qf"": 0.0010367203243066441, ""oscillator.qx"": 0.00047811007070381033, ""oscillator.rv"": 0.011420627802348286, ""oscillator.rv_auto"": true, ""oscillator.rv_mad_scale"": 1.0712954968408261, ""oscillator.spec_guidance_strength"": 0.7863616275788986, ""oscillator.student_t_nu"": 12.615664641721239, ""oscillator.tau_env"": 35.849771572990356, ""trust.alpha_R_max"": 4.003124504702345, ""trust.beta_1"": 0.6518118756916541, ""trust.beta_2"": 0.17372214207895065, ""trust.g_z_floor"": 0.1278548660927021, ""trust.gate_bias"": 0.20279321551407434, ""trust.w_gate_nis"": 0.3443829114441523}",0.43,0.32116758686677127,0.175,0.022598233362864144,0.004442792537601803,0.0,0.0,0.0014723512837736977,0.6622887576591446,0.37213803965166203,1.4128111272522308,0.16756270041524618,0.0,94.612708607016,1.0,0.0,0.6648745991695075
2026-02-27T18:47:45.097337Z,profile1d_quadratic__robust_ossm_ekf,robust_ossm_ekf,98,1.4688260370348143,1.4688260370348143,pruned,550.8499586582184,subject_kfold,32,raw,full_objective,/home/gongjae/Projects/resPyre/robust_ossm_ekf/profile1d_quadratic__robust_ossm_ekf/trials/trial_00098/run_workspace/results/trial_00098,/home/gongjae/Projects/resPyre/robust_ossm_ekf/profile1d_quadratic__robust_ossm_ekf/trials/trial_00098,5077cc95fa19f6aa,/home/gongjae/Projects/resPyre/robust_ossm_ekf/profile1d_quadratic__robust_ossm_ekf/trials/trial_00098/trial_manifest.json,/home/gongjae/Projects/resPyre/robust_ossm_ekf/profile1d_quadratic__robust_ossm_ekf/trials/trial_00098/metrics_summary.json,"{""oscillator.g_z_eff_floor_ratio"": 0.22181913945837523, ""oscillator.post_smooth_alpha"": 0.9588255456799577, ""oscillator.qf"": 0.0019272869585883767, ""oscillator.qx"": 0.0005299461238189503, ""oscillator.rv"": 0.01305078540077326, ""oscillator.rv_auto"": true, ""oscillator.rv_mad_scale"": 1.0859242131024027, ""oscillator.spec_guidance_strength"": 0.7492271153940175, ""oscillator.student_t_nu"": 13.030814582664924, ""oscillator.tau_env"": 35.98706851424268, ""trust.alpha_R_max"": 3.4610565552241406, ""trust.beta_1"": 0.7672194469363813, ""trust.beta_2"": 0.22662105306243366, ""trust.g_z_floor"": 0.24139005960613236, ""trust.gate_bias"": 0.26988903225849364, ""trust.w_gate_nis"": 0.33080954585257494}",0.545,0.37355305673768324,0.39,0.06367499695119716,0.008610894689001428,0.05954205786549147,0.0,0.04254293533946081,0.6221703152551985,0.32753248924029066,1.5479108674013127,0.23208013442805298,0.0,95.57525629233774,1.0,0.0,7.960096837087048
2026-02-27T18:56:53.385054Z,profile1d_quadratic__robust_ossm_ekf,robust_ossm_ekf,99,2.6585139516259693,2.6585139516259693,pruned,548.1591110229492,subject_kfold,32,raw,full_objective,/home/gongjae/Projects/resPyre/robust_ossm_ekf/profile1d_quadratic__robust_ossm_ekf/trials/trial_00099/run_workspace/results/trial_00099,/home/gongjae/Projects/resPyre/robust_ossm_ekf/profile1d_quadratic__robust_ossm_ekf/trials/trial_00099,bd8284bdf4c3582e,/home/gongjae/Projects/resPyre/robust_ossm_ekf/profile1d_quadratic__robust_ossm_ekf/trials/trial_00099/trial_manifest.json,/home/gongjae/Projects/resPyre/robust_ossm_ekf/profile1d_quadratic__robust_ossm_ekf/trials/trial_00099/metrics_summary.json,"{""oscillator.g_z_eff_floor_ratio"": 0.23760533421835614, ""oscillator.post_smooth_alpha"": 0.841542333008383, ""oscillator.qf"": 0.001210300114031774, ""oscillator.qx"": 0.0009191656690766214, ""oscillator.rv"": 0.010561163819233063, ""oscillator.rv_auto"": true, ""oscillator.rv_mad_scale"": 1.074185252751442, ""oscillator.spec_guidance_strength"": 0.8973835630463102, ""oscillator.student_t_nu"": 11.367082095440722, ""oscillator.tau_env"": 36.65197616005946, ""trust.alpha_R_max"": 3.3777853807822344, ""trust.beta_1"": 0.5541625817920688, ""trust.beta_2"": 0.3005624160997246, ""trust.g_z_floor"": 0.10052698106441502, ""trust.gate_bias"": 0.2136245234876099, ""trust.w_gate_nis"": 0.2893680900915453}",0.52,0.3812183181110006,0.6,0.03358844540182444,0.02254052529731517,0.002435064935064935,0.0,0.0012234934657345444,0.629831106158953,0.31144796195616453,1.5035490634288653,0.22728295706064366,0.0,91.06999195494771,1.0,0.0,17.56352194117587
2026-02-27T18:56:58.554197Z,profile1d_quadratic__robust_ossm_ekf,robust_ossm_ekf,100,0.9526894212425141,0.9526894212425141,pruned,5.037297248840332,subject_kfold,1,raw,debug_stage,,/home/gongjae/Projects/resPyre/robust_ossm_ekf/profile1d_quadratic__robust_ossm_ekf/trials/trial_00100,d9d9d596cd59dcfc,/home/gongjae/Projects/resPyre/robust_ossm_ekf/profile1d_quadratic__robust_ossm_ekf/trials/trial_00100/trial_manifest.json,/home/gongjae/Projects/resPyre/robust_ossm_ekf/profile1d_quadratic__robust_ossm_ekf/trials/trial_00100/metrics_summary.json,"{""oscillator.g_z_eff_floor_ratio"": 0.253051774640598, ""oscillator.post_smooth_alpha"": 0.8909979093177712, ""oscillator.qf"": 0.0012873618292450302, ""oscillator.qx"": 0.0005196303268984393, ""oscillator.rv"": 0.010609365438666328, ""oscillator.rv_auto"": false, ""oscillator.rv_mad_scale"": 1.0216551432831116, ""oscillator.spec_guidance_strength"": 0.8032833050086465, ""oscillator.student_t_nu"": 11.813552983455788, ""oscillator.tau_env"": 25.613993412599847, ""trust.alpha_R_max"": 2.7506585677046425, ""trust.beta_1"": 0.6546116044942342, ""trust.beta_2"": 0.17292039596389916, ""trust.g_z_floor"": 0.11891935859578187, ""trust.gate_bias"": 0.2219036902635742, ""trust.w_gate_nis"": 0.44445722785548636}",0.37,0.3377955313576152,0.34,0.0,0.0,0.0,0.0,0.0,0.5774617347091453,0.4712505915818655,1.3872336156737803,0.34747174310147316,0.0,95.51867219917013,1.0,0.0,nan
2026-02-27T18:57:03.777322Z,profile1d_quadratic__robust_ossm_ekf,robust_ossm_ekf,101,1.0491499610062487,1.0491499610062487,pruned,5.114120244979858,subject_kfold,1,raw,debug_quantile,,/home/gongjae/Projects/resPyre/robust_ossm_ekf/profile1d_quadratic__robust_ossm_ekf/trials/trial_00101,ac771491b66835f7,/home/gongjae/Projects/resPyre/robust_ossm_ekf/profile1d_quadratic__robust_ossm_ekf/trials/trial_00101/trial_manifest.json,/home/gongjae/Projects/resPyre/robust_ossm_ekf/profile1d_quadratic__robust_ossm_ekf/trials/trial_00101/metrics_summary.json,"{""oscillator.g_z_eff_floor_ratio"": 0.3570004297495947, ""oscillator.post_smooth_alpha"": 0.9302265444263176, ""oscillator.qf"": 0.003798375933424014, ""oscillator.qx"": 0.0042847994278965755, ""oscillator.rv"": 0.024407105653468292, ""oscillator.rv_auto"": false, ""oscillator.rv_mad_scale"": 0.7497748427872987, ""oscillator.spec_guidance_strength"": 0.9061557350673084, ""oscillator.student_t_nu"": 13.734435333075249, ""oscillator.tau_env"": 52.16960399084147, ""trust.alpha_R_max"": 2.3970626390132006, ""trust.beta_1"": 0.7412620533949266, ""trust.beta_2"": 0.35065217741176274, ""trust.g_z_floor"": 0.3128500074774208, ""trust.gate_bias"": 0.5226481919267321, ""trust.w_gate_nis"": 0.12471034752986135}",0.36,0.33028201532931256,0.34,0.012448132780082987,0.012448132780082987,0.0,0.0,0.0,0.5471581113619827,0.4489235054689578,1.5283293327151937,0.07221368960216266,0.0,99.00414937759336,1.0,0.0,nan
2026-02-27T18:57:08.993464Z,profile1d_quadratic__robust_ossm_ekf,robust_ossm_ekf,102,0.980381196144491,0.980381196144491,pruned,5.107929229736328,subject_kfold,1,raw,debug_stage,,/home/gongjae/Projects/resPyre/robust_ossm_ekf/profile1d_quadratic__robust_ossm_ekf/trials/trial_00102,99cb0c58e3d08eca,/home/gongjae/Projects/resPyre/robust_ossm_ekf/profile1d_quadratic__robust_ossm_ekf/trials/trial_00102/trial_manifest.json,/home/gongjae/Projects/resPyre/robust_ossm_ekf/profile1d_quadratic__robust_ossm_ekf/trials/trial_00102/metrics_summary.json,"{""oscillator.g_z_eff_floor_ratio"": 0.3407843281131794, ""oscillator.post_smooth_alpha"": 0.6944572960356843, ""oscillator.qf"": 0.0012583981761290352, ""oscillator.qx"": 0.0010293887381313841, ""oscillator.rv"": 0.046232863721304376, ""oscillator.rv_auto"": false, ""oscillator.rv_mad_scale"": 0.7194235239523974, ""oscillator.spec_guidance_strength"": 1.102336606069, ""oscillator.student_t_nu"": 3.0763590526282667, ""oscillator.tau_env"": 31.521408311749912, ""trust.alpha_R_max"": 6.475141340933323, ""trust.beta_1"": 0.8119370851285649, ""trust.beta_2"": 0.7829236392363386, ""trust.g_z_floor"": 0.2828112415304082, ""trust.gate_bias"": 0.6345495183398681, ""trust.w_gate_nis"": 0.3313877010512922}",0.37,0.34103115436000664,0.33,0.014937759336099586,0.014937759336099586,0.0,0.0,0.0,0.516611714273762,0.4232208989805496,1.837718752196932,0.1419333611433277,0.0,95.93360995850622,1.0,0.0,nan
2026-02-27T19:06:20.529522Z,profile1d_quadratic__robust_ossm_ekf,robust_ossm_ekf,103,1.8916214182050852,1.8916214182050852,pruned,551.4104835987091,subject_kfold,32,raw,full_objective,/home/gongjae/Projects/resPyre/robust_ossm_ekf/profile1d_quadratic__robust_ossm_ekf/trials/trial_00103/run_workspace/results/trial_00103,/home/gongjae/Projects/resPyre/robust_ossm_ekf/profile1d_quadratic__robust_ossm_ekf/trials/trial_00103,e66d296afd8708ff,/home/gongjae/Projects/resPyre/robust_ossm_ekf/profile1d_quadratic__robust_ossm_ekf/trials/trial_00103/trial_manifest.json,/home/gongjae/Projects/resPyre/robust_ossm_ekf/profile1d_quadratic__robust_ossm_ekf/trials/trial_00103/metrics_summary.json,"{""oscillator.g_z_eff_floor_ratio"": 0.32605184565620304, ""oscillator.post_smooth_alpha"": 0.9333680509829025, ""oscillator.qf"": 0.0011328920534761525, ""oscillator.qx"": 0.00043491431545329554, ""oscillator.rv"": 0.022592710487132177, ""oscillator.rv_auto"": true, ""oscillator.rv_mad_scale"": 1.00393077955407, ""oscillator.spec_guidance_strength"": 0.8499535692316291, ""oscillator.student_t_nu"": 11.267322376269517, ""oscillator.tau_env"": 36.698130347245005, ""trust.alpha_R_max"": 5.229324031614209, ""trust.beta_1"": 0.6269013160559823, ""trust.beta_2"": 0.37114792677832426, ""trust.g_z_floor"": 0.15147144600574697, ""trust.gate_bias"": 0.20652635739350708, ""trust.w_gate_nis"": 0.32699804914119585}",0.55,0.37491093826934596,0.45999999999999996,0.04691420170350129,0.0298331083989328,0.03461000861959994,0.0,0.015804030634483737,0.6320324699156765,0.3359419137800158,1.560644763214908,0.226923049498585,0.0,90.65433214188533,1.0,0.0,11.260947182656574
2026-02-27T19:15:32.067312Z,profile1d_quadratic__robust_ossm_ekf,robust_ossm_ekf,104,2.660650840962194,2.660650840962194,pruned,551.4064135551453,subject_kfold,32,raw,full_objective,/home/gongjae/Projects/resPyre/robust_ossm_ekf/profile1d_quadratic__robust_ossm_ekf/trials/trial_00104/run_workspace/results/trial_00104,/home/gongjae/Projects/resPyre/robust_ossm_ekf/profile1d_quadratic__robust_ossm_ekf/trials/trial_00104,6008c47353795a9c,/home/gongjae/Projects/resPyre/robust_ossm_ekf/profile1d_quadratic__robust_ossm_ekf/trials/trial_00104/trial_manifest.json,/home/gongjae/Projects/resPyre/robust_ossm_ekf/profile1d_quadratic__robust_ossm_ekf/trials/trial_00104/metrics_summary.json,"{""oscillator.g_z_eff_floor_ratio"": 0.180922739248838, ""oscillator.post_smooth_alpha"": 0.8333169394924244, ""oscillator.qf"": 0.0008235345936292054, ""oscillator.qx"": 0.00048514892360706124, ""oscillator.rv"": 0.009136749097808358, ""oscillator.rv_auto"": true, ""oscillator.rv_mad_scale"": 1.0401829100324433, ""oscillator.spec_guidance_strength"": 0.843310766047845, ""oscillator.student_t_nu"": 9.679855348563926, ""oscillator.tau_env"": 71.40164889993464, ""trust.alpha_R_max"": 5.20305019188176, ""trust.beta_1"": 0.8746671811351538, ""trust.beta_2"": 0.4723894919820575, ""trust.g_z_floor"": 0.10704869453926893, ""trust.gate_bias"": 0.2032765052622384, ""trust.w_gate_nis"": 0.2802736197868309}",0.535,0.39557262018649336,0.595,0.030543779339687518,0.015773166375576013,0.0,0.0,0.0003088962108731466,0.6312862534952001,0.30205179365500756,1.7158549849122942,0.2407497700683046,0.0,88.77048502455669,1.0,0.0,17.40819684229233
2026-02-27T19:15:37.305966Z,profile1d_quadratic__robust_ossm_ekf,robust_ossm_ekf,105,0.9621345868156272,0.9621345868156272,pruned,5.112551212310791,subject_kfold,1,raw,debug_stage,,/home/gongjae/Projects/resPyre/robust_ossm_ekf/profile1d_quadratic__robust_ossm_ekf/trials/trial_00105,1c1bc1b19de23044,/home/gongjae/Projects/resPyre/robust_ossm_ekf/profile1d_quadratic__robust_ossm_ekf/trials/trial_00105/trial_manifest.json,/home/gongjae/Projects/resPyre/robust_ossm_ekf/profile1d_quadratic__robust_ossm_ekf/trials/trial_00105/metrics_summary.json,"{""oscillator.g_z_eff_floor_ratio"": 0.2527005498732084, ""oscillator.post_smooth_alpha"": 0.9470579663470399, ""oscillator.qf"": 0.002146146646834759, ""oscillator.qx"": 0.0009484023385543596, ""oscillator.rv"": 0.01013410936620905, ""oscillator.rv_auto"": true, ""oscillator.rv_mad_scale"": 0.975488683610411, ""oscillator.spec_guidance_strength"": 1.0442792180157023, ""oscillator.student_t_nu"": 6.593675098401466, ""oscillator.tau_env"": 22.40538254740656, ""trust.alpha_R_max"": 4.664493454266967, ""trust.beta_1"": 1.5408778140840305, ""trust.beta_2"": 0.2729269344385844, ""trust.g_z_floor"": 0.1715505604442969, ""trust.gate_bias"": 0.2146825648741592, ""trust.w_gate_nis"": 0.35814204195340427}",0.35,0.3393543104902921,0.32,0.07634854771784233,0.07634854771784233,0.0,0.0,0.0,0.6071624907682714,0.4903815818453094,1.694630485281386,0.028278359610232316,0.0,98.50622406639005,1.0,0.0,nan
2026-02-27T19:24:48.932277Z,profile1d_quadratic__robust_ossm_ekf,robust_ossm_ekf,106,0.6326560795926268,0.6326560795926268,pruned,551.5184977054596,subject_kfold,32,raw,full_objective,/home/gongjae/Projects/resPyre/robust_ossm_ekf/profile1d_quadratic__robust_ossm_ekf/trials/trial_00106/run_workspace/results/trial_00106,/home/gongjae/Projects/resPyre/robust_ossm_ekf/profile1d_quadratic__robust_ossm_ekf/trials/trial_00106,2fac8455fcd3f38a,/home/gongjae/Projects/resPyre/robust_ossm_ekf/profile1d_quadratic__robust_ossm_ekf/trials/trial_00106/trial_manifest.json,/home/gongjae/Projects/resPyre/robust_ossm_ekf/profile1d_quadratic__robust_ossm_ekf/trials/trial_00106/metrics_summary.json,"{""oscillator.g_z_eff_floor_ratio"": 0.26801562451872923, ""oscillator.post_smooth_alpha"": 0.8325387830869742, ""oscillator.qf"": 0.0006320863505103415, ""oscillator.qx"": 0.00043459121972780964, ""oscillator.rv"": 0.018348388515230383, ""oscillator.rv_auto"": true, ""oscillator.rv_mad_scale"": 1.0045554666796674, ""oscillator.spec_guidance_strength"": 0.5949367874557157, ""oscillator.student_t_nu"": 11.780890988590144, ""oscillator.tau_env"": 29.401411469812636, ""trust.alpha_R_max"": 2.8223278788662047, ""trust.beta_1"": 0.6769687456844946, ""trust.beta_2"": 0.22396031578313028, ""trust.g_z_floor"": 0.11782827825232893, ""trust.gate_bias"": 0.25823451726627433, ""trust.w_gate_nis"": 0.28557021271754346}",0.43,0.3392893368005603,0.265,0.026557404208301435,0.022950163229080375,0.0,0.0,0.006328665226970312,0.6038525843716707,0.336012317067229,1.5139530281387672,0.1772557756493333,0.0,90.03287058554099,1.0,0.0,1.971069844050171
2026-02-27T19:33:57.976706Z,profile1d_quadratic__robust_ossm_ekf,robust_ossm_ekf,107,0.4279761707340882,0.4279761707340882,completed,548.9115114212036,subject_kfold,32,raw,,/home/gongjae/Projects/resPyre/robust_ossm_ekf/profile1d_quadratic__robust_ossm_ekf/trials/trial_00107/run_workspace/results/trial_00107,/home/gongjae/Projects/resPyre/robust_ossm_ekf/profile1d_quadratic__robust_ossm_ekf/trials/trial_00107,c7cd42838c71fccc,/home/gongjae/Projects/resPyre/robust_ossm_ekf/profile1d_quadratic__robust_ossm_ekf/trials/trial_00107/trial_manifest.json,/home/gongjae/Projects/resPyre/robust_ossm_ekf/profile1d_quadratic__robust_ossm_ekf/trials/trial_00107/metrics_summary.json,"{""oscillator.g_z_eff_floor_ratio"": 0.2200465057520504, ""oscillator.post_smooth_alpha"": 0.9513584682402468, ""oscillator.qf"": 0.0010857968056295411, ""oscillator.qx"": 0.0005558897841265404, ""oscillator.rv"": 0.01126467685188612, ""oscillator.rv_auto"": true, ""oscillator.rv_mad_scale"": 1.0223957256170317, ""oscillator.spec_guidance_strength"": 0.6986389766165496, ""oscillator.student_t_nu"": 11.9048284372472, ""oscillator.tau_env"": 30.769322970419864, ""trust.alpha_R_max"": 5.950413349767134, ""trust.beta_1"": 0.8338690531896806, ""trust.beta_2"": 0.17941164977641524, ""trust.g_z_floor"": 0.1531018118285487, ""trust.gate_bias"": 0.22197982927304058, ""trust.w_gate_nis"": 0.3949684352429029}",0.435,0.3173342862947501,0.16999999999999998,0.021054428916675423,0.002480022421371395,0.0,0.0,0.00010262725779967159,0.658569063937257,0.36931058977473075,1.4773907208008694,0.15545044327972213,0.0,95.39948467530223,1.0,0.0,0.6890991134405557
2026-02-27T19:43:08.289432Z,profile1d_quadratic__robust_ossm_ekf,robust_ossm_ekf,108,1.7889156757400948,1.7889156757400948,pruned,550.1831486225128,subject_kfold,32,raw,full_objective,/home/gongjae/Projects/resPyre/robust_ossm_ekf/profile1d_quadratic__robust_ossm_ekf/trials/trial_00108/run_workspace/results/trial_00108,/home/gongjae/Projects/resPyre/robust_ossm_ekf/profile1d_quadratic__robust_ossm_ekf/trials/trial_00108,c478f0fcbf1a33e5,/home/gongjae/Projects/resPyre/robust_ossm_ekf/profile1d_quadratic__robust_ossm_ekf/trials/trial_00108/trial_manifest.json,/home/gongjae/Projects/resPyre/robust_ossm_ekf/profile1d_quadratic__robust_ossm_ekf/trials/trial_00108/metrics_summary.json,"{""oscillator.g_z_eff_floor_ratio"": 0.2543258824849228, ""oscillator.post_smooth_alpha"": 0.9621091560943853, ""oscillator.qf"": 0.001273001782082752, ""oscillator.qx"": 0.0007613335661395936, ""oscillator.rv"": 0.012803906205977775, ""oscillator.rv_auto"": true, ""oscillator.rv_mad_scale"": 1.0564320162901504, ""oscillator.spec_guidance_strength"": 0.6330087833951844, ""oscillator.student_t_nu"": 11.787041417652794, ""oscillator.tau_env"": 22.42791239483863, ""trust.alpha_R_max"": 6.899260974258998, ""trust.beta_1"": 0.9285042930495901, ""trust.beta_2"": 0.5521430718778316, ""trust.g_z_floor"": 0.20002918052221164, ""trust.gate_bias"": 0.27858676501160007, ""trust.w_gate_nis"": 0.3494354455471703}",0.55,0.37617952616776706,0.44,0.029172191156972387,0.019875779805439572,0.020285787676119986,0.0,0.005730310980405093,0.6256472762316502,0.3292203270741395,1.7581809105667314,0.17453939131037316,0.0,93.62546948127607,1.0,0.0,10.435481940893467
2026-02-27T19:52:17.822194Z,profile1d_quadratic__robust_ossm_ekf,robust_ossm_ekf,109,3.1803998632096717,3.1803998632096717,pruned,549.3936893939972,subject_kfold,32,raw,full_objective,/home/gongjae/Projects/resPyre/robust_ossm_ekf/profile1d_quadratic__robust_ossm_ekf/trials/trial_00109/run_workspace/results/trial_00109,/home/gongjae/Projects/resPyre/robust_ossm_ekf/profile1d_quadratic__robust_ossm_ekf/trials/trial_00109,906febb24b250090,/home/gongjae/Projects/resPyre/robust_ossm_ekf/profile1d_quadratic__robust_ossm_ekf/trials/trial_00109/trial_manifest.json,/home/gongjae/Projects/resPyre/robust_ossm_ekf/profile1d_quadratic__robust_ossm_ekf/trials/trial_00109/metrics_summary.json,"{""oscillator.g_z_eff_floor_ratio"": 0.2714773139578387, ""oscillator.post_smooth_alpha"": 0.853340272346103, ""oscillator.qf"": 0.001156452874603449, ""oscillator.qx"": 0.000610864035661092, ""oscillator.rv"": 0.012356671168083868, ""oscillator.rv_auto"": true, ""oscillator.rv_mad_scale"": 0.9505665476280183, ""oscillator.spec_guidance_strength"": 0.784437838017765, ""oscillator.student_t_nu"": 12.481369490484147, ""oscillator.tau_env"": 22.822036709677814, ""trust.alpha_R_max"": 5.974753481456039, ""trust.beta_1"": 0.5874018737763987, ""trust.beta_2"": 0.16051714448990043, ""trust.g_z_floor"": 0.2277974947918619, ""trust.gate_bias"": 0.29709547094964484, ""trust.w_gate_nis"": 0.2987040910796737}",0.515,0.39051639353954337,0.69,0.03337370949342039,0.02828338957478766,0.002840909090909091,0.0,0.0032854197316510383,0.6148629203049805,0.307273756667653,1.4510658380685482,0.2363319269110451,0.0,90.21828152262935,1.0,0.0,21.69674829088075
2026-02-27T19:52:23.025679Z,profile1d_quadratic__robust_ossm_ekf,robust_ossm_ekf,110,1.0243752573878497,1.0243752573878497,pruned,5.067979097366333,subject_kfold,1,raw,debug_quantile,,/home/gongjae/Projects/resPyre/robust_ossm_ekf/profile1d_quadratic__robust_ossm_ekf/trials/trial_00110,821505dd503744a7,/home/gongjae/Projects/resPyre/robust_ossm_ekf/profile1d_quadratic__robust_ossm_ekf/trials/trial_00110/trial_manifest.json,/home/gongjae/Projects/resPyre/robust_ossm_ekf/profile1d_quadratic__robust_ossm_ekf/trials/trial_00110/metrics_summary.json,"{""oscillator.g_z_eff_floor_ratio"": 0.23645974861178226, ""oscillator.post_smooth_alpha"": 0.9145744852070374, ""oscillator.qf"": 0.0029533397652342238, ""oscillator.qx"": 0.007424609111383321, ""oscillator.rv"": 0.03956896311510097, ""oscillator.rv_auto"": true, ""oscillator.rv_mad_scale"": 0.8272783184642787, ""oscillator.spec_guidance_strength"": 0.7488721889165385, ""oscillator.student_t_nu"": 8.460104306211052, ""oscillator.tau_env"": 50.77153204039189, ""trust.alpha_R_max"": 4.172336301205856, ""trust.beta_1"": 0.896656784695366, ""trust.beta_2"": 0.722597046185144, ""trust.g_z_floor"": 0.3744611249173717, ""trust.gate_bias"": 0.4856794660940378, ""trust.w_gate_nis"": 0.1265040803288644}",0.36,0.3394952750005429,0.33,0.04232365145228216,0.04232365145228216,0.0,0.0,0.0,0.5559876748804412,0.449161760573416,1.820386397847209,0.016591365417605176,0.0,100.0,1.0,0.0,nan
2026-02-27T20:01:34.456247Z,profile1d_quadratic__robust_ossm_ekf,robust_ossm_ekf,111,0.7017130810207555,0.7017130810207555,pruned,551.3167498111725,subject_kfold,32,raw,full_objective,/home/gongjae/Projects/resPyre/robust_ossm_ekf/profile1d_quadratic__robust_ossm_ekf/trials/trial_00111/run_workspace/results/trial_00111,/home/gongjae/Projects/resPyre/robust_ossm_ekf/profile1d_quadratic__robust_ossm_ekf/trials/trial_00111,506c577766c964fc,/home/gongjae/Projects/resPyre/robust_ossm_ekf/profile1d_quadratic__robust_ossm_ekf/trials/trial_00111/trial_manifest.json,/home/gongjae/Projects/resPyre/robust_ossm_ekf/profile1d_quadratic__robust_ossm_ekf/trials/trial_00111/metrics_summary.json,"{""oscillator.g_z_eff_floor_ratio"": 0.21149955942712922, ""oscillator.post_smooth_alpha"": 0.7258561013672611, ""oscillator.qf"": 0.0006025310947034042, ""oscillator.qx"": 0.0005892487688132953, ""oscillator.rv"": 0.01019791359204637, ""oscillator.rv_auto"": true, ""oscillator.rv_mad_scale"": 0.9364705863974322, ""oscillator.spec_guidance_strength"": 0.8042147954621153, ""oscillator.student_t_nu"": 10.876831538699044, ""oscillator.tau_env"": 40.842981821540114, ""trust.alpha_R_max"": 3.7910460652400997, ""trust.beta_1"": 0.7765180856167365, ""trust.beta_2"": 0.2665612837599608, ""trust.g_z_floor"": 0.2620875415598152, ""trust.gate_bias"": 0.2258188075473158, ""trust.w_gate_nis"": 0.3630817497527642}",0.43999999999999995,0.3442804221195069,0.275,0.027731788079470198,0.024772574209940917,0.0,0.0,0.004402129402129402,0.6063230662338692,0.3319454266010513,1.5749975692170413,0.17514285271584187,0.0,89.47709087341386,1.0,0.0,2.440411968986922
2026-02-27T20:10:39.241108Z,profile1d_quadratic__robust_ossm_ekf,robust_ossm_ekf,112,0.4198794704168897,0.4198794704168897,completed,544.6504948139191,subject_kfold,32,raw,,/home/gongjae/Projects/resPyre/robust_ossm_ekf/profile1d_quadratic__robust_ossm_ekf/trials/trial_00112/run_workspace/results/trial_00112,/home/gongjae/Projects/resPyre/robust_ossm_ekf/profile1d_quadratic__robust_ossm_ekf/trials/trial_00112,b1312dcdc14fe701,/home/gongjae/Projects/resPyre/robust_ossm_ekf/profile1d_quadratic__robust_ossm_ekf/trials/trial_00112/trial_manifest.json,/home/gongjae/Projects/resPyre/robust_ossm_ekf/profile1d_quadratic__robust_ossm_ekf/trials/trial_00112/metrics_summary.json,"{""oscillator.g_z_eff_floor_ratio"": 0.24546606455961545, ""oscillator.post_smooth_alpha"": 0.8610590519703369, ""oscillator.qf"": 0.001269502362263776, ""oscillator.qx"": 0.00048016011157085416, ""oscillator.rv"": 0.011365095822621352, ""oscillator.rv_auto"": true, ""oscillator.rv_mad_scale"": 1.0895519568322816, ""oscillator.spec_guidance_strength"": 0.6096922021646243, ""oscillator.student_t_nu"": 12.625850940489922, ""oscillator.tau_env"": 37.55735088896905, ""trust.alpha_R_max"": 5.525449101380863, ""trust.beta_1"": 0.7423053908214137, ""trust.beta_2"": 0.2547765454109579, ""trust.g_z_floor"": 0.12953540825172163, ""trust.gate_bias"": 0.21244167914995546, ""trust.w_gate_nis"": 0.3375574092868023}",0.425,0.31903795560641046,0.16999999999999998,0.0232423718673137,0.002869437574148921,0.0,0.0,0.0056860482200751785,0.6614539240116348,0.37308380919832673,1.4740447665780307,0.16025835203020578,0.0,95.7514891481085,1.0,0.0,0.6794832959395884
2026-02-27T20:19:40.793590Z,profile1d_quadratic__robust_ossm_ekf,robust_ossm_ekf,113,1.8274729259007767,1.8274729259007767,pruned,541.4100630283356,subject_kfold,32,raw,full_objective,/home/gongjae/Projects/resPyre/robust_ossm_ekf/profile1d_quadratic__robust_ossm_ekf/trials/trial_00113/run_workspace/results/trial_00113,/home/gongjae/Projects/resPyre/robust_ossm_ekf/profile1d_quadratic__robust_ossm_ekf/trials/trial_00113,60a424fa3ba82e86,/home/gongjae/Projects/resPyre/robust_ossm_ekf/profile1d_quadratic__robust_ossm_ekf/trials/trial_00113/trial_manifest.json,/home/gongjae/Projects/resPyre/robust_ossm_ekf/profile1d_quadratic__robust_ossm_ekf/trials/trial_00113/metrics_summary.json,"{""oscillator.g_z_eff_floor_ratio"": 0.23239998652960497, ""oscillator.post_smooth_alpha"": 0.8835198720322922, ""oscillator.qf"": 0.00148248750446045, ""oscillator.qx"": 0.0004214209048310922, ""oscillator.rv"": 0.016292777016779548, ""oscillator.rv_auto"": true, ""oscillator.rv_mad_scale"": 0.9784650678203475, ""oscillator.spec_guidance_strength"": 0.6680662127324795, ""oscillator.student_t_nu"": 13.052500889149277, ""oscillator.tau_env"": 32.704330456749894, ""trust.alpha_R_max"": 5.141269465325272, ""trust.beta_1"": 0.8527199017118545, ""trust.beta_2"": 0.26788060315170736, ""trust.g_z_floor"": 0.13117469583023653, ""trust.gate_bias"": 0.2188411134921832, ""trust.w_gate_nis"": 0.4445296325317724}",0.55,0.3760640765170953,0.44999999999999996,0.050308750929328266,0.014767254676123314,0.042685829895959634,0.0,0.029099644988386096,0.6252524845514037,0.32835775494282615,1.6002862130695314,0.22840561148139996,0.0,94.3801652892562,1.0,0.0,10.792865779621176
2026-02-27T20:19:46.136923Z,profile1d_quadratic__robust_ossm_ekf,robust_ossm_ekf,114,0.9054436009419031,0.9054436009419031,pruned,5.205176830291748,subject_kfold,1,raw,debug_stage,,/home/gongjae/Projects/resPyre/robust_ossm_ekf/profile1d_quadratic__robust_ossm_ekf/trials/trial_00114,787aa28116739fb1,/home/gongjae/Projects/resPyre/robust_ossm_ekf/profile1d_quadratic__robust_ossm_ekf/trials/trial_00114/trial_manifest.json,/home/gongjae/Projects/resPyre/robust_ossm_ekf/profile1d_quadratic__robust_ossm_ekf/trials/trial_00114/metrics_summary.json,"{""oscillator.g_z_eff_floor_ratio"": 0.23553519171674123, ""oscillator.post_smooth_alpha"": 0.8464579517052704, ""oscillator.qf"": 0.0017789014501085392, ""oscillator.qx"": 0.0008868466021746859, ""oscillator.rv"": 0.009672704205289881, ""oscillator.rv_auto"": true, ""oscillator.rv_mad_scale"": 0.9656128134885598, ""oscillator.spec_guidance_strength"": 1.1207593238486508, ""oscillator.student_t_nu"": 3.2014157616060106, ""oscillator.tau_env"": 23.128768736983854, ""trust.alpha_R_max"": 6.7642913227363755, ""trust.beta_1"": 1.3501140663468156, ""trust.beta_2"": 0.46644203733395395, ""trust.g_z_floor"": 0.19682462557619101, ""trust.gate_bias"": 0.3316615152786424, ""trust.w_gate_nis"": 0.29942873505026046}",0.35,0.3407428598165565,0.31,0.07219917012448132,0.07219917012448132,0.0,0.0,0.0,0.5851797620324944,0.4715466051957189,1.772112099822846,0.02842596753474251,0.0,98.17427385892117,1.0,0.0,nan
2026-02-27T20:19:51.434085Z,profile1d_quadratic__robust_ossm_ekf,robust_ossm_ekf,115,0.9369596595248184,0.9369596595248184,pruned,5.169677019119263,subject_kfold,1,raw,debug_stage,,/home/gongjae/Projects/resPyre/robust_ossm_ekf/profile1d_quadratic__robust_ossm_ekf/trials/trial_00115,89d4bb137614d6c5,/home/gongjae/Projects/resPyre/robust_ossm_ekf/profile1d_quadratic__robust_ossm_ekf/trials/trial_00115/trial_manifest.json,/home/gongjae/Projects/resPyre/robust_ossm_ekf/profile1d_quadratic__robust_ossm_ekf/trials/trial_00115/metrics_summary.json,"{""oscillator.g_z_eff_floor_ratio"": 0.3150972756001962, ""oscillator.post_smooth_alpha"": 0.823946303466872, ""oscillator.qf"": 0.00026985298844023624, ""oscillator.qx"": 0.0006589780024796061, ""oscillator.rv"": 0.008033843788904961, ""oscillator.rv_auto"": false, ""oscillator.rv_mad_scale"": 1.0393408373940385, ""oscillator.spec_guidance_strength"": 0.7967510703724294, ""oscillator.student_t_nu"": 11.214524529466496, ""oscillator.tau_env"": 43.69913842643114, ""trust.alpha_R_max"": 6.037539317139248, ""trust.beta_1"": 1.0146083474211944, ""trust.beta_2"": 0.3633308043986601, ""trust.g_z_floor"": 0.17794556486083268, ""trust.gate_bias"": 0.27630665340861754, ""trust.w_gate_nis"": 0.1368530872984049}",0.37,0.33962368487329764,0.33,0.02987551867219917,0.02987551867219917,0.0,0.0,0.0,0.5900272010275213,0.48351905742164364,1.6127252292824903,0.27862422719709784,0.0,81.57676348547717,1.0,0.0,nan
2026-02-27T20:28:50.623409Z,profile1d_quadratic__robust_ossm_ekf,robust_ossm_ekf,116,0.6035062845491802,0.6035062845491802,pruned,539.0761768817902,subject_kfold,32,raw,full_objective,/home/gongjae/Projects/resPyre/robust_ossm_ekf/profile1d_quadratic__robust_ossm_ekf/trials/trial_00116/run_workspace/results/trial_00116,/home/gongjae/Projects/resPyre/robust_ossm_ekf/profile1d_quadratic__robust_ossm_ekf/trials/trial_00116,8f2f1e7f7fba42fc,/home/gongjae/Projects/resPyre/robust_ossm_ekf/profile1d_quadratic__robust_ossm_ekf/trials/trial_00116/trial_manifest.json,/home/gongjae/Projects/resPyre/robust_ossm_ekf/profile1d_quadratic__robust_ossm_ekf/trials/trial_00116/metrics_summary.json,"{""oscillator.g_z_eff_floor_ratio"": 0.372025363686869, ""oscillator.post_smooth_alpha"": 0.8438848974060961, ""oscillator.qf"": 0.0007092807856684438, ""oscillator.qx"": 0.00072526804811057, ""oscillator.rv"": 0.009409529819829648, ""oscillator.rv_auto"": true, ""oscillator.rv_mad_scale"": 1.046677963218844, ""oscillator.spec_guidance_strength"": 0.6171181452811465, ""oscillator.student_t_nu"": 9.471182826180545, ""oscillator.tau_env"": 39.08134554704981, ""trust.alpha_R_max"": 4.29951105756695, ""trust.beta_1"": 1.3648596852690469, ""trust.beta_2"": 0.29145851569951925, ""trust.g_z_floor"": 0.17489576842981186, ""trust.gate_bias"": 0.23426988525356987, ""trust.w_gate_nis"": 0.3205239912846741}",0.43999999999999995,0.35025506758876324,0.255,0.0335415786499284,0.03039199414930078,0.0,0.0,0.0048116298116298115,0.6088736704444303,0.35131526021496795,1.7959534379450437,0.14324587845790104,0.0,91.88381653379568,1.0,0.0,1.5739733593632679
2026-02-27T20:28:55.899590Z,profile1d_quadratic__robust_ossm_ekf,robust_ossm_ekf,117,0.9275444796226293,0.9275444796226293,pruned,5.1342480182647705,subject_kfold,1,raw,debug_stage,,/home/gongjae/Projects/resPyre/robust_ossm_ekf/profile1d_quadratic__robust_ossm_ekf/trials/trial_00117,0e93a028737b0d54,/home/gongjae/Projects/resPyre/robust_ossm_ekf/profile1d_quadratic__robust_ossm_ekf/trials/trial_00117/trial_manifest.json,/home/gongjae/Projects/resPyre/robust_ossm_ekf/profile1d_quadratic__robust_ossm_ekf/trials/trial_00117/metrics_summary.json,"{""oscillator.g_z_eff_floor_ratio"": 0.25936097442248945, ""oscillator.post_smooth_alpha"": 0.9360493853655694, ""oscillator.qf"": 0.0009568334820826812, ""oscillator.qx"": 0.0004417377276553447, ""oscillator.rv"": 0.009671989579191688, ""oscillator.rv_auto"": false, ""oscillator.rv_mad_scale"": 1.041324517486834, ""oscillator.spec_guidance_strength"": 0.5548179628756588, ""oscillator.student_t_nu"": 10.792543729632857, ""oscillator.tau_env"": 52.14018732612297, ""trust.alpha_R_max"": 5.859982603107745, ""trust.beta_1"": 1.050090608747459, ""trust.beta_2"": 0.1522825075187117, ""trust.g_z_floor"": 0.1627600821964392, ""trust.gate_bias"": 0.2328648489998348, ""trust.w_gate_nis"": 0.3929025193353458}",0.38,0.35297397303379635,0.34,0.007468879668049793,0.007468879668049793,0.0,0.0,0.0,0.5715516297195823,0.46551131338991697,1.481602664918163,0.4467482239638859,0.0,93.69294605809128,1.0,0.0,nan
2026-02-27T20:29:01.040915Z,profile1d_quadratic__robust_ossm_ekf,robust_ossm_ekf,118,0.9738382994356618,0.9738382994356618,pruned,5.022172212600708,subject_kfold,1,raw,debug_stage,,/home/gongjae/Projects/resPyre/robust_ossm_ekf/profile1d_quadratic__robust_ossm_ekf/trials/trial_00118,f7f7950f82fbdf50,/home/gongjae/Projects/resPyre/robust_ossm_ekf/profile1d_quadratic__robust_ossm_ekf/trials/trial_00118/trial_manifest.json,/home/gongjae/Projects/resPyre/robust_ossm_ekf/profile1d_quadratic__robust_ossm_ekf/trials/trial_00118/metrics_summary.json,"{""oscillator.g_z_eff_floor_ratio"": 0.20590889488019307, ""oscillator.post_smooth_alpha"": 0.7458380271172378, ""oscillator.qf"": 0.0014017783964133076, ""oscillator.qx"": 0.0009545585696117607, ""oscillator.rv"": 0.04732617427565492, ""oscillator.rv_auto"": false, ""oscillator.rv_mad_scale"": 0.6845704812920808, ""oscillator.spec_guidance_strength"": 1.1992076788178463, ""oscillator.student_t_nu"": 4.176965642445125, ""oscillator.tau_env"": 21.711149707926566, ""trust.alpha_R_max"": 6.441371220020642, ""trust.beta_1"": 1.2165534166153846, ""trust.beta_2"": 0.6626024649891548, ""trust.g_z_floor"": 0.14852537743665734, ""trust.gate_bias"": 0.6732804210409243, ""trust.w_gate_nis"": 0.4251965230053903}",0.36,0.33999943667547716,0.33,0.014937759336099586,0.014937759336099586,0.0,0.0,0.0,0.5057112310061425,0.412847619034132,1.866811559494318,0.14316775449675725,0.0,96.18257261410788,1.0,0.0,nan
2026-02-27T20:29:06.191073Z,profile1d_quadratic__robust_ossm_ekf,robust_ossm_ekf,119,1.0259091498165003,1.0259091498165003,pruned,5.043215274810791,subject_kfold,1,raw,debug_quantile,,/home/gongjae/Projects/resPyre/robust_ossm_ekf/profile1d_quadratic__robust_ossm_ekf/trials/trial_00119,c916684b7f2bf4cb,/home/gongjae/Projects/resPyre/robust_ossm_ekf/profile1d_quadratic__robust_ossm_ekf/trials/trial_00119/trial_manifest.json,/home/gongjae/Projects/resPyre/robust_ossm_ekf/profile1d_quadratic__robust_ossm_ekf/trials/trial_00119/metrics_summary.json,"{""oscillator.g_z_eff_floor_ratio"": 0.26016386142156017, ""oscillator.post_smooth_alpha"": 0.8773777690052093, ""oscillator.qf"": 0.0022265625666365346, ""oscillator.qx"": 0.0015656182427416178, ""oscillator.rv"": 0.025318172514167563, ""oscillator.rv_auto"": true, ""oscillator.rv_mad_scale"": 0.8622599722569835, ""oscillator.spec_guidance_strength"": 1.0062313260396263, ""oscillator.student_t_nu"": 11.65585742243692, ""oscillator.tau_env"": 35.983952511943016, ""trust.alpha_R_max"": 6.378234824256019, ""trust.beta_1"": 1.4459829485714535, ""trust.beta_2"": 0.5700108279301015, ""trust.g_z_floor"": 0.1315245281822356, ""trust.gate_bias"": 0.20608456245361692, ""trust.w_gate_nis"": 0.29824690187534547}",0.35,0.3405113284470578,0.33,0.06639004149377593,0.06639004149377593,0.0,0.0,0.0,0.6092718390906534,0.4915884724086548,1.867062968180081,0.023690229460855562,0.0,98.7551867219917,1.0,0.0,nan
