method,event,frame,time,nis,g_t,g_z_eff,q_harm
profile1d_quadratic__robust_ossm_ekf,fail_lock,58,58.0,0.006288221325461239,0.9022285371085721,0.06076653977558148,0.0
profile1d_quadratic__robust_ossm_ekf,fail_lock,59,59.0,0.011249345716252917,0.9044812681071727,0.06191162707079026,0.0
profile1d_quadratic__robust_ossm_ekf,fail_lock,60,60.0,0.01745813708508394,0.9049172756279004,0.06252593218117654,0.0
profile1d_quadratic__robust_ossm_ekf,fail_lock,61,61.0,0.023487361998469545,0.903942355194215,0.06266418466697335,0.0
profile1d_quadratic__robust_ossm_ekf,fail_lock,62,62.0,0.029303348059535682,0.9015502575732898,0.06240135498010043,0.0
profile1d_quadratic__robust_ossm_ekf,fail_lock,63,63.0,0.03528585226497925,0.8976806662286718,0.061821754779954934,0.0
profile1d_quadratic__robust_ossm_ekf,fail_lock,64,64.0,0.04017281058920931,0.8924253054506851,0.06102498974447121,0.0
profile1d_quadratic__robust_ossm_ekf,fail_lock,65,65.0,0.043902032507807096,0.8868501135399567,0.060181955482139796,0.0
profile1d_quadratic__robust_ossm_ekf,fail_lock,66,66.0,0.04554771306101657,0.8837333811672925,0.05956576323144209,0.0
profile1d_quadratic__robust_ossm_ekf,fail_lock,67,67.0,0.04432963526922043,0.8797988664272641,0.059025007854397855,0.0
profile1d_quadratic__robust_ossm_ekf,fail_lock,68,68.0,0.040633472997429754,0.8660321981113172,0.05800298568732867,0.0
profile1d_quadratic__robust_ossm_ekf,fail_lock,69,69.0,0.03582056589392608,0.8601548701784647,0.05769935780904122,0.0
profile1d_quadratic__robust_ossm_ekf,fail_lock,70,70.0,0.029844776786616473,0.8641888916751174,0.05824328336943157,0.0
profile1d_quadratic__robust_ossm_ekf,fail_lock,71,71.0,0.022391142282855086,0.8706792937541287,0.05912109979132058,0.0
profile1d_quadratic__robust_ossm_ekf,fail_lock,72,72.0,0.015495951830247191,0.8767839656058376,0.06010695493974026,0.0
profile1d_quadratic__robust_ossm_ekf,fail_lock,73,73.0,0.010078780075387329,0.881280949686448,0.06107163659305647,0.0
profile1d_quadratic__robust_ossm_ekf,fail_lock,74,74.0,0.005694368843331906,0.8841368943214626,0.06197062215458207,0.0
profile1d_quadratic__robust_ossm_ekf,fail_lock,75,75.0,0.0025912854685075305,0.8853558638403902,0.06276667602156011,0.0
profile1d_quadratic__robust_ossm_ekf,fail_lock,76,76.0,0.0007231449517166093,0.8849313661204501,0.0634281830140274,0.0
profile1d_quadratic__robust_ossm_ekf,fail_lock,77,77.0,1.5061864099788798e-05,0.8826975213011284,0.06392061852195795,0.0
profile1d_quadratic__robust_ossm_ekf,fail_lock,78,78.0,0.0003424786690619291,0.8786999545988533,0.06423300492298253,0.0
profile1d_quadratic__robust_ossm_ekf,fail_lock,79,79.0,0.0015882911511038923,0.8730432784397529,0.0,0.560262958972342
profile1d_quadratic__robust_ossm_ekf,fail_lock,80,80.0,0.0035911368136298727,0.8680356658379279,0.0,0.5455210003166084
profile1d_quadratic__robust_ossm_ekf,fail_lock,81,81.0,0.00612353116959127,0.8694895854815462,0.0,0.5280585597945866
profile1d_quadratic__robust_ossm_ekf,fail_lock,82,82.0,0.008986752745716153,0.8785859411262563,0.0,0.5080938333593654
profile1d_quadratic__robust_ossm_ekf,fail_lock,83,83.0,0.01208544870060416,0.8792647940366165,0.0,0.4858897846565312
profile1d_quadratic__robust_ossm_ekf,fail_lock,84,84.0,0.015155824761672734,0.8795065045556438,0.0,0.46173467390399264
profile1d_quadratic__robust_ossm_ekf,fail_lock,85,85.0,0.017680427674341744,0.8838485686817495,0.0,0.43592758747635324
profile1d_quadratic__robust_ossm_ekf,fail_lock,86,86.0,0.019665456141016353,0.8891285256146662,0.0,0.4087714300837761
profile1d_quadratic__robust_ossm_ekf,fail_lock,87,87.0,0.020918301308334598,0.8934263260140044,0.0,0.3805749490289162
profile1d_quadratic__robust_ossm_ekf,fail_lock,88,88.0,0.021365633917966417,0.8965107700615025,0.0,0.3516623837271843
profile1d_quadratic__robust_ossm_ekf,fail_lock,89,89.0,0.021159765439748245,0.898223725438902,0.0,0.32238717652288634
profile1d_quadratic__robust_ossm_ekf,fail_lock,90,90.0,0.02006765000963584,0.8985429558255242,0.0016045851698180472,0.2931460132318342
profile1d_quadratic__robust_ossm_ekf,fail_lock,91,91.0,0.018367360904353404,0.8970059724386092,0.008348340347541675,0.2643901300286748
profile1d_quadratic__robust_ossm_ekf,fail_lock,92,92.0,0.015904507465794856,0.8925055790602359,0.014827713952106697,0.23663152579203534
profile1d_quadratic__robust_ossm_ekf,fail_lock,93,93.0,0.012676162905773699,0.8819349580021592,0.020779459434414827,0.21044178823604548
profile1d_quadratic__robust_ossm_ekf,fail_lock,94,94.0,0.009415894138940357,0.8568697853938709,0.02570249200910418,0.18644069851922815
profile1d_quadratic__robust_ossm_ekf,fail_lock,95,95.0,0.006403482861100209,0.7930212447376773,0.02835418015991975,0.1652723499499272
profile1d_quadratic__robust_ossm_ekf,fail_lock,96,96.0,0.0038354664048356767,0.7299483402299023,0.02968634905867974,0.14756842338711204
profile1d_quadratic__robust_ossm_ekf,fail_lock,97,97.0,0.001862482316162632,0.7301098629290387,0.03254338050447607,0.1339006155817841
profile1d_quadratic__robust_ossm_ekf,fail_lock,98,98.0,0.0005467344086108814,0.7303538927145703,0.034561105661810976,0.12472726803180506
profile1d_quadratic__robust_ossm_ekf,fail_lock,99,99.0,7.201392785724183e-06,0.7304091859748052,0.03564455057623316,0.12034252059665736
profile1d_quadratic__robust_ossm_ekf,fail_lock,100,100.0,0.0003243066755949405,0.7305734665834119,0.03575940502304243,0.1208382497186091
profile1d_quadratic__robust_ossm_ekf,fail_lock,101,101.0,0.0014927878503590006,0.7305375933383271,0.03487999711419515,0.126088145210562
profile1d_quadratic__robust_ossm_ekf,fail_lock,102,102.0,0.003503743178835098,0.7304596156866214,0.0330650487886655,0.13575899881372774
profile1d_quadratic__robust_ossm_ekf,fail_lock,103,103.0,0.0063443256702380695,0.7302630045607341,0.030403692668615454,0.14934774227804073
profile1d_quadratic__robust_ossm_ekf,fail_lock,104,104.0,0.010198802334299947,0.7300524758438824,0.02702742552759142,0.16623636885486007
profile1d_quadratic__robust_ossm_ekf,fail_lock,105,105.0,0.015362130947773937,0.7295831368180083,0.023074884865641257,0.18575296182603704
profile1d_quadratic__robust_ossm_ekf,fail_lock,106,106.0,0.02222271756632522,0.7291191186826986,0.01870930368912506,0.20722675244539646
profile1d_quadratic__robust_ossm_ekf,fail_lock,107,107.0,0.02377885046240716,0.7284245322593031,0.01407166107613072,0.23002821031695608
profile1d_quadratic__robust_ossm_ekf,fail_lock,108,108.0,0.023419897928634824,0.7283060016039926,0.009310328684727809,0.2535903700902955
profile1d_quadratic__robust_ossm_ekf,fail_lock,109,109.0,0.023459178261281608,0.7282804396029768,0.004519394092936722,0.27741258429561705
profile1d_quadratic__robust_ossm_ekf,fail_lock,110,110.0,0.024083871291360436,0.7283459952876591,0.0,0.3010509635117546
profile1d_quadratic__robust_ossm_ekf,fail_lock,111,111.0,0.024645178790451253,0.7745654158227393,0.0,0.3241014822247815
profile1d_quadratic__robust_ossm_ekf,fail_lock,112,112.0,0.025182293250401097,0.8621151315488975,0.0,0.3461825825071724
profile1d_quadratic__robust_ossm_ekf,fail_lock,113,113.0,0.02565752546911268,0.895363756447181,0.0,0.36692336940236725
profile1d_quadratic__robust_ossm_ekf,fail_lock,114,114.0,0.02607003841154054,0.9081357327411338,0.0,0.3859615772972156
profile1d_quadratic__robust_ossm_ekf,fail_lock,115,115.0,0.025719427241117466,0.9137284628501198,0.0,0.40295276560822096
profile1d_quadratic__robust_ossm_ekf,fail_lock,116,116.0,0.02444745271344513,0.9165291760958022,0.0,0.4175892703844935
profile1d_quadratic__robust_ossm_ekf,fail_lock,117,117.0,0.023014500343264178,0.9179542712194124,0.0,0.42962630816776426
profile1d_quadratic__robust_ossm_ekf,fail_lock,118,118.0,0.021360241145998774,0.9186773754033557,0.0,0.43891035562900405
profile1d_quadratic__robust_ossm_ekf,fail_lock,119,119.0,0.01925775502075899,0.9187684053058303,0.0,0.44540071277174625
profile1d_quadratic__robust_ossm_ekf,fail_lock,120,120.0,0.016546309343099763,0.9186451258400106,0.0,0.44917693051497165
profile1d_quadratic__robust_ossm_ekf,fail_lock,121,121.0,0.013366023413993695,0.9180536348942888,0.0,0.45043226024936955
profile1d_quadratic__robust_ossm_ekf,fail_lock,122,122.0,0.010132491414422148,0.9170617475448665,0.0,0.4494566617436154
profile1d_quadratic__robust_ossm_ekf,fail_lock,123,123.0,0.007121300999581269,0.9152427030584707,0.0,0.4466111950005894
profile1d_quadratic__robust_ossm_ekf,fail_lock,124,124.0,0.0044832465964748545,0.9124104725632557,0.0,0.4422966591175719
profile1d_quadratic__robust_ossm_ekf,fail_lock,125,125.0,0.002350768346160227,0.9074038969596734,0.0,0.4369222290798925
profile1d_quadratic__robust_ossm_ekf,fail_lock,126,126.0,0.0008496610276838617,0.8980698384599712,0.0,0.4308785999020995
profile1d_quadratic__robust_ossm_ekf,fail_lock,127,127.0,8.40307721380888e-05,0.8780196908378527,0.0,0.4245178064765993
profile1d_quadratic__robust_ossm_ekf,fail_lock,128,128.0,0.0001242533073561274,0.828860261288098,0.0,0.4181410256240866
profile1d_quadratic__robust_ossm_ekf,fail_lock,129,129.0,0.0009850206899636841,0.730337242704074,0.0,0.4119939335623428
profile1d_quadratic__robust_ossm_ekf,fail_lock,130,130.0,0.002611782194221916,0.7303600623511142,0.0,0.4062677694223031
profile1d_quadratic__robust_ossm_ekf,fail_lock,131,131.0,0.004839133333169927,0.7301794634028499,0.0,0.40110422313288985
profile1d_quadratic__robust_ossm_ekf,fail_lock,132,132.0,0.007390658262774565,0.7299770923389919,0.0,0.3966020218155252
profile1d_quadratic__robust_ossm_ekf,fail_lock,133,133.0,0.009830800466927555,0.729678429079691,0.0,0.39282319391628007
profile1d_quadratic__robust_ossm_ekf,fail_lock,134,134.0,0.011637769753212774,0.7294326931913538,0.0,0.3897982375644305
profile1d_quadratic__robust_ossm_ekf,fail_lock,135,135.0,0.012598994944740916,0.7292452691496778,0.0,0.3875305808265014
profile1d_quadratic__robust_ossm_ekf,fail_lock,136,136.0,0.012524947157263972,0.7291657577892483,0.0,0.38600073051233885
profile1d_quadratic__robust_ossm_ekf,fail_lock,137,137.0,0.011277721163749595,0.7291661605796579,0.0,0.38516996552286675
profile1d_quadratic__robust_ossm_ekf,fail_lock,138,138.0,0.009291652804462959,0.7292923566669667,0.0,0.3849834489407028
profile1d_quadratic__robust_ossm_ekf,fail_lock,139,139.0,0.006872936419661023,0.7294393544119587,0.0,0.3853728779646861
profile1d_quadratic__robust_ossm_ekf,fail_lock,140,140.0,0.004377874479298332,0.7299199582140617,0.0,0.3862586794741253
profile1d_quadratic__robust_ossm_ekf,fail_lock,141,141.0,0.002253952705888798,0.7300549597125708,0.0,0.38755186901778277
profile1d_quadratic__robust_ossm_ekf,fail_lock,142,142.0,0.0007674148834719497,0.7302738542445617,0.0,0.38915640521574096
profile1d_quadratic__robust_ossm_ekf,fail_lock,143,143.0,5.2030251751958495e-05,0.7303160173751397,0.0,0.3909730667333214
profile1d_quadratic__robust_ossm_ekf,fail_lock,144,144.0,0.0001878413553477124,0.7303267152044244,0.0,0.39290493395712295
profile1d_quadratic__robust_ossm_ekf,fail_lock,145,145.0,0.0012196168902339558,0.8293235386510209,0.0,0.3948637297292998
profile1d_quadratic__robust_ossm_ekf,fail_lock,146,146.0,0.003084376493676124,0.8798970438007108,0.0,0.39677611910358
profile1d_quadratic__robust_ossm_ekf,fail_lock,147,147.0,0.0056644565988615714,0.8996154642857965,0.0,0.39858901649988765
profile1d_quadratic__robust_ossm_ekf,fail_lock,148,148.0,0.00888593864907604,0.9082666795195321,0.0,0.4002731018283084
profile1d_quadratic__robust_ossm_ekf,fail_lock,149,149.0,0.012693383468033784,0.9125205348072353,0.0,0.40182431193832646
profile1d_quadratic__robust_ossm_ekf,fail_lock,150,150.0,0.017014214529959305,0.9146499786997444,0.0,0.40326345876277114
profile1d_quadratic__robust_ossm_ekf,fail_lock,151,151.0,0.021808739842687875,0.9158088062023492,0.0,0.40463385918264216
profile1d_quadratic__robust_ossm_ekf,fail_lock,152,152.0,0.026987039902516947,0.9162775980721961,0.0,0.4059970004310185
profile1d_quadratic__robust_ossm_ekf,fail_lock,153,153.0,0.032464862664844635,0.9162746930809907,0.0,0.40742720244073194
profile1d_quadratic__robust_ossm_ekf,fail_lock,154,154.0,0.03814757443757775,0.915946287975837,0.0,0.4090061601733269
profile1d_quadratic__robust_ossm_ekf,fail_lock,155,155.0,0.04391188010977776,0.9153372537914052,0.0,0.41081734543023296
profile1d_quadratic__robust_ossm_ekf,fail_lock,156,156.0,0.05006273626260933,0.9146063581705505,0.0,0.4129400902751892
profile1d_quadratic__robust_ossm_ekf,fail_lock,157,157.0,0.055650540202256855,0.9137890741717819,0.0,0.4154435507247896
profile1d_quadratic__robust_ossm_ekf,fail_lock,158,158.0,0.06008077509293873,0.9133053893669378,0.0,0.4183812385826847
profile1d_quadratic__robust_ossm_ekf,fail_lock,159,159.0,0.06357865617765955,0.9136101419157254,0.0,0.4217864128273016
profile1d_quadratic__robust_ossm_ekf,fail_lock,160,160.0,0.06584939368854086,0.9150693122268856,0.0,0.4256672187325967
profile1d_quadratic__robust_ossm_ekf,fail_lock,161,161.0,0.06662639685782167,0.9163064726658091,0.0,0.4300005913619263
profile1d_quadratic__robust_ossm_ekf,fail_lock,162,162.0,0.06581960373617604,0.9134121724543623,0.0,0.4347255070047511
profile1d_quadratic__robust_ossm_ekf,fail_lock,163,163.0,0.06341697601399832,0.9053651116913146,0.0,0.43973599698389776
profile1d_quadratic__robust_ossm_ekf,fail_lock,164,164.0,0.059576519737769916,0.8974153823503145,0.0,0.44487367552298734
profile1d_quadratic__robust_ossm_ekf,fail_lock,165,165.0,0.054468158448427506,0.8928968086117857,0.0,0.4499212555877707
profile1d_quadratic__robust_ossm_ekf,fail_lock,166,166.0,0.04833059838014721,0.891298735587714,0.0,0.45459949087577795
profile1d_quadratic__robust_ossm_ekf,fail_lock,167,167.0,0.041481136352061736,0.8911876369773762,0.0,0.4585688167248929
profile1d_quadratic__robust_ossm_ekf,fail_lock,168,168.0,0.03429729939781761,0.8915918652412126,0.0,0.4614373163229437
profile1d_quadratic__robust_ossm_ekf,fail_lock,169,169.0,0.027148875675948363,0.8919959927708201,0.0,0.4627776344812117
profile1d_quadratic__robust_ossm_ekf,fail_lock,170,170.0,0.020383261970902625,0.8922594143103784,0.0,0.46215460198284763
profile1d_quadratic__robust_ossm_ekf,fail_lock,171,171.0,0.014286830856873671,0.8923272846876592,0.0,0.4591636452951918
profile1d_quadratic__robust_ossm_ekf,fail_lock,172,172.0,0.009105429287347139,0.8925862535251682,0.0,0.45347635984590634
profile1d_quadratic__robust_ossm_ekf,fail_lock,173,173.0,0.005130791859279122,0.8936004541684234,0.0,0.4448835450981495
profile1d_quadratic__robust_ossm_ekf,fail_lock,174,174.0,0.002195860652153733,0.8965732143646479,0.0,0.4333245709373574
profile1d_quadratic__robust_ossm_ekf,fail_lock,175,175.0,0.00047892842770595756,0.9027249303192184,0.0,0.4188966177084893
profile1d_quadratic__robust_ossm_ekf,fail_lock,176,176.0,9.4811085840603e-06,0.9113247792509825,0.0,0.40184186911824205
profile1d_quadratic__robust_ossm_ekf,fail_lock,177,177.0,0.0007491418087919459,0.9173582487124537,0.0,0.3825152076807528
profile1d_quadratic__robust_ossm_ekf,fail_lock,178,178.0,0.002546044752492213,0.9176383930717519,0.0,0.36133996761756293
profile1d_quadratic__robust_ossm_ekf,fail_lock,179,179.0,0.0051798878152709915,0.9152606246875442,0.0,0.33876176082565795
profile1d_quadratic__robust_ossm_ekf,fail_lock,180,180.0,0.008382401429999312,0.9135412850461224,0.0,0.31520980110239477
profile1d_quadratic__robust_ossm_ekf,fail_lock,181,181.0,0.011849736017828356,0.9128890905823396,0.001863787805003861,0.2910726436603562
profile1d_quadratic__robust_ossm_ekf,fail_lock,182,182.0,0.015271813481485796,0.9129271566439844,0.006938821180468908,0.26669149801512493
profile1d_quadratic__robust_ossm_ekf,fail_lock,183,183.0,0.01834141145345016,0.9131866485266719,0.011982515890989946,0.24237036671026402
profile1d_quadratic__robust_ossm_ekf,fail_lock,184,184.0,0.020786780950392072,0.9135151167407234,0.016937532310552113,0.21839994301675755
profile1d_quadratic__robust_ossm_ekf,fail_lock,185,185.0,0.022384815526444852,0.9136558571891161,0.021739498271743415,0.19509107301987774
profile1d_quadratic__robust_ossm_ekf,fail_lock,186,186.0,0.023021963014750107,0.9137653423231834,0.026323223010771165,0.172812132216363
profile1d_quadratic__robust_ossm_ekf,fail_lock,187,187.0,0.022670983486092658,0.9134356722315791,0.030594907593686157,0.15202239603365453
profile1d_quadratic__robust_ossm_ekf,fail_lock,188,188.0,0.02144331421395297,0.9129151010462011,0.03446252698236401,0.13328988426636393
profile1d_quadratic__robust_ossm_ekf,fail_lock,189,189.0,0.019486342160775758,0.911857328031088,0.03779921466348525,0.11727904374804403
profile1d_quadratic__robust_ossm_ekf,fail_lock,190,190.0,0.016996466169857782,0.9101241579649878,0.04047546669720968,0.10469544030612478
profile1d_quadratic__robust_ossm_ekf,fail_lock,191,191.0,0.01417068716270454,0.9068899195763457,0.04233566212034796,0.09618523336968353
profile1d_quadratic__robust_ossm_ekf,fail_lock,192,192.0,0.011225707743109945,0.9010860534890324,0.04323477028534051,0.09220710985356619
profile1d_quadratic__robust_ossm_ekf,fail_lock,193,193.0,0.00834853748266104,0.8887490793539432,0.04293668985903779,0.0929160341662278
profile1d_quadratic__robust_ossm_ekf,fail_lock,194,194.0,0.005721384522883323,0.8594031221050612,0.04097355814697572,0.09810592199954059
profile1d_quadratic__robust_ossm_ekf,fail_lock,195,195.0,0.0034941589474884755,0.7830033613159333,0.03612767145466453,0.10724004071094874
profile1d_quadratic__robust_ossm_ekf,fail_lock,196,196.0,0.001796263718492104,0.7303181512728382,0.03199625030629454,0.11956013501287428
profile1d_quadratic__robust_ossm_ekf,fail_lock,197,197.0,0.0006459620095757838,0.7304522692621622,0.029827016551979852,0.1342320542290329
profile1d_quadratic__robust_ossm_ekf,fail_lock,198,198.0,6.87234810586105e-05,0.730656699685415,0.02729606404227758,0.15047769238187098
profile1d_quadratic__robust_ossm_ekf,fail_lock,199,199.0,7.212671487055329e-05,0.7306982959598932,0.024492827288577528,0.16766032515087456
profile1d_quadratic__robust_ossm_ekf,fail_lock,200,200.0,0.000599240913640249,0.7308924402613215,0.021555890956726755,0.18531660760842958
profile1d_quadratic__robust_ossm_ekf,fail_lock,201,201.0,0.0015612679135180634,0.730839460441348,0.018462916619827754,0.2031475501214265
profile1d_quadratic__robust_ossm_ekf,fail_lock,202,202.0,0.0028058604313816143,0.7307815286296833,0.015260850715357453,0.22098689588047887
profile1d_quadratic__robust_ossm_ekf,fail_lock,203,203.0,0.004195714888150321,0.7306398687709362,0.011970906511927067,0.23876189906066164
profile1d_quadratic__robust_ossm_ekf,fail_lock,204,204.0,0.005621674614547336,0.7305794897844148,0.008608796912683668,0.25645550347691265
profile1d_quadratic__robust_ossm_ekf,fail_lock,205,205.0,0.007000202717551474,0.730445447440628,0.00517941026767958,0.274074046461954
profile1d_quadratic__robust_ossm_ekf,fail_lock,206,206.0,0.008292281058257323,0.7303299710447969,0.0016905325504415994,0.2916212215412018
profile1d_quadratic__robust_ossm_ekf,fail_lock,207,207.0,0.009536362734795287,0.7302072175845327,0.0,0.30907755556642064
profile1d_quadratic__robust_ossm_ekf,fail_lock,208,208.0,0.010787513751403778,0.7301164166622194,0.0,0.3263846329293642
profile1d_quadratic__robust_ossm_ekf,fail_lock,209,209.0,0.008657187248060527,0.7299611954534738,0.0,0.3434336703987705
profile1d_quadratic__robust_ossm_ekf,fail_lock,210,210.0,0.00751996376054722,0.7300450516088174,0.0,0.36005852417563217
profile1d_quadratic__robust_ossm_ekf,fail_lock,211,211.0,0.006875348929012049,0.7943939197057878,0.0,0.37603364596212424
profile1d_quadratic__robust_ossm_ekf,fail_lock,212,212.0,0.006347291325106066,0.8690791195992472,0.0,0.39107801219349825
profile1d_quadratic__robust_ossm_ekf,fail_lock,213,213.0,0.005806588715899346,0.897205271721776,0.0,0.40486664534924616
profile1d_quadratic__robust_ossm_ekf,fail_lock,214,214.0,0.00547995333666971,0.9088800889751018,0.0,0.4170508227111634
profile1d_quadratic__robust_ossm_ekf,fail_lock,215,215.0,0.005353841069274734,0.9144841393317943,0.0,0.4272854876965459
profile1d_quadratic__robust_ossm_ekf,fail_lock,216,216.0,0.005329126834116661,0.9177032600117381,0.0,0.4352602149001577
profile1d_quadratic__robust_ossm_ekf,fail_lock,217,217.0,0.005401883342420951,0.9196221277837453,0.0,0.4407304546345774
profile1d_quadratic__robust_ossm_ekf,fail_lock,218,218.0,0.005570896569249195,0.9208844649596913,0.0,0.4435454557037013
profile1d_quadratic__robust_ossm_ekf,fail_lock,219,219.0,0.005824791386282253,0.9217235506942112,0.0,0.4436676180925849
profile1d_quadratic__robust_ossm_ekf,fail_lock,220,220.0,0.0061475353544356145,0.9223686732651946,0.0,0.4411791810899251
profile1d_quadratic__robust_ossm_ekf,fail_lock,221,221.0,0.006510018276814213,0.9227460074311022,0.0,0.43627595520080625
profile1d_quadratic__robust_ossm_ekf,fail_lock,222,222.0,0.0068765191097694325,0.9230064079975937,0.0,0.42925015547664164
profile1d_quadratic__robust_ossm_ekf,fail_lock,223,223.0,0.007197259912237314,0.9230980751385373,0.0,0.4204640263260063
profile1d_quadratic__robust_ossm_ekf,fail_lock,224,224.0,0.007424868896003133,0.9231772924817465,0.0,0.4103167551809281
profile1d_quadratic__robust_ossm_ekf,fail_lock,225,225.0,0.007512958840613426,0.9230760357768801,0.0,0.39921050170458267
profile1d_quadratic__robust_ossm_ekf,fail_lock,226,226.0,0.007428134885095344,0.9229150988452026,0.0,0.38752246211959596
profile1d_quadratic__robust_ossm_ekf,fail_lock,227,227.0,0.007135761203562504,0.9225303742900635,0.0,0.3755865464519123
profile1d_quadratic__robust_ossm_ekf,fail_lock,228,228.0,0.006611650902451949,0.9218746116964477,0.0,0.363683810721659
profile1d_quadratic__robust_ossm_ekf,fail_lock,229,229.0,0.005847712113151416,0.9206482597687335,0.0,0.3520392783492045
profile1d_quadratic__robust_ossm_ekf,fail_lock,230,230.0,0.0048701329308696376,0.9185718766938784,0.0,0.34082364574575347
profile1d_quadratic__robust_ossm_ekf,fail_lock,231,231.0,0.0037378534880925865,0.9145430142034583,0.0,0.33015857734780063
profile1d_quadratic__robust_ossm_ekf,fail_lock,232,232.0,0.0025525466943696787,0.9063145524441304,0.0,0.3201240613949369
profile1d_quadratic__robust_ossm_ekf,fail_lock,233,233.0,0.0014484157984521087,0.8867022367638694,0.0,0.3107664759875416
profile1d_quadratic__robust_ossm_ekf,fail_lock,234,234.0,0.0005802112543143922,0.8348641222840547,0.0,0.30210637716945415
profile1d_quadratic__robust_ossm_ekf,fail_lock,235,235.0,8.715117274546892e-05,0.730530939123589,0.0013966413381242217,0.29414546805030617
profile1d_quadratic__robust_ossm_ekf,fail_lock,236,236.0,3.7441746759780765e-05,0.730634332942217,0.0031327534245895196,0.2868724659333513
profile1d_quadratic__robust_ossm_ekf,fail_lock,237,237.0,0.00045899406867518474,0.730511490943569,0.004707650863387179,0.28026773640384967
profile1d_quadratic__robust_ossm_ekf,fail_lock,238,238.0,0.0012676061359971332,0.7305545450723067,0.006127783494419502,0.27430683118832305
profile1d_quadratic__robust_ossm_ekf,fail_lock,239,239.0,0.0022214539724832246,0.7304473604440681,0.00739617934132896,0.26896321667020284
profile1d_quadratic__robust_ossm_ekf,fail_lock,240,240.0,0.003030969169693723,0.7300136055353542,0.008515285479319566,0.26421043994600757
profile1d_quadratic__robust_ossm_ekf,fail_lock,241,241.0,0.0035339046747733215,0.7300758255135054,0.009499187451682652,0.26002391772503025
profile1d_quadratic__robust_ossm_ekf,fail_lock,242,242.0,0.0036290128525465867,0.7300282053532404,0.010344756517711738,0.2563823736008031
profile1d_quadratic__robust_ossm_ekf,fail_lock,243,243.0,0.003319607552870756,0.7299909837267101,0.011055237976879122,0.2532688214510007
profile1d_quadratic__robust_ossm_ekf,fail_lock,244,244.0,0.002690163977886167,0.7300789662100344,0.011632254314790627,0.25067106850407983
profile1d_quadratic__robust_ossm_ekf,fail_lock,245,245.0,0.0018774653837601918,0.7301274006420666,0.012072974634814555,0.24858182087047376
profile1d_quadratic__robust_ossm_ekf,fail_lock,246,246.0,0.0010465644905917565,0.7302273700796802,0.012377326454247245,0.246998508137679
profile1d_quadratic__robust_ossm_ekf,fail_lock,247,247.0,0.00036986428105341244,0.7303027066777666,0.012541929938313897,0.24592292372824587
profile1d_quadratic__robust_ossm_ekf,fail_lock,248,248.0,1.7912219475175945e-05,0.7303783372173263,0.012565141844570684,0.2453607742551355
profile1d_quadratic__robust_ossm_ekf,fail_lock,249,249.0,0.00015491613193721797,0.7303916625786334,0.012444507768536386,0.24532125523427778
profile1d_quadratic__robust_ossm_ekf,fail_lock,250,250.0,0.0009390790333613493,0.7338396395435869,0.012237513920362077,0.2458167229184288
profile1d_quadratic__robust_ossm_ekf,fail_lock,251,251.0,0.0023450555168898603,0.8364040900637352,0.01348333235613183,0.24686244577295818
profile1d_quadratic__robust_ossm_ekf,fail_lock,252,252.0,0.004156153507643737,0.8796061368229765,0.013525128995129875,0.2484764017200717
profile1d_quadratic__robust_ossm_ekf,fail_lock,253,253.0,0.0065114748227770025,0.8973930169310196,0.012967148233955424,0.2506790957982589
profile1d_quadratic__robust_ossm_ekf,fail_lock,254,254.0,0.009432413312597728,0.905796891691332,0.012092289907467767,0.2534933362440493
profile1d_quadratic__robust_ossm_ekf,fail_lock,255,255.0,0.0130171552953111,0.9102147211683013,0.011002410934301333,0.25694396172739514
profile1d_quadratic__robust_ossm_ekf,fail_lock,256,256.0,0.017514348226917376,0.9126879909419623,0.009745405444101858,0.2610577391803678
profile1d_quadratic__robust_ossm_ekf,fail_lock,257,257.0,0.02271860906009296,0.9140052840338588,0.008349327877253569,0.2658635458207703
profile1d_quadratic__robust_ossm_ekf,fail_lock,258,258.0,0.02887655361736948,0.9146033141339065,0.006833900961553181,0.2713924581717509
profile1d_quadratic__robust_ossm_ekf,fail_lock,259,259.0,0.03620410949986585,0.9145368021997647,0.005209647299734115,0.27767744010691253
profile1d_quadratic__robust_ossm_ekf,fail_lock,260,260.0,0.04463390640026551,0.9138725504288806,0.0034805059073072546,0.2847528572509267
profile1d_quadratic__robust_ossm_ekf,fail_lock,261,261.0,0.054450708218399604,0.9122079536848622,0.0016426569649726054,0.29265395280516493
profile1d_quadratic__robust_ossm_ekf,fail_lock,262,262.0,0.0657802497409774,0.9089547205585322,0.0,0.30141576904326833
profile1d_quadratic__robust_ossm_ekf,fail_lock,263,263.0,0.07949259477718057,0.9023596985377513,0.0,0.3110709253975061
profile1d_quadratic__robust_ossm_ekf,fail_lock,264,264.0,0.09090594603879958,0.8873499188774034,0.0,0.32164610890605566
profile1d_quadratic__robust_ossm_ekf,fail_lock,265,265.0,0.10138372344540728,0.8480000724419868,0.0,0.33315724198910557
profile1d_quadratic__robust_ossm_ekf,fail_lock,266,266.0,0.11510556341579796,0.7462043676136579,0.0,0.34560383335730427
profile1d_quadratic__robust_ossm_ekf,fail_lock,267,267.0,0.1316636224541361,0.7191427550710818,0.0,0.35896317831930147
profile1d_quadratic__robust_ossm_ekf,fail_lock,268,268.0,0.14985859560766196,0.7174278018754489,0.0,0.373183261214891
profile1d_quadratic__robust_ossm_ekf,fail_lock,269,269.0,0.16688686741858694,0.7155379711784099,0.0,0.38817271932380154
profile1d_quadratic__robust_ossm_ekf,fail_lock,270,270.0,0.18549597362757672,0.7136992177570888,0.0,0.4037883997354011
profile1d_quadratic__robust_ossm_ekf,fail_lock,271,271.0,0.20513912876611412,0.7117578389504433,0.0,0.41982219717070046
profile1d_quadratic__robust_ossm_ekf,fail_lock,272,272.0,0.22317632461477577,0.70976585748536,0.0,0.43598909781768547
profile1d_quadratic__robust_ossm_ekf,fail_lock,273,273.0,0.2415736807683539,0.7078167736577017,0.0,0.45191943825896885
profile1d_quadratic__robust_ossm_ekf,fail_lock,274,274.0,0.25696293757508565,0.7059767477560658,0.0,0.46716012415713887
profile1d_quadratic__robust_ossm_ekf,fail_lock,275,275.0,0.271396388227829,0.7043407952555298,0.0,0.4811906630768124
profile1d_quadratic__robust_ossm_ekf,fail_lock,276,276.0,0.28213537586214293,0.7029004086716963,0.0,0.49345706423417846
profile1d_quadratic__robust_ossm_ekf,fail_lock,277,277.0,0.2862940174921551,0.7017288094716685,0.0,0.5034217852322121
profile1d_quadratic__robust_ossm_ekf,fail_lock,278,278.0,0.292484853011442,0.7013840991587115,0.0,0.5106238035196037
profile1d_quadratic__robust_ossm_ekf,fail_lock,279,279.0,0.29567702922224687,0.7006975960458489,0.0,0.5147382534948493
profile1d_quadratic__robust_ossm_ekf,fail_lock,280,280.0,0.2941592391487333,0.7003844804373497,0.0,0.5156235343386752
profile1d_quadratic__robust_ossm_ekf,fail_lock,281,281.0,0.28984822450545067,0.7005244749088791,0.0,0.5133467178821366
profile1d_quadratic__robust_ossm_ekf,fail_lock,282,282.0,0.2810629649528649,0.7338771349020792,0.0,0.5081826521714358
profile1d_quadratic__robust_ossm_ekf,fail_lock,283,283.0,0.26342344208116375,0.7738932620249257,0.0,0.5005880614725784
profile1d_quadratic__robust_ossm_ekf,fail_lock,284,284.0,0.243010286823891,0.7465220224137066,0.0,0.49115742163022696
profile1d_quadratic__robust_ossm_ekf,fail_lock,285,285.0,0.1568635322029689,0.7058413599402843,0.0,0.4805708710740183
profile1d_quadratic__robust_ossm_ekf,fail_lock,286,286.0,0.0894338348893122,0.7147403491671894,0.0,0.46954533350861494
profile1d_quadratic__robust_ossm_ekf,fail_lock,287,287.0,0.044462397788389695,0.7214978091606696,0.0,0.4587978660319948
profile1d_quadratic__robust_ossm_ekf,fail_lock,288,288.0,0.01810622044050473,0.7259965184356981,0.0,0.44902671971233676
profile1d_quadratic__robust_ossm_ekf,fail_lock,289,289.0,0.005027411460713847,0.7286166070352889,0.0,0.44091288701336595
profile1d_quadratic__robust_ossm_ekf,fail_lock,290,290.0,0.0002437326656429739,0.7299073898649244,0.0,0.4351433721628387
profile1d_quadratic__robust_ossm_ekf,fail_lock,291,291.0,0.0010497998866752477,0.7303811131738112,0.0,0.43245738001005524
profile1d_quadratic__robust_ossm_ekf,fail_lock,292,292.0,0.005492013064778536,0.7303281035737651,0.0,0.4337197524809586
profile1d_quadratic__robust_ossm_ekf,fail_lock,293,293.0,0.012179673948849213,0.7298851118982305,0.0,0.4400335340066392
profile1d_quadratic__robust_ossm_ekf,fail_lock,294,294.0,0.02013449253782473,0.7292762902784836,0.0,0.4529177036577051
profile1d_quadratic__robust_ossm_ekf,fail_lock,295,295.0,0.028671726474210305,0.7284764056352266,0.0,0.47460355349857125
profile1d_quadratic__robust_ossm_ekf,fail_lock,296,296.0,0.03732025411110571,0.7277061150442021,0.0,0.50855698180572
profile1d_quadratic__robust_ossm_ekf,fail_lock,297,297.0,0.045748964186249366,0.7267751911339678,0.0,0.5604530759947727
profile1d_quadratic__robust_ossm_ekf,fail_lock,298,298.0,0.05373778291719707,0.7260553531128399,0.0,0.6401259232139088
profile1d_quadratic__robust_ossm_ekf,fail_lock,299,299.0,0.06110737141249043,0.7252034506370533,0.0,0.7658072395493319
profile1d_quadratic__robust_ossm_ekf,fail_lock,300,300.0,0.06771427426762427,0.7244840745720172,0.0,0.9743171049633053
profile1d_quadratic__robust_ossm_ekf,fail_lock,301,301.0,0.07341112756237192,0.8152956057863785,0.060279314111532485,0.01416385423882741
profile1d_quadratic__robust_ossm_ekf,fail_lock,302,302.0,0.07720636497911297,0.8705264481408516,0.06441437725525664,0.015324821953845342
profile1d_quadratic__robust_ossm_ekf,fail_lock,303,303.0,0.0793244998174108,0.8915650115741027,0.06675533188161527,0.016254964763571977
profile1d_quadratic__robust_ossm_ekf,fail_lock,304,304.0,0.08004932473344263,0.9007250762903715,0.06899365101475853,0.016859690184592543
profile1d_quadratic__robust_ossm_ekf,fail_lock,305,305.0,0.07941801712524454,0.905019102255279,0.07179202095193478,0.017066403511438864
profile1d_quadratic__robust_ossm_ekf,fail_lock,306,306.0,0.07744455173968721,0.9072349686311441,0.07546821989070109,0.01684263966530712
profile1d_quadratic__robust_ossm_ekf,fail_lock,307,307.0,0.07951338676286565,0.9079521285696783,0.08013627543191981,0.016205966952270934
profile1d_quadratic__robust_ossm_ekf,fail_lock,308,308.0,0.08127234921490188,0.9075384250104716,0.08595382782145823,0.015220742971591754
profile1d_quadratic__robust_ossm_ekf,fail_lock,309,309.0,0.07565711941579215,0.9056501471895396,0.0930647864341981,0.013982813366067257
profile1d_quadratic__robust_ossm_ekf,fail_lock,310,310.0,0.07197508129508313,0.9022318542178528,0.0,1.0
profile1d_quadratic__robust_ossm_ekf,fail_lock,311,311.0,0.06488146698983267,0.8946265856299525,0.0,0.8468048453748921
profile1d_quadratic__robust_ossm_ekf,fail_lock,312,312.0,0.05505250095355153,0.8782117945301554,0.0,0.6978760269728653
profile1d_quadratic__robust_ossm_ekf,fail_lock,313,313.0,0.04263436194543684,0.8371928004559018,0.0,0.6046817848463615
profile1d_quadratic__robust_ossm_ekf,fail_lock,314,314.0,0.029537712104459744,0.7383324252318713,0.0,0.5444794419662837
profile1d_quadratic__robust_ossm_ekf,fail_lock,315,315.0,0.017937711678645683,0.7279739485388036,0.0,0.505290456580631
profile1d_quadratic__robust_ossm_ekf,fail_lock,316,316.0,0.00856575886367672,0.729291544509799,0.0,0.48034205092007204
profile1d_quadratic__robust_ossm_ekf,fail_lock,317,317.0,0.0022236146060154558,0.7301345987002748,0.0,0.4655836661718486
profile1d_quadratic__robust_ossm_ekf,fail_lock,318,318.0,6.430048950819194e-08,0.7308399278995338,0.0,0.458476169332452
profile1d_quadratic__robust_ossm_ekf,fail_lock,319,319.0,0.0024917522922366132,0.7310585723088832,0.0,0.4573568133544189
profile1d_quadratic__robust_ossm_ekf,fail_lock,320,320.0,0.01035348263842144,0.7308135540087024,0.0,0.4610833617097979
profile1d_quadratic__robust_ossm_ekf,fail_lock,321,321.0,0.023874782709633172,0.7300395528993047,0.0,0.46882102380012786
profile1d_quadratic__robust_ossm_ekf,fail_lock,322,322.0,0.04540925201810221,0.728705081483691,0.0,0.47990567444297083
profile1d_quadratic__robust_ossm_ekf,fail_lock,323,323.0,0.05947752671406901,0.7265712299103234,0.0,0.49374975999948784
profile1d_quadratic__robust_ossm_ekf,fail_lock,324,324.0,0.047335385341212385,0.7251715647317183,0.0,0.5097745579211087
profile1d_quadratic__robust_ossm_ekf,fail_lock,325,325.0,0.04442928960621988,0.7263798600691544,0.0,0.5273620618615947
profile1d_quadratic__robust_ossm_ekf,fail_lock,326,326.0,0.043369777701342635,0.7266685614534322,0.0,0.5458254467404003
profile1d_quadratic__robust_ossm_ekf,fail_lock,327,327.0,0.04262816200253188,0.7267737696671349,0.0,0.564400849063622
profile1d_quadratic__robust_ossm_ekf,fail_lock,328,328.0,0.04167207389241378,0.7268473961459238,0.0,0.5822643800998573
profile1d_quadratic__robust_ossm_ekf,fail_lock,329,329.0,0.04032031747133293,0.7269422968432342,0.0,0.598575573246082
profile1d_quadratic__robust_ossm_ekf,fail_lock,330,330.0,0.038526599916054595,0.8077104096126128,0.0,0.6125434399555614
profile1d_quadratic__robust_ossm_ekf,fail_lock,331,331.0,0.035803939226393945,0.8689558405362591,0.0,0.623504899224823
profile1d_quadratic__robust_ossm_ekf,fail_lock,332,332.0,0.03252341144504672,0.893264279648786,0.0,0.6309981768241101
profile1d_quadratic__robust_ossm_ekf,fail_lock,333,333.0,0.02907547249694652,0.9040784871213926,0.0,0.634812029702399
profile1d_quadratic__robust_ossm_ekf,fail_lock,334,334.0,0.025615364165265542,0.9095819466388931,0.0,0.6349986801187726
profile1d_quadratic__robust_ossm_ekf,fail_lock,335,335.0,0.02221769966565953,0.9126491289077656,0.0,0.63184883968587
profile1d_quadratic__robust_ossm_ekf,fail_lock,336,336.0,0.018924670100950985,0.91441341912878,0.0,0.6258363605368362
profile1d_quadratic__robust_ossm_ekf,fail_lock,337,337.0,0.015770494233090553,0.9153580998572967,0.0,0.61754605482832
profile1d_quadratic__robust_ossm_ekf,fail_lock,338,338.0,0.012791103372664123,0.9156759997665495,0.0,0.6076005591094694
profile1d_quadratic__robust_ossm_ekf,fail_lock,339,339.0,0.01002131394182815,0.9153866000438208,0.0,0.5965995201275216
profile1d_quadratic__robust_ossm_ekf,fail_lock,340,340.0,0.007497763105125566,0.914341597761568,0.0,0.5850772681358208
profile1d_quadratic__robust_ossm_ekf,fail_lock,341,341.0,0.005260919029921874,0.9121219348258308,0.0,0.5734792744008705
profile1d_quadratic__robust_ossm_ekf,fail_lock,342,342.0,0.00335365053473102,0.907718259480758,0.0,0.562155088922355
profile1d_quadratic__robust_ossm_ekf,fail_lock,343,343.0,0.001821527585004386,0.8984669529008033,0.0,0.5513633094693647
profile1d_quadratic__robust_ossm_ekf,fail_lock,344,344.0,0.000717321238821279,0.8766145982145231,0.0,0.5412829497847784
profile1d_quadratic__robust_ossm_ekf,fail_lock,345,345.0,0.00011687626324428463,0.8186916322331373,0.0,0.53202681717221
profile1d_quadratic__robust_ossm_ekf,fail_lock,346,346.0,6.259247271996022e-05,0.7310276009036083,0.0,0.5236544998451033
profile1d_quadratic__robust_ossm_ekf,fail_lock,347,347.0,0.0008000009080815587,0.7309781203448265,0.0,0.516183626557721
profile1d_quadratic__robust_ossm_ekf,fail_lock,348,348.0,0.0025196987364779506,0.730979926499179,0.0,0.5095985016315876
profile1d_quadratic__robust_ossm_ekf,fail_lock,349,349.0,0.005105500456130234,0.7306537451044983,0.0,0.5038559390122769
profile1d_quadratic__robust_ossm_ekf,fail_lock,350,350.0,0.007969128816511916,0.7302851786708159,0.0,0.4988891913404325
profile1d_quadratic__robust_ossm_ekf,fail_lock,351,351.0,0.010382112713291694,0.7298666337010006,0.0,0.49461115587314075
profile1d_quadratic__robust_ossm_ekf,fail_lock,352,352.0,0.011523570941467078,0.7297545180624334,0.0,0.4909175994856093
profile1d_quadratic__robust_ossm_ekf,fail_lock,353,353.0,0.010894701096664763,0.7295811144067932,0.0,0.48769087383787885
profile1d_quadratic__robust_ossm_ekf,fail_lock,354,354.0,0.009189627883752268,0.729665092298268,0.0,0.4848042410776451
profile1d_quadratic__robust_ossm_ekf,fail_lock,355,355.0,0.006699458798116056,0.7297378309383898,0.0,0.4821265955093171
profile1d_quadratic__robust_ossm_ekf,fail_lock,356,356.0,0.004060571722041762,0.7299831686866828,0.0,0.47952741495038653
profile1d_quadratic__robust_ossm_ekf,fail_lock,357,357.0,0.0018708455000992106,0.7302135469679991,0.0,0.47688199993879604
profile1d_quadratic__robust_ossm_ekf,fail_lock,358,358.0,0.0004276721968606942,0.7304586433776455,0.0,0.47407704657312166
profile1d_quadratic__robust_ossm_ekf,fail_lock,359,359.0,1.5914159947508987e-05,0.7304969325331018,0.0,0.4710162138642437
profile1d_quadratic__robust_ossm_ekf,fail_lock,360,360.0,0.0009158547906955894,0.7306946724753668,0.0,0.4676252048817361
profile1d_quadratic__robust_ossm_ekf,fail_lock,361,361.0,0.0033925514261792427,0.7557838234375722,0.0,0.46385604475772774
profile1d_quadratic__robust_ossm_ekf,fail_lock,362,362.0,0.007527475328993357,0.8477822300737086,0.0,0.4596901708043394
profile1d_quadratic__robust_ossm_ekf,fail_lock,363,363.0,0.012154488082685282,0.883859134631564,0.0,0.45513992349409915
profile1d_quadratic__robust_ossm_ekf,fail_lock,364,364.0,0.017749300867950426,0.8979480300881113,0.0,0.4502482357121009
profile1d_quadratic__robust_ossm_ekf,fail_lock,365,365.0,0.024613708017211047,0.9038790461500524,0.0,0.44508651654626213
profile1d_quadratic__robust_ossm_ekf,fail_lock,366,366.0,0.03277602670442036,0.9063147368000273,0.0,0.43975090217705776
profile1d_quadratic__robust_ossm_ekf,fail_lock,367,367.0,0.04215450968439678,0.9067786493368808,0.0,0.4343572120063499
profile1d_quadratic__robust_ossm_ekf,fail_lock,368,368.0,0.05262056630973088,0.9058491920907196,0.0,0.42903515579031704
profile1d_quadratic__robust_ossm_ekf,fail_lock,369,369.0,0.06392546719652255,0.9034630314511808,0.0,0.42392250871731385
profile1d_quadratic__robust_ossm_ekf,fail_lock,370,370.0,0.07576287750161785,0.8991164754109755,0.0,0.4191598018061377
profile1d_quadratic__robust_ossm_ekf,fail_lock,371,371.0,0.08774564443274242,0.8913757865356652,0.0,0.4148857317194185
profile1d_quadratic__robust_ossm_ekf,fail_lock,372,372.0,0.09825590291734308,0.8765739963323916,0.0,0.4112334400852451
profile1d_quadratic__robust_ossm_ekf,fail_lock,373,373.0,0.10624717401754755,0.8444448335198239,0.0,0.40832779229175103
profile1d_quadratic__robust_ossm_ekf,fail_lock,374,374.0,0.11446861669631334,0.7685725302533564,0.0,0.4062835458958348
profile1d_quadratic__robust_ossm_ekf,fail_lock,375,375.0,0.12447227138358337,0.7191393957265947,0.0,0.4052043607893699
profile1d_quadratic__robust_ossm_ekf,fail_lock,376,376.0,0.1345363382427672,0.7181649677723083,0.0,0.4051825155799256
profile1d_quadratic__robust_ossm_ekf,fail_lock,377,377.0,0.14201955589853354,0.7171194154360642,0.0,0.40629851249790616
profile1d_quadratic__robust_ossm_ekf,fail_lock,378,378.0,0.14701062016091324,0.7163388653246726,0.0,0.40861957583500175
profile1d_quadratic__robust_ossm_ekf,fail_lock,379,379.0,0.14959423760695537,0.7158057578320458,0.0,0.41219602769783564
profile1d_quadratic__robust_ossm_ekf,fail_lock,380,380.0,0.14643008032511728,0.7156485665737043,0.0,0.417054484725644
profile1d_quadratic__robust_ossm_ekf,fail_lock,381,381.0,0.13642242949254074,0.7159466213376882,0.0,0.42318793924264353
profile1d_quadratic__robust_ossm_ekf,fail_lock,382,382.0,0.12414092402649292,0.7169630783008744,0.0,0.4305433164627153
profile1d_quadratic__robust_ossm_ekf,fail_lock,383,383.0,0.11161301901153223,0.7245867478393129,0.0,0.43900604393024445
profile1d_quadratic__robust_ossm_ekf,fail_lock,384,384.0,0.09803015919518905,0.7893813497887047,0.0,0.4483814807362729
profile1d_quadratic__robust_ossm_ekf,fail_lock,385,385.0,0.0819211827424943,0.8151759198505414,0.0,0.45837594678957305
profile1d_quadratic__robust_ossm_ekf,fail_lock,386,386.0,0.06704625695185269,0.8198380228414144,0.0,0.4685828068412143
profile1d_quadratic__robust_ossm_ekf,fail_lock,387,387.0,0.054056678337333595,0.8061855526175977,0.0,0.47847977576740536
profile1d_quadratic__robust_ossm_ekf,fail_lock,388,388.0,0.04303600035670057,0.76455509134434,0.0,0.48744383664610996
profile1d_quadratic__robust_ossm_ekf,fail_lock,389,389.0,0.03394178516086588,0.7263922198362702,0.0,0.49478999142632984
profile1d_quadratic__robust_ossm_ekf,fail_lock,390,390.0,0.026308455429539954,0.7273957721391062,0.0,0.4998365188994047
profile1d_quadratic__robust_ossm_ekf,fail_lock,391,391.0,0.019678723695945036,0.728159194366438,0.0,0.5019897161302145
profile1d_quadratic__robust_ossm_ekf,fail_lock,392,392.0,0.014213653374909102,0.728834427388872,0.0,0.5008298404637713
profile1d_quadratic__robust_ossm_ekf,fail_lock,393,393.0,0.009764378583754708,0.729214744754849,0.0,0.496176758961277
profile1d_quadratic__robust_ossm_ekf,fail_lock,394,394.0,0.006222354054668592,0.7297271072455823,0.0,0.4881176200938926
profile1d_quadratic__robust_ossm_ekf,fail_lock,395,395.0,0.0036115107441834393,0.7299872359124189,0.0,0.47698633470252166
profile1d_quadratic__robust_ossm_ekf,fail_lock,396,396.0,0.0018148345916273994,0.7303938573846475,0.0,0.4632994922867421
profile1d_quadratic__robust_ossm_ekf,fail_lock,397,397.0,0.0007009414484459912,0.7434361547184916,0.0,0.4476688644928269
profile1d_quadratic__robust_ossm_ekf,fail_lock,398,398.0,0.00013921282037932255,0.8413208923404264,0.0,0.43071459181324034
profile1d_quadratic__robust_ossm_ekf,fail_lock,399,399.0,1.8559415373271357e-06,0.8820547591398382,0.0,0.41299694703609846
profile1d_quadratic__robust_ossm_ekf,fail_lock,400,400.0,0.00016128607923738156,0.8989863344803675,0.0,0.39497564162074633
profile1d_quadratic__robust_ossm_ekf,fail_lock,401,401.0,0.0004882654288229034,0.9067434650082508,0.0,0.37699738412803174
profile1d_quadratic__robust_ossm_ekf,fail_lock,402,402.0,0.0008673666413668587,0.9108223319594497,0.0,0.3593072269829006
profile1d_quadratic__robust_ossm_ekf,fail_lock,403,403.0,0.0011967993718865757,0.9128857519481418,0.0,0.3420782321216063
profile1d_quadratic__robust_ossm_ekf,fail_lock,404,404.0,0.001391455269170533,0.9139684143309432,0.0,0.32545537160485266
profile1d_quadratic__robust_ossm_ekf,fail_lock,405,405.0,0.0013897455832886257,0.9142617164346158,0.0,0.30961032595190346
profile1d_quadratic__robust_ossm_ekf,fail_lock,406,406.0,0.0011729761700383806,0.9140437171084711,0.004853982560600679,0.29480045997536874
profile1d_quadratic__robust_ossm_ekf,fail_lock,407,407.0,0.0007830606290373159,0.9131021097199489,0.01732628691346895,0.2814159840139696
profile1d_quadratic__robust_ossm_ekf,fail_lock,408,408.0,0.0003387458288889015,0.9112014047320098,0.027912155500224033,0.26998731417377836
profile1d_quadratic__robust_ossm_ekf,fail_lock,409,409.0,3.233945970784796e-05,0.9076136843594433,0.03599920734438094,0.26112117796106105
profile1d_quadratic__robust_ossm_ekf,fail_lock,410,410.0,9.347957729606617e-05,0.9005147347307025,0.04099285042542218,0.2553582322205517
profile1d_quadratic__robust_ossm_ekf,fail_lock,411,411.0,0.0007224180340897157,0.8848060172117653,0.04237472384219859,0.25300053650715354
profile1d_quadratic__robust_ossm_ekf,fail_lock,412,412.0,0.002033390396397388,0.8448344469200589,0.0395546653145614,0.25400234945828803
profile1d_quadratic__robust_ossm_ekf,fail_lock,413,413.0,0.0040689175433604174,0.7445392268236164,0.03179060860267704,0.2579937389089971
profile1d_quadratic__robust_ossm_ekf,fail_lock,414,414.0,0.00696302806293458,0.7306583917763397,0.0263849431014495,0.26441937126025955
profile1d_quadratic__robust_ossm_ekf,fail_lock,415,415.0,0.010565400218721802,0.7303735210342271,0.020194796977027002,0.2727063990470498
profile1d_quadratic__robust_ossm_ekf,fail_lock,416,416.0,0.014679075329267906,0.7300186698407822,0.013002787712228084,0.28238277029488285
profile1d_quadratic__robust_ossm_ekf,fail_lock,417,417.0,0.019116272923072872,0.7296130930838814,0.0050635702060317775,0.29312136650058485
profile1d_quadratic__robust_ossm_ekf,fail_lock,418,418.0,0.023562288002073384,0.7291751898364088,0.0,0.3047284344027225
profile1d_quadratic__robust_ossm_ekf,fail_lock,419,419.0,0.028102714343584148,0.7287359695419812,0.0,0.3171058112782305
profile1d_quadratic__robust_ossm_ekf,fail_lock,420,420.0,0.032689294967808424,0.7282869611607939,0.0,0.33020818813390823
profile1d_quadratic__robust_ossm_ekf,fail_lock,421,421.0,0.03707082007780515,0.7278329157554535,0.0,0.34400575264508443
profile1d_quadratic__robust_ossm_ekf,fail_lock,422,422.0,0.041319187165206044,0.7273987263210427,0.0,0.3584552152013879
profile1d_quadratic__robust_ossm_ekf,fail_lock,423,423.0,0.030729797515336017,0.7269773189533302,0.0,0.3734784902191681
profile1d_quadratic__robust_ossm_ekf,fail_lock,424,424.0,0.024939511027632002,0.728026952971022,0.0,0.388947668438397
profile1d_quadratic__robust_ossm_ekf,fail_lock,425,425.0,0.021108700487763157,0.7285998234781145,0.0,0.4046760326331871
profile1d_quadratic__robust_ossm_ekf,fail_lock,426,426.0,0.017799929377375897,0.728978413892362,0.0,0.4204160376225495
profile1d_quadratic__robust_ossm_ekf,fail_lock,427,427.0,0.014591031441982729,0.729305145157073,0.0,0.4358656394953469
profile1d_quadratic__robust_ossm_ekf,fail_lock,428,428.0,0.01137582559412913,0.7296217775495006,0.0,0.4506843924562925
profile1d_quadratic__robust_ossm_ekf,fail_lock,429,429.0,0.008184358539243621,0.8135607715176761,0.0,0.46451971907865797
profile1d_quadratic__robust_ossm_ekf,fail_lock,430,430.0,0.005055199395568404,0.8700003757457013,0.0,0.4770405966311868
profile1d_quadratic__robust_ossm_ekf,fail_lock,431,431.0,0.0024811422448309506,0.8917798679977164,0.0,0.4879728032068029
profile1d_quadratic__robust_ossm_ekf,fail_lock,432,432.0,0.0007495649273158514,0.901137424233482,0.0,0.4971295676338828
profile1d_quadratic__robust_ossm_ekf,fail_lock,433,433.0,1.5391757270259865e-05,0.9055271379533569,0.0,0.504432178578499
profile1d_quadratic__robust_ossm_ekf,fail_lock,434,434.0,0.0004239172234712712,0.9074992246199036,0.0,0.5099157209615337
profile1d_quadratic__robust_ossm_ekf,fail_lock,435,435.0,0.0021337093969755593,0.9079894255591054,0.0,0.5137185297453695
profile1d_quadratic__robust_ossm_ekf,fail_lock,436,436.0,0.0053161637629438666,0.9072765845414262,0.0,0.5160593686802482
profile1d_quadratic__robust_ossm_ekf,fail_lock,437,437.0,0.010161616122301273,0.9052300446051575,0.0,0.5172089207656526
profile1d_quadratic__robust_ossm_ekf,fail_lock,438,438.0,0.01688740486047501,0.9012250060599827,0.0,0.517461015061432
profile1d_quadratic__robust_ossm_ekf,fail_lock,439,439.0,0.025727939488636182,0.8936193899328551,0.0,0.5171072617566274
profile1d_quadratic__robust_ossm_ekf,fail_lock,440,440.0,0.03690558362385563,0.8779733240585685,0.0,0.5164177348783614
profile1d_quadratic__robust_ossm_ekf,fail_lock,441,441.0,0.05060049455448987,0.8412967248367712,0.0,0.5156285679675484
profile1d_quadratic__robust_ossm_ekf,fail_lock,442,442.0,0.06688501301599122,0.7505661525352906,0.0,0.5149352741942657
profile1d_quadratic__robust_ossm_ekf,fail_lock,443,443.0,0.08567617342788254,0.7242486694981776,0.0,0.5144899779917086
profile1d_quadratic__robust_ossm_ekf,fail_lock,444,444.0,0.10509345451714128,0.7224547342645053,0.0,0.5144014346237866
profile1d_quadratic__robust_ossm_ekf,fail_lock,445,445.0,0.12188550794775968,0.7203204880412041,0.0,0.5147373281416575
profile1d_quadratic__robust_ossm_ekf,fail_lock,446,446.0,0.13149892638966226,0.7185886080503892,0.0,0.5155280752402737
profile1d_quadratic__robust_ossm_ekf,fail_lock,447,447.0,0.1290250156532223,0.7175799585972484,0.0,0.5167710456432164
profile1d_quadratic__robust_ossm_ekf,fail_lock,448,448.0,0.11081724099882899,0.7178909672206326,0.0,0.51843446308389
profile1d_quadratic__robust_ossm_ekf,fail_lock,449,449.0,0.08243885319032025,0.7196672498287711,0.0,0.5204609687714458
profile1d_quadratic__robust_ossm_ekf,fail_lock,450,450.0,0.05328637092661701,0.7224973079396442,0.0,0.5227710145272155
profile1d_quadratic__robust_ossm_ekf,fail_lock,451,451.0,0.028524478514943295,0.7253766752842479,0.0,0.525266146923707
profile1d_quadratic__robust_ossm_ekf,fail_lock,452,452.0,0.011644999658711802,0.7279034332793815,0.0,0.5278326912407275
profile1d_quadratic__robust_ossm_ekf,fail_lock,453,453.0,0.0028713775340848432,0.729444313619259,0.0,0.5303461650330981
profile1d_quadratic__robust_ossm_ekf,fail_lock,454,454.0,4.398302903651355e-05,0.7304544459921984,0.0,0.5326760399172271
profile1d_quadratic__robust_ossm_ekf,fail_lock,455,455.0,0.0010994472391332366,0.730656033760441,0.0,0.5346907370661875
profile1d_quadratic__robust_ossm_ekf,fail_lock,456,456.0,0.004477473909542286,0.7306343733991073,0.0,0.5362628382687246
profile1d_quadratic__robust_ossm_ekf,fail_lock,457,457.0,0.009207764770407946,0.7302283778907737,0.0,0.5372740009458339
profile1d_quadratic__robust_ossm_ekf,fail_lock,458,458.0,0.014766858287897668,0.8087517937667001,0.0,0.5376194051080785
profile1d_quadratic__robust_ossm_ekf,fail_lock,459,459.0,0.020055072534208452,0.8754017435723666,0.0,0.5372120486414932
profile1d_quadratic__robust_ossm_ekf,fail_lock,460,460.0,0.024888735732251772,0.900005665335229,0.0,0.5359867871341886
profile1d_quadratic__robust_ossm_ekf,fail_lock,461,461.0,0.029859700402377468,0.9099132096652769,0.0,0.5339035435942425
profile1d_quadratic__robust_ossm_ekf,fail_lock,462,462.0,0.03512567236285951,0.9145609087378536,0.0,0.5309492426315391
profile1d_quadratic__robust_ossm_ekf,fail_lock,463,463.0,0.038577977887422385,0.9169754366273871,0.0,0.527138293272491
profile1d_quadratic__robust_ossm_ekf,fail_lock,464,464.0,0.04248152961077923,0.9184283622634952,0.0,0.5225115846287235
profile1d_quadratic__robust_ossm_ekf,fail_lock,465,465.0,0.04689545507906817,0.9193092107723211,0.0,0.5171341091012865
profile1d_quadratic__robust_ossm_ekf,fail_lock,466,466.0,0.05144701893467965,0.9198827637000825,0.0,0.5110914323536541
profile1d_quadratic__robust_ossm_ekf,fail_lock,467,467.0,0.05589071657021673,0.9202549583434536,0.0,0.5044852366625954
profile1d_quadratic__robust_ossm_ekf,fail_lock,468,468.0,0.060097397089973345,0.9205169752349371,0.0,0.4974282877976961
profile1d_quadratic__robust_ossm_ekf,fail_lock,469,469.0,0.06399454913857769,0.9207077987764544,0.0,0.4900392610203736
profile1d_quadratic__robust_ossm_ekf,fail_lock,470,470.0,0.06797410506803118,0.920832462453017,0.0,0.48243768153563604
profile1d_quadratic__robust_ossm_ekf,fail_lock,471,471.0,0.07186769489801711,0.9209494095483741,0.0,0.4747391453698895
profile1d_quadratic__robust_ossm_ekf,fail_lock,472,472.0,0.07462155141043895,0.9210317512167239,0.0,0.4670511053089928
profile1d_quadratic__robust_ossm_ekf,fail_lock,473,473.0,0.07817157610778773,0.9210917761001411,0.0,0.4594694243994606
profile1d_quadratic__robust_ossm_ekf,fail_lock,474,474.0,0.08124686912323678,0.9210648660077683,0.0,0.45207550341248187
profile1d_quadratic__robust_ossm_ekf,fail_lock,475,475.0,0.08375941413249574,0.9209579072499356,0.0,0.44493382659073194
profile1d_quadratic__robust_ossm_ekf,fail_lock,476,476.0,0.08658865504283225,0.9208114597420015,0.0,0.4380901414301838
profile1d_quadratic__robust_ossm_ekf,fail_lock,477,477.0,0.08844791190161681,0.9205765668400548,0.0,0.4315699230863157
profile1d_quadratic__robust_ossm_ekf,fail_lock,478,478.0,0.0898498923931445,0.9203403067366706,0.0,0.4253763515851483
profile1d_quadratic__robust_ossm_ekf,fail_lock,479,479.0,0.09154258942695914,0.9200574081901077,0.0,0.41948787697266215
profile1d_quadratic__robust_ossm_ekf,fail_lock,480,480.0,0.09336090568436986,0.9198986835439572,0.0,0.41385550972631285
profile1d_quadratic__robust_ossm_ekf,fail_lock,481,481.0,0.09489294374278803,0.9196799161222449,0.0,0.4083993060728273
profile1d_quadratic__robust_ossm_ekf,fail_lock,482,482.0,0.09609053337657611,0.919503648541144,0.0,0.4030044112410112
profile1d_quadratic__robust_ossm_ekf,fail_lock,483,483.0,0.0978636284841169,0.9193570364522236,0.0,0.397517667390194
profile1d_quadratic__robust_ossm_ekf,fail_lock,484,484.0,0.09936792870564268,0.9193296425102112,0.0,0.3917451067402566
profile1d_quadratic__robust_ossm_ekf,fail_lock,485,485.0,0.09799438381682411,0.9191822465203672,0.0,0.3854521189779795
profile1d_quadratic__robust_ossm_ekf,fail_lock,486,486.0,0.09650183998176638,0.9191392563038999,0.0,0.37836996054337607
profile1d_quadratic__robust_ossm_ekf,fail_lock,487,487.0,0.09440835435688708,0.9189815653013071,0.0,0.3702110079196171
profile1d_quadratic__robust_ossm_ekf,fail_lock,488,488.0,0.0915045106773974,0.9187169510324817,0.0,0.36069375328611264
profile1d_quadratic__robust_ossm_ekf,fail_lock,489,489.0,0.08768604173271849,0.91827173120813,0.0,0.3495775536018093
profile1d_quadratic__robust_ossm_ekf,fail_lock,490,490.0,0.08303390582204317,0.9177245667907775,0.0,0.33670362546600424
profile1d_quadratic__robust_ossm_ekf,fail_lock,491,491.0,0.07770298502426583,0.917195762891713,0.0,0.32203360133987036
profile1d_quadratic__robust_ossm_ekf,fail_lock,492,492.0,0.07189013122033218,0.9168348920195313,0.0,0.30567427659515667
profile1d_quadratic__robust_ossm_ekf,fail_lock,493,493.0,0.06458975305621978,0.9167436052207469,0.004918116323527813,0.2878794439511875
profile1d_quadratic__robust_ossm_ekf,fail_lock,494,494.0,0.057321009220352555,0.917025345506989,0.012035777163971657,0.26902529183473833
profile1d_quadratic__robust_ossm_ekf,fail_lock,495,495.0,0.05091857899253804,0.9175109619801581,0.01868464643533832,0.2495630242792778
profile1d_quadratic__robust_ossm_ekf,fail_lock,496,496.0,0.046050679367986305,0.9181638136295647,0.024613797796414046,0.22995936599887326
profile1d_quadratic__robust_ossm_ekf,fail_lock,497,497.0,0.041374568768538525,0.9188436031538345,0.02960984421813894,0.21063920401737712
profile1d_quadratic__robust_ossm_ekf,fail_lock,498,498.0,0.03713793808397435,0.9196079901805086,0.03352517553926573,0.191942653590449
profile1d_quadratic__robust_ossm_ekf,fail_lock,499,499.0,0.03346917257745713,0.9203359144915895,0.03626399891619782,0.17410242937755957
profile1d_quadratic__robust_ossm_ekf,fail_lock,500,500.0,0.03043799225484274,0.921153542786046,0.037782031275139474,0.15724068186694448
profile1d_quadratic__robust_ossm_ekf,fail_lock,501,501.0,0.02802700342604087,0.9218655153779064,0.03803609037419616,0.14138044708639236
profile1d_quadratic__robust_ossm_ekf,fail_lock,502,502.0,0.02623842303919312,0.9224607339967478,0.03810542467151514,0.1264658237159379
profile1d_quadratic__robust_ossm_ekf,fail_lock,503,503.0,0.02506809716047726,0.9227518346166951,0.03850205304112769,0.11238643782343635
profile1d_quadratic__robust_ossm_ekf,fail_lock,504,504.0,0.02453000376886942,0.9226839825946291,0.03968336986880492,0.09900433557529358
profile1d_quadratic__robust_ossm_ekf,fail_lock,505,505.0,0.024632813970054894,0.9219742618925276,0.04197118336272542,0.08618368585358885
profile1d_quadratic__robust_ossm_ekf,fail_lock,506,506.0,0.025418217797660687,0.9206955397706064,0.04551913719094107,0.07382521813053619
profile1d_quadratic__robust_ossm_ekf,fail_lock,507,507.0,0.026921849267667997,0.918858186996278,0.05028652997005906,0.061907291700947845
profile1d_quadratic__robust_ossm_ekf,fail_lock,508,508.0,0.029185303479626667,0.9166652784158545,0.05611952862148084,0.050532662971601625
profile1d_quadratic__robust_ossm_ekf,fail_lock,509,509.0,0.03220524844639462,0.9140727344336377,0.0626704660830033,0.03997359699844124
profile1d_quadratic__robust_ossm_ekf,fail_lock,510,510.0,0.03591732372293704,0.9110269485976649,0.0693802460696298,0.03069795623438259
profile1d_quadratic__robust_ossm_ekf,fail_lock,511,511.0,0.04010991153397056,0.9071091584447319,0.07573852929872958,0.023350020063500846
profile1d_quadratic__robust_ossm_ekf,fail_lock,512,512.0,0.04436964696684426,0.9014722910037727,0.08115517594020896,0.018663138938333757
profile1d_quadratic__robust_ossm_ekf,fail_lock,513,513.0,0.0480120061020382,0.8921396338955346,0.08474040938295442,0.017307086375466435
profile1d_quadratic__robust_ossm_ekf,fail_lock,514,514.0,0.05013606409955009,0.8740096235520384,0.08543930879084047,0.01971548656916427
profile1d_quadratic__robust_ossm_ekf,fail_lock,515,515.0,0.04987936776386644,0.83257746762074,0.08161642111786173,0.025967920399354232
profile1d_quadratic__robust_ossm_ekf,fail_lock,516,516.0,0.046972481324683193,0.7351268275542903,0.07049172693220296,0.035783892677407184
profile1d_quadratic__robust_ossm_ekf,fail_lock,517,517.0,0.04248767254613767,0.7264159225661028,0.06672809722401077,0.048626149713850694
profile1d_quadratic__robust_ossm_ekf,fail_lock,518,518.0,0.03568753026162032,0.7268613423302077,0.06281245186254718,0.06385573914000629
profile1d_quadratic__robust_ossm_ekf,fail_lock,519,519.0,0.028181160382989425,0.7275358508925603,0.05834156658343438,0.08087077090938051
profile1d_quadratic__robust_ossm_ekf,fail_lock,520,520.0,0.02040223185088353,0.7282791994415565,0.05361141595407227,0.09919006282362174
profile1d_quadratic__robust_ossm_ekf,fail_lock,521,521.0,0.013447520049417273,0.7290481963581997,0.0487731806137952,0.11847909761130912
profile1d_quadratic__robust_ossm_ekf,fail_lock,522,522.0,0.008542823387427808,0.7297345551814615,0.0438254810267153,0.13853572577880208
profile1d_quadratic__robust_ossm_ekf,fail_lock,523,523.0,0.005352655224524729,0.7302179397318891,0.03869484505869437,0.15925537815596974
profile1d_quadratic__robust_ossm_ekf,fail_lock,524,524.0,0.003405018819304292,0.7305320554025644,0.03331403145170838,0.18058961965978326
profile1d_quadratic__robust_ossm_ekf,fail_lock,525,525.0,0.0022902624480399644,0.7307237133153783,0.027630344065661318,0.20250529516772375
profile1d_quadratic__robust_ossm_ekf,fail_lock,526,526.0,0.0015975135898021818,0.7308333726030434,0.021617214912806423,0.22494692045675382
profile1d_quadratic__robust_ossm_ekf,fail_lock,527,527.0,0.0010069851892168338,0.7309015045311865,0.01528033747741058,0.24780300877979938
profile1d_quadratic__robust_ossm_ekf,fail_lock,528,528.0,0.0008442887470690217,0.7309595744619207,0.008662556361782835,0.27087750675271954
profile1d_quadratic__robust_ossm_ekf,fail_lock,529,529.0,0.0008201035175629409,0.7309755719133683,0.0018517977132088731,0.2938692698422659
profile1d_quadratic__robust_ossm_ekf,fail_lock,530,530.0,0.0008712974904389645,0.7309779499228659,0.0,0.3163642454017328
profile1d_quadratic__robust_ossm_ekf,fail_lock,531,531.0,0.0009373475325413873,0.7309729162665417,0.0,0.3378457767750813
profile1d_quadratic__robust_ossm_ekf,fail_lock,532,532.0,0.0009903108671822905,0.8250545405875417,0.0,0.35772726327037624
profile1d_quadratic__robust_ossm_ekf,fail_lock,533,533.0,0.0009791681549131427,0.8823498633441103,0.0,0.3754073404706813
profile1d_quadratic__robust_ossm_ekf,fail_lock,534,534.0,0.0009120216895484088,0.9035713129459323,0.0,0.39034100569302543
profile1d_quadratic__robust_ossm_ekf,fail_lock,535,535.0,0.0007989756508852215,0.912199207248694,0.0,0.4021132520322406
profile1d_quadratic__robust_ossm_ekf,fail_lock,536,536.0,0.0006452025783065893,0.9161663596395091,0.0,0.4104987957738258
profile1d_quadratic__robust_ossm_ekf,fail_lock,537,537.0,0.0004599610076785898,0.9181347662159723,0.0,0.41549375187263105
profile1d_quadratic__robust_ossm_ekf,fail_lock,538,538.0,0.0002633670827428953,0.9191142445501025,0.0,0.4173114182328384
profile1d_quadratic__robust_ossm_ekf,fail_lock,539,539.0,9.17612011109304e-05,0.9195227733872711,0.0,0.41634420385018234
profile1d_quadratic__robust_ossm_ekf,fail_lock,540,540.0,1.7737076945038228e-06,0.91956836634732,0.0,0.41310367618536226
profile1d_quadratic__robust_ossm_ekf,fail_lock,541,541.0,7.534018200878362e-05,0.9192972171443328,0.0,0.4081542278463389
profile1d_quadratic__robust_ossm_ekf,fail_lock,542,542.0,0.00042428046744709093,0.9187095981094503,0.0,0.4020534893499303
profile1d_quadratic__robust_ossm_ekf,fail_lock,543,543.0,0.0011930002790267766,0.91772599434915,0.0,0.39530866486827276
profile1d_quadratic__robust_ossm_ekf,fail_lock,544,544.0,0.002559338817662836,0.9161638264613069,0.0,0.38835123039312813
profile1d_quadratic__robust_ossm_ekf,fail_lock,545,545.0,0.004724580814032672,0.913649463044256,0.0,0.3815266354181495
profile1d_quadratic__robust_ossm_ekf,fail_lock,546,546.0,0.007886242030828265,0.9093850852112639,0.0,0.37509558262685433
profile1d_quadratic__robust_ossm_ekf,fail_lock,547,547.0,0.012190236171861105,0.9014801063815441,0.0,0.36924338012231195
profile1d_quadratic__robust_ossm_ekf,fail_lock,548,548.0,0.01763974745648106,0.8848263563441422,0.0,0.36409246722473826
profile1d_quadratic__robust_ossm_ekf,fail_lock,549,549.0,0.023951186158370427,0.8442898372584171,0.0,0.3597146730584302
profile1d_quadratic__robust_ossm_ekf,fail_lock,550,550.0,0.030439727366232548,0.7455633906220005,0.0,0.35614234218934376
profile1d_quadratic__robust_ossm_ekf,fail_lock,551,551.0,0.03623105486848888,0.7280556695039169,0.0,0.3533783426879942
profile1d_quadratic__robust_ossm_ekf,fail_lock,552,552.0,0.03955613458302417,0.7274819768167895,0.0,0.35140452303954695
profile1d_quadratic__robust_ossm_ekf,fail_lock,553,553.0,0.03900675606632644,0.7271126451798037,0.0,0.3501881276669517
profile1d_quadratic__robust_ossm_ekf,fail_lock,554,554.0,0.03548025970769848,0.7271786281543459,0.0,0.34968636256260294
profile1d_quadratic__robust_ossm_ekf,fail_lock,555,555.0,0.027732213021521877,0.7274700943216202,0.0,0.349849735623016
profile1d_quadratic__robust_ossm_ekf,fail_lock,556,556.0,0.018903514664604486,0.728241452055081,0.0,0.3506246496183169
profile1d_quadratic__robust_ossm_ekf,fail_lock,557,557.0,0.011127585341825078,0.7290420009934186,0.0,0.35195529265658043
profile1d_quadratic__robust_ossm_ekf,fail_lock,558,558.0,0.00514661470230282,0.7297896209191382,0.0,0.35378478412735176
profile1d_quadratic__robust_ossm_ekf,fail_lock,559,559.0,0.001530834462902044,0.73027990462181,0.0,0.3560557001147352
profile1d_quadratic__robust_ossm_ekf,fail_lock,560,560.0,9.56275048688657e-05,0.7306176448182237,0.0,0.3587100246968686
profile1d_quadratic__robust_ossm_ekf,fail_lock,561,561.0,0.00027482324507969785,0.7307421338347945,0.0,0.3616886581028488
profile1d_quadratic__robust_ossm_ekf,fail_lock,562,562.0,0.0016300715788274257,0.7307538737146714,0.0,0.3649309132710069
profile1d_quadratic__robust_ossm_ekf,fail_lock,563,563.0,0.003848816985378965,0.7306099426889996,0.0,0.36837421767196243
profile1d_quadratic__robust_ossm_ekf,fail_lock,564,564.0,0.0067147846449695375,0.7303865715193594,0.0,0.3719538980456269
profile1d_quadratic__robust_ossm_ekf,fail_lock,565,565.0,0.010077436082216546,0.7300009794568092,0.0,0.3756033276418677
profile1d_quadratic__robust_ossm_ekf,fail_lock,566,566.0,0.01385015216928202,0.814080543699944,0.0,0.37925496489220095
profile1d_quadratic__robust_ossm_ekf,fail_lock,567,567.0,0.017215618425737125,0.8744993972485491,0.0,0.3828421907524173
profile1d_quadratic__robust_ossm_ekf,fail_lock,568,568.0,0.02027982797275718,0.8982881333163218,0.0,0.38630140153022363
profile1d_quadratic__robust_ossm_ekf,fail_lock,569,569.0,0.023466233995473647,0.9088498526731049,0.0,0.3895739899753955
profile1d_quadratic__robust_ossm_ekf,fail_lock,570,570.0,0.02691302402857435,0.9142538019117826,0.0,0.3926080360815909
profile1d_quadratic__robust_ossm_ekf,fail_lock,571,571.0,0.02850276486763851,0.9173757864888825,0.0,0.39535952529901686
profile1d_quadratic__robust_ossm_ekf,fail_lock,572,572.0,0.029597646365161715,0.9193640388912472,0.0,0.39779292774927083
profile1d_quadratic__robust_ossm_ekf,fail_lock,573,573.0,0.03092006580872383,0.9206651860365807,0.0,0.399881041886668
profile1d_quadratic__robust_ossm_ekf,fail_lock,574,574.0,0.0324003394698129,0.9215567028258068,0.0,0.4016040822805162
profile1d_quadratic__robust_ossm_ekf,fail_lock,575,575.0,0.03396515799191135,0.9220825482129381,0.0,0.4029480616270422
profile1d_quadratic__robust_ossm_ekf,fail_lock,576,576.0,0.035343758129656566,0.9224440233691007,0.0,0.4039024970100889
profile1d_quadratic__robust_ossm_ekf,fail_lock,577,577.0,0.03602486760171312,0.9225873839022729,0.0,0.4044575229902511
profile1d_quadratic__robust_ossm_ekf,fail_lock,578,578.0,0.0366443176093025,0.9226529229305502,0.0,0.404600753432291
profile1d_quadratic__robust_ossm_ekf,fail_lock,579,579.0,0.0374809868812597,0.9225973869826627,0.0,0.4043145567740843
profile1d_quadratic__robust_ossm_ekf,fail_lock,580,580.0,0.03795891897623799,0.9226210840800781,0.0,0.4035743661981047
profile1d_quadratic__robust_ossm_ekf,fail_lock,581,581.0,0.03862123997809482,0.9225101305465704,0.0,0.4023474599974288
profile1d_quadratic__robust_ossm_ekf,fail_lock,582,582.0,0.03950806211913908,0.9224505708042445,0.0,0.4005909049206056
profile1d_quadratic__robust_ossm_ekf,fail_lock,583,583.0,0.040643331260530685,0.9223731416767343,0.0,0.3982492706533788
profile1d_quadratic__robust_ossm_ekf,fail_lock,584,584.0,0.04231427327007588,0.9223770112335492,0.0,0.39525398609899665
profile1d_quadratic__robust_ossm_ekf,fail_lock,585,585.0,0.043938584418200366,0.9223369376090618,0.0,0.3915244120598153
profile1d_quadratic__robust_ossm_ekf,fail_lock,586,586.0,0.04578716875102713,0.9223688735261285,0.0,0.3869699986115615
profile1d_quadratic__robust_ossm_ekf,fail_lock,587,587.0,0.04792629905067571,0.9223656230828657,0.0,0.3814942063403529
profile1d_quadratic__robust_ossm_ekf,fail_lock,588,588.0,0.04992006510792207,0.9223831425515301,0.0,0.3750007227257693
profile1d_quadratic__robust_ossm_ekf,fail_lock,589,589.0,0.051849649574128756,0.9223028096361068,0.0,0.36740139853271836
profile1d_quadratic__robust_ossm_ekf,fail_lock,590,590.0,0.05382763352686487,0.9221614198515403,0.0,0.3586255436534003
profile1d_quadratic__robust_ossm_ekf,fail_lock,591,591.0,0.05573866845037628,0.9220301120399714,0.0,0.34863043472687555
profile1d_quadratic__robust_ossm_ekf,fail_lock,592,592.0,0.05747925913993219,0.9218940109759123,0.0,0.33741140686768833
profile1d_quadratic__robust_ossm_ekf,fail_lock,593,593.0,0.058962866253736854,0.9217396876516328,0.0,0.32500864089652304
profile1d_quadratic__robust_ossm_ekf,fail_lock,594,594.0,0.06014143241383018,0.9216597778295434,0.0,0.3115089935007118
profile1d_quadratic__robust_ossm_ekf,fail_lock,595,595.0,0.06092553488963345,0.9215702220764098,0.0016936947325063875,0.29704336054225916
profile1d_quadratic__robust_ossm_ekf,fail_lock,596,596.0,0.06126894140197526,0.921577180340708,0.010454734548239263,0.2817805643193328
profile1d_quadratic__robust_ossm_ekf,fail_lock,597,597.0,0.06101184641205972,0.9215757104123754,0.019580436871488003,0.2659185524334569
profile1d_quadratic__robust_ossm_ekf,fail_lock,598,598.0,0.06004168099908649,0.9216699047563206,0.028946274754339446,0.2496738810402605
profile1d_quadratic__robust_ossm_ekf,fail_lock,599,599.0,0.05817521416772452,0.9217241140862761,0.038420435302307536,0.23327044260955326
profile1d_quadratic__robust_ossm_ekf,fail_lock,600,600.0,0.054928346079688745,0.9217249821046981,0.04788216112694486,0.21692841980246372
profile1d_quadratic__robust_ossm_ekf,fail_lock,601,601.0,0.04965641205138484,0.9217159167083514,0.057180339707745054,0.20085462715203112
profile1d_quadratic__robust_ossm_ekf,fail_lock,602,602.0,0.04261338558222191,0.9214969336053838,0.06621981795503916,0.18523521484253888
profile1d_quadratic__robust_ossm_ekf,fail_lock,603,603.0,0.034016113567123765,0.9206862790611284,0.07495137293803981,0.17023117550953895
profile1d_quadratic__robust_ossm_ekf,fail_lock,604,604.0,0.024657487225985666,0.9186687236144073,0.08335304977986839,0.15597657849707455
profile1d_quadratic__robust_ossm_ekf,fail_lock,605,605.0,0.015915627066546104,0.9130892355112968,0.09127131235733559,0.14257895707081633
profile1d_quadratic__robust_ossm_ekf,fail_lock,606,606.0,0.008904377796341224,0.8970990203243472,0.09798155547026806,0.130121096204734
profile1d_quadratic__robust_ossm_ekf,fail_lock,607,607.0,0.004159058500584295,0.8484966493561338,0.1006062282767311,0.11866373272351549
profile1d_quadratic__robust_ossm_ekf,fail_lock,608,608.0,0.001542459469500266,0.7336714799495987,0.09384606272972967,0.10824876277703036
profile1d_quadratic__robust_ossm_ekf,fail_lock,609,609.0,0.00038418488444611984,0.7307780267751414,0.10013266956737239,0.09890247708655299
profile1d_quadratic__robust_ossm_ekf,fail_lock,610,610.0,1.2719588033354162e-05,0.731020809287317,0.10647624384190656,0.09063853380431124
profile1d_quadratic__robust_ossm_ekf,fail_lock,611,611.0,8.111674627433126e-05,0.7310573282167707,0.11235112219665047,0.08346062080514338
profile1d_quadratic__robust_ossm_ekf,fail_lock,612,612.0,0.00034206824877844213,0.731050604295124,0.11756206244648608,0.07736478136215429
profile1d_quadratic__robust_ossm_ekf,fail_lock,613,613.0,0.0006434214445804826,0.731024949951272,0.12209932352769515,0.0723413335636373
profile1d_quadratic__robust_ossm_ekf,fail_lock,614,614.0,0.0009102267846632602,0.730995321761359,0.12594282196408785,0.06837636698520498
profile1d_quadratic__robust_ossm_ekf,fail_lock,615,615.0,0.0011109886421927795,0.7309690884970488,0.12905879042967525,0.06545285047304912
profile1d_quadratic__robust_ossm_ekf,fail_lock,616,616.0,0.0012334656118691758,0.7309493478004724,0.13143098240762294,0.06355137695196492
profile1d_quadratic__robust_ossm_ekf,fail_lock,617,617.0,0.0012801581817290363,0.7309373043228213,0.13305764162265216,0.06265062219424476
profile1d_quadratic__robust_ossm_ekf,fail_lock,618,618.0,0.0012534885606384758,0.7309327128318014,0.13394686262808242,0.06272763124898324
profile1d_quadratic__robust_ossm_ekf,fail_lock,619,619.0,0.0010191880264607384,0.7309353353820106,0.13412027015235228,0.0637579322645985
profile1d_quadratic__robust_ossm_ekf,fail_lock,620,620.0,0.0007833024785450274,0.7309583745694296,0.13365719068182122,0.06571535905204236
profile1d_quadratic__robust_ossm_ekf,fail_lock,621,621.0,0.0005803732481115245,0.7309815683546824,0.13256554067016818,0.06857150777697188
profile1d_quadratic__robust_ossm_ekf,fail_lock,622,622.0,0.00043008889604125944,0.7310015206515051,0.13088100150526258,0.07229477325688927
profile1d_quadratic__robust_ossm_ekf,fail_lock,623,623.0,0.000310645701978847,0.7829263204146854,0.13777060981591904,0.07684871843420613
profile1d_quadratic__robust_ossm_ekf,fail_lock,624,624.0,0.0001979466315025486,0.863618555572728,0.14869276702889675,0.08218958423094479
profile1d_quadratic__robust_ossm_ekf,fail_lock,625,625.0,0.00010681891784350295,0.8948097016194834,0.15008743898920615,0.08826314631427269
profile1d_quadratic__robust_ossm_ekf,fail_lock,626,626.0,4.3359030272469294e-05,0.9076665768640919,0.14768841984695738,0.09500113335309464
profile1d_quadratic__robust_ossm_ekf,fail_lock,627,627.0,9.59495830350277e-06,0.9138181678261416,0.14364220013439993,0.10231738615927731
profile1d_quadratic__robust_ossm_ekf,fail_lock,628,628.0,9.463559457821956e-09,0.9171377684043931,0.13871827540457932,0.1101046335002588
profile1d_quadratic__robust_ossm_ekf,fail_lock,629,629.0,8.65477383783778e-06,0.9190844511263125,0.13327438755761853,0.11823337911078627
profile1d_quadratic__robust_ossm_ekf,fail_lock,630,630.0,2.8530962416639096e-05,0.9202876197862329,0.12751857815400391,0.12655405472264042
profile1d_quadratic__robust_ossm_ekf,fail_lock,631,631.0,5.0742703235747e-05,0.9210509369546364,0.12165336930157956,0.13490287493705203
profile1d_quadratic__robust_ossm_ekf,fail_lock,632,632.0,6.67460656723041e-05,0.9215342069667962,0.11583246280235311,0.14311130174921868
profile1d_quadratic__robust_ossm_ekf,fail_lock,633,633.0,6.991212231613358e-05,0.9218257695870704,0.11019081585206834,0.15101818544811282
profile1d_quadratic__robust_ossm_ekf,fail_lock,634,634.0,5.7820728661973037e-05,0.9219737645913543,0.10484140608125445,0.15848289444520142
profile1d_quadratic__robust_ossm_ekf,fail_lock,635,635.0,3.365592951366078e-05,0.9220015917432389,0.09986928065521787,0.16539733557636974
profile1d_quadratic__robust_ossm_ekf,fail_lock,636,636.0,8.175914669397872e-06,0.9219155651992995,0.09532721097571238,0.1716939846280689
profile1d_quadratic__robust_ossm_ekf,fail_lock,637,637.0,1.601046028599824e-06,0.9217070394053655,0.0912348250792254,0.1773478360778287
profile1d_quadratic__robust_ossm_ekf,fail_lock,638,638.0,4.299947599672495e-05,0.921350626077883,0.08757915172156286,0.18237292552205286
profile1d_quadratic__robust_ossm_ekf,fail_lock,639,639.0,0.00016853747047046867,0.9207979850216909,0.08432136081932252,0.1868154716968799
profile1d_quadratic__robust_ossm_ekf,fail_lock,640,640.0,0.0004205168398154463,0.9199634554196708,0.08141097688852245,0.19074531064960867
profile1d_quadratic__robust_ossm_ekf,fail_lock,641,641.0,0.0008457672866366645,0.9186877463018491,0.07877547764776262,0.1942468417542765
profile1d_quadratic__robust_ossm_ekf,fail_lock,642,642.0,0.0014917854290529722,0.9166866901057251,0.0763289469992332,0.19741066227148843
profile1d_quadratic__robust_ossm_ekf,fail_lock,643,643.0,0.0023989788554912932,0.9133058477953795,0.07395838061772513,0.20032677144239014
profile1d_quadratic__robust_ossm_ekf,fail_lock,644,644.0,0.003585062214756787,0.9070780820512409,0.07148310776497377,0.2030794617349882
profile1d_quadratic__robust_ossm_ekf,fail_lock,645,645.0,0.005020155224221615,0.8938697076341187,0.06855987351784879,0.20574403960917587
profile1d_quadratic__robust_ossm_ekf,fail_lock,646,646.0,0.006610832779420666,0.8611698022080533,0.0642555728061279,0.20838539754852886
profile1d_quadratic__robust_ossm_ekf,fail_lock,647,647.0,0.008203849608538396,0.7754564379388275,0.05623003832831598,0.21105744195064335
profile1d_quadratic__robust_ossm_ekf,fail_lock,648,648.0,0.009673542092879952,0.7302513272954751,0.05138639445206129,0.21380273641620082
profile1d_quadratic__robust_ossm_ekf,fail_lock,649,649.0,0.010775534613496823,0.7299698901821431,0.04975160365565682,0.21665271131617925
profile1d_quadratic__robust_ossm_ekf,fail_lock,650,650.0,0.011222424586146527,0.7298057662701204,0.04806571971865441,0.21962854974949536
profile1d_quadratic__robust_ossm_ekf,fail_lock,651,651.0,0.010908659256140353,0.7297330812543,0.0463243286803175,0.22274246960557045
profile1d_quadratic__robust_ossm_ekf,fail_lock,652,652.0,0.009882931240581995,0.7298171007030719,0.04452723288762117,0.22599925045578856
profile1d_quadratic__robust_ossm_ekf,fail_lock,653,653.0,0.008252078753151355,0.7299075999288481,0.04266064276851622,0.22939803162832914
profile1d_quadratic__robust_ossm_ekf,fail_lock,654,654.0,0.006414111016967739,0.7300724689233483,0.04072370529437399,0.23293427959194068
profile1d_quadratic__robust_ossm_ekf,fail_lock,655,655.0,0.004540588127752529,0.7302048111059679,0.03870379710105873,0.23660161833521945
profile1d_quadratic__robust_ossm_ekf,fail_lock,656,656.0,0.0028518942504430858,0.7304288574462398,0.036602078851499936,0.24039337789246634
profile1d_quadratic__robust_ossm_ekf,fail_lock,657,657.0,0.0014710803227291776,0.7305891668230402,0.03440471034973403,0.24430395140160582
profile1d_quadratic__robust_ossm_ekf,fail_lock,658,658.0,0.0005016907896418052,0.7307051537780338,0.03210779021343431,0.2483299898655717
profile1d_quadratic__robust_ossm_ekf,fail_lock,659,659.0,3.228922391330934e-05,0.7307803660886827,0.029706239742167396,0.2524713388510097
profile1d_quadratic__robust_ossm_ekf,fail_lock,660,660.0,0.0001400302373891241,0.7309302778479192,0.02719853786516031,0.2567316226519867
profile1d_quadratic__robust_ossm_ekf,fail_lock,661,661.0,0.0009081682265587698,0.7309747722917975,0.024566358785787747,0.2611184306872516
profile1d_quadratic__robust_ossm_ekf,fail_lock,662,662.0,0.002416564832042186,0.7309016389433605,0.02180689713810598,0.2656432269696702
profile1d_quadratic__robust_ossm_ekf,fail_lock,663,663.0,0.004736224974587956,0.7997067914690621,0.020700761099793533,0.2703212114156312
profile1d_quadratic__robust_ossm_ekf,fail_lock,664,664.0,0.007742811852766315,0.8654122189676183,0.01881508360490832,0.2751711366033084
profile1d_quadratic__robust_ossm_ekf,fail_lock,665,665.0,0.01131530925903315,0.8905223476994331,0.015483537930784753,0.2802150043694274
profile1d_quadratic__robust_ossm_ekf,fail_lock,666,666.0,0.015540578910730409,0.9010870797780949,0.01153778600551735,0.2854778006983633
profile1d_quadratic__robust_ossm_ekf,fail_lock,667,667.0,0.02046300173583438,0.9060180627178454,0.0072215316080865306,0.2909873650515629
profile1d_quadratic__robust_ossm_ekf,fail_lock,668,668.0,0.026097243002600596,0.9084090824886613,0.002598703234879948,0.2967744155518948
profile1d_quadratic__robust_ossm_ekf,fail_lock,669,669.0,0.03240776321500061,0.9093697938134081,0.0,0.30287295591370883
profile1d_quadratic__robust_ossm_ekf,fail_lock,670,670.0,0.0406703660294893,0.909287673693145,0.0,0.3093209243807195
profile1d_quadratic__robust_ossm_ekf,fail_lock,671,671.0,0.05191336583914773,0.908288232210046,0.0,0.31616037950562886
profile1d_quadratic__robust_ossm_ekf,fail_lock,672,672.0,0.059925010335321216,0.9060984927010626,0.0,0.323436871161853
profile1d_quadratic__robust_ossm_ekf,fail_lock,673,673.0,0.06796334295220187,0.902347099579597,0.0,0.331198191646282
profile1d_quadratic__robust_ossm_ekf,fail_lock,674,674.0,0.07657584683283102,0.8954577942713808,0.0,0.33949251258944163
profile1d_quadratic__robust_ossm_ekf,fail_lock,675,675.0,0.08573345348729368,0.881604318475137,0.0,0.3483655581202111
profile1d_quadratic__robust_ossm_ekf,fail_lock,676,676.0,0.09515283873494616,0.8499415307987686,0.0,0.35785671395160573
profile1d_quadratic__robust_ossm_ekf,fail_lock,677,677.0,0.10540054531069114,0.7713633968627135,0.0,0.36799424456298063
profile1d_quadratic__robust_ossm_ekf,fail_lock,678,678.0,0.11728142101344176,0.7203209893148673,0.0,0.37878945966455235
profile1d_quadratic__robust_ossm_ekf,fail_lock,679,679.0,0.12974550289909115,0.7190733364797297,0.0,0.3902294681023689
profile1d_quadratic__robust_ossm_ekf,fail_lock,680,680.0,0.14215325601027118,0.7177778250479998,0.0,0.4022684461893608
profile1d_quadratic__robust_ossm_ekf,fail_lock,681,681.0,0.15272272602081435,0.7165033438735424,0.0,0.4148176994772527
profile1d_quadratic__robust_ossm_ekf,fail_lock,682,682.0,0.16231269416713812,0.7154296874351331,0.0,0.427735609698409
profile1d_quadratic__robust_ossm_ekf,fail_lock,683,683.0,0.1719041103909115,0.7144363207076698,0.0,0.4408199946945881
profile1d_quadratic__robust_ossm_ekf,fail_lock,684,684.0,0.17900535706261975,0.7134504547603422,0.0,0.45380434077766924
profile1d_quadratic__robust_ossm_ekf,fail_lock,685,685.0,0.17549008034524222,0.7127043571154038,0.0,0.4663575280178822
profile1d_quadratic__robust_ossm_ekf,fail_lock,686,686.0,0.16919886070293455,0.7130989494717526,0.0,0.47809015250191805
profile1d_quadratic__robust_ossm_ekf,fail_lock,687,687.0,0.1606190355921004,0.7137383690958673,0.0,0.4885725020641987
profile1d_quadratic__robust_ossm_ekf,fail_lock,688,688.0,0.14949740669760486,0.7146244176068705,0.0,0.49736390625447646
profile1d_quadratic__robust_ossm_ekf,fail_lock,689,689.0,0.13628307035624032,0.7499394215241197,0.0,0.5040494957392586
profile1d_quadratic__robust_ossm_ekf,fail_lock,690,690.0,0.1221885767524924,0.7572447392768521,0.0,0.5082809028689455
profile1d_quadratic__robust_ossm_ekf,fail_lock,691,691.0,0.10701163274021441,0.7214425270873022,0.0,0.5098163803703514
profile1d_quadratic__robust_ossm_ekf,fail_lock,692,692.0,0.09159427928162053,0.7203420170879113,0.0,0.5085530661982341
profile1d_quadratic__robust_ossm_ekf,fail_lock,693,693.0,0.07756184759235564,0.7218631730117543,0.0,0.50454326214992
profile1d_quadratic__robust_ossm_ekf,fail_lock,694,694.0,0.06425438420417005,0.7233051575583425,0.0,0.4979898038563507
profile1d_quadratic__robust_ossm_ekf,fail_lock,695,695.0,0.051217725289079453,0.7246007522339416,0.0,0.48922161001623987
profile1d_quadratic__robust_ossm_ekf,fail_lock,696,696.0,0.04118554292137059,0.7259938788508628,0.0,0.47865586678357575
profile1d_quadratic__robust_ossm_ekf,fail_lock,697,697.0,0.03211517711091161,0.7269368953041402,0.0,0.466755911300703
profile1d_quadratic__robust_ossm_ekf,fail_lock,698,698.0,0.023977826611250235,0.7278869395539658,0.0,0.45399268335678084
profile1d_quadratic__robust_ossm_ekf,fail_lock,699,699.0,0.016888509432838924,0.7286717293811719,0.0,0.4408142457734978
profile1d_quadratic__robust_ossm_ekf,fail_lock,700,700.0,0.010978089743969355,0.7293951016309229,0.0,0.427625281912482
profile1d_quadratic__robust_ossm_ekf,fail_lock,701,701.0,0.006340538809878006,0.7299779991300404,0.0,0.41477685651854307
profile1d_quadratic__robust_ossm_ekf,fail_lock,702,702.0,0.0030126012286347233,0.7579365576262149,0.0,0.4025654185401104
profile1d_quadratic__robust_ossm_ekf,fail_lock,703,703.0,0.0009520891850946523,0.8504717096478928,0.0,0.39123877570792565
profile1d_quadratic__robust_ossm_ekf,fail_lock,704,704.0,6.204719847444209e-05,0.8875656795590857,0.0,0.38100629504200784
profile1d_quadratic__robust_ossm_ekf,fail_lock,705,705.0,0.00017684105364246374,0.9028041159191553,0.0,0.37205104024962077
profile1d_quadratic__robust_ossm_ekf,fail_lock,706,706.0,0.0010396388603991654,0.9099990108043843,0.0,0.36454095494136435
profile1d_quadratic__robust_ossm_ekf,fail_lock,707,707.0,0.002373441567119078,0.9138228010343262,0.0,0.3586349828353239
profile1d_quadratic__robust_ossm_ekf,fail_lock,708,708.0,0.0039227523245502546,0.9160321352764703,0.0,0.35447897888843427
profile1d_quadratic__robust_ossm_ekf,fail_lock,709,709.0,0.0054804128765338885,0.9173810508453724,0.0,0.35218262890365554
profile1d_quadratic__robust_ossm_ekf,fail_lock,710,710.0,0.006896101319527095,0.9182284802990246,0.0,0.3517631150435402
profile1d_quadratic__robust_ossm_ekf,fail_lock,711,711.0,0.008071255310262267,0.9187536082536022,0.0,0.3530410123604344
profile1d_quadratic__robust_ossm_ekf,fail_lock,712,712.0,0.008949461026641821,0.9190407593338648,0.0,0.3554921337679006
profile1d_quadratic__robust_ossm_ekf,fail_lock,713,713.0,0.0095066088748586,0.9191155317637796,0.0,0.3581165879737618
profile1d_quadratic__robust_ossm_ekf,fail_lock,714,714.0,0.009740012778262029,0.9189565264592087,0.0,0.35948063277156783
profile1d_quadratic__robust_ossm_ekf,fail_lock,715,715.0,0.009657958533203836,0.918486222790084,0.0,0.3581110878271544
profile1d_quadratic__robust_ossm_ekf,fail_lock,716,716.0,0.00927707931710156,0.9175313820726487,0.0,0.3531768540047742
profile1d_quadratic__robust_ossm_ekf,fail_lock,717,717.0,0.008887863308880216,0.9157156451410138,0.0,0.34497258377606077
profile1d_quadratic__robust_ossm_ekf,fail_lock,718,718.0,0.008117917489630212,0.9121532619773297,0.0,0.33474375876253826
profile1d_quadratic__robust_ossm_ekf,fail_lock,719,719.0,0.007195449788710778,0.9045722339809323,0.0,0.3240259837121696
profile1d_quadratic__robust_ossm_ekf,fail_lock,720,720.0,0.005959636108369768,0.886090407920043,0.0,0.3140658658204288
profile1d_quadratic__robust_ossm_ekf,fail_lock,721,721.0,0.004672532227131857,0.83513988470656,0.0,0.30561614762311584
profile1d_quadratic__robust_ossm_ekf,fail_lock,722,722.0,0.0033578560243512977,0.7305989929509561,0.00037186743263476136,0.29900873204468925
profile1d_quadratic__robust_ossm_ekf,fail_lock,723,723.0,0.0022018140200561797,0.7307283533207856,0.0021270586862522037,0.294312334636691
profile1d_quadratic__robust_ossm_ekf,fail_lock,724,724.0,0.0011622258830241425,0.730842072122683,0.0031854072337863027,0.2914648408515509
profile1d_quadratic__robust_ossm_ekf,fail_lock,725,725.0,0.00039924368488460766,0.7309443095513198,0.003594528517712721,0.29035498571709184
profile1d_quadratic__robust_ossm_ekf,fail_lock,726,726.0,2.1448288744441075e-05,0.7310193287834021,0.003401271023597917,0.2908637831163984
profile1d_quadratic__robust_ossm_ekf,fail_lock,727,727.0,0.00013409966838488248,0.7310564701300227,0.0026480675723440394,0.2928804045172486
profile1d_quadratic__robust_ossm_ekf,fail_lock,728,728.0,0.0007989231707535951,0.7310453956282489,0.0013737183770190418,0.29630304556304543
profile1d_quadratic__robust_ossm_ekf,fail_lock,729,729.0,0.002029864982756261,0.7309800324667584,0.0,0.30103180198799934
profile1d_quadratic__robust_ossm_ekf,fail_lock,730,730.0,0.0039284077782808105,0.7308589840011902,0.0,0.30695755402552116
profile1d_quadratic__robust_ossm_ekf,fail_lock,731,731.0,0.006592005292728335,0.7306722174817757,0.0,0.3139487317608561
profile1d_quadratic__robust_ossm_ekf,fail_lock,732,732.0,0.010186748266705486,0.7304100518665231,0.0,0.3218375130615671
profile1d_quadratic__robust_ossm_ekf,fail_lock,733,733.0,0.00965001886568839,0.7300559827395995,0.0,0.3304075727357775
profile1d_quadratic__robust_ossm_ekf,fail_lock,734,734.0,0.009660383097663911,0.7301088672449358,0.0,0.3393858036178637
profile1d_quadratic__robust_ossm_ekf,fail_lock,735,735.0,0.009941075327043324,0.7301078461082332,0.0,0.3484409831876904
profile1d_quadratic__robust_ossm_ekf,fail_lock,736,736.0,0.010300356370780774,0.7300801899600173,0.0,0.35719314120933865
profile1d_quadratic__robust_ossm_ekf,fail_lock,737,737.0,0.010523642445482229,0.7565295922091536,0.0,0.3652364736735663
profile1d_quadratic__robust_ossm_ekf,fail_lock,738,738.0,0.01049028937921256,0.8512669116575995,0.0,0.372175183415382
profile1d_quadratic__robust_ossm_ekf,fail_lock,739,739.0,0.010049535770863724,0.8882019852661656,0.0,0.3776675152686713
profile1d_quadratic__robust_ossm_ekf,fail_lock,740,740.0,0.009380158847829953,0.9029229853031939,0.0,0.38147024729696444
profile1d_quadratic__robust_ossm_ekf,fail_lock,741,741.0,0.008534662529120265,0.909749584351398,0.0,0.3834736717251875
profile1d_quadratic__robust_ossm_ekf,fail_lock,742,742.0,0.007527938935399315,0.9133234893430481,0.0,0.38371727567442027
profile1d_quadratic__robust_ossm_ekf,fail_lock,743,743.0,0.006378599762041186,0.9153183106495212,0.0,0.38238095281817425
profile1d_quadratic__robust_ossm_ekf,fail_lock,744,744.0,0.005126501454805397,0.9164151556596404,0.0,0.37975372755264
profile1d_quadratic__robust_ossm_ekf,fail_lock,745,745.0,0.0038387941141245314,0.9169088817654312,0.0,0.37618850785521046
profile1d_quadratic__robust_ossm_ekf,fail_lock,746,746.0,0.002602725805106632,0.9169138129902296,0.0,0.372054948151315
profile1d_quadratic__robust_ossm_ekf,fail_lock,747,747.0,0.0015115710890956878,0.9164326973420054,0.0,0.3677013336003339
profile1d_quadratic__robust_ossm_ekf,fail_lock,748,748.0,0.000656762444961219,0.9153627251699409,0.0,0.36343029652094205
profile1d_quadratic__robust_ossm_ekf,fail_lock,749,749.0,0.0001283348559411481,0.9134464995136468,0.0,0.3594870490012016
profile1d_quadratic__robust_ossm_ekf,fail_lock,750,750.0,1.5585102211464353e-05,0.9101222876487772,0.0,0.35605705198493104
profile1d_quadratic__robust_ossm_ekf,fail_lock,751,751.0,0.00040459803812632544,0.9041054161335744,0.0,0.35327017998783733
profile1d_quadratic__robust_ossm_ekf,fail_lock,752,752.0,0.0013728348355880478,0.8921110026603221,0.0,0.35120839862886183
profile1d_quadratic__robust_ossm_ekf,fail_lock,753,753.0,0.002976135584417784,0.8646257707779915,0.0,0.34991421405860546
profile1d_quadratic__robust_ossm_ekf,fail_lock,754,754.0,0.0052218472397109455,0.794936575022353,0.0,0.349398278608592
profile1d_quadratic__robust_ossm_ekf,fail_lock,755,755.0,0.008176819209973697,0.7305449303094924,0.0,0.3496460527754126
profile1d_quadratic__robust_ossm_ekf,fail_lock,756,756.0,0.011595966934863807,0.7302539895696155,0.0,0.35062347894941875
profile1d_quadratic__robust_ossm_ekf,fail_lock,757,757.0,0.01537028952621278,0.7299170998800937,0.0,0.3522810320200209
profile1d_quadratic__robust_ossm_ekf,fail_lock,758,758.0,0.018767298914333316,0.7295449070560456,0.0,0.3545562579834238
profile1d_quadratic__robust_ossm_ekf,fail_lock,759,759.0,0.02033271104030969,0.7292096459309247,0.0,0.35737597148492156
profile1d_quadratic__robust_ossm_ekf,fail_lock,760,760.0,0.019527807607096426,0.7290550627670586,0.0,0.36065874387040575
profile1d_quadratic__robust_ossm_ekf,fail_lock,761,761.0,0.016687411293157626,0.7291345532463996,0.0,0.3643170227782793
profile1d_quadratic__robust_ossm_ekf,fail_lock,762,762.0,0.012824167199053344,0.7294149473361359,0.0,0.3682584071994266
profile1d_quadratic__robust_ossm_ekf,fail_lock,763,763.0,0.008763303509081471,0.7297960202384636,0.0,0.3723868253568663
profile1d_quadratic__robust_ossm_ekf,fail_lock,764,764.0,0.005171086224935921,0.7301962219217938,0.0,0.376604567270754
profile1d_quadratic__robust_ossm_ekf,fail_lock,765,765.0,0.002440715309281308,0.730549926408648,0.0,0.380815277619736
profile1d_quadratic__robust_ossm_ekf,fail_lock,766,766.0,0.0007241863028207677,0.7308185741070053,0.0,0.3849274984450088
profile1d_quadratic__robust_ossm_ekf,fail_lock,767,767.0,2.3671433072626538e-05,0.7309873808395267,0.0,0.38885839161608604
profile1d_quadratic__robust_ossm_ekf,fail_lock,768,768.0,0.00027711808393771195,0.7310562515805314,0.0,0.39253726879517714
profile1d_quadratic__robust_ossm_ekf,fail_lock,769,769.0,0.001419280494267634,0.7310313353967398,0.0,0.3959085351393223
profile1d_quadratic__robust_ossm_ekf,fail_lock,770,770.0,0.003389106929647643,0.7747043410083573,0.0,0.39893383490165996
profile1d_quadratic__robust_ossm_ekf,fail_lock,771,771.0,0.006058621669325701,0.8589382557121682,0.0,0.4015932807268904
profile1d_quadratic__robust_ossm_ekf,fail_lock,772,772.0,0.009145399163153692,0.89154669437055,0.0,0.4038855701631476
profile1d_quadratic__robust_ossm_ekf,fail_lock,773,773.0,0.01262914989269031,0.9045568236352622,0.0,0.4058269179629704
profile1d_quadratic__robust_ossm_ekf,fail_lock,774,774.0,0.016189248609419185,0.9105229289902792,0.0,0.40744901569672876
profile1d_quadratic__robust_ossm_ekf,fail_lock,775,775.0,0.019514513254604997,0.9135549908133286,0.0,0.4087963928127438
profile1d_quadratic__robust_ossm_ekf,fail_lock,776,776.0,0.023568451600012467,0.9152468866883591,0.0,0.4099237163618139
profile1d_quadratic__robust_ossm_ekf,fail_lock,777,777.0,0.02834014273950818,0.9161648950978514,0.0,0.4108934430376447
profile1d_quadratic__robust_ossm_ekf,fail_lock,778,778.0,0.03348412526707741,0.916629435268149,0.0,0.4117735421562604
profile1d_quadratic__robust_ossm_ekf,fail_lock,779,779.0,0.03885433472439738,0.9168026942277053,0.0,0.41263477439636104
profile1d_quadratic__robust_ossm_ekf,fail_lock,780,780.0,0.04453110053551901,0.9167989831699472,0.0,0.4135475880411684
profile1d_quadratic__robust_ossm_ekf,fail_lock,781,781.0,0.050287249247516166,0.91666203214375,0.0,0.4145791112251141
profile1d_quadratic__robust_ossm_ekf,fail_lock,782,782.0,0.056064280004567126,0.9164145827430158,0.0,0.4157905673363234
profile1d_quadratic__robust_ossm_ekf,fail_lock,783,783.0,0.06175162804152838,0.9161276050769704,0.0,0.417234890326879
profile1d_quadratic__robust_ossm_ekf,fail_lock,784,784.0,0.06752338488934673,0.9159520806550175,0.0,0.41895431125708754
profile1d_quadratic__robust_ossm_ekf,fail_lock,785,785.0,0.07268907869166295,0.9159429706287359,0.0,0.4209782277564891
profile1d_quadratic__robust_ossm_ekf,fail_lock,786,786.0,0.07718734636930849,0.9164095443761718,0.0,0.4233210618231512
profile1d_quadratic__robust_ossm_ekf,fail_lock,787,787.0,0.08086865445472864,0.9173724236363399,0.0,0.42597922727655146
profile1d_quadratic__robust_ossm_ekf,fail_lock,788,788.0,0.08334981862722986,0.9185041896011595,0.0,0.42892741534931184
profile1d_quadratic__robust_ossm_ekf,fail_lock,789,789.0,0.08493817265886845,0.9183068828346502,0.0,0.43211458601730746
profile1d_quadratic__robust_ossm_ekf,fail_lock,790,790.0,0.08560886992214237,0.9150264813788515,0.0,0.43545897597218153
profile1d_quadratic__robust_ossm_ekf,fail_lock,791,791.0,0.08530186870564989,0.9088871565401818,0.0,0.4388421517639933
profile1d_quadratic__robust_ossm_ekf,fail_lock,792,792.0,0.0841065292555898,0.9025905391229447,0.0,0.4421036611299925
profile1d_quadratic__robust_ossm_ekf,fail_lock,793,793.0,0.08204697317196441,0.8981096135225968,0.0,0.44503752858447354
profile1d_quadratic__robust_ossm_ekf,fail_lock,794,794.0,0.07916295552873545,0.8956728869370671,0.0,0.4473912040271288
profile1d_quadratic__robust_ossm_ekf,fail_lock,795,795.0,0.07553675498796696,0.8947003372843184,0.0,0.448868803255385
profile1d_quadratic__robust_ossm_ekf,fail_lock,796,796.0,0.07129907777916751,0.8945816371691353,0.0,0.449141749131427
profile1d_quadratic__robust_ossm_ekf,fail_lock,797,797.0,0.06660616501380116,0.8949219909609181,0.0,0.44786862090764257
profile1d_quadratic__robust_ossm_ekf,fail_lock,798,798.0,0.06162144618767374,0.895557560837122,0.0,0.44472343775222056
profile1d_quadratic__robust_ossm_ekf,fail_lock,799,799.0,0.05649921685980731,0.896534484540937,0.0,0.4394297785084678
profile1d_quadratic__robust_ossm_ekf,fail_lock,800,800.0,0.05136441494589894,0.8981114409772509,0.0,0.4317963328715701
profile1d_quadratic__robust_ossm_ekf,fail_lock,801,801.0,0.04497886891965972,0.9007543506735415,0.0,0.4217469681497004
profile1d_quadratic__robust_ossm_ekf,fail_lock,802,802.0,0.03933564666263573,0.9050324481592675,0.0,0.40933744001845507
profile1d_quadratic__robust_ossm_ekf,fail_lock,803,803.0,0.03463508338816522,0.9108244926819393,0.0,0.394753437106328
profile1d_quadratic__robust_ossm_ekf,fail_lock,804,804.0,0.02978551266419498,0.9166157096960903,0.0,0.37828920380743725
profile1d_quadratic__robust_ossm_ekf,fail_lock,805,805.0,0.026111182138526833,0.9198660173639485,0.0,0.36031095851028067
profile1d_quadratic__robust_ossm_ekf,fail_lock,806,806.0,0.02298933304454404,0.919648831579996,0.0,0.34121321438953905
profile1d_quadratic__robust_ossm_ekf,fail_lock,807,807.0,0.020176726594576855,0.9176173092424642,0.0,0.32137739059681936
profile1d_quadratic__robust_ossm_ekf,fail_lock,808,808.0,0.01766488827049261,0.9154667429217265,0.0,0.3011402184801771
profile1d_quadratic__robust_ossm_ekf,fail_lock,809,809.0,0.015435569050309596,0.9137290503527725,0.004316575912800138,0.28077518613860103
profile1d_quadratic__robust_ossm_ekf,fail_lock,810,810.0,0.013469318928616358,0.9122193819235255,0.008768655759429176,0.26048676944480276
profile1d_quadratic__robust_ossm_ekf,fail_lock,811,811.0,0.011744695818341113,0.9105116565822969,0.01305684261419891,0.24041581477867102
profile1d_quadratic__robust_ossm_ekf,fail_lock,812,812.0,0.01023962943310483,0.9080453132547293,0.01717334703613735,0.2206538331687653
profile1d_quadratic__robust_ossm_ekf,fail_lock,813,813.0,0.008929719996503743,0.903942485012298,0.021120847754432393,0.2012640028161689
profile1d_quadratic__robust_ossm_ekf,fail_lock,814,814.0,0.007792827752684384,0.896421821876559,0.024867737382440826,0.1823070030070399
profile1d_quadratic__robust_ossm_ekf,fail_lock,815,815.0,0.0068261988798718806,0.8810462122065986,0.028252759884942483,0.16386967343654965
profile1d_quadratic__robust_ossm_ekf,fail_lock,816,816.0,0.006052680674884523,0.8452626325765543,0.03071564193402969,0.14609483161961848
profile1d_quadratic__robust_ossm_ekf,fail_lock,817,817.0,0.0054244523236384274,0.7586490124213022,0.030729018675135073,0.12921065920530994
profile1d_quadratic__robust_ossm_ekf,fail_lock,818,818.0,0.005262383568660138,0.7305249885361339,0.03248065909084469,0.11355615028708979
profile1d_quadratic__robust_ossm_ekf,fail_lock,819,819.0,0.0052364829556880285,0.7305409405222291,0.035106971063497465,0.09959574326080288
profile1d_quadratic__robust_ossm_ekf,fail_lock,820,820.0,0.0052929438874479585,0.7305434897937779,0.03735346122878727,0.08791395702779556
profile1d_quadratic__robust_ossm_ekf,fail_lock,821,821.0,0.005468046921736969,0.7305379325988902,0.039106679482763196,0.07918222995473072
profile1d_quadratic__robust_ossm_ekf,fail_lock,822,822.0,0.0057131505919833315,0.7305206975368703,0.0402597614997015,0.07409553105022196
profile1d_quadratic__robust_ossm_ekf,fail_lock,823,823.0,0.006015252358698851,0.7304965712755619,0.04071993199200255,0.07328503411719772
profile1d_quadratic__robust_ossm_ekf,fail_lock,824,824.0,0.005447043945694697,0.7304668326518179,0.04041149821889336,0.07722359457951408
profile1d_quadratic__robust_ossm_ekf,fail_lock,825,825.0,0.0040732005377627925,0.730522764856982,0.03927215365777525,0.08614801626264591
profile1d_quadratic__robust_ossm_ekf,fail_lock,826,826.0,0.003267431430214006,0.7306579703365358,0.03723620423160214,0.10002018046746357
profile1d_quadratic__robust_ossm_ekf,fail_lock,827,827.0,0.002725809950382423,0.7307372493997072,0.034283895387749265,0.11853658975038503
profile1d_quadratic__robust_ossm_ekf,fail_lock,828,828.0,0.002250005303496592,0.7307905308783447,0.03046403006335095,0.14117884854028284
profile1d_quadratic__robust_ossm_ekf,fail_lock,829,829.0,0.001847193548991165,0.7308373321959445,0.02585515596000698,0.16728549980982
profile1d_quadratic__robust_ossm_ekf,fail_lock,830,830.0,0.00144302278457916,0.7308769497350401,0.02055689729014958,0.19612350960975905
profile1d_quadratic__robust_ossm_ekf,fail_lock,831,831.0,0.001027321732632642,0.7309166972332202,0.014684448204963426,0.22694408766069485
profile1d_quadratic__robust_ossm_ekf,fail_lock,832,832.0,0.0006551038415641997,0.7309575747885521,0.008363503612954293,0.25901755773400015
profile1d_quadratic__robust_ossm_ekf,fail_lock,833,833.0,0.0003282868029590902,0.7682480154787407,0.0018168743702783304,0.29165083803268727
profile1d_quadratic__robust_ossm_ekf,fail_lock,834,834.0,9.094237559792909e-05,0.8489527908768241,0.0,0.32419584220915926
profile1d_quadratic__robust_ossm_ekf,fail_lock,835,835.0,5.028436440503687e-09,0.8819760336892286,0.0,0.35605636755420317
profile1d_quadratic__robust_ossm_ekf,fail_lock,836,836.0,0.00011161262030827648,0.8961488626376484,0.0,0.3866967976304261
profile1d_quadratic__robust_ossm_ekf,fail_lock,837,837.0,0.00047711009392287874,0.9028643039893263,0.0,0.4156533803514215
profile1d_quadratic__robust_ossm_ekf,fail_lock,838,838.0,0.0011501140465423386,0.9060762683456428,0.0,0.4425482794278976
profile1d_quadratic__robust_ossm_ekf,fail_lock,839,839.0,0.002188108134686963,0.9072178039737273,0.0,0.46710322661005177
profile1d_quadratic__robust_ossm_ekf,fail_lock,840,840.0,0.0036522408633258025,0.906702725601216,0.0,0.48914668620446994
profile1d_quadratic__robust_ossm_ekf,fail_lock,841,841.0,0.005606058228021088,0.9042822589737903,0.0,0.508612629023076
profile1d_quadratic__robust_ossm_ekf,fail_lock,842,842.0,0.008116680872191145,0.8987908114530564,0.0,0.5255341157064914
profile1d_quadratic__robust_ossm_ekf,fail_lock,843,843.0,0.011251523916430075,0.8868547793542689,0.0,0.5400324078411018
profile1d_quadratic__robust_ossm_ekf,fail_lock,844,844.0,0.015059907453778177,0.8584632306905993,0.0,0.5522985979609566
profile1d_quadratic__robust_ossm_ekf,fail_lock,845,845.0,0.019553332631153286,0.7859346235544661,0.0,0.5625693652379807
profile1d_quadratic__robust_ossm_ekf,fail_lock,846,846.0,0.024726270167475497,0.7291320326766406,0.0,0.5711036501452853
profile1d_quadratic__robust_ossm_ekf,fail_lock,847,847.0,0.030360670286266548,0.7286209063141882,0.0,0.5781636712224814
profile1d_quadratic__robust_ossm_ekf,fail_lock,848,848.0,0.03582057078145996,0.7280634957131721,0.0,0.583999655489882
profile1d_quadratic__robust_ossm_ekf,fail_lock,849,849.0,0.04005301099687957,0.727522664552377,0.0,0.5888386213864675
profile1d_quadratic__robust_ossm_ekf,fail_lock,850,850.0,0.04287256508749716,0.7271029570392213,0.0,0.5928780623199841
profile1d_quadratic__robust_ossm_ekf,fail_lock,851,851.0,0.043641574784345966,0.7268231335474902,0.0,0.5962824886752307
profile1d_quadratic__robust_ossm_ekf,fail_lock,852,852.0,0.04123119350773265,0.7267467829650741,0.0,0.5991798413875353
profile1d_quadratic__robust_ossm_ekf,fail_lock,853,853.0,0.0361364835547894,0.7269860514137414,0.0,0.6016590503292156
profile1d_quadratic__robust_ossm_ekf,fail_lock,854,854.0,0.02924255184438138,0.727491351189639,0.0,0.6037719405726668
profile1d_quadratic__robust_ossm_ekf,fail_lock,855,855.0,0.02142437592161503,0.7281741680808661,0.0,0.6055386206483612
profile1d_quadratic__robust_ossm_ekf,fail_lock,856,856.0,0.013789472524640597,0.7289472289434608,0.0,0.6069532901014187
profile1d_quadratic__robust_ossm_ekf,fail_lock,857,857.0,0.00763350929987993,0.7297008335756134,0.0,0.6079894293319422
profile1d_quadratic__robust_ossm_ekf,fail_lock,858,858.0,0.0033793953336822627,0.7303074976576286,0.0,0.6086047514631057
profile1d_quadratic__robust_ossm_ekf,fail_lock,859,859.0,0.0009220571829447059,0.7307262342305909,0.0,0.6087460284232225
profile1d_quadratic__robust_ossm_ekf,fail_lock,860,860.0,2.171061325981919e-05,0.7309679252521457,0.0,0.6083535307506595
profile1d_quadratic__robust_ossm_ekf,fail_lock,861,861.0,0.00034735362464983544,0.7807321381467521,0.0,0.6073649548813375
profile1d_quadratic__robust_ossm_ekf,fail_lock,862,862.0,0.0015653054216911687,0.8623019080580407,0.0,0.6057189804592494
profile1d_quadratic__robust_ossm_ekf,fail_lock,863,863.0,0.003272497452375176,0.8937775916764559,0.0,0.6033585275292482
profile1d_quadratic__robust_ossm_ekf,fail_lock,864,864.0,0.005007402756375428,0.906687167075357,0.0,0.600233632590016
profile1d_quadratic__robust_ossm_ekf,fail_lock,865,865.0,0.006499227795656351,0.9129166752790999,0.0,0.5963039349268494
profile1d_quadratic__robust_ossm_ekf,fail_lock,866,866.0,0.007870363257620585,0.916409691862202,0.0,0.5915406029341207
profile1d_quadratic__robust_ossm_ekf,fail_lock,867,867.0,0.009373233467379019,0.9186268582642863,0.0,0.5859272425985961
profile1d_quadratic__robust_ossm_ekf,fail_lock,868,868.0,0.010654399822460654,0.9201783550366783,0.0,0.579459581297825
profile1d_quadratic__robust_ossm_ekf,fail_lock,869,869.0,0.011645083158343165,0.9213568155633051,0.0,0.5721442475132623
profile1d_quadratic__robust_ossm_ekf,fail_lock,870,870.0,0.012446245741738915,0.9222754926091399,0.0,0.5639970025360352
profile1d_quadratic__robust_ossm_ekf,fail_lock,871,871.0,0.012773671560261652,0.9229411366147977,0.0,0.5550403727634848
profile1d_quadratic__robust_ossm_ekf,fail_lock,872,872.0,0.012688128665303857,0.9233156022824648,0.0,0.545300661404691
profile1d_quadratic__robust_ossm_ekf,fail_lock,873,873.0,0.012295282063767496,0.9233321051856335,0.0,0.5348048487301319
profile1d_quadratic__robust_ossm_ekf,fail_lock,874,874.0,0.011582699777552394,0.9229544025030757,0.0,0.5235779553957292
profile1d_quadratic__robust_ossm_ekf,fail_lock,875,875.0,0.010575343105671388,0.9222221418573167,0.0,0.5116409468412791
profile1d_quadratic__robust_ossm_ekf,fail_lock,876,876.0,0.00938368145924558,0.9212553075403566,0.0,0.4990091035871202
profile1d_quadratic__robust_ossm_ekf,fail_lock,877,877.0,0.008001134838843287,0.9202148743885321,0.0,0.485691108481477
profile1d_quadratic__robust_ossm_ekf,fail_lock,878,878.0,0.006639676793560334,0.9192686328918522,0.0,0.471689185311292
profile1d_quadratic__robust_ossm_ekf,fail_lock,879,879.0,0.005220667798969293,0.9185417694398498,0.0,0.45700033282674507
profile1d_quadratic__robust_ossm_ekf,fail_lock,880,880.0,0.003873036204615639,0.9180633502993849,0.0,0.4416184976427547
profile1d_quadratic__robust_ossm_ekf,fail_lock,881,881.0,0.0026827908932782933,0.9179721237659779,0.0,0.4255366006571437
profile1d_quadratic__robust_ossm_ekf,fail_lock,882,882.0,0.0015965654898500324,0.9182864899411718,0.0,0.40874665480929456
profile1d_quadratic__robust_ossm_ekf,fail_lock,883,883.0,0.0007611495452587068,0.9188109862995506,0.0,0.39123923041861475
profile1d_quadratic__robust_ossm_ekf,fail_lock,884,884.0,0.00021319295314712588,0.9196249621090172,0.0,0.3730058490425781
profile1d_quadratic__robust_ossm_ekf,fail_lock,885,885.0,4.843450437613028e-07,0.9205820683296856,0.0,0.3540447479626032
profile1d_quadratic__robust_ossm_ekf,fail_lock,886,886.0,0.0001842460679953685,0.9216399817546267,0.0,0.33436810960212554
profile1d_quadratic__robust_ossm_ekf,fail_lock,887,887.0,0.0008156054549241318,0.9225631084189634,0.0,0.31400985366137174
profile1d_quadratic__robust_ossm_ekf,fail_lock,888,888.0,0.001887746591686539,0.9233157452031946,0.002863458043440912,0.29303319252667626
profile1d_quadratic__robust_ossm_ekf,fail_lock,889,889.0,0.0033469019334555084,0.923691278329319,0.011748424150604155,0.27153643799402316
profile1d_quadratic__robust_ossm_ekf,fail_lock,890,890.0,0.00518663031678519,0.9237070329791703,0.020854141798677724,0.24965635081257734
profile1d_quadratic__robust_ossm_ekf,fail_lock,891,891.0,0.007138838050850379,0.9233538928330502,0.030087855643997526,0.22756940222127064
profile1d_quadratic__robust_ossm_ekf,fail_lock,892,892.0,0.00924481027039416,0.9227711493969374,0.03933824432660531,0.20549074206790854
profile1d_quadratic__robust_ossm_ekf,fail_lock,893,893.0,0.010896189522193346,0.9219973193149362,0.04846919629971807,0.18367028853736164
profile1d_quadratic__robust_ossm_ekf,fail_lock,894,894.0,0.012163472331604601,0.9211810697496458,0.057336821776212764,0.16238583783443955
profile1d_quadratic__robust_ossm_ekf,fail_lock,895,895.0,0.012860680892517051,0.9202556430229104,0.06577926022705144,0.14193383179407656
profile1d_quadratic__robust_ossm_ekf,fail_lock,896,896.0,0.012820078573113434,0.9192751020272538,0.07365269522694179,0.12261952891899915
profile1d_quadratic__robust_ossm_ekf,fail_lock,897,897.0,0.012121179529167218,0.9180784285962066,0.08082422651111974,0.10474792253582703
profile1d_quadratic__robust_ossm_ekf,fail_lock,898,898.0,0.010752481243619336,0.916483059158579,0.08719010875901778,0.08861511988301934
profile1d_quadratic__robust_ossm_ekf,fail_lock,899,899.0,0.008929535926943507,0.9140910341120428,0.09266046881465138,0.07449917105370168
profile1d_quadratic__robust_ossm_ekf,fail_lock,900,900.0,0.006826225851958093,0.91003624221448,0.09711093714803838,0.06264973744755976
profile1d_quadratic__robust_ossm_ekf,fail_lock,901,901.0,0.004690901432234297,0.9022015305462256,0.10027283172003021,0.053277100982510504
profile1d_quadratic__robust_ossm_ekf,fail_lock,902,902.0,0.0027774209179583327,0.8845399995911741,0.10139100853015708,0.04654189426717816
profile1d_quadratic__robust_ossm_ekf,fail_lock,903,903.0,0.0012186513786865301,0.8382785400605106,0.09815947572277438,0.0425470518821005
profile1d_quadratic__robust_ossm_ekf,fail_lock,904,904.0,0.00023448753145655427,0.7309387610628499,0.08659210796854859,0.04133332620355676
profile1d_quadratic__robust_ossm_ekf,fail_lock,905,905.0,3.671544407081623e-05,0.7310355264821041,0.08672308263634074,0.04287930215514619
profile1d_quadratic__robust_ossm_ekf,fail_lock,906,906.0,0.0008968656154389041,0.7310549692674758,0.08587255779428622,0.047106110575278706
profile1d_quadratic__robust_ossm_ekf,fail_lock,907,907.0,0.0031472099436072997,0.7309704022538991,0.08396108129746208,0.05388617186052231
profile1d_quadratic__robust_ossm_ekf,fail_lock,908,908.0,0.007135189705243166,0.7307490766448547,0.08105321907883971,0.06305443657210841
profile1d_quadratic__robust_ossm_ekf,fail_lock,909,909.0,0.01337679419548841,0.7303565689706049,0.07719573038780148,0.07441997448165436
profile1d_quadratic__robust_ossm_ekf,fail_lock,910,910.0,0.022973243989081436,0.7297415294731905,0.0724876883961754,0.08777566521388838
profile1d_quadratic__robust_ossm_ekf,fail_lock,911,911.0,0.034856191751082205,0.7287941866875037,0.06707939358551034,0.10290418982612295
profile1d_quadratic__robust_ossm_ekf,fail_lock,912,912.0,0.03149929245887885,0.7276182401499546,0.061223556729917986,0.11957932014322153
profile1d_quadratic__robust_ossm_ekf,fail_lock,913,913.0,0.031097984501999555,0.7279507648614354,0.05529266153103177,0.13756249660180012
profile1d_quadratic__robust_ossm_ekf,fail_lock,914,914.0,0.03189768826660112,0.7279905002464718,0.04903112148494158,0.15659578546829644
profile1d_quadratic__robust_ossm_ekf,fail_lock,915,915.0,0.03338028678306574,0.7279113142263336,0.04254053823170149,0.17639330115075147
profile1d_quadratic__robust_ossm_ekf,fail_lock,916,916.0,0.03490745680800137,0.7277644703369534,0.035889578271782664,0.1966340568330185
profile1d_quadratic__robust_ossm_ekf,fail_lock,917,917.0,0.0352906074238992,0.7276131600111209,0.029150461389318743,0.21695978631823676
profile1d_quadratic__robust_ossm_ekf,fail_lock,918,918.0,0.03669675048186165,0.7275751896143257,0.022408672562807555,0.2369807775599759
profile1d_quadratic__robust_ossm_ekf,fail_lock,919,919.0,0.03752747079019955,0.7274358118399193,0.015759022582405753,0.25629143534479665
profile1d_quadratic__robust_ossm_ekf,fail_lock,920,920.0,0.037227796235871934,0.8326490540002316,0.0106812166771567,0.27449562541418054
profile1d_quadratic__robust_ossm_ekf,fail_lock,921,921.0,0.03653291558014171,0.8789270544898364,0.003930704134381249,0.29123891312960837
profile1d_quadratic__robust_ossm_ekf,fail_lock,922,922.0,0.03434807109417576,0.896935942876213,0.0,0.30624143717468066
profile1d_quadratic__robust_ossm_ekf,fail_lock,923,923.0,0.032179999094114536,0.9050534153300211,0.0,0.3193241155735313
profile1d_quadratic__robust_ossm_ekf,fail_lock,924,924.0,0.030489437980056117,0.9091935609413347,0.0,0.3304228494227014
profile1d_quadratic__robust_ossm_ekf,fail_lock,925,925.0,0.028649496033403585,0.9114494813029049,0.0,0.33958796493940996
profile1d_quadratic__robust_ossm_ekf,fail_lock,926,926.0,0.026212682513417556,0.9126879880750393,0.0,0.34696883541757767
profile1d_quadratic__robust_ossm_ekf,fail_lock,927,927.0,0.02413162039419834,0.913280313105901,0.0,0.352788086102142
profile1d_quadratic__robust_ossm_ekf,fail_lock,928,928.0,0.02209263462204296,0.913312263612986,0.0,0.35731230217970517
profile1d_quadratic__robust_ossm_ekf,fail_lock,929,929.0,0.019730075717288187,0.912769778477882,0.0,0.3608237421480888
profile1d_quadratic__robust_ossm_ekf,fail_lock,930,930.0,0.01751273594290382,0.9114712262550837,0.0,0.36359552526170147
profile1d_quadratic__robust_ossm_ekf,fail_lock,931,931.0,0.015320532049605274,0.9089881471161818,0.0,0.36587388357556866
profile1d_quadratic__robust_ossm_ekf,fail_lock,932,932.0,0.013049345047296308,0.9042763315677312,0.0,0.36786955263322824
profile1d_quadratic__robust_ossm_ekf,fail_lock,933,933.0,0.010779445238850197,0.8947512274236944,0.0,0.3697556727440764
profile1d_quadratic__robust_ossm_ekf,fail_lock,934,934.0,0.008512523994214843,0.87305354982247,0.0,0.37166843512086395
profile1d_quadratic__robust_ossm_ekf,fail_lock,935,935.0,0.006287921990065641,0.8176333237934087,0.0,0.3737091617589648
profile1d_quadratic__robust_ossm_ekf,fail_lock,936,936.0,0.004310474938503953,0.7304399895229214,0.0,0.37594773684245386
profile1d_quadratic__robust_ossm_ekf,fail_lock,937,937.0,0.002691298645813225,0.7305142549055929,0.0,0.37842688406291514
profile1d_quadratic__robust_ossm_ekf,fail_lock,938,938.0,0.0014599308729135573,0.7307184400846072,0.0,0.38116663143200086
profile1d_quadratic__robust_ossm_ekf,fail_lock,939,939.0,0.0006447695148846608,0.7307333733073549,0.0,0.38416840486517867
profile1d_quadratic__robust_ossm_ekf,fail_lock,940,940.0,0.00020291853608809995,0.7308645660081211,0.0,0.38741821652281927
profile1d_quadratic__robust_ossm_ekf,fail_lock,941,941.0,2.9965432240517018e-05,0.7308568707975874,0.0,0.39088900271833643
profile1d_quadratic__robust_ossm_ekf,fail_lock,942,942.0,2.014555252136678e-07,0.7309224056761467,0.0,0.39454276866714105
profile1d_quadratic__robust_ossm_ekf,fail_lock,943,943.0,1.1564174745397687e-05,0.7309050774914192,0.0,0.3983328971865998
profile1d_quadratic__robust_ossm_ekf,fail_lock,944,944.0,1.136189753407655e-05,0.7309220733990831,0.0,0.4022063920408315
profile1d_quadratic__robust_ossm_ekf,fail_lock,945,945.0,2.6590474993541256e-07,0.7308944877836175,0.0,0.4061057909729948
profile1d_quadratic__robust_ossm_ekf,fail_lock,946,946.0,2.3105389195478278e-05,0.7309124098584496,0.0,0.4099709159876627
profile1d_quadratic__robust_ossm_ekf,fail_lock,947,947.0,0.00015061202441521142,0.7308599563254427,0.0,0.41374078705155215
profile1d_quadratic__robust_ossm_ekf,fail_lock,948,948.0,0.0004640835983794509,0.7308760767182716,0.0,0.41735569312552356
profile1d_quadratic__robust_ossm_ekf,fail_lock,949,949.0,0.001041480629871946,0.7308266573899177,0.0,0.4207592008825431
profile1d_quadratic__robust_ossm_ekf,fail_lock,950,950.0,0.0019474786852120883,0.7308003938566446,0.0,0.42389991232329666
profile1d_quadratic__robust_ossm_ekf,fail_lock,951,951.0,0.003226456859865457,0.7421107914992913,0.0,0.4267328998760637
profile1d_quadratic__robust_ossm_ekf,fail_lock,952,952.0,0.0048784041972049046,0.8444151267639154,0.0,0.4292208403200576
profile1d_quadratic__robust_ossm_ekf,fail_lock,953,953.0,0.006639984908880149,0.8861823292408328,0.0,0.43133471795462236
profile1d_quadratic__robust_ossm_ekf,fail_lock,954,954.0,0.008554235734303459,0.9029573202161291,0.0,0.4330538732339002
profile1d_quadratic__robust_ossm_ekf,fail_lock,955,955.0,0.010626913120831806,0.9107922123299278,0.0,0.4343653575883257
profile1d_quadratic__robust_ossm_ekf,fail_lock,956,956.0,0.0128192698382531,0.9151034585071859,0.0,0.43526271071498784
profile1d_quadratic__robust_ossm_ekf,fail_lock,957,957.0,0.015052227470611737,0.9177554610563781,0.0,0.4357442471428776
profile1d_quadratic__robust_ossm_ekf,fail_lock,958,958.0,0.017240828303751204,0.9195768299139466,0.0,0.43581085000667025
profile1d_quadratic__robust_ossm_ekf,fail_lock,959,959.0,0.01928129185157695,0.9208953462401248,0.0,0.43546327485936276
profile1d_quadratic__robust_ossm_ekf,fail_lock,960,960.0,0.021079617420887712,0.9219216335501149,0.0,0.43469902267041033
profile1d_quadratic__robust_ossm_ekf,fail_lock,961,961.0,0.022510502946392747,0.9226042343457639,0.0,0.433509131305136
profile1d_quadratic__robust_ossm_ekf,fail_lock,962,962.0,0.021889129234273316,0.9229693099438927,0.0,0.43187574852601746
profile1d_quadratic__robust_ossm_ekf,fail_lock,963,963.0,0.01980380386261431,0.9230518080601355,0.0,0.42977085808795434
profile1d_quadratic__robust_ossm_ekf,fail_lock,964,964.0,0.017739486725363036,0.9228385982103156,0.0,0.4271553763181042
profile1d_quadratic__robust_ossm_ekf,fail_lock,965,965.0,0.015619179264063704,0.9223385874857393,0.0,0.4239781687554145
profile1d_quadratic__robust_ossm_ekf,fail_lock,966,966.0,0.013399989550960292,0.9216636323460234,0.0,0.4201755711357254
profile1d_quadratic__robust_ossm_ekf,fail_lock,967,967.0,0.011126435100085003,0.920939074151931,0.0,0.41567189958429396
profile1d_quadratic__robust_ossm_ekf,fail_lock,968,968.0,0.00888294301571167,0.9202983885389685,0.0,0.41038086248506817
profile1d_quadratic__robust_ossm_ekf,fail_lock,969,969.0,0.00676125408205286,0.9198077387850281,0.0,0.4042078607804236
profile1d_quadratic__robust_ossm_ekf,fail_lock,970,970.0,0.004845569958156145,0.9195524964696576,0.0,0.3970534924711252
profile1d_quadratic__robust_ossm_ekf,fail_lock,971,971.0,0.003197726359692248,0.9195373775011982,0.0,0.38881817883251396
profile1d_quadratic__robust_ossm_ekf,fail_lock,972,972.0,0.0018614218254305933,0.9197742757074358,0.0,0.3794077145705624
profile1d_quadratic__robust_ossm_ekf,fail_lock,973,973.0,0.0008879092943585399,0.9202448823712096,0.0,0.3687403747186722
profile1d_quadratic__robust_ossm_ekf,fail_lock,974,974.0,0.00025470804893511814,0.9209050994310155,0.0,0.3567558699488027
profile1d_quadratic__robust_ossm_ekf,fail_lock,975,975.0,2.769858090490839e-06,0.9216840177028258,0.0,0.3434246621276238
profile1d_quadratic__robust_ossm_ekf,fail_lock,976,976.0,0.00016064313125651577,0.9224790969456386,0.0,0.32875551926551183
profile1d_quadratic__robust_ossm_ekf,fail_lock,977,977.0,0.0007272699280759751,0.9231701735333937,0.0,0.3128006618853186
profile1d_quadratic__robust_ossm_ekf,fail_lock,978,978.0,0.0017037138806811662,0.9236447666968758,0.002692991943826474,0.2956585529152915
profile1d_quadratic__robust_ossm_ekf,fail_lock,979,979.0,0.0031051956397854298,0.92382748673156,0.013961521619545775,0.2774732540181903
profile1d_quadratic__robust_ossm_ekf,fail_lock,980,980.0,0.0049002556843616265,0.9237005684487362,0.02572930672167214,0.2584300907642618
profile1d_quadratic__robust_ossm_ekf,fail_lock,981,981.0,0.006988149857368867,0.9233042821800331,0.03784577075516665,0.23874947915743822
profile1d_quadratic__robust_ossm_ekf,fail_lock,982,982.0,0.009281782460734604,0.9227137933767311,0.05014880820532502,0.2186804859508582
profile1d_quadratic__robust_ossm_ekf,fail_lock,983,983.0,0.011757248946491166,0.922005383105564,0.062466237212779635,0.19849414483664876
profile1d_quadratic__robust_ossm_ekf,fail_lock,984,984.0,0.014081488034863913,0.9212333997305234,0.07458444976313144,0.1784759354639359
profile1d_quadratic__robust_ossm_ekf,fail_lock,985,985.0,0.0158101865321864,0.9204366453561404,0.0862780822289244,0.15891781923008333
profile1d_quadratic__robust_ossm_ekf,fail_lock,986,986.0,0.016905525246637076,0.9196317635535165,0.09732722943318263,0.14011110304317914
profile1d_quadratic__robust_ossm_ekf,fail_lock,987,987.0,0.017105722644392085,0.9187935849767158,0.10751056087566635,0.12234027450825763
profile1d_quadratic__robust_ossm_ekf,fail_lock,988,988.0,0.016136508006125865,0.9178737922358887,0.1166511565914586,0.10587691277630062
profile1d_quadratic__robust_ossm_ekf,fail_lock,989,989.0,0.014233448227578995,0.9167824354179089,0.12465282348242954,0.09097330802689763
profile1d_quadratic__robust_ossm_ekf,fail_lock,990,990.0,0.011847526747433973,0.91533771545577,0.13148974880144707,0.07785584771113278
profile1d_quadratic__robust_ossm_ekf,fail_lock,991,991.0,0.00908067804182521,0.9131954788772565,0.13716669684024457,0.06671809452209311
profile1d_quadratic__robust_ossm_ekf,fail_lock,992,992.0,0.006493308692967569,0.9096656652090025,0.14165744251464923,0.05771375040551023
profile1d_quadratic__robust_ossm_ekf,fail_lock,993,993.0,0.004335628466804426,0.9031054004563661,0.1447183348944763,0.0509501412952671
profile1d_quadratic__robust_ossm_ekf,fail_lock,994,994.0,0.0026826917168426448,0.8890869663359916,0.14559090659395751,0.046482944777214555
profile1d_quadratic__robust_ossm_ekf,fail_lock,995,995.0,0.0015169079865613106,0.8540251634653114,0.141932662832917,0.044312914695229216
profile1d_quadratic__robust_ossm_ekf,fail_lock,996,996.0,0.0007684136360778523,0.7633633043818475,0.12785174362659754,0.044385392766635105
profile1d_quadratic__robust_ossm_ekf,fail_lock,997,997.0,0.00034075920986822463,0.730983032279102,0.1224792692568272,0.046593167806728564
profile1d_quadratic__robust_ossm_ekf,fail_lock,998,998.0,0.00011409539687286145,0.7310250786477586,0.1216102186094392,0.0507827869558616
profile1d_quadratic__robust_ossm_ekf,fail_lock,999,999.0,1.820654100963964e-05,0.7310473622238839,0.11984908665857964,0.056763905294196566
profile1d_quadratic__robust_ossm_ekf,fail_lock,1000,1000.0,5.645430474601087e-07,0.7310567888146274,0.11724873799691289,0.06432078026323347
profile1d_quadratic__robust_ossm_ekf,fail_lock,1001,1001.0,1.89874795466615e-05,0.7310585231320512,0.11387125329471483,0.07322468997329606
profile1d_quadratic__robust_ossm_ekf,fail_lock,1002,1002.0,4.3237722145312556e-05,0.7310567120433797,0.10978695260172228,0.08324595475415265
profile1d_quadratic__robust_ossm_ekf,fail_lock,1003,1003.0,5.609816226368072e-05,0.7310543280827025,0.10512629186679547,0.09416437570377663
profile1d_quadratic__robust_ossm_ekf,fail_lock,1004,1004.0,5.2080232135613096e-05,0.7310530638101969,0.09998578475471666,0.10577724175716424
profile1d_quadratic__robust_ossm_ekf,fail_lock,1005,1005.0,3.470148217288779e-05,0.7310534588016383,0.09445819887971292,0.11790448022121029
profile1d_quadratic__robust_ossm_ekf,fail_lock,1006,1006.0,1.3193001236860123e-05,0.7310551672535803,0.08862833587178838,0.13039093992041237
profile1d_quadratic__robust_ossm_ekf,fail_lock,1007,1007.0,2.8786252176991666e-07,0.7310572816772888,0.08257082114668154,0.14310607941896442
profile1d_quadratic__robust_ossm_ekf,fail_lock,1008,1008.0,1.067141818535407e-05,0.7310585503314005,0.07634961333511232,0.1559413773600348
profile1d_quadratic__robust_ossm_ekf,fail_lock,1009,1009.0,5.727874347659588e-05,0.7310575295646314,0.070007858104174,0.16880589455752837
profile1d_quadratic__robust_ossm_ekf,fail_lock,1010,1010.0,0.0001469128935649356,0.7310529477504992,0.06360580536818711,0.1816207010506125
profile1d_quadratic__robust_ossm_ekf,fail_lock,1011,1011.0,0.0002796633920978527,0.7310441359708688,0.05719026693795015,0.19431284470430518
profile1d_quadratic__robust_ossm_ekf,fail_lock,1012,1012.0,0.00046478708479583743,0.8324634623961298,0.05785212392574571,0.206809305118163
profile1d_quadratic__robust_ossm_ekf,fail_lock,1013,1013.0,0.0006741498179788554,0.8862492273698104,0.05393321798705692,0.21903138601033653
profile1d_quadratic__robust_ossm_ekf,fail_lock,1014,1014.0,0.0009077815166118407,0.905864877204268,0.04745043411874201,0.23088999256819034
profile1d_quadratic__robust_ossm_ekf,fail_lock,1015,1015.0,0.00098596344675733,0.9140355605537274,0.04034734934153152,0.2422821545041069
profile1d_quadratic__robust_ossm_ekf,fail_lock,1016,1016.0,0.0010598758750900142,0.9180088990588073,0.033250964981647,0.2530891159800814
profile1d_quadratic__robust_ossm_ekf,fail_lock,1017,1017.0,0.0011551295978138084,0.9201802726404334,0.026422647894351132,0.2631761729792985
profile1d_quadratic__robust_ossm_ekf,fail_lock,1018,1018.0,0.0012391212105528563,0.9214703931613253,0.0200374940135537,0.27239437069598005
profile1d_quadratic__robust_ossm_ekf,fail_lock,1019,1019.0,0.001293486720071056,0.9222838859162772,0.014250841332224175,0.2805844556673086
profile1d_quadratic__robust_ossm_ekf,fail_lock,1020,1020.0,0.001306065072936007,0.9228184669431535,0.009213822928381762,0.28758375089466137
profile1d_quadratic__robust_ossm_ekf,fail_lock,1021,1021.0,0.0012785816204768665,0.923181092236113,0.005073832252103953,0.2932361574538176
profile1d_quadratic__robust_ossm_ekf,fail_lock,1022,1022.0,0.0012034839597014225,0.9234342519641426,0.001967922448227524,0.29740440743589885
profile1d_quadratic__robust_ossm_ekf,fail_lock,1023,1023.0,0.0010882619375962466,0.9236162081198518,1.308416291567637e-05,0.2999829227008006
profile1d_quadratic__robust_ossm_ekf,fail_lock,1024,1024.0,0.0009615428654071559,0.9237495857829446,0.0,0.3009095415280723
profile1d_quadratic__robust_ossm_ekf,fail_lock,1025,1025.0,0.0008373969769749916,0.9238468377736087,0.0,0.3001744717805352
profile1d_quadratic__robust_ossm_ekf,fail_lock,1026,1026.0,0.0007135975032435603,0.923915224753059,0.0017175235279741552,0.29782467961445763
profile1d_quadratic__robust_ossm_ekf,fail_lock,1027,1027.0,0.0005997548648880005,0.9239594008754884,0.0048123042501600965,0.2939623114632436
profile1d_quadratic__robust_ossm_ekf,fail_lock,1028,1028.0,0.0005020216865471385,0.923981787022955,0.009059439267410966,0.2887373617175963
profile1d_quadratic__robust_ossm_ekf,fail_lock,1029,1029.0,0.0004238162971949946,0.9239833251742162,0.014335267251712453,0.28233624117458744
profile1d_quadratic__robust_ossm_ekf,fail_lock,1030,1030.0,0.0003668039209273898,0.9239629477320644,0.020491006530913698,0.2749683345780856
profile1d_quadratic__robust_ossm_ekf,fail_lock,1031,1031.0,0.00033244704457818005,0.9239166970024186,0.027363352412052934,0.2668525741598844
profile1d_quadratic__robust_ossm_ekf,fail_lock,1032,1032.0,0.00032366234946755115,0.9238364043608747,0.03478434499425591,0.2582054342983695
profile1d_quadratic__robust_ossm_ekf,fail_lock,1033,1033.0,0.0003458456724195575,0.9237076483838818,0.04258990077606198,0.24923088470719748
profile1d_quadratic__robust_ossm_ekf,fail_lock,1034,1034.0,0.0004067974141408736,0.9235071324513546,0.05062669343054602,0.24011254339215765
profile1d_quadratic__robust_ossm_ekf,fail_lock,1035,1035.0,0.0005161829253163834,0.923199313390375,0.05875655428405496,0.2310087583033835
profile1d_quadratic__robust_ossm_ekf,fail_lock,1036,1036.0,0.0006849037902717228,0.9227301814766683,0.06685772915494663,0.22205119666681966
profile1d_quadratic__robust_ossm_ekf,fail_lock,1037,1037.0,0.0009230713802429454,0.9220143596141176,0.07482267999198447,0.21334623845334572
profile1d_quadratic__robust_ossm_ekf,fail_lock,1038,1038.0,0.001235512160461677,0.9209095197557239,0.08255242689292247,0.20497786226167006
profile1d_quadratic__robust_ossm_ekf,fail_lock,1039,1039.0,0.001614583534257983,0.9191628288492057,0.08994603438424008,0.19701108894280728
profile1d_quadratic__robust_ossm_ekf,fail_lock,1040,1040.0,0.0020320931137669676,0.9162835630793406,0.09685919017067472,0.18949553756119744
profile1d_quadratic__robust_ossm_ekf,fail_lock,1041,1041.0,0.0024358264636436607,0.9111988149798491,0.10309799862923608,0.18246886252797453
profile1d_quadratic__robust_ossm_ekf,fail_lock,1042,1042.0,0.002754383324902343,0.9012066391301496,0.1082439904314234,0.17595972079201996
profile1d_quadratic__robust_ossm_ekf,fail_lock,1043,1043.0,0.0029105549482837346,0.8784624681788249,0.11116996694878349,0.16999001969021837
profile1d_quadratic__robust_ossm_ekf,fail_lock,1044,1044.0,0.0028518950595806778,0.8196177909127641,0.10853889093361205,0.16457657180919097
profile1d_quadratic__robust_ossm_ekf,fail_lock,1045,1045.0,0.002618757829761456,0.7307781279748372,0.1006398576962311,0.15973232223997566
profile1d_quadratic__robust_ossm_ekf,fail_lock,1046,1046.0,0.002264261468781846,0.7308010612368526,0.10407083253779104,0.1554671420162113
profile1d_quadratic__robust_ossm_ekf,fail_lock,1047,1047.0,0.0017471024498334946,0.7308359299990898,0.10703174599791987,0.15178820986255112
profile1d_quadratic__robust_ossm_ekf,fail_lock,1048,1048.0,0.0011868538811532253,0.7308867933724177,0.10954010718762132,0.14870006755513224
profile1d_quadratic__robust_ossm_ekf,fail_lock,1049,1049.0,0.0006764750718051346,0.7309418878151822,0.11159628832059838,0.14620448475154083
profile1d_quadratic__robust_ossm_ekf,fail_lock,1050,1050.0,0.0002878123536208726,0.7309920718971306,0.11320482104642467,0.14430032358969
profile1d_quadratic__robust_ossm_ekf,fail_lock,1051,1051.0,5.740903823443786e-05,0.7310302840176083,0.11437193126240379,0.14298350385953199
profile1d_quadratic__robust_ossm_ekf,fail_lock,1052,1052.0,3.1018419446948514e-06,0.7310529349415775,0.11510765603827777,0.1422470889112122
profile1d_quadratic__robust_ossm_ekf,fail_lock,1053,1053.0,0.00012109625408651773,0.7310582737003248,0.11540895621233203,0.14208154863948172
profile1d_quadratic__robust_ossm_ekf,fail_lock,1054,1054.0,0.00040986954396887926,0.7310466739791484,0.11524862345703936,0.14247522484980815
profile1d_quadratic__robust_ossm_ekf,fail_lock,1055,1055.0,0.0008776224178642676,0.7310182841004136,0.11470359579699321,0.1434148927295479
profile1d_quadratic__robust_ossm_ekf,fail_lock,1056,1056.0,0.0015410765786452749,0.730972294362817,0.11379176805089256,0.1448863165794079
profile1d_quadratic__robust_ossm_ekf,fail_lock,1057,1057.0,0.0024222195155503353,0.7309070546375485,0.11253150885919613,0.14687479230360914
profile1d_quadratic__robust_ossm_ekf,fail_lock,1058,1058.0,0.0035463571272647126,0.7308203933751565,0.11094138391316574,0.14936561707172546
profile1d_quadratic__robust_ossm_ekf,fail_lock,1059,1059.0,0.004940934927384825,0.7307098077617532,0.10903972022385522,0.15234443950343418
profile1d_quadratic__robust_ossm_ekf,fail_lock,1060,1060.0,0.00663276377315789,0.7747339171692299,0.11330235796784321,0.15579757380886486
profile1d_quadratic__robust_ossm_ekf,fail_lock,1061,1061.0,0.008513761726118889,0.8618667696988502,0.12314595228810164,0.1597123008280053
profile1d_quadratic__robust_ossm_ekf,fail_lock,1062,1062.0,0.010397917767839361,0.8951748941014959,0.12458161585533839,0.16407697358228676
profile1d_quadratic__robust_ossm_ekf,fail_lock,1063,1063.0,0.01246485085186444,0.9080822705625569,0.1227465531531252,0.16888076497455173
profile1d_quadratic__robust_ossm_ekf,fail_lock,1064,1064.0,0.015054488176715794,0.9138509671070039,0.11959166361733338,0.17411327083777686
profile1d_quadratic__robust_ossm_ekf,fail_lock,1065,1065.0,0.018933822666137225,0.916760627885877,0.11572694020230433,0.17976433072962594
profile1d_quadratic__robust_ossm_ekf,fail_lock,1066,1066.0,0.023564507510583026,0.9183267543233311,0.11135950839805978,0.1858239725142224
profile1d_quadratic__robust_ossm_ekf,fail_lock,1067,1067.0,0.02863310356870037,0.9192025483459757,0.10659166410541161,0.19228207144405532
profile1d_quadratic__robust_ossm_ekf,fail_lock,1068,1068.0,0.031792794474641714,0.9196882107043137,0.10144763000447884,0.199127708387392
profile1d_quadratic__robust_ossm_ekf,fail_lock,1069,1069.0,0.03462559703969018,0.9200145127646105,0.09592239449806579,0.20634842361477415
profile1d_quadratic__robust_ossm_ekf,fail_lock,1070,1070.0,0.03853379457479768,0.9202000925041084,0.08992498396003112,0.21392904290216316
profile1d_quadratic__robust_ossm_ekf,fail_lock,1071,1071.0,0.04333029684003753,0.9202355924616054,0.08338694234535299,0.22184982520760158
profile1d_quadratic__robust_ossm_ekf,fail_lock,1072,1072.0,0.04889123349058361,0.920149457165407,0.07626986540711826,0.23008437133491683
profile1d_quadratic__robust_ossm_ekf,fail_lock,1073,1073.0,0.05511041945596379,0.9199548800922939,0.06854301667117539,0.23859733936737773
profile1d_quadratic__robust_ossm_ekf,fail_lock,1074,1074.0,0.061744046489874,0.9196556815719384,0.06019089396598117,0.2473415811355366
profile1d_quadratic__robust_ossm_ekf,fail_lock,1075,1075.0,0.06895423317494376,0.9192542960834827,0.0512220339956014,0.256255174546913
profile1d_quadratic__robust_ossm_ekf,fail_lock,1116,1116.0,0.002706050055396689,0.922741289688568,0.43107647219579853,0.08194938521406256
profile1d_quadratic__robust_ossm_ekf,fail_lock,1117,1117.0,0.004185512855582283,0.9227493367449772,0.4427574941922462,0.07643771066153221
profile1d_quadratic__robust_ossm_ekf,fail_lock,1118,1118.0,0.005780788147965778,0.9226697319691821,0.4503218604294136,0.07320352776773827
profile1d_quadratic__robust_ossm_ekf,fail_lock,1119,1119.0,0.0072286151754159395,0.9224881579862196,0.45286436893669674,0.07274481882974373
profile1d_quadratic__robust_ossm_ekf,fail_lock,1120,1120.0,0.008432506069274833,0.922181579249997,0.4502785736811903,0.07519322689833427
profile1d_quadratic__robust_ossm_ekf,fail_lock,1121,1121.0,0.009305917185472379,0.9216924825104574,0.44316965576798345,0.08022721605741168
profile1d_quadratic__robust_ossm_ekf,fail_lock,1122,1122.0,0.009812666891545706,0.9209108755135255,0.43276230781687486,0.0871700716872574
profile1d_quadratic__robust_ossm_ekf,fail_lock,1123,1123.0,0.009968032475778113,0.9196217212011736,0.420432650804448,0.0952164166262701
profile1d_quadratic__robust_ossm_ekf,fail_lock,1124,1124.0,0.009517468431176046,0.9173827034225406,0.4072609656811683,0.10365379565669086
profile1d_quadratic__robust_ossm_ekf,fail_lock,1125,1125.0,0.00886459227665465,0.9132065716268402,0.3937563094535814,0.11198442323579401
profile1d_quadratic__robust_ossm_ekf,fail_lock,1126,1126.0,0.008031460420359451,0.9045134756934746,0.37921803213989647,0.11993992772420294
profile1d_quadratic__robust_ossm_ekf,fail_lock,1176,1176.0,0.007432323592265658,0.7304298049314933,0.1303102182908175,0.24466484221208384
profile1d_quadratic__robust_ossm_ekf,fail_lock,1177,1177.0,0.00800464508837452,0.730327309811841,0.1327960188880098,0.24348220148672517
profile1d_quadratic__robust_ossm_ekf,fail_lock,1178,1178.0,0.008127198723898712,0.7302709469296091,0.13489584901830934,0.24244234888520472
profile1d_quadratic__robust_ossm_ekf,fail_lock,1179,1179.0,0.007808849481388568,0.730258876740289,0.13661418383858548,0.2415430552873304
profile1d_quadratic__robust_ossm_ekf,fail_lock,1180,1180.0,0.0070968444771848105,0.7302902299432277,0.13795268263269472,0.24078381205547666
profile1d_quadratic__robust_ossm_ekf,fail_lock,1181,1181.0,0.006092544193457426,0.730360344728991,0.13891036489697725,0.24016549183923208
profile1d_quadratic__robust_ossm_ekf,fail_lock,1182,1182.0,0.0049254453505109,0.7304592237810974,0.13948460668897977,0.23968988210121275
profile1d_quadratic__robust_ossm_ekf,fail_lock,1183,1183.0,0.0037267832542212343,0.7305741025256592,0.13967431920143833,0.2393591803597131
profile1d_quadratic__robust_ossm_ekf,fail_lock,1184,1184.0,0.0026088644900680285,0.7306920558985442,0.1394833867565013,0.23917549485250839
profile1d_quadratic__robust_ossm_ekf,fail_lock,1185,1185.0,0.001653958300281616,0.835218215612154,0.15877291971480867,0.2391403486843168
profile1d_quadratic__robust_ossm_ekf,fail_lock,1186,1186.0,0.0008629082113068494,0.8860629923719997,0.16729230271306017,0.23925414688836252
profile1d_quadratic__robust_ossm_ekf,fail_lock,1187,1187.0,0.0003366385068890444,0.9048183065105778,0.1692993628064897,0.23951561315151776
profile1d_quadratic__robust_ossm_ekf,fail_lock,1188,1188.0,6.6887397548755e-05,0.9128576480663279,0.16891409743220318,0.23992117120242862
profile1d_quadratic__robust_ossm_ekf,fail_lock,1189,1189.0,7.677222806743694e-07,0.9169421616352011,0.16746544287822582,0.24046411593348577
profile1d_quadratic__robust_ossm_ekf,fail_lock,1190,1190.0,7.525974701320793e-05,0.9193289873202415,0.16542194291421206,0.2411334453211525
profile1d_quadratic__robust_ossm_ekf,fail_lock,1191,1191.0,0.00020318013593662978,0.9208776970535957,0.16295531688996348,0.2419124430899981
profile1d_quadratic__robust_ossm_ekf,fail_lock,1192,1192.0,0.00031054276990677497,0.9219528074039255,0.1602660046971506,0.24277713921027802
profile1d_quadratic__robust_ossm_ekf,fail_lock,1193,1193.0,0.00037359454890281013,0.922723090054008,0.15745952709241068,0.2436947090293068
profile1d_quadratic__robust_ossm_ekf,fail_lock,1194,1194.0,0.0003867191379230759,0.9232735332778983,0.1546499255498615,0.24462221684108926
profile1d_quadratic__robust_ossm_ekf,fail_lock,1195,1195.0,0.00035376330575332646,0.9236531935394628,0.15197679834167538,0.24550627474964487
profile1d_quadratic__robust_ossm_ekf,fail_lock,1196,1196.0,0.00028590347539877883,0.9238966384841228,0.14960692453936839,0.24628348755586799
profile1d_quadratic__robust_ossm_ekf,fail_lock,1197,1197.0,0.00019897832606519683,0.9240332965973119,0.14773326135861725,0.2468810832728766
profile1d_quadratic__robust_ossm_ekf,fail_lock,1198,1198.0,0.00011117578598631845,0.9240909262940183,0.14657617448997545,0.2472176918943244
profile1d_quadratic__robust_ossm_ekf,fail_lock,1199,1199.0,4.067222407473444e-05,0.924096638929382,0.14637600630811842,0.24720479649839885
profile1d_quadratic__robust_ossm_ekf,fail_lock,1200,1200.0,3.168775953900763e-06,0.9240760312978185,0.14738395156675338,0.24674942709018313
profile1d_quadratic__robust_ossm_ekf,fail_lock,1201,1201.0,9.297648676175856e-06,0.9240507097251771,0.14984949413649198,0.2457584232535551
profile1d_quadratic__robust_ossm_ekf,fail_lock,1202,1202.0,6.246069940182451e-05,0.9240357179622305,0.15399494405064276,0.24414387545302205
profile1d_quadratic__robust_ossm_ekf,fail_lock,1203,1203.0,0.00015982582728109524,0.9240379305456019,0.160022340180503,0.24182886748304983
profile1d_quadratic__robust_ossm_ekf,fail_lock,1204,1204.0,0.00029366193575957494,0.9240555065435401,0.16808605602772667,0.23875301719953196
profile1d_quadratic__robust_ossm_ekf,fail_lock,1205,1205.0,0.0004505888534617207,0.9240781412112121,0.17827111042700264,0.23487771625062667
profile1d_quadratic__robust_ossm_ekf,fail_lock,1206,1206.0,0.0006173381372139028,0.9240879801644236,0.19058650474164995,0.23019080834583797
profile1d_quadratic__robust_ossm_ekf,fail_lock,1207,1207.0,0.000774601826667513,0.9240613550820047,0.20495656676558605,0.22470985665183663
profile1d_quadratic__robust_ossm_ekf,fail_lock,1208,1208.0,0.0009062507305313769,0.9239715922887127,0.22122093824566602,0.2184828639793111
profile1d_quadratic__robust_ossm_ekf,fail_lock,1209,1209.0,0.0009967451266825235,0.9237903780954628,0.2391406196957232,0.21158628074773925
profile1d_quadratic__robust_ossm_ekf,fail_lock,1210,1210.0,0.001037013442064334,0.923487718549379,0.25840939437838845,0.20412126148981835
profile1d_quadratic__robust_ossm_ekf,fail_lock,1211,1211.0,0.0010131434646352448,0.9230292275750581,0.2786670622185876,0.19620869057845688
profile1d_quadratic__robust_ossm_ekf,fail_lock,1212,1212.0,0.0009171088359234435,0.922369942000569,0.29951489035625445,0.18798308669685476
profile1d_quadratic__robust_ossm_ekf,fail_lock,1213,1213.0,0.0007685514733514646,0.9214397174080222,0.3205290848270806,0.17958620714007176
profile1d_quadratic__robust_ossm_ekf,fail_lock,1214,1214.0,0.0005865417826812265,0.920113922467892,0.3412468175490456,0.1711611038815914
profile1d_quadratic__robust_ossm_ekf,fail_lock,1215,1215.0,0.00039432157189393455,0.9181561472192309,0.3611413537303845,0.16284694222393964
profile1d_quadratic__robust_ossm_ekf,fail_lock,1216,1216.0,0.00021833946853220529,0.9150843281594165,0.37967351812319206,0.1547750614412699
profile1d_quadratic__robust_ossm_ekf,fail_lock,1217,1217.0,8.345654785420164e-05,0.9098154923841563,0.39600171943139073,0.14706639330763402
profile1d_quadratic__robust_ossm_ekf,fail_lock,1218,1218.0,9.715672355022907e-06,0.8995914845410711,0.40849101837861773,0.13982974514339425
profile1d_quadratic__robust_ossm_ekf,fail_lock,1219,1219.0,9.352228335187647e-06,0.8763922832530201,0.412901765972899,0.1331606809066961
profile1d_quadratic__robust_ossm_ekf,fail_lock,1220,1220.0,8.379206346939161e-05,0.8165784638308564,0.3969453537778418,0.12714109511203897
profile1d_quadratic__robust_ossm_ekf,fail_lock,1221,1221.0,0.00022462607803895566,0.7310503412904705,0.36461926060930455,0.12183932917309777
profile1d_quadratic__robust_ossm_ekf,fail_lock,1222,1222.0,0.00041836912908250204,0.7310364959732336,0.3721271478338869,0.11731053025255987
profile1d_quadratic__robust_ossm_ekf,fail_lock,1223,1223.0,0.0006401288514219415,0.7310174484605351,0.37779439111884694,0.11359717655244127
profile1d_quadratic__robust_ossm_ekf,fail_lock,1224,1224.0,0.0008618899245086222,0.730995645490907,0.3815945555396072,0.11072977041316111
profile1d_quadratic__robust_ossm_ekf,fail_lock,1225,1225.0,0.001053280261261892,0.7309738412715688,0.383519361224672,0.10872762204662707
profile1d_quadratic__robust_ossm_ekf,fail_lock,1226,1226.0,0.001192169308763411,0.7309550222969691,0.3835883100499248,0.10759966268983649
