method,trial_key,path,filename,suffix,mtime,reason
dof__robust_ossm_ekf,10_0,/home/gongjae/Projects/resPyre/results/cohface_robust_ossm/aux/dof__robust_ossm_ekf/frame_logs/10_0.npz,10_0.npz,0,1772694257.6187956,pre_epoch_stale
dof__robust_ossm_ekf,10_1,/home/gongjae/Projects/resPyre/results/cohface_robust_ossm/aux/dof__robust_ossm_ekf/frame_logs/10_1.npz,10_1.npz,0,1772694268.8128376,pre_epoch_stale
dof__robust_ossm_ekf,10_2,/home/gongjae/Projects/resPyre/results/cohface_robust_ossm/aux/dof__robust_ossm_ekf/frame_logs/10_2.npz,10_2.npz,0,1772694279.9598792,pre_epoch_stale
dof__robust_ossm_ekf,10_3,/home/gongjae/Projects/resPyre/results/cohface_robust_ossm/aux/dof__robust_ossm_ekf/frame_logs/10_3.npz,10_3.npz,0,1772694291.0669208,pre_epoch_stale
dof__robust_ossm_ekf,11_0,/home/gongjae/Projects/resPyre/results/cohface_robust_ossm/aux/dof__robust_ossm_ekf/frame_logs/11_0.npz,11_0.npz,0,1772694302.2029622,pre_epoch_stale
dof__robust_ossm_ekf,11_1,/home/gongjae/Projects/resPyre/results/cohface_robust_ossm/aux/dof__robust_ossm_ekf/frame_logs/11_1.npz,11_1.npz,0,1772694313.6280046,pre_epoch_stale
dof__robust_ossm_ekf,11_2,/home/gongjae/Projects/resPyre/results/cohface_robust_ossm/aux/dof__robust_ossm_ekf/frame_logs/11_2.npz,11_2.npz,0,1772694324.9880466,pre_epoch_stale
dof__robust_ossm_ekf,11_3,/home/gongjae/Projects/resPyre/results/cohface_robust_ossm/aux/dof__robust_ossm_ekf/frame_logs/11_3.npz,11_3.npz,0,1772694336.142088,pre_epoch_stale
dof__robust_ossm_ekf,12_0,/home/gongjae/Projects/resPyre/results/cohface_robust_ossm/aux/dof__robust_ossm_ekf/frame_logs/12_0.npz,12_0.npz,0,1772694348.7121344,pre_epoch_stale
dof__robust_ossm_ekf,12_1,/home/gongjae/Projects/resPyre/results/cohface_robust_ossm/aux/dof__robust_ossm_ekf/frame_logs/12_1.npz,12_1.npz,0,1772694361.4371812,pre_epoch_stale
dof__robust_ossm_ekf,12_2,/home/gongjae/Projects/resPyre/results/cohface_robust_ossm/aux/dof__robust_ossm_ekf/frame_logs/12_2.npz,12_2.npz,0,1772694372.9662235,pre_epoch_stale
dof__robust_ossm_ekf,12_3,/home/gongjae/Projects/resPyre/results/cohface_robust_ossm/aux/dof__robust_ossm_ekf/frame_logs/12_3.npz,12_3.npz,0,1772694384.3982656,pre_epoch_stale
dof__robust_ossm_ekf,13_0,/home/gongjae/Projects/resPyre/results/cohface_robust_ossm/aux/dof__robust_ossm_ekf/frame_logs/13_0.npz,13_0.npz,0,1772694395.5053062,pre_epoch_stale
dof__robust_ossm_ekf,13_1,/home/gongjae/Projects/resPyre/results/cohface_robust_ossm/aux/dof__robust_ossm_ekf/frame_logs/13_1.npz,13_1.npz,0,1772694406.7513473,pre_epoch_stale
dof__robust_ossm_ekf,13_2,/home/gongjae/Projects/resPyre/results/cohface_robust_ossm/aux/dof__robust_ossm_ekf/frame_logs/13_2.npz,13_2.npz,0,1772694418.0373886,pre_epoch_stale
dof__robust_ossm_ekf,13_3,/home/gongjae/Projects/resPyre/results/cohface_robust_ossm/aux/dof__robust_ossm_ekf/frame_logs/13_3.npz,13_3.npz,0,1772694429.1874292,pre_epoch_stale
dof__robust_ossm_ekf,14_0,/home/gongjae/Projects/resPyre/results/cohface_robust_ossm/aux/dof__robust_ossm_ekf/frame_logs/14_0.npz,14_0.npz,0,1772694440.4074702,pre_epoch_stale
dof__robust_ossm_ekf,14_1,/home/gongjae/Projects/resPyre/results/cohface_robust_ossm/aux/dof__robust_ossm_ekf/frame_logs/14_1.npz,14_1.npz,0,1772694451.7955115,pre_epoch_stale
dof__robust_ossm_ekf,14_2,/home/gongjae/Projects/resPyre/results/cohface_robust_ossm/aux/dof__robust_ossm_ekf/frame_logs/14_2.npz,14_2.npz,0,1772694463.1145527,pre_epoch_stale
dof__robust_ossm_ekf,14_3,/home/gongjae/Projects/resPyre/results/cohface_robust_ossm/aux/dof__robust_ossm_ekf/frame_logs/14_3.npz,14_3.npz,0,1772694474.524594,pre_epoch_stale
dof__robust_ossm_ekf,15_0,/home/gongjae/Projects/resPyre/results/cohface_robust_ossm/aux/dof__robust_ossm_ekf/frame_logs/15_0.npz,15_0.npz,0,1772694486.0746357,pre_epoch_stale
dof__robust_ossm_ekf,15_1,/home/gongjae/Projects/resPyre/results/cohface_robust_ossm/aux/dof__robust_ossm_ekf/frame_logs/15_1.npz,15_1.npz,0,1772694497.5816774,pre_epoch_stale
dof__robust_ossm_ekf,15_2,/home/gongjae/Projects/resPyre/results/cohface_robust_ossm/aux/dof__robust_ossm_ekf/frame_logs/15_2.npz,15_2.npz,0,1772694508.8017178,pre_epoch_stale
dof__robust_ossm_ekf,15_3,/home/gongjae/Projects/resPyre/results/cohface_robust_ossm/aux/dof__robust_ossm_ekf/frame_logs/15_3.npz,15_3.npz,0,1772694520.1397586,pre_epoch_stale
dof__robust_ossm_ekf,16_0,/home/gongjae/Projects/resPyre/results/cohface_robust_ossm/aux/dof__robust_ossm_ekf/frame_logs/16_0.npz,16_0.npz,0,1772694531.324799,pre_epoch_stale
dof__robust_ossm_ekf,16_1,/home/gongjae/Projects/resPyre/results/cohface_robust_ossm/aux/dof__robust_ossm_ekf/frame_logs/16_1.npz,16_1.npz,0,1772694542.5298393,pre_epoch_stale
dof__robust_ossm_ekf,16_2,/home/gongjae/Projects/resPyre/results/cohface_robust_ossm/aux/dof__robust_ossm_ekf/frame_logs/16_2.npz,16_2.npz,0,1772694553.641879,pre_epoch_stale
dof__robust_ossm_ekf,16_3,/home/gongjae/Projects/resPyre/results/cohface_robust_ossm/aux/dof__robust_ossm_ekf/frame_logs/16_3.npz,16_3.npz,0,1772694564.8619194,pre_epoch_stale
dof__robust_ossm_ekf,17_0,/home/gongjae/Projects/resPyre/results/cohface_robust_ossm/aux/dof__robust_ossm_ekf/frame_logs/17_0.npz,17_0.npz,0,1772694576.0029593,pre_epoch_stale
dof__robust_ossm_ekf,17_1,/home/gongjae/Projects/resPyre/results/cohface_robust_ossm/aux/dof__robust_ossm_ekf/frame_logs/17_1.npz,17_1.npz,0,1772694587.2019992,pre_epoch_stale
dof__robust_ossm_ekf,17_2,/home/gongjae/Projects/resPyre/results/cohface_robust_ossm/aux/dof__robust_ossm_ekf/frame_logs/17_2.npz,17_2.npz,0,1772694598.063038,pre_epoch_stale
dof__robust_ossm_ekf,17_3,/home/gongjae/Projects/resPyre/results/cohface_robust_ossm/aux/dof__robust_ossm_ekf/frame_logs/17_3.npz,17_3.npz,0,1772694609.0240772,pre_epoch_stale
dof__robust_ossm_ekf,18_0,/home/gongjae/Projects/resPyre/results/cohface_robust_ossm/aux/dof__robust_ossm_ekf/frame_logs/18_0.npz,18_0.npz,0,1772694620.221117,pre_epoch_stale
dof__robust_ossm_ekf,18_1,/home/gongjae/Projects/resPyre/results/cohface_robust_ossm/aux/dof__robust_ossm_ekf/frame_logs/18_1.npz,18_1.npz,0,1772694631.445157,pre_epoch_stale
dof__robust_ossm_ekf,18_2,/home/gongjae/Projects/resPyre/results/cohface_robust_ossm/aux/dof__robust_ossm_ekf/frame_logs/18_2.npz,18_2.npz,0,1772694642.5271964,pre_epoch_stale
dof__robust_ossm_ekf,18_3,/home/gongjae/Projects/resPyre/results/cohface_robust_ossm/aux/dof__robust_ossm_ekf/frame_logs/18_3.npz,18_3.npz,0,1772694653.644236,pre_epoch_stale
dof__robust_ossm_ekf,19_0,/home/gongjae/Projects/resPyre/results/cohface_robust_ossm/aux/dof__robust_ossm_ekf/frame_logs/19_0.npz,19_0.npz,0,1772694664.8012755,pre_epoch_stale
dof__robust_ossm_ekf,19_1,/home/gongjae/Projects/resPyre/results/cohface_robust_ossm/aux/dof__robust_ossm_ekf/frame_logs/19_1.npz,19_1.npz,0,1772694675.7883146,pre_epoch_stale
dof__robust_ossm_ekf,19_2,/home/gongjae/Projects/resPyre/results/cohface_robust_ossm/aux/dof__robust_ossm_ekf/frame_logs/19_2.npz,19_2.npz,0,1772694686.7433534,pre_epoch_stale
dof__robust_ossm_ekf,19_3,/home/gongjae/Projects/resPyre/results/cohface_robust_ossm/aux/dof__robust_ossm_ekf/frame_logs/19_3.npz,19_3.npz,0,1772694697.6883922,pre_epoch_stale
dof__robust_ossm_ekf,1_0,/home/gongjae/Projects/resPyre/results/cohface_robust_ossm/aux/dof__robust_ossm_ekf/frame_logs/1_0.npz,1_0.npz,0,1772693862.2352405,pre_epoch_stale
dof__robust_ossm_ekf,1_1,/home/gongjae/Projects/resPyre/results/cohface_robust_ossm/aux/dof__robust_ossm_ekf/frame_logs/1_1.npz,1_1.npz,0,1772693873.2532864,pre_epoch_stale
dof__robust_ossm_ekf,1_2,/home/gongjae/Projects/resPyre/results/cohface_robust_ossm/aux/dof__robust_ossm_ekf/frame_logs/1_2.npz,1_2.npz,0,1772693884.2793322,pre_epoch_stale
dof__robust_ossm_ekf,1_3,/home/gongjae/Projects/resPyre/results/cohface_robust_ossm/aux/dof__robust_ossm_ekf/frame_logs/1_3.npz,1_3.npz,0,1772693895.3113778,pre_epoch_stale
dof__robust_ossm_ekf,20_0,/home/gongjae/Projects/resPyre/results/cohface_robust_ossm/aux/dof__robust_ossm_ekf/frame_logs/20_0.npz,20_0.npz,0,1772694708.7734313,pre_epoch_stale
dof__robust_ossm_ekf,20_1,/home/gongjae/Projects/resPyre/results/cohface_robust_ossm/aux/dof__robust_ossm_ekf/frame_logs/20_1.npz,20_1.npz,0,1772694719.7064698,pre_epoch_stale
dof__robust_ossm_ekf,20_2,/home/gongjae/Projects/resPyre/results/cohface_robust_ossm/aux/dof__robust_ossm_ekf/frame_logs/20_2.npz,20_2.npz,0,1772694730.5425081,pre_epoch_stale
dof__robust_ossm_ekf,20_3,/home/gongjae/Projects/resPyre/results/cohface_robust_ossm/aux/dof__robust_ossm_ekf/frame_logs/20_3.npz,20_3.npz,0,1772694741.600547,pre_epoch_stale
dof__robust_ossm_ekf,21_0,/home/gongjae/Projects/resPyre/results/cohface_robust_ossm/aux/dof__robust_ossm_ekf/frame_logs/21_0.npz,21_0.npz,0,1772694752.4055853,pre_epoch_stale
dof__robust_ossm_ekf,21_1,/home/gongjae/Projects/resPyre/results/cohface_robust_ossm/aux/dof__robust_ossm_ekf/frame_logs/21_1.npz,21_1.npz,0,1772694763.3806188,pre_epoch_stale
dof__robust_ossm_ekf,21_2,/home/gongjae/Projects/resPyre/results/cohface_robust_ossm/aux/dof__robust_ossm_ekf/frame_logs/21_2.npz,21_2.npz,0,1772694774.3236454,pre_epoch_stale
dof__robust_ossm_ekf,21_3,/home/gongjae/Projects/resPyre/results/cohface_robust_ossm/aux/dof__robust_ossm_ekf/frame_logs/21_3.npz,21_3.npz,0,1772694785.213672,pre_epoch_stale
dof__robust_ossm_ekf,22_0,/home/gongjae/Projects/resPyre/results/cohface_robust_ossm/aux/dof__robust_ossm_ekf/frame_logs/22_0.npz,22_0.npz,0,1772694796.260699,pre_epoch_stale
dof__robust_ossm_ekf,22_1,/home/gongjae/Projects/resPyre/results/cohface_robust_ossm/aux/dof__robust_ossm_ekf/frame_logs/22_1.npz,22_1.npz,0,1772694807.0647256,pre_epoch_stale
dof__robust_ossm_ekf,22_2,/home/gongjae/Projects/resPyre/results/cohface_robust_ossm/aux/dof__robust_ossm_ekf/frame_logs/22_2.npz,22_2.npz,0,1772694818.088753,pre_epoch_stale
dof__robust_ossm_ekf,22_3,/home/gongjae/Projects/resPyre/results/cohface_robust_ossm/aux/dof__robust_ossm_ekf/frame_logs/22_3.npz,22_3.npz,0,1772694829.0917807,pre_epoch_stale
dof__robust_ossm_ekf,23_0,/home/gongjae/Projects/resPyre/results/cohface_robust_ossm/aux/dof__robust_ossm_ekf/frame_logs/23_0.npz,23_0.npz,0,1772694839.896808,pre_epoch_stale
dof__robust_ossm_ekf,23_1,/home/gongjae/Projects/resPyre/results/cohface_robust_ossm/aux/dof__robust_ossm_ekf/frame_logs/23_1.npz,23_1.npz,0,1772694850.8368356,pre_epoch_stale
dof__robust_ossm_ekf,23_2,/home/gongjae/Projects/resPyre/results/cohface_robust_ossm/aux/dof__robust_ossm_ekf/frame_logs/23_2.npz,23_2.npz,0,1772694861.6698632,pre_epoch_stale
dof__robust_ossm_ekf,23_3,/home/gongjae/Projects/resPyre/results/cohface_robust_ossm/aux/dof__robust_ossm_ekf/frame_logs/23_3.npz,23_3.npz,0,1772694872.6998916,pre_epoch_stale
dof__robust_ossm_ekf,24_0,/home/gongjae/Projects/resPyre/results/cohface_robust_ossm/aux/dof__robust_ossm_ekf/frame_logs/24_0.npz,24_0.npz,0,1772694883.5709195,pre_epoch_stale
dof__robust_ossm_ekf,24_1,/home/gongjae/Projects/resPyre/results/cohface_robust_ossm/aux/dof__robust_ossm_ekf/frame_logs/24_1.npz,24_1.npz,0,1772694894.536948,pre_epoch_stale
dof__robust_ossm_ekf,24_2,/home/gongjae/Projects/resPyre/results/cohface_robust_ossm/aux/dof__robust_ossm_ekf/frame_logs/24_2.npz,24_2.npz,0,1772694905.5469768,pre_epoch_stale
dof__robust_ossm_ekf,24_3,/home/gongjae/Projects/resPyre/results/cohface_robust_ossm/aux/dof__robust_ossm_ekf/frame_logs/24_3.npz,24_3.npz,0,1772694916.5530057,pre_epoch_stale
dof__robust_ossm_ekf,25_0,/home/gongjae/Projects/resPyre/results/cohface_robust_ossm/aux/dof__robust_ossm_ekf/frame_logs/25_0.npz,25_0.npz,0,1772694927.677035,pre_epoch_stale
dof__robust_ossm_ekf,25_1,/home/gongjae/Projects/resPyre/results/cohface_robust_ossm/aux/dof__robust_ossm_ekf/frame_logs/25_1.npz,25_1.npz,0,1772694938.958065,pre_epoch_stale
dof__robust_ossm_ekf,25_2,/home/gongjae/Projects/resPyre/results/cohface_robust_ossm/aux/dof__robust_ossm_ekf/frame_logs/25_2.npz,25_2.npz,0,1772694950.167095,pre_epoch_stale
dof__robust_ossm_ekf,25_3,/home/gongjae/Projects/resPyre/results/cohface_robust_ossm/aux/dof__robust_ossm_ekf/frame_logs/25_3.npz,25_3.npz,0,1772694961.3431249,pre_epoch_stale
dof__robust_ossm_ekf,26_0,/home/gongjae/Projects/resPyre/results/cohface_robust_ossm/aux/dof__robust_ossm_ekf/frame_logs/26_0.npz,26_0.npz,0,1772694972.5311549,pre_epoch_stale
dof__robust_ossm_ekf,26_1,/home/gongjae/Projects/resPyre/results/cohface_robust_ossm/aux/dof__robust_ossm_ekf/frame_logs/26_1.npz,26_1.npz,0,1772694983.7811854,pre_epoch_stale
dof__robust_ossm_ekf,26_2,/home/gongjae/Projects/resPyre/results/cohface_robust_ossm/aux/dof__robust_ossm_ekf/frame_logs/26_2.npz,26_2.npz,0,1772694995.073216,pre_epoch_stale
dof__robust_ossm_ekf,26_3,/home/gongjae/Projects/resPyre/results/cohface_robust_ossm/aux/dof__robust_ossm_ekf/frame_logs/26_3.npz,26_3.npz,0,1772695006.1632464,pre_epoch_stale
dof__robust_ossm_ekf,27_0,/home/gongjae/Projects/resPyre/results/cohface_robust_ossm/aux/dof__robust_ossm_ekf/frame_logs/27_0.npz,27_0.npz,0,1772695017.2442768,pre_epoch_stale
dof__robust_ossm_ekf,27_1,/home/gongjae/Projects/resPyre/results/cohface_robust_ossm/aux/dof__robust_ossm_ekf/frame_logs/27_1.npz,27_1.npz,0,1772695028.4253075,pre_epoch_stale
dof__robust_ossm_ekf,27_2,/home/gongjae/Projects/resPyre/results/cohface_robust_ossm/aux/dof__robust_ossm_ekf/frame_logs/27_2.npz,27_2.npz,0,1772695039.7223387,pre_epoch_stale
dof__robust_ossm_ekf,27_3,/home/gongjae/Projects/resPyre/results/cohface_robust_ossm/aux/dof__robust_ossm_ekf/frame_logs/27_3.npz,27_3.npz,0,1772695051.1423702,pre_epoch_stale
dof__robust_ossm_ekf,28_0,/home/gongjae/Projects/resPyre/results/cohface_robust_ossm/aux/dof__robust_ossm_ekf/frame_logs/28_0.npz,28_0.npz,0,1772695062.467402,pre_epoch_stale
dof__robust_ossm_ekf,28_1,/home/gongjae/Projects/resPyre/results/cohface_robust_ossm/aux/dof__robust_ossm_ekf/frame_logs/28_1.npz,28_1.npz,0,1772695073.7384334,pre_epoch_stale
dof__robust_ossm_ekf,28_2,/home/gongjae/Projects/resPyre/results/cohface_robust_ossm/aux/dof__robust_ossm_ekf/frame_logs/28_2.npz,28_2.npz,0,1772695084.996465,pre_epoch_stale
dof__robust_ossm_ekf,28_3,/home/gongjae/Projects/resPyre/results/cohface_robust_ossm/aux/dof__robust_ossm_ekf/frame_logs/28_3.npz,28_3.npz,0,1772695096.377497,pre_epoch_stale
dof__robust_ossm_ekf,29_0,/home/gongjae/Projects/resPyre/results/cohface_robust_ossm/aux/dof__robust_ossm_ekf/frame_logs/29_0.npz,29_0.npz,0,1772695111.960541,pre_epoch_stale
dof__robust_ossm_ekf,29_1,/home/gongjae/Projects/resPyre/results/cohface_robust_ossm/aux/dof__robust_ossm_ekf/frame_logs/29_1.npz,29_1.npz,0,1772695127.412585,pre_epoch_stale
dof__robust_ossm_ekf,29_2,/home/gongjae/Projects/resPyre/results/cohface_robust_ossm/aux/dof__robust_ossm_ekf/frame_logs/29_2.npz,29_2.npz,0,1772695138.7066174,pre_epoch_stale
dof__robust_ossm_ekf,29_3,/home/gongjae/Projects/resPyre/results/cohface_robust_ossm/aux/dof__robust_ossm_ekf/frame_logs/29_3.npz,29_3.npz,0,1772695150.4876509,pre_epoch_stale
dof__robust_ossm_ekf,2_0,/home/gongjae/Projects/resPyre/results/cohface_robust_ossm/aux/dof__robust_ossm_ekf/frame_logs/2_0.npz,2_0.npz,0,1772693906.4074233,pre_epoch_stale
dof__robust_ossm_ekf,2_1,/home/gongjae/Projects/resPyre/results/cohface_robust_ossm/aux/dof__robust_ossm_ekf/frame_logs/2_1.npz,2_1.npz,0,1772693917.5054688,pre_epoch_stale
dof__robust_ossm_ekf,2_2,/home/gongjae/Projects/resPyre/results/cohface_robust_ossm/aux/dof__robust_ossm_ekf/frame_logs/2_2.npz,2_2.npz,0,1772693928.6085143,pre_epoch_stale
dof__robust_ossm_ekf,2_3,/home/gongjae/Projects/resPyre/results/cohface_robust_ossm/aux/dof__robust_ossm_ekf/frame_logs/2_3.npz,2_3.npz,0,1772693939.598559,pre_epoch_stale
dof__robust_ossm_ekf,30_0,/home/gongjae/Projects/resPyre/results/cohface_robust_ossm/aux/dof__robust_ossm_ekf/frame_logs/30_0.npz,30_0.npz,0,1772695162.0896842,pre_epoch_stale
dof__robust_ossm_ekf,30_1,/home/gongjae/Projects/resPyre/results/cohface_robust_ossm/aux/dof__robust_ossm_ekf/frame_logs/30_1.npz,30_1.npz,0,1772695173.2397165,pre_epoch_stale
dof__robust_ossm_ekf,30_2,/home/gongjae/Projects/resPyre/results/cohface_robust_ossm/aux/dof__robust_ossm_ekf/frame_logs/30_2.npz,30_2.npz,0,1772695184.4047487,pre_epoch_stale
dof__robust_ossm_ekf,30_3,/home/gongjae/Projects/resPyre/results/cohface_robust_ossm/aux/dof__robust_ossm_ekf/frame_logs/30_3.npz,30_3.npz,0,1772695195.540781,pre_epoch_stale
dof__robust_ossm_ekf,31_0,/home/gongjae/Projects/resPyre/results/cohface_robust_ossm/aux/dof__robust_ossm_ekf/frame_logs/31_0.npz,31_0.npz,0,1772695206.6948133,pre_epoch_stale
dof__robust_ossm_ekf,31_1,/home/gongjae/Projects/resPyre/results/cohface_robust_ossm/aux/dof__robust_ossm_ekf/frame_logs/31_1.npz,31_1.npz,0,1772695217.9438462,pre_epoch_stale
dof__robust_ossm_ekf,31_2,/home/gongjae/Projects/resPyre/results/cohface_robust_ossm/aux/dof__robust_ossm_ekf/frame_logs/31_2.npz,31_2.npz,0,1772695229.213879,pre_epoch_stale
dof__robust_ossm_ekf,31_3,/home/gongjae/Projects/resPyre/results/cohface_robust_ossm/aux/dof__robust_ossm_ekf/frame_logs/31_3.npz,31_3.npz,0,1772695240.6469126,pre_epoch_stale
dof__robust_ossm_ekf,32_0,/home/gongjae/Projects/resPyre/results/cohface_robust_ossm/aux/dof__robust_ossm_ekf/frame_logs/32_0.npz,32_0.npz,0,1772695251.7939453,pre_epoch_stale
dof__robust_ossm_ekf,32_1,/home/gongjae/Projects/resPyre/results/cohface_robust_ossm/aux/dof__robust_ossm_ekf/frame_logs/32_1.npz,32_1.npz,0,1772695262.8289778,pre_epoch_stale
dof__robust_ossm_ekf,32_2,/home/gongjae/Projects/resPyre/results/cohface_robust_ossm/aux/dof__robust_ossm_ekf/frame_logs/32_2.npz,32_2.npz,0,1772695273.8130102,pre_epoch_stale
dof__robust_ossm_ekf,32_3,/home/gongjae/Projects/resPyre/results/cohface_robust_ossm/aux/dof__robust_ossm_ekf/frame_logs/32_3.npz,32_3.npz,0,1772695285.0910435,pre_epoch_stale
dof__robust_ossm_ekf,33_0,/home/gongjae/Projects/resPyre/results/cohface_robust_ossm/aux/dof__robust_ossm_ekf/frame_logs/33_0.npz,33_0.npz,0,1772695296.1550763,pre_epoch_stale
dof__robust_ossm_ekf,33_1,/home/gongjae/Projects/resPyre/results/cohface_robust_ossm/aux/dof__robust_ossm_ekf/frame_logs/33_1.npz,33_1.npz,0,1772695307.2711093,pre_epoch_stale
dof__robust_ossm_ekf,33_2,/home/gongjae/Projects/resPyre/results/cohface_robust_ossm/aux/dof__robust_ossm_ekf/frame_logs/33_2.npz,33_2.npz,0,1772695318.540143,pre_epoch_stale
dof__robust_ossm_ekf,33_3,/home/gongjae/Projects/resPyre/results/cohface_robust_ossm/aux/dof__robust_ossm_ekf/frame_logs/33_3.npz,33_3.npz,0,1772695329.6611762,pre_epoch_stale
dof__robust_ossm_ekf,34_0,/home/gongjae/Projects/resPyre/results/cohface_robust_ossm/aux/dof__robust_ossm_ekf/frame_logs/34_0.npz,34_0.npz,0,1772695340.7032092,pre_epoch_stale
dof__robust_ossm_ekf,34_1,/home/gongjae/Projects/resPyre/results/cohface_robust_ossm/aux/dof__robust_ossm_ekf/frame_logs/34_1.npz,34_1.npz,0,1772695351.8542426,pre_epoch_stale
dof__robust_ossm_ekf,34_2,/home/gongjae/Projects/resPyre/results/cohface_robust_ossm/aux/dof__robust_ossm_ekf/frame_logs/34_2.npz,34_2.npz,0,1772695363.1282763,pre_epoch_stale
dof__robust_ossm_ekf,34_3,/home/gongjae/Projects/resPyre/results/cohface_robust_ossm/aux/dof__robust_ossm_ekf/frame_logs/34_3.npz,34_3.npz,0,1772695374.0463092,pre_epoch_stale
dof__robust_ossm_ekf,35_0,/home/gongjae/Projects/resPyre/results/cohface_robust_ossm/aux/dof__robust_ossm_ekf/frame_logs/35_0.npz,35_0.npz,0,1772695385.2213428,pre_epoch_stale
dof__robust_ossm_ekf,35_1,/home/gongjae/Projects/resPyre/results/cohface_robust_ossm/aux/dof__robust_ossm_ekf/frame_logs/35_1.npz,35_1.npz,0,1772695396.179376,pre_epoch_stale
dof__robust_ossm_ekf,35_2,/home/gongjae/Projects/resPyre/results/cohface_robust_ossm/aux/dof__robust_ossm_ekf/frame_logs/35_2.npz,35_2.npz,0,1772695407.3094096,pre_epoch_stale
dof__robust_ossm_ekf,35_3,/home/gongjae/Projects/resPyre/results/cohface_robust_ossm/aux/dof__robust_ossm_ekf/frame_logs/35_3.npz,35_3.npz,0,1772695418.5114436,pre_epoch_stale
dof__robust_ossm_ekf,36_0,/home/gongjae/Projects/resPyre/results/cohface_robust_ossm/aux/dof__robust_ossm_ekf/frame_logs/36_0.npz,36_0.npz,0,1772695429.813478,pre_epoch_stale
dof__robust_ossm_ekf,36_1,/home/gongjae/Projects/resPyre/results/cohface_robust_ossm/aux/dof__robust_ossm_ekf/frame_logs/36_1.npz,36_1.npz,0,1772695440.9125116,pre_epoch_stale
dof__robust_ossm_ekf,36_2,/home/gongjae/Projects/resPyre/results/cohface_robust_ossm/aux/dof__robust_ossm_ekf/frame_logs/36_2.npz,36_2.npz,0,1772695452.0235455,pre_epoch_stale
dof__robust_ossm_ekf,36_3,/home/gongjae/Projects/resPyre/results/cohface_robust_ossm/aux/dof__robust_ossm_ekf/frame_logs/36_3.npz,36_3.npz,0,1772695463.2705798,pre_epoch_stale
dof__robust_ossm_ekf,37_0,/home/gongjae/Projects/resPyre/results/cohface_robust_ossm/aux/dof__robust_ossm_ekf/frame_logs/37_0.npz,37_0.npz,0,1772695474.2846134,pre_epoch_stale
dof__robust_ossm_ekf,37_1,/home/gongjae/Projects/resPyre/results/cohface_robust_ossm/aux/dof__robust_ossm_ekf/frame_logs/37_1.npz,37_1.npz,0,1772695485.2916472,pre_epoch_stale
dof__robust_ossm_ekf,37_2,/home/gongjae/Projects/resPyre/results/cohface_robust_ossm/aux/dof__robust_ossm_ekf/frame_logs/37_2.npz,37_2.npz,0,1772695496.296681,pre_epoch_stale
dof__robust_ossm_ekf,37_3,/home/gongjae/Projects/resPyre/results/cohface_robust_ossm/aux/dof__robust_ossm_ekf/frame_logs/37_3.npz,37_3.npz,0,1772695507.370715,pre_epoch_stale
dof__robust_ossm_ekf,38_0,/home/gongjae/Projects/resPyre/results/cohface_robust_ossm/aux/dof__robust_ossm_ekf/frame_logs/38_0.npz,38_0.npz,0,1772695517.7397468,pre_epoch_stale
dof__robust_ossm_ekf,38_1,/home/gongjae/Projects/resPyre/results/cohface_robust_ossm/aux/dof__robust_ossm_ekf/frame_logs/38_1.npz,38_1.npz,0,1772695528.1887789,pre_epoch_stale
dof__robust_ossm_ekf,38_2,/home/gongjae/Projects/resPyre/results/cohface_robust_ossm/aux/dof__robust_ossm_ekf/frame_logs/38_2.npz,38_2.npz,0,1772695538.3538103,pre_epoch_stale
dof__robust_ossm_ekf,38_3,/home/gongjae/Projects/resPyre/results/cohface_robust_ossm/aux/dof__robust_ossm_ekf/frame_logs/38_3.npz,38_3.npz,0,1772695548.6028419,pre_epoch_stale
dof__robust_ossm_ekf,39_0,/home/gongjae/Projects/resPyre/results/cohface_robust_ossm/aux/dof__robust_ossm_ekf/frame_logs/39_0.npz,39_0.npz,0,1772695559.0818741,pre_epoch_stale
dof__robust_ossm_ekf,39_1,/home/gongjae/Projects/resPyre/results/cohface_robust_ossm/aux/dof__robust_ossm_ekf/frame_logs/39_1.npz,39_1.npz,0,1772695569.5609066,pre_epoch_stale
dof__robust_ossm_ekf,39_2,/home/gongjae/Projects/resPyre/results/cohface_robust_ossm/aux/dof__robust_ossm_ekf/frame_logs/39_2.npz,39_2.npz,0,1772695580.053939,pre_epoch_stale
dof__robust_ossm_ekf,39_3,/home/gongjae/Projects/resPyre/results/cohface_robust_ossm/aux/dof__robust_ossm_ekf/frame_logs/39_3.npz,39_3.npz,0,1772695590.643972,pre_epoch_stale
dof__robust_ossm_ekf,3_0,/home/gongjae/Projects/resPyre/results/cohface_robust_ossm/aux/dof__robust_ossm_ekf/frame_logs/3_0.npz,3_0.npz,0,1772693950.5476034,pre_epoch_stale
dof__robust_ossm_ekf,3_1,/home/gongjae/Projects/resPyre/results/cohface_robust_ossm/aux/dof__robust_ossm_ekf/frame_logs/3_1.npz,3_1.npz,0,1772693961.4786475,pre_epoch_stale
dof__robust_ossm_ekf,3_2,/home/gongjae/Projects/resPyre/results/cohface_robust_ossm/aux/dof__robust_ossm_ekf/frame_logs/3_2.npz,3_2.npz,0,1772693972.4136915,pre_epoch_stale
dof__robust_ossm_ekf,3_3,/home/gongjae/Projects/resPyre/results/cohface_robust_ossm/aux/dof__robust_ossm_ekf/frame_logs/3_3.npz,3_3.npz,0,1772693983.4497359,pre_epoch_stale
dof__robust_ossm_ekf,40_0,/home/gongjae/Projects/resPyre/results/cohface_robust_ossm/aux/dof__robust_ossm_ekf/frame_logs/40_0.npz,40_0.npz,0,1772695601.311005,pre_epoch_stale
dof__robust_ossm_ekf,40_1,/home/gongjae/Projects/resPyre/results/cohface_robust_ossm/aux/dof__robust_ossm_ekf/frame_logs/40_1.npz,40_1.npz,0,1772695611.7590375,pre_epoch_stale
dof__robust_ossm_ekf,40_2,/home/gongjae/Projects/resPyre/results/cohface_robust_ossm/aux/dof__robust_ossm_ekf/frame_logs/40_2.npz,40_2.npz,0,1772695622.0600696,pre_epoch_stale
dof__robust_ossm_ekf,40_3,/home/gongjae/Projects/resPyre/results/cohface_robust_ossm/aux/dof__robust_ossm_ekf/frame_logs/40_3.npz,40_3.npz,0,1772695632.2711012,pre_epoch_stale
dof__robust_ossm_ekf,4_0,/home/gongjae/Projects/resPyre/results/cohface_robust_ossm/aux/dof__robust_ossm_ekf/frame_logs/4_0.npz,4_0.npz,0,1772693994.3357794,pre_epoch_stale
dof__robust_ossm_ekf,4_1,/home/gongjae/Projects/resPyre/results/cohface_robust_ossm/aux/dof__robust_ossm_ekf/frame_logs/4_1.npz,4_1.npz,0,1772694005.072822,pre_epoch_stale
dof__robust_ossm_ekf,4_2,/home/gongjae/Projects/resPyre/results/cohface_robust_ossm/aux/dof__robust_ossm_ekf/frame_logs/4_2.npz,4_2.npz,0,1772694015.9338653,pre_epoch_stale
dof__robust_ossm_ekf,4_3,/home/gongjae/Projects/resPyre/results/cohface_robust_ossm/aux/dof__robust_ossm_ekf/frame_logs/4_3.npz,4_3.npz,0,1772694026.9729092,pre_epoch_stale
dof__robust_ossm_ekf,5_0,/home/gongjae/Projects/resPyre/results/cohface_robust_ossm/aux/dof__robust_ossm_ekf/frame_logs/5_0.npz,5_0.npz,0,1772694037.829952,pre_epoch_stale
dof__robust_ossm_ekf,5_1,/home/gongjae/Projects/resPyre/results/cohface_robust_ossm/aux/dof__robust_ossm_ekf/frame_logs/5_1.npz,5_1.npz,0,1772694048.762995,pre_epoch_stale
dof__robust_ossm_ekf,5_2,/home/gongjae/Projects/resPyre/results/cohface_robust_ossm/aux/dof__robust_ossm_ekf/frame_logs/5_2.npz,5_2.npz,0,1772694059.5590374,pre_epoch_stale
dof__robust_ossm_ekf,5_3,/home/gongjae/Projects/resPyre/results/cohface_robust_ossm/aux/dof__robust_ossm_ekf/frame_logs/5_3.npz,5_3.npz,0,1772694070.3930798,pre_epoch_stale
dof__robust_ossm_ekf,6_0,/home/gongjae/Projects/resPyre/results/cohface_robust_ossm/aux/dof__robust_ossm_ekf/frame_logs/6_0.npz,6_0.npz,0,1772694081.3201225,pre_epoch_stale
dof__robust_ossm_ekf,6_1,/home/gongjae/Projects/resPyre/results/cohface_robust_ossm/aux/dof__robust_ossm_ekf/frame_logs/6_1.npz,6_1.npz,0,1772694092.3151653,pre_epoch_stale
dof__robust_ossm_ekf,6_2,/home/gongjae/Projects/resPyre/results/cohface_robust_ossm/aux/dof__robust_ossm_ekf/frame_logs/6_2.npz,6_2.npz,0,1772694103.2222075,pre_epoch_stale
dof__robust_ossm_ekf,6_3,/home/gongjae/Projects/resPyre/results/cohface_robust_ossm/aux/dof__robust_ossm_ekf/frame_logs/6_3.npz,6_3.npz,0,1772694114.2182503,pre_epoch_stale
dof__robust_ossm_ekf,7_0,/home/gongjae/Projects/resPyre/results/cohface_robust_ossm/aux/dof__robust_ossm_ekf/frame_logs/7_0.npz,7_0.npz,0,1772694125.1382923,pre_epoch_stale
dof__robust_ossm_ekf,7_1,/home/gongjae/Projects/resPyre/results/cohface_robust_ossm/aux/dof__robust_ossm_ekf/frame_logs/7_1.npz,7_1.npz,0,1772694136.0203342,pre_epoch_stale
dof__robust_ossm_ekf,7_2,/home/gongjae/Projects/resPyre/results/cohface_robust_ossm/aux/dof__robust_ossm_ekf/frame_logs/7_2.npz,7_2.npz,0,1772694146.8573759,pre_epoch_stale
dof__robust_ossm_ekf,7_3,/home/gongjae/Projects/resPyre/results/cohface_robust_ossm/aux/dof__robust_ossm_ekf/frame_logs/7_3.npz,7_3.npz,0,1772694157.7304175,pre_epoch_stale
dof__robust_ossm_ekf,8_0,/home/gongjae/Projects/resPyre/results/cohface_robust_ossm/aux/dof__robust_ossm_ekf/frame_logs/8_0.npz,8_0.npz,0,1772694168.6854594,pre_epoch_stale
dof__robust_ossm_ekf,8_1,/home/gongjae/Projects/resPyre/results/cohface_robust_ossm/aux/dof__robust_ossm_ekf/frame_logs/8_1.npz,8_1.npz,0,1772694179.598501,pre_epoch_stale
dof__robust_ossm_ekf,8_2,/home/gongjae/Projects/resPyre/results/cohface_robust_ossm/aux/dof__robust_ossm_ekf/frame_logs/8_2.npz,8_2.npz,0,1772694190.352542,pre_epoch_stale
dof__robust_ossm_ekf,8_3,/home/gongjae/Projects/resPyre/results/cohface_robust_ossm/aux/dof__robust_ossm_ekf/frame_logs/8_3.npz,8_3.npz,0,1772694201.3025835,pre_epoch_stale
dof__robust_ossm_ekf,9_0,/home/gongjae/Projects/resPyre/results/cohface_robust_ossm/aux/dof__robust_ossm_ekf/frame_logs/9_0.npz,9_0.npz,0,1772694212.3276253,pre_epoch_stale
dof__robust_ossm_ekf,9_1,/home/gongjae/Projects/resPyre/results/cohface_robust_ossm/aux/dof__robust_ossm_ekf/frame_logs/9_1.npz,9_1.npz,0,1772694223.6256678,pre_epoch_stale
dof__robust_ossm_ekf,9_2,/home/gongjae/Projects/resPyre/results/cohface_robust_ossm/aux/dof__robust_ossm_ekf/frame_logs/9_2.npz,9_2.npz,0,1772694234.8937104,pre_epoch_stale
dof__robust_ossm_ekf,9_3,/home/gongjae/Projects/resPyre/results/cohface_robust_ossm/aux/dof__robust_ossm_ekf/frame_logs/9_3.npz,9_3.npz,0,1772694246.3097532,pre_epoch_stale
of_farneback__robust_ossm_ekf,10_0,/home/gongjae/Projects/resPyre/results/cohface_robust_ossm/aux/of_farneback__robust_ossm_ekf/frame_logs/10_0.npz,10_0.npz,0,1772694255.6757884,pre_epoch_stale
of_farneback__robust_ossm_ekf,10_1,/home/gongjae/Projects/resPyre/results/cohface_robust_ossm/aux/of_farneback__robust_ossm_ekf/frame_logs/10_1.npz,10_1.npz,0,1772694266.8708303,pre_epoch_stale
of_farneback__robust_ossm_ekf,10_2,/home/gongjae/Projects/resPyre/results/cohface_robust_ossm/aux/of_farneback__robust_ossm_ekf/frame_logs/10_2.npz,10_2.npz,0,1772694277.986872,pre_epoch_stale
of_farneback__robust_ossm_ekf,10_3,/home/gongjae/Projects/resPyre/results/cohface_robust_ossm/aux/of_farneback__robust_ossm_ekf/frame_logs/10_3.npz,10_3.npz,0,1772694289.1449134,pre_epoch_stale
of_farneback__robust_ossm_ekf,11_0,/home/gongjae/Projects/resPyre/results/cohface_robust_ossm/aux/of_farneback__robust_ossm_ekf/frame_logs/11_0.npz,11_0.npz,0,1772694300.243955,pre_epoch_stale
of_farneback__robust_ossm_ekf,11_1,/home/gongjae/Projects/resPyre/results/cohface_robust_ossm/aux/of_farneback__robust_ossm_ekf/frame_logs/11_1.npz,11_1.npz,0,1772694311.6279972,pre_epoch_stale
of_farneback__robust_ossm_ekf,11_2,/home/gongjae/Projects/resPyre/results/cohface_robust_ossm/aux/of_farneback__robust_ossm_ekf/frame_logs/11_2.npz,11_2.npz,0,1772694323.0030394,pre_epoch_stale
of_farneback__robust_ossm_ekf,11_3,/home/gongjae/Projects/resPyre/results/cohface_robust_ossm/aux/of_farneback__robust_ossm_ekf/frame_logs/11_3.npz,11_3.npz,0,1772694334.2140808,pre_epoch_stale
of_farneback__robust_ossm_ekf,12_0,/home/gongjae/Projects/resPyre/results/cohface_robust_ossm/aux/of_farneback__robust_ossm_ekf/frame_logs/12_0.npz,12_0.npz,0,1772694346.3051255,pre_epoch_stale
of_farneback__robust_ossm_ekf,12_1,/home/gongjae/Projects/resPyre/results/cohface_robust_ossm/aux/of_farneback__robust_ossm_ekf/frame_logs/12_1.npz,12_1.npz,0,1772694359.483174,pre_epoch_stale
of_farneback__robust_ossm_ekf,12_2,/home/gongjae/Projects/resPyre/results/cohface_robust_ossm/aux/of_farneback__robust_ossm_ekf/frame_logs/12_2.npz,12_2.npz,0,1772694370.9482162,pre_epoch_stale
of_farneback__robust_ossm_ekf,12_3,/home/gongjae/Projects/resPyre/results/cohface_robust_ossm/aux/of_farneback__robust_ossm_ekf/frame_logs/12_3.npz,12_3.npz,0,1772694382.4392583,pre_epoch_stale
of_farneback__robust_ossm_ekf,13_0,/home/gongjae/Projects/resPyre/results/cohface_robust_ossm/aux/of_farneback__robust_ossm_ekf/frame_logs/13_0.npz,13_0.npz,0,1772694393.5622993,pre_epoch_stale
of_farneback__robust_ossm_ekf,13_1,/home/gongjae/Projects/resPyre/results/cohface_robust_ossm/aux/of_farneback__robust_ossm_ekf/frame_logs/13_1.npz,13_1.npz,0,1772694404.7613401,pre_epoch_stale
of_farneback__robust_ossm_ekf,13_2,/home/gongjae/Projects/resPyre/results/cohface_robust_ossm/aux/of_farneback__robust_ossm_ekf/frame_logs/13_2.npz,13_2.npz,0,1772694416.0593815,pre_epoch_stale
of_farneback__robust_ossm_ekf,13_3,/home/gongjae/Projects/resPyre/results/cohface_robust_ossm/aux/of_farneback__robust_ossm_ekf/frame_logs/13_3.npz,13_3.npz,0,1772694427.2604222,pre_epoch_stale
of_farneback__robust_ossm_ekf,14_0,/home/gongjae/Projects/resPyre/results/cohface_robust_ossm/aux/of_farneback__robust_ossm_ekf/frame_logs/14_0.npz,14_0.npz,0,1772694438.461463,pre_epoch_stale
of_farneback__robust_ossm_ekf,14_1,/home/gongjae/Projects/resPyre/results/cohface_robust_ossm/aux/of_farneback__robust_ossm_ekf/frame_logs/14_1.npz,14_1.npz,0,1772694449.8025043,pre_epoch_stale
of_farneback__robust_ossm_ekf,14_2,/home/gongjae/Projects/resPyre/results/cohface_robust_ossm/aux/of_farneback__robust_ossm_ekf/frame_logs/14_2.npz,14_2.npz,0,1772694461.1275454,pre_epoch_stale
of_farneback__robust_ossm_ekf,14_3,/home/gongjae/Projects/resPyre/results/cohface_robust_ossm/aux/of_farneback__robust_ossm_ekf/frame_logs/14_3.npz,14_3.npz,0,1772694472.5155866,pre_epoch_stale
of_farneback__robust_ossm_ekf,15_0,/home/gongjae/Projects/resPyre/results/cohface_robust_ossm/aux/of_farneback__robust_ossm_ekf/frame_logs/15_0.npz,15_0.npz,0,1772694483.9926283,pre_epoch_stale
of_farneback__robust_ossm_ekf,15_1,/home/gongjae/Projects/resPyre/results/cohface_robust_ossm/aux/of_farneback__robust_ossm_ekf/frame_logs/15_1.npz,15_1.npz,0,1772694495.6356704,pre_epoch_stale
of_farneback__robust_ossm_ekf,15_2,/home/gongjae/Projects/resPyre/results/cohface_robust_ossm/aux/of_farneback__robust_ossm_ekf/frame_logs/15_2.npz,15_2.npz,0,1772694506.8527107,pre_epoch_stale
of_farneback__robust_ossm_ekf,15_3,/home/gongjae/Projects/resPyre/results/cohface_robust_ossm/aux/of_farneback__robust_ossm_ekf/frame_logs/15_3.npz,15_3.npz,0,1772694518.1347516,pre_epoch_stale
of_farneback__robust_ossm_ekf,16_0,/home/gongjae/Projects/resPyre/results/cohface_robust_ossm/aux/of_farneback__robust_ossm_ekf/frame_logs/16_0.npz,16_0.npz,0,1772694529.382792,pre_epoch_stale
of_farneback__robust_ossm_ekf,16_1,/home/gongjae/Projects/resPyre/results/cohface_robust_ossm/aux/of_farneback__robust_ossm_ekf/frame_logs/16_1.npz,16_1.npz,0,1772694540.5948322,pre_epoch_stale
of_farneback__robust_ossm_ekf,16_2,/home/gongjae/Projects/resPyre/results/cohface_robust_ossm/aux/of_farneback__robust_ossm_ekf/frame_logs/16_2.npz,16_2.npz,0,1772694551.7038722,pre_epoch_stale
of_farneback__robust_ossm_ekf,16_3,/home/gongjae/Projects/resPyre/results/cohface_robust_ossm/aux/of_farneback__robust_ossm_ekf/frame_logs/16_3.npz,16_3.npz,0,1772694562.9399126,pre_epoch_stale
of_farneback__robust_ossm_ekf,17_0,/home/gongjae/Projects/resPyre/results/cohface_robust_ossm/aux/of_farneback__robust_ossm_ekf/frame_logs/17_0.npz,17_0.npz,0,1772694574.006952,pre_epoch_stale
of_farneback__robust_ossm_ekf,17_1,/home/gongjae/Projects/resPyre/results/cohface_robust_ossm/aux/of_farneback__robust_ossm_ekf/frame_logs/17_1.npz,17_1.npz,0,1772694585.2519922,pre_epoch_stale
of_farneback__robust_ossm_ekf,17_2,/home/gongjae/Projects/resPyre/results/cohface_robust_ossm/aux/of_farneback__robust_ossm_ekf/frame_logs/17_2.npz,17_2.npz,0,1772694596.1710312,pre_epoch_stale
of_farneback__robust_ossm_ekf,17_3,/home/gongjae/Projects/resPyre/results/cohface_robust_ossm/aux/of_farneback__robust_ossm_ekf/frame_logs/17_3.npz,17_3.npz,0,1772694607.0350702,pre_epoch_stale
of_farneback__robust_ossm_ekf,18_0,/home/gongjae/Projects/resPyre/results/cohface_robust_ossm/aux/of_farneback__robust_ossm_ekf/frame_logs/18_0.npz,18_0.npz,0,1772694618.19111,pre_epoch_stale
of_farneback__robust_ossm_ekf,18_1,/home/gongjae/Projects/resPyre/results/cohface_robust_ossm/aux/of_farneback__robust_ossm_ekf/frame_logs/18_1.npz,18_1.npz,0,1772694629.48015,pre_epoch_stale
of_farneback__robust_ossm_ekf,18_2,/home/gongjae/Projects/resPyre/results/cohface_robust_ossm/aux/of_farneback__robust_ossm_ekf/frame_logs/18_2.npz,18_2.npz,0,1772694640.64019,pre_epoch_stale
of_farneback__robust_ossm_ekf,18_3,/home/gongjae/Projects/resPyre/results/cohface_robust_ossm/aux/of_farneback__robust_ossm_ekf/frame_logs/18_3.npz,18_3.npz,0,1772694651.6242287,pre_epoch_stale
of_farneback__robust_ossm_ekf,19_0,/home/gongjae/Projects/resPyre/results/cohface_robust_ossm/aux/of_farneback__robust_ossm_ekf/frame_logs/19_0.npz,19_0.npz,0,1772694662.905269,pre_epoch_stale
of_farneback__robust_ossm_ekf,19_1,/home/gongjae/Projects/resPyre/results/cohface_robust_ossm/aux/of_farneback__robust_ossm_ekf/frame_logs/19_1.npz,19_1.npz,0,1772694673.8253076,pre_epoch_stale
of_farneback__robust_ossm_ekf,19_2,/home/gongjae/Projects/resPyre/results/cohface_robust_ossm/aux/of_farneback__robust_ossm_ekf/frame_logs/19_2.npz,19_2.npz,0,1772694684.7923465,pre_epoch_stale
of_farneback__robust_ossm_ekf,19_3,/home/gongjae/Projects/resPyre/results/cohface_robust_ossm/aux/of_farneback__robust_ossm_ekf/frame_logs/19_3.npz,19_3.npz,0,1772694695.7833853,pre_epoch_stale
of_farneback__robust_ossm_ekf,1_0,/home/gongjae/Projects/resPyre/results/cohface_robust_ossm/aux/of_farneback__robust_ossm_ekf/frame_logs/1_0.npz,1_0.npz,0,1772693860.3332324,pre_epoch_stale
of_farneback__robust_ossm_ekf,1_1,/home/gongjae/Projects/resPyre/results/cohface_robust_ossm/aux/of_farneback__robust_ossm_ekf/frame_logs/1_1.npz,1_1.npz,0,1772693871.3272784,pre_epoch_stale
of_farneback__robust_ossm_ekf,1_2,/home/gongjae/Projects/resPyre/results/cohface_robust_ossm/aux/of_farneback__robust_ossm_ekf/frame_logs/1_2.npz,1_2.npz,0,1772693882.355324,pre_epoch_stale
of_farneback__robust_ossm_ekf,1_3,/home/gongjae/Projects/resPyre/results/cohface_robust_ossm/aux/of_farneback__robust_ossm_ekf/frame_logs/1_3.npz,1_3.npz,0,1772693893.3373694,pre_epoch_stale
of_farneback__robust_ossm_ekf,20_0,/home/gongjae/Projects/resPyre/results/cohface_robust_ossm/aux/of_farneback__robust_ossm_ekf/frame_logs/20_0.npz,20_0.npz,0,1772694706.8254244,pre_epoch_stale
of_farneback__robust_ossm_ekf,20_1,/home/gongjae/Projects/resPyre/results/cohface_robust_ossm/aux/of_farneback__robust_ossm_ekf/frame_logs/20_1.npz,20_1.npz,0,1772694717.767463,pre_epoch_stale
of_farneback__robust_ossm_ekf,20_2,/home/gongjae/Projects/resPyre/results/cohface_robust_ossm/aux/of_farneback__robust_ossm_ekf/frame_logs/20_2.npz,20_2.npz,0,1772694728.6005013,pre_epoch_stale
of_farneback__robust_ossm_ekf,20_3,/home/gongjae/Projects/resPyre/results/cohface_robust_ossm/aux/of_farneback__robust_ossm_ekf/frame_logs/20_3.npz,20_3.npz,0,1772694739.6705403,pre_epoch_stale
of_farneback__robust_ossm_ekf,21_0,/home/gongjae/Projects/resPyre/results/cohface_robust_ossm/aux/of_farneback__robust_ossm_ekf/frame_logs/21_0.npz,21_0.npz,0,1772694750.5065784,pre_epoch_stale
of_farneback__robust_ossm_ekf,21_1,/home/gongjae/Projects/resPyre/results/cohface_robust_ossm/aux/of_farneback__robust_ossm_ekf/frame_logs/21_1.npz,21_1.npz,0,1772694761.4356143,pre_epoch_stale
of_farneback__robust_ossm_ekf,21_2,/home/gongjae/Projects/resPyre/results/cohface_robust_ossm/aux/of_farneback__robust_ossm_ekf/frame_logs/21_2.npz,21_2.npz,0,1772694772.4016407,pre_epoch_stale
of_farneback__robust_ossm_ekf,21_3,/home/gongjae/Projects/resPyre/results/cohface_robust_ossm/aux/of_farneback__robust_ossm_ekf/frame_logs/21_3.npz,21_3.npz,0,1772694783.276667,pre_epoch_stale
of_farneback__robust_ossm_ekf,22_0,/home/gongjae/Projects/resPyre/results/cohface_robust_ossm/aux/of_farneback__robust_ossm_ekf/frame_logs/22_0.npz,22_0.npz,0,1772694794.3856943,pre_epoch_stale
of_farneback__robust_ossm_ekf,22_1,/home/gongjae/Projects/resPyre/results/cohface_robust_ossm/aux/of_farneback__robust_ossm_ekf/frame_logs/22_1.npz,22_1.npz,0,1772694805.213721,pre_epoch_stale
of_farneback__robust_ossm_ekf,22_2,/home/gongjae/Projects/resPyre/results/cohface_robust_ossm/aux/of_farneback__robust_ossm_ekf/frame_logs/22_2.npz,22_2.npz,0,1772694816.1347482,pre_epoch_stale
of_farneback__robust_ossm_ekf,22_3,/home/gongjae/Projects/resPyre/results/cohface_robust_ossm/aux/of_farneback__robust_ossm_ekf/frame_logs/22_3.npz,22_3.npz,0,1772694827.1537757,pre_epoch_stale
of_farneback__robust_ossm_ekf,23_0,/home/gongjae/Projects/resPyre/results/cohface_robust_ossm/aux/of_farneback__robust_ossm_ekf/frame_logs/23_0.npz,23_0.npz,0,1772694838.010803,pre_epoch_stale
of_farneback__robust_ossm_ekf,23_1,/home/gongjae/Projects/resPyre/results/cohface_robust_ossm/aux/of_farneback__robust_ossm_ekf/frame_logs/23_1.npz,23_1.npz,0,1772694848.9108307,pre_epoch_stale
of_farneback__robust_ossm_ekf,23_2,/home/gongjae/Projects/resPyre/results/cohface_robust_ossm/aux/of_farneback__robust_ossm_ekf/frame_logs/23_2.npz,23_2.npz,0,1772694859.7988584,pre_epoch_stale
of_farneback__robust_ossm_ekf,23_3,/home/gongjae/Projects/resPyre/results/cohface_robust_ossm/aux/of_farneback__robust_ossm_ekf/frame_logs/23_3.npz,23_3.npz,0,1772694870.8008866,pre_epoch_stale
of_farneback__robust_ossm_ekf,24_0,/home/gongjae/Projects/resPyre/results/cohface_robust_ossm/aux/of_farneback__robust_ossm_ekf/frame_logs/24_0.npz,24_0.npz,0,1772694881.6489146,pre_epoch_stale
of_farneback__robust_ossm_ekf,24_1,/home/gongjae/Projects/resPyre/results/cohface_robust_ossm/aux/of_farneback__robust_ossm_ekf/frame_logs/24_1.npz,24_1.npz,0,1772694892.633943,pre_epoch_stale
of_farneback__robust_ossm_ekf,24_2,/home/gongjae/Projects/resPyre/results/cohface_robust_ossm/aux/of_farneback__robust_ossm_ekf/frame_logs/24_2.npz,24_2.npz,0,1772694903.6229718,pre_epoch_stale
of_farneback__robust_ossm_ekf,24_3,/home/gongjae/Projects/resPyre/results/cohface_robust_ossm/aux/of_farneback__robust_ossm_ekf/frame_logs/24_3.npz,24_3.npz,0,1772694914.6470008,pre_epoch_stale
of_farneback__robust_ossm_ekf,25_0,/home/gongjae/Projects/resPyre/results/cohface_robust_ossm/aux/of_farneback__robust_ossm_ekf/frame_logs/25_0.npz,25_0.npz,0,1772694925.6910298,pre_epoch_stale
of_farneback__robust_ossm_ekf,25_1,/home/gongjae/Projects/resPyre/results/cohface_robust_ossm/aux/of_farneback__robust_ossm_ekf/frame_logs/25_1.npz,25_1.npz,0,1772694936.9980597,pre_epoch_stale
of_farneback__robust_ossm_ekf,25_2,/home/gongjae/Projects/resPyre/results/cohface_robust_ossm/aux/of_farneback__robust_ossm_ekf/frame_logs/25_2.npz,25_2.npz,0,1772694948.2140896,pre_epoch_stale
of_farneback__robust_ossm_ekf,25_3,/home/gongjae/Projects/resPyre/results/cohface_robust_ossm/aux/of_farneback__robust_ossm_ekf/frame_logs/25_3.npz,25_3.npz,0,1772694959.4071195,pre_epoch_stale
of_farneback__robust_ossm_ekf,26_0,/home/gongjae/Projects/resPyre/results/cohface_robust_ossm/aux/of_farneback__robust_ossm_ekf/frame_logs/26_0.npz,26_0.npz,0,1772694970.5971496,pre_epoch_stale
of_farneback__robust_ossm_ekf,26_1,/home/gongjae/Projects/resPyre/results/cohface_robust_ossm/aux/of_farneback__robust_ossm_ekf/frame_logs/26_1.npz,26_1.npz,0,1772694981.80818,pre_epoch_stale
of_farneback__robust_ossm_ekf,26_2,/home/gongjae/Projects/resPyre/results/cohface_robust_ossm/aux/of_farneback__robust_ossm_ekf/frame_logs/26_2.npz,26_2.npz,0,1772694993.1272106,pre_epoch_stale
of_farneback__robust_ossm_ekf,26_3,/home/gongjae/Projects/resPyre/results/cohface_robust_ossm/aux/of_farneback__robust_ossm_ekf/frame_logs/26_3.npz,26_3.npz,0,1772695004.228241,pre_epoch_stale
of_farneback__robust_ossm_ekf,27_0,/home/gongjae/Projects/resPyre/results/cohface_robust_ossm/aux/of_farneback__robust_ossm_ekf/frame_logs/27_0.npz,27_0.npz,0,1772695015.3072712,pre_epoch_stale
of_farneback__robust_ossm_ekf,27_1,/home/gongjae/Projects/resPyre/results/cohface_robust_ossm/aux/of_farneback__robust_ossm_ekf/frame_logs/27_1.npz,27_1.npz,0,1772695026.4473019,pre_epoch_stale
of_farneback__robust_ossm_ekf,27_2,/home/gongjae/Projects/resPyre/results/cohface_robust_ossm/aux/of_farneback__robust_ossm_ekf/frame_logs/27_2.npz,27_2.npz,0,1772695037.7163332,pre_epoch_stale
of_farneback__robust_ossm_ekf,27_3,/home/gongjae/Projects/resPyre/results/cohface_robust_ossm/aux/of_farneback__robust_ossm_ekf/frame_logs/27_3.npz,27_3.npz,0,1772695049.1593647,pre_epoch_stale
of_farneback__robust_ossm_ekf,28_0,/home/gongjae/Projects/resPyre/results/cohface_robust_ossm/aux/of_farneback__robust_ossm_ekf/frame_logs/28_0.npz,28_0.npz,0,1772695060.4823964,pre_epoch_stale
of_farneback__robust_ossm_ekf,28_1,/home/gongjae/Projects/resPyre/results/cohface_robust_ossm/aux/of_farneback__robust_ossm_ekf/frame_logs/28_1.npz,28_1.npz,0,1772695071.783428,pre_epoch_stale
of_farneback__robust_ossm_ekf,28_2,/home/gongjae/Projects/resPyre/results/cohface_robust_ossm/aux/of_farneback__robust_ossm_ekf/frame_logs/28_2.npz,28_2.npz,0,1772695082.9604592,pre_epoch_stale
of_farneback__robust_ossm_ekf,28_3,/home/gongjae/Projects/resPyre/results/cohface_robust_ossm/aux/of_farneback__robust_ossm_ekf/frame_logs/28_3.npz,28_3.npz,0,1772695094.4154916,pre_epoch_stale
of_farneback__robust_ossm_ekf,29_0,/home/gongjae/Projects/resPyre/results/cohface_robust_ossm/aux/of_farneback__robust_ossm_ekf/frame_logs/29_0.npz,29_0.npz,0,1772695108.5335314,pre_epoch_stale
of_farneback__robust_ossm_ekf,29_1,/home/gongjae/Projects/resPyre/results/cohface_robust_ossm/aux/of_farneback__robust_ossm_ekf/frame_logs/29_1.npz,29_1.npz,0,1772695125.4175794,pre_epoch_stale
of_farneback__robust_ossm_ekf,29_2,/home/gongjae/Projects/resPyre/results/cohface_robust_ossm/aux/of_farneback__robust_ossm_ekf/frame_logs/29_2.npz,29_2.npz,0,1772695136.7166116,pre_epoch_stale
of_farneback__robust_ossm_ekf,29_3,/home/gongjae/Projects/resPyre/results/cohface_robust_ossm/aux/of_farneback__robust_ossm_ekf/frame_logs/29_3.npz,29_3.npz,0,1772695148.3666449,pre_epoch_stale
of_farneback__robust_ossm_ekf,2_0,/home/gongjae/Projects/resPyre/results/cohface_robust_ossm/aux/of_farneback__robust_ossm_ekf/frame_logs/2_0.npz,2_0.npz,0,1772693904.4534154,pre_epoch_stale
of_farneback__robust_ossm_ekf,2_1,/home/gongjae/Projects/resPyre/results/cohface_robust_ossm/aux/of_farneback__robust_ossm_ekf/frame_logs/2_1.npz,2_1.npz,0,1772693915.5664608,pre_epoch_stale
of_farneback__robust_ossm_ekf,2_2,/home/gongjae/Projects/resPyre/results/cohface_robust_ossm/aux/of_farneback__robust_ossm_ekf/frame_logs/2_2.npz,2_2.npz,0,1772693926.6805062,pre_epoch_stale
of_farneback__robust_ossm_ekf,2_3,/home/gongjae/Projects/resPyre/results/cohface_robust_ossm/aux/of_farneback__robust_ossm_ekf/frame_logs/2_3.npz,2_3.npz,0,1772693937.663551,pre_epoch_stale
of_farneback__robust_ossm_ekf,30_0,/home/gongjae/Projects/resPyre/results/cohface_robust_ossm/aux/of_farneback__robust_ossm_ekf/frame_logs/30_0.npz,30_0.npz,0,1772695160.1546788,pre_epoch_stale
of_farneback__robust_ossm_ekf,30_1,/home/gongjae/Projects/resPyre/results/cohface_robust_ossm/aux/of_farneback__robust_ossm_ekf/frame_logs/30_1.npz,30_1.npz,0,1772695171.3087108,pre_epoch_stale
of_farneback__robust_ossm_ekf,30_2,/home/gongjae/Projects/resPyre/results/cohface_robust_ossm/aux/of_farneback__robust_ossm_ekf/frame_logs/30_2.npz,30_2.npz,0,1772695182.414743,pre_epoch_stale
of_farneback__robust_ossm_ekf,30_3,/home/gongjae/Projects/resPyre/results/cohface_robust_ossm/aux/of_farneback__robust_ossm_ekf/frame_logs/30_3.npz,30_3.npz,0,1772695193.5837753,pre_epoch_stale
of_farneback__robust_ossm_ekf,31_0,/home/gongjae/Projects/resPyre/results/cohface_robust_ossm/aux/of_farneback__robust_ossm_ekf/frame_logs/31_0.npz,31_0.npz,0,1772695204.7468076,pre_epoch_stale
of_farneback__robust_ossm_ekf,31_1,/home/gongjae/Projects/resPyre/results/cohface_robust_ossm/aux/of_farneback__robust_ossm_ekf/frame_logs/31_1.npz,31_1.npz,0,1772695216.0068405,pre_epoch_stale
of_farneback__robust_ossm_ekf,31_2,/home/gongjae/Projects/resPyre/results/cohface_robust_ossm/aux/of_farneback__robust_ossm_ekf/frame_logs/31_2.npz,31_2.npz,0,1772695227.2088733,pre_epoch_stale
of_farneback__robust_ossm_ekf,31_3,/home/gongjae/Projects/resPyre/results/cohface_robust_ossm/aux/of_farneback__robust_ossm_ekf/frame_logs/31_3.npz,31_3.npz,0,1772695238.6289067,pre_epoch_stale
of_farneback__robust_ossm_ekf,32_0,/home/gongjae/Projects/resPyre/results/cohface_robust_ossm/aux/of_farneback__robust_ossm_ekf/frame_logs/32_0.npz,32_0.npz,0,1772695249.8779397,pre_epoch_stale
of_farneback__robust_ossm_ekf,32_1,/home/gongjae/Projects/resPyre/results/cohface_robust_ossm/aux/of_farneback__robust_ossm_ekf/frame_logs/32_1.npz,32_1.npz,0,1772695260.9229722,pre_epoch_stale
of_farneback__robust_ossm_ekf,32_2,/home/gongjae/Projects/resPyre/results/cohface_robust_ossm/aux/of_farneback__robust_ossm_ekf/frame_logs/32_2.npz,32_2.npz,0,1772695271.8640044,pre_epoch_stale
of_farneback__robust_ossm_ekf,32_3,/home/gongjae/Projects/resPyre/results/cohface_robust_ossm/aux/of_farneback__robust_ossm_ekf/frame_logs/32_3.npz,32_3.npz,0,1772695283.1570377,pre_epoch_stale
of_farneback__robust_ossm_ekf,33_0,/home/gongjae/Projects/resPyre/results/cohface_robust_ossm/aux/of_farneback__robust_ossm_ekf/frame_logs/33_0.npz,33_0.npz,0,1772695294.2490706,pre_epoch_stale
of_farneback__robust_ossm_ekf,33_1,/home/gongjae/Projects/resPyre/results/cohface_robust_ossm/aux/of_farneback__robust_ossm_ekf/frame_logs/33_1.npz,33_1.npz,0,1772695305.3001034,pre_epoch_stale
of_farneback__robust_ossm_ekf,33_2,/home/gongjae/Projects/resPyre/results/cohface_robust_ossm/aux/of_farneback__robust_ossm_ekf/frame_logs/33_2.npz,33_2.npz,0,1772695316.5881371,pre_epoch_stale
of_farneback__robust_ossm_ekf,33_3,/home/gongjae/Projects/resPyre/results/cohface_robust_ossm/aux/of_farneback__robust_ossm_ekf/frame_logs/33_3.npz,33_3.npz,0,1772695327.7101703,pre_epoch_stale
of_farneback__robust_ossm_ekf,34_0,/home/gongjae/Projects/resPyre/results/cohface_robust_ossm/aux/of_farneback__robust_ossm_ekf/frame_logs/34_0.npz,34_0.npz,0,1772695338.7412033,pre_epoch_stale
of_farneback__robust_ossm_ekf,34_1,/home/gongjae/Projects/resPyre/results/cohface_robust_ossm/aux/of_farneback__robust_ossm_ekf/frame_logs/34_1.npz,34_1.npz,0,1772695349.9072368,pre_epoch_stale
of_farneback__robust_ossm_ekf,34_2,/home/gongjae/Projects/resPyre/results/cohface_robust_ossm/aux/of_farneback__robust_ossm_ekf/frame_logs/34_2.npz,34_2.npz,0,1772695361.1712706,pre_epoch_stale
of_farneback__robust_ossm_ekf,34_3,/home/gongjae/Projects/resPyre/results/cohface_robust_ossm/aux/of_farneback__robust_ossm_ekf/frame_logs/34_3.npz,34_3.npz,0,1772695372.0863032,pre_epoch_stale
of_farneback__robust_ossm_ekf,35_0,/home/gongjae/Projects/resPyre/results/cohface_robust_ossm/aux/of_farneback__robust_ossm_ekf/frame_logs/35_0.npz,35_0.npz,0,1772695383.284337,pre_epoch_stale
of_farneback__robust_ossm_ekf,35_1,/home/gongjae/Projects/resPyre/results/cohface_robust_ossm/aux/of_farneback__robust_ossm_ekf/frame_logs/35_1.npz,35_1.npz,0,1772695394.2663703,pre_epoch_stale
of_farneback__robust_ossm_ekf,35_2,/home/gongjae/Projects/resPyre/results/cohface_robust_ossm/aux/of_farneback__robust_ossm_ekf/frame_logs/35_2.npz,35_2.npz,0,1772695405.3454037,pre_epoch_stale
of_farneback__robust_ossm_ekf,35_3,/home/gongjae/Projects/resPyre/results/cohface_robust_ossm/aux/of_farneback__robust_ossm_ekf/frame_logs/35_3.npz,35_3.npz,0,1772695416.5344377,pre_epoch_stale
of_farneback__robust_ossm_ekf,36_0,/home/gongjae/Projects/resPyre/results/cohface_robust_ossm/aux/of_farneback__robust_ossm_ekf/frame_logs/36_0.npz,36_0.npz,0,1772695427.8174717,pre_epoch_stale
of_farneback__robust_ossm_ekf,36_1,/home/gongjae/Projects/resPyre/results/cohface_robust_ossm/aux/of_farneback__robust_ossm_ekf/frame_logs/36_1.npz,36_1.npz,0,1772695438.9805057,pre_epoch_stale
of_farneback__robust_ossm_ekf,36_2,/home/gongjae/Projects/resPyre/results/cohface_robust_ossm/aux/of_farneback__robust_ossm_ekf/frame_logs/36_2.npz,36_2.npz,0,1772695450.0425394,pre_epoch_stale
of_farneback__robust_ossm_ekf,36_3,/home/gongjae/Projects/resPyre/results/cohface_robust_ossm/aux/of_farneback__robust_ossm_ekf/frame_logs/36_3.npz,36_3.npz,0,1772695461.2985737,pre_epoch_stale
of_farneback__robust_ossm_ekf,37_0,/home/gongjae/Projects/resPyre/results/cohface_robust_ossm/aux/of_farneback__robust_ossm_ekf/frame_logs/37_0.npz,37_0.npz,0,1772695472.3746076,pre_epoch_stale
of_farneback__robust_ossm_ekf,37_1,/home/gongjae/Projects/resPyre/results/cohface_robust_ossm/aux/of_farneback__robust_ossm_ekf/frame_logs/37_1.npz,37_1.npz,0,1772695483.329641,pre_epoch_stale
of_farneback__robust_ossm_ekf,37_2,/home/gongjae/Projects/resPyre/results/cohface_robust_ossm/aux/of_farneback__robust_ossm_ekf/frame_logs/37_2.npz,37_2.npz,0,1772695494.367675,pre_epoch_stale
of_farneback__robust_ossm_ekf,37_3,/home/gongjae/Projects/resPyre/results/cohface_robust_ossm/aux/of_farneback__robust_ossm_ekf/frame_logs/37_3.npz,37_3.npz,0,1772695505.467709,pre_epoch_stale
of_farneback__robust_ossm_ekf,38_0,/home/gongjae/Projects/resPyre/results/cohface_robust_ossm/aux/of_farneback__robust_ossm_ekf/frame_logs/38_0.npz,38_0.npz,0,1772695515.889741,pre_epoch_stale
of_farneback__robust_ossm_ekf,38_1,/home/gongjae/Projects/resPyre/results/cohface_robust_ossm/aux/of_farneback__robust_ossm_ekf/frame_logs/38_1.npz,38_1.npz,0,1772695526.3607733,pre_epoch_stale
of_farneback__robust_ossm_ekf,38_2,/home/gongjae/Projects/resPyre/results/cohface_robust_ossm/aux/of_farneback__robust_ossm_ekf/frame_logs/38_2.npz,38_2.npz,0,1772695536.5828047,pre_epoch_stale
of_farneback__robust_ossm_ekf,38_3,/home/gongjae/Projects/resPyre/results/cohface_robust_ossm/aux/of_farneback__robust_ossm_ekf/frame_logs/38_3.npz,38_3.npz,0,1772695546.8128364,pre_epoch_stale
of_farneback__robust_ossm_ekf,39_0,/home/gongjae/Projects/resPyre/results/cohface_robust_ossm/aux/of_farneback__robust_ossm_ekf/frame_logs/39_0.npz,39_0.npz,0,1772695557.2408686,pre_epoch_stale
of_farneback__robust_ossm_ekf,39_1,/home/gongjae/Projects/resPyre/results/cohface_robust_ossm/aux/of_farneback__robust_ossm_ekf/frame_logs/39_1.npz,39_1.npz,0,1772695567.6729007,pre_epoch_stale
of_farneback__robust_ossm_ekf,39_2,/home/gongjae/Projects/resPyre/results/cohface_robust_ossm/aux/of_farneback__robust_ossm_ekf/frame_logs/39_2.npz,39_2.npz,0,1772695578.1939332,pre_epoch_stale
of_farneback__robust_ossm_ekf,39_3,/home/gongjae/Projects/resPyre/results/cohface_robust_ossm/aux/of_farneback__robust_ossm_ekf/frame_logs/39_3.npz,39_3.npz,0,1772695588.7599661,pre_epoch_stale
of_farneback__robust_ossm_ekf,3_0,/home/gongjae/Projects/resPyre/results/cohface_robust_ossm/aux/of_farneback__robust_ossm_ekf/frame_logs/3_0.npz,3_0.npz,0,1772693948.6185956,pre_epoch_stale
of_farneback__robust_ossm_ekf,3_1,/home/gongjae/Projects/resPyre/results/cohface_robust_ossm/aux/of_farneback__robust_ossm_ekf/frame_logs/3_1.npz,3_1.npz,0,1772693959.5536397,pre_epoch_stale
of_farneback__robust_ossm_ekf,3_2,/home/gongjae/Projects/resPyre/results/cohface_robust_ossm/aux/of_farneback__robust_ossm_ekf/frame_logs/3_2.npz,3_2.npz,0,1772693970.533684,pre_epoch_stale
of_farneback__robust_ossm_ekf,3_3,/home/gongjae/Projects/resPyre/results/cohface_robust_ossm/aux/of_farneback__robust_ossm_ekf/frame_logs/3_3.npz,3_3.npz,0,1772693981.5037282,pre_epoch_stale
of_farneback__robust_ossm_ekf,40_0,/home/gongjae/Projects/resPyre/results/cohface_robust_ossm/aux/of_farneback__robust_ossm_ekf/frame_logs/40_0.npz,40_0.npz,0,1772695599.4589994,pre_epoch_stale
of_farneback__robust_ossm_ekf,40_1,/home/gongjae/Projects/resPyre/results/cohface_robust_ossm/aux/of_farneback__robust_ossm_ekf/frame_logs/40_1.npz,40_1.npz,0,1772695609.961032,pre_epoch_stale
of_farneback__robust_ossm_ekf,40_2,/home/gongjae/Projects/resPyre/results/cohface_robust_ossm/aux/of_farneback__robust_ossm_ekf/frame_logs/40_2.npz,40_2.npz,0,1772695620.314064,pre_epoch_stale
of_farneback__robust_ossm_ekf,40_3,/home/gongjae/Projects/resPyre/results/cohface_robust_ossm/aux/of_farneback__robust_ossm_ekf/frame_logs/40_3.npz,40_3.npz,0,1772695630.4880958,pre_epoch_stale
of_farneback__robust_ossm_ekf,4_0,/home/gongjae/Projects/resPyre/results/cohface_robust_ossm/aux/of_farneback__robust_ossm_ekf/frame_logs/4_0.npz,4_0.npz,0,1772693992.4207718,pre_epoch_stale
of_farneback__robust_ossm_ekf,4_1,/home/gongjae/Projects/resPyre/results/cohface_robust_ossm/aux/of_farneback__robust_ossm_ekf/frame_logs/4_1.npz,4_1.npz,0,1772694003.1828146,pre_epoch_stale
of_farneback__robust_ossm_ekf,4_2,/home/gongjae/Projects/resPyre/results/cohface_robust_ossm/aux/of_farneback__robust_ossm_ekf/frame_logs/4_2.npz,4_2.npz,0,1772694013.9698575,pre_epoch_stale
of_farneback__robust_ossm_ekf,4_3,/home/gongjae/Projects/resPyre/results/cohface_robust_ossm/aux/of_farneback__robust_ossm_ekf/frame_logs/4_3.npz,4_3.npz,0,1772694025.0669014,pre_epoch_stale
of_farneback__robust_ossm_ekf,5_0,/home/gongjae/Projects/resPyre/results/cohface_robust_ossm/aux/of_farneback__robust_ossm_ekf/frame_logs/5_0.npz,5_0.npz,0,1772694035.9279444,pre_epoch_stale
of_farneback__robust_ossm_ekf,5_1,/home/gongjae/Projects/resPyre/results/cohface_robust_ossm/aux/of_farneback__robust_ossm_ekf/frame_logs/5_1.npz,5_1.npz,0,1772694046.8689876,pre_epoch_stale
of_farneback__robust_ossm_ekf,5_2,/home/gongjae/Projects/resPyre/results/cohface_robust_ossm/aux/of_farneback__robust_ossm_ekf/frame_logs/5_2.npz,5_2.npz,0,1772694057.6510298,pre_epoch_stale
of_farneback__robust_ossm_ekf,5_3,/home/gongjae/Projects/resPyre/results/cohface_robust_ossm/aux/of_farneback__robust_ossm_ekf/frame_logs/5_3.npz,5_3.npz,0,1772694068.4900725,pre_epoch_stale
of_farneback__robust_ossm_ekf,6_0,/home/gongjae/Projects/resPyre/results/cohface_robust_ossm/aux/of_farneback__robust_ossm_ekf/frame_logs/6_0.npz,6_0.npz,0,1772694079.3661149,pre_epoch_stale
of_farneback__robust_ossm_ekf,6_1,/home/gongjae/Projects/resPyre/results/cohface_robust_ossm/aux/of_farneback__robust_ossm_ekf/frame_logs/6_1.npz,6_1.npz,0,1772694090.407158,pre_epoch_stale
of_farneback__robust_ossm_ekf,6_2,/home/gongjae/Projects/resPyre/results/cohface_robust_ossm/aux/of_farneback__robust_ossm_ekf/frame_logs/6_2.npz,6_2.npz,0,1772694101.3372004,pre_epoch_stale
of_farneback__robust_ossm_ekf,6_3,/home/gongjae/Projects/resPyre/results/cohface_robust_ossm/aux/of_farneback__robust_ossm_ekf/frame_logs/6_3.npz,6_3.npz,0,1772694112.320243,pre_epoch_stale
of_farneback__robust_ossm_ekf,7_0,/home/gongjae/Projects/resPyre/results/cohface_robust_ossm/aux/of_farneback__robust_ossm_ekf/frame_logs/7_0.npz,7_0.npz,0,1772694123.1902847,pre_epoch_stale
of_farneback__robust_ossm_ekf,7_1,/home/gongjae/Projects/resPyre/results/cohface_robust_ossm/aux/of_farneback__robust_ossm_ekf/frame_logs/7_1.npz,7_1.npz,0,1772694134.0923269,pre_epoch_stale
of_farneback__robust_ossm_ekf,7_2,/home/gongjae/Projects/resPyre/results/cohface_robust_ossm/aux/of_farneback__robust_ossm_ekf/frame_logs/7_2.npz,7_2.npz,0,1772694144.9393685,pre_epoch_stale
of_farneback__robust_ossm_ekf,7_3,/home/gongjae/Projects/resPyre/results/cohface_robust_ossm/aux/of_farneback__robust_ossm_ekf/frame_logs/7_3.npz,7_3.npz,0,1772694155.79941,pre_epoch_stale
of_farneback__robust_ossm_ekf,8_0,/home/gongjae/Projects/resPyre/results/cohface_robust_ossm/aux/of_farneback__robust_ossm_ekf/frame_logs/8_0.npz,8_0.npz,0,1772694166.7904522,pre_epoch_stale
of_farneback__robust_ossm_ekf,8_1,/home/gongjae/Projects/resPyre/results/cohface_robust_ossm/aux/of_farneback__robust_ossm_ekf/frame_logs/8_1.npz,8_1.npz,0,1772694177.6744938,pre_epoch_stale
of_farneback__robust_ossm_ekf,8_2,/home/gongjae/Projects/resPyre/results/cohface_robust_ossm/aux/of_farneback__robust_ossm_ekf/frame_logs/8_2.npz,8_2.npz,0,1772694188.4185345,pre_epoch_stale
of_farneback__robust_ossm_ekf,8_3,/home/gongjae/Projects/resPyre/results/cohface_robust_ossm/aux/of_farneback__robust_ossm_ekf/frame_logs/8_3.npz,8_3.npz,0,1772694199.374576,pre_epoch_stale
of_farneback__robust_ossm_ekf,9_0,/home/gongjae/Projects/resPyre/results/cohface_robust_ossm/aux/of_farneback__robust_ossm_ekf/frame_logs/9_0.npz,9_0.npz,0,1772694210.3606179,pre_epoch_stale
of_farneback__robust_ossm_ekf,9_1,/home/gongjae/Projects/resPyre/results/cohface_robust_ossm/aux/of_farneback__robust_ossm_ekf/frame_logs/9_1.npz,9_1.npz,0,1772694221.6196604,pre_epoch_stale
of_farneback__robust_ossm_ekf,9_2,/home/gongjae/Projects/resPyre/results/cohface_robust_ossm/aux/of_farneback__robust_ossm_ekf/frame_logs/9_2.npz,9_2.npz,0,1772694232.964703,pre_epoch_stale
of_farneback__robust_ossm_ekf,9_3,/home/gongjae/Projects/resPyre/results/cohface_robust_ossm/aux/of_farneback__robust_ossm_ekf/frame_logs/9_3.npz,9_3.npz,0,1772694244.2667456,pre_epoch_stale
profile1d_cubic__robust_ossm_ekf,10_0,/home/gongjae/Projects/resPyre/results/cohface_robust_ossm/aux/profile1d_cubic__robust_ossm_ekf/frame_logs/10_0.npz,10_0.npz,0,1772694263.5168178,pre_epoch_stale
profile1d_cubic__robust_ossm_ekf,10_1,/home/gongjae/Projects/resPyre/results/cohface_robust_ossm/aux/profile1d_cubic__robust_ossm_ekf/frame_logs/10_1.npz,10_1.npz,0,1772694274.6488595,pre_epoch_stale
profile1d_cubic__robust_ossm_ekf,10_2,/home/gongjae/Projects/resPyre/results/cohface_robust_ossm/aux/profile1d_cubic__robust_ossm_ekf/frame_logs/10_2.npz,10_2.npz,0,1772694285.798901,pre_epoch_stale
profile1d_cubic__robust_ossm_ekf,10_3,/home/gongjae/Projects/resPyre/results/cohface_robust_ossm/aux/profile1d_cubic__robust_ossm_ekf/frame_logs/10_3.npz,10_3.npz,0,1772694296.9279425,pre_epoch_stale
profile1d_cubic__robust_ossm_ekf,11_0,/home/gongjae/Projects/resPyre/results/cohface_robust_ossm/aux/profile1d_cubic__robust_ossm_ekf/frame_logs/11_0.npz,11_0.npz,0,1772694308.1269841,pre_epoch_stale
profile1d_cubic__robust_ossm_ekf,11_1,/home/gongjae/Projects/resPyre/results/cohface_robust_ossm/aux/profile1d_cubic__robust_ossm_ekf/frame_logs/11_1.npz,11_1.npz,0,1772694319.667027,pre_epoch_stale
profile1d_cubic__robust_ossm_ekf,11_2,/home/gongjae/Projects/resPyre/results/cohface_robust_ossm/aux/profile1d_cubic__robust_ossm_ekf/frame_logs/11_2.npz,11_2.npz,0,1772694330.9090686,pre_epoch_stale
profile1d_cubic__robust_ossm_ekf,11_3,/home/gongjae/Projects/resPyre/results/cohface_robust_ossm/aux/profile1d_cubic__robust_ossm_ekf/frame_logs/11_3.npz,11_3.npz,0,1772694341.9181092,pre_epoch_stale
profile1d_cubic__robust_ossm_ekf,12_0,/home/gongjae/Projects/resPyre/results/cohface_robust_ossm/aux/profile1d_cubic__robust_ossm_ekf/frame_logs/12_0.npz,12_0.npz,0,1772694356.1621618,pre_epoch_stale
profile1d_cubic__robust_ossm_ekf,12_1,/home/gongjae/Projects/resPyre/results/cohface_robust_ossm/aux/profile1d_cubic__robust_ossm_ekf/frame_logs/12_1.npz,12_1.npz,0,1772694367.357203,pre_epoch_stale
profile1d_cubic__robust_ossm_ekf,12_2,/home/gongjae/Projects/resPyre/results/cohface_robust_ossm/aux/profile1d_cubic__robust_ossm_ekf/frame_logs/12_2.npz,12_2.npz,0,1772694379.077246,pre_epoch_stale
profile1d_cubic__robust_ossm_ekf,12_3,/home/gongjae/Projects/resPyre/results/cohface_robust_ossm/aux/profile1d_cubic__robust_ossm_ekf/frame_logs/12_3.npz,12_3.npz,0,1772694390.264287,pre_epoch_stale
profile1d_cubic__robust_ossm_ekf,13_0,/home/gongjae/Projects/resPyre/results/cohface_robust_ossm/aux/profile1d_cubic__robust_ossm_ekf/frame_logs/13_0.npz,13_0.npz,0,1772694401.3653276,pre_epoch_stale
profile1d_cubic__robust_ossm_ekf,13_1,/home/gongjae/Projects/resPyre/results/cohface_robust_ossm/aux/profile1d_cubic__robust_ossm_ekf/frame_logs/13_1.npz,13_1.npz,0,1772694412.6323688,pre_epoch_stale
profile1d_cubic__robust_ossm_ekf,13_2,/home/gongjae/Projects/resPyre/results/cohface_robust_ossm/aux/profile1d_cubic__robust_ossm_ekf/frame_logs/13_2.npz,13_2.npz,0,1772694423.93441,pre_epoch_stale
profile1d_cubic__robust_ossm_ekf,13_3,/home/gongjae/Projects/resPyre/results/cohface_robust_ossm/aux/profile1d_cubic__robust_ossm_ekf/frame_logs/13_3.npz,13_3.npz,0,1772694435.0874507,pre_epoch_stale
profile1d_cubic__robust_ossm_ekf,14_0,/home/gongjae/Projects/resPyre/results/cohface_robust_ossm/aux/profile1d_cubic__robust_ossm_ekf/frame_logs/14_0.npz,14_0.npz,0,1772694446.3514917,pre_epoch_stale
profile1d_cubic__robust_ossm_ekf,14_1,/home/gongjae/Projects/resPyre/results/cohface_robust_ossm/aux/profile1d_cubic__robust_ossm_ekf/frame_logs/14_1.npz,14_1.npz,0,1772694457.705533,pre_epoch_stale
profile1d_cubic__robust_ossm_ekf,14_2,/home/gongjae/Projects/resPyre/results/cohface_robust_ossm/aux/profile1d_cubic__robust_ossm_ekf/frame_logs/14_2.npz,14_2.npz,0,1772694469.1575744,pre_epoch_stale
profile1d_cubic__robust_ossm_ekf,14_3,/home/gongjae/Projects/resPyre/results/cohface_robust_ossm/aux/profile1d_cubic__robust_ossm_ekf/frame_logs/14_3.npz,14_3.npz,0,1772694480.4146154,pre_epoch_stale
profile1d_cubic__robust_ossm_ekf,15_0,/home/gongjae/Projects/resPyre/results/cohface_robust_ossm/aux/profile1d_cubic__robust_ossm_ekf/frame_logs/15_0.npz,15_0.npz,0,1772694492.2656581,pre_epoch_stale
profile1d_cubic__robust_ossm_ekf,15_1,/home/gongjae/Projects/resPyre/results/cohface_robust_ossm/aux/profile1d_cubic__robust_ossm_ekf/frame_logs/15_1.npz,15_1.npz,0,1772694503.5006988,pre_epoch_stale
profile1d_cubic__robust_ossm_ekf,15_2,/home/gongjae/Projects/resPyre/results/cohface_robust_ossm/aux/profile1d_cubic__robust_ossm_ekf/frame_logs/15_2.npz,15_2.npz,0,1772694514.7137392,pre_epoch_stale
profile1d_cubic__robust_ossm_ekf,15_3,/home/gongjae/Projects/resPyre/results/cohface_robust_ossm/aux/profile1d_cubic__robust_ossm_ekf/frame_logs/15_3.npz,15_3.npz,0,1772694526.0087798,pre_epoch_stale
profile1d_cubic__robust_ossm_ekf,16_0,/home/gongjae/Projects/resPyre/results/cohface_robust_ossm/aux/profile1d_cubic__robust_ossm_ekf/frame_logs/16_0.npz,16_0.npz,0,1772694537.1758199,pre_epoch_stale
profile1d_cubic__robust_ossm_ekf,16_1,/home/gongjae/Projects/resPyre/results/cohface_robust_ossm/aux/profile1d_cubic__robust_ossm_ekf/frame_logs/16_1.npz,16_1.npz,0,1772694548.3808603,pre_epoch_stale
profile1d_cubic__robust_ossm_ekf,16_2,/home/gongjae/Projects/resPyre/results/cohface_robust_ossm/aux/profile1d_cubic__robust_ossm_ekf/frame_logs/16_2.npz,16_2.npz,0,1772694559.5769005,pre_epoch_stale
profile1d_cubic__robust_ossm_ekf,16_3,/home/gongjae/Projects/resPyre/results/cohface_robust_ossm/aux/profile1d_cubic__robust_ossm_ekf/frame_logs/16_3.npz,16_3.npz,0,1772694570.66494,pre_epoch_stale
profile1d_cubic__robust_ossm_ekf,17_0,/home/gongjae/Projects/resPyre/results/cohface_robust_ossm/aux/profile1d_cubic__robust_ossm_ekf/frame_logs/17_0.npz,17_0.npz,0,1772694581.8679802,pre_epoch_stale
profile1d_cubic__robust_ossm_ekf,17_1,/home/gongjae/Projects/resPyre/results/cohface_robust_ossm/aux/profile1d_cubic__robust_ossm_ekf/frame_logs/17_1.npz,17_1.npz,0,1772694592.9130197,pre_epoch_stale
profile1d_cubic__robust_ossm_ekf,17_2,/home/gongjae/Projects/resPyre/results/cohface_robust_ossm/aux/profile1d_cubic__robust_ossm_ekf/frame_logs/17_2.npz,17_2.npz,0,1772694603.7440584,pre_epoch_stale
profile1d_cubic__robust_ossm_ekf,17_3,/home/gongjae/Projects/resPyre/results/cohface_robust_ossm/aux/profile1d_cubic__robust_ossm_ekf/frame_logs/17_3.npz,17_3.npz,0,1772694614.829098,pre_epoch_stale
profile1d_cubic__robust_ossm_ekf,18_0,/home/gongjae/Projects/resPyre/results/cohface_robust_ossm/aux/profile1d_cubic__robust_ossm_ekf/frame_logs/18_0.npz,18_0.npz,0,1772694626.1591382,pre_epoch_stale
profile1d_cubic__robust_ossm_ekf,18_1,/home/gongjae/Projects/resPyre/results/cohface_robust_ossm/aux/profile1d_cubic__robust_ossm_ekf/frame_logs/18_1.npz,18_1.npz,0,1772694637.363178,pre_epoch_stale
profile1d_cubic__robust_ossm_ekf,18_2,/home/gongjae/Projects/resPyre/results/cohface_robust_ossm/aux/profile1d_cubic__robust_ossm_ekf/frame_logs/18_2.npz,18_2.npz,0,1772694648.257217,pre_epoch_stale
profile1d_cubic__robust_ossm_ekf,18_3,/home/gongjae/Projects/resPyre/results/cohface_robust_ossm/aux/profile1d_cubic__robust_ossm_ekf/frame_logs/18_3.npz,18_3.npz,0,1772694659.605257,pre_epoch_stale
profile1d_cubic__robust_ossm_ekf,19_0,/home/gongjae/Projects/resPyre/results/cohface_robust_ossm/aux/profile1d_cubic__robust_ossm_ekf/frame_logs/19_0.npz,19_0.npz,0,1772694670.553296,pre_epoch_stale
profile1d_cubic__robust_ossm_ekf,19_1,/home/gongjae/Projects/resPyre/results/cohface_robust_ossm/aux/profile1d_cubic__robust_ossm_ekf/frame_logs/19_1.npz,19_1.npz,0,1772694681.5223348,pre_epoch_stale
profile1d_cubic__robust_ossm_ekf,19_2,/home/gongjae/Projects/resPyre/results/cohface_robust_ossm/aux/profile1d_cubic__robust_ossm_ekf/frame_logs/19_2.npz,19_2.npz,0,1772694692.5173738,pre_epoch_stale
profile1d_cubic__robust_ossm_ekf,19_3,/home/gongjae/Projects/resPyre/results/cohface_robust_ossm/aux/profile1d_cubic__robust_ossm_ekf/frame_logs/19_3.npz,19_3.npz,0,1772694703.4984126,pre_epoch_stale
profile1d_cubic__robust_ossm_ekf,1_0,/home/gongjae/Projects/resPyre/results/cohface_robust_ossm/aux/profile1d_cubic__robust_ossm_ekf/frame_logs/1_0.npz,1_0.npz,0,1772693867.9992645,pre_epoch_stale
profile1d_cubic__robust_ossm_ekf,1_1,/home/gongjae/Projects/resPyre/results/cohface_robust_ossm/aux/profile1d_cubic__robust_ossm_ekf/frame_logs/1_1.npz,1_1.npz,0,1772693879.0123103,pre_epoch_stale
profile1d_cubic__robust_ossm_ekf,1_2,/home/gongjae/Projects/resPyre/results/cohface_robust_ossm/aux/profile1d_cubic__robust_ossm_ekf/frame_logs/1_2.npz,1_2.npz,0,1772693890.0413558,pre_epoch_stale
profile1d_cubic__robust_ossm_ekf,1_3,/home/gongjae/Projects/resPyre/results/cohface_robust_ossm/aux/profile1d_cubic__robust_ossm_ekf/frame_logs/1_3.npz,1_3.npz,0,1772693901.1164017,pre_epoch_stale
profile1d_cubic__robust_ossm_ekf,20_0,/home/gongjae/Projects/resPyre/results/cohface_robust_ossm/aux/profile1d_cubic__robust_ossm_ekf/frame_logs/20_0.npz,20_0.npz,0,1772694714.4864514,pre_epoch_stale
profile1d_cubic__robust_ossm_ekf,20_1,/home/gongjae/Projects/resPyre/results/cohface_robust_ossm/aux/profile1d_cubic__robust_ossm_ekf/frame_logs/20_1.npz,20_1.npz,0,1772694725.39149,pre_epoch_stale
profile1d_cubic__robust_ossm_ekf,20_2,/home/gongjae/Projects/resPyre/results/cohface_robust_ossm/aux/profile1d_cubic__robust_ossm_ekf/frame_logs/20_2.npz,20_2.npz,0,1772694736.3175285,pre_epoch_stale
profile1d_cubic__robust_ossm_ekf,20_3,/home/gongjae/Projects/resPyre/results/cohface_robust_ossm/aux/profile1d_cubic__robust_ossm_ekf/frame_logs/20_3.npz,20_3.npz,0,1772694747.3215673,pre_epoch_stale
profile1d_cubic__robust_ossm_ekf,21_0,/home/gongjae/Projects/resPyre/results/cohface_robust_ossm/aux/profile1d_cubic__robust_ossm_ekf/frame_logs/21_0.npz,21_0.npz,0,1772694758.1646054,pre_epoch_stale
profile1d_cubic__robust_ossm_ekf,21_1,/home/gongjae/Projects/resPyre/results/cohface_robust_ossm/aux/profile1d_cubic__robust_ossm_ekf/frame_logs/21_1.npz,21_1.npz,0,1772694769.1126328,pre_epoch_stale
profile1d_cubic__robust_ossm_ekf,21_2,/home/gongjae/Projects/resPyre/results/cohface_robust_ossm/aux/profile1d_cubic__robust_ossm_ekf/frame_logs/21_2.npz,21_2.npz,0,1772694780.0696592,pre_epoch_stale
profile1d_cubic__robust_ossm_ekf,21_3,/home/gongjae/Projects/resPyre/results/cohface_robust_ossm/aux/profile1d_cubic__robust_ossm_ekf/frame_logs/21_3.npz,21_3.npz,0,1772694791.0666862,pre_epoch_stale
profile1d_cubic__robust_ossm_ekf,22_0,/home/gongjae/Projects/resPyre/results/cohface_robust_ossm/aux/profile1d_cubic__robust_ossm_ekf/frame_logs/22_0.npz,22_0.npz,0,1772694802.0127132,pre_epoch_stale
profile1d_cubic__robust_ossm_ekf,22_1,/home/gongjae/Projects/resPyre/results/cohface_robust_ossm/aux/profile1d_cubic__robust_ossm_ekf/frame_logs/22_1.npz,22_1.npz,0,1772694812.81374,pre_epoch_stale
profile1d_cubic__robust_ossm_ekf,22_2,/home/gongjae/Projects/resPyre/results/cohface_robust_ossm/aux/profile1d_cubic__robust_ossm_ekf/frame_logs/22_2.npz,22_2.npz,0,1772694823.8807676,pre_epoch_stale
profile1d_cubic__robust_ossm_ekf,22_3,/home/gongjae/Projects/resPyre/results/cohface_robust_ossm/aux/profile1d_cubic__robust_ossm_ekf/frame_logs/22_3.npz,22_3.npz,0,1772694834.7587948,pre_epoch_stale
profile1d_cubic__robust_ossm_ekf,23_0,/home/gongjae/Projects/resPyre/results/cohface_robust_ossm/aux/profile1d_cubic__robust_ossm_ekf/frame_logs/23_0.npz,23_0.npz,0,1772694845.6728225,pre_epoch_stale
profile1d_cubic__robust_ossm_ekf,23_1,/home/gongjae/Projects/resPyre/results/cohface_robust_ossm/aux/profile1d_cubic__robust_ossm_ekf/frame_logs/23_1.npz,23_1.npz,0,1772694856.5658503,pre_epoch_stale
profile1d_cubic__robust_ossm_ekf,23_2,/home/gongjae/Projects/resPyre/results/cohface_robust_ossm/aux/profile1d_cubic__robust_ossm_ekf/frame_logs/23_2.npz,23_2.npz,0,1772694867.5308783,pre_epoch_stale
profile1d_cubic__robust_ossm_ekf,23_3,/home/gongjae/Projects/resPyre/results/cohface_robust_ossm/aux/profile1d_cubic__robust_ossm_ekf/frame_logs/23_3.npz,23_3.npz,0,1772694878.3849063,pre_epoch_stale
profile1d_cubic__robust_ossm_ekf,24_0,/home/gongjae/Projects/resPyre/results/cohface_robust_ossm/aux/profile1d_cubic__robust_ossm_ekf/frame_logs/24_0.npz,24_0.npz,0,1772694889.3309345,pre_epoch_stale
profile1d_cubic__robust_ossm_ekf,24_1,/home/gongjae/Projects/resPyre/results/cohface_robust_ossm/aux/profile1d_cubic__robust_ossm_ekf/frame_logs/24_1.npz,24_1.npz,0,1772694900.3429632,pre_epoch_stale
profile1d_cubic__robust_ossm_ekf,24_2,/home/gongjae/Projects/resPyre/results/cohface_robust_ossm/aux/profile1d_cubic__robust_ossm_ekf/frame_logs/24_2.npz,24_2.npz,0,1772694911.3869922,pre_epoch_stale
profile1d_cubic__robust_ossm_ekf,24_3,/home/gongjae/Projects/resPyre/results/cohface_robust_ossm/aux/profile1d_cubic__robust_ossm_ekf/frame_logs/24_3.npz,24_3.npz,0,1772694922.3050208,pre_epoch_stale
profile1d_cubic__robust_ossm_ekf,25_0,/home/gongjae/Projects/resPyre/results/cohface_robust_ossm/aux/profile1d_cubic__robust_ossm_ekf/frame_logs/25_0.npz,25_0.npz,0,1772694933.6090508,pre_epoch_stale
profile1d_cubic__robust_ossm_ekf,25_1,/home/gongjae/Projects/resPyre/results/cohface_robust_ossm/aux/profile1d_cubic__robust_ossm_ekf/frame_logs/25_1.npz,25_1.npz,0,1772694944.7850804,pre_epoch_stale
profile1d_cubic__robust_ossm_ekf,25_2,/home/gongjae/Projects/resPyre/results/cohface_robust_ossm/aux/profile1d_cubic__robust_ossm_ekf/frame_logs/25_2.npz,25_2.npz,0,1772694956.0621107,pre_epoch_stale
profile1d_cubic__robust_ossm_ekf,25_3,/home/gongjae/Projects/resPyre/results/cohface_robust_ossm/aux/profile1d_cubic__robust_ossm_ekf/frame_logs/25_3.npz,25_3.npz,0,1772694967.2421408,pre_epoch_stale
profile1d_cubic__robust_ossm_ekf,26_0,/home/gongjae/Projects/resPyre/results/cohface_robust_ossm/aux/profile1d_cubic__robust_ossm_ekf/frame_logs/26_0.npz,26_0.npz,0,1772694978.3601706,pre_epoch_stale
profile1d_cubic__robust_ossm_ekf,26_1,/home/gongjae/Projects/resPyre/results/cohface_robust_ossm/aux/profile1d_cubic__robust_ossm_ekf/frame_logs/26_1.npz,26_1.npz,0,1772694989.6322012,pre_epoch_stale
profile1d_cubic__robust_ossm_ekf,26_2,/home/gongjae/Projects/resPyre/results/cohface_robust_ossm/aux/profile1d_cubic__robust_ossm_ekf/frame_logs/26_2.npz,26_2.npz,0,1772695000.919232,pre_epoch_stale
profile1d_cubic__robust_ossm_ekf,26_3,/home/gongjae/Projects/resPyre/results/cohface_robust_ossm/aux/profile1d_cubic__robust_ossm_ekf/frame_logs/26_3.npz,26_3.npz,0,1772695011.9492621,pre_epoch_stale
profile1d_cubic__robust_ossm_ekf,27_0,/home/gongjae/Projects/resPyre/results/cohface_robust_ossm/aux/profile1d_cubic__robust_ossm_ekf/frame_logs/27_0.npz,27_0.npz,0,1772695023.0632927,pre_epoch_stale
profile1d_cubic__robust_ossm_ekf,27_1,/home/gongjae/Projects/resPyre/results/cohface_robust_ossm/aux/profile1d_cubic__robust_ossm_ekf/frame_logs/27_1.npz,27_1.npz,0,1772695034.3503237,pre_epoch_stale
profile1d_cubic__robust_ossm_ekf,27_2,/home/gongjae/Projects/resPyre/results/cohface_robust_ossm/aux/profile1d_cubic__robust_ossm_ekf/frame_logs/27_2.npz,27_2.npz,0,1772695045.7593553,pre_epoch_stale
profile1d_cubic__robust_ossm_ekf,27_3,/home/gongjae/Projects/resPyre/results/cohface_robust_ossm/aux/profile1d_cubic__robust_ossm_ekf/frame_logs/27_3.npz,27_3.npz,0,1772695057.0513868,pre_epoch_stale
profile1d_cubic__robust_ossm_ekf,28_0,/home/gongjae/Projects/resPyre/results/cohface_robust_ossm/aux/profile1d_cubic__robust_ossm_ekf/frame_logs/28_0.npz,28_0.npz,0,1772695068.4424186,pre_epoch_stale
profile1d_cubic__robust_ossm_ekf,28_1,/home/gongjae/Projects/resPyre/results/cohface_robust_ossm/aux/profile1d_cubic__robust_ossm_ekf/frame_logs/28_1.npz,28_1.npz,0,1772695079.5784497,pre_epoch_stale
profile1d_cubic__robust_ossm_ekf,28_2,/home/gongjae/Projects/resPyre/results/cohface_robust_ossm/aux/profile1d_cubic__robust_ossm_ekf/frame_logs/28_2.npz,28_2.npz,0,1772695090.9634817,pre_epoch_stale
profile1d_cubic__robust_ossm_ekf,28_3,/home/gongjae/Projects/resPyre/results/cohface_robust_ossm/aux/profile1d_cubic__robust_ossm_ekf/frame_logs/28_3.npz,28_3.npz,0,1772695102.2485137,pre_epoch_stale
profile1d_cubic__robust_ossm_ekf,29_0,/home/gongjae/Projects/resPyre/results/cohface_robust_ossm/aux/profile1d_cubic__robust_ossm_ekf/frame_logs/29_0.npz,29_0.npz,0,1772695122.07757,pre_epoch_stale
profile1d_cubic__robust_ossm_ekf,29_1,/home/gongjae/Projects/resPyre/results/cohface_robust_ossm/aux/profile1d_cubic__robust_ossm_ekf/frame_logs/29_1.npz,29_1.npz,0,1772695133.327602,pre_epoch_stale
profile1d_cubic__robust_ossm_ekf,29_2,/home/gongjae/Projects/resPyre/results/cohface_robust_ossm/aux/profile1d_cubic__robust_ossm_ekf/frame_logs/29_2.npz,29_2.npz,0,1772695144.6576343,pre_epoch_stale
profile1d_cubic__robust_ossm_ekf,29_3,/home/gongjae/Projects/resPyre/results/cohface_robust_ossm/aux/profile1d_cubic__robust_ossm_ekf/frame_logs/29_3.npz,29_3.npz,0,1772695156.7326689,pre_epoch_stale
profile1d_cubic__robust_ossm_ekf,2_0,/home/gongjae/Projects/resPyre/results/cohface_robust_ossm/aux/profile1d_cubic__robust_ossm_ekf/frame_logs/2_0.npz,2_0.npz,0,1772693912.2744474,pre_epoch_stale
profile1d_cubic__robust_ossm_ekf,2_1,/home/gongjae/Projects/resPyre/results/cohface_robust_ossm/aux/profile1d_cubic__robust_ossm_ekf/frame_logs/2_1.npz,2_1.npz,0,1772693923.3124926,pre_epoch_stale
profile1d_cubic__robust_ossm_ekf,2_2,/home/gongjae/Projects/resPyre/results/cohface_robust_ossm/aux/profile1d_cubic__robust_ossm_ekf/frame_logs/2_2.npz,2_2.npz,0,1772693934.3655376,pre_epoch_stale
profile1d_cubic__robust_ossm_ekf,2_3,/home/gongjae/Projects/resPyre/results/cohface_robust_ossm/aux/profile1d_cubic__robust_ossm_ekf/frame_logs/2_3.npz,2_3.npz,0,1772693945.296582,pre_epoch_stale
profile1d_cubic__robust_ossm_ekf,30_0,/home/gongjae/Projects/resPyre/results/cohface_robust_ossm/aux/profile1d_cubic__robust_ossm_ekf/frame_logs/30_0.npz,30_0.npz,0,1772695167.965701,pre_epoch_stale
profile1d_cubic__robust_ossm_ekf,30_1,/home/gongjae/Projects/resPyre/results/cohface_robust_ossm/aux/profile1d_cubic__robust_ossm_ekf/frame_logs/30_1.npz,30_1.npz,0,1772695179.027733,pre_epoch_stale
profile1d_cubic__robust_ossm_ekf,30_2,/home/gongjae/Projects/resPyre/results/cohface_robust_ossm/aux/profile1d_cubic__robust_ossm_ekf/frame_logs/30_2.npz,30_2.npz,0,1772695190.2887657,pre_epoch_stale
profile1d_cubic__robust_ossm_ekf,30_3,/home/gongjae/Projects/resPyre/results/cohface_robust_ossm/aux/profile1d_cubic__robust_ossm_ekf/frame_logs/30_3.npz,30_3.npz,0,1772695201.3847978,pre_epoch_stale
profile1d_cubic__robust_ossm_ekf,31_0,/home/gongjae/Projects/resPyre/results/cohface_robust_ossm/aux/profile1d_cubic__robust_ossm_ekf/frame_logs/31_0.npz,31_0.npz,0,1772695212.6168306,pre_epoch_stale
profile1d_cubic__robust_ossm_ekf,31_1,/home/gongjae/Projects/resPyre/results/cohface_robust_ossm/aux/profile1d_cubic__robust_ossm_ekf/frame_logs/31_1.npz,31_1.npz,0,1772695223.8288634,pre_epoch_stale
profile1d_cubic__robust_ossm_ekf,31_2,/home/gongjae/Projects/resPyre/results/cohface_robust_ossm/aux/profile1d_cubic__robust_ossm_ekf/frame_logs/31_2.npz,31_2.npz,0,1772695235.2128966,pre_epoch_stale
profile1d_cubic__robust_ossm_ekf,31_3,/home/gongjae/Projects/resPyre/results/cohface_robust_ossm/aux/profile1d_cubic__robust_ossm_ekf/frame_logs/31_3.npz,31_3.npz,0,1772695246.5209298,pre_epoch_stale
profile1d_cubic__robust_ossm_ekf,32_0,/home/gongjae/Projects/resPyre/results/cohface_robust_ossm/aux/profile1d_cubic__robust_ossm_ekf/frame_logs/32_0.npz,32_0.npz,0,1772695257.6409624,pre_epoch_stale
profile1d_cubic__robust_ossm_ekf,32_1,/home/gongjae/Projects/resPyre/results/cohface_robust_ossm/aux/profile1d_cubic__robust_ossm_ekf/frame_logs/32_1.npz,32_1.npz,0,1772695268.5359945,pre_epoch_stale
profile1d_cubic__robust_ossm_ekf,32_2,/home/gongjae/Projects/resPyre/results/cohface_robust_ossm/aux/profile1d_cubic__robust_ossm_ekf/frame_logs/32_2.npz,32_2.npz,0,1772695279.7510278,pre_epoch_stale
profile1d_cubic__robust_ossm_ekf,32_3,/home/gongjae/Projects/resPyre/results/cohface_robust_ossm/aux/profile1d_cubic__robust_ossm_ekf/frame_logs/32_3.npz,32_3.npz,0,1772695290.969061,pre_epoch_stale
profile1d_cubic__robust_ossm_ekf,33_0,/home/gongjae/Projects/resPyre/results/cohface_robust_ossm/aux/profile1d_cubic__robust_ossm_ekf/frame_logs/33_0.npz,33_0.npz,0,1772695301.9270935,pre_epoch_stale
profile1d_cubic__robust_ossm_ekf,33_1,/home/gongjae/Projects/resPyre/results/cohface_robust_ossm/aux/profile1d_cubic__robust_ossm_ekf/frame_logs/33_1.npz,33_1.npz,0,1772695313.173127,pre_epoch_stale
profile1d_cubic__robust_ossm_ekf,33_2,/home/gongjae/Projects/resPyre/results/cohface_robust_ossm/aux/profile1d_cubic__robust_ossm_ekf/frame_logs/33_2.npz,33_2.npz,0,1772695324.3991604,pre_epoch_stale
profile1d_cubic__robust_ossm_ekf,33_3,/home/gongjae/Projects/resPyre/results/cohface_robust_ossm/aux/profile1d_cubic__robust_ossm_ekf/frame_logs/33_3.npz,33_3.npz,0,1772695335.4241934,pre_epoch_stale
profile1d_cubic__robust_ossm_ekf,34_0,/home/gongjae/Projects/resPyre/results/cohface_robust_ossm/aux/profile1d_cubic__robust_ossm_ekf/frame_logs/34_0.npz,34_0.npz,0,1772695346.5432267,pre_epoch_stale
profile1d_cubic__robust_ossm_ekf,34_1,/home/gongjae/Projects/resPyre/results/cohface_robust_ossm/aux/profile1d_cubic__robust_ossm_ekf/frame_logs/34_1.npz,34_1.npz,0,1772695357.8232605,pre_epoch_stale
profile1d_cubic__robust_ossm_ekf,34_2,/home/gongjae/Projects/resPyre/results/cohface_robust_ossm/aux/profile1d_cubic__robust_ossm_ekf/frame_logs/34_2.npz,34_2.npz,0,1772695368.8372936,pre_epoch_stale
profile1d_cubic__robust_ossm_ekf,34_3,/home/gongjae/Projects/resPyre/results/cohface_robust_ossm/aux/profile1d_cubic__robust_ossm_ekf/frame_logs/34_3.npz,34_3.npz,0,1772695379.914327,pre_epoch_stale
profile1d_cubic__robust_ossm_ekf,35_0,/home/gongjae/Projects/resPyre/results/cohface_robust_ossm/aux/profile1d_cubic__robust_ossm_ekf/frame_logs/35_0.npz,35_0.npz,0,1772695391.0043604,pre_epoch_stale
profile1d_cubic__robust_ossm_ekf,35_1,/home/gongjae/Projects/resPyre/results/cohface_robust_ossm/aux/profile1d_cubic__robust_ossm_ekf/frame_logs/35_1.npz,35_1.npz,0,1772695401.9583936,pre_epoch_stale
profile1d_cubic__robust_ossm_ekf,35_2,/home/gongjae/Projects/resPyre/results/cohface_robust_ossm/aux/profile1d_cubic__robust_ossm_ekf/frame_logs/35_2.npz,35_2.npz,0,1772695413.1684275,pre_epoch_stale
profile1d_cubic__robust_ossm_ekf,35_3,/home/gongjae/Projects/resPyre/results/cohface_robust_ossm/aux/profile1d_cubic__robust_ossm_ekf/frame_logs/35_3.npz,35_3.npz,0,1772695424.4424617,pre_epoch_stale
profile1d_cubic__robust_ossm_ekf,36_0,/home/gongjae/Projects/resPyre/results/cohface_robust_ossm/aux/profile1d_cubic__robust_ossm_ekf/frame_logs/36_0.npz,36_0.npz,0,1772695435.6784956,pre_epoch_stale
profile1d_cubic__robust_ossm_ekf,36_1,/home/gongjae/Projects/resPyre/results/cohface_robust_ossm/aux/profile1d_cubic__robust_ossm_ekf/frame_logs/36_1.npz,36_1.npz,0,1772695446.6245291,pre_epoch_stale
profile1d_cubic__robust_ossm_ekf,36_2,/home/gongjae/Projects/resPyre/results/cohface_robust_ossm/aux/profile1d_cubic__robust_ossm_ekf/frame_logs/36_2.npz,36_2.npz,0,1772695457.9235635,pre_epoch_stale
profile1d_cubic__robust_ossm_ekf,36_3,/home/gongjae/Projects/resPyre/results/cohface_robust_ossm/aux/profile1d_cubic__robust_ossm_ekf/frame_logs/36_3.npz,36_3.npz,0,1772695469.1365976,pre_epoch_stale
profile1d_cubic__robust_ossm_ekf,37_0,/home/gongjae/Projects/resPyre/results/cohface_robust_ossm/aux/profile1d_cubic__robust_ossm_ekf/frame_logs/37_0.npz,37_0.npz,0,1772695480.0426311,pre_epoch_stale
profile1d_cubic__robust_ossm_ekf,37_1,/home/gongjae/Projects/resPyre/results/cohface_robust_ossm/aux/profile1d_cubic__robust_ossm_ekf/frame_logs/37_1.npz,37_1.npz,0,1772695491.0006647,pre_epoch_stale
profile1d_cubic__robust_ossm_ekf,37_2,/home/gongjae/Projects/resPyre/results/cohface_robust_ossm/aux/profile1d_cubic__robust_ossm_ekf/frame_logs/37_2.npz,37_2.npz,0,1772695502.1776989,pre_epoch_stale
profile1d_cubic__robust_ossm_ekf,37_3,/home/gongjae/Projects/resPyre/results/cohface_robust_ossm/aux/profile1d_cubic__robust_ossm_ekf/frame_logs/37_3.npz,37_3.npz,0,1772695512.8397317,pre_epoch_stale
profile1d_cubic__robust_ossm_ekf,38_0,/home/gongjae/Projects/resPyre/results/cohface_robust_ossm/aux/profile1d_cubic__robust_ossm_ekf/frame_logs/38_0.npz,38_0.npz,0,1772695523.2407637,pre_epoch_stale
profile1d_cubic__robust_ossm_ekf,38_1,/home/gongjae/Projects/resPyre/results/cohface_robust_ossm/aux/profile1d_cubic__robust_ossm_ekf/frame_logs/38_1.npz,38_1.npz,0,1772695533.6187956,pre_epoch_stale
profile1d_cubic__robust_ossm_ekf,38_2,/home/gongjae/Projects/resPyre/results/cohface_robust_ossm/aux/profile1d_cubic__robust_ossm_ekf/frame_logs/38_2.npz,38_2.npz,0,1772695543.7038267,pre_epoch_stale
profile1d_cubic__robust_ossm_ekf,38_3,/home/gongjae/Projects/resPyre/results/cohface_robust_ossm/aux/profile1d_cubic__robust_ossm_ekf/frame_logs/38_3.npz,38_3.npz,0,1772695554.0628588,pre_epoch_stale
profile1d_cubic__robust_ossm_ekf,39_0,/home/gongjae/Projects/resPyre/results/cohface_robust_ossm/aux/profile1d_cubic__robust_ossm_ekf/frame_logs/39_0.npz,39_0.npz,0,1772695564.561891,pre_epoch_stale
profile1d_cubic__robust_ossm_ekf,39_1,/home/gongjae/Projects/resPyre/results/cohface_robust_ossm/aux/profile1d_cubic__robust_ossm_ekf/frame_logs/39_1.npz,39_1.npz,0,1772695575.0539236,pre_epoch_stale
profile1d_cubic__robust_ossm_ekf,39_2,/home/gongjae/Projects/resPyre/results/cohface_robust_ossm/aux/profile1d_cubic__robust_ossm_ekf/frame_logs/39_2.npz,39_2.npz,0,1772695585.514956,pre_epoch_stale
profile1d_cubic__robust_ossm_ekf,39_3,/home/gongjae/Projects/resPyre/results/cohface_robust_ossm/aux/profile1d_cubic__robust_ossm_ekf/frame_logs/39_3.npz,39_3.npz,0,1772695596.2219892,pre_epoch_stale
profile1d_cubic__robust_ossm_ekf,3_0,/home/gongjae/Projects/resPyre/results/cohface_robust_ossm/aux/profile1d_cubic__robust_ossm_ekf/frame_logs/3_0.npz,3_0.npz,0,1772693956.2546265,pre_epoch_stale
profile1d_cubic__robust_ossm_ekf,3_1,/home/gongjae/Projects/resPyre/results/cohface_robust_ossm/aux/profile1d_cubic__robust_ossm_ekf/frame_logs/3_1.npz,3_1.npz,0,1772693967.2406707,pre_epoch_stale
profile1d_cubic__robust_ossm_ekf,3_2,/home/gongjae/Projects/resPyre/results/cohface_robust_ossm/aux/profile1d_cubic__robust_ossm_ekf/frame_logs/3_2.npz,3_2.npz,0,1772693978.1857147,pre_epoch_stale
profile1d_cubic__robust_ossm_ekf,3_3,/home/gongjae/Projects/resPyre/results/cohface_robust_ossm/aux/profile1d_cubic__robust_ossm_ekf/frame_logs/3_3.npz,3_3.npz,0,1772693989.1747587,pre_epoch_stale
profile1d_cubic__robust_ossm_ekf,40_0,/home/gongjae/Projects/resPyre/results/cohface_robust_ossm/aux/profile1d_cubic__robust_ossm_ekf/frame_logs/40_0.npz,40_0.npz,0,1772695606.8060222,pre_epoch_stale
profile1d_cubic__robust_ossm_ekf,40_1,/home/gongjae/Projects/resPyre/results/cohface_robust_ossm/aux/profile1d_cubic__robust_ossm_ekf/frame_logs/40_1.npz,40_1.npz,0,1772695617.1380541,pre_epoch_stale
profile1d_cubic__robust_ossm_ekf,40_2,/home/gongjae/Projects/resPyre/results/cohface_robust_ossm/aux/profile1d_cubic__robust_ossm_ekf/frame_logs/40_2.npz,40_2.npz,0,1772695627.3900862,pre_epoch_stale
profile1d_cubic__robust_ossm_ekf,40_3,/home/gongjae/Projects/resPyre/results/cohface_robust_ossm/aux/profile1d_cubic__robust_ossm_ekf/frame_logs/40_3.npz,40_3.npz,0,1772695637.7581184,pre_epoch_stale
profile1d_cubic__robust_ossm_ekf,4_0,/home/gongjae/Projects/resPyre/results/cohface_robust_ossm/aux/profile1d_cubic__robust_ossm_ekf/frame_logs/4_0.npz,4_0.npz,0,1772694000.004802,pre_epoch_stale
profile1d_cubic__robust_ossm_ekf,4_1,/home/gongjae/Projects/resPyre/results/cohface_robust_ossm/aux/profile1d_cubic__robust_ossm_ekf/frame_logs/4_1.npz,4_1.npz,0,1772694010.7098446,pre_epoch_stale
profile1d_cubic__robust_ossm_ekf,4_2,/home/gongjae/Projects/resPyre/results/cohface_robust_ossm/aux/profile1d_cubic__robust_ossm_ekf/frame_logs/4_2.npz,4_2.npz,0,1772694021.6928883,pre_epoch_stale
profile1d_cubic__robust_ossm_ekf,4_3,/home/gongjae/Projects/resPyre/results/cohface_robust_ossm/aux/profile1d_cubic__robust_ossm_ekf/frame_logs/4_3.npz,4_3.npz,0,1772694032.6769316,pre_epoch_stale
profile1d_cubic__robust_ossm_ekf,5_0,/home/gongjae/Projects/resPyre/results/cohface_robust_ossm/aux/profile1d_cubic__robust_ossm_ekf/frame_logs/5_0.npz,5_0.npz,0,1772694043.5459745,pre_epoch_stale
profile1d_cubic__robust_ossm_ekf,5_1,/home/gongjae/Projects/resPyre/results/cohface_robust_ossm/aux/profile1d_cubic__robust_ossm_ekf/frame_logs/5_1.npz,5_1.npz,0,1772694054.4330173,pre_epoch_stale
profile1d_cubic__robust_ossm_ekf,5_2,/home/gongjae/Projects/resPyre/results/cohface_robust_ossm/aux/profile1d_cubic__robust_ossm_ekf/frame_logs/5_2.npz,5_2.npz,0,1772694065.2160597,pre_epoch_stale
profile1d_cubic__robust_ossm_ekf,5_3,/home/gongjae/Projects/resPyre/results/cohface_robust_ossm/aux/profile1d_cubic__robust_ossm_ekf/frame_logs/5_3.npz,5_3.npz,0,1772694076.070102,pre_epoch_stale
profile1d_cubic__robust_ossm_ekf,6_0,/home/gongjae/Projects/resPyre/results/cohface_robust_ossm/aux/profile1d_cubic__robust_ossm_ekf/frame_logs/6_0.npz,6_0.npz,0,1772694087.140145,pre_epoch_stale
profile1d_cubic__robust_ossm_ekf,6_1,/home/gongjae/Projects/resPyre/results/cohface_robust_ossm/aux/profile1d_cubic__robust_ossm_ekf/frame_logs/6_1.npz,6_1.npz,0,1772694098.0701876,pre_epoch_stale
profile1d_cubic__robust_ossm_ekf,6_2,/home/gongjae/Projects/resPyre/results/cohface_robust_ossm/aux/profile1d_cubic__robust_ossm_ekf/frame_logs/6_2.npz,6_2.npz,0,1772694109.0442302,pre_epoch_stale
profile1d_cubic__robust_ossm_ekf,6_3,/home/gongjae/Projects/resPyre/results/cohface_robust_ossm/aux/profile1d_cubic__robust_ossm_ekf/frame_logs/6_3.npz,6_3.npz,0,1772694119.9132721,pre_epoch_stale
profile1d_cubic__robust_ossm_ekf,7_0,/home/gongjae/Projects/resPyre/results/cohface_robust_ossm/aux/profile1d_cubic__robust_ossm_ekf/frame_logs/7_0.npz,7_0.npz,0,1772694130.8333144,pre_epoch_stale
profile1d_cubic__robust_ossm_ekf,7_1,/home/gongjae/Projects/resPyre/results/cohface_robust_ossm/aux/profile1d_cubic__robust_ossm_ekf/frame_logs/7_1.npz,7_1.npz,0,1772694141.703356,pre_epoch_stale
profile1d_cubic__robust_ossm_ekf,7_2,/home/gongjae/Projects/resPyre/results/cohface_robust_ossm/aux/profile1d_cubic__robust_ossm_ekf/frame_logs/7_2.npz,7_2.npz,0,1772694152.5093975,pre_epoch_stale
profile1d_cubic__robust_ossm_ekf,7_3,/home/gongjae/Projects/resPyre/results/cohface_robust_ossm/aux/profile1d_cubic__robust_ossm_ekf/frame_logs/7_3.npz,7_3.npz,0,1772694163.4714396,pre_epoch_stale
profile1d_cubic__robust_ossm_ekf,8_0,/home/gongjae/Projects/resPyre/results/cohface_robust_ossm/aux/profile1d_cubic__robust_ossm_ekf/frame_logs/8_0.npz,8_0.npz,0,1772694174.4004812,pre_epoch_stale
profile1d_cubic__robust_ossm_ekf,8_1,/home/gongjae/Projects/resPyre/results/cohface_robust_ossm/aux/profile1d_cubic__robust_ossm_ekf/frame_logs/8_1.npz,8_1.npz,0,1772694185.2465224,pre_epoch_stale
profile1d_cubic__robust_ossm_ekf,8_2,/home/gongjae/Projects/resPyre/results/cohface_robust_ossm/aux/profile1d_cubic__robust_ossm_ekf/frame_logs/8_2.npz,8_2.npz,0,1772694196.1095638,pre_epoch_stale
profile1d_cubic__robust_ossm_ekf,8_3,/home/gongjae/Projects/resPyre/results/cohface_robust_ossm/aux/profile1d_cubic__robust_ossm_ekf/frame_logs/8_3.npz,8_3.npz,0,1772694207.033605,pre_epoch_stale
profile1d_cubic__robust_ossm_ekf,9_0,/home/gongjae/Projects/resPyre/results/cohface_robust_ossm/aux/profile1d_cubic__robust_ossm_ekf/frame_logs/9_0.npz,9_0.npz,0,1772694218.2136474,pre_epoch_stale
profile1d_cubic__robust_ossm_ekf,9_1,/home/gongjae/Projects/resPyre/results/cohface_robust_ossm/aux/profile1d_cubic__robust_ossm_ekf/frame_logs/9_1.npz,9_1.npz,0,1772694229.5706904,pre_epoch_stale
profile1d_cubic__robust_ossm_ekf,9_2,/home/gongjae/Projects/resPyre/results/cohface_robust_ossm/aux/profile1d_cubic__robust_ossm_ekf/frame_logs/9_2.npz,9_2.npz,0,1772694240.7827325,pre_epoch_stale
profile1d_cubic__robust_ossm_ekf,9_3,/home/gongjae/Projects/resPyre/results/cohface_robust_ossm/aux/profile1d_cubic__robust_ossm_ekf/frame_logs/9_3.npz,9_3.npz,0,1772694252.343776,pre_epoch_stale
profile1d_linear__robust_ossm_ekf,10_0,/home/gongjae/Projects/resPyre/results/cohface_robust_ossm/aux/profile1d_linear__robust_ossm_ekf/frame_logs/10_0.npz,10_0.npz,0,1772694259.6098032,pre_epoch_stale
profile1d_linear__robust_ossm_ekf,10_1,/home/gongjae/Projects/resPyre/results/cohface_robust_ossm/aux/profile1d_linear__robust_ossm_ekf/frame_logs/10_1.npz,10_1.npz,0,1772694270.778845,pre_epoch_stale
profile1d_linear__robust_ossm_ekf,10_2,/home/gongjae/Projects/resPyre/results/cohface_robust_ossm/aux/profile1d_linear__robust_ossm_ekf/frame_logs/10_2.npz,10_2.npz,0,1772694281.9088864,pre_epoch_stale
profile1d_linear__robust_ossm_ekf,10_3,/home/gongjae/Projects/resPyre/results/cohface_robust_ossm/aux/profile1d_linear__robust_ossm_ekf/frame_logs/10_3.npz,10_3.npz,0,1772694293.044928,pre_epoch_stale
profile1d_linear__robust_ossm_ekf,11_0,/home/gongjae/Projects/resPyre/results/cohface_robust_ossm/aux/profile1d_linear__robust_ossm_ekf/frame_logs/11_0.npz,11_0.npz,0,1772694304.1549695,pre_epoch_stale
profile1d_linear__robust_ossm_ekf,11_1,/home/gongjae/Projects/resPyre/results/cohface_robust_ossm/aux/profile1d_linear__robust_ossm_ekf/frame_logs/11_1.npz,11_1.npz,0,1772694315.640012,pre_epoch_stale
profile1d_linear__robust_ossm_ekf,11_2,/home/gongjae/Projects/resPyre/results/cohface_robust_ossm/aux/profile1d_linear__robust_ossm_ekf/frame_logs/11_2.npz,11_2.npz,0,1772694326.962054,pre_epoch_stale
profile1d_linear__robust_ossm_ekf,11_3,/home/gongjae/Projects/resPyre/results/cohface_robust_ossm/aux/profile1d_linear__robust_ossm_ekf/frame_logs/11_3.npz,11_3.npz,0,1772694338.077095,pre_epoch_stale
profile1d_linear__robust_ossm_ekf,12_0,/home/gongjae/Projects/resPyre/results/cohface_robust_ossm/aux/profile1d_linear__robust_ossm_ekf/frame_logs/12_0.npz,12_0.npz,0,1772694351.1721435,pre_epoch_stale
profile1d_linear__robust_ossm_ekf,12_1,/home/gongjae/Projects/resPyre/results/cohface_robust_ossm/aux/profile1d_linear__robust_ossm_ekf/frame_logs/12_1.npz,12_1.npz,0,1772694363.4371886,pre_epoch_stale
profile1d_linear__robust_ossm_ekf,12_2,/home/gongjae/Projects/resPyre/results/cohface_robust_ossm/aux/profile1d_linear__robust_ossm_ekf/frame_logs/12_2.npz,12_2.npz,0,1772694375.0462313,pre_epoch_stale
profile1d_linear__robust_ossm_ekf,12_3,/home/gongjae/Projects/resPyre/results/cohface_robust_ossm/aux/profile1d_linear__robust_ossm_ekf/frame_logs/12_3.npz,12_3.npz,0,1772694386.3462727,pre_epoch_stale
profile1d_linear__robust_ossm_ekf,13_0,/home/gongjae/Projects/resPyre/results/cohface_robust_ossm/aux/profile1d_linear__robust_ossm_ekf/frame_logs/13_0.npz,13_0.npz,0,1772694397.4443133,pre_epoch_stale
profile1d_linear__robust_ossm_ekf,13_1,/home/gongjae/Projects/resPyre/results/cohface_robust_ossm/aux/profile1d_linear__robust_ossm_ekf/frame_logs/13_1.npz,13_1.npz,0,1772694408.6873546,pre_epoch_stale
profile1d_linear__robust_ossm_ekf,13_2,/home/gongjae/Projects/resPyre/results/cohface_robust_ossm/aux/profile1d_linear__robust_ossm_ekf/frame_logs/13_2.npz,13_2.npz,0,1772694420.0173957,pre_epoch_stale
profile1d_linear__robust_ossm_ekf,13_3,/home/gongjae/Projects/resPyre/results/cohface_robust_ossm/aux/profile1d_linear__robust_ossm_ekf/frame_logs/13_3.npz,13_3.npz,0,1772694431.1454365,pre_epoch_stale
profile1d_linear__robust_ossm_ekf,14_0,/home/gongjae/Projects/resPyre/results/cohface_robust_ossm/aux/profile1d_linear__robust_ossm_ekf/frame_logs/14_0.npz,14_0.npz,0,1772694442.4114773,pre_epoch_stale
profile1d_linear__robust_ossm_ekf,14_1,/home/gongjae/Projects/resPyre/results/cohface_robust_ossm/aux/profile1d_linear__robust_ossm_ekf/frame_logs/14_1.npz,14_1.npz,0,1772694453.7865188,pre_epoch_stale
profile1d_linear__robust_ossm_ekf,14_2,/home/gongjae/Projects/resPyre/results/cohface_robust_ossm/aux/profile1d_linear__robust_ossm_ekf/frame_logs/14_2.npz,14_2.npz,0,1772694465.12956,pre_epoch_stale
profile1d_linear__robust_ossm_ekf,14_3,/home/gongjae/Projects/resPyre/results/cohface_robust_ossm/aux/profile1d_linear__robust_ossm_ekf/frame_logs/14_3.npz,14_3.npz,0,1772694476.496601,pre_epoch_stale
profile1d_linear__robust_ossm_ekf,15_0,/home/gongjae/Projects/resPyre/results/cohface_robust_ossm/aux/profile1d_linear__robust_ossm_ekf/frame_logs/15_0.npz,15_0.npz,0,1772694488.1446433,pre_epoch_stale
profile1d_linear__robust_ossm_ekf,15_1,/home/gongjae/Projects/resPyre/results/cohface_robust_ossm/aux/profile1d_linear__robust_ossm_ekf/frame_logs/15_1.npz,15_1.npz,0,1772694499.5496845,pre_epoch_stale
profile1d_linear__robust_ossm_ekf,15_2,/home/gongjae/Projects/resPyre/results/cohface_robust_ossm/aux/profile1d_linear__robust_ossm_ekf/frame_logs/15_2.npz,15_2.npz,0,1772694510.755725,pre_epoch_stale
profile1d_linear__robust_ossm_ekf,15_3,/home/gongjae/Projects/resPyre/results/cohface_robust_ossm/aux/profile1d_linear__robust_ossm_ekf/frame_logs/15_3.npz,15_3.npz,0,1772694522.0907657,pre_epoch_stale
profile1d_linear__robust_ossm_ekf,16_0,/home/gongjae/Projects/resPyre/results/cohface_robust_ossm/aux/profile1d_linear__robust_ossm_ekf/frame_logs/16_0.npz,16_0.npz,0,1772694533.258806,pre_epoch_stale
profile1d_linear__robust_ossm_ekf,16_1,/home/gongjae/Projects/resPyre/results/cohface_robust_ossm/aux/profile1d_linear__robust_ossm_ekf/frame_logs/16_1.npz,16_1.npz,0,1772694544.4798462,pre_epoch_stale
profile1d_linear__robust_ossm_ekf,16_2,/home/gongjae/Projects/resPyre/results/cohface_robust_ossm/aux/profile1d_linear__robust_ossm_ekf/frame_logs/16_2.npz,16_2.npz,0,1772694555.610886,pre_epoch_stale
profile1d_linear__robust_ossm_ekf,16_3,/home/gongjae/Projects/resPyre/results/cohface_robust_ossm/aux/profile1d_linear__robust_ossm_ekf/frame_logs/16_3.npz,16_3.npz,0,1772694566.7689261,pre_epoch_stale
profile1d_linear__robust_ossm_ekf,17_0,/home/gongjae/Projects/resPyre/results/cohface_robust_ossm/aux/profile1d_linear__robust_ossm_ekf/frame_logs/17_0.npz,17_0.npz,0,1772694577.9609663,pre_epoch_stale
profile1d_linear__robust_ossm_ekf,17_1,/home/gongjae/Projects/resPyre/results/cohface_robust_ossm/aux/profile1d_linear__robust_ossm_ekf/frame_logs/17_1.npz,17_1.npz,0,1772694589.133006,pre_epoch_stale
profile1d_linear__robust_ossm_ekf,17_2,/home/gongjae/Projects/resPyre/results/cohface_robust_ossm/aux/profile1d_linear__robust_ossm_ekf/frame_logs/17_2.npz,17_2.npz,0,1772694599.972045,pre_epoch_stale
profile1d_linear__robust_ossm_ekf,17_3,/home/gongjae/Projects/resPyre/results/cohface_robust_ossm/aux/profile1d_linear__robust_ossm_ekf/frame_logs/17_3.npz,17_3.npz,0,1772694610.9850843,pre_epoch_stale
profile1d_linear__robust_ossm_ekf,18_0,/home/gongjae/Projects/resPyre/results/cohface_robust_ossm/aux/profile1d_linear__robust_ossm_ekf/frame_logs/18_0.npz,18_0.npz,0,1772694622.2081242,pre_epoch_stale
profile1d_linear__robust_ossm_ekf,18_1,/home/gongjae/Projects/resPyre/results/cohface_robust_ossm/aux/profile1d_linear__robust_ossm_ekf/frame_logs/18_1.npz,18_1.npz,0,1772694633.406164,pre_epoch_stale
profile1d_linear__robust_ossm_ekf,18_2,/home/gongjae/Projects/resPyre/results/cohface_robust_ossm/aux/profile1d_linear__robust_ossm_ekf/frame_logs/18_2.npz,18_2.npz,0,1772694644.4252033,pre_epoch_stale
profile1d_linear__robust_ossm_ekf,18_3,/home/gongjae/Projects/resPyre/results/cohface_robust_ossm/aux/profile1d_linear__robust_ossm_ekf/frame_logs/18_3.npz,18_3.npz,0,1772694655.621243,pre_epoch_stale
profile1d_linear__robust_ossm_ekf,19_0,/home/gongjae/Projects/resPyre/results/cohface_robust_ossm/aux/profile1d_linear__robust_ossm_ekf/frame_logs/19_0.npz,19_0.npz,0,1772694666.7192824,pre_epoch_stale
profile1d_linear__robust_ossm_ekf,19_1,/home/gongjae/Projects/resPyre/results/cohface_robust_ossm/aux/profile1d_linear__robust_ossm_ekf/frame_logs/19_1.npz,19_1.npz,0,1772694677.7263215,pre_epoch_stale
profile1d_linear__robust_ossm_ekf,19_2,/home/gongjae/Projects/resPyre/results/cohface_robust_ossm/aux/profile1d_linear__robust_ossm_ekf/frame_logs/19_2.npz,19_2.npz,0,1772694688.6813602,pre_epoch_stale
profile1d_linear__robust_ossm_ekf,19_3,/home/gongjae/Projects/resPyre/results/cohface_robust_ossm/aux/profile1d_linear__robust_ossm_ekf/frame_logs/19_3.npz,19_3.npz,0,1772694699.631399,pre_epoch_stale
profile1d_linear__robust_ossm_ekf,1_0,/home/gongjae/Projects/resPyre/results/cohface_robust_ossm/aux/profile1d_linear__robust_ossm_ekf/frame_logs/1_0.npz,1_0.npz,0,1772693864.1682484,pre_epoch_stale
profile1d_linear__robust_ossm_ekf,1_1,/home/gongjae/Projects/resPyre/results/cohface_robust_ossm/aux/profile1d_linear__robust_ossm_ekf/frame_logs/1_1.npz,1_1.npz,0,1772693875.1952944,pre_epoch_stale
profile1d_linear__robust_ossm_ekf,1_2,/home/gongjae/Projects/resPyre/results/cohface_robust_ossm/aux/profile1d_linear__robust_ossm_ekf/frame_logs/1_2.npz,1_2.npz,0,1772693886.20034,pre_epoch_stale
profile1d_linear__robust_ossm_ekf,1_3,/home/gongjae/Projects/resPyre/results/cohface_robust_ossm/aux/profile1d_linear__robust_ossm_ekf/frame_logs/1_3.npz,1_3.npz,0,1772693897.2373855,pre_epoch_stale
profile1d_linear__robust_ossm_ekf,20_0,/home/gongjae/Projects/resPyre/results/cohface_robust_ossm/aux/profile1d_linear__robust_ossm_ekf/frame_logs/20_0.npz,20_0.npz,0,1772694710.667438,pre_epoch_stale
profile1d_linear__robust_ossm_ekf,20_1,/home/gongjae/Projects/resPyre/results/cohface_robust_ossm/aux/profile1d_linear__robust_ossm_ekf/frame_logs/20_1.npz,20_1.npz,0,1772694721.6034765,pre_epoch_stale
profile1d_linear__robust_ossm_ekf,20_2,/home/gongjae/Projects/resPyre/results/cohface_robust_ossm/aux/profile1d_linear__robust_ossm_ekf/frame_logs/20_2.npz,20_2.npz,0,1772694732.468515,pre_epoch_stale
profile1d_linear__robust_ossm_ekf,20_3,/home/gongjae/Projects/resPyre/results/cohface_robust_ossm/aux/profile1d_linear__robust_ossm_ekf/frame_logs/20_3.npz,20_3.npz,0,1772694743.545554,pre_epoch_stale
profile1d_linear__robust_ossm_ekf,21_0,/home/gongjae/Projects/resPyre/results/cohface_robust_ossm/aux/profile1d_linear__robust_ossm_ekf/frame_logs/21_0.npz,21_0.npz,0,1772694754.322592,pre_epoch_stale
profile1d_linear__robust_ossm_ekf,21_1,/home/gongjae/Projects/resPyre/results/cohface_robust_ossm/aux/profile1d_linear__robust_ossm_ekf/frame_logs/21_1.npz,21_1.npz,0,1772694765.2916236,pre_epoch_stale
profile1d_linear__robust_ossm_ekf,21_2,/home/gongjae/Projects/resPyre/results/cohface_robust_ossm/aux/profile1d_linear__robust_ossm_ekf/frame_logs/21_2.npz,21_2.npz,0,1772694776.25865,pre_epoch_stale
profile1d_linear__robust_ossm_ekf,21_3,/home/gongjae/Projects/resPyre/results/cohface_robust_ossm/aux/profile1d_linear__robust_ossm_ekf/frame_logs/21_3.npz,21_3.npz,0,1772694787.1516767,pre_epoch_stale
profile1d_linear__robust_ossm_ekf,22_0,/home/gongjae/Projects/resPyre/results/cohface_robust_ossm/aux/profile1d_linear__robust_ossm_ekf/frame_logs/22_0.npz,22_0.npz,0,1772694798.1997037,pre_epoch_stale
profile1d_linear__robust_ossm_ekf,22_1,/home/gongjae/Projects/resPyre/results/cohface_robust_ossm/aux/profile1d_linear__robust_ossm_ekf/frame_logs/22_1.npz,22_1.npz,0,1772694808.9867303,pre_epoch_stale
profile1d_linear__robust_ossm_ekf,22_2,/home/gongjae/Projects/resPyre/results/cohface_robust_ossm/aux/profile1d_linear__robust_ossm_ekf/frame_logs/22_2.npz,22_2.npz,0,1772694820.0257578,pre_epoch_stale
profile1d_linear__robust_ossm_ekf,22_3,/home/gongjae/Projects/resPyre/results/cohface_robust_ossm/aux/profile1d_linear__robust_ossm_ekf/frame_logs/22_3.npz,22_3.npz,0,1772694830.9587853,pre_epoch_stale
profile1d_linear__robust_ossm_ekf,23_0,/home/gongjae/Projects/resPyre/results/cohface_robust_ossm/aux/profile1d_linear__robust_ossm_ekf/frame_logs/23_0.npz,23_0.npz,0,1772694841.8398128,pre_epoch_stale
profile1d_linear__robust_ossm_ekf,23_1,/home/gongjae/Projects/resPyre/results/cohface_robust_ossm/aux/profile1d_linear__robust_ossm_ekf/frame_logs/23_1.npz,23_1.npz,0,1772694852.7018404,pre_epoch_stale
profile1d_linear__robust_ossm_ekf,23_2,/home/gongjae/Projects/resPyre/results/cohface_robust_ossm/aux/profile1d_linear__robust_ossm_ekf/frame_logs/23_2.npz,23_2.npz,0,1772694863.6278682,pre_epoch_stale
profile1d_linear__robust_ossm_ekf,23_3,/home/gongjae/Projects/resPyre/results/cohface_robust_ossm/aux/profile1d_linear__robust_ossm_ekf/frame_logs/23_3.npz,23_3.npz,0,1772694874.6168964,pre_epoch_stale
profile1d_linear__robust_ossm_ekf,24_0,/home/gongjae/Projects/resPyre/results/cohface_robust_ossm/aux/profile1d_linear__robust_ossm_ekf/frame_logs/24_0.npz,24_0.npz,0,1772694885.5039246,pre_epoch_stale
profile1d_linear__robust_ossm_ekf,24_1,/home/gongjae/Projects/resPyre/results/cohface_robust_ossm/aux/profile1d_linear__robust_ossm_ekf/frame_logs/24_1.npz,24_1.npz,0,1772694896.4679532,pre_epoch_stale
profile1d_linear__robust_ossm_ekf,24_2,/home/gongjae/Projects/resPyre/results/cohface_robust_ossm/aux/profile1d_linear__robust_ossm_ekf/frame_logs/24_2.npz,24_2.npz,0,1772694907.513982,pre_epoch_stale
profile1d_linear__robust_ossm_ekf,24_3,/home/gongjae/Projects/resPyre/results/cohface_robust_ossm/aux/profile1d_linear__robust_ossm_ekf/frame_logs/24_3.npz,24_3.npz,0,1772694918.4380107,pre_epoch_stale
profile1d_linear__robust_ossm_ekf,25_0,/home/gongjae/Projects/resPyre/results/cohface_robust_ossm/aux/profile1d_linear__robust_ossm_ekf/frame_logs/25_0.npz,25_0.npz,0,1772694929.6720402,pre_epoch_stale
profile1d_linear__robust_ossm_ekf,25_1,/home/gongjae/Projects/resPyre/results/cohface_robust_ossm/aux/profile1d_linear__robust_ossm_ekf/frame_logs/25_1.npz,25_1.npz,0,1772694940.9170702,pre_epoch_stale
profile1d_linear__robust_ossm_ekf,25_2,/home/gongjae/Projects/resPyre/results/cohface_robust_ossm/aux/profile1d_linear__robust_ossm_ekf/frame_logs/25_2.npz,25_2.npz,0,1772694952.1541002,pre_epoch_stale
profile1d_linear__robust_ossm_ekf,25_3,/home/gongjae/Projects/resPyre/results/cohface_robust_ossm/aux/profile1d_linear__robust_ossm_ekf/frame_logs/25_3.npz,25_3.npz,0,1772694963.3001301,pre_epoch_stale
profile1d_linear__robust_ossm_ekf,26_0,/home/gongjae/Projects/resPyre/results/cohface_robust_ossm/aux/profile1d_linear__robust_ossm_ekf/frame_logs/26_0.npz,26_0.npz,0,1772694974.4521601,pre_epoch_stale
profile1d_linear__robust_ossm_ekf,26_1,/home/gongjae/Projects/resPyre/results/cohface_robust_ossm/aux/profile1d_linear__robust_ossm_ekf/frame_logs/26_1.npz,26_1.npz,0,1772694985.7241907,pre_epoch_stale
profile1d_linear__robust_ossm_ekf,26_2,/home/gongjae/Projects/resPyre/results/cohface_robust_ossm/aux/profile1d_linear__robust_ossm_ekf/frame_logs/26_2.npz,26_2.npz,0,1772694997.0312214,pre_epoch_stale
profile1d_linear__robust_ossm_ekf,26_3,/home/gongjae/Projects/resPyre/results/cohface_robust_ossm/aux/profile1d_linear__robust_ossm_ekf/frame_logs/26_3.npz,26_3.npz,0,1772695008.0852516,pre_epoch_stale
profile1d_linear__robust_ossm_ekf,27_0,/home/gongjae/Projects/resPyre/results/cohface_robust_ossm/aux/profile1d_linear__robust_ossm_ekf/frame_logs/27_0.npz,27_0.npz,0,1772695019.231282,pre_epoch_stale
profile1d_linear__robust_ossm_ekf,27_1,/home/gongjae/Projects/resPyre/results/cohface_robust_ossm/aux/profile1d_linear__robust_ossm_ekf/frame_logs/27_1.npz,27_1.npz,0,1772695030.4013128,pre_epoch_stale
profile1d_linear__robust_ossm_ekf,27_2,/home/gongjae/Projects/resPyre/results/cohface_robust_ossm/aux/profile1d_linear__robust_ossm_ekf/frame_logs/27_2.npz,27_2.npz,0,1772695041.726344,pre_epoch_stale
profile1d_linear__robust_ossm_ekf,27_3,/home/gongjae/Projects/resPyre/results/cohface_robust_ossm/aux/profile1d_linear__robust_ossm_ekf/frame_logs/27_3.npz,27_3.npz,0,1772695053.0993757,pre_epoch_stale
profile1d_linear__robust_ossm_ekf,28_0,/home/gongjae/Projects/resPyre/results/cohface_robust_ossm/aux/profile1d_linear__robust_ossm_ekf/frame_logs/28_0.npz,28_0.npz,0,1772695064.4614074,pre_epoch_stale
profile1d_linear__robust_ossm_ekf,28_1,/home/gongjae/Projects/resPyre/results/cohface_robust_ossm/aux/profile1d_linear__robust_ossm_ekf/frame_logs/28_1.npz,28_1.npz,0,1772695075.700439,pre_epoch_stale
profile1d_linear__robust_ossm_ekf,28_2,/home/gongjae/Projects/resPyre/results/cohface_robust_ossm/aux/profile1d_linear__robust_ossm_ekf/frame_logs/28_2.npz,28_2.npz,0,1772695086.9854705,pre_epoch_stale
profile1d_linear__robust_ossm_ekf,28_3,/home/gongjae/Projects/resPyre/results/cohface_robust_ossm/aux/profile1d_linear__robust_ossm_ekf/frame_logs/28_3.npz,28_3.npz,0,1772695098.3215024,pre_epoch_stale
profile1d_linear__robust_ossm_ekf,29_0,/home/gongjae/Projects/resPyre/results/cohface_robust_ossm/aux/profile1d_linear__robust_ossm_ekf/frame_logs/29_0.npz,29_0.npz,0,1772695115.3195508,pre_epoch_stale
profile1d_linear__robust_ossm_ekf,29_1,/home/gongjae/Projects/resPyre/results/cohface_robust_ossm/aux/profile1d_linear__robust_ossm_ekf/frame_logs/29_1.npz,29_1.npz,0,1772695129.3925908,pre_epoch_stale
profile1d_linear__robust_ossm_ekf,29_2,/home/gongjae/Projects/resPyre/results/cohface_robust_ossm/aux/profile1d_linear__robust_ossm_ekf/frame_logs/29_2.npz,29_2.npz,0,1772695140.692623,pre_epoch_stale
profile1d_linear__robust_ossm_ekf,29_3,/home/gongjae/Projects/resPyre/results/cohface_robust_ossm/aux/profile1d_linear__robust_ossm_ekf/frame_logs/29_3.npz,29_3.npz,0,1772695152.568657,pre_epoch_stale
profile1d_linear__robust_ossm_ekf,2_0,/home/gongjae/Projects/resPyre/results/cohface_robust_ossm/aux/profile1d_linear__robust_ossm_ekf/frame_logs/2_0.npz,2_0.npz,0,1772693908.3624313,pre_epoch_stale
profile1d_linear__robust_ossm_ekf,2_1,/home/gongjae/Projects/resPyre/results/cohface_robust_ossm/aux/profile1d_linear__robust_ossm_ekf/frame_logs/2_1.npz,2_1.npz,0,1772693919.476477,pre_epoch_stale
profile1d_linear__robust_ossm_ekf,2_2,/home/gongjae/Projects/resPyre/results/cohface_robust_ossm/aux/profile1d_linear__robust_ossm_ekf/frame_logs/2_2.npz,2_2.npz,0,1772693930.5075219,pre_epoch_stale
profile1d_linear__robust_ossm_ekf,2_3,/home/gongjae/Projects/resPyre/results/cohface_robust_ossm/aux/profile1d_linear__robust_ossm_ekf/frame_logs/2_3.npz,2_3.npz,0,1772693941.5045667,pre_epoch_stale
profile1d_linear__robust_ossm_ekf,30_0,/home/gongjae/Projects/resPyre/results/cohface_robust_ossm/aux/profile1d_linear__robust_ossm_ekf/frame_logs/30_0.npz,30_0.npz,0,1772695164.05869,pre_epoch_stale
profile1d_linear__robust_ossm_ekf,30_1,/home/gongjae/Projects/resPyre/results/cohface_robust_ossm/aux/profile1d_linear__robust_ossm_ekf/frame_logs/30_1.npz,30_1.npz,0,1772695175.151722,pre_epoch_stale
profile1d_linear__robust_ossm_ekf,30_2,/home/gongjae/Projects/resPyre/results/cohface_robust_ossm/aux/profile1d_linear__robust_ossm_ekf/frame_logs/30_2.npz,30_2.npz,0,1772695186.3737543,pre_epoch_stale
profile1d_linear__robust_ossm_ekf,30_3,/home/gongjae/Projects/resPyre/results/cohface_robust_ossm/aux/profile1d_linear__robust_ossm_ekf/frame_logs/30_3.npz,30_3.npz,0,1772695197.4907866,pre_epoch_stale
profile1d_linear__robust_ossm_ekf,31_0,/home/gongjae/Projects/resPyre/results/cohface_robust_ossm/aux/profile1d_linear__robust_ossm_ekf/frame_logs/31_0.npz,31_0.npz,0,1772695208.630819,pre_epoch_stale
profile1d_linear__robust_ossm_ekf,31_1,/home/gongjae/Projects/resPyre/results/cohface_robust_ossm/aux/profile1d_linear__robust_ossm_ekf/frame_logs/31_1.npz,31_1.npz,0,1772695219.8998518,pre_epoch_stale
profile1d_linear__robust_ossm_ekf,31_2,/home/gongjae/Projects/resPyre/results/cohface_robust_ossm/aux/profile1d_linear__robust_ossm_ekf/frame_logs/31_2.npz,31_2.npz,0,1772695231.2588851,pre_epoch_stale
profile1d_linear__robust_ossm_ekf,31_3,/home/gongjae/Projects/resPyre/results/cohface_robust_ossm/aux/profile1d_linear__robust_ossm_ekf/frame_logs/31_3.npz,31_3.npz,0,1772695242.5939183,pre_epoch_stale
profile1d_linear__robust_ossm_ekf,32_0,/home/gongjae/Projects/resPyre/results/cohface_robust_ossm/aux/profile1d_linear__robust_ossm_ekf/frame_logs/32_0.npz,32_0.npz,0,1772695253.7239509,pre_epoch_stale
profile1d_linear__robust_ossm_ekf,32_1,/home/gongjae/Projects/resPyre/results/cohface_robust_ossm/aux/profile1d_linear__robust_ossm_ekf/frame_logs/32_1.npz,32_1.npz,0,1772695264.7769835,pre_epoch_stale
profile1d_linear__robust_ossm_ekf,32_2,/home/gongjae/Projects/resPyre/results/cohface_robust_ossm/aux/profile1d_linear__robust_ossm_ekf/frame_logs/32_2.npz,32_2.npz,0,1772695275.764016,pre_epoch_stale
profile1d_linear__robust_ossm_ekf,32_3,/home/gongjae/Projects/resPyre/results/cohface_robust_ossm/aux/profile1d_linear__robust_ossm_ekf/frame_logs/32_3.npz,32_3.npz,0,1772695287.0230494,pre_epoch_stale
profile1d_linear__robust_ossm_ekf,33_0,/home/gongjae/Projects/resPyre/results/cohface_robust_ossm/aux/profile1d_linear__robust_ossm_ekf/frame_logs/33_0.npz,33_0.npz,0,1772695298.046082,pre_epoch_stale
profile1d_linear__robust_ossm_ekf,33_1,/home/gongjae/Projects/resPyre/results/cohface_robust_ossm/aux/profile1d_linear__robust_ossm_ekf/frame_logs/33_1.npz,33_1.npz,0,1772695309.2421153,pre_epoch_stale
profile1d_linear__robust_ossm_ekf,33_2,/home/gongjae/Projects/resPyre/results/cohface_robust_ossm/aux/profile1d_linear__robust_ossm_ekf/frame_logs/33_2.npz,33_2.npz,0,1772695320.4981487,pre_epoch_stale
profile1d_linear__robust_ossm_ekf,33_3,/home/gongjae/Projects/resPyre/results/cohface_robust_ossm/aux/profile1d_linear__robust_ossm_ekf/frame_logs/33_3.npz,33_3.npz,0,1772695331.5581818,pre_epoch_stale
profile1d_linear__robust_ossm_ekf,34_0,/home/gongjae/Projects/resPyre/results/cohface_robust_ossm/aux/profile1d_linear__robust_ossm_ekf/frame_logs/34_0.npz,34_0.npz,0,1772695342.653215,pre_epoch_stale
profile1d_linear__robust_ossm_ekf,34_1,/home/gongjae/Projects/resPyre/results/cohface_robust_ossm/aux/profile1d_linear__robust_ossm_ekf/frame_logs/34_1.npz,34_1.npz,0,1772695353.7822483,pre_epoch_stale
profile1d_linear__robust_ossm_ekf,34_2,/home/gongjae/Projects/resPyre/results/cohface_robust_ossm/aux/profile1d_linear__robust_ossm_ekf/frame_logs/34_2.npz,34_2.npz,0,1772695365.0632823,pre_epoch_stale
profile1d_linear__robust_ossm_ekf,34_3,/home/gongjae/Projects/resPyre/results/cohface_robust_ossm/aux/profile1d_linear__robust_ossm_ekf/frame_logs/34_3.npz,34_3.npz,0,1772695376.0163152,pre_epoch_stale
profile1d_linear__robust_ossm_ekf,35_0,/home/gongjae/Projects/resPyre/results/cohface_robust_ossm/aux/profile1d_linear__robust_ossm_ekf/frame_logs/35_0.npz,35_0.npz,0,1772695387.1663487,pre_epoch_stale
profile1d_linear__robust_ossm_ekf,35_1,/home/gongjae/Projects/resPyre/results/cohface_robust_ossm/aux/profile1d_linear__robust_ossm_ekf/frame_logs/35_1.npz,35_1.npz,0,1772695398.0943818,pre_epoch_stale
profile1d_linear__robust_ossm_ekf,35_2,/home/gongjae/Projects/resPyre/results/cohface_robust_ossm/aux/profile1d_linear__robust_ossm_ekf/frame_logs/35_2.npz,35_2.npz,0,1772695409.2894156,pre_epoch_stale
profile1d_linear__robust_ossm_ekf,35_3,/home/gongjae/Projects/resPyre/results/cohface_robust_ossm/aux/profile1d_linear__robust_ossm_ekf/frame_logs/35_3.npz,35_3.npz,0,1772695420.5034497,pre_epoch_stale
profile1d_linear__robust_ossm_ekf,36_0,/home/gongjae/Projects/resPyre/results/cohface_robust_ossm/aux/profile1d_linear__robust_ossm_ekf/frame_logs/36_0.npz,36_0.npz,0,1772695431.7314837,pre_epoch_stale
profile1d_linear__robust_ossm_ekf,36_1,/home/gongjae/Projects/resPyre/results/cohface_robust_ossm/aux/profile1d_linear__robust_ossm_ekf/frame_logs/36_1.npz,36_1.npz,0,1772695442.8175175,pre_epoch_stale
profile1d_linear__robust_ossm_ekf,36_2,/home/gongjae/Projects/resPyre/results/cohface_robust_ossm/aux/profile1d_linear__robust_ossm_ekf/frame_logs/36_2.npz,36_2.npz,0,1772695454.0225515,pre_epoch_stale
profile1d_linear__robust_ossm_ekf,36_3,/home/gongjae/Projects/resPyre/results/cohface_robust_ossm/aux/profile1d_linear__robust_ossm_ekf/frame_logs/36_3.npz,36_3.npz,0,1772695465.2415857,pre_epoch_stale
profile1d_linear__robust_ossm_ekf,37_0,/home/gongjae/Projects/resPyre/results/cohface_robust_ossm/aux/profile1d_linear__robust_ossm_ekf/frame_logs/37_0.npz,37_0.npz,0,1772695476.1856194,pre_epoch_stale
profile1d_linear__robust_ossm_ekf,37_1,/home/gongjae/Projects/resPyre/results/cohface_robust_ossm/aux/profile1d_linear__robust_ossm_ekf/frame_logs/37_1.npz,37_1.npz,0,1772695487.202653,pre_epoch_stale
profile1d_linear__robust_ossm_ekf,37_2,/home/gongjae/Projects/resPyre/results/cohface_robust_ossm/aux/profile1d_linear__robust_ossm_ekf/frame_logs/37_2.npz,37_2.npz,0,1772695498.2706869,pre_epoch_stale
profile1d_linear__robust_ossm_ekf,37_3,/home/gongjae/Projects/resPyre/results/cohface_robust_ossm/aux/profile1d_linear__robust_ossm_ekf/frame_logs/37_3.npz,37_3.npz,0,1772695509.2517207,pre_epoch_stale
profile1d_linear__robust_ossm_ekf,38_0,/home/gongjae/Projects/resPyre/results/cohface_robust_ossm/aux/profile1d_linear__robust_ossm_ekf/frame_logs/38_0.npz,38_0.npz,0,1772695519.5747523,pre_epoch_stale
profile1d_linear__robust_ossm_ekf,38_1,/home/gongjae/Projects/resPyre/results/cohface_robust_ossm/aux/profile1d_linear__robust_ossm_ekf/frame_logs/38_1.npz,38_1.npz,0,1772695530.0417845,pre_epoch_stale
profile1d_linear__robust_ossm_ekf,38_2,/home/gongjae/Projects/resPyre/results/cohface_robust_ossm/aux/profile1d_linear__robust_ossm_ekf/frame_logs/38_2.npz,38_2.npz,0,1772695540.199816,pre_epoch_stale
profile1d_linear__robust_ossm_ekf,38_3,/home/gongjae/Projects/resPyre/results/cohface_robust_ossm/aux/profile1d_linear__robust_ossm_ekf/frame_logs/38_3.npz,38_3.npz,0,1772695550.4448476,pre_epoch_stale
profile1d_linear__robust_ossm_ekf,39_0,/home/gongjae/Projects/resPyre/results/cohface_robust_ossm/aux/profile1d_linear__robust_ossm_ekf/frame_logs/39_0.npz,39_0.npz,0,1772695560.94288,pre_epoch_stale
profile1d_linear__robust_ossm_ekf,39_1,/home/gongjae/Projects/resPyre/results/cohface_robust_ossm/aux/profile1d_linear__robust_ossm_ekf/frame_logs/39_1.npz,39_1.npz,0,1772695571.3719122,pre_epoch_stale
profile1d_linear__robust_ossm_ekf,39_2,/home/gongjae/Projects/resPyre/results/cohface_robust_ossm/aux/profile1d_linear__robust_ossm_ekf/frame_logs/39_2.npz,39_2.npz,0,1772695581.8279445,pre_epoch_stale
profile1d_linear__robust_ossm_ekf,39_3,/home/gongjae/Projects/resPyre/results/cohface_robust_ossm/aux/profile1d_linear__robust_ossm_ekf/frame_logs/39_3.npz,39_3.npz,0,1772695592.4659777,pre_epoch_stale
profile1d_linear__robust_ossm_ekf,3_0,/home/gongjae/Projects/resPyre/results/cohface_robust_ossm/aux/profile1d_linear__robust_ossm_ekf/frame_logs/3_0.npz,3_0.npz,0,1772693952.442611,pre_epoch_stale
profile1d_linear__robust_ossm_ekf,3_1,/home/gongjae/Projects/resPyre/results/cohface_robust_ossm/aux/profile1d_linear__robust_ossm_ekf/frame_logs/3_1.npz,3_1.npz,0,1772693963.3956552,pre_epoch_stale
profile1d_linear__robust_ossm_ekf,3_2,/home/gongjae/Projects/resPyre/results/cohface_robust_ossm/aux/profile1d_linear__robust_ossm_ekf/frame_logs/3_2.npz,3_2.npz,0,1772693974.3426993,pre_epoch_stale
profile1d_linear__robust_ossm_ekf,3_3,/home/gongjae/Projects/resPyre/results/cohface_robust_ossm/aux/profile1d_linear__robust_ossm_ekf/frame_logs/3_3.npz,3_3.npz,0,1772693985.3637435,pre_epoch_stale
profile1d_linear__robust_ossm_ekf,40_0,/home/gongjae/Projects/resPyre/results/cohface_robust_ossm/aux/profile1d_linear__robust_ossm_ekf/frame_logs/40_0.npz,40_0.npz,0,1772695603.1300106,pre_epoch_stale
profile1d_linear__robust_ossm_ekf,40_1,/home/gongjae/Projects/resPyre/results/cohface_robust_ossm/aux/profile1d_linear__robust_ossm_ekf/frame_logs/40_1.npz,40_1.npz,0,1772695613.5460432,pre_epoch_stale
profile1d_linear__robust_ossm_ekf,40_2,/home/gongjae/Projects/resPyre/results/cohface_robust_ossm/aux/profile1d_linear__robust_ossm_ekf/frame_logs/40_2.npz,40_2.npz,0,1772695623.8250751,pre_epoch_stale
profile1d_linear__robust_ossm_ekf,40_3,/home/gongjae/Projects/resPyre/results/cohface_robust_ossm/aux/profile1d_linear__robust_ossm_ekf/frame_logs/40_3.npz,40_3.npz,0,1772695634.122107,pre_epoch_stale
profile1d_linear__robust_ossm_ekf,4_0,/home/gongjae/Projects/resPyre/results/cohface_robust_ossm/aux/profile1d_linear__robust_ossm_ekf/frame_logs/4_0.npz,4_0.npz,0,1772693996.238787,pre_epoch_stale
profile1d_linear__robust_ossm_ekf,4_1,/home/gongjae/Projects/resPyre/results/cohface_robust_ossm/aux/profile1d_linear__robust_ossm_ekf/frame_logs/4_1.npz,4_1.npz,0,1772694006.9328296,pre_epoch_stale
profile1d_linear__robust_ossm_ekf,4_2,/home/gongjae/Projects/resPyre/results/cohface_robust_ossm/aux/profile1d_linear__robust_ossm_ekf/frame_logs/4_2.npz,4_2.npz,0,1772694017.855873,pre_epoch_stale
profile1d_linear__robust_ossm_ekf,4_3,/home/gongjae/Projects/resPyre/results/cohface_robust_ossm/aux/profile1d_linear__robust_ossm_ekf/frame_logs/4_3.npz,4_3.npz,0,1772694028.8729167,pre_epoch_stale
profile1d_linear__robust_ossm_ekf,5_0,/home/gongjae/Projects/resPyre/results/cohface_robust_ossm/aux/profile1d_linear__robust_ossm_ekf/frame_logs/5_0.npz,5_0.npz,0,1772694039.7359595,pre_epoch_stale
profile1d_linear__robust_ossm_ekf,5_1,/home/gongjae/Projects/resPyre/results/cohface_robust_ossm/aux/profile1d_linear__robust_ossm_ekf/frame_logs/5_1.npz,5_1.npz,0,1772694050.6860025,pre_epoch_stale
profile1d_linear__robust_ossm_ekf,5_2,/home/gongjae/Projects/resPyre/results/cohface_robust_ossm/aux/profile1d_linear__robust_ossm_ekf/frame_logs/5_2.npz,5_2.npz,0,1772694061.4500449,pre_epoch_stale
profile1d_linear__robust_ossm_ekf,5_3,/home/gongjae/Projects/resPyre/results/cohface_robust_ossm/aux/profile1d_linear__robust_ossm_ekf/frame_logs/5_3.npz,5_3.npz,0,1772694072.2980874,pre_epoch_stale
profile1d_linear__robust_ossm_ekf,6_0,/home/gongjae/Projects/resPyre/results/cohface_robust_ossm/aux/profile1d_linear__robust_ossm_ekf/frame_logs/6_0.npz,6_0.npz,0,1772694083.24513,pre_epoch_stale
profile1d_linear__robust_ossm_ekf,6_1,/home/gongjae/Projects/resPyre/results/cohface_robust_ossm/aux/profile1d_linear__robust_ossm_ekf/frame_logs/6_1.npz,6_1.npz,0,1772694094.2191727,pre_epoch_stale
profile1d_linear__robust_ossm_ekf,6_2,/home/gongjae/Projects/resPyre/results/cohface_robust_ossm/aux/profile1d_linear__robust_ossm_ekf/frame_logs/6_2.npz,6_2.npz,0,1772694105.1562152,pre_epoch_stale
profile1d_linear__robust_ossm_ekf,6_3,/home/gongjae/Projects/resPyre/results/cohface_robust_ossm/aux/profile1d_linear__robust_ossm_ekf/frame_logs/6_3.npz,6_3.npz,0,1772694116.0882573,pre_epoch_stale
profile1d_linear__robust_ossm_ekf,7_0,/home/gongjae/Projects/resPyre/results/cohface_robust_ossm/aux/profile1d_linear__robust_ossm_ekf/frame_logs/7_0.npz,7_0.npz,0,1772694127.0532997,pre_epoch_stale
profile1d_linear__robust_ossm_ekf,7_1,/home/gongjae/Projects/resPyre/results/cohface_robust_ossm/aux/profile1d_linear__robust_ossm_ekf/frame_logs/7_1.npz,7_1.npz,0,1772694137.9093416,pre_epoch_stale
profile1d_linear__robust_ossm_ekf,7_2,/home/gongjae/Projects/resPyre/results/cohface_robust_ossm/aux/profile1d_linear__robust_ossm_ekf/frame_logs/7_2.npz,7_2.npz,0,1772694148.747383,pre_epoch_stale
profile1d_linear__robust_ossm_ekf,7_3,/home/gongjae/Projects/resPyre/results/cohface_robust_ossm/aux/profile1d_linear__robust_ossm_ekf/frame_logs/7_3.npz,7_3.npz,0,1772694159.659425,pre_epoch_stale
profile1d_linear__robust_ossm_ekf,8_0,/home/gongjae/Projects/resPyre/results/cohface_robust_ossm/aux/profile1d_linear__robust_ossm_ekf/frame_logs/8_0.npz,8_0.npz,0,1772694170.5914667,pre_epoch_stale
profile1d_linear__robust_ossm_ekf,8_1,/home/gongjae/Projects/resPyre/results/cohface_robust_ossm/aux/profile1d_linear__robust_ossm_ekf/frame_logs/8_1.npz,8_1.npz,0,1772694181.5045083,pre_epoch_stale
profile1d_linear__robust_ossm_ekf,8_2,/home/gongjae/Projects/resPyre/results/cohface_robust_ossm/aux/profile1d_linear__robust_ossm_ekf/frame_logs/8_2.npz,8_2.npz,0,1772694192.3105493,pre_epoch_stale
profile1d_linear__robust_ossm_ekf,8_3,/home/gongjae/Projects/resPyre/results/cohface_robust_ossm/aux/profile1d_linear__robust_ossm_ekf/frame_logs/8_3.npz,8_3.npz,0,1772694203.248591,pre_epoch_stale
profile1d_linear__robust_ossm_ekf,9_0,/home/gongjae/Projects/resPyre/results/cohface_robust_ossm/aux/profile1d_linear__robust_ossm_ekf/frame_logs/9_0.npz,9_0.npz,0,1772694214.2846327,pre_epoch_stale
profile1d_linear__robust_ossm_ekf,9_1,/home/gongjae/Projects/resPyre/results/cohface_robust_ossm/aux/profile1d_linear__robust_ossm_ekf/frame_logs/9_1.npz,9_1.npz,0,1772694225.6126754,pre_epoch_stale
profile1d_linear__robust_ossm_ekf,9_2,/home/gongjae/Projects/resPyre/results/cohface_robust_ossm/aux/profile1d_linear__robust_ossm_ekf/frame_logs/9_2.npz,9_2.npz,0,1772694236.8697178,pre_epoch_stale
profile1d_linear__robust_ossm_ekf,9_3,/home/gongjae/Projects/resPyre/results/cohface_robust_ossm/aux/profile1d_linear__robust_ossm_ekf/frame_logs/9_3.npz,9_3.npz,0,1772694248.324761,pre_epoch_stale
profile1d_quadratic__robust_ossm_ekf,10_0,/home/gongjae/Projects/resPyre/results/cohface_robust_ossm/aux/profile1d_quadratic__robust_ossm_ekf/frame_logs/10_0.npz,10_0.npz,0,1772694261.5958107,pre_epoch_stale
profile1d_quadratic__robust_ossm_ekf,10_1,/home/gongjae/Projects/resPyre/results/cohface_robust_ossm/aux/profile1d_quadratic__robust_ossm_ekf/frame_logs/10_1.npz,10_1.npz,0,1772694272.717852,pre_epoch_stale
profile1d_quadratic__robust_ossm_ekf,10_2,/home/gongjae/Projects/resPyre/results/cohface_robust_ossm/aux/profile1d_quadratic__robust_ossm_ekf/frame_logs/10_2.npz,10_2.npz,0,1772694283.8598938,pre_epoch_stale
profile1d_quadratic__robust_ossm_ekf,10_3,/home/gongjae/Projects/resPyre/results/cohface_robust_ossm/aux/profile1d_quadratic__robust_ossm_ekf/frame_logs/10_3.npz,10_3.npz,0,1772694294.9889352,pre_epoch_stale
profile1d_quadratic__robust_ossm_ekf,11_0,/home/gongjae/Projects/resPyre/results/cohface_robust_ossm/aux/profile1d_quadratic__robust_ossm_ekf/frame_logs/11_0.npz,11_0.npz,0,1772694306.1679769,pre_epoch_stale
profile1d_quadratic__robust_ossm_ekf,11_1,/home/gongjae/Projects/resPyre/results/cohface_robust_ossm/aux/profile1d_quadratic__robust_ossm_ekf/frame_logs/11_1.npz,11_1.npz,0,1772694317.6280193,pre_epoch_stale
profile1d_quadratic__robust_ossm_ekf,11_2,/home/gongjae/Projects/resPyre/results/cohface_robust_ossm/aux/profile1d_quadratic__robust_ossm_ekf/frame_logs/11_2.npz,11_2.npz,0,1772694328.9470613,pre_epoch_stale
profile1d_quadratic__robust_ossm_ekf,11_3,/home/gongjae/Projects/resPyre/results/cohface_robust_ossm/aux/profile1d_quadratic__robust_ossm_ekf/frame_logs/11_3.npz,11_3.npz,0,1772694340.0111022,pre_epoch_stale
profile1d_quadratic__robust_ossm_ekf,12_0,/home/gongjae/Projects/resPyre/results/cohface_robust_ossm/aux/profile1d_quadratic__robust_ossm_ekf/frame_logs/12_0.npz,12_0.npz,0,1772694353.6571527,pre_epoch_stale
profile1d_quadratic__robust_ossm_ekf,12_1,/home/gongjae/Projects/resPyre/results/cohface_robust_ossm/aux/profile1d_quadratic__robust_ossm_ekf/frame_logs/12_1.npz,12_1.npz,0,1772694365.3921957,pre_epoch_stale
profile1d_quadratic__robust_ossm_ekf,12_2,/home/gongjae/Projects/resPyre/results/cohface_robust_ossm/aux/profile1d_quadratic__robust_ossm_ekf/frame_logs/12_2.npz,12_2.npz,0,1772694377.0462387,pre_epoch_stale
profile1d_quadratic__robust_ossm_ekf,12_3,/home/gongjae/Projects/resPyre/results/cohface_robust_ossm/aux/profile1d_quadratic__robust_ossm_ekf/frame_logs/12_3.npz,12_3.npz,0,1772694388.2922797,pre_epoch_stale
profile1d_quadratic__robust_ossm_ekf,13_0,/home/gongjae/Projects/resPyre/results/cohface_robust_ossm/aux/profile1d_quadratic__robust_ossm_ekf/frame_logs/13_0.npz,13_0.npz,0,1772694399.4203205,pre_epoch_stale
profile1d_quadratic__robust_ossm_ekf,13_1,/home/gongjae/Projects/resPyre/results/cohface_robust_ossm/aux/profile1d_quadratic__robust_ossm_ekf/frame_logs/13_1.npz,13_1.npz,0,1772694410.6623616,pre_epoch_stale
profile1d_quadratic__robust_ossm_ekf,13_2,/home/gongjae/Projects/resPyre/results/cohface_robust_ossm/aux/profile1d_quadratic__robust_ossm_ekf/frame_logs/13_2.npz,13_2.npz,0,1772694421.981403,pre_epoch_stale
profile1d_quadratic__robust_ossm_ekf,13_3,/home/gongjae/Projects/resPyre/results/cohface_robust_ossm/aux/profile1d_quadratic__robust_ossm_ekf/frame_logs/13_3.npz,13_3.npz,0,1772694433.1304436,pre_epoch_stale
profile1d_quadratic__robust_ossm_ekf,14_0,/home/gongjae/Projects/resPyre/results/cohface_robust_ossm/aux/profile1d_quadratic__robust_ossm_ekf/frame_logs/14_0.npz,14_0.npz,0,1772694444.4114847,pre_epoch_stale
profile1d_quadratic__robust_ossm_ekf,14_1,/home/gongjae/Projects/resPyre/results/cohface_robust_ossm/aux/profile1d_quadratic__robust_ossm_ekf/frame_logs/14_1.npz,14_1.npz,0,1772694455.768526,pre_epoch_stale
profile1d_quadratic__robust_ossm_ekf,14_2,/home/gongjae/Projects/resPyre/results/cohface_robust_ossm/aux/profile1d_quadratic__robust_ossm_ekf/frame_logs/14_2.npz,14_2.npz,0,1772694467.1245673,pre_epoch_stale
profile1d_quadratic__robust_ossm_ekf,14_3,/home/gongjae/Projects/resPyre/results/cohface_robust_ossm/aux/profile1d_quadratic__robust_ossm_ekf/frame_logs/14_3.npz,14_3.npz,0,1772694478.4676082,pre_epoch_stale
profile1d_quadratic__robust_ossm_ekf,15_0,/home/gongjae/Projects/resPyre/results/cohface_robust_ossm/aux/profile1d_quadratic__robust_ossm_ekf/frame_logs/15_0.npz,15_0.npz,0,1772694490.2046506,pre_epoch_stale
profile1d_quadratic__robust_ossm_ekf,15_1,/home/gongjae/Projects/resPyre/results/cohface_robust_ossm/aux/profile1d_quadratic__robust_ossm_ekf/frame_logs/15_1.npz,15_1.npz,0,1772694501.4996915,pre_epoch_stale
profile1d_quadratic__robust_ossm_ekf,15_2,/home/gongjae/Projects/resPyre/results/cohface_robust_ossm/aux/profile1d_quadratic__robust_ossm_ekf/frame_logs/15_2.npz,15_2.npz,0,1772694512.713732,pre_epoch_stale
profile1d_quadratic__robust_ossm_ekf,15_3,/home/gongjae/Projects/resPyre/results/cohface_robust_ossm/aux/profile1d_quadratic__robust_ossm_ekf/frame_logs/15_3.npz,15_3.npz,0,1772694524.0387728,pre_epoch_stale
profile1d_quadratic__robust_ossm_ekf,16_0,/home/gongjae/Projects/resPyre/results/cohface_robust_ossm/aux/profile1d_quadratic__robust_ossm_ekf/frame_logs/16_0.npz,16_0.npz,0,1772694535.201813,pre_epoch_stale
profile1d_quadratic__robust_ossm_ekf,16_1,/home/gongjae/Projects/resPyre/results/cohface_robust_ossm/aux/profile1d_quadratic__robust_ossm_ekf/frame_logs/16_1.npz,16_1.npz,0,1772694546.4338531,pre_epoch_stale
profile1d_quadratic__robust_ossm_ekf,16_2,/home/gongjae/Projects/resPyre/results/cohface_robust_ossm/aux/profile1d_quadratic__robust_ossm_ekf/frame_logs/16_2.npz,16_2.npz,0,1772694557.5838933,pre_epoch_stale
profile1d_quadratic__robust_ossm_ekf,16_3,/home/gongjae/Projects/resPyre/results/cohface_robust_ossm/aux/profile1d_quadratic__robust_ossm_ekf/frame_logs/16_3.npz,16_3.npz,0,1772694568.718933,pre_epoch_stale
profile1d_quadratic__robust_ossm_ekf,17_0,/home/gongjae/Projects/resPyre/results/cohface_robust_ossm/aux/profile1d_quadratic__robust_ossm_ekf/frame_logs/17_0.npz,17_0.npz,0,1772694579.9169734,pre_epoch_stale
profile1d_quadratic__robust_ossm_ekf,17_1,/home/gongjae/Projects/resPyre/results/cohface_robust_ossm/aux/profile1d_quadratic__robust_ossm_ekf/frame_logs/17_1.npz,17_1.npz,0,1772694591.026013,pre_epoch_stale
profile1d_quadratic__robust_ossm_ekf,17_2,/home/gongjae/Projects/resPyre/results/cohface_robust_ossm/aux/profile1d_quadratic__robust_ossm_ekf/frame_logs/17_2.npz,17_2.npz,0,1772694601.8870518,pre_epoch_stale
profile1d_quadratic__robust_ossm_ekf,17_3,/home/gongjae/Projects/resPyre/results/cohface_robust_ossm/aux/profile1d_quadratic__robust_ossm_ekf/frame_logs/17_3.npz,17_3.npz,0,1772694612.901091,pre_epoch_stale
profile1d_quadratic__robust_ossm_ekf,18_0,/home/gongjae/Projects/resPyre/results/cohface_robust_ossm/aux/profile1d_quadratic__robust_ossm_ekf/frame_logs/18_0.npz,18_0.npz,0,1772694624.1921313,pre_epoch_stale
profile1d_quadratic__robust_ossm_ekf,18_1,/home/gongjae/Projects/resPyre/results/cohface_robust_ossm/aux/profile1d_quadratic__robust_ossm_ekf/frame_logs/18_1.npz,18_1.npz,0,1772694635.409171,pre_epoch_stale
profile1d_quadratic__robust_ossm_ekf,18_2,/home/gongjae/Projects/resPyre/results/cohface_robust_ossm/aux/profile1d_quadratic__robust_ossm_ekf/frame_logs/18_2.npz,18_2.npz,0,1772694646.32021,pre_epoch_stale
profile1d_quadratic__robust_ossm_ekf,18_3,/home/gongjae/Projects/resPyre/results/cohface_robust_ossm/aux/profile1d_quadratic__robust_ossm_ekf/frame_logs/18_3.npz,18_3.npz,0,1772694657.61325,pre_epoch_stale
profile1d_quadratic__robust_ossm_ekf,19_0,/home/gongjae/Projects/resPyre/results/cohface_robust_ossm/aux/profile1d_quadratic__robust_ossm_ekf/frame_logs/19_0.npz,19_0.npz,0,1772694668.613289,pre_epoch_stale
profile1d_quadratic__robust_ossm_ekf,19_1,/home/gongjae/Projects/resPyre/results/cohface_robust_ossm/aux/profile1d_quadratic__robust_ossm_ekf/frame_logs/19_1.npz,19_1.npz,0,1772694679.6333282,pre_epoch_stale
profile1d_quadratic__robust_ossm_ekf,19_2,/home/gongjae/Projects/resPyre/results/cohface_robust_ossm/aux/profile1d_quadratic__robust_ossm_ekf/frame_logs/19_2.npz,19_2.npz,0,1772694690.596367,pre_epoch_stale
profile1d_quadratic__robust_ossm_ekf,19_3,/home/gongjae/Projects/resPyre/results/cohface_robust_ossm/aux/profile1d_quadratic__robust_ossm_ekf/frame_logs/19_3.npz,19_3.npz,0,1772694701.580406,pre_epoch_stale
profile1d_quadratic__robust_ossm_ekf,1_0,/home/gongjae/Projects/resPyre/results/cohface_robust_ossm/aux/profile1d_quadratic__robust_ossm_ekf/frame_logs/1_0.npz,1_0.npz,0,1772693866.1032567,pre_epoch_stale
profile1d_quadratic__robust_ossm_ekf,1_1,/home/gongjae/Projects/resPyre/results/cohface_robust_ossm/aux/profile1d_quadratic__robust_ossm_ekf/frame_logs/1_1.npz,1_1.npz,0,1772693877.0803022,pre_epoch_stale
profile1d_quadratic__robust_ossm_ekf,1_2,/home/gongjae/Projects/resPyre/results/cohface_robust_ossm/aux/profile1d_quadratic__robust_ossm_ekf/frame_logs/1_2.npz,1_2.npz,0,1772693888.123348,pre_epoch_stale
profile1d_quadratic__robust_ossm_ekf,1_3,/home/gongjae/Projects/resPyre/results/cohface_robust_ossm/aux/profile1d_quadratic__robust_ossm_ekf/frame_logs/1_3.npz,1_3.npz,0,1772693899.1803937,pre_epoch_stale
profile1d_quadratic__robust_ossm_ekf,20_0,/home/gongjae/Projects/resPyre/results/cohface_robust_ossm/aux/profile1d_quadratic__robust_ossm_ekf/frame_logs/20_0.npz,20_0.npz,0,1772694712.5964448,pre_epoch_stale
profile1d_quadratic__robust_ossm_ekf,20_1,/home/gongjae/Projects/resPyre/results/cohface_robust_ossm/aux/profile1d_quadratic__robust_ossm_ekf/frame_logs/20_1.npz,20_1.npz,0,1772694723.4964833,pre_epoch_stale
profile1d_quadratic__robust_ossm_ekf,20_2,/home/gongjae/Projects/resPyre/results/cohface_robust_ossm/aux/profile1d_quadratic__robust_ossm_ekf/frame_logs/20_2.npz,20_2.npz,0,1772694734.3955216,pre_epoch_stale
profile1d_quadratic__robust_ossm_ekf,20_3,/home/gongjae/Projects/resPyre/results/cohface_robust_ossm/aux/profile1d_quadratic__robust_ossm_ekf/frame_logs/20_3.npz,20_3.npz,0,1772694745.4095604,pre_epoch_stale
profile1d_quadratic__robust_ossm_ekf,21_0,/home/gongjae/Projects/resPyre/results/cohface_robust_ossm/aux/profile1d_quadratic__robust_ossm_ekf/frame_logs/21_0.npz,21_0.npz,0,1772694756.2635987,pre_epoch_stale
profile1d_quadratic__robust_ossm_ekf,21_1,/home/gongjae/Projects/resPyre/results/cohface_robust_ossm/aux/profile1d_quadratic__robust_ossm_ekf/frame_logs/21_1.npz,21_1.npz,0,1772694767.1986282,pre_epoch_stale
profile1d_quadratic__robust_ossm_ekf,21_2,/home/gongjae/Projects/resPyre/results/cohface_robust_ossm/aux/profile1d_quadratic__robust_ossm_ekf/frame_logs/21_2.npz,21_2.npz,0,1772694778.1386547,pre_epoch_stale
profile1d_quadratic__robust_ossm_ekf,21_3,/home/gongjae/Projects/resPyre/results/cohface_robust_ossm/aux/profile1d_quadratic__robust_ossm_ekf/frame_logs/21_3.npz,21_3.npz,0,1772694789.1166813,pre_epoch_stale
profile1d_quadratic__robust_ossm_ekf,22_0,/home/gongjae/Projects/resPyre/results/cohface_robust_ossm/aux/profile1d_quadratic__robust_ossm_ekf/frame_logs/22_0.npz,22_0.npz,0,1772694800.1257086,pre_epoch_stale
profile1d_quadratic__robust_ossm_ekf,22_1,/home/gongjae/Projects/resPyre/results/cohface_robust_ossm/aux/profile1d_quadratic__robust_ossm_ekf/frame_logs/22_1.npz,22_1.npz,0,1772694810.872735,pre_epoch_stale
profile1d_quadratic__robust_ossm_ekf,22_2,/home/gongjae/Projects/resPyre/results/cohface_robust_ossm/aux/profile1d_quadratic__robust_ossm_ekf/frame_logs/22_2.npz,22_2.npz,0,1772694821.9307628,pre_epoch_stale
profile1d_quadratic__robust_ossm_ekf,22_3,/home/gongjae/Projects/resPyre/results/cohface_robust_ossm/aux/profile1d_quadratic__robust_ossm_ekf/frame_logs/22_3.npz,22_3.npz,0,1772694832.87579,pre_epoch_stale
profile1d_quadratic__robust_ossm_ekf,23_0,/home/gongjae/Projects/resPyre/results/cohface_robust_ossm/aux/profile1d_quadratic__robust_ossm_ekf/frame_logs/23_0.npz,23_0.npz,0,1772694843.7228174,pre_epoch_stale
profile1d_quadratic__robust_ossm_ekf,23_1,/home/gongjae/Projects/resPyre/results/cohface_robust_ossm/aux/profile1d_quadratic__robust_ossm_ekf/frame_logs/23_1.npz,23_1.npz,0,1772694854.6688454,pre_epoch_stale
profile1d_quadratic__robust_ossm_ekf,23_2,/home/gongjae/Projects/resPyre/results/cohface_robust_ossm/aux/profile1d_quadratic__robust_ossm_ekf/frame_logs/23_2.npz,23_2.npz,0,1772694865.559873,pre_epoch_stale
profile1d_quadratic__robust_ossm_ekf,23_3,/home/gongjae/Projects/resPyre/results/cohface_robust_ossm/aux/profile1d_quadratic__robust_ossm_ekf/frame_logs/23_3.npz,23_3.npz,0,1772694876.5169013,pre_epoch_stale
profile1d_quadratic__robust_ossm_ekf,24_0,/home/gongjae/Projects/resPyre/results/cohface_robust_ossm/aux/profile1d_quadratic__robust_ossm_ekf/frame_logs/24_0.npz,24_0.npz,0,1772694887.4229295,pre_epoch_stale
profile1d_quadratic__robust_ossm_ekf,24_1,/home/gongjae/Projects/resPyre/results/cohface_robust_ossm/aux/profile1d_quadratic__robust_ossm_ekf/frame_logs/24_1.npz,24_1.npz,0,1772694898.403958,pre_epoch_stale
profile1d_quadratic__robust_ossm_ekf,24_2,/home/gongjae/Projects/resPyre/results/cohface_robust_ossm/aux/profile1d_quadratic__robust_ossm_ekf/frame_logs/24_2.npz,24_2.npz,0,1772694909.4669871,pre_epoch_stale
profile1d_quadratic__robust_ossm_ekf,24_3,/home/gongjae/Projects/resPyre/results/cohface_robust_ossm/aux/profile1d_quadratic__robust_ossm_ekf/frame_logs/24_3.npz,24_3.npz,0,1772694920.3520157,pre_epoch_stale
profile1d_quadratic__robust_ossm_ekf,25_0,/home/gongjae/Projects/resPyre/results/cohface_robust_ossm/aux/profile1d_quadratic__robust_ossm_ekf/frame_logs/25_0.npz,25_0.npz,0,1772694931.6220455,pre_epoch_stale
profile1d_quadratic__robust_ossm_ekf,25_1,/home/gongjae/Projects/resPyre/results/cohface_robust_ossm/aux/profile1d_quadratic__robust_ossm_ekf/frame_logs/25_1.npz,25_1.npz,0,1772694942.8800755,pre_epoch_stale
profile1d_quadratic__robust_ossm_ekf,25_2,/home/gongjae/Projects/resPyre/results/cohface_robust_ossm/aux/profile1d_quadratic__robust_ossm_ekf/frame_logs/25_2.npz,25_2.npz,0,1772694954.0871053,pre_epoch_stale
profile1d_quadratic__robust_ossm_ekf,25_3,/home/gongjae/Projects/resPyre/results/cohface_robust_ossm/aux/profile1d_quadratic__robust_ossm_ekf/frame_logs/25_3.npz,25_3.npz,0,1772694965.2851353,pre_epoch_stale
profile1d_quadratic__robust_ossm_ekf,26_0,/home/gongjae/Projects/resPyre/results/cohface_robust_ossm/aux/profile1d_quadratic__robust_ossm_ekf/frame_logs/26_0.npz,26_0.npz,0,1772694976.4211655,pre_epoch_stale
profile1d_quadratic__robust_ossm_ekf,26_1,/home/gongjae/Projects/resPyre/results/cohface_robust_ossm/aux/profile1d_quadratic__robust_ossm_ekf/frame_logs/26_1.npz,26_1.npz,0,1772694987.6631958,pre_epoch_stale
profile1d_quadratic__robust_ossm_ekf,26_2,/home/gongjae/Projects/resPyre/results/cohface_robust_ossm/aux/profile1d_quadratic__robust_ossm_ekf/frame_logs/26_2.npz,26_2.npz,0,1772694998.9822266,pre_epoch_stale
profile1d_quadratic__robust_ossm_ekf,26_3,/home/gongjae/Projects/resPyre/results/cohface_robust_ossm/aux/profile1d_quadratic__robust_ossm_ekf/frame_logs/26_3.npz,26_3.npz,0,1772695010.0112567,pre_epoch_stale
profile1d_quadratic__robust_ossm_ekf,27_0,/home/gongjae/Projects/resPyre/results/cohface_robust_ossm/aux/profile1d_quadratic__robust_ossm_ekf/frame_logs/27_0.npz,27_0.npz,0,1772695021.1312873,pre_epoch_stale
profile1d_quadratic__robust_ossm_ekf,27_1,/home/gongjae/Projects/resPyre/results/cohface_robust_ossm/aux/profile1d_quadratic__robust_ossm_ekf/frame_logs/27_1.npz,27_1.npz,0,1772695032.3483183,pre_epoch_stale
profile1d_quadratic__robust_ossm_ekf,27_2,/home/gongjae/Projects/resPyre/results/cohface_robust_ossm/aux/profile1d_quadratic__robust_ossm_ekf/frame_logs/27_2.npz,27_2.npz,0,1772695043.74835,pre_epoch_stale
profile1d_quadratic__robust_ossm_ekf,27_3,/home/gongjae/Projects/resPyre/results/cohface_robust_ossm/aux/profile1d_quadratic__robust_ossm_ekf/frame_logs/27_3.npz,27_3.npz,0,1772695055.0623813,pre_epoch_stale
profile1d_quadratic__robust_ossm_ekf,28_0,/home/gongjae/Projects/resPyre/results/cohface_robust_ossm/aux/profile1d_quadratic__robust_ossm_ekf/frame_logs/28_0.npz,28_0.npz,0,1772695066.430413,pre_epoch_stale
profile1d_quadratic__robust_ossm_ekf,28_1,/home/gongjae/Projects/resPyre/results/cohface_robust_ossm/aux/profile1d_quadratic__robust_ossm_ekf/frame_logs/28_1.npz,28_1.npz,0,1772695077.5974443,pre_epoch_stale
profile1d_quadratic__robust_ossm_ekf,28_2,/home/gongjae/Projects/resPyre/results/cohface_robust_ossm/aux/profile1d_quadratic__robust_ossm_ekf/frame_logs/28_2.npz,28_2.npz,0,1772695088.9734762,pre_epoch_stale
profile1d_quadratic__robust_ossm_ekf,28_3,/home/gongjae/Projects/resPyre/results/cohface_robust_ossm/aux/profile1d_quadratic__robust_ossm_ekf/frame_logs/28_3.npz,28_3.npz,0,1772695100.255508,pre_epoch_stale
profile1d_quadratic__robust_ossm_ekf,29_0,/home/gongjae/Projects/resPyre/results/cohface_robust_ossm/aux/profile1d_quadratic__robust_ossm_ekf/frame_logs/29_0.npz,29_0.npz,0,1772695118.7185602,pre_epoch_stale
profile1d_quadratic__robust_ossm_ekf,29_1,/home/gongjae/Projects/resPyre/results/cohface_robust_ossm/aux/profile1d_quadratic__robust_ossm_ekf/frame_logs/29_1.npz,29_1.npz,0,1772695131.3645964,pre_epoch_stale
profile1d_quadratic__robust_ossm_ekf,29_2,/home/gongjae/Projects/resPyre/results/cohface_robust_ossm/aux/profile1d_quadratic__robust_ossm_ekf/frame_logs/29_2.npz,29_2.npz,0,1772695142.6556284,pre_epoch_stale
profile1d_quadratic__robust_ossm_ekf,29_3,/home/gongjae/Projects/resPyre/results/cohface_robust_ossm/aux/profile1d_quadratic__robust_ossm_ekf/frame_logs/29_3.npz,29_3.npz,0,1772695154.6516628,pre_epoch_stale
profile1d_quadratic__robust_ossm_ekf,2_0,/home/gongjae/Projects/resPyre/results/cohface_robust_ossm/aux/profile1d_quadratic__robust_ossm_ekf/frame_logs/2_0.npz,2_0.npz,0,1772693910.3294394,pre_epoch_stale
profile1d_quadratic__robust_ossm_ekf,2_1,/home/gongjae/Projects/resPyre/results/cohface_robust_ossm/aux/profile1d_quadratic__robust_ossm_ekf/frame_logs/2_1.npz,2_1.npz,0,1772693921.3894846,pre_epoch_stale
profile1d_quadratic__robust_ossm_ekf,2_2,/home/gongjae/Projects/resPyre/results/cohface_robust_ossm/aux/profile1d_quadratic__robust_ossm_ekf/frame_logs/2_2.npz,2_2.npz,0,1772693932.4315298,pre_epoch_stale
profile1d_quadratic__robust_ossm_ekf,2_3,/home/gongjae/Projects/resPyre/results/cohface_robust_ossm/aux/profile1d_quadratic__robust_ossm_ekf/frame_logs/2_3.npz,2_3.npz,0,1772693943.4005744,pre_epoch_stale
profile1d_quadratic__robust_ossm_ekf,30_0,/home/gongjae/Projects/resPyre/results/cohface_robust_ossm/aux/profile1d_quadratic__robust_ossm_ekf/frame_logs/30_0.npz,30_0.npz,0,1772695165.9976954,pre_epoch_stale
profile1d_quadratic__robust_ossm_ekf,30_1,/home/gongjae/Projects/resPyre/results/cohface_robust_ossm/aux/profile1d_quadratic__robust_ossm_ekf/frame_logs/30_1.npz,30_1.npz,0,1772695177.0577273,pre_epoch_stale
profile1d_quadratic__robust_ossm_ekf,30_2,/home/gongjae/Projects/resPyre/results/cohface_robust_ossm/aux/profile1d_quadratic__robust_ossm_ekf/frame_logs/30_2.npz,30_2.npz,0,1772695188.3287601,pre_epoch_stale
profile1d_quadratic__robust_ossm_ekf,30_3,/home/gongjae/Projects/resPyre/results/cohface_robust_ossm/aux/profile1d_quadratic__robust_ossm_ekf/frame_logs/30_3.npz,30_3.npz,0,1772695199.4447923,pre_epoch_stale
profile1d_quadratic__robust_ossm_ekf,31_0,/home/gongjae/Projects/resPyre/results/cohface_robust_ossm/aux/profile1d_quadratic__robust_ossm_ekf/frame_logs/31_0.npz,31_0.npz,0,1772695210.5838246,pre_epoch_stale
profile1d_quadratic__robust_ossm_ekf,31_1,/home/gongjae/Projects/resPyre/results/cohface_robust_ossm/aux/profile1d_quadratic__robust_ossm_ekf/frame_logs/31_1.npz,31_1.npz,0,1772695221.8638575,pre_epoch_stale
profile1d_quadratic__robust_ossm_ekf,31_2,/home/gongjae/Projects/resPyre/results/cohface_robust_ossm/aux/profile1d_quadratic__robust_ossm_ekf/frame_logs/31_2.npz,31_2.npz,0,1772695233.1998906,pre_epoch_stale
profile1d_quadratic__robust_ossm_ekf,31_3,/home/gongjae/Projects/resPyre/results/cohface_robust_ossm/aux/profile1d_quadratic__robust_ossm_ekf/frame_logs/31_3.npz,31_3.npz,0,1772695244.561924,pre_epoch_stale
profile1d_quadratic__robust_ossm_ekf,32_0,/home/gongjae/Projects/resPyre/results/cohface_robust_ossm/aux/profile1d_quadratic__robust_ossm_ekf/frame_logs/32_0.npz,32_0.npz,0,1772695255.7219567,pre_epoch_stale
profile1d_quadratic__robust_ossm_ekf,32_1,/home/gongjae/Projects/resPyre/results/cohface_robust_ossm/aux/profile1d_quadratic__robust_ossm_ekf/frame_logs/32_1.npz,32_1.npz,0,1772695266.650989,pre_epoch_stale
profile1d_quadratic__robust_ossm_ekf,32_2,/home/gongjae/Projects/resPyre/results/cohface_robust_ossm/aux/profile1d_quadratic__robust_ossm_ekf/frame_logs/32_2.npz,32_2.npz,0,1772695277.7580218,pre_epoch_stale
profile1d_quadratic__robust_ossm_ekf,32_3,/home/gongjae/Projects/resPyre/results/cohface_robust_ossm/aux/profile1d_quadratic__robust_ossm_ekf/frame_logs/32_3.npz,32_3.npz,0,1772695288.981055,pre_epoch_stale
profile1d_quadratic__robust_ossm_ekf,33_0,/home/gongjae/Projects/resPyre/results/cohface_robust_ossm/aux/profile1d_quadratic__robust_ossm_ekf/frame_logs/33_0.npz,33_0.npz,0,1772695299.9840877,pre_epoch_stale
profile1d_quadratic__robust_ossm_ekf,33_1,/home/gongjae/Projects/resPyre/results/cohface_robust_ossm/aux/profile1d_quadratic__robust_ossm_ekf/frame_logs/33_1.npz,33_1.npz,0,1772695311.227121,pre_epoch_stale
profile1d_quadratic__robust_ossm_ekf,33_2,/home/gongjae/Projects/resPyre/results/cohface_robust_ossm/aux/profile1d_quadratic__robust_ossm_ekf/frame_logs/33_2.npz,33_2.npz,0,1772695322.4491546,pre_epoch_stale
profile1d_quadratic__robust_ossm_ekf,33_3,/home/gongjae/Projects/resPyre/results/cohface_robust_ossm/aux/profile1d_quadratic__robust_ossm_ekf/frame_logs/33_3.npz,33_3.npz,0,1772695333.4891875,pre_epoch_stale
profile1d_quadratic__robust_ossm_ekf,34_0,/home/gongjae/Projects/resPyre/results/cohface_robust_ossm/aux/profile1d_quadratic__robust_ossm_ekf/frame_logs/34_0.npz,34_0.npz,0,1772695344.5872207,pre_epoch_stale
profile1d_quadratic__robust_ossm_ekf,34_1,/home/gongjae/Projects/resPyre/results/cohface_robust_ossm/aux/profile1d_quadratic__robust_ossm_ekf/frame_logs/34_1.npz,34_1.npz,0,1772695355.8052545,pre_epoch_stale
profile1d_quadratic__robust_ossm_ekf,34_2,/home/gongjae/Projects/resPyre/results/cohface_robust_ossm/aux/profile1d_quadratic__robust_ossm_ekf/frame_logs/34_2.npz,34_2.npz,0,1772695366.961288,pre_epoch_stale
profile1d_quadratic__robust_ossm_ekf,34_3,/home/gongjae/Projects/resPyre/results/cohface_robust_ossm/aux/profile1d_quadratic__robust_ossm_ekf/frame_logs/34_3.npz,34_3.npz,0,1772695377.9773211,pre_epoch_stale
profile1d_quadratic__robust_ossm_ekf,35_0,/home/gongjae/Projects/resPyre/results/cohface_robust_ossm/aux/profile1d_quadratic__robust_ossm_ekf/frame_logs/35_0.npz,35_0.npz,0,1772695389.0823545,pre_epoch_stale
profile1d_quadratic__robust_ossm_ekf,35_1,/home/gongjae/Projects/resPyre/results/cohface_robust_ossm/aux/profile1d_quadratic__robust_ossm_ekf/frame_logs/35_1.npz,35_1.npz,0,1772695400.0453877,pre_epoch_stale
profile1d_quadratic__robust_ossm_ekf,35_2,/home/gongjae/Projects/resPyre/results/cohface_robust_ossm/aux/profile1d_quadratic__robust_ossm_ekf/frame_logs/35_2.npz,35_2.npz,0,1772695411.2374215,pre_epoch_stale
profile1d_quadratic__robust_ossm_ekf,35_3,/home/gongjae/Projects/resPyre/results/cohface_robust_ossm/aux/profile1d_quadratic__robust_ossm_ekf/frame_logs/35_3.npz,35_3.npz,0,1772695422.5154557,pre_epoch_stale
profile1d_quadratic__robust_ossm_ekf,36_0,/home/gongjae/Projects/resPyre/results/cohface_robust_ossm/aux/profile1d_quadratic__robust_ossm_ekf/frame_logs/36_0.npz,36_0.npz,0,1772695433.6824896,pre_epoch_stale
profile1d_quadratic__robust_ossm_ekf,36_1,/home/gongjae/Projects/resPyre/results/cohface_robust_ossm/aux/profile1d_quadratic__robust_ossm_ekf/frame_logs/36_1.npz,36_1.npz,0,1772695444.7195232,pre_epoch_stale
profile1d_quadratic__robust_ossm_ekf,36_2,/home/gongjae/Projects/resPyre/results/cohface_robust_ossm/aux/profile1d_quadratic__robust_ossm_ekf/frame_logs/36_2.npz,36_2.npz,0,1772695455.9775577,pre_epoch_stale
profile1d_quadratic__robust_ossm_ekf,36_3,/home/gongjae/Projects/resPyre/results/cohface_robust_ossm/aux/profile1d_quadratic__robust_ossm_ekf/frame_logs/36_3.npz,36_3.npz,0,1772695467.1885917,pre_epoch_stale
profile1d_quadratic__robust_ossm_ekf,37_0,/home/gongjae/Projects/resPyre/results/cohface_robust_ossm/aux/profile1d_quadratic__robust_ossm_ekf/frame_logs/37_0.npz,37_0.npz,0,1772695478.1056252,pre_epoch_stale
profile1d_quadratic__robust_ossm_ekf,37_1,/home/gongjae/Projects/resPyre/results/cohface_robust_ossm/aux/profile1d_quadratic__robust_ossm_ekf/frame_logs/37_1.npz,37_1.npz,0,1772695489.112659,pre_epoch_stale
profile1d_quadratic__robust_ossm_ekf,37_2,/home/gongjae/Projects/resPyre/results/cohface_robust_ossm/aux/profile1d_quadratic__robust_ossm_ekf/frame_logs/37_2.npz,37_2.npz,0,1772695500.237693,pre_epoch_stale
profile1d_quadratic__robust_ossm_ekf,37_3,/home/gongjae/Projects/resPyre/results/cohface_robust_ossm/aux/profile1d_quadratic__robust_ossm_ekf/frame_logs/37_3.npz,37_3.npz,0,1772695511.0747263,pre_epoch_stale
profile1d_quadratic__robust_ossm_ekf,38_0,/home/gongjae/Projects/resPyre/results/cohface_robust_ossm/aux/profile1d_quadratic__robust_ossm_ekf/frame_logs/38_0.npz,38_0.npz,0,1772695521.3897579,pre_epoch_stale
profile1d_quadratic__robust_ossm_ekf,38_1,/home/gongjae/Projects/resPyre/results/cohface_robust_ossm/aux/profile1d_quadratic__robust_ossm_ekf/frame_logs/38_1.npz,38_1.npz,0,1772695531.80679,pre_epoch_stale
profile1d_quadratic__robust_ossm_ekf,38_2,/home/gongjae/Projects/resPyre/results/cohface_robust_ossm/aux/profile1d_quadratic__robust_ossm_ekf/frame_logs/38_2.npz,38_2.npz,0,1772695541.9348214,pre_epoch_stale
profile1d_quadratic__robust_ossm_ekf,38_3,/home/gongjae/Projects/resPyre/results/cohface_robust_ossm/aux/profile1d_quadratic__robust_ossm_ekf/frame_logs/38_3.npz,38_3.npz,0,1772695552.230853,pre_epoch_stale
profile1d_quadratic__robust_ossm_ekf,39_0,/home/gongjae/Projects/resPyre/results/cohface_robust_ossm/aux/profile1d_quadratic__robust_ossm_ekf/frame_logs/39_0.npz,39_0.npz,0,1772695562.7438855,pre_epoch_stale
profile1d_quadratic__robust_ossm_ekf,39_1,/home/gongjae/Projects/resPyre/results/cohface_robust_ossm/aux/profile1d_quadratic__robust_ossm_ekf/frame_logs/39_1.npz,39_1.npz,0,1772695573.194918,pre_epoch_stale
profile1d_quadratic__robust_ossm_ekf,39_2,/home/gongjae/Projects/resPyre/results/cohface_robust_ossm/aux/profile1d_quadratic__robust_ossm_ekf/frame_logs/39_2.npz,39_2.npz,0,1772695583.6339502,pre_epoch_stale
profile1d_quadratic__robust_ossm_ekf,39_3,/home/gongjae/Projects/resPyre/results/cohface_robust_ossm/aux/profile1d_quadratic__robust_ossm_ekf/frame_logs/39_3.npz,39_3.npz,0,1772695594.3689835,pre_epoch_stale
profile1d_quadratic__robust_ossm_ekf,3_0,/home/gongjae/Projects/resPyre/results/cohface_robust_ossm/aux/profile1d_quadratic__robust_ossm_ekf/frame_logs/3_0.npz,3_0.npz,0,1772693954.3486187,pre_epoch_stale
profile1d_quadratic__robust_ossm_ekf,3_1,/home/gongjae/Projects/resPyre/results/cohface_robust_ossm/aux/profile1d_quadratic__robust_ossm_ekf/frame_logs/3_1.npz,3_1.npz,0,1772693965.333663,pre_epoch_stale
profile1d_quadratic__robust_ossm_ekf,3_2,/home/gongjae/Projects/resPyre/results/cohface_robust_ossm/aux/profile1d_quadratic__robust_ossm_ekf/frame_logs/3_2.npz,3_2.npz,0,1772693976.256707,pre_epoch_stale
profile1d_quadratic__robust_ossm_ekf,3_3,/home/gongjae/Projects/resPyre/results/cohface_robust_ossm/aux/profile1d_quadratic__robust_ossm_ekf/frame_logs/3_3.npz,3_3.npz,0,1772693987.2647512,pre_epoch_stale
profile1d_quadratic__robust_ossm_ekf,40_0,/home/gongjae/Projects/resPyre/results/cohface_robust_ossm/aux/profile1d_quadratic__robust_ossm_ekf/frame_logs/40_0.npz,40_0.npz,0,1772695605.0170166,pre_epoch_stale
profile1d_quadratic__robust_ossm_ekf,40_1,/home/gongjae/Projects/resPyre/results/cohface_robust_ossm/aux/profile1d_quadratic__robust_ossm_ekf/frame_logs/40_1.npz,40_1.npz,0,1772695615.3600488,pre_epoch_stale
profile1d_quadratic__robust_ossm_ekf,40_2,/home/gongjae/Projects/resPyre/results/cohface_robust_ossm/aux/profile1d_quadratic__robust_ossm_ekf/frame_logs/40_2.npz,40_2.npz,0,1772695625.6200807,pre_epoch_stale
profile1d_quadratic__robust_ossm_ekf,40_3,/home/gongjae/Projects/resPyre/results/cohface_robust_ossm/aux/profile1d_quadratic__robust_ossm_ekf/frame_logs/40_3.npz,40_3.npz,0,1772695635.9431129,pre_epoch_stale
profile1d_quadratic__robust_ossm_ekf,4_0,/home/gongjae/Projects/resPyre/results/cohface_robust_ossm/aux/profile1d_quadratic__robust_ossm_ekf/frame_logs/4_0.npz,4_0.npz,0,1772693998.1377945,pre_epoch_stale
profile1d_quadratic__robust_ossm_ekf,4_1,/home/gongjae/Projects/resPyre/results/cohface_robust_ossm/aux/profile1d_quadratic__robust_ossm_ekf/frame_logs/4_1.npz,4_1.npz,0,1772694008.809837,pre_epoch_stale
profile1d_quadratic__robust_ossm_ekf,4_2,/home/gongjae/Projects/resPyre/results/cohface_robust_ossm/aux/profile1d_quadratic__robust_ossm_ekf/frame_logs/4_2.npz,4_2.npz,0,1772694019.7778807,pre_epoch_stale
profile1d_quadratic__robust_ossm_ekf,4_3,/home/gongjae/Projects/resPyre/results/cohface_robust_ossm/aux/profile1d_quadratic__robust_ossm_ekf/frame_logs/4_3.npz,4_3.npz,0,1772694030.7629242,pre_epoch_stale
profile1d_quadratic__robust_ossm_ekf,5_0,/home/gongjae/Projects/resPyre/results/cohface_robust_ossm/aux/profile1d_quadratic__robust_ossm_ekf/frame_logs/5_0.npz,5_0.npz,0,1772694041.623967,pre_epoch_stale
profile1d_quadratic__robust_ossm_ekf,5_1,/home/gongjae/Projects/resPyre/results/cohface_robust_ossm/aux/profile1d_quadratic__robust_ossm_ekf/frame_logs/5_1.npz,5_1.npz,0,1772694052.54001,pre_epoch_stale
profile1d_quadratic__robust_ossm_ekf,5_2,/home/gongjae/Projects/resPyre/results/cohface_robust_ossm/aux/profile1d_quadratic__robust_ossm_ekf/frame_logs/5_2.npz,5_2.npz,0,1772694063.3260522,pre_epoch_stale
profile1d_quadratic__robust_ossm_ekf,5_3,/home/gongjae/Projects/resPyre/results/cohface_robust_ossm/aux/profile1d_quadratic__robust_ossm_ekf/frame_logs/5_3.npz,5_3.npz,0,1772694074.1760945,pre_epoch_stale
profile1d_quadratic__robust_ossm_ekf,6_0,/home/gongjae/Projects/resPyre/results/cohface_robust_ossm/aux/profile1d_quadratic__robust_ossm_ekf/frame_logs/6_0.npz,6_0.npz,0,1772694085.2251377,pre_epoch_stale
profile1d_quadratic__robust_ossm_ekf,6_1,/home/gongjae/Projects/resPyre/results/cohface_robust_ossm/aux/profile1d_quadratic__robust_ossm_ekf/frame_logs/6_1.npz,6_1.npz,0,1772694096.14018,pre_epoch_stale
profile1d_quadratic__robust_ossm_ekf,6_2,/home/gongjae/Projects/resPyre/results/cohface_robust_ossm/aux/profile1d_quadratic__robust_ossm_ekf/frame_logs/6_2.npz,6_2.npz,0,1772694107.0812225,pre_epoch_stale
profile1d_quadratic__robust_ossm_ekf,6_3,/home/gongjae/Projects/resPyre/results/cohface_robust_ossm/aux/profile1d_quadratic__robust_ossm_ekf/frame_logs/6_3.npz,6_3.npz,0,1772694117.9822648,pre_epoch_stale
profile1d_quadratic__robust_ossm_ekf,7_0,/home/gongjae/Projects/resPyre/results/cohface_robust_ossm/aux/profile1d_quadratic__robust_ossm_ekf/frame_logs/7_0.npz,7_0.npz,0,1772694128.952307,pre_epoch_stale
profile1d_quadratic__robust_ossm_ekf,7_1,/home/gongjae/Projects/resPyre/results/cohface_robust_ossm/aux/profile1d_quadratic__robust_ossm_ekf/frame_logs/7_1.npz,7_1.npz,0,1772694139.823349,pre_epoch_stale
profile1d_quadratic__robust_ossm_ekf,7_2,/home/gongjae/Projects/resPyre/results/cohface_robust_ossm/aux/profile1d_quadratic__robust_ossm_ekf/frame_logs/7_2.npz,7_2.npz,0,1772694150.6203904,pre_epoch_stale
profile1d_quadratic__robust_ossm_ekf,7_3,/home/gongjae/Projects/resPyre/results/cohface_robust_ossm/aux/profile1d_quadratic__robust_ossm_ekf/frame_logs/7_3.npz,7_3.npz,0,1772694161.5534322,pre_epoch_stale
profile1d_quadratic__robust_ossm_ekf,8_0,/home/gongjae/Projects/resPyre/results/cohface_robust_ossm/aux/profile1d_quadratic__robust_ossm_ekf/frame_logs/8_0.npz,8_0.npz,0,1772694172.4954739,pre_epoch_stale
profile1d_quadratic__robust_ossm_ekf,8_1,/home/gongjae/Projects/resPyre/results/cohface_robust_ossm/aux/profile1d_quadratic__robust_ossm_ekf/frame_logs/8_1.npz,8_1.npz,0,1772694183.3705153,pre_epoch_stale
profile1d_quadratic__robust_ossm_ekf,8_2,/home/gongjae/Projects/resPyre/results/cohface_robust_ossm/aux/profile1d_quadratic__robust_ossm_ekf/frame_logs/8_2.npz,8_2.npz,0,1772694194.2025566,pre_epoch_stale
profile1d_quadratic__robust_ossm_ekf,8_3,/home/gongjae/Projects/resPyre/results/cohface_robust_ossm/aux/profile1d_quadratic__robust_ossm_ekf/frame_logs/8_3.npz,8_3.npz,0,1772694205.144598,pre_epoch_stale
profile1d_quadratic__robust_ossm_ekf,9_0,/home/gongjae/Projects/resPyre/results/cohface_robust_ossm/aux/profile1d_quadratic__robust_ossm_ekf/frame_logs/9_0.npz,9_0.npz,0,1772694216.2886403,pre_epoch_stale
profile1d_quadratic__robust_ossm_ekf,9_1,/home/gongjae/Projects/resPyre/results/cohface_robust_ossm/aux/profile1d_quadratic__robust_ossm_ekf/frame_logs/9_1.npz,9_1.npz,0,1772694227.591683,pre_epoch_stale
profile1d_quadratic__robust_ossm_ekf,9_2,/home/gongjae/Projects/resPyre/results/cohface_robust_ossm/aux/profile1d_quadratic__robust_ossm_ekf/frame_logs/9_2.npz,9_2.npz,0,1772694238.8377252,pre_epoch_stale
profile1d_quadratic__robust_ossm_ekf,9_3,/home/gongjae/Projects/resPyre/results/cohface_robust_ossm/aux/profile1d_quadratic__robust_ossm_ekf/frame_logs/9_3.npz,9_3.npz,0,1772694250.3277683,pre_epoch_stale
