Method,Raw_Kurt,THD,Impulse_Rate,Noise_Kurt
OF_Farneback,0.3831062907643409,0.3107456793014998,0.013113621258792951,6.5253632990893635
DoF,0.3831062907643409,0.9468032071266222,0.022212833257599367,9.134491485267779
Profile1D_Linear,0.3831062907643409,0.4037436686344352,0.013719654894077865,11.530747193063531
Profile1D_Quad,0.3831062907643409,0.21097045001622766,0.007094191925376034,2.0126893324965414
Profile1D_Cubic,0.3831062907643409,0.2172578001383138,0.007294216991410074,2.0962622547836647
