method,trial,n_frames,kurtosis,t_aic_delta,t_fit_nu,hill_alpha,shapiro_pval,nis_mean,lambda_mean,lambda_lt1_frac,lambda_low_frac,fail_total
dof__robust_ossm_ekf,10_0,1227,-0.16282862593582692,-3.1175013338011013,100.08095529886455,4.824045229551141,0.0035300021141863587,0.10855649072470713,1.0778233000139599,0.0,0.0,0.05786471067644662
dof__robust_ossm_ekf,10_1,1227,-0.4634172000096468,-4.3245806265456395,124.90547666646786,5.495626699570964,3.458022937065615e-05,0.11544881958718962,1.0771289645964444,0.0,0.0,0.2330888345558272
dof__robust_ossm_ekf,10_2,1221,-0.5901104290507022,-5.2491471555515545,112.41992755883696,6.036368555229088,9.536800476817358e-07,0.09345902962376998,1.0792127612151663,0.0,0.0,0.4226044226044226
dof__robust_ossm_ekf,10_3,1228,0.05283808540003321,-1.808982049305314,56.269560152304294,5.117757807456898,9.361288125343215e-05,0.1961905344098613,1.0700024713845269,0.030944625407166124,0.0,0.13599348534201955
dof__robust_ossm_ekf,11_0,1226,-0.22096259750416358,-3.4390407096029776,100.0471707650176,5.805452643248613,1.2249168440733798e-06,0.10752348057878207,1.0779171286205915,0.0,0.0,0.3295269168026101
dof__robust_ossm_ekf,11_1,1265,-0.2287552209797843,-3.5479496518631777,100.00195507853883,5.329570670788307,0.0007583134833706639,0.12646170320226,1.0761408389896667,0.0,0.0,0.37707509881422924
dof__robust_ossm_ekf,11_2,1226,0.7976959761149423,23.893449476809792,8.124157004970552,4.648471034967027,4.8170114672436505e-12,0.1323422238891044,1.0757180169056226,0.008156606851549755,0.0,0.2740619902120718
dof__robust_ossm_ekf,11_3,1227,-0.021357421198715087,-2.318897781240196,99.9773136633801,4.776492846273565,0.0007161789645383974,0.08028572042188076,1.080532096942303,0.0,0.0,0.5949470252648736
dof__robust_ossm_ekf,12_0,1577,-0.3502451615440898,-4.651549848814739,108.18521568148837,5.381692945162087,1.033921893405532e-08,0.1299148875478465,1.0758075506566793,0.003804692454026633,0.0,0.12999365884590997
dof__robust_ossm_ekf,12_1,1224,0.03569540418884287,-2.0128886855245582,77.45732206696589,4.7061379040854625,4.5469156924953154e-06,0.15332381710176735,1.0737780308222693,0.008986928104575163,0.0,0.23774509803921567
dof__robust_ossm_ekf,12_2,1285,-0.6331600908846591,-5.364811906595833,122.68624351374467,6.198130203671919,5.3228307910166125e-08,0.15664622353908256,1.0732356889250603,0.004669260700389105,0.0,0.45525291828793774
dof__robust_ossm_ekf,12_3,1233,0.29171895334530396,2.2500929477494083,19.63027847954178,4.962529109678868,3.4604196461322723e-08,0.15618468821853085,1.0735391876216676,0.012976480129764802,0.0,0.5060827250608273
dof__robust_ossm_ekf,13_0,1221,0.42498534637715757,3.0638414813356576,23.109807374894036,4.803083150416498,1.587900067653875e-07,0.11961657841250216,1.0769425367774472,0.009828009828009828,0.0,0.16625716625716624
dof__robust_ossm_ekf,13_1,1228,-0.31106047466766906,-3.932131431040034,104.55761735743131,4.81785017819218,2.7194178361240078e-05,0.1620200401973994,1.07292512775539,0.016286644951140065,0.0,0.6343648208469055
dof__robust_ossm_ekf,13_2,1243,-0.7070055843030332,-4.771055591808931,159.45105231528177,6.322389240616441,3.1872170310265695e-09,0.12710761279458574,1.076053356852394,0.0,0.0,0.49637972646822204
dof__robust_ossm_ekf,13_3,1225,-0.5624054468003954,-4.5836425333673105,135.42730575663757,4.704575547847941,8.464316720716607e-09,0.135068569424398,1.075323858782912,0.005714285714285714,0.0,0.5248979591836734
dof__robust_ossm_ekf,14_0,1248,0.22699724127567178,1.1200454906113464,21.416917201386337,3.997665072467199,1.1112074233410967e-08,0.13766626723849187,1.075201957020473,0.010416666666666666,0.0,0.2956730769230769
dof__robust_ossm_ekf,14_1,1234,-0.3837047155756328,-3.7561941489175297,139.71687447516726,7.104714871438899,7.537401799402015e-09,0.15437122286806296,1.0735092684895242,0.0016207455429497568,0.0,0.12074554294975688
dof__robust_ossm_ekf,14_2,1244,-0.28035390001043226,-3.8313469270589167,103.3424118247483,4.9279123365287445,1.0628125512075806e-06,0.10541584625298188,1.0781360178852872,0.003215434083601286,0.0,0.17282958199356913
dof__robust_ossm_ekf,14_3,1235,-0.31162869740453036,-3.7967426878633432,110.92747602261629,5.955459356154488,0.00016503473286048578,0.14322915957362736,1.0746032248816773,0.0,0.0,0.35870445344129553
dof__robust_ossm_ekf,15_0,1298,0.5631576050880427,11.672789855694191,12.067408522575176,3.394535713068652,1.1557861548890864e-09,0.09002596015280101,1.0796819279196115,0.0007704160246533128,0.0,0.06779661016949153
dof__robust_ossm_ekf,15_1,1223,-0.55847779246445,-4.9848810698308625,117.41991762598282,6.161739058815204,3.6792645295335914e-09,0.18735804429481492,1.0704561400784962,0.009811937857726901,0.0,0.23548650858544562
dof__robust_ossm_ekf,15_2,1227,0.47226601697951764,10.07837056297069,11.10851961392362,4.022314569200086,1.1130115059753767e-08,0.1073498637656311,1.0780649368957318,0.0,0.0,0.004074979625101874
dof__robust_ossm_ekf,15_3,1255,-0.7566701409048004,-4.9970233257198515,159.61251406136682,7.322683824887193,4.6095840967402914e-10,0.12367265039714763,1.076334768030608,0.0,0.0,0.250996015936255
dof__robust_ossm_ekf,16_0,1232,-0.247160689294871,-3.5070022840482125,107.80687730938168,5.206485914383038,7.536191889932737e-05,0.1610180834998037,1.0729767857019583,0.013798701298701298,0.0,0.4837662337662338
dof__robust_ossm_ekf,16_1,1238,0.13081829021670321,-1.543732236913229,78.51213073445851,4.47981950010516,3.133623730115226e-08,0.2518520054088143,1.0653004533581802,0.030694668820678513,0.0,0.05492730210016155
dof__robust_ossm_ekf,16_2,1232,0.20653692071529095,-0.3894351879887381,36.775868553343116,4.253785148671377,2.191853890467291e-09,0.19403231545124916,1.0702553389814382,0.025974025974025976,0.0,0.3400974025974026
dof__robust_ossm_ekf,16_3,1228,-0.3848163253332988,-4.078579629621345,117.46416372960068,5.108613270830251,2.710779478679523e-08,0.20359466835934012,1.0691701747881952,0.025244299674267102,0.0,0.34446254071661236
dof__robust_ossm_ekf,17_0,1226,0.2052559996181147,-0.3593293712654031,36.22388515711205,4.034501106428905,0.0002834748081690738,0.16462828907416763,1.072807745365024,0.018760195758564437,0.0,0.2553017944535073
dof__robust_ossm_ekf,17_1,1219,0.27235818217278895,2.2412234229236674,17.733167933666135,4.126326820788961,1.238849001727707e-06,0.1329747513607365,1.0756800065436802,0.004101722723543888,0.0,0.01394585726004922
dof__robust_ossm_ekf,17_2,1218,-0.1620662577544878,-3.0831733536076626,100.02841448386717,6.936860751766384,1.3862824207340652e-06,0.1438113690438265,1.0745338463777963,0.0008210180623973727,0.0,0.3530377668308703
dof__robust_ossm_ekf,17_3,1239,-0.5347142955249882,-4.601532404068848,129.45617704242974,6.0000662586130575,2.600421221611677e-06,0.1535186303305839,1.073580782674302,0.003228410008071025,0.0,0.612590799031477
dof__robust_ossm_ekf,18_0,1243,-0.43806879000561594,-4.27795264186193,123.0468816094851,5.127834927953584,0.0009520739682541414,0.18780771190805448,1.070495818852493,0.016090104585679808,0.0,0.3845534995977474
dof__robust_ossm_ekf,18_1,1239,-0.4170860554237077,-4.062890472506297,129.82312245453917,5.7034256032764,0.00015246369648635108,0.22413474512076761,1.0672830125918846,0.01937046004842615,0.0,0.1275221953188055
dof__robust_ossm_ekf,18_2,1226,0.5707235527924794,5.432583164722928,20.672208009149568,4.00592019618546,1.3568516404932147e-08,0.1835277490548023,1.0712633002700103,0.01794453507340946,0.0,0.23491027732463296
dof__robust_ossm_ekf,18_3,1244,-0.6014769000143869,-4.759020319052979,137.66339116067928,7.5104448656465355,2.1303312735948005e-07,0.2320745025457342,1.066478029805238,0.02090032154340836,0.0,0.32315112540192925
dof__robust_ossm_ekf,19_0,1209,-0.20515588546275243,-3.356481230749182,100.05321714746478,6.228370230203161,5.887380934014063e-06,0.10220588312327822,1.0784002828591905,0.0008271298593879239,0.0,0.16129032258064516
dof__robust_ossm_ekf,19_1,1209,-0.27422527426143173,-3.7016802953094157,103.13801613192655,4.805390979746514,4.419363732940474e-05,0.1427761789061685,1.074666131307329,0.004962779156327543,0.0,0.16129032258064516
dof__robust_ossm_ekf,19_2,1211,0.28240040236285546,0.9933290307935749,26.782447643559713,4.485767203960912,1.3845908362979293e-06,0.1049684391930131,1.0782751329531848,0.008257638315441783,0.0,0.13625103220478943
dof__robust_ossm_ekf,19_3,1210,-0.599904144067728,-4.605633546297554,141.6541080588797,5.334385313194387,1.5262315222996075e-06,0.08059552347451565,1.080464099198508,0.0,0.0,0.02975206611570248
dof__robust_ossm_ekf,1_0,1205,-0.1540565267621954,-3.062612799537419,99.99995911046575,5.709155823087928,7.05605192423343e-07,0.20268365372832356,1.069292811901086,0.023236514522821577,0.0,0.004979253112033195
dof__robust_ossm_ekf,1_1,1207,0.16778400214433242,-0.571400842151661,33.84167075427156,4.2581279133868355,0.00011979106070552174,0.2274392747206217,1.0674656783145497,0.03811101905550953,0.0,0.3106876553438277
dof__robust_ossm_ekf,1_2,1208,-0.10421603873318253,-2.7708010683682005,99.99997137907903,4.707680176596301,1.0683588818559658e-05,0.15316241454465263,1.0737355989826634,0.012417218543046357,0.0,0.36258278145695366
dof__robust_ossm_ekf,1_3,1207,-0.353004505981692,-4.04130797401649,109.754333273993,4.341486751623694,0.0004175534583021791,0.23544453474106544,1.0663703466575003,0.03893951946975974,0.0,0.2526926263463132
dof__robust_ossm_ekf,20_0,1209,2.852473418568289,112.82789880241171,5.008636527021704,2.7093912853348807,1.1756203562318723e-21,0.16331905423061757,1.0736808009098688,0.02481389578163772,0.0,0.20264681555004135
dof__robust_ossm_ekf,20_1,1209,0.17632787506293246,-0.7799408264464773,40.38233616067668,4.178699789331926,1.7633944986379563e-06,0.12655485229935243,1.0761830115349633,0.008271298593879239,0.0,0.03391232423490488
dof__robust_ossm_ekf,20_2,1210,-0.2960239509109832,-3.856611910121501,100.66059419462223,5.282152786476734,8.841156300577216e-06,0.08844908479140368,1.0797524042709215,0.0,0.0,0.343801652892562
dof__robust_ossm_ekf,20_3,1209,2.9056111717597917,116.7189324290323,4.896687258335601,2.8404259358865818,3.067119460833497e-18,0.2019608424161683,1.0706742603811656,0.033085194375516956,0.0,0.22084367245657568
dof__robust_ossm_ekf,21_0,1208,-0.2665619681605338,-3.6492519288291305,101.87617672742316,6.171128056694044,4.4745961762521424e-09,0.12404638004843015,1.0763630892054596,0.0,0.0,0.7582781456953642
dof__robust_ossm_ekf,21_1,1208,-0.17791095638304544,-3.2030074504900767,100.00061688673054,4.115843302524524,1.4052144452873557e-05,0.16118728970280594,1.073007300066087,0.014900662251655629,0.0,0.26158940397350994
dof__robust_ossm_ekf,21_2,1207,0.37655244810472865,2.3048696770802053,23.756934941489703,4.323430643973777,1.4402830242676727e-05,0.23601874424139346,1.0667790296387525,0.04225352112676056,0.0,0.48053024026512015
dof__robust_ossm_ekf,21_3,1213,-0.1752582383676442,-3.143843937605425,100.01596414528727,4.677113502652361,7.014614848216173e-14,0.20597362608596984,1.069143317990543,0.030502885408079144,0.0,0.5820280296784831
dof__robust_ossm_ekf,22_0,1209,0.17192774080626183,-0.4039319923790572,31.531422657825075,5.055740202277295,2.757403466377917e-07,0.20468012593041246,1.069257934495555,0.022332506203473945,0.0,0.2506203473945409
dof__robust_ossm_ekf,22_1,1210,-0.15846482563399666,-3.13541136154754,100.01885541427261,4.260509674573336,6.53611003660681e-10,0.2389783221497531,1.0660736157784947,0.032231404958677684,0.0,0.2735537190082645
dof__robust_ossm_ekf,22_2,1210,0.38788419460191825,3.089986245869113,21.023276920244015,4.025239885340615,9.147838847257783e-05,0.16661796365828718,1.0726738888945844,0.01652892561983471,0.0,0.02975206611570248
dof__robust_ossm_ekf,22_3,1211,2.3050316102707464,91.49875293683135,4.830036118551381,3.718367148667937,2.5074851597365794e-16,0.19874283207947402,1.0707126446568411,0.028075970272502065,0.0,0.00990916597853014
dof__robust_ossm_ekf,23_0,1208,2.2215240452769622,32.371608594159795,11.230879876281573,4.783148817906291,8.666846786536338e-14,0.04785920498523899,1.0837865747290467,0.0024834437086092716,0.0,0.14486754966887416
dof__robust_ossm_ekf,23_1,1210,1.1882957588777616,48.363318399605106,5.824848851738846,3.018438691499981,5.254442424399457e-11,0.07580703983838187,1.0810937125892672,0.001652892561983471,0.0,0.06363636363636363
dof__robust_ossm_ekf,23_2,1208,1.051307791536785,24.09314610334235,9.782206101607066,3.083149676853667,5.683521546268662e-09,0.07670278816130327,1.080985492320909,0.0041390728476821195,0.0,0.019867549668874173
dof__robust_ossm_ekf,23_3,1207,2.904019741094798,106.84033231671754,5.227072695374692,2.85688828864408,1.5924702571725088e-19,0.10865229395792145,1.0782614861628035,0.014084507042253521,0.0,0.2783761391880696
dof__robust_ossm_ekf,24_0,1209,0.6476875177689392,7.6927581891900445,17.59739895674766,3.7888887313604145,5.7004189405710825e-08,0.26011513941106984,1.064880958037165,0.043010752688172046,0.0,0.17452440033085195
dof__robust_ossm_ekf,24_1,1207,-0.23448177300912842,-3.550727158676864,100.31504668066209,5.798047480501905,0.026179593141052983,0.22844884642063726,1.067053320066568,0.027340513670256836,0.0,0.09610604805302403
dof__robust_ossm_ekf,24_2,1212,-0.02719146182367771,-2.361956784519407,99.9999909931306,4.031727120797667,0.12926016401957774,0.14400570521407222,1.074588405001418,0.007425742574257425,0.0,0.009900990099009901
dof__robust_ossm_ekf,24_3,1208,1.7992843511482306,77.78208847680935,5.19294547133964,2.7266327730736504,9.462961717334071e-14,0.26258506905483503,1.0655571071433065,0.057947019867549666,0.0,0.07864238410596026
dof__robust_ossm_ekf,25_0,1233,-0.34660951316281974,-3.935441804235566,116.83006219383087,5.015112764133922,1.5883283350042038e-05,0.06613304551343906,1.0818859409992168,0.0008110300081103001,0.0,0.291970802919708
dof__robust_ossm_ekf,25_1,1218,-0.5239458241239219,-4.809567812322939,116.52977920199324,6.025729711141038,1.2891196783810597e-08,0.14169740226339902,1.0746842299563732,0.0049261083743842365,0.0,0.24630541871921183
dof__robust_ossm_ekf,25_2,1240,-0.33895735100008206,-4.195285504074718,101.13129019957225,5.121999626972059,0.003953053196465268,0.13211790616372093,1.0755926488146994,0.0016129032258064516,0.0,0.6056451612903225
dof__robust_ossm_ekf,25_3,1227,-0.48358227567409173,-4.50475593569945,121.5552711366644,5.774172857729207,0.00021391970682666634,0.21651873398341037,1.0679087102521398,0.021189894050529748,0.0,0.6862265688671557
dof__robust_ossm_ekf,26_0,1230,-0.3415356757921839,-4.064670367859662,105.43965365474111,5.816194297653204,3.244966775855111e-05,0.10195249787864237,1.0784348957829717,0.0,0.0,0.6739837398373983
dof__robust_ossm_ekf,26_1,1227,0.16671900560763486,-0.9230077397642162,45.504767326455706,4.0701842092533855,1.259815656687848e-07,0.19265134202596043,1.070401894613143,0.022004889975550123,0.0,0.38060309698451505
dof__robust_ossm_ekf,26_2,1249,1.451968042518045,41.372523124066674,7.896197159485256,3.618619013282149,1.660886595059012e-17,0.19573071982869408,1.0707102296573408,0.020016012810248198,0.0,0.6156925540432346
dof__robust_ossm_ekf,26_3,1227,0.3659317380064184,4.644813153847963,15.538355147449819,3.8402301133872903,2.0634067690327157e-06,0.17034237094979643,1.0723988630798462,0.023634881825590873,0.0,0.2469437652811736
dof__robust_ossm_ekf,27_0,1227,0.9945826844474097,20.46825908548999,11.09983319631867,3.7375804974110065,7.261248090544055e-11,0.11758567172227047,1.0771642447699235,0.012224938875305624,0.0,0.1198044009779951
dof__robust_ossm_ekf,27_1,1240,-0.21559263346444313,-3.4431769467501,100.00543140747425,4.388473834539822,3.3580347462573648e-09,0.17247393993711643,1.0720197340787072,0.021774193548387097,0.0,0.05241935483870968
dof__robust_ossm_ekf,27_2,1232,-0.5107881599672885,-4.628922963425794,121.90904194746005,5.456843253326864,1.3603916325394118e-06,0.14090086812907318,1.0747297233455897,0.0,0.0,0.07954545454545454
dof__robust_ossm_ekf,27_3,1235,0.8448235485039386,15.473614091108857,12.455472890935804,4.0489563594986695,1.838434709043924e-15,0.18178686883171336,1.0713815462363498,0.016194331983805668,0.0,0.33360323886639676
dof__robust_ossm_ekf,28_0,1254,-0.033736598413259156,-2.352485164207337,97.84017132717992,4.337345342791984,1.316391140661989e-13,0.15141968233928413,1.0740227435445033,0.014354066985645933,0.0,0.049441786283891544
dof__robust_ossm_ekf,28_1,1220,-0.48659641113661545,-4.430722612901263,124.35912022754174,7.336783882685139,0.0002609257034951209,0.1444250549902907,1.0744233284483673,0.000819672131147541,0.0,0.29262295081967216
dof__robust_ossm_ekf,28_2,1240,-0.22965462385066004,-3.509331279312619,100.58000497241092,4.805410927930643,0.016581816864608363,0.0687403802990758,1.0816533844736353,0.0,0.0,0.21935483870967742
dof__robust_ossm_ekf,28_3,1237,2.2482182118852254,68.86760486866001,7.210221827890791,3.2352898811648036,2.0356021323809054e-19,0.08400694784481676,1.0803988307869439,0.0137429264349232,0.0,0.07922392886014551
dof__robust_ossm_ekf,29_0,2154,-0.141198102419974,-3.6874221502685316,100.18254383026743,4.9274584850439735,5.833425837383159e-08,0.06415248908532824,1.0821001429374644,0.0,0.0,0.42804085422469823
dof__robust_ossm_ekf,29_1,1225,-0.034329649034058995,-2.366969179664636,99.9999846710048,5.7151498933400395,0.0032306827613304747,0.04930140310725943,1.0835682916842784,0.0,0.0,0.0
dof__robust_ossm_ekf,29_2,1226,0.6161711416866744,16.433612123441776,9.28166460849723,3.616187543947841,4.3248786461041426e-08,0.08898644392664862,1.079785925300029,0.0,0.0,0.32300163132137033
dof__robust_ossm_ekf,29_3,1310,1.3068056139735305,39.7040247954975,7.784365342372843,3.6888364223022103,6.024164711247199e-15,0.09391938834865703,1.0793558582520755,0.0061068702290076335,0.0,0.18931297709923664
dof__robust_ossm_ekf,2_0,1208,0.1295706783189008,-0.7031231349469635,29.197869773248794,4.878277640932521,1.4272762636534099e-05,0.17921286208026804,1.07146906662485,0.02152317880794702,0.0,0.3162251655629139
dof__robust_ossm_ekf,2_1,1208,0.4864793254816937,8.30723029239175,12.415402558955776,4.224149094648923,3.0405373538036723e-06,0.1291126609696691,1.0760803066879363,0.01076158940397351,0.0,0.07367549668874172
dof__robust_ossm_ekf,2_2,1208,1.8308568241421996,72.1498347603432,5.272215190615618,3.132604792076309,3.2203879898544656e-15,0.09590013136623309,1.0793230554892437,0.013245033112582781,0.0,0.39486754966887416
dof__robust_ossm_ekf,2_3,1209,-0.39225045915540235,-4.170370823032954,111.67190195882893,6.0858230061097665,3.4642192521385517e-07,0.1474467484741606,1.0741805917852068,0.0,0.0,0.42762613730355664
dof__robust_ossm_ekf,30_0,1231,-0.5631978377912708,-4.771035690170265,126.71211459339749,6.263316708452711,4.198999823506118e-06,0.23095585417978243,1.0666511517015895,0.026807473598700244,0.0,0.2412672623883022
dof__robust_ossm_ekf,30_1,1213,-0.7680419353105541,-5.151874013464294,148.48129573764552,6.622373316583646,3.439868024837086e-12,0.21149322284622302,1.068268239963258,0.01483924154987634,0.0,0.3520197856553998
dof__robust_ossm_ekf,30_2,1232,-0.49011688246959695,-4.660344641065194,115.90201978581506,5.299392994261718,3.8836565692688e-06,0.11088368659886769,1.0775564112962588,0.0,0.0,0.3717532467532468
dof__robust_ossm_ekf,30_3,1229,0.3214461187322053,4.670697851525347,13.979508246266674,4.046368831932757,3.110451447980598e-14,0.1691305272759651,1.0724589837093248,0.022782750203417412,0.0,0.1529698942229455
dof__robust_ossm_ekf,31_0,1245,-0.4314895563247383,-4.312979187412111,118.72912073196261,5.463242538193887,0.00031168733286893196,0.1265634622214667,1.0760849364468577,0.0,0.0,0.07791164658634538
dof__robust_ossm_ekf,31_1,1246,-0.21790137464496562,-3.431421382349072,106.2526992480199,5.895327952353574,1.1658924749473943e-10,0.23685285139644924,1.0662148477032611,0.020064205457463884,0.0,0.011235955056179775
dof__robust_ossm_ekf,31_2,1251,0.06120303674372307,-1.908510735882487,99.52520566503942,5.8331210471383885,1.2601226159825423e-07,0.10062791000035401,1.0785965996423212,0.002398081534772182,0.0,0.2302158273381295
dof__robust_ossm_ekf,31_3,1245,-0.09768077368838401,-2.698271595924325,99.90278758308537,4.604417208547647,1.5618518478740363e-06,0.09567550278084429,1.079082162990747,0.0,0.0,0.05943775100401606
dof__robust_ossm_ekf,32_0,1217,-0.34500625470246327,-4.014233318044489,111.8311765207771,4.399338297947462,5.846143861164576e-07,0.16299884902661493,1.0727826496614539,0.009860312243221035,0.0,0.13968775677896467
dof__robust_ossm_ekf,32_1,1216,-0.6976623892498419,-5.42392897233276,124.98698665031641,7.892586883091707,1.66686481431134e-09,0.21683147291179808,1.067766840834581,0.01069078947368421,0.0,0.22039473684210525
dof__robust_ossm_ekf,32_2,1240,-0.1578671516090031,-3.14542649810528,100.0068529175321,4.4831886363613185,3.8121441334120416e-05,0.13930888248138715,1.0749940810406802,0.008064516129032258,0.0,0.3233870967741935
dof__robust_ossm_ekf,32_3,1240,-0.493796055173398,-4.476929128812571,126.77881955683667,5.877627593607454,7.352441275975545e-06,0.15104293381374423,1.0738171300639554,0.007258064516129033,0.0,0.27580645161290324
dof__robust_ossm_ekf,33_0,1216,0.011069699070979766,-2.1099251729249318,98.36837340036448,5.136718496344725,0.0005550635440603052,0.16242565337485795,1.0729276250877535,0.01069078947368421,0.0,0.36348684210526316
dof__robust_ossm_ekf,33_1,1239,-0.35873693245098925,-4.183131735852612,106.45363323433544,5.6960925419095885,8.461532698376648e-06,0.17076739990444112,1.0720543403522316,0.010492332526230832,0.0,0.06941081517352704
dof__robust_ossm_ekf,33_2,1233,-0.42235095438368786,-4.2891747831324665,115.95357124381933,6.557810763068163,4.069892204160178e-05,0.18087878263257032,1.0711143342305005,0.0072992700729927005,0.0,0.3722627737226277
dof__robust_ossm_ekf,33_3,1219,-0.3619836796258795,-3.9203468890195836,119.19479857745998,4.70372552735243,4.022689451762962e-05,0.1809501277911983,1.0711818095361494,0.018867924528301886,0.0,0.31501230516817064
dof__robust_ossm_ekf,34_0,1224,2.3702655570412237,82.79528751714292,5.465223609522729,3.657018701167079,1.7500147916827466e-18,0.14386746689983101,1.075218382970274,0.014705882352941176,0.0,0.11683006535947713
dof__robust_ossm_ekf,34_1,1225,1.1465806851833982,33.885476895471584,7.891214996880288,3.6538420043586903,2.4281479021602025e-08,0.17376862625587272,1.0723438211662302,0.024489795918367346,0.0,0.13142857142857142
dof__robust_ossm_ekf,34_2,1218,0.3795400573505283,5.914697998085558,13.341969190361494,3.6197134430732767,4.5690202480547385e-09,0.12785368426473953,1.0761807368050629,0.013957307060755337,0.0,0.22988505747126436
dof__robust_ossm_ekf,34_3,1222,3.8595410368077205,163.66370707452188,4.398563489126182,2.3234654082055872,1.3251792458386242e-21,0.19579578945222054,1.0714221074902115,0.03764320785597381,0.0,0.2741407528641571
dof__robust_ossm_ekf,35_0,1235,-0.4348092477065175,-4.238316033375213,122.5609841816398,5.8015929677151306,0.0005143767127778914,0.16818094116869212,1.0722668329281273,0.006477732793522267,0.0,0.5344129554655871
dof__robust_ossm_ekf,35_1,1224,0.5772312061240057,13.272578764536092,10.395037115272508,3.327110900206075,1.1245029492012876e-05,0.11159168616642628,1.077694037632652,0.005718954248366013,0.0,0.119281045751634
dof__robust_ossm_ekf,35_2,1227,-0.43847062937310577,-4.533748653804423,108.91508578167775,6.479596024581795,5.605817190817089e-06,0.11022155250637793,1.077635730263736,0.0,0.0,0.5061124694376528
dof__robust_ossm_ekf,35_3,1228,-0.050466376556030035,-2.4516378592171293,99.82370588318601,6.1173937340841755,0.0036778349859804857,0.07488607706760833,1.0810673011885212,0.0,0.0,0.0008143322475570033
dof__robust_ossm_ekf,36_0,1233,-0.18407463117011158,-3.2446705696119125,100.01347093493241,5.097453955650208,7.741206977085354e-06,0.1236131460119572,1.0764117009948013,0.0,0.0,0.4744525547445255
dof__robust_ossm_ekf,36_1,1214,-0.40356733378674603,-4.171928554565852,115.7994843860942,4.590742735817607,4.372848209769767e-12,0.11699339781372235,1.0770420506432898,0.0008237232289950577,0.0,0.0
dof__robust_ossm_ekf,36_2,1220,-0.38648222778008856,-4.123567754729265,114.45051115333928,4.854926266655505,0.0013649977146690379,0.1486114124613307,1.07405560335968,0.004918032786885246,0.0,0.028688524590163935
dof__robust_ossm_ekf,36_3,1225,0.4654017638711947,9.43931239998119,11.676024415814878,3.2411768291667626,1.5266263969405647e-14,0.152886289099881,1.0740164689729872,0.030204081632653063,0.0,0.17469387755102042
dof__robust_ossm_ekf,37_0,1209,0.2970708441901757,0.3729407838394536,33.93713500923341,4.2707248270665845,0.004253817486658814,0.10661937640424331,1.0780720489007374,0.005789909015715467,0.0,0.5682382133995038
dof__robust_ossm_ekf,37_1,1211,0.11012485613748879,-1.5188066964135487,63.96806640623512,3.998154151909442,0.00679265427253064,0.16231207598572303,1.0729507280119084,0.018166804293971925,0.0,0.8596201486374897
dof__robust_ossm_ekf,37_2,1211,0.11621887310957124,-1.1147594893848236,38.319705443948095,3.9729909871658586,0.0006322844182030913,0.1892599652062954,1.0706504602338431,0.03220478943022296,0.0,0.37654830718414534
dof__robust_ossm_ekf,37_3,1210,4.921144808515994,190.099315194557,4.366527459954911,2.5090275866157334,4.526075214582914e-24,0.23676792185536955,1.0687672414753298,0.04214876033057851,0.0,0.7495867768595041
dof__robust_ossm_ekf,38_0,1233,0.0600649134899669,-1.7462118995831588,64.18395426469895,4.989902712335784,0.056970439473537395,0.1333111040260606,1.075583008596469,0.008110300081103,0.0,0.21330089213300893
dof__robust_ossm_ekf,38_1,1230,0.7326653994414385,10.163555463841703,15.68847567501386,3.6068874597035903,1.6158774564655936e-08,0.26168198936904163,1.0647352472750957,0.04227642276422764,0.0,0.023577235772357725
dof__robust_ossm_ekf,38_2,1184,-0.03807329565230333,-2.4027536585932694,99.95601018159853,4.862966226954034,0.15707856677326676,0.10661149093593705,1.0780464148687738,0.0016891891891891893,0.0,0.13935810810810811
dof__robust_ossm_ekf,38_3,1221,3.000875896449484,114.95588001548481,4.835068843196397,3.4403489700533516,4.3201187113482426e-21,0.14804933086774372,1.0747642704658287,0.012285012285012284,0.0,0.0
dof__robust_ossm_ekf,39_0,1223,-0.2672788144259335,-3.713378564730192,100.14171887135416,6.115110816896192,9.447991272561673e-05,0.1868304696580941,1.070662828835993,0.014717906786590351,0.0,0.18233851185609157
dof__robust_ossm_ekf,39_1,1228,0.2878122040498461,1.8256729419936164,21.453837631217112,5.06228929685884,2.7124243449446894e-05,0.1741862860298099,1.0719694842451033,0.015472312703583062,0.0,0.08957654723127036
dof__robust_ossm_ekf,39_2,1240,-0.20473676880096248,-3.44100418293624,100.01230240775867,5.138272896102107,2.9287533533869826e-08,0.17260498584179446,1.0719127517587443,0.012096774193548387,0.0,0.510483870967742
dof__robust_ossm_ekf,39_3,1269,-0.4415508153791903,-4.561692474257143,113.89635185422708,5.08939260214755,7.47597754066023e-06,0.12032505745630788,1.0766718052662096,0.0007880220646178094,0.0,0.607565011820331
dof__robust_ossm_ekf,3_0,1207,-0.14035632614087312,-2.950856084472889,103.56391456132121,3.7853718139963113,2.9482950532610303e-07,0.26903581364665946,1.0636936941276731,0.06048053024026512,0.0,0.13421706710853357
dof__robust_ossm_ekf,3_1,1212,0.9565594865904599,20.35008510914281,10.427672320225405,4.266368747357279,8.741028628546167e-11,0.23528003868680766,1.0671196445609392,0.03712871287128713,0.0,0.16501650165016502
dof__robust_ossm_ekf,3_2,1208,0.0673180820671253,-1.7526003902009961,67.48018713521256,4.213361743478072,2.6818720116963357e-09,0.2738895883235125,1.0633826411286482,0.048013245033112585,0.0,0.2359271523178808
dof__robust_ossm_ekf,3_3,1208,-0.4055963043392987,-4.2992830043269805,110.15863555401222,6.134033154477329,2.1582814927307614e-09,0.23436047587827208,1.066465940603748,0.024006622516556293,0.0,0.0041390728476821195
dof__robust_ossm_ekf,40_0,1250,-0.08134636936825679,-2.706994137800848,100.00271400047694,4.594286267453532,1.9689124233830015e-05,0.14945814433473392,1.0740746790145357,0.0096,0.0,0.652
dof__robust_ossm_ekf,40_1,1232,-0.5843847033061706,-4.4387078583840776,149.9710071542964,6.846729043134989,1.2484873396853572e-08,0.11453801795389323,1.0771902396614197,0.0,0.0,0.5008116883116883
dof__robust_ossm_ekf,40_2,1240,-0.023788886071917315,-2.2792725076308216,92.63725605006778,5.147234828593165,0.0011077316303470168,0.14221578540793245,1.0747646549613892,0.004032258064516129,0.0,0.4508064516129032
dof__robust_ossm_ekf,40_3,1229,-0.5368014169297255,-4.597717555161125,128.87345521270737,6.668389942449173,4.879304109979864e-07,0.1791323934236621,1.0712880541254832,0.010577705451586655,0.0,0.43287225386493083
dof__robust_ossm_ekf,4_0,1209,0.5026426275908764,6.682610565756022,15.173597950360085,4.752561625611624,0.00020780354588916485,0.11877475908671294,1.0770132014474767,0.009925558312655087,0.0,0.20512820512820512
dof__robust_ossm_ekf,4_1,1207,0.9789053459166488,16.93835725570625,12.5095536171972,4.071028732178734,2.84422228006982e-10,0.21415529783155976,1.0688769883084943,0.02899751449875725,0.0,0.28417564208782103
dof__robust_ossm_ekf,4_2,1208,-0.13286345183462167,-2.9276718830979007,102.01528848356872,4.759759561422149,0.001731251576012258,0.17510239752180862,1.0717256024039647,0.014072847682119206,0.0,0.31125827814569534
dof__robust_ossm_ekf,4_3,1210,-0.23693283356684258,-3.4235240963419074,105.96627146990834,4.8328505241580775,3.406360258504113e-08,0.21205357472872494,1.068537876830489,0.02975206611570248,0.0,0.3140495867768595
dof__robust_ossm_ekf,5_0,1210,-0.3090032151314066,-3.7496237358806184,111.9287114029466,4.9775530051771035,0.0006339056977334022,0.1169476865113316,1.0770299716598355,0.0,0.0,0.3247933884297521
dof__robust_ossm_ekf,5_1,1209,0.4863657426654595,15.09263070877023,8.157312242149501,3.4172048012535257,6.978623719701327e-11,0.1955877217690497,1.0703939385615995,0.052109181141439205,0.0,0.009925558312655087
dof__robust_ossm_ekf,5_2,1210,-0.7403861554680011,-5.262711455067574,142.238778191369,7.057034131525421,1.0391589609647839e-08,0.14333696832220702,1.0744618077183912,0.0,0.0,0.25867768595041324
dof__robust_ossm_ekf,5_3,1206,-0.3718062113878129,-4.30321692386633,102.25667722665898,5.228814797738972,0.00011407653663074556,0.1866198431390883,1.0706645415228884,0.01824212271973466,0.0,0.14344941956882257
dof__robust_ossm_ekf,6_0,1208,-0.09185819313598254,-2.7262486863344293,100.00002227086678,4.450080092543217,1.2024110174166629e-06,0.12898689610374112,1.075943274150517,0.009105960264900662,0.0,0.4685430463576159
dof__robust_ossm_ekf,6_1,1207,-0.45910132378335833,-4.173231646515433,130.81644333610527,6.080839090156823,0.00028869466757385257,0.20051492895664316,1.0693455305760384,0.019055509527754765,0.0,0.5567522783761392
dof__robust_ossm_ekf,6_2,1209,0.156436774417966,-1.0370961321955292,47.160541988553206,5.137541601094516,9.778518777561758e-07,0.19829173254243312,1.0698654797753273,0.017369727047146403,0.0,0.29280397022332505
dof__robust_ossm_ekf,6_3,1207,0.5133688264222083,6.780226238525074,15.792651512997608,3.5989149750758487,4.096028515385805e-06,0.193052517594774,1.0704627682805352,0.029826014913007456,0.0,0.5161557580778791
dof__robust_ossm_ekf,7_0,1209,-0.5726498885289946,-4.826020425877687,124.51939610219723,5.471515045298197,1.1614892546881268e-06,0.19705813811931028,1.0695948496088077,0.016542597187758478,0.0,0.1348221670802316
dof__robust_ossm_ekf,7_1,1209,-0.41600266593946955,-4.434309271135589,107.05823199488592,6.045427963290745,0.002831529428682771,0.15427248758740902,1.0735348269948701,0.009098428453267164,0.0,0.2746071133167907
dof__robust_ossm_ekf,7_2,1208,0.1328622856587054,-1.376343356477264,57.40351400018072,4.6694905170797645,0.00026765962396466423,0.25210805962963245,1.065219497553998,0.0347682119205298,0.0,0.5074503311258278
dof__robust_ossm_ekf,7_3,1209,-0.6691758780275099,-4.560199963740615,160.03653488577046,6.721763883337267,3.639971189402423e-08,0.19452481982585013,1.0697809254996475,0.01240694789081886,0.0,0.20264681555004135
dof__robust_ossm_ekf,8_0,1210,0.06356752128403498,-1.8301495439558266,92.3440651052462,4.926156516350707,0.0004703494049332002,0.09962389829430067,1.0787061936650533,0.0008264462809917355,0.0,0.2768595041322314
dof__robust_ossm_ekf,8_1,1209,-0.5696456429344123,-4.732233367204344,128.04736786101552,4.5547594723163485,5.76787885610315e-08,0.09935892632828142,1.0786801327537414,0.0,0.0,0.14309346567411083
dof__robust_ossm_ekf,8_2,1209,-0.42150080358520015,-3.93827387634542,134.49270865066313,6.341628683751839,2.704164709317679e-07,0.107628982064162,1.0778586801268502,0.0,0.0,0.1273779983457403
dof__robust_ossm_ekf,8_3,1208,0.04403183870749494,-1.8983129311282596,84.40392617025896,4.366561288166693,2.6212240079481417e-05,0.07905463276306755,1.080661478239273,0.0,0.0,0.277317880794702
dof__robust_ossm_ekf,9_0,1225,0.8273447250943713,13.149838105693789,13.88336370767297,3.6046150827239076,5.774660836518456e-12,0.2549816580567899,1.0655364184216933,0.03918367346938775,0.0,0.3069387755102041
dof__robust_ossm_ekf,9_1,1242,-0.07061638684851124,-2.5319880411968825,99.4492918350054,4.0777070913438695,6.913462529852721e-10,0.16201024135607936,1.0729571988426023,0.010466988727858293,0.0,0.06602254428341385
dof__robust_ossm_ekf,9_2,1229,-0.10049338770861604,-2.7270736392551953,100.5388807442106,5.07749120705224,1.4941261820844897e-08,0.18593216333248594,1.0707140180020587,0.02034174125305126,0.0,0.0984540276647681
dof__robust_ossm_ekf,9_3,1265,-0.44649527072653017,-4.438196604743553,119.35589146438342,5.7459586749383424,0.0005388339685785658,0.1337116753027867,1.075414994991323,0.0015810276679841897,0.0,0.08142292490118577
of_farneback__robust_ossm_ekf,10_0,1227,1.812295436185856,50.411192243230744,7.342999749111533,4.53079906672383,9.257133915689872e-15,0.18224055041427956,1.067362070137132,0.017114914425427872,0.0,0.17114914425427874
of_farneback__robust_ossm_ekf,10_1,1227,0.8431921388703145,31.11952381925539,6.4194765150690944,5.472143652352969,2.6068166660579123e-11,0.22729396709927818,1.0638312091036464,0.04482477587612062,0.0,0.17359413202933985
of_farneback__robust_ossm_ekf,10_2,1221,0.7091382204998427,19.47271456015733,8.85187658785663,3.509305617465408,1.7818154717920912e-09,0.15181029466727075,1.0698645804910347,0.013923013923013924,0.0,0.10892710892710893
of_farneback__robust_ossm_ekf,10_3,1228,1.2079736415115256,40.63581588395485,6.623984759875724,3.1023916272027963,3.438803328873515e-10,0.058221865828407195,1.0779729771796889,0.0008143322475570033,0.0,0.03257328990228013
of_farneback__robust_ossm_ekf,11_0,1226,1.1667933627271845,4.41256651726269,41.37537976196551,5.40990470826086,3.6909795505299064e-13,0.12835948704318495,1.0717497496468673,0.0008156606851549756,0.0,0.0024469820554649264
of_farneback__robust_ossm_ekf,11_1,1265,0.8639289582139575,11.65961264235898,16.00558873018079,3.8913717956277565,1.390522496501038e-09,0.23152768914761904,1.0634512688103834,0.0308300395256917,0.0,0.0774703557312253
of_farneback__robust_ossm_ekf,11_2,1226,-0.18814989727325848,-3.25097859522225,117.69913465275165,5.338943543733841,1.1940501086065923e-06,0.08669320472474466,1.0753343917546374,0.0008156606851549756,0.0,0.0
of_farneback__robust_ossm_ekf,11_3,1227,4.4420743053470595,98.71054829642662,6.0888769110451735,4.037539139273985,1.2807446330767903e-18,0.2607775486808718,1.0623371813333315,0.03667481662591687,0.0,0.2371638141809291
of_farneback__robust_ossm_ekf,12_0,1577,0.23726367067652232,2.31124610530469,20.45941546619466,4.973634541085837,0.00024605100831026465,0.12481298058008745,1.0720691770497972,0.0050729232720355105,0.0,0.013950538998097653
of_farneback__robust_ossm_ekf,12_1,1224,1.951187081893237,22.8772862813546,13.42247776872751,3.4712218389771587,1.6003464510671711e-15,0.10617060082693473,1.0738248156333334,0.004901960784313725,0.0,0.03758169934640523
of_farneback__robust_ossm_ekf,12_2,1285,1.5035788113110469,21.431995599788706,12.439981051429411,4.298525000985121,4.1863695296448034e-08,0.14640745844513084,1.0703558759837286,0.012451361867704281,0.0,0.04124513618677043
of_farneback__robust_ossm_ekf,12_3,1233,0.2456815050752188,0.2297400253660271,31.818508995129555,4.445050103255477,0.09297604759824206,0.16961346306770986,1.0682921325119026,0.016220600162206,0.0,0.22871046228710462
of_farneback__robust_ossm_ekf,13_0,1221,7.47200036499213,408.8293838243753,2.133330377688499,2.8384441832468474,7.935676302490568e-29,0.2850798320038092,1.0621373999414878,0.05405405405405406,0.0,0.10810810810810811
of_farneback__robust_ossm_ekf,13_1,1228,28.904332154187845,1108.1399276369727,1.7968163526694192,1.7227363978737569,1.5760651367069955e-42,0.6296384714403,1.0535513621590866,0.06351791530944625,0.005700325732899023,0.6669381107491856
of_farneback__robust_ossm_ekf,13_2,1243,33.37231924702685,1138.3639188682273,2.336827289235296,1.7823974751918619,1.0343013525612205e-44,0.8273322297144476,1.051456612808866,0.07964601769911504,0.010458567980691875,0.2807723250201126
of_farneback__robust_ossm_ekf,13_3,1225,25.47125049859655,768.3049946374322,1.512009946346083,2.456548859669929,1.680707405073006e-38,0.5610896506844335,1.0531241103003408,0.0963265306122449,0.0032653061224489797,0.27346938775510204
of_farneback__robust_ossm_ekf,14_0,1248,30.678078764243928,875.2156849245284,2.438032430784267,1.9912019123018398,1.6207858494659328e-41,0.4553567739096039,1.0599016294398103,0.052884615384615384,0.004006410256410256,0.05608974358974359
of_farneback__robust_ossm_ekf,14_1,1234,2.000966287066153,81.80636748598522,4.715214635387169,3.1203534515577207,4.3963448014351854e-14,0.1307548446295978,1.0718615878901308,0.017017828200972446,0.0,0.07698541329011345
of_farneback__robust_ossm_ekf,14_2,1244,0.994699723823802,33.91234085515498,6.732105115397011,3.825168055238427,9.933229414813422e-10,0.23258503313255918,1.0634349003653891,0.05064308681672026,0.0,0.08762057877813505
of_farneback__robust_ossm_ekf,14_3,1235,0.35774523609796205,4.850609184102041,14.318616623677656,5.378502773819611,2.3448474730628845e-05,0.0978382084817815,1.07443378657671,0.0008097165991902834,0.0,0.01862348178137652
of_farneback__robust_ossm_ekf,15_0,1298,2.1267061016844284,22.251836062227653,15.625699188770689,4.114708600106179,8.278059770170676e-10,0.1036665717646763,1.0740202624962245,0.0030816640986132513,0.0,0.013097072419106317
of_farneback__robust_ossm_ekf,15_1,1223,74.83247786292085,1469.977706626384,2.899551283875264,1.9833011143476507,1.6987642668658216e-49,0.49809630272535316,1.066267832082611,0.02125919869174162,0.005723630417007359,0.018806214227309895
of_farneback__robust_ossm_ekf,15_2,1227,3.2467184971948457,181.68484367617089,2.7632923876200035,3.7066614367458772,6.803111205763289e-20,0.2863970741149314,1.0606744675286797,0.06275468622656886,0.0,0.42461287693561534
of_farneback__robust_ossm_ekf,15_3,1255,6.836820276076034,588.9846684950828,1.14901452219784,3.2166343002201017,9.681479138153095e-31,0.1407907722097321,1.0717410118188895,0.018326693227091632,0.0,0.21752988047808766
of_farneback__robust_ossm_ekf,16_0,1232,36.822911559081966,956.6428866120341,2.6890774142834846,1.7571997319630992,5.0513866588484926e-43,0.9117878624738396,1.0461374802444423,0.09415584415584416,0.006493506493506494,0.37337662337662336
of_farneback__robust_ossm_ekf,16_1,1238,60.94019060305532,712.3565382955276,4.054166045556799,3.069812748078504,1.445138810544512e-42,0.530408256564353,1.0571506729441391,0.07431340872374798,0.0032310177705977385,0.154281098546042
of_farneback__robust_ossm_ekf,16_2,1232,0.5500765203268765,1.9573913017864015,35.2386402275915,5.805501039686958,1.4561751715220316e-07,0.09961563255467189,1.0742465632048592,0.004058441558441558,0.0,0.00487012987012987
of_farneback__robust_ossm_ekf,16_3,1228,0.4103856783931925,7.528094266463768,12.222850881834807,3.5154604013120405,8.26040708638057e-07,0.16226083018635054,1.0689902685643575,0.025244299674267102,0.0,0.043973941368078175
of_farneback__robust_ossm_ekf,17_0,1226,0.5052362636768657,15.572985678914165,7.98703268290866,4.25200204948878,2.573207304733881e-07,0.14207013780678304,1.0707118633362969,0.01468189233278956,0.0,0.053833605220228384
of_farneback__robust_ossm_ekf,17_1,1219,-0.1994179464412893,-3.2826103305783363,103.6540541250228,4.809012358671526,0.0009790178710227819,0.20411648778621183,1.0654280549552329,0.02543068088597211,0.0,0.10910582444626743
of_farneback__robust_ossm_ekf,17_2,1218,2.0960104219837588,43.74846424740235,9.037597626847564,3.4263705869716112,3.891763035831958e-12,0.21780630096620449,1.06467406257679,0.03201970443349754,0.0,0.14860426929392448
of_farneback__robust_ossm_ekf,17_3,1239,0.3534290036024319,6.362395001551249,12.218478049616124,4.400998608220387,8.028008439176076e-09,0.15673385076046784,1.0694263993822812,0.01694915254237288,0.0,0.07183212267958031
of_farneback__robust_ossm_ekf,18_0,1243,2.1432866299853437,79.12511789635596,4.487538136216013,4.832859215791412,4.813438866945602e-15,0.19291153024792976,1.066926424929777,0.029766693483507644,0.0,0.02413515687851971
of_farneback__robust_ossm_ekf,18_1,1239,0.8643201247603689,37.526388127805944,5.439321649293518,4.1615755070909275,1.5602697857133715e-09,0.12330928082523875,1.0723225427310061,0.011299435028248588,0.0,0.029055690072639227
of_farneback__robust_ossm_ekf,18_2,1226,57.20671622295633,1212.626447119008,2.607221331945655,2.3279580819388417,5.634921083485511e-47,0.4417278412351788,1.0649895373386014,0.02365415986949429,0.005709624796084829,0.08156606851549755
of_farneback__robust_ossm_ekf,18_3,1244,2.81688364743552,117.5274213138199,4.130395632399738,3.6250388813858194,6.215705377284287e-16,0.1312595939937461,1.0719146117785536,0.01607717041800643,0.0,0.0008038585209003215
of_farneback__robust_ossm_ekf,19_0,1209,16.862410229273195,430.7593866968198,3.3645217221274697,2.5494771311640734,9.67830859902093e-33,0.28946837855224644,1.0636249083224136,0.04714640198511166,0.0,0.08933002481389578
of_farneback__robust_ossm_ekf,19_1,1209,0.583429855960925,1.9647638511012246,36.51021957152211,4.355684500480634,7.66864947952208e-11,0.18253133231904856,1.067273939744587,0.01488833746898263,0.0,0.009925558312655087
of_farneback__robust_ossm_ekf,19_2,1211,3.9627574207439284,70.98472538987926,8.316326478071673,3.7926472344442823,7.061804941063979e-16,0.26206908750521446,1.0620000447071678,0.04376548307184145,0.0,0.03303055326176713
of_farneback__robust_ossm_ekf,19_3,1210,2.6877100722463396,52.06191322896109,6.388028480318323,3.9156521673348488,1.5510866464994756e-18,0.10199891365170416,1.074201085513597,0.0008264462809917355,0.0,0.00743801652892562
of_farneback__robust_ossm_ekf,1_0,1205,2.516532792019323,64.57685585763863,5.5508180904163185,3.9781299599058917,1.221936056634275e-13,0.1174819569365977,1.0729487933280186,0.006639004149377593,0.0,0.0
of_farneback__robust_ossm_ekf,1_1,1207,5.834348631225426,218.07350795346724,3.9647543548959097,2.5562765056058323,4.654218024489131e-23,0.1119480227170662,1.073782058644065,0.020712510356255178,0.0,0.020712510356255178
of_farneback__robust_ossm_ekf,1_2,1208,0.8861368103976859,49.40082098526773,4.327946941333835,4.169573446989029,5.625075661771603e-12,0.1500149178451036,1.0701418660271516,0.020695364238410598,0.0,0.030629139072847682
of_farneback__robust_ossm_ekf,1_3,1207,46.84933151594632,1079.6275388817953,2.485727689157592,1.8751320366641895,1.991463940793222e-44,0.6051701579387031,1.0580508516785034,0.05136702568351284,0.006628003314001657,0.08036454018227009
of_farneback__robust_ossm_ekf,20_0,1209,0.8782598787188465,19.821401210970862,9.904839212228627,3.0806770840921285,2.9836967995143753e-07,0.16436495141151275,1.0688649140123339,0.019851116625310174,0.0,0.02729528535980149
of_farneback__robust_ossm_ekf,20_1,1209,-0.8139135182721908,-5.310078048146465,149.62216762294338,6.916965297171963,5.463214576809831e-11,0.08835807459226849,1.0751826460200544,0.0,0.0,0.0
of_farneback__robust_ossm_ekf,20_2,1210,-0.5770938892688435,-4.908470601216436,122.68030652374803,4.764591368575777,3.3957594908324326e-08,0.1019766156489735,1.0739848257838973,0.0,0.0,0.0
of_farneback__robust_ossm_ekf,20_3,1209,1.154356115466526,16.307934617624028,12.807088245786886,3.731041362606277,3.0760412842200176e-10,0.10129336267012458,1.074182284526727,0.004962779156327543,0.0,0.0
of_farneback__robust_ossm_ekf,21_0,1208,7.86919960441262,274.5703254189615,2.6588898863595536,3.452451479250821,3.7360510146834875e-25,0.15536727595977168,1.0706203433122028,0.014072847682119206,0.0,0.024006622516556293
of_farneback__robust_ossm_ekf,21_1,1208,0.26465902623072823,2.408834201445643,16.59267266026663,5.568981469722564,2.2847053369088286e-05,0.1433119827617087,1.0705373671160818,0.009105960264900662,0.0,0.05132450331125828
of_farneback__robust_ossm_ekf,21_2,1207,8.406970980048335,317.0215160143398,3.0544683020510486,2.3669125256695,2.1541727921452933e-27,0.33795953878499846,1.059243862374294,0.056338028169014086,0.0,0.10687655343827672
of_farneback__robust_ossm_ekf,21_3,1213,38.58154348407032,764.4956839839601,3.3506186266886058,2.4968152549689733,2.0710892879231008e-41,0.36406441784865945,1.0641279009294349,0.028854080791426217,0.00247320692497939,0.06183017312448475
of_farneback__robust_ossm_ekf,22_0,1209,-0.8431823072852302,-5.552434733652262,144.32508200788038,8.660665893432888,2.1917396403380667e-12,0.09677544454625137,1.0744029137184348,0.0,0.0,0.0
of_farneback__robust_ossm_ekf,22_1,1210,-0.8086953592024626,-5.5651811728647544,137.94376321186087,7.0215374145794165,1.0595724153483202e-09,0.0855760447775298,1.075401814460292,0.0,0.0,0.014049586776859505
of_farneback__robust_ossm_ekf,22_2,1210,-0.8067728439177269,-5.325827910610542,147.64356990932586,6.325434523797645,1.0526033881291355e-13,0.10995474466450413,1.0732684955379126,0.0,0.0,0.013223140495867768
of_farneback__robust_ossm_ekf,22_3,1211,1.1927436015030022,4.649712663385571,39.968610465586984,5.47019364226366,2.3069404055519913e-11,0.09979819747293549,1.0742451313471688,0.0008257638315441783,0.0,0.0
of_farneback__robust_ossm_ekf,23_0,1208,-0.7461232678188932,-4.562980207034968,176.95354018540837,7.830411040915547,1.8656245581206365e-13,0.040459593306470074,1.079542672592885,0.0,0.0,0.0
of_farneback__robust_ossm_ekf,23_1,1210,0.04089634068002557,-2.0662225951599567,99.60127493617617,5.523094632542051,4.2816809437814966e-08,0.04331050841865509,1.079297142465926,0.0,0.0,0.0
of_farneback__robust_ossm_ekf,23_2,1208,1.0115312423487097,17.51836649478804,12.6861129604784,3.5560614761155955,1.2869605671387734e-11,0.04595167087448349,1.0790754230989306,0.0,0.0,0.0
of_farneback__robust_ossm_ekf,23_3,1207,3.1259061835495983,101.33872834421027,5.17963424686964,2.670100964409209,3.8578137109057656e-16,0.09547343468242085,1.074874870113431,0.006628003314001657,0.0,0.033140016570008285
of_farneback__robust_ossm_ekf,24_0,1209,1.115816836797073,36.31656823312824,6.935045255987159,3.590716272710648,7.531765314385048e-11,0.032703107593905066,1.0802803898823776,0.0,0.0,0.0
of_farneback__robust_ossm_ekf,24_1,1207,2.090192205946746,45.282358265835626,6.0255766853671995,3.5087587843299937,1.1128120361227488e-13,0.06354072455414572,1.0774918525029158,0.0008285004142502071,0.0,0.008285004142502071
of_farneback__robust_ossm_ekf,24_2,1212,-0.5417754536581931,-4.889984734256814,116.36910485655598,6.4070549953763045,3.043675669338935e-07,0.023428146640701995,1.081123167191316,0.0,0.0,0.0
of_farneback__robust_ossm_ekf,24_3,1208,4.367447873585306,57.22406514888621,8.18642161609368,4.387366064150015,8.07295326249677e-16,0.03582084879454252,1.080015829855439,0.0008278145695364238,0.0,0.0
of_farneback__robust_ossm_ekf,25_0,1233,0.28272010457639984,1.6098290029387954,22.448407165716077,5.127790357750784,9.354404878486416e-07,0.23223729303765245,1.0631759787636241,0.039740470397404706,0.0,0.09326845093268452
of_farneback__robust_ossm_ekf,25_1,1218,-0.20315602516417064,-3.386827559251742,100.32540447833136,5.152306802391818,8.684432529673748e-06,0.3124174176196683,1.056624127431638,0.07060755336617405,0.0,0.11083743842364532
of_farneback__robust_ossm_ekf,25_2,1240,0.20845546790528058,-0.11132586476924189,32.58500315703024,5.807195009061336,3.5699761255308563e-08,0.32836751224215327,1.0555953669698537,0.07741935483870968,0.0,0.20080645161290323
of_farneback__robust_ossm_ekf,25_3,1227,4.22668919302606,137.11413697440958,4.9743735232281425,2.904038484822576,2.129399234277492e-20,0.5439922929945664,1.0447089035164863,0.12550937245313773,0.0,0.1271393643031785
of_farneback__robust_ossm_ekf,26_0,1230,34.093721446481304,1060.0923512009667,2.3234020168216003,1.7820862112061464,2.0264809980421074e-43,0.6402814030669768,1.0553912555684515,0.06260162601626017,0.005691056910569106,0.3154471544715447
of_farneback__robust_ossm_ekf,26_1,1227,17.617452803019404,465.23011098709617,2.7269623014087583,2.704628565416037,4.8338760374585946e-33,0.32733865434744996,1.0615584089204493,0.05052974735126324,0.0,0.3895680521597392
of_farneback__robust_ossm_ekf,26_2,1249,53.990295017088386,1663.0046028234262,1.830789478178305,1.3264060160174151,5.081227762440733e-49,0.7678354231215162,1.0581453849846503,0.049639711769415534,0.005604483586869495,0.5428342674139311
of_farneback__robust_ossm_ekf,26_3,1227,58.15288481852428,1548.8181020393215,2.417338518030566,1.6575242871069176,3.471697181808781e-49,0.761056586951643,1.0599283265035506,0.03341483292583537,0.008964955175224124,0.38060309698451505
of_farneback__robust_ossm_ekf,27_0,1227,0.20306675098062366,0.648940503883864,22.69040285211199,3.9357355239541287,0.0008217493879098839,0.09220509129714598,1.0749169111908707,0.0,0.0,0.044009779951100246
of_farneback__robust_ossm_ekf,27_1,1240,0.18698983475239217,-0.9926316671751465,54.28844471609955,4.428380467914115,7.142377166049619e-05,0.10872703198497559,1.0734677987442605,0.004032258064516129,0.0,0.0
of_farneback__robust_ossm_ekf,27_2,1232,1.5677335432519142,23.55764595109622,11.634810693368273,3.8918065979638237,2.2035973117385636e-09,0.1406102042288296,1.0708682759767543,0.00974025974025974,0.0,0.08522727272727272
of_farneback__robust_ossm_ekf,27_3,1235,0.5954110073601302,10.524400029981393,12.690848876514865,4.186858396620616,1.2536474750349696e-05,0.09586160529098146,1.0746306091540159,0.004858299595141701,0.0,0.0032388663967611335
of_farneback__robust_ossm_ekf,28_0,1254,1.5293749289278136,49.569678725939184,6.429202473096183,3.8260425792681403,7.34321497247905e-10,0.17780262718526935,1.0677479759100734,0.02073365231259968,0.0,0.03349282296650718
of_farneback__robust_ossm_ekf,28_1,1220,4.44966407711053,210.46894063857076,3.0747274659166552,3.037227279852983,2.771535376170202e-22,0.1485395085624233,1.0707644028015781,0.027049180327868853,0.0,0.013114754098360656
of_farneback__robust_ossm_ekf,28_2,1240,17.26050323977933,370.4638988376921,3.5881783178266744,3.155999950129249,2.1120700867932487e-31,0.3327478296097523,1.060461704935271,0.050806451612903224,0.0008064516129032258,0.10806451612903226
of_farneback__robust_ossm_ekf,28_3,1237,5.0968669471618195,118.61214681673891,5.994705845278679,4.052057276745744,1.0905057004660832e-20,0.3242539728387028,1.0577040680819791,0.0549717057396928,0.0,0.15602263540824576
of_farneback__robust_ossm_ekf,29_0,2154,-0.5421132403338325,-5.7010445787545905,160.3611988421645,4.205850787244742,1.7382360560233705e-17,0.256746220348053,1.0610134710794537,0.039925719591457756,0.0,0.009285051067780872
of_farneback__robust_ossm_ekf,29_1,1225,-0.4484074347593552,-4.359413801571918,119.78280157108777,4.121256218693916,1.4784181699793258e-08,0.2676375892179291,1.0601933529031624,0.053061224489795916,0.0,0.008979591836734694
of_farneback__robust_ossm_ekf,29_2,1226,3.0546031112910432,59.94092561058551,8.779211641111244,3.6508697053859693,8.351107425030043e-17,0.2546622021153691,1.062397073489687,0.033442088091353996,0.0,0.03181076672104405
of_farneback__robust_ossm_ekf,29_3,1310,1.2371080323844472,18.05185978145778,13.80412377921019,3.7831661297385986,3.7341089767872274e-08,0.14811841509606055,1.0701985405289203,0.012213740458015267,0.0,0.006870229007633588
of_farneback__robust_ossm_ekf,2_0,1208,6.683465868672155,263.5533260910722,3.224175984589325,2.800381769549204,6.028772962929801e-25,0.31826316176829617,1.0593471806017396,0.059602649006622516,0.0,0.07367549668874172
of_farneback__robust_ossm_ekf,2_1,1208,48.973093521301685,1254.5482850874305,2.5702011826413758,1.5012569347191216,2.734490076857164e-46,0.9505008962974525,1.0506256910508058,0.06374172185430464,0.009105960264900662,0.12251655629139073
of_farneback__robust_ossm_ekf,2_2,1208,7.821168855382277,287.63694302589056,3.356023574466638,2.5101047458870966,5.420408047294621e-27,0.3307860918245467,1.0593638242912378,0.054635761589403975,0.0,0.13493377483443708
of_farneback__robust_ossm_ekf,2_3,1209,9.28873408193306,440.72977280773193,2.9020139433351337,1.8956415886887,7.385599378866488e-31,0.2880386273661391,1.062747033968722,0.053763440860215055,0.0,0.19106699751861042
of_farneback__robust_ossm_ekf,30_0,1231,0.8823839870781476,19.335009522138307,10.752899181080545,3.5967813027537243,8.648042216229792e-07,0.10602802801487354,1.073766523117769,0.006498781478472786,0.0,0.10235580828594638
of_farneback__robust_ossm_ekf,30_1,1213,-0.03831747131749763,-2.415401393088814,94.37005048654387,4.7676617512018185,3.7549522617113564e-07,0.09977565420003907,1.0742316371631484,0.0008244023083264633,0.0,0.031327287716405604
of_farneback__robust_ossm_ekf,30_2,1232,-0.19981996356796694,-3.6301235321659533,100.06733417951195,5.874712189750342,2.3320986988849087e-06,0.06533423143743446,1.077264846495257,0.0008116883116883117,0.0,0.1534090909090909
of_farneback__robust_ossm_ekf,30_3,1229,-0.21789122840945963,-3.5139775142867364,100.05356697494634,6.766495930055338,3.146354875640153e-06,0.0671193402186304,1.0770987858366845,0.0008136696501220504,0.0,0.011391375101708706
of_farneback__robust_ossm_ekf,31_0,1245,-0.06828614881174744,-2.6018602071710575,95.76417504811911,4.3967971497701654,0.032555223152799365,0.18070170416657932,1.0673256040810555,0.01927710843373494,0.0,0.1493975903614458
of_farneback__robust_ossm_ekf,31_1,1246,-0.13908693755023993,-3.4676873293415156,101.73192085863806,4.664315292106484,2.4058729753861114e-13,0.11046360874371114,1.0732465984103932,0.0032102728731942215,0.0,0.0
of_farneback__robust_ossm_ekf,31_2,1251,2.120066205554152,60.424554579330334,6.384326229335178,3.520475288142705,6.563460204769779e-15,0.17580293597932714,1.0681990529343155,0.02238209432454037,0.0,0.058353317346123104
of_farneback__robust_ossm_ekf,31_3,1245,1.9549170304462145,102.24161792684163,4.285332626165495,3.013450635910915,1.7361444274496186e-16,0.4287896183876558,1.0503073034244819,0.10120481927710843,0.0,0.18152610441767067
of_farneback__robust_ossm_ekf,32_0,1217,2.559756154193277,243.94295640842665,2.2719409606560235,2.5966215924179186,2.670845884679626e-22,0.062254890466760186,1.0776785164323532,0.0008216926869350862,0.0,0.013968775677896467
of_farneback__robust_ossm_ekf,32_1,1216,9.516738855953443,1184.0332024074878,1.1096632334997565,1.8866817144497163,2.0927406975458745e-38,0.0007952063369902398,1.0832578520555218,0.0,0.0,0.10773026315789473
of_farneback__robust_ossm_ekf,32_2,1240,2.433029763888597,458.5712889734018,1.1894365899752237,2.5717136608762337,1.6040684363211625e-28,0.00852632889817773,1.0825273810613412,0.0,0.0,0.3016129032258065
of_farneback__robust_ossm_ekf,32_3,1240,2.6142534135252653,297.35289719111074,2.0108842906597095,2.8650150103787526,2.3689423879927984e-23,0.02149463420521274,1.0813207030653271,0.0,0.0,0.0
of_farneback__robust_ossm_ekf,33_0,1216,0.4115527700921806,1.207620559440329,34.30866112085485,4.224771668997847,1.413216254175137e-06,0.23691763344296685,1.0628895722170524,0.04194078947368421,0.0,0.08470394736842106
of_farneback__robust_ossm_ekf,33_1,1239,2.0900156487730577,78.83147523110847,5.803546892877813,4.501937872818197,3.13469062265196e-18,0.26007346799898134,1.061115579384,0.04923325262308313,0.0,0.2106537530266344
of_farneback__robust_ossm_ekf,33_2,1233,-0.48534920907009527,-4.471540661948893,124.60519155835689,6.033556334242426,1.997491641651201e-06,0.27841940901329093,1.0592720270586835,0.04866180048661801,0.0,0.08029197080291971
of_farneback__robust_ossm_ekf,33_3,1219,4.5894793931107225,249.48474977256,3.506175507497732,2.066390498546916,2.9830065135956096e-26,0.2115759191627607,1.066083626137895,0.04675963904840033,0.0,0.05332239540607055
of_farneback__robust_ossm_ekf,34_0,1224,13.484603728741913,432.46691014808823,3.6437811278753833,2.291519391787389,1.621524571280097e-34,0.030614212413315203,1.080608050755985,0.005718954248366013,0.0,0.0
of_farneback__robust_ossm_ekf,34_1,1225,6.045051308080302,368.2247044513264,2.119195549273788,2.3723800459748166,1.5120033637717238e-27,0.13643906023338637,1.0719983487527605,0.027755102040816326,0.0,0.03510204081632653
of_farneback__robust_ossm_ekf,34_2,1218,10.572669323426275,129.9859634016146,6.941404636573714,2.835437792325057,8.011116584005621e-24,0.055576767944979594,1.0783801302095974,0.0008210180623973727,0.0,0.0
of_farneback__robust_ossm_ekf,34_3,1222,5.595509979875736,66.06496722149853,8.983007860553606,3.8898843880638583,1.3182055074658439e-17,0.07125547945270141,1.0769267996229897,0.0032733224222585926,0.0,0.01800327332242226
of_farneback__robust_ossm_ekf,35_0,1235,7.568473254426072,324.0731921806257,3.3516885398144445,2.322700995128997,8.604378644639297e-28,0.2694898007366873,1.0633935500838008,0.048582995951417005,0.0,0.3157894736842105
of_farneback__robust_ossm_ekf,35_1,1224,2.378017443764758,205.7334775323698,2.616983983752579,2.3909456148732846,5.391539004548898e-22,0.06424032414365072,1.0775078714006676,0.0,0.0,0.03431372549019608
of_farneback__robust_ossm_ekf,35_2,1227,0.291430055284414,2.866121431171223,17.146021637170797,4.679350065489186,0.006998178114592192,0.16706802064778406,1.0685241311403522,0.014669926650366748,0.0,0.09046454767726161
of_farneback__robust_ossm_ekf,35_3,1228,45.664843429255804,831.6879315219714,3.202105208254111,2.295829489979398,1.1215668854220555e-42,0.3503225064106687,1.064846353109332,0.033387622149837134,0.003257328990228013,0.1490228013029316
of_farneback__robust_ossm_ekf,36_0,1233,1.0162795432540639,34.718655176309085,7.347089821969766,2.5717641270362517,3.7727843581412314e-14,0.3081796327626517,1.0582469108538106,0.07137064071370641,0.0,0.3122465531224655
of_farneback__robust_ossm_ekf,36_1,1214,0.2465876472893589,0.2098414256875003,32.064763697677336,4.122073400717549,2.975101564999615e-11,0.2930866812050692,1.0585757010031325,0.06589785831960461,0.0,0.30477759472817134
of_farneback__robust_ossm_ekf,36_2,1220,5.030166056187486,159.02495632174578,4.190360502532794,3.180971395947461,1.381182481479544e-22,0.20659807835331714,1.066528831869143,0.027049180327868853,0.0,0.26967213114754096
of_farneback__robust_ossm_ekf,36_3,1225,0.28476224349286605,3.782324187785207,13.80383826375302,5.238642525572941,4.55906337920179e-09,0.13617831787727808,1.0711165731691297,0.00816326530612245,0.0,0.529795918367347
of_farneback__robust_ossm_ekf,37_0,1209,12.333738441240794,288.4499318729056,3.8764606873510234,2.860082897819049,2.1706556900766438e-28,0.28687302056556335,1.062526007260067,0.043010752688172046,0.0,0.3457402812241522
of_farneback__robust_ossm_ekf,37_1,1211,1.6519238149239603,30.74990411536919,10.600518411703575,4.319070773005345,2.761847010806656e-13,0.16512223716151128,1.0689473731220336,0.016515276630883566,0.0,0.48967795210569776
of_farneback__robust_ossm_ekf,37_2,1211,4.599622749052378,91.37541913299606,7.202127830259294,3.565238605270071,3.4921384541484984e-19,0.23744402143379048,1.0640138119267033,0.038810900082576386,0.0,0.3781998348472337
of_farneback__robust_ossm_ekf,37_3,1210,36.216872620553055,728.1225201074458,3.365770720663369,2.610916667388847,1.3722004715259671e-40,0.3818159583665557,1.0627973323510458,0.028925619834710745,0.003305785123966942,0.4793388429752066
of_farneback__robust_ossm_ekf,38_0,1233,5.319625316738152,156.52826513039918,5.456557580550456,2.966990846742019,3.744908599151126e-22,0.15566099086444238,1.0702794231965869,0.0202757502027575,0.0,0.047850770478507706
of_farneback__robust_ossm_ekf,38_1,1230,3.385228953605141,128.6476479411076,4.274435724113985,2.972925211085733,1.419952331191303e-17,0.09234337944394312,1.0751124535217962,0.00894308943089431,0.0,0.01869918699186992
of_farneback__robust_ossm_ekf,38_2,1184,3.9184015479871386,211.81168769373164,3.385907974485465,2.101337962234515,2.0883325054255405e-23,0.12578746873207142,1.072503991760094,0.033783783783783786,0.0,0.02533783783783784
of_farneback__robust_ossm_ekf,38_3,1221,1.8432054392772086,32.14747725736356,10.545230654465644,2.9408723324684334,1.1501439110958074e-13,0.15191844262115967,1.0700462927027903,0.02457002457002457,0.0,0.012285012285012284
of_farneback__robust_ossm_ekf,39_0,1223,-0.4098855738313323,-4.305547571783336,113.35108896264262,5.789775596443019,9.476478919885998e-05,0.11915060839714411,1.072466209826436,0.0024529844644317253,0.0,0.018806214227309895
of_farneback__robust_ossm_ekf,39_1,1228,-0.3263345304574159,-4.034804347975978,103.43708106363984,6.8947698133003,6.685259927051832e-06,0.0950624293246273,1.0746162093561704,0.0008143322475570033,0.0,0.0008143322475570033
of_farneback__robust_ossm_ekf,39_2,1240,-0.3915662628605161,-4.252169855797547,110.82844703925458,5.787166215847122,5.855643458781488e-06,0.16553472433726263,1.0684893447681467,0.008064516129032258,0.0,0.07822580645161291
of_farneback__robust_ossm_ekf,39_3,1269,-0.4356496017416531,-4.298751721197277,122.90408224738238,5.250120095830841,1.5450513059613814e-09,0.15338610774811529,1.0694824013678652,0.003940110323089046,0.0,0.09929078014184398
of_farneback__robust_ossm_ekf,3_0,1207,48.37422796850178,987.7505895619925,2.747274548621846,2.216559595692653,6.24377431456358e-44,0.5084899710758168,1.0604332082936154,0.050538525269262634,0.004971002485501243,0.19552609776304888
of_farneback__robust_ossm_ekf,3_1,1212,37.82207383158194,867.6555082387367,3.0152163400637817,2.1830099780874925,1.8627481545771676e-42,0.5195878294297793,1.0585009940151464,0.04950495049504951,0.0049504950495049506,0.16831683168316833
of_farneback__robust_ossm_ekf,3_2,1208,38.912093060135106,799.6680125217356,2.025957758036189,3.020278544152003,2.2465545688861403e-40,0.30827357262580957,1.0658243284917983,0.028145695364238412,0.0008278145695364238,0.0902317880794702
of_farneback__robust_ossm_ekf,3_3,1208,57.1567102139321,1086.05328439034,3.1199382674066367,2.249278376318737,8.50711261598016e-46,0.4335187499500505,1.0645565435451119,0.027317880794701987,0.004966887417218543,0.1076158940397351
of_farneback__robust_ossm_ekf,40_0,1250,7.686587276880072,310.33009228728747,2.7742471411483294,2.76269715656978,7.185592058067771e-27,0.3301759922746811,1.0591147743661116,0.0696,0.0,0.052
of_farneback__robust_ossm_ekf,40_1,1232,7.020404592082945,217.43038708633503,2.9201722026923362,3.194440172002675,1.1759200776376134e-24,0.3839892700256297,1.0551643434535092,0.08198051948051949,0.0,0.08685064935064934
of_farneback__robust_ossm_ekf,40_2,1240,20.86250577675889,985.6900317838745,1.7135335456735128,1.8187114819796433,8.584120128255803e-41,0.7637020713722091,1.0482275989663712,0.10161290322580645,0.007258064516129033,0.45564516129032256
of_farneback__robust_ossm_ekf,40_3,1229,11.052350466422348,475.02221983112895,2.3335161038466277,2.322713830887404,5.464319989186314e-32,0.5403739083460269,1.0501974059009822,0.09764035801464606,0.0008136696501220504,0.36371033360455657
of_farneback__robust_ossm_ekf,4_0,1209,3.595963268778152,255.28642423942608,2.683789433050014,2.3935235900451977,1.4094423090582403e-22,0.13908318999283803,1.0714986241794586,0.034739454094292806,0.0,0.08602150537634409
of_farneback__robust_ossm_ekf,4_1,1207,11.5003198783161,363.43792298275525,3.6190459402225237,2.246434152632791,3.607838854218265e-30,0.12463126268063618,1.073315712981584,0.014913007456503728,0.0,0.1267605633802817
of_farneback__robust_ossm_ekf,4_2,1208,0.8548058982597979,16.885517149094085,10.659857314538094,4.408447791370062,2.416599172273627e-06,0.1749968656681417,1.067995143373826,0.015728476821192054,0.0,0.057947019867549666
of_farneback__robust_ossm_ekf,4_3,1210,44.61302335215508,2099.5423072707927,2.0291121517817077,1.4166704557803125,2.4108088989057837e-51,1.161289178111302,1.05754592254616,0.03801652892561983,0.01652892561983471,0.25867768595041324
of_farneback__robust_ossm_ekf,5_0,1210,5.3633060298286335,247.97784370685736,2.7131452593929657,2.791447645079536,1.3462022181864314e-23,0.3769617746390976,1.0558246834118123,0.08016528925619834,0.0,0.31322314049586775
of_farneback__robust_ossm_ekf,5_1,1209,1.1774756774802286,63.85767659161729,4.169667956373271,3.5262476419170903,2.044187400137177e-12,0.19539836589178858,1.0665718519403409,0.03970223325062035,0.0,0.03391232423490488
of_farneback__robust_ossm_ekf,5_2,1210,40.2213055887244,1266.2992169452912,2.1570980776749304,1.6748455978902113,1.1256732816521762e-45,0.771968490827194,1.0550405579322655,0.05950413223140496,0.008264462809917356,0.28677685950413223
of_farneback__robust_ossm_ekf,5_3,1206,6.8090563453376,306.9820508025191,2.9963864211053983,2.4303664742280757,2.2068930877410692e-26,0.35771825643709004,1.0577646557698286,0.05555555555555555,0.0,0.3018242122719735
of_farneback__robust_ossm_ekf,6_0,1208,1.529961140041113,55.22277174118142,5.617952854885283,3.8547110806660463,5.361706173944913e-11,0.032939044848554706,1.0802573876687596,0.0,0.0,0.0
of_farneback__robust_ossm_ekf,6_1,1207,4.107230844930007,100.68621012987258,5.517444805986328,4.207763941136996,2.773857571793992e-18,0.06043077365888483,1.077820309084171,0.0008285004142502071,0.0,0.0
of_farneback__robust_ossm_ekf,6_2,1209,9.111512077749715,312.08692796895,3.635911234021129,2.361711272310418,1.4572737470654594e-30,0.0741829524851717,1.076995873922947,0.009925558312655087,0.0,0.0
of_farneback__robust_ossm_ekf,6_3,1207,11.318073863488648,260.50288137263374,4.629087045312497,3.50382446372839,1.873720866036879e-28,0.2351828971088456,1.06409661337803,0.04059652029826015,0.0,0.0
of_farneback__robust_ossm_ekf,7_0,1209,4.578624509315017,217.38287491737114,3.1988156011985263,2.4604362527877397,1.1430876584814288e-23,0.07840748743912548,1.076303255883328,0.006617038875103391,0.0,0.05293631100082713
of_farneback__robust_ossm_ekf,7_1,1209,-0.1296007187169539,-3.1758033581324057,100.04376237985682,5.095984541682856,7.075172548370995e-06,0.07195469892139593,1.0766786121387897,0.0008271298593879239,0.0,0.0
of_farneback__robust_ossm_ekf,7_2,1208,0.9042419407292015,8.993929361373489,17.9520388759122,3.861207206330483,2.7216609974274617e-05,0.07663653050415649,1.076299384097769,0.0008278145695364238,0.0,0.0
of_farneback__robust_ossm_ekf,7_3,1209,-0.07843241829822212,-2.631556276127071,99.99995322457454,4.28282427264089,4.7069478898834914e-05,0.11987829235568741,1.0724745151869544,0.006617038875103391,0.0,0.0
of_farneback__robust_ossm_ekf,8_0,1210,-0.6296290564564995,-5.4233578206791435,112.96664396197507,5.624752486207584,4.003397090867364e-06,0.044670013904768144,1.0791555282937733,0.0,0.0,0.0
of_farneback__robust_ossm_ekf,8_1,1209,0.88744042362362,18.302486243748945,11.049014067399964,3.748289548195385,4.632924937970652e-09,0.1021063780157589,1.0741329142292613,0.009925558312655087,0.0,0.02315963606286187
of_farneback__robust_ossm_ekf,8_2,1209,0.5143533818467199,10.946213323956044,10.278800030861241,4.623142244683906,2.3591615444185264e-05,0.2286492561168347,1.0636638523810615,0.04631927212572374,0.0,0.0827129859387924
of_farneback__robust_ossm_ekf,8_3,1208,1.3204253006633575,39.70914654339731,6.8650075911325805,3.402534684769224,1.9223188177252783e-09,0.2970263315423095,1.0589370145402897,0.0695364238410596,0.0,0.08278145695364239
of_farneback__robust_ossm_ekf,9_0,1225,0.8359403404852825,5.205961819011463,26.227741386616845,5.045272278508064,3.964190083096017e-09,0.13192726399916924,1.071402960632678,0.0032653061224489797,0.0,0.0
of_farneback__robust_ossm_ekf,9_1,1242,-0.006137518151230648,-2.3284060976551473,93.35845346714939,4.784954694487497,1.896924355887768e-06,0.16301408501991244,1.06875597250889,0.01288244766505636,0.0,0.03140096618357488
of_farneback__robust_ossm_ekf,9_2,1229,2.3590449759580734,71.03908352570829,6.045486506339185,3.3234465675430576,4.7168779887671924e-15,0.1735528943208584,1.0681583549756517,0.028478437754271765,0.0,0.11065907241659886
of_farneback__robust_ossm_ekf,9_3,1265,-0.3954464426059032,-4.2654958538445555,114.59193406955498,5.624086621219858,0.00249861196119111,0.08974927149431654,1.0750586941825504,0.0,0.0,0.0
profile1d_cubic__robust_ossm_ekf,10_0,1227,0.5108724892228871,6.711895135984378,16.187819385345364,3.330569298607273,1.4147430955779337e-06,0.06969332000652899,1.0768114361253167,0.0,0.0,0.0488997555012225
profile1d_cubic__robust_ossm_ekf,10_1,1227,-0.07550266603262035,-2.5801598426836563,99.96904180820003,5.0871523585872485,4.312116667721795e-06,0.05476892627443381,1.0781609628155424,0.0,0.0,0.029339853300733496
profile1d_cubic__robust_ossm_ekf,10_2,1221,0.5946188269074679,17.371012595672028,8.690963030456691,4.660810704434268,8.856459731175566e-11,0.07158000091493567,1.0766377924009636,0.0,0.0,0.03521703521703522
profile1d_cubic__robust_ossm_ekf,10_3,1228,0.8044732147624161,26.38616121763846,7.144711041625101,4.210544482478174,3.0338342919822186e-10,0.030302585090267037,1.080450181745573,0.0,0.0,0.017915309446254073
profile1d_cubic__robust_ossm_ekf,11_0,1226,0.7882933787134405,17.29251627533813,10.408337490549842,4.235604685366283,6.525733810914246e-10,0.12665675031307375,1.0718747474446355,0.011419249592169658,0.0,0.03833605220228385
profile1d_cubic__robust_ossm_ekf,11_1,1265,0.408206224489994,5.7269278905988585,14.662060773412062,4.086541958314322,8.896601025107615e-05,0.10831148513759112,1.0734049586613679,0.005533596837944664,0.0,0.06482213438735178
profile1d_cubic__robust_ossm_ekf,11_2,1226,-0.26783273971080623,-3.7982018487720097,107.02489560324776,5.855564283860596,3.979364808414835e-06,0.04961099280739072,1.0786233368900249,0.0008156606851549756,0.0,0.0
profile1d_cubic__robust_ossm_ekf,11_3,1227,0.09659175053470603,-1.6099590679064022,58.752482006904636,4.2329784467404945,5.381177452957222e-05,0.20350370331955783,1.0654121112931816,0.029339853300733496,0.0,0.2697636511817441
profile1d_cubic__robust_ossm_ekf,12_0,1577,0.36681252072386794,3.3544191978293156,24.83629772335058,4.413217214234625,1.0463928998638724e-05,0.04947909812071141,1.078659391390324,0.0,0.0,0.03487634749524413
profile1d_cubic__robust_ossm_ekf,12_1,1224,0.028130543113252582,-2.0081490070583072,99.77396560871567,4.679467956543616,9.619353877732162e-05,0.04919303066773762,1.0786694490600446,0.0,0.0,0.08741830065359477
profile1d_cubic__robust_ossm_ekf,12_2,1285,-0.9125784954285505,-5.8724993537093155,152.28534602569266,6.031064251382311,2.5282703170251005e-13,0.06940680295108873,1.0767615908381567,0.0,0.0,0.07859922178988327
profile1d_cubic__robust_ossm_ekf,12_3,1233,0.2507626512330847,0.41617049698805886,29.354294475317822,4.2411330996080805,2.0919012526351995e-06,0.07656136044527105,1.0761881372416806,0.0008110300081103001,0.0,0.19464720194647203
profile1d_cubic__robust_ossm_ekf,13_0,1221,-0.6854109347818085,-5.428978664899773,123.33760457895683,5.4435905845722115,1.899799137723024e-08,0.03698230678648027,1.0798012974928863,0.0,0.0,0.0
profile1d_cubic__robust_ossm_ekf,13_1,1228,-0.4343201250228521,-4.309042835995342,117.91229652470913,6.0928381234690665,3.431034546244632e-05,0.14483817585823422,1.0700676866790138,0.0016286644951140066,0.0,0.3314332247557003
profile1d_cubic__robust_ossm_ekf,13_2,1243,-0.5158382939497956,-4.814453586433046,116.64417837582349,5.2389708389645495,2.19172084100644e-06,0.11896531554759793,1.0723136692556074,0.0,0.0,0.2236524537409493
profile1d_cubic__robust_ossm_ekf,13_3,1225,-0.32264624544403464,-3.9642844978199037,105.4598341712514,5.651494562776449,5.9566030060920365e-05,0.12484549733992281,1.0718197283381659,0.0032653061224489797,0.0,0.23183673469387756
profile1d_cubic__robust_ossm_ekf,14_0,1248,0.4830546238262423,13.985173229513862,8.700868345415996,3.7847315518540716,1.0191254118922962e-15,0.049065574178545686,1.0787090726279798,0.0,0.0,0.029647435897435896
profile1d_cubic__robust_ossm_ekf,14_1,1234,-0.857878463867161,-6.306414318384242,123.9944146916609,7.413027475775725,6.306583287061199e-12,0.07233403847585414,1.0764979491536868,0.0,0.0,0.011345218800648298
profile1d_cubic__robust_ossm_ekf,14_2,1244,0.19470330644733158,-1.6256599349271,99.63873801323356,5.1483263704832485,3.4298824269044184e-09,0.06408598745585889,1.0773064285899823,0.001607717041800643,0.0,0.014469453376205787
profile1d_cubic__robust_ossm_ekf,14_3,1235,-0.6867377954564491,-5.409939536384286,125.58718015593679,7.114805177858593,3.719485977707022e-07,0.026751917234453464,1.0807660587536576,0.0,0.0,0.0
profile1d_cubic__robust_ossm_ekf,15_0,1298,-0.22422965075188817,-3.448086275780497,114.20969105214614,4.854939233944026,1.1955956377227699e-08,0.03521179944469382,1.079970824034782,0.0,0.0,0.011556240369799691
profile1d_cubic__robust_ossm_ekf,15_1,1223,-0.9073609294694642,-6.284944447596445,130.51763352707067,6.13999285032899,3.9313724279279537e-13,0.030027296121455528,1.0804523901634762,0.0,0.0,0.0
profile1d_cubic__robust_ossm_ekf,15_2,1227,-0.4970575472990051,-4.6332368242748885,119.01717406799895,5.299524117060985,1.3396684161219651e-08,0.0392765844048344,1.0795834439069028,0.0,0.0,0.03015484922575387
profile1d_cubic__robust_ossm_ekf,15_3,1255,0.11169653763768661,-1.7856404408663593,99.90814833408407,4.275877809466035,1.0069523688278532e-10,0.04696295599184838,1.0788831497425595,0.0,0.0,0.030278884462151396
profile1d_cubic__robust_ossm_ekf,16_0,1232,-0.11979096250611221,-2.899604095293398,100.00003410138088,4.171516594300302,4.5684411840281845e-07,0.1588077625901028,1.0688819717788096,0.006493506493506494,0.0,0.4155844155844156
profile1d_cubic__robust_ossm_ekf,16_1,1238,-0.6008893549279213,-4.965187369838986,130.55643870412703,5.548039961940963,4.467533209347828e-12,0.10398951652098047,1.073629412830996,0.0016155088852988692,0.0,0.10662358642972536
profile1d_cubic__robust_ossm_ekf,16_2,1232,-0.8208842915591212,-5.886621895503879,133.88730079844166,6.286443488449014,1.6492713375996434e-10,0.04272376093120479,1.0792479931665926,0.0,0.0,0.00974025974025974
profile1d_cubic__robust_ossm_ekf,16_3,1228,-0.553282342181082,-4.975364130432013,117.62854797697283,4.27863946508147,6.198583259517946e-09,0.11763130840820142,1.0724672161253717,0.004071661237785016,0.0,0.09039087947882736
profile1d_cubic__robust_ossm_ekf,17_0,1226,1.7245999535632537,84.20496330668271,4.201309493972222,3.6094747167383323,1.2289394449809823e-13,0.08384932709912735,1.0756530030048972,0.004078303425774877,0.0,0.013050570962479609
profile1d_cubic__robust_ossm_ekf,17_1,1219,-0.21730938202335315,-3.422061345347288,100.0001634598827,4.814488589252938,0.00519415766099359,0.06803554182042698,1.076927623169265,0.0,0.0,0.03855619360131255
profile1d_cubic__robust_ossm_ekf,17_2,1218,0.11853812051494117,-1.2719317438114786,47.82208093936178,5.486166982815042,1.76032991834123e-05,0.06415807092053306,1.077306150959023,0.0,0.0,0.09688013136288999
profile1d_cubic__robust_ossm_ekf,17_3,1239,-0.7480079152282779,-5.198153519560719,146.25816106424503,7.290362347425378,5.318979772958968e-11,0.19394561989581688,1.0657508685250299,0.011299435028248588,0.0,0.14366424535916061
profile1d_cubic__robust_ossm_ekf,18_0,1243,0.5344671608323255,10.897606011196899,11.503766331597328,3.7352525390278357,1.6940299148225685e-05,0.09728580884091109,1.074390828578922,0.003218020917135961,0.0,0.1584875301689461
profile1d_cubic__robust_ossm_ekf,18_1,1239,0.06508276728780205,-1.7939766466122364,84.96750467502316,4.837888068588199,0.06328055118399105,0.13653001320878877,1.0709078609559144,0.011299435028248588,0.0,0.16707021791767554
profile1d_cubic__robust_ossm_ekf,18_2,1226,0.079280470863615,-1.5093139169525216,49.39687479838481,4.68595724367037,0.0008726705965270391,0.06795867183753097,1.076965575569259,0.0,0.0,0.0024469820554649264
profile1d_cubic__robust_ossm_ekf,18_3,1244,0.6279597779619728,13.212078181941479,10.964112840775037,4.074127670640535,0.00013874982694750006,0.09752552230723871,1.0743745651627548,0.00482315112540193,0.0,0.03697749196141479
profile1d_cubic__robust_ossm_ekf,19_0,1209,3.46919763914258,152.35355377915957,4.302793515790129,2.5344733059370834,1.7255418618491037e-19,0.08347008018342074,1.0758400198608313,0.01488833746898263,0.0,0.01240694789081886
profile1d_cubic__robust_ossm_ekf,19_1,1209,-0.4881478427122299,-4.3125246773410595,132.0966066915769,5.519289041596697,2.2238328207215562e-05,0.07768260824229004,1.0760281404376753,0.0008271298593879239,0.0,0.009925558312655087
profile1d_cubic__robust_ossm_ekf,19_2,1211,1.9380307331917939,67.59912647597366,6.2158109632337775,2.87912561702754,2.4523007680911974e-16,0.31882546660523814,1.058053463707246,0.05284888521882741,0.0,0.08257638315441784
profile1d_cubic__robust_ossm_ekf,19_3,1210,1.6702533988210382,22.662023670042487,12.17526550559811,5.29284537185192,1.232275443079811e-09,0.05389406160078361,1.0782836106802056,0.001652892561983471,0.0,0.0
profile1d_cubic__robust_ossm_ekf,1_0,1205,8.55679160423802,255.09224139176695,3.864798642823718,2.0727517504942288,2.218294438312919e-26,0.0117448027082258,1.0822178405056275,0.0,0.0,0.013278008298755186
profile1d_cubic__robust_ossm_ekf,1_1,1207,15.753121920490823,473.16580343980377,2.4612142920208506,2.125828804505506,1.503456328306414e-32,0.019210131917471777,1.0815607246047012,0.0016570008285004142,0.0,0.009113504556752278
profile1d_cubic__robust_ossm_ekf,1_2,1208,3.4919954849087347,146.05926508536186,4.1922317257896715,3.4826264657378103,5.255980747891278e-20,0.007158150437638704,1.0826442055004193,0.0,0.0,0.0041390728476821195
profile1d_cubic__robust_ossm_ekf,1_3,1207,5.2194775791802375,265.29917832462115,2.7951639102932058,2.528621156457603,2.7153555493966997e-25,0.015330133345898597,1.0818778715851032,0.0,0.0,0.03396851698425849
profile1d_cubic__robust_ossm_ekf,20_0,1209,1.1916987482469823,36.60112988806958,7.202007818756067,3.7011332798214736,5.868403474053891e-10,0.04505333495425878,1.0790946482613106,0.0,0.0,0.0
profile1d_cubic__robust_ossm_ekf,20_1,1209,-0.1646285436460575,-3.15950493217224,100.00014139616609,5.204272195827355,0.0678152600956301,0.020831542005238315,1.0813313145441834,0.0,0.0,0.0
profile1d_cubic__robust_ossm_ekf,20_2,1210,-0.3073740726982144,-3.9361797205549465,100.06708935324384,5.698160866995435,0.002900840320391804,0.036391569962058876,1.0798601109912345,0.0,0.0,0.0
profile1d_cubic__robust_ossm_ekf,20_3,1209,-0.040084462740010096,-2.4068204793600216,99.97651065953615,3.892807402696343,3.9076848623056934e-05,0.030014202455966588,1.0804670908159182,0.0,0.0,0.0
profile1d_cubic__robust_ossm_ekf,21_0,1208,0.26081377867663447,0.46247691275334546,29.97758225061732,3.924562898230469,2.332776548570202e-06,0.14471757061729354,1.0702904982348427,0.012417218543046357,0.0,0.2582781456953642
profile1d_cubic__robust_ossm_ekf,21_1,1208,1.125115779133135,41.86383493525477,6.10014212019658,3.5255138680032756,7.533108807340627e-12,0.09372838268596166,1.074761206781934,0.0074503311258278145,0.0,0.0016556291390728477
profile1d_cubic__robust_ossm_ekf,21_2,1207,0.10766484552751843,-1.0743574779031633,34.35392361616383,4.542525484718013,3.0293692065692185e-05,0.12345185142162138,1.0720614406914863,0.0008285004142502071,0.0,0.22700911350455674
profile1d_cubic__robust_ossm_ekf,21_3,1213,0.43731310774962884,2.2308783439718525,26.03959080212604,4.300084533398669,0.0039789818527127315,0.06950563259603379,1.0768358523476456,0.0008244023083264633,0.0,0.169002473206925
profile1d_cubic__robust_ossm_ekf,22_0,1209,-0.9483863766470844,-6.001445526353621,144.03824258600713,8.260176103094818,4.9960305896092855e-14,0.047075565531087604,1.0788346802320323,0.0,0.0,0.006617038875103391
profile1d_cubic__robust_ossm_ekf,22_1,1210,-1.21386028780207,-6.377106256439106,167.96378418550228,10.177783060785307,2.1685118652705565e-18,0.040126299576004824,1.0794874804036079,0.0,0.0,0.0
profile1d_cubic__robust_ossm_ekf,22_2,1210,-0.9256413000953891,-6.6790731979769475,120.3601462815096,6.867196283471241,1.031988883586079e-13,0.045740492017157304,1.0789664209667151,0.0,0.0,0.021487603305785124
profile1d_cubic__robust_ossm_ekf,22_3,1211,1.1855771139770486,12.930275915203936,17.25601863067053,3.7517292716312873,1.3425138880795611e-08,0.04381321225777036,1.0791896413345903,0.0008257638315441783,0.0,0.0
profile1d_cubic__robust_ossm_ekf,23_0,1208,-0.28647627544097354,-3.8195808863465572,100.06786637854968,4.430906936902036,1.1141480114606353e-11,0.006607122711845762,1.0826945907595804,0.0,0.0,0.0
profile1d_cubic__robust_ossm_ekf,23_1,1210,1.7715390991206412,37.0693545613326,8.9176056697378,2.816050646807051,3.970084656332213e-12,0.009349847697283696,1.0824335373720584,0.0,0.0,0.0
profile1d_cubic__robust_ossm_ekf,23_2,1208,-0.1101947804256791,-2.867739198358322,99.99998945639173,4.946205889126084,0.0017725724752471837,0.01194130387646119,1.082181874942866,0.0,0.0,0.0
profile1d_cubic__robust_ossm_ekf,23_3,1207,1.3231727194918133,54.41521995639846,5.848153511131376,2.7321951530845032,1.531306484580638e-11,0.022477352769898647,1.0811868283021318,0.0,0.0,0.0
profile1d_cubic__robust_ossm_ekf,24_0,1209,2.532103079268426,117.86436214076139,3.949095845417128,3.130995943976049,9.063344419782183e-19,0.010116918058752306,1.0823609353225405,0.0,0.0,0.0
profile1d_cubic__robust_ossm_ekf,24_1,1207,4.761007821064072,150.08323609584477,3.532145796622628,3.0799695846393442,3.418167228212987e-19,0.020698373311815836,1.0813617886870373,0.0,0.0,0.0
profile1d_cubic__robust_ossm_ekf,24_2,1212,-0.2838479962748317,-3.743953867136497,103.31459335301604,5.335452156484963,1.8167578315771625e-06,0.00952480431876942,1.0824139593696667,0.0,0.0,0.010726072607260726
profile1d_cubic__robust_ossm_ekf,24_3,1208,1.887399637604756,115.38614206967168,3.529817788354237,3.295451898424316,5.2918193148959306e-17,0.0238713625805826,1.0810596358985538,0.0,0.0,0.0
profile1d_cubic__robust_ossm_ekf,25_0,1233,0.048505499553902265,-1.8893569588080936,95.64894358215992,4.426895177022612,0.1687351590909193,0.12496533484317907,1.0719017244119122,0.0072992700729927005,0.0,0.050283860502838604
profile1d_cubic__robust_ossm_ekf,25_1,1218,-0.5672123047568483,-5.129544465282834,111.81700685865435,6.686860821671512,2.5043106935448826e-08,0.18850915150160716,1.0662373464905848,0.006568144499178982,0.0,0.10673234811165845
profile1d_cubic__robust_ossm_ekf,25_2,1240,-0.38545509979421855,-4.040205486356172,122.78363266878425,6.788585800662835,5.77955998976203e-07,0.22533036809736995,1.0632545999242664,0.020967741935483872,0.0,0.11290322580645161
profile1d_cubic__robust_ossm_ekf,25_3,1227,0.03806268920070455,-2.008703456650892,85.05853192145048,4.936663297184641,0.0003520380252954548,0.2472464205949755,1.0618315752296228,0.03178484107579462,0.0,0.09290953545232274
profile1d_cubic__robust_ossm_ekf,26_0,1230,-0.5447388999954295,-4.8395972972273285,120.37407581346926,7.523569534245696,1.5435161755159867e-08,0.08594824398911327,1.0752589078818013,0.0,0.0,0.14796747967479676
profile1d_cubic__robust_ossm_ekf,26_1,1227,-0.3206484525478821,-3.8156636535281905,114.05984299410724,5.371852275447029,1.6700822217891004e-05,0.1740702373165478,1.0675449024254882,0.008149959250203748,0.0,0.582722086389568
profile1d_cubic__robust_ossm_ekf,26_2,1249,0.4566376934450922,3.1222763991881948,24.48864352569207,4.955012739916954,1.730639431605709e-12,0.12283411330446865,1.072104103651367,0.008006405124099279,0.0,0.5060048038430744
profile1d_cubic__robust_ossm_ekf,26_3,1227,-0.2526763635685749,-3.560293549332755,118.28144805864727,6.276579277452819,8.461401009014929e-19,0.14463581269768092,1.0700237048264978,0.004074979625101874,0.0,0.628361858190709
profile1d_cubic__robust_ossm_ekf,27_0,1227,0.06760047897969335,-1.7991055954860258,95.32380903408317,4.271098465411638,0.0015249472055433135,0.022709270671643675,1.0811556282657788,0.0,0.0,0.006519967400162999
profile1d_cubic__robust_ossm_ekf,27_1,1240,-0.3800062144705172,-4.252019887855624,109.37486932472524,5.14547525835492,4.353384065965041e-05,0.03904542022083922,1.0796082400782008,0.0,0.0,0.0
profile1d_cubic__robust_ossm_ekf,27_2,1232,-0.03814172005128125,-2.4053090038701725,99.99985352121062,3.6011106924071647,0.005254791162095891,0.0411231681068501,1.079421341438325,0.0,0.0,0.05194805194805195
profile1d_cubic__robust_ossm_ekf,27_3,1235,-0.46028797569087,-3.82175196858816,161.2793057269458,4.309271081798291,5.770048400615166e-10,0.02614680236591743,1.0808239562410276,0.0,0.0,0.008906882591093117
profile1d_cubic__robust_ossm_ekf,28_0,1254,1.26505574251801,48.70025026572546,6.132407844639498,3.1178172806348416,1.641110431562065e-10,0.11595279992884772,1.0729010668630308,0.011164274322169059,0.0,0.2065390749601276
profile1d_cubic__robust_ossm_ekf,28_1,1220,0.4321531745256464,4.949225507414553,17.031580000408518,3.4985394679926447,2.5331795133816674e-05,0.10320633705661092,1.0738714073454987,0.006557377049180328,0.0,0.08442622950819673
profile1d_cubic__robust_ossm_ekf,28_2,1240,0.15021793109759773,-1.0421275858141144,43.95159183382436,4.615956234594434,3.671304511923471e-08,0.14805527140518848,1.0698611511616098,0.008064516129032258,0.0,0.03790322580645161
profile1d_cubic__robust_ossm_ekf,28_3,1237,0.4500533721159412,7.97218807416823,12.527462166151155,5.946600228450743,2.0349841132848375e-05,0.13723640780253804,1.0708812403168013,0.004042037186742118,0.0,0.15359741309620048
profile1d_cubic__robust_ossm_ekf,29_0,2154,-0.6403360950052632,-6.425277761398775,157.8558819278316,5.255582157612823,1.9584005074517101e-10,0.14014007542248516,1.070421480463351,0.00046425255338904364,0.0,0.034818941504178275
profile1d_cubic__robust_ossm_ekf,29_1,1225,-0.8328443415616213,-5.312936190023038,155.26709983920097,5.243089762700733,1.7329479325377106e-11,0.20616169845961593,1.0646676460107936,0.010612244897959184,0.0,0.0653061224489796
profile1d_cubic__robust_ossm_ekf,29_2,1226,-0.6338625421163617,-4.781645893535369,142.24594563690823,4.468316351343901,1.0453736619801867e-09,0.14219530014780982,1.070240394687006,0.0032626427406199023,0.0,0.052202283849918436
profile1d_cubic__robust_ossm_ekf,29_3,1310,-0.8351616772923052,-6.084991438354308,137.40749402633804,8.458575335801857,1.1486073221632627e-15,0.06666565427654221,1.0770155641600268,0.0007633587786259542,0.0,0.00916030534351145
profile1d_cubic__robust_ossm_ekf,2_0,1208,0.3456657732135615,3.610437534831078,17.03074537094255,3.2765365035047744,0.00010573611636232408,0.08755824116842176,1.0752302803666713,0.0016556291390728477,0.0,0.1382450331125828
profile1d_cubic__robust_ossm_ekf,2_1,1208,1.6915875303036927,33.939011051991656,10.305061658576335,3.261068648674742,5.634414751059396e-12,0.10600107552015953,1.0737675191675853,0.009105960264900662,0.0,0.03394039735099338
profile1d_cubic__robust_ossm_ekf,2_2,1208,0.8511918546416584,22.507443987784427,8.19682889663225,3.570307657609322,2.3458163606048734e-10,0.1432051226297437,1.070571620884017,0.013245033112582781,0.0,0.22019867549668873
profile1d_cubic__robust_ossm_ekf,2_3,1209,2.1909634468822317,59.23072499276407,6.681813086828423,3.7214682353562085,5.684925659003599e-14,0.12711325341306623,1.0720977260184925,0.01240694789081886,0.0,0.12985938792390406
profile1d_cubic__robust_ossm_ekf,30_0,1231,0.8399485067615355,19.73919187904835,10.191420618821862,4.022559005187065,2.1168864254641965e-11,0.03734893720744018,1.079783455362195,0.0,0.0,0.060926076360682375
profile1d_cubic__robust_ossm_ekf,30_1,1213,-0.6414461113253851,-5.065026822350546,129.61837402430535,6.577379450486055,1.0585360938679827e-08,0.03936853008375252,1.079565373730818,0.0,0.0,0.028854080791426217
profile1d_cubic__robust_ossm_ekf,30_2,1232,-0.12682497943018722,-2.893510403999983,100.00000001570316,4.643038067408349,0.0008788047848286515,0.0575582302780819,1.0778943202857512,0.0,0.0,0.288961038961039
profile1d_cubic__robust_ossm_ekf,30_3,1229,-0.7516876243443105,-5.400224017467735,136.96409523532546,6.51700123607643,3.1656458912759305e-10,0.026824836031585274,1.080755726765298,0.0,0.0,0.01952807160292921
profile1d_cubic__robust_ossm_ekf,31_0,1245,-0.36388070554792007,-4.131296861854082,109.4945837417918,5.673225769107871,1.8682577409941515e-07,0.08307323056504845,1.0755467268160972,0.0,0.0,0.14698795180722893
profile1d_cubic__robust_ossm_ekf,31_1,1246,-0.702409677914221,-5.892361307614692,120.9403120408197,6.811718237071809,1.0888827318896383e-16,0.0315846115659025,1.080303600802145,0.0,0.0,0.0
profile1d_cubic__robust_ossm_ekf,31_2,1251,0.6463377656260887,12.04139438156409,12.171395477428742,3.7575388927868714,8.858253708197379e-06,0.08454410410663007,1.0755083925197977,0.0031974420463629096,0.0,0.07354116706634692
profile1d_cubic__robust_ossm_ekf,31_3,1245,1.1404648529300498,26.115302457463258,9.909047807676151,4.456260848244573,2.412738286232542e-09,0.1928001097859911,1.0665545560658796,0.015261044176706828,0.0,0.19839357429718876
profile1d_cubic__robust_ossm_ekf,32_0,1217,0.6408176864062769,19.70659296875681,7.962948701437636,3.1199665394552722,1.160005946617688e-10,0.12889965884757845,1.0717109244595306,0.013968775677896467,0.0,0.114215283483977
profile1d_cubic__robust_ossm_ekf,32_1,1216,6.176317563126231,149.56324024835862,5.788637086318651,2.9121581254311,9.545367556767173e-23,0.24863513381297658,1.0638646042321696,0.03618421052631579,0.0,0.29769736842105265
profile1d_cubic__robust_ossm_ekf,32_2,1240,1.4004875633611604,45.02333463842524,6.23126776615454,4.444855432976475,1.759245762900988e-12,0.2131945688452592,1.0650888243970573,0.0467741935483871,0.0,0.1
profile1d_cubic__robust_ossm_ekf,32_3,1240,3.1150553794837563,80.15609801238088,6.843216925946998,4.201376556537803,8.266131088670867e-18,0.15142918654057297,1.0701309136641184,0.00967741935483871,0.0,0.17096774193548386
profile1d_cubic__robust_ossm_ekf,33_0,1216,-0.20419453661872922,-3.39554661661883,100.00295606775293,4.662085591092398,9.365825769882347e-05,0.06683895134245664,1.0770290386410164,0.0,0.0,0.05921052631578947
profile1d_cubic__robust_ossm_ekf,33_1,1239,-0.15839714634573454,-3.176036889426996,105.23572087913779,5.468020504025718,2.093847711717311e-06,0.14190945039812197,1.0703411156714013,0.009685230024213076,0.0,0.22356739305891848
profile1d_cubic__robust_ossm_ekf,33_2,1233,-0.449071540459014,-4.362216176474931,119.9810879402576,7.3909717672037,7.6969911023538e-09,0.12207255708081947,1.0719994719741035,0.0008110300081103001,0.0,0.12489862124898621
profile1d_cubic__robust_ossm_ekf,33_3,1219,4.776165824680484,222.74904210326667,3.888734408592519,2.8299776657731925,6.3643811216244994e-27,0.08524046533205588,1.0756794822682856,0.017227235438884332,0.0,0.05988515176374077
profile1d_cubic__robust_ossm_ekf,34_0,1224,6.361479970525091,334.8949733977197,3.063571127658896,2.0877620105012937,9.8194302787739e-29,0.008564606229897274,1.0825126349921907,0.0,0.0,0.0016339869281045752
profile1d_cubic__robust_ossm_ekf,34_1,1225,4.845496063628692,361.5054759800523,1.9294701659659035,2.8013851691345915,5.142054728090856e-26,0.04236586353165578,1.0794212845819928,0.0016326530612244899,0.0,0.04163265306122449
profile1d_cubic__robust_ossm_ekf,34_2,1218,6.204518083229722,126.72810618103995,5.682156940035283,2.9699476537789096,6.027734796580419e-22,0.02402331727158097,1.081074715445532,0.0008210180623973727,0.0,0.0
profile1d_cubic__robust_ossm_ekf,34_3,1222,1.0797394138320344,22.81508590581359,9.849004611399797,3.261013130364244,6.405018930201712e-11,0.07058007147839189,1.076783325164065,0.0016366612111292963,0.0,0.024549918166939442
profile1d_cubic__robust_ossm_ekf,35_0,1235,-0.09497910908380769,-2.6996769435256738,100.00034044210223,4.085584023542188,0.0003507754258901623,0.1892787298666795,1.0664549289519862,0.026720647773279354,0.0,0.18704453441295546
profile1d_cubic__robust_ossm_ekf,35_1,1224,-0.04529887312924563,-2.377885795538134,99.29028154891814,5.814440719910511,4.480862385442809e-12,0.05234904170213046,1.0783900592083604,0.0,0.0,0.10866013071895425
profile1d_cubic__robust_ossm_ekf,35_2,1227,1.3068321181505418,42.46608681334655,6.961797024122118,3.2322509988195836,1.1670129931256437e-11,0.05790100855873005,1.077932365410284,0.0,0.0,0.05704971475142624
profile1d_cubic__robust_ossm_ekf,35_3,1228,3.2614207677119564,59.122832536259466,9.450878948300623,4.0665533870145625,2.3388294927382327e-19,0.06673820715443825,1.0772284215146855,0.005700325732899023,0.0,0.05537459283387622
profile1d_cubic__robust_ossm_ekf,36_0,1233,-0.39250261590599944,-4.409801919785423,105.44286031316315,4.772099967208122,3.870745501554681e-13,0.14970492631992832,1.0696487952106888,0.0056772100567721,0.0,0.22952149229521493
profile1d_cubic__robust_ossm_ekf,36_1,1214,-0.4554217401308369,-4.4712987025116036,114.62425230820189,5.4652250357791194,5.78444551575143e-14,0.18560952524376403,1.0665468590505627,0.016474464579901153,0.0,0.36079077429983525
profile1d_cubic__robust_ossm_ekf,36_2,1220,0.874330155866506,10.293335018958032,17.508028724269874,4.829824428448956,2.4883419736152354e-11,0.09816786725727249,1.0743182703319232,0.005737704918032787,0.0,0.30573770491803276
profile1d_cubic__robust_ossm_ekf,36_3,1225,0.7507192389611923,23.877623191765565,7.267841926739944,4.454946233858858,1.3480756940227931e-13,0.07750113149196966,1.0761406789622465,0.0016326530612244899,0.0,0.5012244897959184
profile1d_cubic__robust_ossm_ekf,37_0,1209,7.68777829881115,179.2448539567988,5.340941596597891,3.1331584288324805,4.49410820904207e-25,0.10000709776031909,1.074598330650273,0.008271298593879239,0.0,0.5310173697270472
profile1d_cubic__robust_ossm_ekf,37_1,1211,-0.6662360702672796,-4.992708001832682,136.1936831757991,7.495387028833824,3.7215056599694685e-08,0.09647231794340208,1.0743276840937688,0.0,0.0,0.629232039636664
profile1d_cubic__robust_ossm_ekf,37_2,1211,0.7057157972613961,3.823327932354516,28.429653808651658,6.138873320708358,9.203980107867668e-09,0.08642681937473605,1.0752900819075786,0.0016515276630883566,0.0,0.5301403798513625
profile1d_cubic__robust_ossm_ekf,37_3,1210,0.16867397709749454,0.7309106456692689,17.98040507154453,5.7718895669997305,3.748569371027952e-06,0.08915079481892053,1.0750604424133885,0.0,0.0,0.7057851239669422
profile1d_cubic__robust_ossm_ekf,38_0,1233,1.0869788760816288,38.630443530724506,6.2484914737908595,3.856983173275938,3.809597070440676e-12,0.09819306964564471,1.0743824540110283,0.008110300081103,0.0,0.05271695052716951
profile1d_cubic__robust_ossm_ekf,38_1,1230,2.2068001463289466,93.10868535452403,5.122836477948412,2.5261642448528665,6.06299252758017e-16,0.09908703920475839,1.074437763213457,0.014634146341463415,0.0,0.07967479674796749
profile1d_cubic__robust_ossm_ekf,38_2,1184,1.8736833112167552,58.875715290663834,5.732399685551534,4.768019601325797,2.0744954379111935e-12,0.056277335994931586,1.0780929915730824,0.0033783783783783786,0.0,0.0
profile1d_cubic__robust_ossm_ekf,38_3,1221,2.0853316562398403,92.34975808226909,4.604366333303475,3.3271858315390865,2.871481035431513e-15,0.2129444123480448,1.065373088176224,0.04176904176904177,0.0,0.09582309582309582
profile1d_cubic__robust_ossm_ekf,39_0,1223,-0.39900882559766204,-4.249019665451783,112.84632121194286,5.017174527473814,1.6234853381556387e-05,0.07704446401101732,1.0760924657247117,0.0,0.0,0.05478331970564186
profile1d_cubic__robust_ossm_ekf,39_1,1228,-0.6534124151255254,-5.586744385104794,114.40391732239598,5.764012014502211,1.0326382653085376e-10,0.05592024621129555,1.078033972286315,0.0,0.0,0.010586319218241042
profile1d_cubic__robust_ossm_ekf,39_2,1240,-0.684132225392565,-5.2826080113968885,130.4029215928986,6.808051017238666,6.925833532674462e-08,0.067411770693027,1.0769604354985132,0.0,0.0,0.041935483870967745
profile1d_cubic__robust_ossm_ekf,39_3,1269,-0.19371426956759175,-3.367158605215309,100.03623851065619,6.993076415281156,7.238994463336083e-07,0.10770135470100228,1.0733449806258708,0.0,0.0,0.12214342001576044
profile1d_cubic__robust_ossm_ekf,3_0,1207,4.069410141433918,349.42809838916867,2.0932989458821303,2.685342969531268,1.147660884059411e-25,0.13386399862287307,1.0719523493011398,0.03148301574150787,0.0,0.08864954432477216
profile1d_cubic__robust_ossm_ekf,3_1,1212,6.5289987902253195,217.25597175358598,4.02884261275385,2.535087311181481,7.3665879092397155e-25,0.036119332459450475,1.079995682089969,0.0016501650165016502,0.0,0.0
profile1d_cubic__robust_ossm_ekf,3_2,1208,1.8012625149204355,92.37118998432999,3.996001657376458,3.4469273115647283,7.363377103371399e-14,0.07121204491238174,1.0767770270994246,0.0033112582781456954,0.0,0.0347682119205298
profile1d_cubic__robust_ossm_ekf,3_3,1208,1.606950257205865,45.41997257135995,7.525454744056229,2.5871814735233016,1.418284735401246e-11,0.03196997681667853,1.080305442865161,0.0,0.0,0.0033112582781456954
profile1d_cubic__robust_ossm_ekf,40_0,1250,0.32841472364805435,5.507784455971773,12.585131338675938,3.939851394056705,2.2701803929948956e-06,0.07892758193329998,1.0759995251030496,0.0,0.0,0.0448
profile1d_cubic__robust_ossm_ekf,40_1,1232,-0.10983181457879176,-2.8382787789851136,100.00039322062847,5.5466724206610865,0.001258256339550671,0.20136972975594786,1.0654444723491867,0.020292207792207792,0.0,0.18019480519480519
profile1d_cubic__robust_ossm_ekf,40_2,1240,0.4023707614227887,4.640255577444577,16.358250188051787,3.957287027908689,1.2919695470414051e-05,0.1954690889976591,1.0661565952123038,0.035483870967741936,0.0,0.07096774193548387
profile1d_cubic__robust_ossm_ekf,40_3,1229,1.7214291024673676,50.396755730974974,6.720956116221451,3.731044724191266,6.889199790420052e-12,0.19937923601738483,1.0662862760468559,0.03173311635475997,0.0,0.080553295362083
profile1d_cubic__robust_ossm_ekf,4_0,1209,1.4712218565519972,25.354014571736798,10.269562589149364,3.541120746560762,1.848546602701351e-08,0.0312260704741561,1.0803706664501074,0.0008271298593879239,0.0,0.028122415219189414
profile1d_cubic__robust_ossm_ekf,4_1,1207,4.787322215762117,191.8196084151491,4.390928026619724,1.970653426415503,2.2812153840646754e-26,0.04970466979361469,1.078776271219609,0.00579950289975145,0.0,0.09942004971002485
profile1d_cubic__robust_ossm_ekf,4_2,1208,0.5740153895970388,16.97919837271411,8.186906846611315,3.782793880548299,2.1041880588857947e-06,0.01653592091332639,1.0817448288468536,0.0,0.0,0.026490066225165563
profile1d_cubic__robust_ossm_ekf,4_3,1210,3.5374616922316893,228.57293522459585,2.956612484726531,2.3977097269875594,4.0169693137424165e-25,0.07079211558797192,1.0769315542167979,0.00909090909090909,0.0,0.043801652892561986
profile1d_cubic__robust_ossm_ekf,5_0,1210,0.3587896218737643,2.994749322994039,19.84302425213855,4.965006007499936,1.5679810701449057e-06,0.05812793089430756,1.0778599602584176,0.0,0.0,0.20991735537190082
profile1d_cubic__robust_ossm_ekf,5_1,1209,1.043288553422883,26.10316815271267,7.4161034571371145,4.136850344478278,6.250579875915832e-11,0.030544222530430303,1.0804316801174272,0.0,0.0,0.02564102564102564
profile1d_cubic__robust_ossm_ekf,5_2,1210,-0.2280201415682237,-3.530834173730227,100.91293345193621,6.6334876154099796,0.00016022056628819617,0.03437306415445254,1.0800513831599245,0.0,0.0,0.0
profile1d_cubic__robust_ossm_ekf,5_3,1206,1.0985840451668132,28.979367515853028,8.29849276479145,3.5631035338421766,9.510405296891151e-12,0.03005192179971052,1.080477850131327,0.0,0.0,0.0
profile1d_cubic__robust_ossm_ekf,6_0,1208,0.2640248331160806,4.092998483305109,12.50380687991237,5.718816848221748,8.767232477033136e-08,0.009594709653973448,1.0824075773827948,0.0,0.0,0.0
profile1d_cubic__robust_ossm_ekf,6_1,1207,5.570058547739569,355.0408693743957,2.401096277655076,2.7372559926574493,7.841861935294514e-27,0.04758661203267892,1.078960802155277,0.0024855012427506215,0.0,0.0
profile1d_cubic__robust_ossm_ekf,6_2,1209,0.8373498161436848,46.50841778541849,4.583082816855206,3.2437686815365456,1.2282011527752744e-13,0.024894191762862592,1.0809570037554117,0.0,0.0,0.0
profile1d_cubic__robust_ossm_ekf,6_3,1207,0.37268653386965456,4.324739587641531,16.665452059831253,4.174283995780494,4.501130103602531e-09,0.0571783395056209,1.0779522923012368,0.0,0.0,0.05468102734051367
profile1d_cubic__robust_ossm_ekf,7_0,1209,1.7467436352321082,84.33275502515016,4.7279120493020566,3.520203359842755,3.43797381217249e-16,0.04079853829695586,1.079473583890319,0.0,0.0,0.02315963606286187
profile1d_cubic__robust_ossm_ekf,7_1,1209,-0.12786005495259412,-2.9469171536047725,100.00025552843012,4.295900247129694,0.01118946074826604,0.04181828786883063,1.0793537000384084,0.0,0.0,0.0
profile1d_cubic__robust_ossm_ekf,7_2,1208,1.1841336152666226,21.777878253136237,11.286997574999159,4.105246978475756,5.074709094325658e-09,0.03278293537023152,1.080218961954507,0.0,0.0,0.0
profile1d_cubic__robust_ossm_ekf,7_3,1209,-0.8379825767755253,-5.182073388143294,162.96306040833662,5.466227942508416,7.702936072161101e-12,0.033347366408108925,1.0801380861788212,0.0,0.0,0.007444168734491315
profile1d_cubic__robust_ossm_ekf,8_0,1210,-0.058673740779813244,-2.8121610839161804,109.76522841419681,5.261720255854089,1.5738745970016556e-11,0.016743868485577504,1.0817234955339994,0.0,0.0,0.0
profile1d_cubic__robust_ossm_ekf,8_1,1209,-0.45622933465996107,-4.645337140489346,110.56407062088255,5.816391560555261,1.737942567393408e-05,0.03241319446919125,1.0802306542721782,0.0,0.0,0.018196856906534328
profile1d_cubic__robust_ossm_ekf,8_2,1209,0.10188478610636409,-0.9433809561916178,28.960747844726832,4.4496032534673855,4.539825731434706e-07,0.10923261232680755,1.0733003205377725,0.0,0.0,0.12076095947063689
profile1d_cubic__robust_ossm_ekf,8_3,1208,1.2686289466742968,47.81004234649663,5.95090936013753,3.458582247454009,7.725852583252606e-10,0.14431738435673608,1.0705453876337998,0.018211920529801324,0.0,0.033112582781456956
profile1d_cubic__robust_ossm_ekf,9_0,1225,0.35108354174267786,-0.2996348015900594,55.2946663594629,3.6318231953676055,1.1850972491936791e-06,0.061326905243685226,1.0775549444011714,0.0008163265306122449,0.0,0.0
profile1d_cubic__robust_ossm_ekf,9_1,1242,-0.5470074690778084,-4.606673720249347,132.36373818161394,6.119176226486311,1.903834121026103e-08,0.06282549234477114,1.0773735040255958,0.0,0.0,0.028985507246376812
profile1d_cubic__robust_ossm_ekf,9_2,1229,0.7811806746753684,9.692888539801856,16.377292766019064,4.769761402781201,1.4231593185087702e-07,0.07665609421238578,1.0762116852177959,0.0024410089503661514,0.0,0.010577705451586655
profile1d_cubic__robust_ossm_ekf,9_3,1265,0.4991744474199833,6.1516285791739165,17.084130816792072,4.2704960392655735,6.855033101425869e-07,0.038126175072055964,1.0796974162143829,0.0,0.0,0.0
profile1d_linear__robust_ossm_ekf,10_0,1227,5.839432489535689,566.5321395669381,1.8544262457094058,1.7578416662252576,3.5303825957318637e-34,0.09232952328374214,1.0753579516985485,0.013854930725346373,0.0,0.15647921760391198
profile1d_linear__robust_ossm_ekf,10_1,1227,6.66254153483224,744.587379462062,1.3830681760195163,2.296679095652819,2.474206246094842e-35,0.1034872785442688,1.0745812352093917,0.018744906275468622,0.0,0.13854930725346373
profile1d_linear__robust_ossm_ekf,10_2,1221,0.12037806958699893,-1.346473343639218,55.563512640303124,4.488916231553361,5.850448451791341e-07,0.03271509704831431,1.0802085882059924,0.0,0.0,0.02293202293202293
profile1d_linear__robust_ossm_ekf,10_3,1228,2.9828887561851554,88.81380771911404,6.175333631454331,3.5502018261116524,1.3860166278502174e-17,0.016735620127046137,1.0817350138118178,0.0,0.0,0.007328990228013029
profile1d_linear__robust_ossm_ekf,11_0,1226,2.2266260359030765,132.93344096365286,3.31978023024586,2.8014074520806718,3.118596932204577e-23,0.15704062802319455,1.0697528014107822,0.040783034257748776,0.0,0.11174551386623165
profile1d_linear__robust_ossm_ekf,11_1,1265,4.671783981655829,434.0308932902292,1.535310700906504,3.0196849402640726,4.1171218567326e-32,0.13827012441347475,1.0716683950997998,0.0308300395256917,0.0,0.2308300395256917
profile1d_linear__robust_ossm_ekf,11_2,1226,5.505390965661178,302.74456200878774,2.129717956462877,2.4753554218338354,3.7804542556205005e-29,0.12010393678118851,1.0730831035658304,0.01957585644371941,0.0,0.14274061990212072
profile1d_linear__robust_ossm_ekf,11_3,1227,7.574259721313123,293.9523927649775,3.111119118517265,2.7332201301767496,9.123937745810181e-30,0.3121550853571153,1.0610923927216025,0.04971475142624287,0.0,0.30888345558272207
profile1d_linear__robust_ossm_ekf,12_0,1577,-0.2732214721505186,-4.149904981775762,106.38218061587004,6.795983983475436,7.257349624085668e-11,0.028247406501627246,1.0806206799032723,0.0,0.0,0.022828154724159798
profile1d_linear__robust_ossm_ekf,12_1,1224,-0.09840842270353045,-2.739923180478172,99.99999845739596,5.028218682089993,2.230676651770263e-05,0.024905307600858288,1.0809414847482959,0.0,0.0,0.07352941176470588
profile1d_linear__robust_ossm_ekf,12_2,1285,-0.8948639529569182,-5.745828987862296,154.47439112730407,6.06371142544198,8.737843728838857e-13,0.04170275657222935,1.0793464381098434,0.0,0.0,0.011673151750972763
profile1d_linear__robust_ossm_ekf,12_3,1233,-0.08676846004229999,-2.6450991086560407,99.99999897837736,6.897320838423208,3.6950418934315413e-06,0.032540363271404374,1.0802189113663494,0.0,0.0,0.06974858069748581
profile1d_linear__robust_ossm_ekf,13_0,1221,-0.39736246774575656,-4.173205039509412,115.43072414613265,5.124088873377813,0.00022728336170191579,0.035949754399943336,1.0798967589111426,0.0,0.0,0.0
profile1d_linear__robust_ossm_ekf,13_1,1228,-0.75067395400503,-5.178443782506605,146.21675120740093,6.2363052190183295,1.8019502847607247e-08,0.0733604522019263,1.0764108440365119,0.0,0.0,0.11726384364820847
profile1d_linear__robust_ossm_ekf,13_2,1243,-0.41373208589747357,-4.42364950721884,109.30999278047825,5.068726695792763,0.0007231324358702804,0.099956385227624,1.0740314514070668,0.0,0.0,0.11584875301689461
profile1d_linear__robust_ossm_ekf,13_3,1225,0.31793122921888495,1.5364821956467836,25.85733394288493,4.668297834141707,2.2387823200816157e-07,0.07620373803005438,1.0762360480138669,0.0,0.0,0.04979591836734694
profile1d_linear__robust_ossm_ekf,14_0,1248,4.372775740730985,214.5104204000511,2.3568214413705983,3.492786945668795,5.540063684706901e-23,0.12286194680620394,1.0726909973969758,0.017628205128205128,0.0,0.13782051282051283
profile1d_linear__robust_ossm_ekf,14_1,1234,-0.8725897607138235,-5.872850880097985,139.7479168328497,7.9081516734538875,1.9978188120968375e-11,0.03141319191296746,1.0803204944370253,0.0,0.0,0.0024311183144246355
profile1d_linear__robust_ossm_ekf,14_2,1244,2.05915192152304,87.9525517849894,4.858502350576551,2.5954478992767878,4.625267450871759e-21,0.13072710656231207,1.0718711312301028,0.027331189710610933,0.0,0.15192926045016078
profile1d_linear__robust_ossm_ekf,14_3,1235,-0.8968963975899795,-5.499580379814006,159.32498754967926,5.676589698902622,1.6618895133752258e-12,0.016132038175117075,1.0817782650134542,0.0,0.0,0.0
profile1d_linear__robust_ossm_ekf,15_0,1298,-1.1139712885880813,-7.014469203965973,144.52326688129259,10.349101831685653,3.029510982833799e-18,0.029425255899044732,1.080504570974467,0.0,0.0,0.0
profile1d_linear__robust_ossm_ekf,15_1,1223,-0.9034458148460263,-5.435246777459042,161.8602321898401,4.910812767445163,1.1682521532918795e-13,0.024249123947901866,1.0810016147223063,0.0,0.0,0.0
profile1d_linear__robust_ossm_ekf,15_2,1227,-0.7751432848721116,-5.292016181155361,146.03233114637476,6.01029033038654,1.961650349449686e-09,0.04542744336023002,1.0789968942830284,0.0,0.0,0.03015484922575387
profile1d_linear__robust_ossm_ekf,15_3,1255,7.850557244532142,262.2498449756772,2.9438630284027276,3.206018995579203,1.1652716571918523e-29,0.09756117634533741,1.0750024756880623,0.006374501992031873,0.0,0.14262948207171314
profile1d_linear__robust_ossm_ekf,16_0,1232,1.6668313483118293,33.906862927143266,9.847740684837335,4.00917519833335,1.2536124011326042e-11,0.19985823817752066,1.0661153084819832,0.018668831168831168,0.0,0.48457792207792205
profile1d_linear__robust_ossm_ekf,16_1,1238,2.7361032898000417,121.63370466374568,4.60050147035158,2.4364153924763654,1.8332930577641054e-19,0.12390624157430065,1.0725072013505583,0.02665589660743134,0.0,0.09773828756058159
profile1d_linear__robust_ossm_ekf,16_2,1232,-0.19143473513275522,-3.290231998626041,100.0986380175084,5.236412207771962,0.000663904794075008,0.03768231628676737,1.0797354933131875,0.0,0.0,0.012175324675324676
profile1d_linear__robust_ossm_ekf,16_3,1228,-0.9849914207580701,-5.55170645764764,170.76969141527744,6.257633693721796,1.8119053658831786e-13,0.09087132090360085,1.0747889643192683,0.0,0.0,0.09446254071661238
profile1d_linear__robust_ossm_ekf,17_0,1226,0.13291004732639777,-1.164450385547127,47.27151058282342,4.34092654813231,8.085144823584335e-06,0.0483058972283152,1.078757562981964,0.0,0.0,0.01631321370309951
profile1d_linear__robust_ossm_ekf,17_1,1219,0.2634147026909006,2.6226015920628356,16.275214297865123,4.502109890289064,1.930591310706347e-05,0.04333345859712047,1.079221680214657,0.0,0.0,0.062346185397867106
profile1d_linear__robust_ossm_ekf,17_2,1218,0.2502374806251493,1.2672294130804858,22.347500066653776,3.4659705693215574,2.553795324226139e-06,0.045139047303010264,1.079057016856892,0.0,0.0,0.035303776683087026
profile1d_linear__robust_ossm_ekf,17_3,1239,-0.11307897452241367,-2.775820071192584,100.00028217354134,6.3416537570396665,5.6724323079172e-05,0.1247873361502716,1.0718893285148305,0.0,0.0,0.07183212267958031
profile1d_linear__robust_ossm_ekf,18_0,1243,1.2875444136542828,33.975181264464254,7.313561507514351,4.019687605251016,1.6721055450642563e-11,0.278532570345304,1.0600566777047111,0.06838294448913917,0.0,0.250201126307321
profile1d_linear__robust_ossm_ekf,18_1,1239,0.7887690245531078,16.17169388221714,10.766866303631243,3.7990267878385806,1.6674229389630897e-05,0.25068382180548965,1.0619237763914426,0.046811945117029866,0.0,0.20581113801452786
profile1d_linear__robust_ossm_ekf,18_2,1226,0.20227933984202773,1.0593065388975447,19.17558495580306,4.87377958898966,3.136464983485641e-07,0.17819882071113838,1.067563740789617,0.026916802610114192,0.0,0.1402936378466558
profile1d_linear__robust_ossm_ekf,18_3,1244,0.02124887992756097,-2.056881090670231,80.27822865328008,5.8294151261166265,2.2946783871763123e-05,0.1874396938221595,1.0666470232980227,0.017684887459807074,0.0,0.17765273311897106
profile1d_linear__robust_ossm_ekf,19_0,1209,3.868497553671383,189.0297126951732,3.095465566485637,2.6340298846996535,5.7118500926961046e-24,0.13411721515774647,1.0718078980349544,0.019851116625310174,0.0,0.22001654259718775
profile1d_linear__robust_ossm_ekf,19_1,1209,-0.08567463266086417,-2.8358052912988683,101.25805190680222,4.626960715020452,5.768984309774702e-07,0.03991602769215902,1.0795331263832977,0.0,0.0,0.0033085194375516956
profile1d_linear__robust_ossm_ekf,19_2,1211,-0.21918866745784937,-3.395173881192477,100.96949465389727,6.591436342663559,1.944966626922158e-06,0.1356942557771314,1.0709331922543923,0.004128819157720892,0.0,0.07927332782824112
profile1d_linear__robust_ossm_ekf,19_3,1210,1.8604638252619203,72.34003188219128,5.959094364341676,3.0813394830594176,9.40740931434263e-16,0.04837346378500661,1.0787896115095374,0.0,0.0,0.017355371900826446
profile1d_linear__robust_ossm_ekf,1_0,1205,1.2878888672384434,21.193919000435017,12.181783847989289,3.2101851022256174,8.344684398694888e-11,0.004771022921802667,1.0828730282957466,0.0,0.0,0.0
profile1d_linear__robust_ossm_ekf,1_1,1207,6.303981739149501,1026.7661611519338,1.1,2.888523885569364,4.6397653758134465e-37,0.08740736279782244,1.0757939710304614,0.014913007456503728,0.0,0.11516155758077878
profile1d_linear__robust_ossm_ekf,1_2,1208,3.962081203895014,441.96426782976346,1.2334340665728816,2.995713211260981,8.142316587922505e-28,0.16522225636743912,1.0696724300766647,0.026490066225165563,0.0,0.11175496688741722
profile1d_linear__robust_ossm_ekf,1_3,1207,7.301130369599029,1077.2271669876757,1.1988806228789277,2.283629190713576,1.8727329385853468e-38,0.06807770181331851,1.0773882451258074,0.014084507042253521,0.0,0.08285004142502071
profile1d_linear__robust_ossm_ekf,20_0,1209,4.355664697965527,399.01347808723233,1.9051561832298747,2.3998326351763515,6.2762179650280085e-31,0.09558552291405048,1.0749572687586655,0.016542597187758478,0.0,0.055417700578990904
profile1d_linear__robust_ossm_ekf,20_1,1209,0.562407067278567,0.4311614413300049,59.79697252072387,5.63747176070274,6.990021602227737e-10,0.012759567904227057,1.08210359467011,0.0,0.0,0.0016542597187758478
profile1d_linear__robust_ossm_ekf,20_2,1210,1.7852126531437253,59.26665202023037,6.1094147357729955,3.3693895366597872,3.078871525657467e-16,0.2185295803463057,1.0648739299585792,0.03966942148760331,0.0,0.09421487603305785
profile1d_linear__robust_ossm_ekf,20_3,1209,1.5846288702918372,66.33803754689495,3.8554906986206396,3.3945308330221358,5.707030355590584e-21,0.1447370809129469,1.0706062425869773,0.011579818031430935,0.0,0.07775020678246485
profile1d_linear__robust_ossm_ekf,21_0,1208,11.397318020969593,424.4414272249419,3.1484831509917868,2.6009440779503885,4.0484661545029215e-32,0.26837824143296496,1.0648521416598302,0.026490066225165563,0.0,0.173841059602649
profile1d_linear__robust_ossm_ekf,21_1,1208,4.288484571038026,185.0740857688197,4.068670736644698,2.948343217481382,4.321997375391664e-22,0.27817559650544416,1.061208007251925,0.04552980132450331,0.0,0.2367549668874172
profile1d_linear__robust_ossm_ekf,21_2,1207,1.895564714952048,93.01420687846121,4.1491678418147355,3.8807323525292805,2.6989842225507446e-15,0.16295623881837293,1.069113242159061,0.026512013256006627,0.0,0.3380281690140845
profile1d_linear__robust_ossm_ekf,21_3,1213,0.054692632484878434,-1.827164238031969,87.91257985883264,5.278621492606452,7.998156346512966e-05,0.08550136948307999,1.0753647393361947,0.0,0.0,0.13107996702390767
profile1d_linear__robust_ossm_ekf,22_0,1209,-1.0008372035175148,-5.733308104218622,162.88746455444493,11.028178829360566,2.2950708399869223e-16,0.04603395911751806,1.0789286182862814,0.0,0.0,0.0
profile1d_linear__robust_ossm_ekf,22_1,1210,-0.9630191100031644,-5.299096510010713,177.0231500791514,7.620082046816318,3.273031817242282e-16,0.06471736551168716,1.0771759199068445,0.0,0.0,0.0
profile1d_linear__robust_ossm_ekf,22_2,1210,-1.1490356992030186,-6.69933582282431,148.23994244264807,10.078513690306329,1.0124156628698112e-17,0.06541186406356761,1.0771154986982292,0.0,0.0,0.0008264462809917355
profile1d_linear__robust_ossm_ekf,22_3,1211,-0.46454004963828366,-4.627203560454063,111.91196190056782,5.856590594787146,6.889285236608679e-10,0.03717579652648359,1.079773110242019,0.0,0.0,0.011560693641618497
profile1d_linear__robust_ossm_ekf,23_0,1208,15.75433428358717,1519.624480925691,1.4088893496010264,1.1581540339507936,1.7955920347524715e-43,0.038208278436341885,1.0799829422909513,0.005794701986754967,0.0,0.009105960264900662
profile1d_linear__robust_ossm_ekf,23_1,1210,4.286668509069965,774.3601267240424,1.1409451071054908,2.4128384326528707,1.3930644050811534e-34,0.08109953732607415,1.0761787102454476,0.01818181818181818,0.0,0.030578512396694214
profile1d_linear__robust_ossm_ekf,23_2,1208,2.326211933468775,220.55674603063176,1.4209799223928214,3.4978285469014585,4.7423057029772806e-23,0.16499031442583423,1.0691460278940392,0.029801324503311258,0.0,0.12996688741721854
profile1d_linear__robust_ossm_ekf,23_3,1207,0.29468760454051335,0.9771996002166361,26.434089320287598,5.788649530930767,7.411618579990264e-08,0.20213966232582029,1.0655555165590989,0.014084507042253521,0.0,0.1756420878210439
profile1d_linear__robust_ossm_ekf,24_0,1209,7.560425136063914,440.44088027120006,2.410752838824393,2.40599997703738,2.7673410656395633e-30,0.007219520709370462,1.0826417960786354,0.0,0.0,0.0206782464846981
profile1d_linear__robust_ossm_ekf,24_1,1207,1.1813251367220197,50.91956576970097,5.021696727505182,4.444154329069393,5.672758148235736e-12,0.010595744225495416,1.082310475430301,0.0,0.0,0.0
profile1d_linear__robust_ossm_ekf,24_2,1212,-0.5141851178926302,-4.660185811012525,118.94379332311391,4.755934105924393,8.584433615757002e-06,0.006475621987240825,1.08270712028498,0.0,0.0,0.034653465346534656
profile1d_linear__robust_ossm_ekf,24_3,1208,1.4186724889026419,78.15851127462065,4.302364727229248,3.8804432542113294,5.691400201409977e-13,0.013254703482075894,1.0820581171123702,0.0,0.0,0.0
profile1d_linear__robust_ossm_ekf,25_0,1233,-0.5236763402509195,-4.654037621603152,126.20446571611267,5.0613203939503615,2.336663216344414e-07,0.048845673185664004,1.0786845428894014,0.0,0.0,0.0032441200324412004
profile1d_linear__robust_ossm_ekf,25_1,1218,-0.8256788596052838,-5.796513247524672,133.22622573902314,7.715295932657913,3.40423603607361e-10,0.08146531886700718,1.075650304231801,0.0,0.0,0.018883415435139574
profile1d_linear__robust_ossm_ekf,25_2,1240,-0.8105698650366548,-5.145337231235658,161.078374565125,5.743585778863722,9.083790240465745e-10,0.08449734862602337,1.0753820981778728,0.0,0.0,0.004032258064516129
profile1d_linear__robust_ossm_ekf,25_3,1227,-0.043069119473448936,-2.3524196765824854,99.83092651969649,4.658453771884711,1.2780815588174055e-08,0.1388212778537016,1.07066067521709,0.0,0.0,0.06764466177669112
profile1d_linear__robust_ossm_ekf,26_0,1230,7.182307592726021,360.56974349046277,2.829297364030212,2.538493437812644,3.002746585810051e-28,0.15731964177784702,1.0706960585217762,0.026829268292682926,0.0,0.25040650406504067
profile1d_linear__robust_ossm_ekf,26_1,1227,1.6699679800599823,50.799471354508114,6.484465594973984,4.495092244838156,1.3206664877633272e-15,0.11648524425411207,1.0728431584596534,0.006519967400162999,0.0,0.6079869600651997
profile1d_linear__robust_ossm_ekf,26_2,1249,8.04173917579642,317.5570440118645,3.4362655309526553,2.528522630614485,2.572392928934305e-29,0.21032868551197448,1.0673451429760399,0.025620496397117692,0.0,0.4419535628502802
profile1d_linear__robust_ossm_ekf,26_3,1227,3.1488006508089974,139.23322872213862,3.9706852451955967,2.9471519310276357,2.3744593570152826e-23,0.20522805819890208,1.0663395036706946,0.03667481662591687,0.0,0.515077424612877
profile1d_linear__robust_ossm_ekf,27_0,1227,0.6471550305607963,10.057377817107408,14.017362533344645,3.4130362493301774,1.301485549565901e-10,0.1548726193840262,1.0694839553674589,0.014669926650366748,0.0,0.17929910350448247
profile1d_linear__robust_ossm_ekf,27_1,1240,1.7582488448792422,87.69541800545608,4.54928210245759,3.0450135830172327,1.849103538037968e-15,0.3159784096987261,1.0581245188570978,0.07016129032258064,0.0,0.4830645161290323
profile1d_linear__robust_ossm_ekf,27_2,1232,1.654847312811702,43.6818357593952,7.735094553238157,3.943139554138091,2.293813140885955e-14,0.14783845612925436,1.070319188262018,0.017045454545454544,0.0,0.28733766233766234
profile1d_linear__robust_ossm_ekf,27_3,1235,1.329851596398842,44.663202430706406,6.6155481028455165,3.961124430084664,9.431792293596545e-11,0.18721958387385937,1.0671188746909441,0.02834008097165992,0.0,0.07854251012145749
profile1d_linear__robust_ossm_ekf,28_0,1254,0.747558961791253,7.661571704825292,20.669478923121865,4.27364884645996,2.246411695236294e-11,0.2163063722703991,1.0644132080465174,0.0215311004784689,0.0,0.7416267942583732
profile1d_linear__robust_ossm_ekf,28_1,1220,0.8850380252644028,32.16644468030586,6.66750252041463,4.134898483750559,8.922680051249241e-09,0.2904323208086259,1.0591905510998136,0.07049180327868852,0.0,0.2901639344262295
profile1d_linear__robust_ossm_ekf,28_2,1240,0.041204137629097914,-1.942248917894176,91.70946050370962,5.032113775634098,1.6157523851900338e-08,0.23058539058168734,1.0632491897485854,0.04032258064516129,0.0,0.2
profile1d_linear__robust_ossm_ekf,28_3,1237,2.7260244589750346,104.79292959915233,5.07503407386949,3.273876901423347,6.421768014419953e-17,0.3241949936229335,1.057893983502218,0.054163298302344384,0.0,0.2562651576394503
profile1d_linear__robust_ossm_ekf,29_0,2154,1.7998577974360028,60.298287223305124,10.439078654760952,3.30252419233116,2.2330296196840393e-14,0.16552046701953838,1.068843053685004,0.02042711234911792,0.0,0.1541318477251625
profile1d_linear__robust_ossm_ekf,29_1,1225,0.7957162253739369,20.383819532097277,9.432482027311861,3.200730383732245,8.93840750805181e-08,0.15396282024234817,1.0696230775915143,0.026938775510204082,0.0,0.06612244897959184
profile1d_linear__robust_ossm_ekf,29_2,1226,3.7786170192658934,196.62687736583916,3.6731406378602327,2.222558786223174,1.2105807870253982e-23,0.1610815752631312,1.0698161360814042,0.03915171288743882,0.0,0.10929853181076672
profile1d_linear__robust_ossm_ekf,29_3,1310,3.0615061724709474,124.20441712792717,5.131811865665841,2.985595894320562,1.0979494995494143e-19,0.1911364284070506,1.0671561318847445,0.03358778625954199,0.0,0.2679389312977099
profile1d_linear__robust_ossm_ekf,2_0,1208,3.0322328891217394,102.91022063118947,4.739389810323545,3.531766058762502,2.885273441419992e-22,0.11082243090816815,1.0735701870159016,0.013245033112582781,0.0,0.271523178807947
profile1d_linear__robust_ossm_ekf,2_1,1208,5.6837364405927815,222.78290893097824,3.5067607000631567,2.4088291287421786,4.961428291747215e-26,0.17557022830397467,1.0690136912295212,0.03145695364238411,0.0,0.3667218543046358
profile1d_linear__robust_ossm_ekf,2_2,1208,1.7440648152365528,56.45157961080952,6.736369346636794,3.0093601673993557,5.5499290153548213e-17,0.1419610782322572,1.0708833622770366,0.023178807947019868,0.0,0.1216887417218543
profile1d_linear__robust_ossm_ekf,2_3,1209,3.89842255829498,282.07430807530557,2.2203751504925373,3.509063101555069,8.747447451547366e-26,0.14638910466078492,1.070897962764719,0.03143093465674111,0.0,0.19602977667493796
profile1d_linear__robust_ossm_ekf,30_0,1231,-0.3259806193749162,-3.6782566994127137,122.27397943663213,8.536327258698758,5.7820328545501235e-09,0.029887550564813774,1.0804653931456176,0.0,0.0,0.12103980503655565
profile1d_linear__robust_ossm_ekf,30_1,1213,-0.4507722978747215,-4.383268798639051,119.90623103331414,8.755990481310375,4.9969091589863914e-14,0.030234868209330516,1.0804258596186531,0.0,0.0,0.02967848309975268
profile1d_linear__robust_ossm_ekf,30_2,1232,7.273518063813961,419.9631383163366,2.3471884910304204,2.0689207606842324,1.5176098629780078e-30,0.10849572113731751,1.0741930527599517,0.025162337662337664,0.0,0.48214285714285715
profile1d_linear__robust_ossm_ekf,30_3,1229,-0.3184468885136149,-4.024232971995502,103.53924341579815,4.765718559683628,8.535565260192379e-05,0.03143869394076382,1.0803208782018219,0.0,0.0,0.010577705451586655
profile1d_linear__robust_ossm_ekf,31_0,1245,11.091225625036865,307.34408397571923,3.311559405031539,2.116006261178964,4.549756101638407e-29,0.07276866202450984,1.0770452489817186,0.005622489959839358,0.0,0.22730923694779118
profile1d_linear__robust_ossm_ekf,31_1,1246,3.864630853339441,373.9199393669393,2.0664991177064227,2.660842643128221,4.507722598660129e-30,0.1332115897472894,1.0717771986370224,0.02247191011235955,0.0,0.13804173354735153
profile1d_linear__robust_ossm_ekf,31_2,1251,7.523273335573981,262.2124435032954,3.2231557422331907,3.369140815443336,3.163968258849777e-25,0.1184413137717376,1.0733400148679415,0.012789768185451638,0.0,0.22621902478017586
profile1d_linear__robust_ossm_ekf,31_3,1245,0.2949730018713863,2.0977158128230258,20.157138901558035,4.342173636127904,0.0003120705472429298,0.264040055812722,1.0607011399546642,0.06345381526104418,0.0,0.1285140562248996
profile1d_linear__robust_ossm_ekf,32_0,1217,1.7915699978929993,70.45347461589586,5.73048355669739,4.36331848671927,5.871128677455539e-20,0.19130954614473517,1.0665985685169905,0.025472473294987676,0.0,0.36811832374691866
profile1d_linear__robust_ossm_ekf,32_1,1216,0.18148591891096633,-1.4094618186561547,85.11142517369613,5.159664013037809,5.003364035597065e-08,0.2292306603749182,1.0631891674374956,0.024671052631578948,0.0,0.2524671052631579
profile1d_linear__robust_ossm_ekf,32_2,1240,0.3779938832869658,5.8926960373844395,13.721498493124319,3.9734876170052384,5.8061449373554866e-05,0.15825543315223095,1.0691468012775607,0.018548387096774192,0.0,0.1588709677419355
profile1d_linear__robust_ossm_ekf,32_3,1240,1.1478027920269636,37.28088824359929,7.556149830165845,3.0009739366759143,6.951312863496096e-10,0.27494526980678463,1.060454600055199,0.06370967741935483,0.0,0.16451612903225807
profile1d_linear__robust_ossm_ekf,33_0,1216,2.300298064110862,57.08391848793917,7.25432880047214,4.314498567161691,1.912588180148035e-17,0.21327583418893173,1.0651966871608154,0.033717105263157895,0.0,0.24013157894736842
profile1d_linear__robust_ossm_ekf,33_1,1239,3.0501323517170373,362.85740259355634,1.8980931669837062,2.4100875512463302,1.1357120033788569e-29,0.16505953326553877,1.0694876741779786,0.06053268765133172,0.0,0.23325262308313155
profile1d_linear__robust_ossm_ekf,33_2,1233,0.442386108887626,5.890165146396498,14.977905129484746,4.678849021462048,2.5570386407732533e-05,0.08810173455999178,1.0751682049223263,0.004866180048661801,0.0,0.11678832116788321
profile1d_linear__robust_ossm_ekf,33_3,1219,-0.1032777145501389,-2.7338701462346364,99.99954962229447,4.5256765590788195,0.006659022039866253,0.06417728051392298,1.0772766892270251,0.0,0.0,0.006562756357670222
profile1d_linear__robust_ossm_ekf,34_0,1224,2.980392131163474,196.90752400304564,2.8589157132739835,2.847505335632693,1.1883814549574714e-21,0.00580219719778072,1.0827736488862296,0.0,0.0,0.04084967320261438
profile1d_linear__robust_ossm_ekf,34_1,1225,4.24934546967275,485.6889144926297,1.112820833652362,2.9639377929114628,2.8421415044833393e-28,0.18767633159791736,1.0679855646272893,0.04244897959183674,0.0,0.1926530612244898
profile1d_linear__robust_ossm_ekf,34_2,1218,7.319787436474966,960.6021591125103,1.4141328094099335,1.5822118751240895,2.4188090109078844e-39,0.10053030761262252,1.074993507684658,0.03776683087027915,0.0,0.048440065681444995
profile1d_linear__robust_ossm_ekf,34_3,1222,2.971699551304793,316.36325152492714,1.886421283810134,2.502848049725802,7.752258072118274e-26,0.15041308113684065,1.0705095197650851,0.040098199672667756,0.0,0.23158756137479541
profile1d_linear__robust_ossm_ekf,35_0,1235,5.81034076936275,244.34776950409287,3.164614798743141,2.8597504864232923,2.06587628527633e-24,0.29279572199429416,1.061240346026583,0.05668016194331984,0.0,0.2145748987854251
profile1d_linear__robust_ossm_ekf,35_1,1224,6.640965128490565,264.3242000668572,3.109810446618419,3.0206913102557835,1.1727316642316342e-27,0.25114314595859655,1.0642047064139708,0.03104575163398693,0.0,0.1830065359477124
profile1d_linear__robust_ossm_ekf,35_2,1227,0.6788998430695821,11.41270687720612,13.463819429663843,3.956591187869579,5.724442280631502e-09,0.19300359409240742,1.0663989509693592,0.03015484922575387,0.0,0.17440912795436023
profile1d_linear__robust_ossm_ekf,35_3,1228,8.763838221547376,407.0336605877203,2.737463099653092,2.2908990897065125,3.5818194957001165e-30,0.2960295242910353,1.0625247717808537,0.048859934853420196,0.0,0.20928338762214985
profile1d_linear__robust_ossm_ekf,36_0,1233,-0.3189828127941232,-4.022840375228952,103.16545912656815,5.53903469437761,0.0007622448209609274,0.14779661107150574,1.0698228059754231,0.008110300081103,0.0,0.45336577453365773
profile1d_linear__robust_ossm_ekf,36_1,1214,-0.700426132130429,-5.5367075007030735,121.52573682583811,5.599626993143849,1.4370290581618101e-11,0.1344505232160617,1.0709272609452707,0.0,0.0,0.22899505766062603
profile1d_linear__robust_ossm_ekf,36_2,1220,-0.29649066185719164,-3.7763863872082055,105.15153427589172,5.707783481684166,2.5844653052118894e-05,0.06745374158367692,1.076976071634022,0.0,0.0,0.3040983606557377
profile1d_linear__robust_ossm_ekf,36_3,1225,-0.1981675214424472,-3.3253701268988607,100.65858758484394,5.104660643242147,0.025554174016409636,0.08454550128269497,1.0754276737353288,0.0,0.0,0.5085714285714286
profile1d_linear__robust_ossm_ekf,37_0,1209,7.859998341790796,218.21978714558725,3.54972701691084,3.107477733765887,9.881691406442078e-26,0.1587468908030746,1.0702605796940807,0.02564102564102564,0.0,0.8420181968569065
profile1d_linear__robust_ossm_ekf,37_1,1211,1.9197299518573328,61.59370161405673,5.688603331396516,3.5643604922186922,1.837989998606875e-14,0.21242579920996402,1.065324814020327,0.0305532617671346,0.0,0.38067712634186623
profile1d_linear__robust_ossm_ekf,37_2,1211,2.2868489671541523,122.2243270331303,3.7273953478487534,3.9648715419940257,6.0324243799178835e-18,0.16152658898820593,1.0692775544783983,0.02064409578860446,0.0,0.7200660611065235
profile1d_linear__robust_ossm_ekf,37_3,1210,8.547327778267682,318.64888548074623,2.5622993033041204,3.691836600032869,2.0520808891388674e-28,0.16897913936798498,1.069727190105271,0.02727272727272727,0.0,0.47024793388429753
profile1d_linear__robust_ossm_ekf,38_0,1233,0.2053041206941919,0.861594466003254,21.09945276386378,4.055270343817493,9.591427199112558e-05,0.07109759780851464,1.076682699299575,0.0,0.0,0.017842660178426603
profile1d_linear__robust_ossm_ekf,38_1,1230,-0.24938208539486428,-3.6213849804153995,101.06063636391339,4.794894496055475,0.00017729382547283925,0.06299702264727182,1.0773885170402384,0.0,0.0,0.0
profile1d_linear__robust_ossm_ekf,38_2,1184,1.0015944995946402,18.507802317642586,9.784372584438334,4.295129081815592,2.5268352444046628e-08,0.035448749445104184,1.0799688806908236,0.0008445945945945946,0.0,0.0
profile1d_linear__robust_ossm_ekf,38_3,1221,0.2772310875131452,3.2857870893058134,15.257300102217856,3.892332810272365,3.027251147862412e-09,0.10220976537802748,1.07397023846346,0.0,0.0,0.05896805896805897
profile1d_linear__robust_ossm_ekf,39_0,1223,4.86642259552441,312.2585248244518,1.9615535636896082,3.582428457818331,2.707341197392131e-30,0.09689740984464808,1.0748437372971906,0.007358953393295176,0.0,0.26410466067048244
profile1d_linear__robust_ossm_ekf,39_1,1228,-0.702197199803464,-4.814328607143921,156.35003742189517,6.277338840877899,6.260404467843046e-11,0.04633075604332143,1.0789114618969795,0.0,0.0,0.017915309446254073
profile1d_linear__robust_ossm_ekf,39_2,1240,-0.18244068371151467,-3.2436690030812088,100.00014899344391,4.65413520494456,0.0177014732729531,0.040553497927193774,1.0794678264393813,0.0,0.0,0.00564516129032258
profile1d_linear__robust_ossm_ekf,39_3,1269,-0.2931448076306533,-3.925013812503721,101.10144671252066,5.384956335654878,3.193181368583946e-05,0.02382697485323837,1.081045281435684,0.0,0.0,0.014972419227738377
profile1d_linear__robust_ossm_ekf,3_0,1207,0.9261694215819323,22.7368384232351,9.762847392551079,3.047484950836463,2.230053571137134e-09,0.03788911750564132,1.0797427268247002,0.0,0.0,0.05468102734051367
profile1d_linear__robust_ossm_ekf,3_1,1212,0.23501549622578066,-0.1970229293601733,34.87415061961393,4.791344118391103,0.000876291702907119,0.01967337106883474,1.081444282463601,0.0,0.0,0.0
profile1d_linear__robust_ossm_ekf,3_2,1208,0.9343356866408365,32.45746204074328,6.957217795564869,3.3266333501157237,1.4758589092452033e-09,0.028380221929302268,1.0806316107036855,0.0,0.0,0.062086092715231786
profile1d_linear__robust_ossm_ekf,3_3,1208,0.38462670629961293,3.9945385890397347,17.882982246261598,3.6590580364505283,0.00019831756549194696,0.0327722910042298,1.080210880458701,0.0,0.0,0.008278145695364239
profile1d_linear__robust_ossm_ekf,40_0,1250,1.435458317616841,50.1806914219851,6.165902868427023,4.4922878602151695,1.8193570527595246e-12,0.18216916525014282,1.0675567991090547,0.0224,0.0,0.1888
profile1d_linear__robust_ossm_ekf,40_1,1232,1.8840905262190883,45.60662236553662,7.901946920177469,4.42177590542182,8.212204278285319e-15,0.2831597796043905,1.059849159643921,0.04383116883116883,0.0,0.15584415584415584
profile1d_linear__robust_ossm_ekf,40_2,1240,2.3190553352795575,40.30883552704063,10.246477021363695,4.675801402204596,5.685078609215704e-13,0.20049392392019239,1.066108832764451,0.01532258064516129,0.0,0.16451612903225807
profile1d_linear__robust_ossm_ekf,40_3,1229,2.610997319348084,66.68032615336028,6.62188942413166,3.946108984236375,6.29458477252645e-17,0.15856200064635723,1.069603240388129,0.021969080553295363,0.0,0.30431244914564687
profile1d_linear__robust_ossm_ekf,4_0,1209,4.430344063462527,564.613746215631,1.5164005004163978,2.1120113711288226,9.909099769494544e-32,0.08605496527704476,1.075762937599761,0.019851116625310174,0.0,0.24317617866004962
profile1d_linear__robust_ossm_ekf,4_1,1207,5.1569285297671605,684.1057563873267,1.2517211123553218,3.7516879769441127,2.2534691607708894e-34,0.10602781382404179,1.0742409192451041,0.007456503728251864,0.0,0.19221209610604806
profile1d_linear__robust_ossm_ekf,4_2,1208,-0.06153361587820161,-2.547471139481331,99.99264058693818,3.870242301570573,0.0011939240954730312,0.01327648910629082,1.0820538925353136,0.0,0.0,0.0
profile1d_linear__robust_ossm_ekf,4_3,1210,4.368362079727554,330.954037627078,1.9101136910322432,2.892775024504619,1.24858741125681e-26,0.09838106351131802,1.0746810665920603,0.008264462809917356,0.0,0.14628099173553719
profile1d_linear__robust_ossm_ekf,5_0,1210,4.111600867896177,164.61925398402605,3.1127761746008638,4.260223443455827,1.0515571131034156e-20,0.12426860349965929,1.0725058308156277,0.014049586776859505,0.0,0.4371900826446281
profile1d_linear__robust_ossm_ekf,5_1,1209,19.541361944455602,701.2014675804676,2.7287607574056705,1.8578201259323066,1.2835341778941305e-38,0.06864383828467849,1.0776031451446029,0.014061207609594707,0.0,0.03391232423490488
profile1d_linear__robust_ossm_ekf,5_2,1210,-0.4340156598438085,-4.344885772959742,114.7405239186307,5.2353560102171866,7.413800234445704e-05,0.023863191422234607,1.0810382219673043,0.0,0.0,0.0049586776859504135
profile1d_linear__robust_ossm_ekf,5_3,1206,1.5644764670669078,18.106186382112128,14.467852891469203,4.641378436938358,4.1452663473575225e-09,0.017911637056662207,1.0816127568855607,0.0,0.0,0.01658374792703151
profile1d_linear__robust_ossm_ekf,6_0,1208,1.2019989168631984,32.866416329654385,8.065955152440688,3.471833947617976,3.546632309667833e-11,0.008914392537448397,1.0824745965942184,0.0,0.0,0.0
profile1d_linear__robust_ossm_ekf,6_1,1207,3.582694487546778,411.3956263551805,1.606507194455762,1.9143530408621423,1.002236968063999e-29,0.1409503530343087,1.0714892545037629,0.0463960231980116,0.0,0.13421706710853357
profile1d_linear__robust_ossm_ekf,6_2,1209,2.1177283934809044,109.40002008418719,3.996220759325785,3.0631769103502524,3.679913324472941e-19,0.30052719966389596,1.0592764270446593,0.07030603804797353,0.0,0.07692307692307693
profile1d_linear__robust_ossm_ekf,6_3,1207,0.2565131347837468,1.5327657122045366,20.435151397184452,4.50462333284922,0.0008042874355079559,0.19690037441085256,1.0659610936790254,0.027340513670256836,0.0,0.22618061309030654
profile1d_linear__robust_ossm_ekf,7_0,1209,4.848759094550362,292.8981319924346,2.2937537279021267,2.571616608111755,2.9173781339522887e-25,0.1133765558787203,1.0734955004123707,0.018196856906534328,0.0,0.16129032258064516
profile1d_linear__robust_ossm_ekf,7_1,1209,8.930727816038242,320.89906224112667,3.0509986106652502,2.1222043213519495,2.4827876850114163e-27,0.06423923726565625,1.0775918401395588,0.0033085194375516956,0.0,0.0016542597187758478
profile1d_linear__robust_ossm_ekf,7_2,1208,3.117208323923582,175.18663747692818,3.0871036563653886,2.81273159748135,1.4617118078105257e-23,0.08710083434103857,1.075550228276108,0.01076158940397351,0.0,0.08774834437086093
profile1d_linear__robust_ossm_ekf,7_3,1209,-0.640539650879703,-4.89553807011589,134.9994923436657,5.762653423825884,6.071841814337728e-07,0.029157129736368276,1.0805369413302848,0.0,0.0,0.010752688172043012
profile1d_linear__robust_ossm_ekf,8_0,1210,0.4817358409405226,0.5297224308797013,48.75118666351074,5.1385968346475295,1.0875723200470032e-08,0.007619571974511694,1.082597894189004,0.0,0.0,0.0008264462809917355
profile1d_linear__robust_ossm_ekf,8_1,1209,1.0767601737471884,16.90961347454504,12.05010421114508,3.8668461508114547,1.7328869208061753e-09,0.009797641351950184,1.0823886753548635,0.0,0.0,0.008271298593879239
profile1d_linear__robust_ossm_ekf,8_2,1209,2.78459989843258,116.94592394711344,3.928420372931033,3.4351099841484,2.102933778000975e-21,0.11639679136804604,1.0730598497738457,0.018196856906534328,0.0,0.07278742762613731
profile1d_linear__robust_ossm_ekf,8_3,1208,1.868752955046351,84.59397858370676,4.0870165791848665,3.491590900873604,2.297933825790225e-19,0.13489881732066053,1.0713966409963753,0.0173841059602649,0.0,0.1183774834437086
profile1d_linear__robust_ossm_ekf,9_0,1225,-0.3235101455838727,-3.987389658293978,105.17498328089283,4.777913936415854,3.831874796935554e-05,0.03558554703752033,1.0799327263002432,0.0,0.0,0.015510204081632653
profile1d_linear__robust_ossm_ekf,9_1,1242,-0.4706181681623538,-4.447379657330998,121.67293038849043,10.347696249357336,5.76731706706988e-09,0.04506870621970599,1.0790275635957551,0.0,0.0,0.011272141706924315
profile1d_linear__robust_ossm_ekf,9_2,1229,-0.01299314694522069,-2.324012095301754,98.42411999481642,5.40195850938269,0.00038321084635485516,0.05930905604744292,1.077747173006839,0.0008136696501220504,0.0,0.05126118795768918
profile1d_linear__robust_ossm_ekf,9_3,1265,-0.1236330390691247,-2.9183728086463816,99.98398521193765,5.273219068581418,0.010933742966339664,0.0313719402699197,1.0803320166386814,0.0,0.0,0.0007905138339920949
profile1d_quadratic__robust_ossm_ekf,10_0,1227,0.5293344499893968,7.195375743693319,15.833057201417922,3.2519416373693826,1.0677207382989207e-06,0.06779521485381414,1.0769832159778037,0.0,0.0,0.04645476772616137
profile1d_quadratic__robust_ossm_ekf,10_1,1227,-0.06425861568542368,-2.5162609590665,99.99721900018673,5.15067615527439,5.452585596612802e-06,0.053720670895943186,1.0782572128845243,0.0,0.0,0.02852485737571312
profile1d_quadratic__robust_ossm_ekf,10_2,1221,0.6047159355273206,17.896548421390065,8.578757292355158,4.585479067590908,1.587034686297497e-10,0.06877512767780508,1.076892932645568,0.0,0.0,0.031122031122031123
profile1d_quadratic__robust_ossm_ekf,10_3,1228,0.7523712806076892,21.62086481819256,8.094919051744574,4.236185730735453,2.4999003669407703e-09,0.028895643170483452,1.0805806600669858,0.0,0.0,0.008143322475570033
profile1d_quadratic__robust_ossm_ekf,11_0,1226,0.8732181130106849,17.881849837624486,10.978426364223617,4.391381253307062,1.231716032844223e-10,0.11100896841394128,1.0732064510307266,0.009787928221859706,0.0,0.015497553017944535
profile1d_quadratic__robust_ossm_ekf,11_1,1265,0.1941444888189734,0.1506151409606673,26.780019539520772,4.5437282914535135,0.0010514174670392562,0.10854786529427549,1.0733557045832076,0.0031620553359683794,0.0,0.062450592885375494
profile1d_quadratic__robust_ossm_ekf,11_2,1226,-0.35854630574374813,-4.07089218177623,117.59608391542872,5.796240874309377,2.9307251097236006e-07,0.047685449507176556,1.078799720968066,0.0008156606851549756,0.0,0.0
profile1d_quadratic__robust_ossm_ekf,11_3,1227,0.10140703452833977,-1.5843810167689298,77.12226420520629,4.215649577478372,3.9114705905176975e-05,0.2049552512998598,1.0652977532545236,0.02852485737571312,0.0,0.27465362673186633
profile1d_quadratic__robust_ossm_ekf,12_0,1577,0.28750026038997323,1.5105233036073287,30.285254425259158,4.560868622572396,4.231498541228136e-05,0.046894815923536,1.0788946563362791,0.0,0.0,0.03424223208623969
profile1d_quadratic__robust_ossm_ekf,12_1,1224,0.02015610066450524,-2.081529721657205,95.47265003931504,4.736015038632965,3.801697196977524e-05,0.046841463905155124,1.0788860227803554,0.0,0.0,0.08415032679738563
profile1d_quadratic__robust_ossm_ekf,12_2,1285,-1.017996381154486,-6.7837474420548745,137.46518510230902,7.670906826084029,5.441204183329026e-15,0.07306071444115095,1.0764136212526776,0.0,0.0,0.08560311284046693
profile1d_quadratic__robust_ossm_ekf,12_3,1233,0.2910005393681234,1.6471076331922063,22.529697183430425,4.023134504003591,1.2854049243142278e-07,0.0735473929455232,1.0764623146431371,0.0008110300081103001,0.0,0.19302514193025141
profile1d_quadratic__robust_ossm_ekf,13_0,1221,-0.7024306477127151,-5.409447469349857,127.04736668220086,5.442343767951635,1.558347804151497e-08,0.03680972692510736,1.0798173368206854,0.0,0.0,0.0
profile1d_quadratic__robust_ossm_ekf,13_1,1228,-0.4305835502376878,-4.336111033781208,115.46639863551789,6.1632779801431,7.88047665837213e-06,0.1420025033940243,1.0703104093912248,0.0,0.0,0.3298045602605863
profile1d_quadratic__robust_ossm_ekf,13_2,1243,-0.5608088209735285,-4.780115302367221,127.57176470814073,6.06144340871599,8.426307202569025e-07,0.12079613945059786,1.0721430783723642,0.0,0.0,0.23169750603378922
profile1d_quadratic__robust_ossm_ekf,13_3,1225,-0.4045320323145525,-4.171206502679752,118.21102172842542,5.84536067369379,1.4915890139167595e-07,0.11793242027633791,1.0724142575115136,0.0032653061224489797,0.0,0.2253061224489796
profile1d_quadratic__robust_ossm_ekf,14_0,1248,0.4220124400186571,9.760791227304196,10.44948440155801,3.934179788035999,2.956982170630724e-14,0.04743642307624085,1.07885543582381,0.0,0.0,0.028044871794871796
profile1d_quadratic__robust_ossm_ekf,14_1,1234,-0.8834099166359395,-5.8903771014233826,141.05784269447454,8.009607385201452,1.6795133195431887e-12,0.07142887373279043,1.0765791783200718,0.0,0.0,0.012155591572123177
profile1d_quadratic__robust_ossm_ekf,14_2,1244,0.22513982772818375,-1.5677772539791306,91.32476002026253,5.124899571947628,2.1205445456138947e-10,0.06212996001953759,1.0774852967602195,0.001607717041800643,0.0,0.012861736334405145
profile1d_quadratic__robust_ossm_ekf,14_3,1235,-0.7572159512530598,-5.070132737762719,153.2885376704807,6.7396592383225284,2.4527754903556128e-08,0.025680660691610332,1.0808670414426271,0.0,0.0,0.0
profile1d_quadratic__robust_ossm_ekf,15_0,1298,-0.29590340134752235,-3.980535235293587,106.83501909947621,5.1188149313157725,8.37966713768943e-09,0.03395468101811594,1.080088242789288,0.0,0.0,0.011556240369799691
profile1d_quadratic__robust_ossm_ekf,15_1,1223,-0.9209335461224502,-6.138830104044473,137.03817190544456,6.122234310934675,2.5157473275654405e-13,0.02933888388823115,1.0805176074142964,0.0,0.0,0.0
profile1d_quadratic__robust_ossm_ekf,15_2,1227,-0.5343217605976598,-4.733363736653928,124.23985736958188,5.611206925266631,4.754630411839633e-09,0.037139678960751064,1.0797832597789596,0.0,0.0,0.03015484922575387
profile1d_quadratic__robust_ossm_ekf,15_3,1255,0.11285810236920168,-1.8132174949022328,90.20880925864222,4.403679545372611,8.483550657303382e-11,0.046780986369168664,1.078900058163333,0.0,0.0,0.030278884462151396
profile1d_quadratic__robust_ossm_ekf,16_0,1232,-0.1280273452294134,-2.94151540292728,100.00005780120054,4.284984215728317,4.882580309683271e-07,0.16367600481172326,1.0684572100068688,0.008116883116883116,0.0,0.4439935064935065
profile1d_quadratic__robust_ossm_ekf,16_1,1238,-0.6649548798428779,-5.264288772113105,129.93233336431658,5.879910893519625,4.537651298159405e-12,0.10773279304925967,1.0732865108765601,0.0016155088852988692,0.0,0.10823909531502424
profile1d_quadratic__robust_ossm_ekf,16_2,1232,-0.8479354704869122,-5.355464811595198,156.68436353449104,5.89946691194834,2.469640080538774e-11,0.04286595782316957,1.0792340586392228,0.0,0.0,0.011363636363636364
profile1d_quadratic__robust_ossm_ekf,16_3,1228,-0.93185257934908,-2.0000001613942686,4679098001.094851,5.981019062614283,1.6789839609891072e-12,0.12150387861887597,1.0720341301779526,0.0,0.0,0.15390879478827363
profile1d_quadratic__robust_ossm_ekf,17_0,1226,1.4646014595121333,73.46105241402387,4.355501743334298,4.090674423954407,1.427700835775225e-12,0.08600328404160267,1.0754525270077158,0.004078303425774877,0.0,0.00897226753670473
profile1d_quadratic__robust_ossm_ekf,17_1,1219,0.1845744366494415,0.14205912058943682,25.353292732230944,4.422206794153749,6.215758245563668e-05,0.07037018598507058,1.0767383014179768,0.0,0.0,0.03937653814602133
profile1d_quadratic__robust_ossm_ekf,17_2,1218,0.29638309644646244,1.339469585322746,24.811584114238446,4.592351864115218,5.932505515373353e-05,0.06004180111313674,1.0776905945355475,0.0,0.0,0.0812807881773399
profile1d_quadratic__robust_ossm_ekf,17_3,1239,-0.8599441343970242,-6.320401495092483,127.07254064111662,9.547255656432883,1.4683123734620173e-11,0.18614210208883925,1.0663660907911705,0.004035512510088781,0.0,0.10653753026634383
profile1d_quadratic__robust_ossm_ekf,18_0,1243,1.0270806364605338,49.788348174914404,5.249920172703242,3.1627329352965803,1.4451060709196319e-11,0.10067380466011866,1.0741616409779644,0.0056315366049879325,0.0,0.13193885760257443
profile1d_quadratic__robust_ossm_ekf,18_1,1239,0.19165785616024333,-0.14907465506576045,30.258660107207888,4.578975695261526,0.036744978828909695,0.12546249045686741,1.071883748287723,0.00887812752219532,0.0,0.2066182405165456
profile1d_quadratic__robust_ossm_ekf,18_2,1226,0.14629380250861912,-0.40045958723834474,27.322903541750236,4.885456856144003,0.0006404842607564302,0.07599652882059794,1.07624305824209,0.0,0.0,0.004893964110929853
profile1d_quadratic__robust_ossm_ekf,18_3,1244,0.39034421148666487,4.810615164302135,16.15332654473818,3.9667516159691916,0.0016122101196189504,0.09518659780499276,1.0745493173286405,0.0008038585209003215,0.0,0.05546623794212219
profile1d_quadratic__robust_ossm_ekf,19_0,1209,3.3984180533312793,149.6430045992397,4.277345251917303,2.554151157946851,5.007486598295122e-19,0.07667941365976418,1.0764075678644374,0.01240694789081886,0.0,0.011579818031430935
profile1d_quadratic__robust_ossm_ekf,19_1,1209,-0.5254321361384315,-4.396212194103441,136.58713130998117,5.406109367364801,1.5650355679132246e-06,0.07255546120228512,1.0764951907291076,0.0008271298593879239,0.0,0.009098428453267164
profile1d_quadratic__robust_ossm_ekf,19_2,1211,1.6869238010266088,56.71437119124812,6.546650044843558,2.8900291644857417,2.322477473269062e-15,0.3212663094352916,1.0576886661245497,0.053674649050371594,0.0,0.07597027250206441
profile1d_quadratic__robust_ossm_ekf,19_3,1210,1.5877948864698226,18.635379277494337,14.12999488096208,5.171984949717783,4.599624188108923e-09,0.05316548563444258,1.0783476191497512,0.001652892561983471,0.0,0.0
profile1d_quadratic__robust_ossm_ekf,1_0,1205,8.776075266503979,264.5480258351672,3.8167959891898753,2.0226117450052072,9.734147232290705e-27,0.011470494992523773,1.0822440583144743,0.0,0.0,0.014107883817427386
profile1d_quadratic__robust_ossm_ekf,1_1,1207,15.97476689931149,474.1504344123282,2.4543443414130532,2.1505547632670456,1.3460122283357855e-32,0.01916978093640319,1.0815652324249254,0.0016570008285004142,0.0,0.0
profile1d_quadratic__robust_ossm_ekf,1_2,1208,3.2016082875141896,128.65497751081693,4.490572148211252,3.5955632106386775,4.686544126323747e-19,0.0070227452671224036,1.0826569284930758,0.0,0.0,0.006622516556291391
profile1d_quadratic__robust_ossm_ekf,1_3,1207,5.365850811069263,266.2634781014849,2.8619512184810336,2.3788954005301854,1.7397816094127456e-25,0.015162033663271658,1.081893992466795,0.0,0.0,0.03148301574150787
profile1d_quadratic__robust_ossm_ekf,20_0,1209,1.0904164612485072,30.140833015767612,8.045829185715458,3.8695673106374477,2.398911195694999e-09,0.04398502966683616,1.0791896371804317,0.0,0.0,0.0
profile1d_quadratic__robust_ossm_ekf,20_1,1209,-0.2275851643047102,-3.5096866613296243,101.43972386742026,5.174828158644965,0.02160298511422213,0.01942332349605649,1.0814650784437936,0.0,0.0,0.0
profile1d_quadratic__robust_ossm_ekf,20_2,1210,-0.29927504903315905,-3.792254041298861,105.20601373298788,5.9372856968960015,0.0024587614487575154,0.03537485224663633,1.0799557119839065,0.0,0.0,0.0
profile1d_quadratic__robust_ossm_ekf,20_3,1209,-0.038024653368025074,-2.4023500215730564,99.9990872702484,3.668025567468341,1.3096065761473127e-05,0.028773959199963475,1.080583857830204,0.0,0.0,0.0
profile1d_quadratic__robust_ossm_ekf,21_0,1208,0.8980949972876289,17.808158269604405,11.275582995403855,3.356351348410077,1.545252175959246e-10,0.14304177067901278,1.0705926286290701,0.015728476821192054,0.0,0.16473509933774835
profile1d_quadratic__robust_ossm_ekf,21_1,1208,1.363372490992294,60.58547849618151,4.9641255436752445,3.8074775130482665,1.4210896872977646e-12,0.10485262773456454,1.0738439720486073,0.008278145695364239,0.0,0.0008278145695364238
profile1d_quadratic__robust_ossm_ekf,21_2,1207,0.10306712603679724,-1.1006070923898505,33.93762372767828,4.302410737619211,2.326808718405961e-06,0.12050801011175165,1.0723178282978023,0.0016570008285004142,0.0,0.2502071251035626
profile1d_quadratic__robust_ossm_ekf,21_3,1213,0.3659443224673802,1.6272264361154782,26.00325456305067,4.419411378163555,0.015033771706982986,0.07107890961355127,1.0766912476266648,0.0008244023083264633,0.0,0.1838417147568013
profile1d_quadratic__robust_ossm_ekf,22_0,1209,-1.0017756763482222,-5.698148671106367,164.37358578087904,8.297959641614295,8.52575899630834e-15,0.044984608746877465,1.0790301194979743,0.0,0.0,0.004962779156327543
profile1d_quadratic__robust_ossm_ekf,22_1,1210,-1.204783210078073,-6.969825633207847,146.86276200193345,10.32700102260665,3.805979802060156e-18,0.038487928370886916,1.0796420071495023,0.0,0.0,0.0
profile1d_quadratic__robust_ossm_ekf,22_2,1210,-0.9590907141146747,-5.975405751582855,146.7139458348162,6.684407042442966,2.915370162100898e-14,0.04536094168268875,1.0790015557967128,0.0,0.0,0.019008264462809916
profile1d_quadratic__robust_ossm_ekf,22_3,1211,1.004344747452648,9.188259190274835,20.421963206830835,3.894934331130602,2.1618405646261726e-08,0.042642270696876095,1.079294140000871,0.0008257638315441783,0.0,0.0
profile1d_quadratic__robust_ossm_ekf,23_0,1208,-0.1930245009656102,-3.273988580245259,100.00000614977309,4.568356301819851,8.752451394163215e-12,0.006118828381338228,1.0827417380152409,0.0,0.0,0.0
profile1d_quadratic__robust_ossm_ekf,23_1,1210,1.74327501995295,35.20966311594839,9.289895550818306,2.9384834515069085,6.197493502048726e-12,0.009043223122106788,1.0824628367973672,0.0,0.0,0.0
profile1d_quadratic__robust_ossm_ekf,23_2,1208,-0.03261140930020723,-2.487771401983082,91.12352620070095,4.820809532715324,0.001723559712360481,0.011654918567197033,1.0822094173027705,0.0,0.0,0.0
profile1d_quadratic__robust_ossm_ekf,23_3,1207,1.3478848519765947,56.150347729557325,5.7558652221520825,2.707922686478892,9.082865949451444e-12,0.0217146030665574,1.0812588209095522,0.0,0.0,0.0
profile1d_quadratic__robust_ossm_ekf,24_0,1209,2.737355110019446,126.93555675461175,3.8797871067096894,3.1794258374923756,2.793902277389987e-19,0.009765118856201164,1.0823946683924672,0.0,0.0,0.0
profile1d_quadratic__robust_ossm_ekf,24_1,1207,4.2703875327306,137.68557644068824,3.6834640745667495,3.2621072896114587,2.852940957586859e-18,0.0209609903487103,1.0813345614561285,0.0,0.0,0.0
profile1d_quadratic__robust_ossm_ekf,24_2,1212,-0.2709810860393591,-3.5997634091663713,109.24815857194328,5.340016405751643,5.432423420664972e-06,0.008913560630173562,1.0824726826261997,0.0,0.0,0.009075907590759076
profile1d_quadratic__robust_ossm_ekf,24_3,1208,1.9115350990319193,117.09777578352737,3.51922643416146,3.1881775434344086,5.024932485514949e-17,0.02277386065977145,1.0811625927692377,0.0,0.0,0.0
profile1d_quadratic__robust_ossm_ekf,25_0,1233,0.0701701459158377,-1.7521885667175638,78.96728067376522,4.404497366292064,0.1323029044645765,0.11725050195790243,1.0725721005117999,0.0056772100567721,0.0,0.0454176804541768
profile1d_quadratic__robust_ossm_ekf,25_1,1218,-0.5977434460384807,-4.663522946034618,138.03921940257925,6.476275229340822,1.8601044951043134e-08,0.17746332836769396,1.067180428010441,0.004105090311986864,0.0,0.0722495894909688
profile1d_quadratic__robust_ossm_ekf,25_2,1240,-0.45692291892338543,-4.570636673286572,114.76198180852523,7.044682063810333,2.1145286234090766e-07,0.2237570067686309,1.0633527460308572,0.020161290322580645,0.0,0.11451612903225807
profile1d_quadratic__robust_ossm_ekf,25_3,1227,-0.13862726920310475,-3.0095224825267906,99.89980459120524,5.154287712856681,0.006369884414025376,0.24734623270012263,1.061740717323015,0.039119804400977995,0.0,0.12306438467807661
profile1d_quadratic__robust_ossm_ekf,26_0,1230,-0.5330989835542783,-4.744022258655832,121.96747240508454,7.543615535032007,3.3137216296760445e-08,0.08462046846265757,1.0753812785766435,0.0,0.0,0.14308943089430895
profile1d_quadratic__robust_ossm_ekf,26_1,1227,-0.33882050318018564,-4.066205350668497,105.19285046869358,5.246701851004619,1.4497758256082013e-05,0.16715614708557655,1.0681362040057163,0.007334963325183374,0.0,0.5762021189894051
profile1d_quadratic__robust_ossm_ekf,26_2,1249,0.35926581856268713,1.5683035666879732,28.380358712961502,4.899758496406383,1.506327635017753e-12,0.11967199578328191,1.0723609001015204,0.008006405124099279,0.0,0.4923939151321057
profile1d_quadratic__robust_ossm_ekf,26_3,1227,-0.25665669268659164,-3.7264034553630836,109.13331513368603,6.369463183288701,5.343345295771559e-19,0.14408834370827284,1.0700690918508873,0.004074979625101874,0.0,0.6299918500407498
profile1d_quadratic__robust_ossm_ekf,27_0,1227,0.07922203023438446,-1.7586980231383222,61.221649134457124,4.542412588527847,0.001666883370746785,0.022574436095406065,1.0811684935125214,0.0,0.0,0.006519967400162999
profile1d_quadratic__robust_ossm_ekf,27_1,1240,-0.4044130329463913,-4.29433485284909,113.59419819005598,5.291509335043096,3.0579489496790906e-05,0.039071136919261014,1.0796054117097413,0.0,0.0,0.0
profile1d_quadratic__robust_ossm_ekf,27_2,1232,-0.07127230986766575,-2.6030156586056137,100.00000031367537,3.5742349195883554,0.002370485735125307,0.0404184894517265,1.079486426696941,0.0,0.0,0.052759740259740256
profile1d_quadratic__robust_ossm_ekf,27_3,1235,-0.4634816442413747,-4.3340886146431785,126.93344973548116,4.4779793844969875,3.0856425494819264e-10,0.02583955417578625,1.0808530657488367,0.0,0.0,0.008097165991902834
profile1d_quadratic__robust_ossm_ekf,28_0,1254,1.230760183396332,51.06553870884238,5.908821839319116,2.900698331250752,8.300734195091786e-13,0.11451290588241025,1.0730385712418116,0.015151515151515152,0.0,0.30303030303030304
profile1d_quadratic__robust_ossm_ekf,28_1,1220,0.606634093158005,10.35547164035188,12.942147307772133,3.57380909099955,5.559218029936324e-07,0.10014588751772875,1.0741674827323133,0.007377049180327869,0.0,0.10327868852459017
profile1d_quadratic__robust_ossm_ekf,28_2,1240,0.165599683337895,-0.813691484171386,41.163104093052986,4.46265361999205,6.381685217201508e-07,0.14197729837390086,1.0704019426636227,0.008870967741935484,0.0,0.04032258064516129
profile1d_quadratic__robust_ossm_ekf,28_3,1237,0.5188343870557564,10.461038992247836,11.456451574906117,5.492320246162533,4.6945059347814635e-06,0.1276647042552491,1.0717016104116002,0.004042037186742118,0.0,0.1196443007275667
profile1d_quadratic__robust_ossm_ekf,29_0,2154,-0.6257758043840314,-7.27573296408741,129.9120671166657,4.7604983910971095,1.7582079085226484e-10,0.14121228033218705,1.0703325544733475,0.002785515320334262,0.0,0.033426183844011144
profile1d_quadratic__robust_ossm_ekf,29_1,1225,-0.879897557969207,-4.845695179515587,191.5860983452761,5.436591446562025,2.7583564604608184e-12,0.20067310858476772,1.0651041517125777,0.007346938775510204,0.0,0.062040816326530614
profile1d_quadratic__robust_ossm_ekf,29_2,1226,-0.6968102418756441,-5.146171995614736,141.2042572383009,5.0122811153692295,3.8818256250291476e-10,0.1361814050419258,1.0707529983298578,0.0032626427406199023,0.0,0.05301794453507341
profile1d_quadratic__robust_ossm_ekf,29_3,1310,-0.8475849650588843,-5.1859051790675466,177.2596395307745,8.173141052265555,1.0557790479879238e-15,0.06341007043146124,1.0773164665515442,0.0007633587786259542,0.0,0.008396946564885497
profile1d_quadratic__robust_ossm_ekf,2_0,1208,0.21413590838083119,0.1832144947372285,27.93615009849851,3.8426184464005777,0.0018978068742241615,0.08292564159533909,1.0756287795204555,0.0016556291390728477,0.0,0.1423841059602649
profile1d_quadratic__robust_ossm_ekf,2_1,1208,1.6874353715890082,33.94604068645094,10.247734603246279,3.3965984386727373,5.649198027885661e-12,0.10220527879925127,1.074088409403449,0.009105960264900662,0.0,0.030629139072847682
profile1d_quadratic__robust_ossm_ekf,2_2,1208,0.7513017361063419,17.37514272971157,9.297436270741771,3.9689706293883678,1.902992785051861e-09,0.13913189107499535,1.0708782327828832,0.011589403973509934,0.0,0.21771523178807947
profile1d_quadratic__robust_ossm_ekf,2_3,1209,2.1680068187040593,57.72650054509597,6.778586785162138,3.9022607728177063,5.440722786501146e-14,0.12105038349210309,1.072586310098552,0.009925558312655087,0.0,0.12241521918941274
profile1d_quadratic__robust_ossm_ekf,30_0,1231,0.9026334005134613,21.593760020119134,10.015330038995343,3.9632238269042084,1.616400366157547e-12,0.03815125932524712,1.0797096413668137,0.0,0.0,0.059301380991064176
profile1d_quadratic__robust_ossm_ekf,30_1,1213,-0.6191959251163062,-4.7343621054915275,140.03719239907537,6.256568358306727,2.866906223796585e-08,0.03859299106052981,1.0796387556678388,0.0,0.0,0.023907666941467436
profile1d_quadratic__robust_ossm_ekf,30_2,1232,-0.10713968770085192,-2.7779491094365767,100.00000120265736,4.497104038246392,0.0006624760641274644,0.054169924631875185,1.0782070426181825,0.0,0.0,0.28814935064935066
profile1d_quadratic__robust_ossm_ekf,30_3,1229,-0.7837587716973142,-5.527778873440639,137.57953274846574,7.13041625358708,1.3265490009362293e-10,0.02635610587032009,1.0807999648763384,0.0,0.0,0.01871440195280716
profile1d_quadratic__robust_ossm_ekf,31_0,1245,-0.40708726620177016,-4.049282094917032,126.78022556499263,5.927484446120558,3.392661600578832e-07,0.08126082068608793,1.0757068697159125,0.0,0.0,0.14056224899598393
profile1d_quadratic__robust_ossm_ekf,31_1,1246,-0.6833012796156535,-5.5447601662333454,128.7651478721407,7.207007476450277,3.516233876438641e-17,0.03067463469376445,1.0803903417075675,0.0,0.0,0.0
profile1d_quadratic__robust_ossm_ekf,31_2,1251,0.6649946588947997,12.270405294017905,12.263930000224375,3.7985582234731523,6.247404010734767e-06,0.08295446529308863,1.0756522011840999,0.0031974420463629096,0.0,0.07434052757793765
profile1d_quadratic__robust_ossm_ekf,31_3,1245,1.0452964853765083,23.72576000846061,10.082656468621602,4.5473364991970175,1.169719007833951e-08,0.19021058424252574,1.0667287061816064,0.015261044176706828,0.0,0.19839357429718876
profile1d_quadratic__robust_ossm_ekf,32_0,1217,-0.3867132561580604,-4.1948459439979615,110.71499754200833,6.280195402510149,0.00010853634484996955,0.10893877256624887,1.0732341892870105,0.0,0.0,0.2629416598192276
profile1d_quadratic__robust_ossm_ekf,32_1,1216,5.536093491040667,129.91154813780759,6.227650573941587,2.9637121810106724,2.0198240859830326e-21,0.24625509113475863,1.0637936546335927,0.03453947368421053,0.0,0.1924342105263158
profile1d_quadratic__robust_ossm_ekf,32_2,1240,1.3319404617740966,44.88656994187477,5.827461113083724,4.508837143453937,5.632022905853913e-13,0.21594910528434277,1.0648666636995197,0.049193548387096775,0.0,0.15483870967741936
profile1d_quadratic__robust_ossm_ekf,32_3,1240,0.35836581658432864,2.556736552039638,21.971616808449877,5.134292593081536,6.846516217608708e-05,0.11709940830685076,1.072617853085914,0.004032258064516129,0.0,0.12338709677419354
profile1d_quadratic__robust_ossm_ekf,33_0,1216,-0.17090350951405942,-3.20263654297721,100.01053509459615,4.900069801382217,5.120363353584638e-05,0.06350401328332425,1.0773354013102467,0.0,0.0,0.05921052631578947
profile1d_quadratic__robust_ossm_ekf,33_1,1239,-0.31357176242866336,-3.858707400736648,116.22351008840931,6.640847756652675,1.2537105675417083e-10,0.12233322839340219,1.071986811762933,0.0016142050040355124,0.0,0.2179176755447942
profile1d_quadratic__robust_ossm_ekf,33_2,1233,-0.46592958965818765,-4.509514592682194,117.74463959820494,6.738906695499589,1.1368142375912458e-08,0.1161161452853087,1.0725302550091402,0.0,0.0,0.1273317112733171
profile1d_quadratic__robust_ossm_ekf,33_3,1219,4.718481937906687,226.80075913535615,3.769491400575715,2.6869407018900593,2.3442671838762665e-26,0.08806956726257271,1.075400811697034,0.015586546349466776,0.0,0.0951599671862182
profile1d_quadratic__robust_ossm_ekf,34_0,1224,7.458596338408784,383.57516302838576,2.9663852897864764,1.981020921335346,1.764849489649881e-30,0.008293460197624725,1.0825395122126786,0.0,0.0,0.0
profile1d_quadratic__robust_ossm_ekf,34_1,1225,4.998083642096151,368.1353601923193,1.926175841789363,2.93098955554665,4.250655955623317e-26,0.04021802710658005,1.079613510968417,0.0016326530612244899,0.0,0.044897959183673466
profile1d_quadratic__robust_ossm_ekf,34_2,1218,6.315801935938451,124.02806485169594,5.738715506235764,3.0796121738555984,1.1815576910740541e-21,0.02197444687411631,1.081262815149498,0.0008210180623973727,0.0,0.0
profile1d_quadratic__robust_ossm_ekf,34_3,1222,1.232279796218915,22.88848473919421,10.90876137630187,3.3246699251066145,2.4411759509722346e-11,0.06604935593271856,1.0771957780139763,0.0016366612111292963,0.0,0.02536824877250409
profile1d_quadratic__robust_ossm_ekf,35_0,1235,-0.11799729830021333,-2.8368199960798393,99.9999996846301,4.413679324313863,0.0029617090391496534,0.2056311128291043,1.0650663050051206,0.03319838056680162,0.0,0.18461538461538463
profile1d_quadratic__robust_ossm_ekf,35_1,1224,-0.08656432895007926,-2.6266335566942303,99.93598060975005,5.7483580005816135,6.308946323157577e-12,0.04981009086071853,1.0786224508935407,0.0,0.0,0.10130718954248366
profile1d_quadratic__robust_ossm_ekf,35_2,1227,1.3747042445977344,43.74322487861815,7.047712078591081,3.2789820987416376,3.174523518545143e-12,0.05700047563839433,1.0780153773787013,0.0,0.0,0.05704971475142624
profile1d_quadratic__robust_ossm_ekf,35_3,1228,3.280907781376764,59.27512465713309,9.445062004230213,4.248529124264497,1.6667412545343574e-19,0.06516076429910822,1.0773664879056353,0.005700325732899023,0.0,0.059446254071661236
profile1d_quadratic__robust_ossm_ekf,36_0,1233,-0.5543218709640305,-4.6141354443354885,133.61211902179372,5.056793014402471,1.02613697613584e-12,0.14231900205752532,1.0702593950882169,0.0040551500405515,0.0,0.23276561232765614
profile1d_quadratic__robust_ossm_ekf,36_1,1214,-0.46497677240580826,-4.369248160170173,121.882934097756,5.7528268409417205,4.764627606401054e-14,0.18687604328511162,1.0664331435988128,0.016474464579901153,0.0,0.3599670510708402
profile1d_quadratic__robust_ossm_ekf,36_2,1220,0.5277491898089948,3.796073173151626,24.194851863186344,4.832832717408089,6.77687542295576e-11,0.09469038701341238,1.0745926082792903,0.004918032786885246,0.0,0.2819672131147541
profile1d_quadratic__robust_ossm_ekf,36_3,1225,0.7237744366134518,22.500924165350284,7.461800697742943,4.626305961181821,2.4937550861919202e-14,0.07787787733023444,1.07610837220297,0.0,0.0,0.5028571428571429
profile1d_quadratic__robust_ossm_ekf,37_0,1209,8.765633561608151,204.49168462148623,5.222589987434335,2.779330217203857,2.8786435544274384e-26,0.09300457211029332,1.0752241854938176,0.008271298593879239,0.0,0.5144747725392886
profile1d_quadratic__robust_ossm_ekf,37_1,1211,-0.7551903312430608,-5.468373131855969,132.81709365636803,7.557817743580917,3.7939250174729475e-10,0.1002913692139879,1.0739814768428697,0.0,0.0,0.6259289843104872
profile1d_quadratic__robust_ossm_ekf,37_2,1211,0.7408822076610369,4.108448063264632,28.128773389335613,5.757409397761372,3.4388351128592685e-09,0.08727828629862376,1.0752117882066832,0.0016515276630883566,0.0,0.5342691990090834
profile1d_quadratic__robust_ossm_ekf,37_3,1210,0.2053892975338094,1.8570477439661772,15.404809225226547,5.366779330067596,5.031146409550876e-06,0.0835569954729913,1.075562289486825,0.0,0.0,0.6867768595041323
profile1d_quadratic__robust_ossm_ekf,38_0,1233,1.1734500816576894,37.67859380004131,6.760434803303909,3.8861165353105105,2.9559199896692266e-11,0.09320652951808639,1.074819962906969,0.008921330089213302,0.0,0.0681265206812652
profile1d_quadratic__robust_ossm_ekf,38_1,1230,1.6827133567791606,59.33349462831586,6.293305039079723,2.9544297412489895,5.989867232173371e-12,0.11019216973192325,1.07342568028299,0.015447154471544716,0.0,0.06422764227642276
profile1d_quadratic__robust_ossm_ekf,38_2,1184,1.5756330813265693,47.35781280992009,6.322778091436072,4.597525910762994,2.9904429465552396e-11,0.05543195581366929,1.0781569244040765,0.002533783783783784,0.0,0.004222972972972973
profile1d_quadratic__robust_ossm_ekf,38_3,1221,2.58441862624469,129.91662429965982,3.97060645740834,3.1595725731550255,4.1903909536028996e-18,0.2091431436675894,1.0658992955754394,0.042588042588042586,0.0,0.23669123669123668
profile1d_quadratic__robust_ossm_ekf,39_0,1223,-0.41260377255780467,-4.474113797831478,106.30608828028198,4.971218451046586,3.42016386990948e-05,0.0726605869077539,1.0764914831942596,0.0,0.0,0.04905968928863451
profile1d_quadratic__robust_ossm_ekf,39_1,1228,-0.6201497440962358,-5.08052059744557,127.01867692364958,5.703400595911709,4.661760212616932e-10,0.05496843976388094,1.0781226900099279,0.0,0.0,0.013843648208469055
profile1d_quadratic__robust_ossm_ekf,39_2,1240,-0.7967442363293489,-5.131865028376055,158.60155570489172,6.864429312051472,1.1917544137040787e-09,0.06459801261356342,1.0772108288001707,0.0,0.0,0.03951612903225806
profile1d_quadratic__robust_ossm_ekf,39_3,1269,-0.16027541440591397,-3.17290237184136,100.00000617494184,6.965191471919779,1.213227655277355e-07,0.09773251828625787,1.0742268497568812,0.0,0.0,0.11032308904649331
profile1d_quadratic__robust_ossm_ekf,3_0,1207,4.103817215514384,381.3700319574127,1.9662454240364546,2.6083996238805094,2.2743788839073182e-26,0.1325924078660858,1.0720535034238299,0.03231151615575808,0.0,0.09113504556752279
profile1d_quadratic__robust_ossm_ekf,3_1,1212,7.07320021380696,236.09957836651142,3.7724061062474945,2.479217881868943,1.1201382165997152e-25,0.03405216693329795,1.0801848299934576,0.0016501650165016502,0.0,0.0
profile1d_quadratic__robust_ossm_ekf,3_2,1208,1.824216892399769,99.75257127341354,3.7888798456631156,3.5799204031083525,2.112680638809386e-14,0.07184094952446393,1.076725609581482,0.0016556291390728477,0.0,0.022350993377483443
profile1d_quadratic__robust_ossm_ekf,3_3,1208,1.333786188280655,30.262538992194095,9.435641170725662,3.0042034651315244,1.6781051479969577e-10,0.031277563682060305,1.0803664568435325,0.0,0.0,0.0024834437086092716
profile1d_quadratic__robust_ossm_ekf,40_0,1250,0.32818750610397585,5.483181914870158,12.704016396329518,3.682206914694013,3.733607674312754e-06,0.08244462474647643,1.075686354092271,0.0,0.0,0.0488
profile1d_quadratic__robust_ossm_ekf,40_1,1232,-0.06312050812597603,-2.561119113869836,99.99999262502737,5.555800887558419,0.00025404531471118707,0.20315690284354238,1.065323752783992,0.01948051948051948,0.0,0.18262987012987014
profile1d_quadratic__robust_ossm_ekf,40_2,1240,0.3182340540943036,2.643148004876366,19.17335022423793,4.198334590136835,0.00015235510298326763,0.202975995234004,1.0655192762744818,0.03064516129032258,0.0,0.05241935483870968
profile1d_quadratic__robust_ossm_ekf,40_3,1229,1.424902541331491,37.631403770466704,7.932586085999172,3.595741923661485,8.197263992206414e-10,0.21386432642803185,1.0650703416211387,0.03661513425549227,0.0,0.21318144833197722
profile1d_quadratic__robust_ossm_ekf,4_0,1209,1.2899658717908196,20.027704259161396,11.677937892228528,3.5923986360501865,2.8758319813817947e-08,0.028737737832282267,1.0806002609379075,0.0008271298593879239,0.0,0.02729528535980149
profile1d_quadratic__robust_ossm_ekf,4_1,1207,4.743294915430308,192.8178131774062,4.33972653755434,2.009614521958794,3.1473613012076644e-26,0.04963032950812514,1.0787808503752752,0.004971002485501243,0.0,0.09859154929577464
profile1d_quadratic__robust_ossm_ekf,4_2,1208,0.6007557399769654,17.9124060989559,8.139746458242039,3.6644177984545836,6.422328538114796e-07,0.015157424915446631,1.0818761525381742,0.0,0.0,0.0347682119205298
profile1d_quadratic__robust_ossm_ekf,4_3,1210,3.5445541859126664,237.49346768909754,2.898059644657411,2.3627902907224914,1.8341097048773365e-25,0.06297883991265403,1.0775980478377358,0.00743801652892562,0.0,0.03884297520661157
profile1d_quadratic__robust_ossm_ekf,5_0,1210,0.49356561165323276,6.102391062949778,16.383552222054377,5.047974806064236,6.933633199418311e-08,0.05566591183227707,1.0780873242188354,0.0,0.0,0.19917355371900827
profile1d_quadratic__robust_ossm_ekf,5_1,1209,1.151240274822821,32.02057747486583,6.661234370385629,4.10168988798711,2.742169211935046e-11,0.029541629517049948,1.0805260816590452,0.0,0.0,0.02564102564102564
profile1d_quadratic__robust_ossm_ekf,5_2,1210,-0.1407315840678245,-3.0346432017230427,99.99949649186016,5.759254206407637,4.240618129158821e-05,0.03352865187638882,1.0801315061449586,0.0,0.0,0.0
profile1d_quadratic__robust_ossm_ekf,5_3,1206,1.1303571773843526,28.46176828866669,8.576282144502862,3.6445237951788636,6.236654388015886e-12,0.02968639970684596,1.0805117591312654,0.0,0.0,0.0
profile1d_quadratic__robust_ossm_ekf,6_0,1208,0.21709330552334638,1.5660840115479004,17.537612661540823,5.089071522765486,3.278084500397537e-06,0.009295459832803502,1.0824361355391947,0.0,0.0,0.0
profile1d_quadratic__robust_ossm_ekf,6_1,1207,5.749367534092489,392.9786023584771,2.258064913964857,2.645644016665788,1.0514725538844136e-27,0.04632912791099458,1.0790723395613704,0.0008285004142502071,0.0,0.0
profile1d_quadratic__robust_ossm_ekf,6_2,1209,0.7774183258713672,38.565508885006466,5.109197606018498,3.332948930281533,1.7449238969358728e-12,0.02308470909288411,1.0811268353027301,0.0,0.0,0.0
profile1d_quadratic__robust_ossm_ekf,6_3,1207,0.4622089196700001,7.243019796087424,13.95567122751597,3.985959700694317,2.3694734998554396e-08,0.04963862690363002,1.078646073616161,0.0,0.0,0.03645401822700911
profile1d_quadratic__robust_ossm_ekf,7_0,1209,1.7304321142013972,80.77599960458133,4.894427281229306,3.5397204110906286,3.559746283692048e-16,0.040944219051652936,1.0794587755515221,0.0,0.0,0.02481389578163772
profile1d_quadratic__robust_ossm_ekf,7_1,1209,-0.0944249099194936,-2.7516630215673104,99.99895682205138,4.261307372661211,0.008271200634728951,0.03885676045479981,1.0796303801290097,0.0,0.0,0.0
profile1d_quadratic__robust_ossm_ekf,7_2,1208,1.4150437244179184,27.44711282495689,10.478447206822649,4.215173908167132,3.276979895802956e-10,0.03282464158746372,1.0802185964077016,0.0,0.0,0.0
profile1d_quadratic__robust_ossm_ekf,7_3,1209,-0.8593535663906873,-5.134753110759334,166.91136974548454,5.460863400826288,5.443504963177908e-12,0.03181840269616734,1.0802823056888842,0.0,0.0,0.008271298593879239
profile1d_quadratic__robust_ossm_ekf,8_0,1210,-0.11794418301815757,-3.257485336371019,100.10821998942474,5.469330634705324,8.009965459348415e-12,0.015628882955952685,1.0818296592188157,0.0,0.0,0.014049586776859505
profile1d_quadratic__robust_ossm_ekf,8_1,1209,-0.4386766269754214,-4.364519658861923,118.24471039293537,5.702539064474344,1.0420698711998841e-05,0.03065859939358627,1.0803966798775486,0.0,0.0,0.01902398676592225
profile1d_quadratic__robust_ossm_ekf,8_2,1209,0.06929476160778147,-1.5209173385163695,40.39358387861437,4.513917983163368,6.16209771918952e-07,0.10165658861067439,1.073958400269674,0.0,0.0,0.10752688172043011
profile1d_quadratic__robust_ossm_ekf,8_3,1208,1.2933573636641258,48.819370832188156,5.919748495812076,3.3654451363644537,5.070934740994789e-10,0.14094076773098407,1.070826566525287,0.018211920529801324,0.0,0.033112582781456956
profile1d_quadratic__robust_ossm_ekf,9_0,1225,0.29573691121128753,-0.7571545720426798,64.69755601080664,3.7254069794938274,8.695344409414928e-07,0.06178844736491414,1.077511367514228,0.0008163265306122449,0.0,0.0024489795918367346
profile1d_quadratic__robust_ossm_ekf,9_1,1242,-0.5210232315834071,-4.535826407901226,129.97818802714855,5.6919474687762595,3.364797291316839e-07,0.05776532091475346,1.0778458710101075,0.0,0.0,0.026570048309178744
profile1d_quadratic__robust_ossm_ekf,9_2,1229,0.7288640712846215,8.095471120748925,17.714397765277553,4.742608272201265,8.56449070781338e-07,0.07469485238806804,1.0763832811755467,0.0016273393002441008,0.0,0.008136696501220505
profile1d_quadratic__robust_ossm_ekf,9_3,1265,0.30368393713090747,1.7476721543840767,23.982310856042858,4.369158604685519,3.4500201597788116e-06,0.03784631467664038,1.079721614057513,0.0,0.0,0.0
