video,method,Fail_Total,Fail_Div,Fail_Slip,Fail_Lock,Fail_Double,NIS_Mean,NIS_Pass,NIS_InBand,NIS_pval,Lambda_Mean,Lambda_LT1_Frac,Lambda_LowFrac,Coverage95,FreqStd_Mean,Stability_Sec,n_frames,data_file
cohface_14_1,of_farneback,,,,,,,,,,,,,,,,,data/cohface_14_1.pkl
cohface_14_1,of_farneback__kfstd,,,,,,,,,,,,,,,61.7,,data/cohface_14_1.pkl
cohface_14_1,of_farneback__robust_ossm_ekf,0.36547811993517015,0.0,0.0,0.36547811993517015,0.1393841166936791,0.5957888508117162,0.0,0.9157212317666127,2.766306283984587e-32,1.0325185992208912,0.12479740680713128,0.0,95.62398703403565,0.1597183603653592,61.7,1234.0,data/cohface_14_1.pkl
cohface_14_1,of_farneback__robust_ossm_ukf,0.2884927066450567,0.0,0.0,0.2884927066450567,0.13047001620745544,0.22529231512245657,0.0,0.9440842787682334,7.11685399739578e-194,1.0514255850530327,0.04862236628849271,0.0,98.86547811993518,0.1711940226663517,61.7,1234.0,data/cohface_14_1.pkl
cohface_14_1,profile1D linear,,,,,,,,,,,,,,,,,data/cohface_14_1.pkl
cohface_14_1,profile1d_linear__kfstd,,,,,,,,,,,,,,,61.7,,data/cohface_14_1.pkl
cohface_14_1,profile1d_linear__robust_ossm_ekf,0.8541329011345219,0.0,0.0,0.8541329011345219,0.0,0.01386989674446306,0.0,0.7949756888168558,0.0,1.0656825757859658,0.0,0.0,99.91896272285251,0.16529034025922243,61.7,1234.0,data/cohface_14_1.pkl
cohface_14_1,profile1d_linear__robust_ossm_ukf,0.5291734197730956,0.0,0.0032414910858995136,0.5291734197730956,0.12074554294975688,0.06980793643498749,0.0,0.9586709886547812,0.0,1.0617470692450441,0.0,0.0,99.91896272285251,0.18823646712389122,61.7,1234.0,data/cohface_14_1.pkl
cohface_14_1,profile1D quadratic,,,,,,,,,,,,,,,,,data/cohface_14_1.pkl
cohface_14_1,profile1d_quadratic__kfstd,,,,,,,,,,,,,,,61.7,,data/cohface_14_1.pkl
cohface_14_1,profile1d_quadratic__robust_ossm_ekf,0.700162074554295,0.0,0.0,0.700162074554295,0.0,0.033953640697018735,0.0,0.8614262560777958,0.0,1.0642676183423718,0.0,0.0,99.91896272285251,0.16771848872318607,61.7,1234.0,data/cohface_14_1.pkl
cohface_14_1,profile1d_quadratic__robust_ossm_ukf,0.793354943273906,0.0008103727714748784,0.0032414910858995136,0.793354943273906,0.6021069692058347,111209.65733203842,0.0,0.9384116693679092,0.0,1.0567083214769912,0.004862236628849271,0.004051863857374392,99.3517017828201,0.1878051356608033,54.7,1234.0,data/cohface_14_1.pkl
cohface_14_1,profile1D cubic,,,,,,,,,,,,,,,,,data/cohface_14_1.pkl
cohface_14_1,profile1d_cubic__kfstd,,,,,,,,,,,,,,,61.7,,data/cohface_14_1.pkl
cohface_14_1,profile1d_cubic__robust_ossm_ekf,0.7374392220421394,0.0,0.0,0.7374392220421394,0.0,0.03570346810355277,0.0,0.8833063209076175,0.0,1.064013488535321,0.0,0.0,99.91896272285251,0.17889948951553758,61.7,1234.0,data/cohface_14_1.pkl
cohface_14_1,profile1d_cubic__robust_ossm_ukf,0.7917341977309562,0.0008103727714748784,0.0016207455429497568,0.7917341977309562,0.5972447325769854,36277.044001683964,0.0,0.9392220421393841,0.0,1.056036292762432,0.005672609400324149,0.004051863857374392,99.27066450567261,0.1897609563949007,54.9,1234.0,data/cohface_14_1.pkl
cohface_14_3,of_farneback,,,,,,,,,,,,,,,,,data/cohface_14_3.pkl
cohface_14_3,of_farneback__kfstd,,,,,,,,,,,,,,,61.75,,data/cohface_14_3.pkl
cohface_14_3,of_farneback__robust_ossm_ekf,0.5101214574898786,0.0,0.0,0.5101214574898786,0.15708502024291499,0.23078794083807233,0.0,0.9311740890688259,4.888793407678864e-189,1.0507787113712919,0.048582995951417005,0.0,99.10931174089069,0.1849021603220876,61.75,1235.0,data/cohface_14_3.pkl
cohface_14_3,of_farneback__robust_ossm_ukf,0.48582995951417,0.0,0.0,0.48582995951417,0.4089068825910931,0.19193102769653125,0.0,0.9295546558704454,4.4304526074411884e-228,1.0534980258834918,0.04291497975708502,0.0,98.46153846153847,0.16752506900626102,61.75,1235.0,data/cohface_14_3.pkl
cohface_14_3,profile1D linear,,,,,,,,,,,,,,,,,data/cohface_14_3.pkl
cohface_14_3,profile1d_linear__kfstd,,,,,,,,,,,,,,,61.75,,data/cohface_14_3.pkl
cohface_14_3,profile1d_linear__robust_ossm_ekf,0.9530364372469635,0.0,0.0,0.9530364372469635,0.0,0.009758754403286756,0.0,0.7125506072874493,0.0,1.0659750324911166,0.0,0.0,99.10931174089069,0.2826526451162813,61.75,1235.0,data/cohface_14_3.pkl
cohface_14_3,profile1d_linear__robust_ossm_ukf,0.7708502024291498,0.0,0.004858299595141701,0.7708502024291498,0.25182186234817816,0.06436725141276026,0.0,0.9481781376518219,0.0,1.0621216381384928,0.0,0.0,99.10931174089069,0.2789624133881765,61.75,1235.0,data/cohface_14_3.pkl
cohface_14_3,profile1D quadratic,,,,,,,,,,,,,,,,,data/cohface_14_3.pkl
cohface_14_3,profile1d_quadratic__kfstd,,,,,,,,,,,,,,,61.75,,data/cohface_14_3.pkl
cohface_14_3,profile1d_quadratic__robust_ossm_ekf,0.9530364372469635,0.0,0.0,0.9530364372469635,0.0,0.014919396723075797,0.0,0.7530364372469636,0.0,1.0656102750120149,0.0,0.0,99.10931174089069,0.29155174795800265,61.75,1235.0,data/cohface_14_3.pkl
cohface_14_3,profile1d_quadratic__robust_ossm_ukf,0.8121457489878543,0.0,0.0024291497975708503,0.8121457489878543,0.3076923076923077,0.0639548500201681,0.0,0.9368421052631579,0.0,1.0621537924180275,0.0,0.0,99.10931174089069,0.27067215680022555,61.75,1235.0,data/cohface_14_3.pkl
cohface_14_3,profile1D cubic,,,,,,,,,,,,,,,,,data/cohface_14_3.pkl
cohface_14_3,profile1d_cubic__kfstd,,,,,,,,,,,,,,,61.75,,data/cohface_14_3.pkl
cohface_14_3,profile1d_cubic__robust_ossm_ekf,0.9530364372469635,0.0,0.0,0.9530364372469635,0.0,0.015928414691093563,0.0,0.7538461538461538,0.0,1.06547936041621,0.0,0.0,99.10931174089069,0.28005838696429164,61.75,1235.0,data/cohface_14_3.pkl
cohface_14_3,profile1d_cubic__robust_ossm_ukf,0.8129554655870446,0.0,0.0024291497975708503,0.8129554655870446,0.32064777327935223,0.06517409176229089,0.0,0.9376518218623482,0.0,1.0618170321612992,0.0,0.0,99.10931174089069,0.2729087387992872,61.75,1235.0,data/cohface_14_3.pkl
cohface_15_2,of_farneback,,,,,,,,,,,,,,,,,data/cohface_15_2.pkl
cohface_15_2,of_farneback__kfstd,,,,,,,,,,,,,,,61.35,,data/cohface_15_2.pkl
cohface_15_2,of_farneback__robust_ossm_ekf,0.6984515077424613,0.0008149959250203749,0.0,0.6984515077424613,0.045639771801140996,0.8613414590197087,0.0,0.9160554197229014,0.00032593463898789883,1.016964414280879,0.23227383863080683,0.0016299918500407497,98.77750611246944,0.1629302610672906,61.35,1227.0,data/cohface_15_2.pkl
cohface_15_2,of_farneback__robust_ossm_ukf,0.8117359413202934,0.0,0.0024449877750611247,0.8117359413202934,0.0,0.5493632652374496,0.0,0.9584352078239609,2.1068527782696244e-41,1.0328290287711508,0.17440912795436023,0.0,99.59250203748981,0.25945356604403735,61.35,1227.0,data/cohface_15_2.pkl
cohface_15_2,profile1D linear,,,,,,,,,,,,,,,,,data/cohface_15_2.pkl
cohface_15_2,profile1d_linear__kfstd,,,,,,,,,,,,,,,61.35,,data/cohface_15_2.pkl
cohface_15_2,profile1d_linear__robust_ossm_ekf,0.9030154849225754,0.0,0.0,0.9030154849225754,0.0,0.016599620130155753,0.0,0.8394458027709861,0.0,1.0654898538342878,0.0,0.0,99.59250203748981,0.16737830526629735,61.35,1227.0,data/cohface_15_2.pkl
cohface_15_2,profile1d_linear__robust_ossm_ukf,0.8492257538712307,0.0,0.0032599837000814994,0.8492257538712307,0.25835370823145887,0.06119286456923382,0.0,0.9356153219233904,0.0,1.0623494549171402,0.0,0.0,99.59250203748981,0.2360006612923572,61.35,1227.0,data/cohface_15_2.pkl
cohface_15_2,profile1D quadratic,,,,,,,,,,,,,,,,,data/cohface_15_2.pkl
cohface_15_2,profile1d_quadratic__kfstd,,,,,,,,,,,,,,,61.35,,data/cohface_15_2.pkl
cohface_15_2,profile1d_quadratic__robust_ossm_ekf,0.9527302363488183,0.0,0.0,0.9527302363488183,0.0,0.014705606004849284,0.0,0.7962510187449062,0.0,1.0656242149047521,0.0,0.0,99.59250203748981,0.19094890340136997,61.35,1227.0,data/cohface_15_2.pkl
cohface_15_2,profile1d_quadratic__robust_ossm_ukf,0.9079054604726976,0.0,0.0024449877750611247,0.9079054604726976,0.44335778321108393,0.057856753978368404,0.0,0.9136104319478403,0.0,1.0625837646068261,0.0,0.0,99.59250203748981,0.19741245419097117,61.35,1227.0,data/cohface_15_2.pkl
cohface_15_2,profile1D cubic,,,,,,,,,,,,,,,,,data/cohface_15_2.pkl
cohface_15_2,profile1d_cubic__kfstd,,,,,,,,,,,,,,,61.35,,data/cohface_15_2.pkl
cohface_15_2,profile1d_cubic__robust_ossm_ekf,0.9527302363488183,0.0,0.0,0.9527302363488183,0.0,0.01546784383254271,0.0,0.8027709861450693,0.0,1.0655085750938278,0.0,0.0,99.59250203748981,0.18754315637996008,61.35,1227.0,data/cohface_15_2.pkl
cohface_15_2,profile1d_cubic__robust_ossm_ukf,0.9070904645476773,0.0,0.0016299918500407497,0.9070904645476773,0.628361858190709,0.05805784027414366,0.0,0.8989405052974735,0.0,1.0623446521084516,0.0,0.0,99.59250203748981,0.17926586818425702,61.35,1227.0,data/cohface_15_2.pkl
cohface_40_1,of_farneback,,,,,,,,,,,,,,,,,data/cohface_40_1.pkl
cohface_40_1,of_farneback__kfstd,,,,,,,,,,,,,,,61.6,,data/cohface_40_1.pkl
cohface_40_1,of_farneback__robust_ossm_ekf,0.37905844155844154,0.002435064935064935,0.0,0.37905844155844154,0.08766233766233766,1.3149478268689632,0.0,0.8961038961038961,9.796607969292381e-13,1.0024022878545176,0.2922077922077922,0.003246753246753247,98.45779220779221,0.14939209395423,61.6,1232.0,data/cohface_40_1.pkl
cohface_40_1,of_farneback__robust_ossm_ukf,0.6493506493506493,0.0016233766233766235,0.002435064935064935,0.6493506493506493,0.4878246753246753,17024.937997194105,0.0,0.9050324675324676,0.0,1.021107372128674,0.20292207792207792,0.008116883116883116,98.62012987012987,0.16904158547657053,61.6,1232.0,data/cohface_40_1.pkl
cohface_40_1,profile1D linear,,,,,,,,,,,,,,,,,data/cohface_40_1.pkl
cohface_40_1,profile1d_linear__kfstd,,,,,,,,,,,,,,,41.4,,data/cohface_40_1.pkl
cohface_40_1,profile1d_linear__robust_ossm_ekf,0.5787337662337663,0.0008116883116883117,0.0,0.5787337662337663,0.1185064935064935,0.21133959021946003,0.0,0.900974025974026,6.09347200551939e-207,1.0541406592099256,0.016233766233766232,0.0,99.26948051948052,0.20208054424993468,43.45,1232.0,data/cohface_40_1.pkl
cohface_40_1,profile1d_linear__robust_ossm_ukf,0.5113636363636364,0.0,0.004058441558441558,0.5113636363636364,0.14935064935064934,0.13408821393475426,0.0,0.8993506493506493,4.96023785339514e-308,1.057362830509039,0.0,0.0,99.26948051948052,0.40100309562639336,61.6,1232.0,data/cohface_40_1.pkl
cohface_40_1,profile1D quadratic,,,,,,,,,,,,,,,,,data/cohface_40_1.pkl
cohface_40_1,profile1d_quadratic__kfstd,,,,,,,,,,,,,,,61.6,,data/cohface_40_1.pkl
cohface_40_1,profile1d_quadratic__robust_ossm_ekf,0.8125,0.0,0.0,0.8125,0.11363636363636363,0.384108092653972,0.0,0.9691558441558441,3.213189768693314e-93,1.0408298906068094,0.09659090909090909,0.0,81.81818181818181,0.13868700468881617,61.6,1232.0,data/cohface_40_1.pkl
cohface_40_1,profile1d_quadratic__robust_ossm_ukf,0.9196428571428571,0.0,0.006493506493506494,0.9196428571428571,0.0,0.10308383200442016,0.0,0.9342532467532467,0.0,1.0594606764768117,0.0,0.0,99.59415584415585,0.41039146888136746,61.6,1232.0,data/cohface_40_1.pkl
cohface_40_1,profile1D cubic,,,,,,,,,,,,,,,,,data/cohface_40_1.pkl
cohface_40_1,profile1d_cubic__kfstd,,,,,,,,,,,,,,,61.6,,data/cohface_40_1.pkl
cohface_40_1,profile1d_cubic__robust_ossm_ekf,0.8246753246753247,0.0,0.0,0.8246753246753247,0.11201298701298701,0.4467116432598947,0.0,0.9724025974025974,1.5798240454414904e-69,1.0366494734914233,0.10957792207792208,0.0,80.76298701298701,0.13317265986261131,61.6,1232.0,data/cohface_40_1.pkl
cohface_40_1,profile1d_cubic__robust_ossm_ukf,0.952922077922078,0.0,0.006493506493506494,0.952922077922078,0.0,0.09790558156255819,0.0,0.9358766233766234,0.0,1.0595039417428405,0.0,0.0,99.59415584415585,0.4161076053057552,61.6,1232.0,data/cohface_40_1.pkl
cohface_25_3,of_farneback,,,,,,,,,,,,,,,,,data/cohface_25_3.pkl
cohface_25_3,of_farneback__kfstd,,,,,,,,,,,,,,,61.35,,data/cohface_25_3.pkl
cohface_25_3,of_farneback__robust_ossm_ekf,0.2860635696821516,0.0032599837000814994,0.0008149959250203749,0.2860635696821516,0.07171964140179299,1.1609687348510267,0.0,0.9201303993480032,0.0001421114135999879,1.0054865574084668,0.2722086389568052,0.0,95.27302363488182,0.1344533416131836,61.35,1227.0,data/cohface_25_3.pkl
cohface_25_3,of_farneback__robust_ossm_ukf,0.2273838630806846,0.0016299918500407497,0.0008149959250203749,0.2273838630806846,0.13121434392828035,0.9430316629359486,1.0,0.9160554197229014,0.15408672372760548,1.0176806274186312,0.21189894050529748,0.0008149959250203749,99.51100244498778,0.16566653459406547,61.35,1227.0,data/cohface_25_3.pkl
cohface_25_3,profile1D linear,,,,,,,,,,,,,,,,,data/cohface_25_3.pkl
cohface_25_3,profile1d_linear__kfstd,,,,,,,,,,,,,,,61.35,,data/cohface_25_3.pkl
cohface_25_3,profile1d_linear__robust_ossm_ekf,0.5916870415647921,0.0,0.0008149959250203749,0.5916870415647921,0.08475957620211899,0.07729111061609224,0.0,0.9005704971475142,0.0,1.0612498443758553,0.0,0.0,99.51100244498778,0.21095605116544763,61.35,1227.0,data/cohface_25_3.pkl
cohface_25_3,profile1d_linear__robust_ossm_ukf,0.6919315403422983,0.0,0.0032599837000814994,0.6919315403422983,0.22249388753056235,0.09509629860888069,0.0,0.9233903830480847,0.0,1.0599906506139074,0.0,0.0,99.51100244498778,0.27997887303769586,61.35,1227.0,data/cohface_25_3.pkl
cohface_25_3,profile1D quadratic,,,,,,,,,,,,,,,,,data/cohface_25_3.pkl
cohface_25_3,profile1d_quadratic__kfstd,,,,,,,,,,,,,,,33.45,,data/cohface_25_3.pkl
cohface_25_3,profile1d_quadratic__robust_ossm_ekf,0.7286063569682152,0.0,0.0,0.7286063569682152,0.25509372453137735,0.18023079537083608,0.0,0.9519152404237978,2.9121647754099447e-240,1.0544580891186814,0.017114914425427872,0.0,90.79054604726976,0.1511528939783569,61.35,1227.0,data/cohface_25_3.pkl
cohface_25_3,profile1d_quadratic__robust_ossm_ukf,0.8003259983700082,0.0,0.004074979625101874,0.8003259983700082,0.07660961695191525,0.13149272110307977,0.0,0.9307253463732681,2.6306685586053e-311,1.0575123533062762,0.0,0.0,99.51100244498778,0.3261225639861593,61.35,1227.0,data/cohface_25_3.pkl
cohface_25_3,profile1D cubic,,,,,,,,,,,,,,,,,data/cohface_25_3.pkl
cohface_25_3,profile1d_cubic__kfstd,,,,,,,,,,,,,,,61.35,,data/cohface_25_3.pkl
cohface_25_3,profile1d_cubic__robust_ossm_ekf,0.810920945395273,0.0,0.0,0.810920945395273,0.006519967400162999,0.27934391230388855,0.0,0.9421352893235534,7.37291298007783e-150,1.0478753850790419,0.07905460472697637,0.0,78.40260798696006,0.14062024436019455,61.35,1227.0,data/cohface_25_3.pkl
cohface_25_3,profile1d_cubic__robust_ossm_ukf,0.797881010594947,0.0,0.008149959250203748,0.797881010594947,0.09290953545232274,0.12405130332461198,0.0,0.9266503667481663,0.0,1.0576573561137075,0.0,0.0,99.51100244498778,0.3269692465402966,61.35,1227.0,data/cohface_25_3.pkl
cohface_29_0,of_farneback,,,,,,,,,,,,,,,,,data/cohface_29_0.pkl
cohface_29_0,of_farneback__kfstd,,,,,,,,,,,,,,,107.7,,data/cohface_29_0.pkl
cohface_29_0,of_farneback__robust_ossm_ekf,0.5366759517177344,0.0,0.0,0.5366759517177344,0.04735376044568245,0.41765355765262524,0.0,0.9540389972144847,4.1981583920776665e-138,1.0396154540427678,0.12163416898792943,0.0,96.51810584958217,0.19288735543400518,107.7,2154.0,data/cohface_29_0.pkl
cohface_29_0,of_farneback__robust_ossm_ukf,0.46425255338904364,0.00046425255338904364,0.0009285051067780873,0.46425255338904364,0.1053853296193129,18307.637422512304,0.0,0.9215413184772516,0.0,1.0408389328883527,0.10399257195914577,0.002321262766945218,99.21077065923862,0.18154278902444174,107.7,2154.0,data/cohface_29_0.pkl
cohface_29_0,profile1D linear,,,,,,,,,,,,,,,,,data/cohface_29_0.pkl
cohface_29_0,profile1d_linear__kfstd,,,,,,,,,,,,,,,107.7,,data/cohface_29_0.pkl
cohface_29_0,profile1d_linear__robust_ossm_ekf,0.9210770659238626,0.0,0.0,0.9210770659238626,0.003714020427112349,0.23384015839265193,0.0,0.9642525533890436,0.0,1.0516097336584285,0.02181987000928505,0.0,87.88300835654596,0.12370569441867488,107.7,2154.0,data/cohface_29_0.pkl
cohface_29_0,profile1d_linear__robust_ossm_ukf,0.9419684308263695,0.0,0.0032497678737233053,0.9419684308263695,0.05338904363974002,0.11425973885904189,0.0,0.9401114206128134,0.0,1.0590031381925784,0.007428040854224698,0.0,98.74651810584959,0.2185737325647472,107.7,2154.0,data/cohface_29_0.pkl
cohface_29_0,profile1D quadratic,,,,,,,,,,,,,,,,,data/cohface_29_0.pkl
cohface_29_0,profile1d_quadratic__kfstd,,,,,,,,,,,,,,,107.7,,data/cohface_29_0.pkl
cohface_29_0,profile1d_quadratic__robust_ossm_ekf,0.7307335190343547,0.0,0.0,0.7307335190343547,0.0,0.05380961940843836,0.0,0.89322191272052,0.0,1.0628816662485783,0.0,0.0,100.0,0.2699901409243985,107.7,2154.0,data/cohface_29_0.pkl
cohface_29_0,profile1d_quadratic__robust_ossm_ukf,0.6884865366759517,0.00046425255338904364,0.0018570102135561746,0.6884865366759517,0.34958217270194986,307485.193792339,0.0,0.9094707520891365,0.0,1.0573874173454005,0.002785515320334262,0.002321262766945218,99.53574744661096,0.23485544280207063,71.4,2154.0,data/cohface_29_0.pkl
cohface_29_0,profile1D cubic,,,,,,,,,,,,,,,,,data/cohface_29_0.pkl
cohface_29_0,profile1d_cubic__kfstd,,,,,,,,,,,,,,,107.7,,data/cohface_29_0.pkl
cohface_29_0,profile1d_cubic__robust_ossm_ekf,0.7172701949860725,0.0,0.0,0.7172701949860725,0.0,0.05519425508447473,0.0,0.9076137418755803,0.0,1.0626191624165788,0.0,0.0,100.0,0.27326035574585433,107.7,2154.0,data/cohface_29_0.pkl
cohface_29_0,profile1d_cubic__robust_ossm_ukf,0.6847725162488394,0.00046425255338904364,0.003714020427112349,0.6847725162488394,0.09656453110492108,1856.4793425932887,0.0,0.8992571959145775,0.0,1.056915428301228,0.0032497678737233053,0.002321262766945218,99.62859795728876,0.2723733364504994,80.15,2154.0,data/cohface_29_0.pkl
cohface_34_0,of_farneback,,,,,,,,,,,,,,,,,data/cohface_34_0.pkl
cohface_34_0,of_farneback__kfstd,,,,,,,,,,,,,,,61.2,,data/cohface_34_0.pkl
cohface_34_0,of_farneback__robust_ossm_ekf,0.8218954248366013,0.0,0.0,0.8218954248366013,0.00980392156862745,0.04604838587331836,0.0,0.8202614379084967,0.0,1.063535375890029,0.012254901960784314,0.0,99.75490196078431,0.3433753649226597,61.2,1224.0,data/cohface_34_0.pkl
cohface_34_0,of_farneback__robust_ossm_ukf,0.7728758169934641,0.0,0.0,0.7728758169934641,0.3349673202614379,0.15244113265514395,0.0,0.9411764705882353,8.125994675344359e-277,1.05594737457309,0.014705882352941176,0.0,99.91830065359477,0.26161464387714617,61.2,1224.0,data/cohface_34_0.pkl
cohface_34_0,profile1D linear,,,,,,,,,,,,,,,,,data/cohface_34_0.pkl
cohface_34_0,profile1d_linear__kfstd,,,,,,,,,,,,,,,61.2,,data/cohface_34_0.pkl
cohface_34_0,profile1d_linear__robust_ossm_ekf,0.9526143790849673,0.0,0.0,0.9526143790849673,0.0,0.0029738924742319325,0.0,0.46405228758169936,0.0,1.0664554741039047,0.0,0.0,100.0,0.45736079523584516,61.2,1224.0,data/cohface_34_0.pkl
cohface_34_0,profile1d_linear__robust_ossm_ukf,0.9526143790849673,0.0,0.007352941176470588,0.9526143790849673,0.0,0.07350522920639233,0.0,0.951797385620915,0.0,1.061477283854638,0.0,0.0,100.0,0.4576176349503971,61.2,1224.0,data/cohface_34_0.pkl
cohface_34_0,profile1D quadratic,,,,,,,,,,,,,,,,,data/cohface_34_0.pkl
cohface_34_0,profile1d_quadratic__kfstd,,,,,,,,,,,,,,,61.2,,data/cohface_34_0.pkl
cohface_34_0,profile1d_quadratic__robust_ossm_ekf,0.9526143790849673,0.0,0.0,0.9526143790849673,0.0,0.005102142100230938,0.0,0.4158496732026144,0.0,1.0663049508288411,0.0,0.0,100.0,0.45824784148489334,61.2,1224.0,data/cohface_34_0.pkl
cohface_34_0,profile1d_quadratic__robust_ossm_ukf,0.9526143790849673,0.0,0.006535947712418301,0.9526143790849673,0.0,0.07430394296168394,0.0,0.9534313725490197,0.0,1.06142160317634,0.0,0.0,100.0,0.45753087552945987,61.2,1224.0,data/cohface_34_0.pkl
cohface_34_0,profile1D cubic,,,,,,,,,,,,,,,,,data/cohface_34_0.pkl
cohface_34_0,profile1d_cubic__kfstd,,,,,,,,,,,,,,,61.2,,data/cohface_34_0.pkl
cohface_34_0,profile1d_cubic__robust_ossm_ekf,0.9526143790849673,0.0,0.0,0.9526143790849673,0.0,0.00527676234560293,0.0,0.4256535947712418,0.0,1.0662707283789405,0.0,0.0,100.0,0.45848981316271475,61.2,1224.0,data/cohface_34_0.pkl
cohface_34_0,profile1d_cubic__robust_ossm_ukf,0.9526143790849673,0.0,0.006535947712418301,0.9526143790849673,0.0,0.07450863114483253,0.0,0.951797385620915,0.0,1.0611153424872204,0.0,0.0,100.0,0.4573928597229263,61.2,1224.0,data/cohface_34_0.pkl
cohface_17_3,of_farneback,,,,,,,,,,,,,,,,,data/cohface_17_3.pkl
cohface_17_3,of_farneback__kfstd,,,,,,,,,,,,,,,61.95,,data/cohface_17_3.pkl
cohface_17_3,of_farneback__robust_ossm_ekf,0.5318805488297014,0.0,0.0,0.4358353510895884,0.5318805488297014,0.44645603762291386,0.0,0.9636803874092009,5.34657243681512e-70,1.0373955573252138,0.10734463276836158,0.0,93.86602098466506,0.1300659592429461,61.95,1239.0,data/cohface_17_3.pkl
cohface_17_3,of_farneback__robust_ossm_ukf,0.7675544794188862,0.0,0.0,0.7223567393058918,0.7675544794188862,0.3041492863956762,0.0,0.9152542372881356,4.473381647727646e-135,1.0474062185467865,0.07909604519774012,0.0,100.0,0.15558603320214148,61.95,1239.0,data/cohface_17_3.pkl
cohface_17_3,profile1D linear,,,,,,,,,,,,,,,,,data/cohface_17_3.pkl
cohface_17_3,profile1d_linear__kfstd,,,,,,,,,,,,,,,61.95,,data/cohface_17_3.pkl
cohface_17_3,profile1d_linear__robust_ossm_ekf,0.5052461662631155,0.0,0.0,0.5052461662631155,0.010492332526230832,0.06805144884332852,0.0,0.9120258272800645,0.0,1.0618972998787881,0.0,0.0,100.0,0.20759183864505187,61.95,1239.0,data/cohface_17_3.pkl
cohface_17_3,profile1d_linear__robust_ossm_ukf,0.5633575464083939,0.0,0.002421307506053269,0.5633575464083939,0.18966908797417273,0.08884893635704492,0.0,0.9249394673123487,0.0,1.0604300561410092,0.0,0.0,100.0,0.24900733938593494,61.95,1239.0,data/cohface_17_3.pkl
cohface_17_3,profile1D quadratic,,,,,,,,,,,,,,,,,data/cohface_17_3.pkl
cohface_17_3,profile1d_quadratic__kfstd,,,,,,,,,,,,,,,61.95,,data/cohface_17_3.pkl
cohface_17_3,profile1d_quadratic__robust_ossm_ekf,0.7723970944309927,0.0,0.0,0.7723970944309927,0.2897497982243745,0.28399483915593476,0.0,0.9741727199354318,4.114321495499231e-148,1.047200490013634,0.029055690072639227,0.0,85.79499596448748,0.13684758518152904,61.95,1239.0,data/cohface_17_3.pkl
cohface_17_3,profile1d_quadratic__robust_ossm_ukf,0.7489911218724778,0.0008071025020177562,0.004035512510088781,0.7489911218724778,0.010492332526230832,1271.7127424878909,0.0,0.9168684422921711,0.0,1.0538259739246023,0.00645682001614205,0.004035512510088781,99.27360774818402,0.2971568217462982,52.5,1239.0,data/cohface_17_3.pkl
cohface_17_3,profile1D cubic,,,,,,,,,,,,,,,,,data/cohface_17_3.pkl
cohface_17_3,profile1d_cubic__kfstd,,,,,,,,,,,,,,,61.95,,data/cohface_17_3.pkl
cohface_17_3,profile1d_cubic__robust_ossm_ekf,0.8466505246166263,0.0,0.0,0.8466505246166263,0.004035512510088781,0.2590390318643572,0.0,0.9548022598870056,3.695270074875478e-166,1.0485798296134718,0.020984665052461663,0.0,86.35996771589991,0.17313445233096186,61.95,1239.0,data/cohface_17_3.pkl
cohface_17_3,profile1d_cubic__robust_ossm_ukf,0.7974172719935432,0.0008071025020177562,0.004035512510088781,0.7974172719935432,0.010492332526230832,2637.2373208249455,0.0,0.9289749798224375,0.0,1.0528718231139869,0.008071025020177562,0.004035512510088781,99.11218724778047,0.30177050839906966,52.6,1239.0,data/cohface_17_3.pkl
cohface_22_2,of_farneback,,,,,,,,,,,,,,,,,data/cohface_22_2.pkl
cohface_22_2,of_farneback__kfstd,,,,,,,,,,,,,,,60.5,,data/cohface_22_2.pkl
cohface_22_2,of_farneback__robust_ossm_ekf,0.1859504132231405,0.0,0.0,0.1859504132231405,0.0049586776859504135,0.15955179367914554,0.0,0.9462809917355371,1.4725633897276685e-263,1.0554079959066855,0.012396694214876033,0.0,99.75206611570248,0.09679255468516035,60.5,1210.0,data/cohface_22_2.pkl
cohface_22_2,of_farneback__robust_ossm_ukf,0.4396694214876033,0.0,0.0,0.43388429752066116,0.4396694214876033,0.15232281181806223,0.0,0.9421487603305785,7.603904412648066e-274,1.0559015137873884,0.01487603305785124,0.0,99.75206611570248,0.09979668817285567,60.5,1210.0,data/cohface_22_2.pkl
cohface_22_2,profile1D linear,,,,,,,,,,,,,,,,,data/cohface_22_2.pkl
cohface_22_2,profile1d_linear__kfstd,,,,,,,,,,,,,,,60.5,,data/cohface_22_2.pkl
cohface_22_2,profile1d_linear__robust_ossm_ekf,0.9520661157024793,0.0,0.0,0.9520661157024793,0.0,0.023035238048328705,0.0,0.8479338842975207,0.0,1.0650348612118672,0.0,0.0,99.6694214876033,0.17819530601320893,60.5,1210.0,data/cohface_22_2.pkl
cohface_22_2,profile1d_linear__robust_ossm_ukf,0.6776859504132231,0.0,0.001652892561983471,0.6776859504132231,0.13636363636363635,0.07912945095540691,0.0,0.943801652892562,0.0,1.0610965099622733,0.0,0.0,99.6694214876033,0.19192707017025906,60.5,1210.0,data/cohface_22_2.pkl
cohface_22_2,profile1D quadratic,,,,,,,,,,,,,,,,,data/cohface_22_2.pkl
cohface_22_2,profile1d_quadratic__kfstd,,,,,,,,,,,,,,,60.5,,data/cohface_22_2.pkl
cohface_22_2,profile1d_quadratic__robust_ossm_ekf,0.9520661157024793,0.0,0.0,0.9520661157024793,0.0,0.01687238737893647,0.0,0.8140495867768595,0.0,1.065470186624163,0.0,0.0,99.6694214876033,0.14650682445158802,60.5,1210.0,data/cohface_22_2.pkl
cohface_22_2,profile1d_quadratic__robust_ossm_ukf,0.7421487603305785,0.0,0.0008264462809917355,0.7421487603305785,0.5429752066115703,0.06206294657178658,0.0,0.9404958677685951,0.0,1.0622908024043438,0.0,0.0,99.6694214876033,0.1436134940280702,60.5,1210.0,data/cohface_22_2.pkl
cohface_22_2,profile1D cubic,,,,,,,,,,,,,,,,,data/cohface_22_2.pkl
cohface_22_2,profile1d_cubic__kfstd,,,,,,,,,,,,,,,60.5,,data/cohface_22_2.pkl
cohface_22_2,profile1d_cubic__robust_ossm_ekf,0.9520661157024793,0.0,0.0,0.9520661157024793,0.0,0.01705801289356475,0.0,0.8090909090909091,0.0,1.0653867504992502,0.0,0.0,99.6694214876033,0.1455437153212168,60.5,1210.0,data/cohface_22_2.pkl
cohface_22_2,profile1d_cubic__robust_ossm_ukf,0.7644628099173554,0.0,0.0008264462809917355,0.7644628099173554,0.543801652892562,0.06211723023598381,0.0,0.9413223140495868,0.0,1.0620482295962426,0.0,0.0,99.6694214876033,0.14245153504366603,60.5,1210.0,data/cohface_22_2.pkl
cohface_10_3,of_farneback,,,,,,,,,,,,,,,,,data/cohface_10_3.pkl
cohface_10_3,of_farneback__kfstd,,,,,,,,,,,,,,,61.4,,data/cohface_10_3.pkl
cohface_10_3,of_farneback__robust_ossm_ekf,0.4234527687296417,0.0,0.0,0.4234527687296417,0.0,0.09144966868406312,0.0,0.8933224755700325,0.0,1.0602277601090475,0.015472312703583062,0.0,99.9185667752443,0.15777665482994266,61.4,1228.0,data/cohface_10_3.pkl
cohface_10_3,of_farneback__robust_ossm_ukf,0.3314332247557003,0.0,0.0,0.3314332247557003,0.0,0.10251288213736136,0.0,0.9413680781758957,0.0,1.0593506645242299,0.009771986970684038,0.0,99.9185667752443,0.15587719789169427,61.4,1228.0,data/cohface_10_3.pkl
cohface_10_3,profile1D linear,,,,,,,,,,,,,,,,,data/cohface_10_3.pkl
cohface_10_3,profile1d_linear__kfstd,,,,,,,,,,,,,,,61.4,,data/cohface_10_3.pkl
cohface_10_3,profile1d_linear__robust_ossm_ekf,0.7833876221498371,0.0,0.0,0.7833876221498371,0.0,0.00870051331502524,0.0,0.737785016286645,0.0,1.066049888430618,0.0,0.0,99.9185667752443,0.23165404264139705,61.4,1228.0,data/cohface_10_3.pkl
cohface_10_3,profile1d_linear__robust_ossm_ukf,0.7182410423452769,0.0008143322475570033,0.0024429967426710096,0.7182410423452769,0.10179153094462541,31141.819965318962,0.0,0.9495114006514658,0.0,1.0579800651245632,0.004885993485342019,0.004071661237785016,99.2671009771987,0.2957783289370766,55.15,1228.0,data/cohface_10_3.pkl
cohface_10_3,profile1D quadratic,,,,,,,,,,,,,,,,,data/cohface_10_3.pkl
cohface_10_3,profile1d_quadratic__kfstd,,,,,,,,,,,,,,,61.4,,data/cohface_10_3.pkl
cohface_10_3,profile1d_quadratic__robust_ossm_ekf,0.7109120521172638,0.0,0.0,0.7109120521172638,0.0,0.018720958294694133,0.0,0.7874592833876222,0.0,1.0653436487001113,0.0,0.0,99.9185667752443,0.22712346798400618,61.4,1228.0,data/cohface_10_3.pkl
cohface_10_3,profile1d_quadratic__robust_ossm_ukf,0.6547231270358306,0.0008143322475570033,0.0016286644951140066,0.6547231270358306,0.041530944625407164,64479.88084785922,0.0,0.9372964169381107,0.0,1.0573232090147342,0.004885993485342019,0.004071661237785016,99.2671009771987,0.243035870836133,44.35,1228.0,data/cohface_10_3.pkl
cohface_10_3,profile1D cubic,,,,,,,,,,,,,,,,,data/cohface_10_3.pkl
cohface_10_3,profile1d_cubic__kfstd,,,,,,,,,,,,,,,61.4,,data/cohface_10_3.pkl
cohface_10_3,profile1d_cubic__robust_ossm_ekf,0.7084690553745928,0.0,0.0,0.7084690553745928,0.0,0.019636951852246384,0.0,0.7866449511400652,0.0,1.0652071376936154,0.0,0.0,99.9185667752443,0.22704654472631294,61.4,1228.0,data/cohface_10_3.pkl
cohface_10_3,profile1d_cubic__robust_ossm_ukf,0.6628664495114006,0.0008143322475570033,0.0,0.6628664495114006,0.05456026058631922,97124.23182480814,0.0,0.9340390879478827,0.0,1.0571379448877851,0.004885993485342019,0.004071661237785016,99.2671009771987,0.24369314419129187,44.35,1228.0,data/cohface_10_3.pkl
cohface_3_2,of_farneback,,,,,,,,,,,,,,,,,data/cohface_3_2.pkl
cohface_3_2,of_farneback__kfstd,,,,,,,,,,,,,,,60.4,,data/cohface_3_2.pkl
cohface_3_2,of_farneback__robust_ossm_ekf,0.5107615894039735,0.0008278145695364238,0.0008278145695364238,0.5107615894039735,0.03145695364238411,0.43237882664099725,0.0,0.8973509933774835,5.1684471724310857e-73,1.042836545459427,0.09105960264900662,0.0,99.66887417218543,0.2754987579809306,60.4,1208.0,data/cohface_3_2.pkl
cohface_3_2,of_farneback__robust_ossm_ukf,0.5910596026490066,0.0024834437086092716,0.0016556291390728477,0.5910596026490066,0.028973509933774833,1605.100355812996,0.0,0.9006622516556292,0.0,1.0271325009587138,0.12582781456953643,0.008278145695364239,98.67549668874172,0.27185891175718524,60.4,1208.0,data/cohface_3_2.pkl
cohface_3_2,profile1D linear,,,,,,,,,,,,,,,,,data/cohface_3_2.pkl
cohface_3_2,profile1d_linear__kfstd,,,,,,,,,,,,,,,60.4,,data/cohface_3_2.pkl
cohface_3_2,profile1d_linear__robust_ossm_ekf,0.7160596026490066,0.0,0.0,0.7160596026490066,0.0,0.02645183539078152,0.0,0.7971854304635762,0.0,1.0648022115044402,0.0,0.0,99.33774834437087,0.27196162492975084,60.4,1208.0,data/cohface_3_2.pkl
cohface_3_2,profile1d_linear__robust_ossm_ukf,0.9304635761589404,0.0,0.0074503311258278145,0.9304635761589404,0.0,0.07045400268685383,0.0,0.9511589403973509,0.0,1.061698975091489,0.0,0.0,99.33774834437087,0.4478542820539591,60.4,1208.0,data/cohface_3_2.pkl
cohface_3_2,profile1D quadratic,,,,,,,,,,,,,,,,,data/cohface_3_2.pkl
cohface_3_2,profile1d_quadratic__kfstd,,,,,,,,,,,,,,,60.4,,data/cohface_3_2.pkl
cohface_3_2,profile1d_quadratic__robust_ossm_ekf,0.7491721854304636,0.0,0.0,0.7491721854304636,0.2152317880794702,0.09099616556280847,0.0,0.8923841059602649,0.0,1.0603707013866268,0.0041390728476821195,0.0,97.93046357615894,0.23046022782204822,60.4,1208.0,data/cohface_3_2.pkl
cohface_3_2,profile1d_quadratic__robust_ossm_ukf,0.859271523178808,0.0,0.005794701986754967,0.859271523178808,0.0,0.0864934228304069,0.0,0.9395695364238411,0.0,1.060645652193286,0.0041390728476821195,0.0,99.25496688741723,0.3764402886108343,60.4,1208.0,data/cohface_3_2.pkl
cohface_3_2,profile1D cubic,,,,,,,,,,,,,,,,,data/cohface_3_2.pkl
cohface_3_2,profile1d_cubic__kfstd,,,,,,,,,,,,,,,60.4,,data/cohface_3_2.pkl
cohface_3_2,profile1d_cubic__robust_ossm_ekf,0.7036423841059603,0.0,0.0,0.7036423841059603,0.4693708609271523,0.22662978242485468,0.0,0.9511589403973509,1.2586131462868603e-188,1.050978373678507,0.022350993377483443,0.0,77.23509933774834,0.14144193282692227,60.4,1208.0,data/cohface_3_2.pkl
cohface_3_2,profile1d_cubic__robust_ossm_ukf,0.9246688741721855,0.0,0.0033112582781456954,0.9246688741721855,0.0,0.08588276290062853,0.0,0.9329470198675497,0.0,1.0604316619546217,0.0041390728476821195,0.0,99.25496688741723,0.38472412591369615,60.4,1208.0,data/cohface_3_2.pkl
cohface_17_0,of_farneback,,,,,,,,,,,,,,,,,data/cohface_17_0.pkl
cohface_17_0,of_farneback__kfstd,,,,,,,,,,,,,,,61.3,,data/cohface_17_0.pkl
cohface_17_0,of_farneback__robust_ossm_ekf,0.2634584013050571,0.0,0.0,0.2634584013050571,0.0,0.187501397521393,0.0,0.9216965742251223,1.8001759492649835e-231,1.0536457150491456,0.03425774877650897,0.0,99.836867862969,0.14632801665596556,61.3,1226.0,data/cohface_17_0.pkl
cohface_17_0,of_farneback__robust_ossm_ukf,0.29445350734094616,0.0,0.0,0.29445350734094616,0.0,0.19020612800393052,0.0,0.933931484502447,2.2364339779547317e-228,1.0535873068042167,0.041598694942903754,0.0,99.836867862969,0.1462825405081995,61.3,1226.0,data/cohface_17_0.pkl
cohface_17_0,profile1D linear,,,,,,,,,,,,,,,,,data/cohface_17_0.pkl
cohface_17_0,profile1d_linear__kfstd,,,,,,,,,,,,,,,61.3,,data/cohface_17_0.pkl
cohface_17_0,profile1d_linear__robust_ossm_ekf,0.400489396411093,0.0,0.0,0.400489396411093,0.0,0.045884332659299976,0.0,0.8858075040783034,0.0,1.0634354117676388,0.0,0.0,99.836867862969,0.17048956833899967,61.3,1226.0,data/cohface_17_0.pkl
cohface_17_0,profile1d_linear__robust_ossm_ukf,0.6011419249592169,0.0,0.0016313213703099511,0.6011419249592169,0.1068515497553018,0.07682638492774901,0.0,0.9119086460032626,0.0,1.0612751076869125,0.0,0.0,99.836867862969,0.2187951014903296,61.3,1226.0,data/cohface_17_0.pkl
cohface_17_0,profile1D quadratic,,,,,,,,,,,,,,,,,data/cohface_17_0.pkl
cohface_17_0,profile1d_quadratic__kfstd,,,,,,,,,,,,,,,61.3,,data/cohface_17_0.pkl
cohface_17_0,profile1d_quadratic__robust_ossm_ekf,0.6027732463295269,0.0,0.0,0.6027732463295269,0.0,0.04634972048986315,0.0,0.8564437194127243,0.0,1.0634225041229053,0.0008156606851549756,0.0,99.836867862969,0.18040872145731368,61.3,1226.0,data/cohface_17_0.pkl
cohface_17_0,profile1d_quadratic__robust_ossm_ukf,0.4429037520391517,0.0008156606851549756,0.0024469820554649264,0.4429037520391517,0.07096247960848287,1008.5776105067104,0.0,0.9429037520391517,0.0,1.0546597414678502,0.008156606851549755,0.004078303425774877,98.93964110929853,0.20954485004542642,61.3,1226.0,data/cohface_17_0.pkl
cohface_17_0,profile1D cubic,,,,,,,,,,,,,,,,,data/cohface_17_0.pkl
cohface_17_0,profile1d_cubic__kfstd,,,,,,,,,,,,,,,61.3,,data/cohface_17_0.pkl
cohface_17_0,profile1d_cubic__robust_ossm_ekf,0.5905383360522023,0.0,0.0,0.5905383360522023,0.0,0.05026114566221504,0.0,0.8784665579119086,0.0,1.063009423915281,0.0016313213703099511,0.0,99.836867862969,0.18251261006275232,61.3,1226.0,data/cohface_17_0.pkl
cohface_17_0,profile1d_cubic__robust_ossm_ukf,0.6272430668841762,0.0008156606851549756,0.0024469820554649264,0.6272430668841762,0.0701468189233279,1521.409980703985,0.0,0.9298531810766721,0.0,1.0530749992379427,0.02365415986949429,0.004078303425774877,97.71615008156607,0.22293392476299484,61.3,1226.0,data/cohface_17_0.pkl
cohface_26_1,of_farneback,,,,,,,,,,,,,,,,,data/cohface_26_1.pkl
cohface_26_1,of_farneback__kfstd,,,,,,,,,,,,,,,61.35,,data/cohface_26_1.pkl
cohface_26_1,of_farneback__robust_ossm_ekf,0.6772616136919315,0.0016299918500407497,0.0,0.6772616136919315,0.3056234718826406,1.06985140592559,1.0,0.9315403422982885,0.08823029406047311,1.00893069653225,0.2469437652811736,0.0,99.10350448247759,0.11888744066090014,61.35,1227.0,data/cohface_26_1.pkl
cohface_26_1,of_farneback__robust_ossm_ukf,0.7489812550937245,0.0,0.0,0.7489812550937245,0.09209453952730236,0.4971067118586758,0.0,0.9519152404237978,3.695617577539291e-54,1.0358437832802072,0.14506927465362673,0.0,99.18500407497963,0.18838657707065776,61.35,1227.0,data/cohface_26_1.pkl
cohface_26_1,profile1D linear,,,,,,,,,,,,,,,,,data/cohface_26_1.pkl
cohface_26_1,profile1d_linear__kfstd,,,,,,,,,,,,,,,44.3,,data/cohface_26_1.pkl
cohface_26_1,profile1d_linear__robust_ossm_ekf,0.6414017929910351,0.0,0.0008149959250203749,0.6414017929910351,0.47269763651181745,0.18493319317600485,0.0,0.9168704156479217,1.1921548177513472e-234,1.0541642283790658,0.03504482477587612,0.0,98.37000814995925,0.1312798575062931,61.35,1227.0,data/cohface_26_1.pkl
cohface_26_1,profile1d_linear__robust_ossm_ukf,0.8573757131214343,0.0,0.0032599837000814994,0.8573757131214343,0.0,0.08986286378547399,0.0,0.9103504482477588,0.0,1.0604148266644855,0.0,0.0,99.59250203748981,0.29956274119600307,61.35,1227.0,data/cohface_26_1.pkl
cohface_26_1,profile1D quadratic,,,,,,,,,,,,,,,,,data/cohface_26_1.pkl
cohface_26_1,profile1d_quadratic__kfstd,,,,,,,,,,,,,,,33.2,,data/cohface_26_1.pkl
cohface_26_1,profile1d_quadratic__robust_ossm_ekf,0.3537082314588427,0.0,0.0,0.3537082314588427,0.07334963325183375,0.09808734699020213,0.0,0.9462102689486552,0.0,1.0597837655785338,0.0,0.0,99.3480032599837,0.13561444547974622,61.35,1227.0,data/cohface_26_1.pkl
cohface_26_1,profile1d_quadratic__robust_ossm_ukf,0.8964955175224124,0.0,0.0008149959250203749,0.8964955175224124,0.4718826405867971,0.10192668682867315,0.0,0.8834555827220864,0.0,1.0595588815482224,0.0,0.0,99.59250203748981,0.21510725580709494,61.35,1227.0,data/cohface_26_1.pkl
cohface_26_1,profile1D cubic,,,,,,,,,,,,,,,,,data/cohface_26_1.pkl
cohface_26_1,profile1d_cubic__kfstd,,,,,,,,,,,,,,,33.2,,data/cohface_26_1.pkl
cohface_26_1,profile1d_cubic__robust_ossm_ekf,0.42053789731051344,0.0,0.0,0.42053789731051344,0.022819885900570498,0.09406175152970087,0.0,0.9372453137734311,0.0,1.0597721559676574,0.0,0.0,99.42950285248574,0.1429803048567973,61.35,1227.0,data/cohface_26_1.pkl
cohface_26_1,profile1d_cubic__robust_ossm_ukf,0.8883455582722086,0.0,0.0016299918500407497,0.8883455582722086,0.47269763651181745,0.10562301714672377,0.0,0.8810105949470253,0.0,1.058998561410683,0.0,0.0,99.59250203748981,0.21418834157497102,61.35,1227.0,data/cohface_26_1.pkl
cohface_24_0,of_farneback,,,,,,,,,,,,,,,,,data/cohface_24_0.pkl
cohface_24_0,of_farneback__kfstd,,,,,,,,,,,,,,,60.45,,data/cohface_24_0.pkl
cohface_24_0,of_farneback__robust_ossm_ekf,0.4284532671629446,0.0,0.0,0.4284532671629446,0.0,0.052356363169251165,0.0,0.8469809760132341,0.0,1.0628925431057379,0.0024813895781637717,0.0,99.75186104218362,0.2116647940108233,60.45,1209.0,data/cohface_24_0.pkl
cohface_24_0,of_farneback__robust_ossm_ukf,0.4466501240694789,0.0,0.0,0.4466501240694789,0.0,0.12421505815816673,0.0,0.9247311827956989,0.0,1.0577865636982489,0.0041356492969396195,0.0,99.75186104218362,0.19566691897994684,60.45,1209.0,data/cohface_24_0.pkl
cohface_24_0,profile1D linear,,,,,,,,,,,,,,,,,data/cohface_24_0.pkl
cohface_24_0,profile1d_linear__kfstd,,,,,,,,,,,,,,,60.45,,data/cohface_24_0.pkl
cohface_24_0,profile1d_linear__robust_ossm_ekf,0.6881720430107527,0.0,0.0,0.6881720430107527,0.0,0.006024125157973884,0.0,0.586435070306038,0.0,1.0662392548837059,0.0,0.0,99.75186104218362,0.28146914245870447,60.45,1209.0,data/cohface_24_0.pkl
cohface_24_0,profile1d_linear__robust_ossm_ukf,0.7468982630272953,0.0,0.009925558312655087,0.7468982630272953,0.23159636062861869,0.07286912905376303,0.0,0.9602977667493796,0.0,1.0615220100913654,0.0,0.0,99.75186104218362,0.39571314366238225,60.45,1209.0,data/cohface_24_0.pkl
cohface_24_0,profile1D quadratic,,,,,,,,,,,,,,,,,data/cohface_24_0.pkl
cohface_24_0,profile1d_quadratic__kfstd,,,,,,,,,,,,,,,60.45,,data/cohface_24_0.pkl
cohface_24_0,profile1d_quadratic__robust_ossm_ekf,0.8031430934656741,0.0,0.0,0.8031430934656741,0.0,0.006657377637063286,0.0,0.6203473945409429,0.0,1.0661940590256225,0.0,0.0,99.75186104218362,0.29977520373678007,60.45,1209.0,data/cohface_24_0.pkl
cohface_24_0,profile1d_quadratic__robust_ossm_ukf,0.782464846980976,0.0,0.007444168734491315,0.782464846980976,0.22001654259718775,0.08722597948464325,0.0,0.9454094292803971,0.0,1.060525799046443,0.0,0.0,99.75186104218362,0.39961850193615245,60.45,1209.0,data/cohface_24_0.pkl
cohface_24_0,profile1D cubic,,,,,,,,,,,,,,,,,data/cohface_24_0.pkl
cohface_24_0,profile1d_cubic__kfstd,,,,,,,,,,,,,,,60.45,,data/cohface_24_0.pkl
cohface_24_0,profile1d_cubic__robust_ossm_ekf,0.7452440033085195,0.0,0.0,0.7452440033085195,0.0,0.006865984267393121,0.0,0.6269644334160464,0.0,1.0661514330889734,0.0,0.0,99.75186104218362,0.2932601590879685,60.45,1209.0,data/cohface_24_0.pkl
cohface_24_0,profile1d_cubic__robust_ossm_ukf,0.7808105872622002,0.0,0.006617038875103391,0.7808105872622002,0.21918941273779982,0.08875784714259433,0.0,0.9445822994210091,0.0,1.0600926604067986,0.0,0.0,99.75186104218362,0.397639610352741,60.45,1209.0,data/cohface_24_0.pkl
cohface_33_3,of_farneback,,,,,,,,,,,,,,,,,data/cohface_33_3.pkl
cohface_33_3,of_farneback__kfstd,,,,,,,,,,,,,,,60.95,,data/cohface_33_3.pkl
cohface_33_3,of_farneback__robust_ossm_ekf,0.18949958982772763,0.0008203445447087777,0.0,0.18949958982772763,0.02132895816242822,0.3446176248068931,0.0,0.9425758818703855,1.5166037920059634e-110,1.047699094603263,0.04593929450369155,0.0008203445447087777,96.71862182116489,0.11584215787168897,60.95,1219.0,data/cohface_33_3.pkl
cohface_33_3,of_farneback__robust_ossm_ukf,0.2575881870385562,0.0008203445447087777,0.0,0.2575881870385562,0.04675963904840033,0.3146948531550334,0.0,0.9310910582444627,1.0933191849095738e-126,1.049489550232347,0.044298605414273995,0.0008203445447087777,96.80065627563577,0.1168357371771321,60.95,1219.0,data/cohface_33_3.pkl
cohface_33_3,profile1D linear,,,,,,,,,,,,,,,,,data/cohface_33_3.pkl
cohface_33_3,profile1d_linear__kfstd,,,,,,,,,,,,,,,60.95,,data/cohface_33_3.pkl
cohface_33_3,profile1d_linear__robust_ossm_ekf,0.7317473338802297,0.0,0.0,0.7317473338802297,0.0,0.0331666970419167,0.0,0.8515176374077112,0.0,1.064324422251329,0.0,0.0,99.91796554552913,0.15080864313714548,60.95,1219.0,data/cohface_33_3.pkl
cohface_33_3,profile1d_linear__robust_ossm_ukf,0.5069729286300246,0.0,0.0,0.5069729286300246,0.2206726825266612,0.06925999161325397,0.0,0.9491386382280558,0.0,1.0617855303311763,0.0,0.0,99.91796554552913,0.18984208570251404,60.95,1219.0,data/cohface_33_3.pkl
cohface_33_3,profile1D quadratic,,,,,,,,,,,,,,,,,data/cohface_33_3.pkl
cohface_33_3,profile1d_quadratic__kfstd,,,,,,,,,,,,,,,60.95,,data/cohface_33_3.pkl
cohface_33_3,profile1d_quadratic__robust_ossm_ekf,0.571780147662018,0.0,0.0,0.571780147662018,0.0844954881050041,0.06576152082222701,0.0,0.8654634946677605,0.0,1.062254031784929,0.01394585726004922,0.0,99.91796554552913,0.13372901471345186,60.95,1219.0,data/cohface_33_3.pkl
cohface_33_3,profile1d_quadratic__robust_ossm_ukf,0.7301066447908121,0.0,0.0008203445447087777,0.7301066447908121,0.4593929450369155,0.08672029784177188,0.0,0.9524200164068909,0.0,1.0606103524051336,0.0016406890894175555,0.0,99.91796554552913,0.18229982840472173,60.95,1219.0,data/cohface_33_3.pkl
cohface_33_3,profile1D cubic,,,,,,,,,,,,,,,,,data/cohface_33_3.pkl
cohface_33_3,profile1d_cubic__kfstd,,,,,,,,,,,,,,,60.95,,data/cohface_33_3.pkl
cohface_33_3,profile1d_cubic__robust_ossm_ekf,0.6833470057424118,0.0,0.0,0.6833470057424118,0.08367514356029532,0.06550757688023136,0.0,0.8662838392124692,0.0,1.0622466117257272,0.014766201804757998,0.0,99.91796554552913,0.13953592955447283,60.95,1219.0,data/cohface_33_3.pkl
cohface_33_3,profile1d_cubic__robust_ossm_ukf,0.7153404429860541,0.0,0.0,0.7153404429860541,0.46185397867104183,0.08518373023751984,0.0,0.9515996718621821,0.0,1.0604549269179295,0.0016406890894175555,0.0,99.91796554552913,0.1729983619544706,60.95,1219.0,data/cohface_33_3.pkl
cohface_3_1,of_farneback,,,,,,,,,,,,,,,,,data/cohface_3_1.pkl
cohface_3_1,of_farneback__kfstd,,,,,,,,,,,,,,,60.6,,data/cohface_3_1.pkl
cohface_3_1,of_farneback__robust_ossm_ekf,0.3613861386138614,0.0016501650165016502,0.0008250825082508251,0.3613861386138614,0.0033003300330033004,0.5926440325553267,0.0,0.9183168316831684,2.6315634719619144e-32,1.0356545776761479,0.10561056105610561,0.0,99.91749174917491,0.16153752071017122,60.6,1212.0,data/cohface_3_1.pkl
cohface_3_1,of_farneback__robust_ossm_ukf,0.452970297029703,0.0024752475247524753,0.0016501650165016502,0.452970297029703,0.07508250825082509,38039.14095909254,0.0,0.933993399339934,0.0,1.0323725504176517,0.10643564356435643,0.004125412541254125,99.42244224422443,0.17841744325919073,60.6,1212.0,data/cohface_3_1.pkl
cohface_3_1,profile1D linear,,,,,,,,,,,,,,,,,data/cohface_3_1.pkl
cohface_3_1,profile1d_linear__kfstd,,,,,,,,,,,,,,,60.6,,data/cohface_3_1.pkl
cohface_3_1,profile1d_linear__robust_ossm_ekf,0.9166666666666666,0.0,0.0,0.9166666666666666,0.0,0.008604340435214129,0.0,0.6782178217821783,0.0,1.0660569173412346,0.0,0.0,99.91749174917491,0.215301017369665,60.6,1212.0,data/cohface_3_1.pkl
cohface_3_1,profile1d_linear__robust_ossm_ukf,0.5783828382838284,0.0,0.0,0.5783828382838284,0.08250825082508251,0.05888600865168157,0.0,0.9570957095709571,0.0,1.0625065848342854,0.0,0.0,99.91749174917491,0.20523092804921594,60.6,1212.0,data/cohface_3_1.pkl
cohface_3_1,profile1D quadratic,,,,,,,,,,,,,,,,,data/cohface_3_1.pkl
cohface_3_1,profile1d_quadratic__kfstd,,,,,,,,,,,,,,,60.6,,data/cohface_3_1.pkl
cohface_3_1,profile1d_quadratic__robust_ossm_ekf,0.5866336633663366,0.0,0.0,0.5866336633663366,0.0,0.027653428390488448,0.0,0.783003300330033,0.0,1.064753057116723,0.0016501650165016502,0.0,99.91749174917491,0.11020233318710082,60.6,1212.0,data/cohface_3_1.pkl
cohface_3_1,profile1d_quadratic__robust_ossm_ukf,0.5610561056105611,0.0,0.0008250825082508251,0.5610561056105611,0.24587458745874588,0.056235579250732505,0.0,0.9224422442244224,0.0,1.0627282508382958,0.0016501650165016502,0.0,99.91749174917491,0.15735469585103704,60.6,1212.0,data/cohface_3_1.pkl
cohface_3_1,profile1D cubic,,,,,,,,,,,,,,,,,data/cohface_3_1.pkl
cohface_3_1,profile1d_cubic__kfstd,,,,,,,,,,,,,,,60.6,,data/cohface_3_1.pkl
cohface_3_1,profile1d_cubic__robust_ossm_ekf,0.551980198019802,0.0,0.0,0.551980198019802,0.0,0.03133762571686333,0.0,0.7995049504950495,0.0,1.0644286302191603,0.0016501650165016502,0.0,99.91749174917491,0.10889723005134176,60.6,1212.0,data/cohface_3_1.pkl
cohface_3_1,profile1d_cubic__robust_ossm_ukf,0.5074257425742574,0.0,0.0008250825082508251,0.5074257425742574,0.27970297029702973,0.05818312348333584,0.0,0.9207920792079208,0.0,1.0624023892152548,0.0016501650165016502,0.0,99.91749174917491,0.15762132152517,60.6,1212.0,data/cohface_3_1.pkl
cohface_28_2,of_farneback,,,,,,,,,,,,,,,,,data/cohface_28_2.pkl
cohface_28_2,of_farneback__kfstd,,,,,,,,,,,,,,,62.0,,data/cohface_28_2.pkl
cohface_28_2,of_farneback__robust_ossm_ekf,0.3919354838709677,0.0016129032258064516,0.0,0.3919354838709677,0.15080645161290324,0.632824953599708,0.0,0.9225806451612903,3.980407664305987e-26,1.0316852636583969,0.15080645161290324,0.0,94.03225806451613,0.17214544661134226,62.0,1240.0,data/cohface_28_2.pkl
cohface_28_2,of_farneback__robust_ossm_ukf,0.45725806451612905,0.0016129032258064516,0.0016129032258064516,0.45725806451612905,0.3879032258064516,0.7571447166993166,0.0,0.917741935483871,3.931656013809149e-11,1.0270547079456216,0.17580645161290323,0.0,94.19354838709677,0.14720130204121318,62.0,1240.0,data/cohface_28_2.pkl
cohface_28_2,profile1D linear,,,,,,,,,,,,,,,,,data/cohface_28_2.pkl
cohface_28_2,profile1d_linear__kfstd,,,,,,,,,,,,,,,26.4,,data/cohface_28_2.pkl
cohface_28_2,profile1d_linear__robust_ossm_ekf,0.5879032258064516,0.0008064516129032258,0.0,0.5879032258064516,0.008064516129032258,0.3497180533287933,0.0,0.9314516129032258,7.830589842156035e-110,1.0463867889455698,0.05967741935483871,0.0024193548387096775,95.24193548387096,0.21398075533212513,62.0,1240.0,data/cohface_28_2.pkl
cohface_28_2,profile1d_linear__robust_ossm_ukf,0.7758064516129032,0.0,0.0024193548387096775,0.7758064516129032,0.0,0.1053095759180581,0.0,0.9008064516129032,0.0,1.059366913025501,0.007258064516129033,0.0,99.19354838709677,0.31512470851139973,62.0,1240.0,data/cohface_28_2.pkl
cohface_28_2,profile1D quadratic,,,,,,,,,,,,,,,,,data/cohface_28_2.pkl
cohface_28_2,profile1d_quadratic__kfstd,,,,,,,,,,,,,,,62.0,,data/cohface_28_2.pkl
cohface_28_2,profile1d_quadratic__robust_ossm_ekf,0.6008064516129032,0.0,0.0,0.6008064516129032,0.07903225806451612,0.15436773394745373,0.0,0.8983870967741936,1.5153959022723e-277,1.0561791316174276,0.024193548387096774,0.0,90.08064516129032,0.14895204514337443,62.0,1240.0,data/cohface_28_2.pkl
cohface_28_2,profile1d_quadratic__robust_ossm_ukf,0.8830645161290323,0.0,0.0032258064516129032,0.8830645161290323,0.0,0.1118434546365603,0.0,0.9209677419354839,0.0,1.058909837445608,0.004032258064516129,0.0,99.19354838709677,0.34720376266648967,62.0,1240.0,data/cohface_28_2.pkl
cohface_28_2,profile1D cubic,,,,,,,,,,,,,,,,,data/cohface_28_2.pkl
cohface_28_2,profile1d_cubic__kfstd,,,,,,,,,,,,,,,62.0,,data/cohface_28_2.pkl
cohface_28_2,profile1d_cubic__robust_ossm_ekf,0.6104838709677419,0.0,0.0,0.6104838709677419,0.07661290322580645,0.1917926479324877,0.0,0.9217741935483871,3.747710464531674e-229,1.0536448341966522,0.036290322580645164,0.0,87.8225806451613,0.1475455617602899,62.0,1240.0,data/cohface_28_2.pkl
cohface_28_2,profile1d_cubic__robust_ossm_ukf,0.9120967741935484,0.0,0.004838709677419355,0.9120967741935484,0.0,0.1152801624549333,0.0,0.9080645161290323,0.0,1.05837212504323,0.004032258064516129,0.0,99.19354838709677,0.3567461259839079,62.0,1240.0,data/cohface_28_2.pkl
cohface_39_1,of_farneback,,,,,,,,,,,,,,,,,data/cohface_39_1.pkl
cohface_39_1,of_farneback__kfstd,,,,,,,,,,,,,,,61.4,,data/cohface_39_1.pkl
cohface_39_1,of_farneback__robust_ossm_ekf,0.12866449511400652,0.0,0.0,0.12866449511400652,0.0,0.12910559048182133,0.0,0.9234527687296417,0.0,1.0574161628560472,0.0008143322475570033,0.0,99.9185667752443,0.10458242672978839,61.4,1228.0,data/cohface_39_1.pkl
cohface_39_1,of_farneback__robust_ossm_ukf,0.22231270358306188,0.0,0.0,0.22231270358306188,0.05618892508143322,0.13412242050896117,0.0,0.9405537459283387,5.600385850695708e-307,1.0571080166902749,0.004071661237785016,0.0,99.9185667752443,0.10367353593570987,61.4,1228.0,data/cohface_39_1.pkl
cohface_39_1,profile1D linear,,,,,,,,,,,,,,,,,data/cohface_39_1.pkl
cohface_39_1,profile1d_linear__kfstd,,,,,,,,,,,,,,,61.4,,data/cohface_39_1.pkl
cohface_39_1,profile1d_linear__robust_ossm_ekf,0.8395765472312704,0.0,0.0,0.8395765472312704,0.0,0.023382433743511514,0.0,0.8607491856677525,0.0,1.0650111636970823,0.0,0.0,99.9185667752443,0.14322168542403144,61.4,1228.0,data/cohface_39_1.pkl
cohface_39_1,profile1d_linear__robust_ossm_ukf,0.6359934853420195,0.0,0.0008143322475570033,0.6359934853420195,0.38762214983713356,0.06143703977524351,0.0,0.9405537459283387,0.0,1.0623365799279163,0.0,0.0,99.9185667752443,0.17766084544907132,61.4,1228.0,data/cohface_39_1.pkl
cohface_39_1,profile1D quadratic,,,,,,,,,,,,,,,,,data/cohface_39_1.pkl
cohface_39_1,profile1d_quadratic__kfstd,,,,,,,,,,,,,,,61.4,,data/cohface_39_1.pkl
cohface_39_1,profile1d_quadratic__robust_ossm_ekf,0.8420195439739414,0.0,0.0,0.8420195439739414,0.0,0.02797691408898797,0.0,0.8672638436482085,0.0,1.0646874184149326,0.0,0.0,99.9185667752443,0.17363770799427836,61.4,1228.0,data/cohface_39_1.pkl
cohface_39_1,profile1d_quadratic__robust_ossm_ukf,0.7198697068403909,0.0008143322475570033,0.0016286644951140066,0.7198697068403909,0.021172638436482084,3824.7608295648606,0.0,0.9193811074918566,0.0,1.0576766646287035,0.004071661237785016,0.004071661237785016,99.2671009771987,0.17107814238427926,34.25,1228.0,data/cohface_39_1.pkl
cohface_39_1,profile1D cubic,,,,,,,,,,,,,,,,,data/cohface_39_1.pkl
cohface_39_1,profile1d_cubic__kfstd,,,,,,,,,,,,,,,61.4,,data/cohface_39_1.pkl
cohface_39_1,profile1d_cubic__robust_ossm_ekf,0.759771986970684,0.0,0.0,0.759771986970684,0.0,0.029643267263068086,0.0,0.8705211726384365,0.0,1.064455031199079,0.0,0.0,99.9185667752443,0.169726254029989,61.4,1228.0,data/cohface_39_1.pkl
cohface_39_1,profile1d_cubic__robust_ossm_ukf,0.7231270358306189,0.0008143322475570033,0.0008143322475570033,0.7231270358306189,0.014657980456026058,3767.5027523912295,0.0,0.9250814332247557,0.0,1.0574341100777194,0.004071661237785016,0.004071661237785016,99.3485342019544,0.17315181455193587,34.15,1228.0,data/cohface_39_1.pkl
cohface_21_1,of_farneback,,,,,,,,,,,,,,,,,data/cohface_21_1.pkl
cohface_21_1,of_farneback__kfstd,,,,,,,,,,,,,,,60.4,,data/cohface_21_1.pkl
cohface_21_1,of_farneback__robust_ossm_ekf,0.23344370860927152,0.0008278145695364238,0.0,0.23344370860927152,0.024006622516556293,0.4905011717631192,0.0,0.9213576158940397,3.96343941511329e-55,1.038641629318649,0.1316225165562914,0.0008278145695364238,98.09602649006622,0.18977930444882518,60.4,1208.0,data/cohface_21_1.pkl
cohface_21_1,of_farneback__robust_ossm_ukf,0.29635761589403975,0.0,0.0,0.29635761589403975,0.201158940397351,0.2216102121309206,0.0,0.9445364238410596,3.4558795689962344e-193,1.051656103335619,0.0347682119205298,0.0,100.0,0.19049204899903743,60.4,1208.0,data/cohface_21_1.pkl
cohface_21_1,profile1D linear,,,,,,,,,,,,,,,,,data/cohface_21_1.pkl
cohface_21_1,profile1d_linear__kfstd,,,,,,,,,,,,,,,60.4,,data/cohface_21_1.pkl
cohface_21_1,profile1d_linear__robust_ossm_ekf,0.6034768211920529,0.0008278145695364238,0.0,0.6034768211920529,0.01076158940397351,0.5528297352562332,0.0,0.9271523178807947,4.820519592868008e-40,1.0358213237933234,0.12582781456953643,0.0033112582781456954,62.58278145695364,0.13309819781429919,49.5,1208.0,data/cohface_21_1.pkl
cohface_21_1,profile1d_linear__robust_ossm_ukf,0.8211920529801324,0.0,0.0008278145695364238,0.7524834437086093,0.8211920529801324,0.1318253354922547,0.0,0.9114238410596026,6.112366431336429e-306,1.0575386803195428,0.0033112582781456954,0.0,97.59933774834437,0.2634391631023584,60.4,1208.0,data/cohface_21_1.pkl
cohface_21_1,profile1D quadratic,,,,,,,,,,,,,,,,,data/cohface_21_1.pkl
cohface_21_1,profile1d_quadratic__kfstd,,,,,,,,,,,,,,,60.4,,data/cohface_21_1.pkl
cohface_21_1,profile1d_quadratic__robust_ossm_ekf,0.33857615894039733,0.0,0.0,0.33857615894039733,0.0,0.08422704701108126,0.0,0.9155629139072847,0.0,1.060829008501978,0.0074503311258278145,0.0,100.0,0.2502725680068981,60.4,1208.0,data/cohface_21_1.pkl
cohface_21_1,profile1d_quadratic__robust_ossm_ukf,0.6117549668874173,0.0,0.0074503311258278145,0.6117549668874173,0.09437086092715231,0.07647211731766772,0.0,0.9304635761589404,0.0,1.0612925452380937,0.0,0.0,99.58609271523179,0.33691233047881936,60.4,1208.0,data/cohface_21_1.pkl
cohface_21_1,profile1D cubic,,,,,,,,,,,,,,,,,data/cohface_21_1.pkl
cohface_21_1,profile1d_cubic__kfstd,,,,,,,,,,,,,,,60.4,,data/cohface_21_1.pkl
cohface_21_1,profile1d_cubic__robust_ossm_ekf,0.3518211920529801,0.0,0.0,0.3518211920529801,0.0,0.07749598380622044,0.0,0.8874172185430463,0.0,1.061082203420827,0.0041390728476821195,0.0,100.0,0.25480059209408346,60.4,1208.0,data/cohface_21_1.pkl
cohface_21_1,profile1d_cubic__robust_ossm_ukf,0.6134105960264901,0.0,0.004966887417218543,0.6134105960264901,0.09768211920529801,0.07418472146607687,0.0,0.9362582781456954,0.0,1.0611861721226612,0.0,0.0,100.0,0.3296785272885561,60.4,1208.0,data/cohface_21_1.pkl
cohface_21_2,of_farneback,,,,,,,,,,,,,,,,,data/cohface_21_2.pkl
cohface_21_2,of_farneback__kfstd,,,,,,,,,,,,,,,60.35,,data/cohface_21_2.pkl
cohface_21_2,of_farneback__robust_ossm_ekf,0.2444076222038111,0.0016570008285004142,0.0008285004142502071,0.2435791217895609,0.2444076222038111,1.1682269667730876,0.0,0.927920463960232,8.329050758648648e-05,1.0027097763401465,0.3015741507870754,0.0008285004142502071,93.95194697597348,0.15585248642961572,60.35,1207.0,data/cohface_21_2.pkl
cohface_21_2,of_farneback__robust_ossm_ukf,0.3371996685998343,0.0016570008285004142,0.0024855012427506215,0.3371996685998343,0.058823529411764705,27038.191078274394,0.0,0.9188069594034797,0.0,1.029411115283496,0.15327257663628832,0.004971002485501243,98.34299917149959,0.18818094120749596,60.35,1207.0,data/cohface_21_2.pkl
cohface_21_2,profile1D linear,,,,,,,,,,,,,,,,,data/cohface_21_2.pkl
cohface_21_2,profile1d_linear__kfstd,,,,,,,,,,,,,,,39.65,,data/cohface_21_2.pkl
cohface_21_2,profile1d_linear__robust_ossm_ekf,0.48467274233637114,0.0,0.0,0.48467274233637114,0.30985915492957744,0.19487301428216117,0.0,0.9270919635459818,9.811967815356773e-220,1.0534850878097257,0.04888152444076222,0.0,70.33968516984258,0.15822598000505242,60.35,1207.0,data/cohface_21_2.pkl
cohface_21_2,profile1d_linear__robust_ossm_ukf,0.7605633802816901,0.0008285004142502071,0.0008285004142502071,0.7605633802816901,0.01739850869925435,2847.6059431749563,0.0,0.8458989229494615,0.0,1.0516566340012077,0.01739850869925435,0.004142502071251036,99.1714995857498,0.24361532697569177,58.95,1207.0,data/cohface_21_2.pkl
cohface_21_2,profile1D quadratic,,,,,,,,,,,,,,,,,data/cohface_21_2.pkl
cohface_21_2,profile1d_quadratic__kfstd,,,,,,,,,,,,,,,60.35,,data/cohface_21_2.pkl
cohface_21_2,profile1d_quadratic__robust_ossm_ekf,0.415907207953604,0.0,0.0008285004142502071,0.415907207953604,0.34465617232808615,0.1488651069641743,0.0,0.9105219552609777,2.7642841026666265e-278,1.0565056407487534,0.015741507870753936,0.0,94.94614747307374,0.21408701418319206,60.35,1207.0,data/cohface_21_2.pkl
cohface_21_2,profile1d_quadratic__robust_ossm_ukf,0.6636288318144159,0.0008285004142502071,0.00579950289975145,0.6636288318144159,0.009113504556752278,2118.7716092721944,0.0,0.9138359569179785,0.0,1.0556600154013216,0.00579950289975145,0.004142502071251036,98.67439933719967,0.3698055629260969,55.05,1207.0,data/cohface_21_2.pkl
cohface_21_2,profile1D cubic,,,,,,,,,,,,,,,,,data/cohface_21_2.pkl
cohface_21_2,profile1d_cubic__kfstd,,,,,,,,,,,,,,,60.35,,data/cohface_21_2.pkl
cohface_21_2,profile1d_cubic__robust_ossm_ekf,0.4109362054681027,0.0,0.0,0.4109362054681027,0.014084507042253521,0.18190079381490482,0.0,0.8666114333057167,2.137157986204828e-234,1.0545069385799568,0.04225352112676056,0.0,92.62634631317316,0.24441598925355815,60.35,1207.0,data/cohface_21_2.pkl
cohface_21_2,profile1d_cubic__robust_ossm_ukf,0.7174813587406794,0.0008285004142502071,0.0024855012427506215,0.7174813587406794,0.00579950289975145,2320.827893923801,0.0,0.923777961888981,0.0,1.0554018146463937,0.004971002485501243,0.004142502071251036,99.00579950289975,0.3883096978902431,54.5,1207.0,data/cohface_21_2.pkl
cohface_27_0,of_farneback,,,,,,,,,,,,,,,,,data/cohface_27_0.pkl
cohface_27_0,of_farneback__kfstd,,,,,,,,,,,,,,,61.35,,data/cohface_27_0.pkl
cohface_27_0,of_farneback__robust_ossm_ekf,0.4767726161369193,0.0,0.0,0.4767726161369193,0.0,0.20678494753372173,0.0,0.9046454767726161,1.054780800778608e-210,1.0531598767807198,0.03667481662591687,0.0,99.75550122249389,0.22300482805048302,61.35,1227.0,data/cohface_27_0.pkl
cohface_27_0,of_farneback__robust_ossm_ukf,0.38467807660961695,0.0,0.0,0.38467807660961695,0.006519967400162999,0.1814562583872973,0.0,0.9616951915240424,8.787251168477498e-239,1.053847903360938,0.010594947025264874,0.0,99.75550122249389,0.22957172460536882,61.35,1227.0,data/cohface_27_0.pkl
cohface_27_0,profile1D linear,,,,,,,,,,,,,,,,,data/cohface_27_0.pkl
cohface_27_0,profile1d_linear__kfstd,,,,,,,,,,,,,,,61.35,,data/cohface_27_0.pkl
cohface_27_0,profile1d_linear__robust_ossm_ekf,0.8981255093724532,0.0,0.0,0.8981255093724532,0.004074979625101874,0.22514834817878757,0.0,0.9445802770986145,6.446030468301793e-193,1.0514894008067224,0.03015484922575387,0.0,80.60309698451508,0.22176787393744776,61.35,1227.0,data/cohface_27_0.pkl
cohface_27_0,profile1d_linear__robust_ossm_ukf,0.9527302363488183,0.0,0.0032599837000814994,0.9527302363488183,0.0,0.17599182343489503,0.0,0.9209453952730237,1.7781352584032238e-245,1.0546252685230382,0.018744906275468622,0.0,98.77750611246944,0.40477698124590833,61.35,1227.0,data/cohface_27_0.pkl
cohface_27_0,profile1D quadratic,,,,,,,,,,,,,,,,,data/cohface_27_0.pkl
cohface_27_0,profile1d_quadratic__kfstd,,,,,,,,,,,,,,,61.35,,data/cohface_27_0.pkl
cohface_27_0,profile1d_quadratic__robust_ossm_ekf,0.8663406682966586,0.0,0.0,0.8663406682966586,0.0,0.01291610147566306,0.0,0.7147514262428688,0.0,1.0657529220613389,0.0,0.0,99.67400162999185,0.357075822751063,61.35,1227.0,data/cohface_27_0.pkl
cohface_27_0,profile1d_quadratic__robust_ossm_ukf,0.902200488997555,0.0,0.006519967400162999,0.902200488997555,0.0,0.07159276591541261,0.0,0.9250203748981255,0.0,1.0616175173048632,0.0,0.0,99.67400162999185,0.4356725329446016,61.35,1227.0,data/cohface_27_0.pkl
cohface_27_0,profile1D cubic,,,,,,,,,,,,,,,,,data/cohface_27_0.pkl
cohface_27_0,profile1d_cubic__kfstd,,,,,,,,,,,,,,,61.35,,data/cohface_27_0.pkl
cohface_27_0,profile1d_cubic__robust_ossm_ekf,0.863080684596577,0.0,0.0,0.863080684596577,0.0,0.012939205791433064,0.0,0.7310513447432763,0.0,1.0657031217957929,0.0,0.0,99.67400162999185,0.35380671070590675,61.35,1227.0,data/cohface_27_0.pkl
cohface_27_0,profile1d_cubic__robust_ossm_ukf,0.9013854930725347,0.0,0.008149959250203748,0.9013854930725347,0.0,0.07163613746862268,0.0,0.9266503667481663,0.0,1.0613399551002407,0.0,0.0,99.67400162999185,0.4351548360302228,61.35,1227.0,data/cohface_27_0.pkl
cohface_31_2,of_farneback,,,,,,,,,,,,,,,,,data/cohface_31_2.pkl
cohface_31_2,of_farneback__kfstd,,,,,,,,,,,,,,,62.55,,data/cohface_31_2.pkl
cohface_31_2,of_farneback__robust_ossm_ekf,0.4444444444444444,0.0,0.0007993605115907274,0.4444444444444444,0.0,0.2653282809176318,0.0,0.9304556354916067,6.143198223480863e-163,1.0488051526537185,0.06554756195043965,0.0,99.6802557953637,0.14249824423311566,62.55,1251.0,data/cohface_31_2.pkl
cohface_31_2,of_farneback__robust_ossm_ukf,0.49640287769784175,0.0,0.0015987210231814548,0.49640287769784175,0.011191047162270184,0.20927802870789966,0.0,0.8760991207034372,3.301554389064675e-212,1.052571647232794,0.04636290967226219,0.0,99.6802557953637,0.1397133408783679,62.55,1251.0,data/cohface_31_2.pkl
cohface_31_2,profile1D linear,,,,,,,,,,,,,,,,,data/cohface_31_2.pkl
cohface_31_2,profile1d_linear__kfstd,,,,,,,,,,,,,,,62.55,,data/cohface_31_2.pkl
cohface_31_2,profile1d_linear__robust_ossm_ekf,0.48521183053557154,0.0,0.0,0.48521183053557154,0.2741806554756195,0.13605468263700257,0.0,0.894484412470024,2.49302799898936e-309,1.0573964611978313,0.02238209432454037,0.0,87.13029576338928,0.10990030385255009,62.55,1251.0,data/cohface_31_2.pkl
cohface_31_2,profile1d_linear__robust_ossm_ukf,0.8960831334932055,0.0,0.0,0.8177458033573142,0.8960831334932055,0.09428853487399178,0.0,0.938449240607514,0.0,1.060170653399056,0.003996802557953637,0.0,92.72581934452438,0.13212894262007818,62.55,1251.0,data/cohface_31_2.pkl
cohface_31_2,profile1D quadratic,,,,,,,,,,,,,,,,,data/cohface_31_2.pkl
cohface_31_2,profile1d_quadratic__kfstd,,,,,,,,,,,,,,,62.55,,data/cohface_31_2.pkl
cohface_31_2,profile1d_quadratic__robust_ossm_ekf,0.6738609112709832,0.0,0.0,0.6738609112709832,0.0,0.04760808593266178,0.0,0.8721023181454837,0.0,1.0633301671070827,0.0007993605115907274,0.0,99.6802557953637,0.15363912753653206,62.55,1251.0,data/cohface_31_2.pkl
cohface_31_2,profile1d_quadratic__robust_ossm_ukf,0.7234212629896083,0.0,0.0,0.6834532374100719,0.7234212629896083,0.055190328873501046,0.0,0.8912869704236611,0.0,1.062791449191717,0.0007993605115907274,0.0,99.6802557953637,0.12667824378013,62.55,1251.0,data/cohface_31_2.pkl
cohface_31_2,profile1D cubic,,,,,,,,,,,,,,,,,data/cohface_31_2.pkl
cohface_31_2,profile1d_cubic__kfstd,,,,,,,,,,,,,,,62.55,,data/cohface_31_2.pkl
cohface_31_2,profile1d_cubic__robust_ossm_ekf,0.706634692246203,0.0,0.0,0.706634692246203,0.0,0.04924221630742134,0.0,0.8776978417266187,0.0,1.0630616433720663,0.0007993605115907274,0.0,99.6802557953637,0.15572120433839906,62.55,1251.0,data/cohface_31_2.pkl
cohface_31_2,profile1d_cubic__robust_ossm_ukf,0.7234212629896083,0.0,0.0,0.6826538768984812,0.7234212629896083,0.05611218600305094,0.0,0.8816946442845723,0.0,1.0625328589170322,0.0007993605115907274,0.0,99.6802557953637,0.1278054762365789,62.55,1251.0,data/cohface_31_2.pkl
cohface_4_0,of_farneback,,,,,,,,,,,,,,,,,data/cohface_4_0.pkl
cohface_4_0,of_farneback__kfstd,,,,,,,,,,,,,,,60.45,,data/cohface_4_0.pkl
cohface_4_0,of_farneback__robust_ossm_ekf,0.23325062034739455,0.0008271298593879239,0.0008271298593879239,0.23325062034739455,0.0380479735318445,0.32649452916514526,0.0,0.9181141439205955,4.3290009742356395e-119,1.048149215495157,0.04714640198511166,0.0,99.50372208436724,0.18360278736332233,60.45,1209.0,data/cohface_4_0.pkl
cohface_4_0,of_farneback__robust_ossm_ukf,0.23325062034739455,0.0008271298593879239,0.0,0.23325062034739455,0.13234077750206782,0.3239661433029327,0.0,0.9230769230769231,1.8096098119284305e-120,1.0475470344627786,0.06947890818858561,0.0,100.0,0.17998463212747917,60.45,1209.0,data/cohface_4_0.pkl
cohface_4_0,profile1D linear,,,,,,,,,,,,,,,,,data/cohface_4_0.pkl
cohface_4_0,profile1d_linear__kfstd,,,,,,,,,,,,,,,60.45,,data/cohface_4_0.pkl
cohface_4_0,profile1d_linear__robust_ossm_ekf,0.7138130686517783,0.0,0.0,0.7138130686517783,0.011579818031430935,0.10879765746639336,0.0,0.8502894954507858,0.0,1.059238668349262,0.023986765922249794,0.0,98.26302729528535,0.2634418218758154,60.45,1209.0,data/cohface_4_0.pkl
cohface_4_0,profile1d_linear__robust_ossm_ukf,0.7841191066997518,0.0,0.0041356492969396195,0.7841191066997518,0.0413564929693962,0.07666552526073034,0.0,0.9379652605459057,0.0,1.0612813010698754,0.0,0.0,100.0,0.5319698826887801,60.45,1209.0,data/cohface_4_0.pkl
cohface_4_0,profile1D quadratic,,,,,,,,,,,,,,,,,data/cohface_4_0.pkl
cohface_4_0,profile1d_quadratic__kfstd,,,,,,,,,,,,,,,60.45,,data/cohface_4_0.pkl
cohface_4_0,profile1d_quadratic__robust_ossm_ekf,0.8701406120760959,0.0,0.0,0.8701406120760959,0.0,0.03407447724895774,0.0,0.8023159636062862,0.0,1.0642734236753877,0.0,0.0,99.75186104218362,0.2729531272445759,60.45,1209.0,data/cohface_4_0.pkl
cohface_4_0,profile1d_quadratic__robust_ossm_ukf,0.9189412737799835,0.0,0.0024813895781637717,0.9189412737799835,0.0,0.07059590243610026,0.0,0.9437551695616212,0.0,1.061693908792179,0.0,0.0,99.75186104218362,0.3834550658402701,60.45,1209.0,data/cohface_4_0.pkl
cohface_4_0,profile1D cubic,,,,,,,,,,,,,,,,,data/cohface_4_0.pkl
cohface_4_0,profile1d_cubic__kfstd,,,,,,,,,,,,,,,60.45,,data/cohface_4_0.pkl
cohface_4_0,profile1d_cubic__robust_ossm_ekf,0.8751033912324235,0.0,0.0,0.8751033912324235,0.0,0.03502369440165083,0.0,0.8105872622001654,0.0,1.0640941861826883,0.0,0.0,99.75186104218362,0.27162989154639705,60.45,1209.0,data/cohface_4_0.pkl
cohface_4_0,profile1d_cubic__robust_ossm_ukf,0.8502894954507858,0.0,0.007444168734491315,0.8502894954507858,0.0,0.07335473452635478,0.0,0.9429280397022333,0.0,1.0612335691620551,0.0,0.0,99.75186104218362,0.36951702828831146,60.45,1209.0,data/cohface_4_0.pkl
cohface_1_1,of_farneback,,,,,,,,,,,,,,,,,data/cohface_1_1.pkl
cohface_1_1,of_farneback__kfstd,,,,,,,,,,,,,,,60.35,,data/cohface_1_1.pkl
cohface_1_1,of_farneback__robust_ossm_ekf,0.6636288318144159,0.0008285004142502071,0.0,0.6636288318144159,0.05219552609776305,0.8406024888464954,0.0,0.9105219552609777,3.5980643240227336e-05,1.0224489067833473,0.19055509527754763,0.0,75.72493786246893,0.13743567512256977,60.35,1207.0,data/cohface_1_1.pkl
cohface_1_1,of_farneback__robust_ossm_ukf,0.84009942004971,0.0,0.0008285004142502071,0.84009942004971,0.1060480530240265,0.47813177328369283,0.0,0.9246064623032312,1.5123770987773986e-58,1.03786653986755,0.1309030654515327,0.0,90.22369511184756,0.15465559004330026,60.35,1207.0,data/cohface_1_1.pkl
cohface_1_1,profile1D linear,,,,,,,,,,,,,,,,,data/cohface_1_1.pkl
cohface_1_1,profile1d_linear__kfstd,,,,,,,,,,,,,,,55.95,,data/cohface_1_1.pkl
cohface_1_1,profile1d_linear__robust_ossm_ekf,0.8533554266777134,0.0,0.0008285004142502071,0.8533554266777134,0.021541010770505385,0.13909612600421553,0.0,0.9552609776304888,1.6112276407348885e-293,1.0571085264927562,0.014913007456503728,0.0,63.131731565865785,0.10935350981858599,60.35,1207.0,data/cohface_1_1.pkl
cohface_1_1,profile1d_linear__robust_ossm_ukf,0.8500414250207126,0.0,0.0,0.8500414250207126,0.8409279204639603,0.07239360940454892,0.0,0.9428334714167357,0.0,1.0616387509955048,0.004971002485501243,0.0,88.8152444076222,0.15296898848736737,60.35,1207.0,data/cohface_1_1.pkl
cohface_1_1,profile1D quadratic,,,,,,,,,,,,,,,,,data/cohface_1_1.pkl
cohface_1_1,profile1d_quadratic__kfstd,,,,,,,,,,,,,,,60.35,,data/cohface_1_1.pkl
cohface_1_1,profile1d_quadratic__robust_ossm_ekf,0.951946975973488,0.0,0.0,0.951946975973488,0.0,0.011951740157739475,0.0,0.5625517812758907,0.0,1.0658389225286355,0.0016570008285004142,0.0,100.0,0.38865206707021877,60.35,1207.0,data/cohface_1_1.pkl
cohface_1_1,profile1d_quadratic__robust_ossm_ukf,0.951946975973488,0.0,0.009942004971002486,0.951946975973488,0.0,0.07499241474590086,0.0,0.9444904722452361,0.0,1.0613945237304652,0.0016570008285004142,0.0,100.0,0.4198149046377226,60.35,1207.0,data/cohface_1_1.pkl
cohface_1_1,profile1D cubic,,,,,,,,,,,,,,,,,data/cohface_1_1.pkl
cohface_1_1,profile1d_cubic__kfstd,,,,,,,,,,,,,,,60.35,,data/cohface_1_1.pkl
cohface_1_1,profile1d_cubic__robust_ossm_ekf,0.951946975973488,0.0,0.0,0.951946975973488,0.0,0.011657955681013783,0.0,0.5608947804473903,0.0,1.0658293793326894,0.0016570008285004142,0.0,100.0,0.3877741256336395,60.35,1207.0,data/cohface_1_1.pkl
cohface_1_1,profile1d_cubic__robust_ossm_ukf,0.951946975973488,0.0,0.009942004971002486,0.951946975973488,0.0,0.07534594675028879,0.0,0.9461474730737366,0.0,1.0610976173018396,0.0016570008285004142,0.0,100.0,0.41970835340332535,60.35,1207.0,data/cohface_1_1.pkl
cohface_38_0,of_farneback,,,,,,,,,,,,,,,,,data/cohface_38_0.pkl
cohface_38_0,of_farneback__kfstd,,,,,,,,,,,,,,,61.65,,data/cohface_38_0.pkl
cohface_38_0,of_farneback__robust_ossm_ekf,0.4282238442822384,0.0008110300081103001,0.0,0.4282238442822384,0.0170316301703163,0.2570248955925939,0.0,0.8969991889699919,6.476897193428279e-167,1.0521950996349778,0.034874290348742905,0.0,98.05352798053528,0.226911842073795,61.65,1233.0,data/cohface_38_0.pkl
cohface_38_0,of_farneback__robust_ossm_ukf,0.5279805352798054,0.0,0.0,0.5279805352798054,0.12246553122465531,0.3349040277155678,0.0,0.910786699107867,7.437019063593695e-117,1.0471743571453582,0.054339010543390104,0.0,96.99918896999189,0.21145028257051227,61.65,1233.0,data/cohface_38_0.pkl
cohface_38_0,profile1D linear,,,,,,,,,,,,,,,,,data/cohface_38_0.pkl
cohface_38_0,profile1d_linear__kfstd,,,,,,,,,,,,,,,61.65,,data/cohface_38_0.pkl
cohface_38_0,profile1d_linear__robust_ossm_ekf,0.8337388483373885,0.0,0.0,0.8337388483373885,0.0,0.050510012966347204,0.0,0.8410381184103812,0.0,1.063128211998516,0.0,0.0,99.7566909975669,0.28663448802169356,61.65,1233.0,data/cohface_38_0.pkl
cohface_38_0,profile1d_linear__robust_ossm_ukf,0.9497161394971614,0.0,0.0113544201135442,0.9497161394971614,0.0,0.0815736295281249,0.0,0.9424168694241687,0.0,1.0609285503161296,0.0,0.0,99.7566909975669,0.3993105533078732,61.65,1233.0,data/cohface_38_0.pkl
cohface_38_0,profile1D quadratic,,,,,,,,,,,,,,,,,data/cohface_38_0.pkl
cohface_38_0,profile1d_quadratic__kfstd,,,,,,,,,,,,,,,61.65,,data/cohface_38_0.pkl
cohface_38_0,profile1d_quadratic__robust_ossm_ekf,0.6877534468775345,0.0,0.0016220600162206002,0.33171127331711275,0.6877534468775345,0.1524729265965371,0.0,0.9424168694241687,8.62963180613451e-279,1.05621092813891,0.016220600162206,0.0,99.51338199513383,0.17066617393068295,61.65,1233.0,data/cohface_38_0.pkl
cohface_38_0,profile1d_quadratic__robust_ossm_ukf,0.9521492295214923,0.0,0.0040551500405515,0.7510137875101379,0.9521492295214923,0.09655456480967625,0.0,0.9448499594484996,0.0,1.0600010077097253,0.0040551500405515,0.0,99.83779399837795,0.2604170233568721,61.65,1233.0,data/cohface_38_0.pkl
cohface_38_0,profile1D cubic,,,,,,,,,,,,,,,,,data/cohface_38_0.pkl
cohface_38_0,profile1d_cubic__kfstd,,,,,,,,,,,,,,,61.65,,data/cohface_38_0.pkl
cohface_38_0,profile1d_cubic__robust_ossm_ekf,0.43309002433090027,0.0,0.0,0.17761557177615572,0.43309002433090027,0.1514184042211722,0.0,0.9221411192214112,2.288859399923659e-280,1.0560995961147872,0.021897810218978103,0.0,94.07948094079481,0.15368907839058812,61.65,1233.0,data/cohface_38_0.pkl
cohface_38_0,profile1d_cubic__robust_ossm_ukf,0.5620437956204379,0.0008110300081103001,0.0032441200324412004,0.5620437956204379,0.34630981346309814,2972.823141125201,0.0,0.9472830494728305,0.0,1.0541939173324866,0.009732360097323601,0.0040551500405515,98.45904298459043,0.3030092300900467,61.1,1233.0,data/cohface_38_0.pkl
cohface_26_0,of_farneback,,,,,,,,,,,,,,,,,data/cohface_26_0.pkl
cohface_26_0,of_farneback__kfstd,,,,,,,,,,,,,,,61.5,,data/cohface_26_0.pkl
cohface_26_0,of_farneback__robust_ossm_ekf,0.44065040650406506,0.0008130081300813008,0.0,0.44065040650406506,0.2048780487804878,1.2580382896085744,0.0,0.8853658536585366,2.9870201867510104e-09,1.000918923393756,0.2658536585365854,0.0,94.55284552845528,0.1375537476407801,61.5,1230.0,data/cohface_26_0.pkl
cohface_26_0,of_farneback__robust_ossm_ukf,0.4121951219512195,0.0008130081300813008,0.0024390243902439024,0.4121951219512195,0.041463414634146344,15378.931269601735,0.0,0.9170731707317074,0.0,1.0240051574852889,0.15691056910569107,0.0040650406504065045,94.79674796747967,0.16499921662326023,61.5,1230.0,data/cohface_26_0.pkl
cohface_26_0,profile1D linear,,,,,,,,,,,,,,,,,data/cohface_26_0.pkl
cohface_26_0,profile1d_linear__kfstd,,,,,,,,,,,,,,,61.5,,data/cohface_26_0.pkl
cohface_26_0,profile1d_linear__robust_ossm_ekf,0.8073170731707318,0.0,0.0,0.8073170731707318,0.7536585365853659,0.3215795592386891,0.0,0.8894308943089431,7.209545848589777e-124,1.045894018860946,0.11219512195121951,0.0,95.9349593495935,0.11024394621634562,61.5,1230.0,data/cohface_26_0.pkl
cohface_26_0,profile1d_linear__robust_ossm_ukf,0.8,0.0,0.0016260162601626016,0.8,0.7398373983739838,0.08451284495706332,0.0,0.8869918699186992,0.0,1.0608349875735288,0.0065040650406504065,0.0,98.6178861788618,0.16737344041319738,61.5,1230.0,data/cohface_26_0.pkl
cohface_26_0,profile1D quadratic,,,,,,,,,,,,,,,,,data/cohface_26_0.pkl
cohface_26_0,profile1d_quadratic__kfstd,,,,,,,,,,,,,,,61.5,,data/cohface_26_0.pkl
cohface_26_0,profile1d_quadratic__robust_ossm_ekf,0.8097560975609757,0.0,0.0,0.8097560975609757,0.7252032520325203,0.10530377223407152,0.0,0.9422764227642276,0.0,1.0593517238679726,0.011382113821138212,0.0,98.6178861788618,0.13074279536858932,61.5,1230.0,data/cohface_26_0.pkl
cohface_26_0,profile1d_quadratic__robust_ossm_ukf,0.9528455284552846,0.0,0.0040650406504065045,0.9528455284552846,0.0,0.0630450796611421,0.0,0.8747967479674796,0.0,1.06222992003411,0.0,0.0,100.0,0.3459821761124281,61.5,1230.0,data/cohface_26_0.pkl
cohface_26_0,profile1D cubic,,,,,,,,,,,,,,,,,data/cohface_26_0.pkl
cohface_26_0,profile1d_cubic__kfstd,,,,,,,,,,,,,,,61.5,,data/cohface_26_0.pkl
cohface_26_0,profile1d_cubic__robust_ossm_ekf,0.8089430894308943,0.0,0.0,0.8089430894308943,0.7260162601626017,0.11524156685108579,0.0,0.9414634146341463,0.0,1.0583332632934945,0.00894308943089431,0.0,98.78048780487805,0.12580850122660886,61.5,1230.0,data/cohface_26_0.pkl
cohface_26_0,profile1d_cubic__robust_ossm_ukf,0.9528455284552846,0.0,0.004878048780487805,0.9528455284552846,0.0,0.06293180423504466,0.0,0.8552845528455284,0.0,1.0620081066428717,0.0,0.0,100.0,0.347824966763518,61.5,1230.0,data/cohface_26_0.pkl
cohface_33_2,of_farneback,,,,,,,,,,,,,,,,,data/cohface_33_2.pkl
cohface_33_2,of_farneback__kfstd,,,,,,,,,,,,,,,61.65,,data/cohface_33_2.pkl
cohface_33_2,of_farneback__robust_ossm_ekf,0.36415247364152475,0.0,0.0008110300081103001,0.31549067315490675,0.36415247364152475,0.750123455053158,0.0,0.9578264395782644,1.0545580956631276e-11,1.02255766093266,0.19626926196269262,0.0,88.80778588807786,0.10683047652482638,61.65,1233.0,data/cohface_33_2.pkl
cohface_33_2,of_farneback__robust_ossm_ukf,0.22384428223844283,0.0008110300081103001,0.0008110300081103001,0.22384428223844283,0.22060016220600162,1444.381703111161,0.0,0.9537712895377128,0.0,1.038784869076932,0.08596918085969181,0.004866180048661801,99.1889699918897,0.116641918358291,61.65,1233.0,data/cohface_33_2.pkl
cohface_33_2,profile1D linear,,,,,,,,,,,,,,,,,data/cohface_33_2.pkl
cohface_33_2,profile1d_linear__kfstd,,,,,,,,,,,,,,,61.65,,data/cohface_33_2.pkl
cohface_33_2,profile1d_linear__robust_ossm_ekf,0.6666666666666666,0.0,0.0,0.6666666666666666,0.0,0.0407566656446851,0.0,0.878345498783455,0.0,1.063800048724902,0.0,0.0,99.91889699918897,0.17189166920528312,61.65,1233.0,data/cohface_33_2.pkl
cohface_33_2,profile1d_linear__robust_ossm_ukf,0.8077858880778589,0.0,0.0032441200324412004,0.8077858880778589,0.0008110300081103001,0.06927422876962809,0.0,0.935117599351176,0.0,1.0617841724702994,0.0,0.0,99.91889699918897,0.25234683457239304,61.65,1233.0,data/cohface_33_2.pkl
cohface_33_2,profile1D quadratic,,,,,,,,,,,,,,,,,data/cohface_33_2.pkl
cohface_33_2,profile1d_quadratic__kfstd,,,,,,,,,,,,,,,61.65,,data/cohface_33_2.pkl
cohface_33_2,profile1d_quadratic__robust_ossm_ekf,0.6545012165450121,0.0,0.0,0.6545012165450121,0.0,0.05626226725824491,0.0,0.8848337388483374,0.0,1.0627124513906292,0.0,0.0,99.91889699918897,0.162423701275712,61.65,1233.0,data/cohface_33_2.pkl
cohface_33_2,profile1d_quadratic__robust_ossm_ukf,0.6545012165450121,0.0008110300081103001,0.0,0.6545012165450121,0.09651257096512571,2084.607544304751,0.0,0.9448499594484996,0.0,1.0560863234998152,0.006488240064882401,0.0040551500405515,99.35117599351176,0.1823338342229146,39.8,1233.0,data/cohface_33_2.pkl
cohface_33_2,profile1D cubic,,,,,,,,,,,,,,,,,data/cohface_33_2.pkl
cohface_33_2,profile1d_cubic__kfstd,,,,,,,,,,,,,,,61.2,,data/cohface_33_2.pkl
cohface_33_2,profile1d_cubic__robust_ossm_ekf,0.6958637469586375,0.0,0.0,0.6958637469586375,0.0,0.060265633402798356,0.0,0.8969991889699919,0.0,1.0622364376210132,0.0,0.0,99.91889699918897,0.16221826417322324,61.65,1233.0,data/cohface_33_2.pkl
cohface_33_2,profile1d_cubic__robust_ossm_ukf,0.6334144363341444,0.0008110300081103001,0.0024330900243309003,0.6334144363341444,0.09975669099756691,73.55924001236507,0.0,0.9424168694241687,0.0,1.056319860354661,0.0040551500405515,0.0040551500405515,99.27007299270073,0.1817628459968236,39.7,1233.0,data/cohface_33_2.pkl
cohface_19_2,of_farneback,,,,,,,,,,,,,,,,,data/cohface_19_2.pkl
cohface_19_2,of_farneback__kfstd,,,,,,,,,,,,,,,60.55,,data/cohface_19_2.pkl
cohface_19_2,of_farneback__robust_ossm_ekf,0.27332782824112306,0.0016515276630883566,0.0,0.27332782824112306,0.00990916597853014,0.7289923798949594,0.0,0.9273327828241124,1.6421127316810394e-13,1.027281029259205,0.13459950454170108,0.0,99.91742361684558,0.16794809453358409,60.55,1211.0,data/cohface_19_2.pkl
cohface_19_2,of_farneback__robust_ossm_ukf,0.26507018992568127,0.0008257638315441783,0.0008257638315441783,0.26507018992568127,0.08918249380677126,3033.314302488255,0.0,0.9174236168455822,0.0,1.029829468593871,0.1486374896779521,0.004128819157720892,99.33938893476466,0.16212668943005906,60.55,1211.0,data/cohface_19_2.pkl
cohface_19_2,profile1D linear,,,,,,,,,,,,,,,,,data/cohface_19_2.pkl
cohface_19_2,profile1d_linear__kfstd,,,,,,,,,,,,,,,60.55,,data/cohface_19_2.pkl
cohface_19_2,profile1d_linear__robust_ossm_ekf,0.342691990090834,0.0,0.0,0.342691990090834,0.0,0.06733665057008413,0.0,0.9248554913294798,0.0,1.0619343179767526,0.0,0.0,99.91742361684558,0.2248004115996634,60.55,1211.0,data/cohface_19_2.pkl
cohface_19_2,profile1d_linear__robust_ossm_ukf,0.6366639141205616,0.0,0.007431874483897605,0.6366639141205616,0.0,0.10034800058181922,0.0,0.9314616019818331,0.0,1.0596594601595444,0.0,0.0,99.91742361684558,0.35662418638425597,60.55,1211.0,data/cohface_19_2.pkl
cohface_19_2,profile1D quadratic,,,,,,,,,,,,,,,,,data/cohface_19_2.pkl
cohface_19_2,profile1d_quadratic__kfstd,,,,,,,,,,,,,,,60.55,,data/cohface_19_2.pkl
cohface_19_2,profile1d_quadratic__robust_ossm_ekf,0.22708505367464904,0.0,0.0,0.22708505367464904,0.17341040462427745,0.2875130590194967,0.0,0.9273327828241124,1.7145584744706047e-142,1.047750998487507,0.09826589595375723,0.0,97.19240297274979,0.16259777362930908,38.0,1211.0,data/cohface_19_2.pkl
cohface_19_2,profile1d_quadratic__robust_ossm_ukf,0.35260115606936415,0.0,0.004128819157720892,0.35260115606936415,0.19900908340214699,0.14146380206253256,0.0,0.9281585466556564,1.1426382739038678e-290,1.0569061227879484,0.007431874483897605,0.0,100.0,0.2780968136854876,60.55,1211.0,data/cohface_19_2.pkl
cohface_19_2,profile1D cubic,,,,,,,,,,,,,,,,,data/cohface_19_2.pkl
cohface_19_2,profile1d_cubic__kfstd,,,,,,,,,,,,,,,60.55,,data/cohface_19_2.pkl
cohface_19_2,profile1d_cubic__robust_ossm_ekf,0.7274979355904211,0.0,0.0008257638315441783,0.7274979355904211,0.08587943848059455,0.5580816811341907,0.0,0.9372419488026424,4.990541873862494e-39,1.0323714923191234,0.20891824938067713,0.0,63.418662262592896,0.09837314415252839,60.55,1211.0,data/cohface_19_2.pkl
cohface_19_2,profile1d_cubic__robust_ossm_ukf,0.37324525185796864,0.0,0.0016515276630883566,0.33030553261767137,0.37324525185796864,0.14338688098786948,0.0,0.925681255161024,1.270236571677982e-287,1.0564630921279532,0.007431874483897605,0.0,100.0,0.26168594218324204,60.55,1211.0,data/cohface_19_2.pkl
cohface_27_2,of_farneback,,,,,,,,,,,,,,,,,data/cohface_27_2.pkl
cohface_27_2,of_farneback__kfstd,,,,,,,,,,,,,,,61.6,,data/cohface_27_2.pkl
cohface_27_2,of_farneback__robust_ossm_ekf,0.37012987012987014,0.0,0.0,0.37012987012987014,0.0,0.27644903999699205,0.0,0.9521103896103896,1.7799378319905238e-152,1.0486326339647223,0.052759740259740256,0.0,99.75649350649351,0.15184430263298238,61.6,1232.0,data/cohface_27_2.pkl
cohface_27_2,of_farneback__robust_ossm_ukf,0.4707792207792208,0.0,0.0,0.4707792207792208,0.01461038961038961,0.2306531903710054,0.0,0.935064935064935,1.0556983093158397e-188,1.0514202513097322,0.060064935064935064,0.0,98.86363636363636,0.15315656132346153,61.6,1232.0,data/cohface_27_2.pkl
cohface_27_2,profile1D linear,,,,,,,,,,,,,,,,,data/cohface_27_2.pkl
cohface_27_2,profile1d_linear__kfstd,,,,,,,,,,,,,,,61.6,,data/cohface_27_2.pkl
cohface_27_2,profile1d_linear__robust_ossm_ekf,0.8035714285714286,0.0,0.0,0.8035714285714286,0.6136363636363636,0.13561323366369898,0.0,0.9375,2.0594324744726177e-305,1.057456913421637,0.02353896103896104,0.0,96.5909090909091,0.1339831269141712,61.6,1232.0,data/cohface_27_2.pkl
cohface_27_2,profile1d_linear__robust_ossm_ukf,0.8327922077922078,0.0,0.0016233766233766235,0.8327922077922078,0.1387987012987013,0.10501051606700607,0.0,0.926948051948052,0.0,1.0593691792362112,0.0,0.0,99.35064935064935,0.2450854477825649,61.6,1232.0,data/cohface_27_2.pkl
cohface_27_2,profile1D quadratic,,,,,,,,,,,,,,,,,data/cohface_27_2.pkl
cohface_27_2,profile1d_quadratic__kfstd,,,,,,,,,,,,,,,61.6,,data/cohface_27_2.pkl
cohface_27_2,profile1d_quadratic__robust_ossm_ekf,0.885551948051948,0.0,0.0,0.885551948051948,0.0,0.022260109787140017,0.0,0.8368506493506493,0.0,1.0650911066681426,0.0,0.0,99.67532467532467,0.20812852557653078,61.6,1232.0,data/cohface_27_2.pkl
cohface_27_2,profile1d_quadratic__robust_ossm_ukf,0.6915584415584416,0.0008116883116883117,0.00487012987012987,0.6915584415584416,0.23457792207792208,16149.382372700971,0.0,0.8936688311688312,0.0,1.0580208355546727,0.00487012987012987,0.004058441558441558,99.02597402597402,0.2190271716389815,50.45,1232.0,data/cohface_27_2.pkl
cohface_27_2,profile1D cubic,,,,,,,,,,,,,,,,,data/cohface_27_2.pkl
cohface_27_2,profile1d_cubic__kfstd,,,,,,,,,,,,,,,61.6,,data/cohface_27_2.pkl
cohface_27_2,profile1d_cubic__robust_ossm_ekf,0.8896103896103896,0.0,0.0,0.8896103896103896,0.0,0.022497395629112335,0.0,0.8344155844155844,0.0,1.0649885036022713,0.0,0.0,99.67532467532467,0.20968173999567655,61.6,1232.0,data/cohface_27_2.pkl
cohface_27_2,profile1d_cubic__robust_ossm_ukf,0.689935064935065,0.0008116883116883117,0.004058441558441558,0.689935064935065,0.23376623376623376,4118.307501986165,0.0,0.8961038961038961,0.0,1.0579483962631426,0.004058441558441558,0.004058441558441558,99.02597402597402,0.21868148014422073,50.45,1232.0,data/cohface_27_2.pkl
cohface_12_0,of_farneback,,,,,,,,,,,,,,,,,data/cohface_12_0.pkl
cohface_12_0,of_farneback__kfstd,,,,,,,,,,,,,,,78.85,,data/cohface_12_0.pkl
cohface_12_0,of_farneback__robust_ossm_ekf,0.4419784400760938,0.0,0.0,0.4419784400760938,0.007609384908053266,0.18662430020164097,0.0,0.9207355738744452,1.7171829392563772e-298,1.053955661717547,0.039949270767279645,0.0,99.8731769181991,0.15301765087612737,78.85,1577.0,data/cohface_12_0.pkl
cohface_12_0,of_farneback__robust_ossm_ukf,0.3532022828154724,0.0,0.0012682308180088776,0.3532022828154724,0.0653138871274572,0.18669794179749086,0.0,0.9175649968294229,2.2117593786958704e-298,1.0538186782973433,0.039949270767279645,0.0,99.8731769181991,0.14417076151234853,78.85,1577.0,data/cohface_12_0.pkl
cohface_12_0,profile1D linear,,,,,,,,,,,,,,,,,data/cohface_12_0.pkl
cohface_12_0,profile1d_linear__kfstd,,,,,,,,,,,,,,,78.85,,data/cohface_12_0.pkl
cohface_12_0,profile1d_linear__robust_ossm_ekf,0.807863031071655,0.0,0.0,0.807863031071655,0.0,0.015528445330563457,0.0,0.823715916296766,0.0,1.065565370887321,0.0,0.0,99.8731769181991,0.22280030198617012,78.85,1577.0,data/cohface_12_0.pkl
cohface_12_0,profile1d_linear__robust_ossm_ukf,0.527584020291693,0.0006341154090044388,0.0050729232720355105,0.527584020291693,0.17247939124920736,13015.203230101131,0.0,0.932149651236525,0.0,1.0579645250369247,0.003804692454026633,0.0031705770450221942,99.36588459099556,0.2104311884579252,61.55,1577.0,data/cohface_12_0.pkl
cohface_12_0,profile1D quadratic,,,,,,,,,,,,,,,,,data/cohface_12_0.pkl
cohface_12_0,profile1d_quadratic__kfstd,,,,,,,,,,,,,,,47.45,,data/cohface_12_0.pkl
cohface_12_0,profile1d_quadratic__robust_ossm_ekf,0.7419150285351934,0.0,0.0,0.7419150285351934,0.0,0.022353292683783155,0.0,0.8224476854787571,0.0,1.0650843823930722,0.0,0.0,99.8731769181991,0.24346468465631166,78.85,1577.0,data/cohface_12_0.pkl
cohface_12_0,profile1d_quadratic__robust_ossm_ukf,0.7609384908053266,0.0,0.0019023462270133164,0.7609384908053266,0.6258719086873811,0.07429293701069556,0.0,0.9422954977805961,0.0,1.0614461544653009,0.0,0.0,99.8731769181991,0.1895413937143418,78.85,1577.0,data/cohface_12_0.pkl
cohface_12_0,profile1D cubic,,,,,,,,,,,,,,,,,data/cohface_12_0.pkl
cohface_12_0,profile1d_cubic__kfstd,,,,,,,,,,,,,,,78.85,,data/cohface_12_0.pkl
cohface_12_0,profile1d_cubic__robust_ossm_ekf,0.7368421052631579,0.0,0.0,0.7368421052631579,0.0,0.023778912269795126,0.0,0.818008877615726,0.0,1.0648928496232224,0.0,0.0,99.8731769181991,0.2473816621205537,78.85,1577.0,data/cohface_12_0.pkl
cohface_12_0,profile1d_cubic__robust_ossm_ukf,0.7381103360811667,0.0,0.0006341154090044388,0.7381103360811667,0.4819277108433735,0.07453347285510505,0.0,0.9372225745085606,0.0,1.061167751535266,0.0,0.0,99.8731769181991,0.18701661342037096,78.85,1577.0,data/cohface_12_0.pkl
cohface_15_3,of_farneback,,,,,,,,,,,,,,,,,data/cohface_15_3.pkl
cohface_15_3,of_farneback__kfstd,,,,,,,,,,,,,,,62.75,,data/cohface_15_3.pkl
cohface_15_3,of_farneback__robust_ossm_ekf,0.8159362549800797,0.0,0.0,0.8159362549800797,0.0,0.38294823298556024,0.0,0.8262948207171315,1.9555665480773267e-95,1.044102175782558,0.08764940239043825,0.0,99.6812749003984,0.23217716609438954,62.75,1255.0,data/cohface_15_3.pkl
cohface_15_3,of_farneback__robust_ossm_ukf,0.9091633466135458,0.0,0.0,0.9091633466135458,0.0,0.3996895699644377,0.0,0.9083665338645418,2.520430793115722e-88,1.0448910376229446,0.07250996015936255,0.0,99.6812749003984,0.3290787808411387,62.75,1255.0,data/cohface_15_3.pkl
cohface_15_3,profile1D linear,,,,,,,,,,,,,,,,,data/cohface_15_3.pkl
cohface_15_3,profile1d_linear__kfstd,,,,,,,,,,,,,,,62.75,,data/cohface_15_3.pkl
cohface_15_3,profile1d_linear__robust_ossm_ekf,0.699601593625498,0.0,0.0,0.699601593625498,0.0,0.08731000377890236,0.0,0.8055776892430279,0.0,1.060711867314617,0.01195219123505976,0.0,99.60159362549801,0.11834487906673767,62.75,1255.0,data/cohface_15_3.pkl
cohface_15_3,profile1d_linear__robust_ossm_ukf,0.8151394422310757,0.0,0.0015936254980079682,0.8151394422310757,0.010358565737051793,0.07112177484706642,0.0,0.9227091633466136,0.0,1.0617216772889855,0.004780876494023904,0.0,99.60159362549801,0.18080067560054436,62.75,1255.0,data/cohface_15_3.pkl
cohface_15_3,profile1D quadratic,,,,,,,,,,,,,,,,,data/cohface_15_3.pkl
cohface_15_3,profile1d_quadratic__kfstd,,,,,,,,,,,,,,,62.75,,data/cohface_15_3.pkl
cohface_15_3,profile1d_quadratic__robust_ossm_ekf,0.9537848605577689,0.0,0.0,0.9537848605577689,0.0,0.024153147942017977,0.0,0.8239043824701195,0.0,1.0649776620177627,0.0,0.0,99.6812749003984,0.1898720363855312,62.75,1255.0,data/cohface_15_3.pkl
cohface_15_3,profile1d_quadratic__robust_ossm_ukf,0.6390438247011953,0.0007968127490039841,0.002390438247011952,0.6390438247011953,0.2948207171314741,1330.338027442817,0.0,0.8852589641434263,0.0,1.0574814747543206,0.005577689243027889,0.00398406374501992,99.04382470119522,0.17464906686963116,62.75,1255.0,data/cohface_15_3.pkl
cohface_15_3,profile1D cubic,,,,,,,,,,,,,,,,,data/cohface_15_3.pkl
cohface_15_3,profile1d_cubic__kfstd,,,,,,,,,,,,,,,62.75,,data/cohface_15_3.pkl
cohface_15_3,profile1d_cubic__robust_ossm_ekf,0.9537848605577689,0.0,0.0,0.9537848605577689,0.0,0.02421125302309869,0.0,0.8231075697211155,0.0,1.0648998461263521,0.0,0.0,99.6812749003984,0.1869751672112788,62.75,1255.0,data/cohface_15_3.pkl
cohface_15_3,profile1d_cubic__robust_ossm_ukf,0.6422310756972112,0.0007968127490039841,0.0007968127490039841,0.6422310756972112,0.31314741035856575,1157.6325119675384,0.0,0.8860557768924303,0.0,1.056928635453338,0.007171314741035857,0.00398406374501992,98.88446215139442,0.17152681139239365,43.85,1255.0,data/cohface_15_3.pkl
cohface_15_1,of_farneback,,,,,,,,,,,,,,,,,data/cohface_15_1.pkl
cohface_15_1,of_farneback__kfstd,,,,,,,,,,,,,,,61.15,,data/cohface_15_1.pkl
cohface_15_1,of_farneback__robust_ossm_ekf,0.3417825020441537,0.001635322976287817,0.0008176614881439084,0.3417825020441537,0.0,0.6622821127219307,0.0,0.902698282910875,1.7061971212376066e-21,1.0350674219860587,0.09157808667211774,0.003270645952575634,99.67293540474243,0.1600536146659385,61.15,1223.0,data/cohface_15_1.pkl
cohface_15_1,of_farneback__robust_ossm_ukf,0.5143090760425184,0.0008176614881439084,0.0,0.5143090760425184,0.0,0.5812807612911888,0.0,0.8977923139820114,1.014311943328706e-34,1.0378285935737808,0.0973017170891251,0.0008176614881439084,100.0,0.15966821959705074,61.15,1223.0,data/cohface_15_1.pkl
cohface_15_1,profile1D linear,,,,,,,,,,,,,,,,,data/cohface_15_1.pkl
cohface_15_1,profile1d_linear__kfstd,,,,,,,,,,,,,,,61.15,,data/cohface_15_1.pkl
cohface_15_1,profile1d_linear__robust_ossm_ekf,0.9525756336876533,0.0,0.0,0.9525756336876533,0.0,0.009725416888212693,0.0,0.7874080130825838,0.0,1.0659763977855317,0.0,0.0,100.0,0.19088010598466934,61.15,1223.0,data/cohface_15_1.pkl
cohface_15_1,profile1d_linear__robust_ossm_ukf,0.7342600163532298,0.0,0.0024529844644317253,0.7342600163532298,0.4562551103843009,0.060767210618611456,0.0,0.9509403107113655,0.0,1.0623755832366275,0.0,0.0,100.0,0.19305179751347334,61.15,1223.0,data/cohface_15_1.pkl
cohface_15_1,profile1D quadratic,,,,,,,,,,,,,,,,,data/cohface_15_1.pkl
cohface_15_1,profile1d_quadratic__kfstd,,,,,,,,,,,,,,,61.15,,data/cohface_15_1.pkl
cohface_15_1,profile1d_quadratic__robust_ossm_ekf,0.9206868356500408,0.0,0.0,0.9206868356500408,0.0,0.014407230406059665,0.0,0.8111201962387572,0.0,1.0656461756055486,0.0,0.0,100.0,0.18782447528889473,61.15,1223.0,data/cohface_15_1.pkl
cohface_15_1,profile1d_quadratic__robust_ossm_ukf,0.5633687653311529,0.0008176614881439084,0.003270645952575634,0.5633687653311529,0.294358135731807,5753.793289081801,0.0,0.9354047424366312,0.0,1.0581178912586922,0.004905968928863451,0.004088307440719542,99.34587080948488,0.16550929696732172,43.05,1223.0,data/cohface_15_1.pkl
cohface_15_1,profile1D cubic,,,,,,,,,,,,,,,,,data/cohface_15_1.pkl
cohface_15_1,profile1d_cubic__kfstd,,,,,,,,,,,,,,,61.15,,data/cohface_15_1.pkl
cohface_15_1,profile1d_cubic__robust_ossm_ekf,0.8896156991005724,0.0,0.0,0.8896156991005724,0.0,0.015073334117020394,0.0,0.812755519215045,0.0,1.0655394702145613,0.0,0.0,100.0,0.18293611613319902,61.15,1223.0,data/cohface_15_1.pkl
cohface_15_1,profile1d_cubic__robust_ossm_ukf,0.5682747342600164,0.0008176614881439084,0.0024529844644317253,0.5682747342600164,0.2927228127555192,3479.5364215300433,0.0,0.9394930498773508,0.0,1.0580326130022528,0.004088307440719542,0.004088307440719542,99.34587080948488,0.16512533516670697,43.0,1223.0,data/cohface_15_1.pkl
cohface_15_0,of_farneback,,,,,,,,,,,,,,,,,data/cohface_15_0.pkl
cohface_15_0,of_farneback__kfstd,,,,,,,,,,,,,,,64.9,,data/cohface_15_0.pkl
cohface_15_0,of_farneback__robust_ossm_ekf,0.37596302003081666,0.0,0.0,0.37596302003081666,0.016178736517719568,0.18578213699506324,0.0,0.9175654853620955,4.586712147241701e-247,1.0538436785603515,0.026194144838212634,0.0,98.5362095531587,0.12343694471769633,64.9,1298.0,data/cohface_15_0.pkl
cohface_15_0,of_farneback__robust_ossm_ukf,0.27889060092449924,0.0,0.0,0.27889060092449924,0.045454545454545456,0.17038379873641704,0.0,0.9314329738058552,4.044978709021314e-267,1.0549204540964217,0.026194144838212634,0.0,98.5362095531587,0.12032248064589574,64.9,1298.0,data/cohface_15_0.pkl
cohface_15_0,profile1D linear,,,,,,,,,,,,,,,,,data/cohface_15_0.pkl
cohface_15_0,profile1d_linear__kfstd,,,,,,,,,,,,,,,64.9,,data/cohface_15_0.pkl
cohface_15_0,profile1d_linear__robust_ossm_ekf,0.9553158705701078,0.0,0.0,0.9553158705701078,0.0,0.010954687696023568,0.0,0.8073959938366718,0.0,1.0658889618735747,0.0,0.0,98.45916795069337,0.17319609633146327,64.9,1298.0,data/cohface_15_0.pkl
cohface_15_0,profile1d_linear__robust_ossm_ukf,0.7819722650231125,0.0,0.0061633281972265025,0.7819722650231125,0.21340523882896764,0.06055148997758058,0.0,0.9522342064714946,0.0,1.062390435978212,0.0,0.0,98.45916795069337,0.23059422887925976,64.9,1298.0,data/cohface_15_0.pkl
cohface_15_0,profile1D quadratic,,,,,,,,,,,,,,,,,data/cohface_15_0.pkl
cohface_15_0,profile1d_quadratic__kfstd,,,,,,,,,,,,,,,64.9,,data/cohface_15_0.pkl
cohface_15_0,profile1d_quadratic__robust_ossm_ekf,0.8636363636363636,0.0,0.0,0.8636363636363636,0.0,0.014530384108595522,0.0,0.8073959938366718,0.0,1.0656364177108986,0.0,0.0,98.45916795069337,0.15416644711000127,64.9,1298.0,data/cohface_15_0.pkl
cohface_15_0,profile1d_quadratic__robust_ossm_ukf,0.74884437596302,0.0,0.0007704160246533128,0.74884437596302,0.652542372881356,0.058762344210961805,0.0,0.9375963020030816,0.0,1.0625249188785124,0.0,0.0,98.45916795069337,0.14157100957738308,64.9,1298.0,data/cohface_15_0.pkl
cohface_15_0,profile1D cubic,,,,,,,,,,,,,,,,,data/cohface_15_0.pkl
cohface_15_0,profile1d_cubic__kfstd,,,,,,,,,,,,,,,64.9,,data/cohface_15_0.pkl
cohface_15_0,profile1d_cubic__robust_ossm_ekf,0.8628659476117103,0.0,0.0,0.8628659476117103,0.0,0.015015972409800696,0.0,0.8089368258859785,0.0,1.0655410383941224,0.0,0.0,98.45916795069337,0.15506170332655272,64.9,1298.0,data/cohface_15_0.pkl
cohface_15_0,profile1d_cubic__robust_ossm_ukf,0.7503852080123267,0.0,0.0,0.7503852080123267,0.6533127889060092,0.05946657376237346,0.0,0.938366718027735,0.0,1.0622508296248363,0.0,0.0,98.45916795069337,0.14093817085299556,64.9,1298.0,data/cohface_15_0.pkl
cohface_30_0,of_farneback,,,,,,,,,,,,,,,,,data/cohface_30_0.pkl
cohface_30_0,of_farneback__kfstd,,,,,,,,,,,,,,,61.55,,data/cohface_30_0.pkl
cohface_30_0,of_farneback__robust_ossm_ekf,0.3298131600324939,0.0,0.0,0.3298131600324939,0.010560519902518278,0.14093978573030497,0.0,0.9374492282696995,2.736402041524763e-296,1.056919144157049,0.021933387489845652,0.0,98.3753046303818,0.08769895752940081,61.55,1231.0,data/cohface_30_0.pkl
cohface_30_0,of_farneback__robust_ossm_ukf,0.46385052802599513,0.0,0.0,0.46385052802599513,0.0,0.1156006650600228,0.0,0.9333874898456539,0.0,1.0585269578590364,0.016246953696181964,0.0,98.2940698619009,0.09602879377970272,61.55,1231.0,data/cohface_30_0.pkl
cohface_30_0,profile1D linear,,,,,,,,,,,,,,,,,data/cohface_30_0.pkl
cohface_30_0,profile1d_linear__kfstd,,,,,,,,,,,,,,,61.55,,data/cohface_30_0.pkl
cohface_30_0,profile1d_linear__robust_ossm_ekf,0.818034118602762,0.0,0.0,0.818034118602762,0.007311129163281885,0.012178085974693947,0.0,0.8074735987002437,0.0,1.0658026189195011,0.0,0.0,98.94394800974817,0.1421945475039678,61.55,1231.0,data/cohface_30_0.pkl
cohface_30_0,profile1d_linear__robust_ossm_ukf,0.6815597075548334,0.0008123476848090983,0.0016246953696181965,0.6815597075548334,0.09098294069861901,1959.917849631938,0.0,0.9057676685621446,0.0,1.0584000740951716,0.005686433793663688,0.004061738424045491,97.40048740861089,0.1515332324004257,43.2,1231.0,data/cohface_30_0.pkl
cohface_30_0,profile1D quadratic,,,,,,,,,,,,,,,,,data/cohface_30_0.pkl
cohface_30_0,profile1d_quadratic__kfstd,,,,,,,,,,,,,,,61.55,,data/cohface_30_0.pkl
cohface_30_0,profile1d_quadratic__robust_ossm_ekf,0.8724614134849715,0.0,0.0,0.8724614134849715,0.0,0.01660880037869913,0.0,0.8285946385052803,0.0,1.0654906216130444,0.0,0.0,98.2940698619009,0.13529655872402246,61.55,1231.0,data/cohface_30_0.pkl
cohface_30_0,profile1d_quadratic__robust_ossm_ukf,0.5312753858651503,0.0008123476848090983,0.0008123476848090983,0.5312753858651503,0.1957757920389927,155.26206761043915,0.0,0.8903330625507717,0.0,1.057864982486858,0.006498781478472786,0.004061738424045491,96.42567018683997,0.12261010976560228,43.5,1231.0,data/cohface_30_0.pkl
cohface_30_0,profile1D cubic,,,,,,,,,,,,,,,,,data/cohface_30_0.pkl
cohface_30_0,profile1d_cubic__kfstd,,,,,,,,,,,,,,,61.55,,data/cohface_30_0.pkl
cohface_30_0,profile1d_cubic__robust_ossm_ekf,0.8748984565393989,0.0,0.0,0.8748984565393989,0.0,0.0159995424545247,0.0,0.8310316815597075,0.0,1.065470723819323,0.0,0.0,98.2940698619009,0.13811970042614435,61.55,1231.0,data/cohface_30_0.pkl
cohface_30_0,profile1d_cubic__robust_ossm_ukf,0.6222583265637693,0.0008123476848090983,0.0016246953696181965,0.6222583265637693,0.3249390739236393,95213.35568121598,0.0,0.8887083671811535,0.0,1.0591318068014213,0.004061738424045491,0.003249390739236393,97.40048740861089,0.1237633397127342,39.75,1231.0,data/cohface_30_0.pkl
cohface_13_3,of_farneback,,,,,,,,,,,,,,,,,data/cohface_13_3.pkl
cohface_13_3,of_farneback__kfstd,,,,,,,,,,,,,,,61.25,,data/cohface_13_3.pkl
cohface_13_3,of_farneback__robust_ossm_ekf,0.36244897959183675,0.0024489795918367346,0.0016326530612244899,0.36244897959183675,0.30122448979591837,1.3868021554904983,0.0,0.876734693877551,0.0,1.003873888234782,0.27183673469387754,0.0032653061224489797,87.51020408163265,0.1142330792011781,61.25,1225.0,data/cohface_13_3.pkl
cohface_13_3,of_farneback__robust_ossm_ukf,0.44326530612244897,0.0024489795918367346,0.0016326530612244899,0.44326530612244897,0.33714285714285713,50037.624930561375,0.0,0.9053061224489796,0.0,1.0195638578249395,0.18448979591836734,0.008979591836734694,91.18367346938776,0.147167976420354,61.25,1225.0,data/cohface_13_3.pkl
cohface_13_3,profile1D linear,,,,,,,,,,,,,,,,,data/cohface_13_3.pkl
cohface_13_3,profile1d_linear__kfstd,,,,,,,,,,,,,,,61.25,,data/cohface_13_3.pkl
cohface_13_3,profile1d_linear__robust_ossm_ekf,0.9371428571428572,0.0,0.0,0.9371428571428572,0.0008163265306122449,0.029582156334612777,0.0,0.7795918367346939,0.0,1.0645768718757318,0.0,0.0,99.6734693877551,0.3030563293649591,61.25,1225.0,data/cohface_13_3.pkl
cohface_13_3,profile1d_linear__robust_ossm_ukf,0.7502040816326531,0.0,0.004081632653061225,0.7502040816326531,0.08163265306122448,0.09144145035528763,0.0,0.9102040816326531,0.0,1.0602609642585448,0.0,0.0,99.6734693877551,0.312565539086325,61.25,1225.0,data/cohface_13_3.pkl
cohface_13_3,profile1D quadratic,,,,,,,,,,,,,,,,,data/cohface_13_3.pkl
cohface_13_3,profile1d_quadratic__kfstd,,,,,,,,,,,,,,,61.25,,data/cohface_13_3.pkl
cohface_13_3,profile1d_quadratic__robust_ossm_ekf,0.8693877551020408,0.0,0.0,0.8693877551020408,0.0,0.05154094208033117,0.0,0.8995918367346939,0.0,1.0630429791329437,0.0,0.0,99.6734693877551,0.22203578978848354,61.25,1225.0,data/cohface_13_3.pkl
cohface_13_3,profile1d_quadratic__robust_ossm_ukf,0.7502040816326531,0.0008163265306122449,0.004897959183673469,0.7502040816326531,0.11836734693877551,24682.274812638945,0.0,0.9012244897959184,0.0,1.0536672290979239,0.005714285714285714,0.004897959183673469,99.0204081632653,0.27777609146857224,56.7,1225.0,data/cohface_13_3.pkl
cohface_13_3,profile1D cubic,,,,,,,,,,,,,,,,,data/cohface_13_3.pkl
cohface_13_3,profile1d_cubic__kfstd,,,,,,,,,,,,,,,61.25,,data/cohface_13_3.pkl
cohface_13_3,profile1d_cubic__robust_ossm_ekf,0.7436734693877551,0.0,0.0,0.7436734693877551,0.0,0.05407292485186545,0.0,0.8873469387755102,0.0,1.0626866585766221,0.0,0.0,99.6734693877551,0.2050775086331948,61.25,1225.0,data/cohface_13_3.pkl
cohface_13_3,profile1d_cubic__robust_ossm_ukf,0.6587755102040816,0.0008163265306122449,0.0024489795918367346,0.6587755102040816,0.1730612244897959,459.9014504240196,0.0,0.8979591836734694,0.0,1.0529298046627265,0.004897959183673469,0.004897959183673469,99.0204081632653,0.2620462144891125,57.1,1225.0,data/cohface_13_3.pkl
cohface_24_1,of_farneback,,,,,,,,,,,,,,,,,data/cohface_24_1.pkl
cohface_24_1,of_farneback__kfstd,,,,,,,,,,,,,,,60.35,,data/cohface_24_1.pkl
cohface_24_1,of_farneback__robust_ossm_ekf,0.7589063794531897,0.0,0.0,0.7589063794531897,0.0,0.06779012885118388,0.0,0.8541839270919636,0.0,1.061837565450435,0.00579950289975145,0.0,98.84009942004971,0.3276906987392211,60.35,1207.0,data/cohface_24_1.pkl
cohface_24_1,of_farneback__robust_ossm_ukf,0.6329743164871583,0.0,0.0,0.6329743164871583,0.4142502071251036,0.1368743672895395,0.0,0.9270919635459818,3.699430985329742e-297,1.057011554312761,0.013256006628003313,0.0,99.50289975144987,0.22416349355056914,60.35,1207.0,data/cohface_24_1.pkl
cohface_24_1,profile1D linear,,,,,,,,,,,,,,,,,data/cohface_24_1.pkl
cohface_24_1,profile1d_linear__kfstd,,,,,,,,,,,,,,,60.35,,data/cohface_24_1.pkl
cohface_24_1,profile1d_linear__robust_ossm_ekf,0.951946975973488,0.0,0.0,0.951946975973488,0.0,0.006802519911314606,0.0,0.6694283347141674,0.0,1.0661839841881233,0.0,0.0,99.91714995857498,0.4406615469391756,60.35,1207.0,data/cohface_24_1.pkl
cohface_24_1,profile1d_linear__robust_ossm_ukf,0.8881524440762221,0.0,0.00579950289975145,0.8881524440762221,0.0,0.07206163423197634,0.0,0.9536039768019884,0.0,1.0615816481117897,0.0,0.0,99.91714995857498,0.45676437764487277,60.35,1207.0,data/cohface_24_1.pkl
cohface_24_1,profile1D quadratic,,,,,,,,,,,,,,,,,data/cohface_24_1.pkl
cohface_24_1,profile1d_quadratic__kfstd,,,,,,,,,,,,,,,60.35,,data/cohface_24_1.pkl
cohface_24_1,profile1d_quadratic__robust_ossm_ekf,0.951946975973488,0.0,0.0,0.951946975973488,0.0,0.011338719865668711,0.0,0.6702568351284176,0.0,1.0658659729721889,0.0,0.0,99.91714995857498,0.4803400256312025,60.35,1207.0,data/cohface_24_1.pkl
cohface_24_1,profile1d_quadratic__robust_ossm_ukf,0.951946975973488,0.0,0.00579950289975145,0.951946975973488,0.0,0.08558405484724406,0.0,0.9486329743164872,0.0,1.0606452380440334,0.0,0.0,99.91714995857498,0.49677821469539707,60.35,1207.0,data/cohface_24_1.pkl
cohface_24_1,profile1D cubic,,,,,,,,,,,,,,,,,data/cohface_24_1.pkl
cohface_24_1,profile1d_cubic__kfstd,,,,,,,,,,,,,,,60.35,,data/cohface_24_1.pkl
cohface_24_1,profile1d_cubic__robust_ossm_ekf,0.951946975973488,0.0,0.0,0.951946975973488,0.0,0.011500631078747945,0.0,0.6710853355426678,0.0,1.0658161513953006,0.0,0.0,99.91714995857498,0.4781302615180221,60.35,1207.0,data/cohface_24_1.pkl
cohface_24_1,profile1d_cubic__robust_ossm_ukf,0.951946975973488,0.0,0.00579950289975145,0.951946975973488,0.0,0.0862449148617829,0.0,0.9536039768019884,0.0,1.060288251544225,0.0,0.0,99.91714995857498,0.4954892157114499,60.35,1207.0,data/cohface_24_1.pkl
cohface_10_0,of_farneback,,,,,,,,,,,,,,,,,data/cohface_10_0.pkl
cohface_10_0,of_farneback__kfstd,,,,,,,,,,,,,,,61.35,,data/cohface_10_0.pkl
cohface_10_0,of_farneback__robust_ossm_ekf,0.36267318663406684,0.0008149959250203749,0.0,0.36267318663406684,0.020374898125509373,0.3578159876263146,0.0,0.9388753056234719,9.402602128828199e-105,1.045189931851959,0.05297473512632437,0.0,99.26650366748166,0.14392969148400897,61.35,1227.0,data/cohface_10_0.pkl
cohface_10_0,of_farneback__robust_ossm_ukf,0.6772616136919315,0.0,0.0,0.5656071719641402,0.6772616136919315,0.23153897835146456,0.0,0.9388753056234719,3.693732471932835e-187,1.0511012972117137,0.040749796251018745,0.0,99.91850040749796,0.15664674576490148,61.35,1227.0,data/cohface_10_0.pkl
cohface_10_0,profile1D linear,,,,,,,,,,,,,,,,,data/cohface_10_0.pkl
cohface_10_0,profile1d_linear__kfstd,,,,,,,,,,,,,,,61.35,,data/cohface_10_0.pkl
cohface_10_0,profile1d_linear__robust_ossm_ekf,0.6560717196414018,0.0,0.0,0.6560717196414018,0.1336593317033415,0.06201189288971668,0.0,0.7954360228198859,0.0,1.0624098162408557,0.009779951100244499,0.0,99.59250203748981,0.13534458927104578,61.35,1227.0,data/cohface_10_0.pkl
cohface_10_0,profile1d_linear__robust_ossm_ukf,0.44335778321108393,0.0,0.0016299918500407497,0.44335778321108393,0.1426242868785656,0.07051776991491189,0.0,0.9323553382233088,0.0,1.0617155665578282,0.0,0.0,99.91850040749796,0.2221979893249808,61.35,1227.0,data/cohface_10_0.pkl
cohface_10_0,profile1D quadratic,,,,,,,,,,,,,,,,,data/cohface_10_0.pkl
cohface_10_0,profile1d_quadratic__kfstd,,,,,,,,,,,,,,,61.35,,data/cohface_10_0.pkl
cohface_10_0,profile1d_quadratic__robust_ossm_ekf,0.8801955990220048,0.0,0.0,0.8801955990220048,0.0,0.02707962241325847,0.0,0.8027709861450693,0.0,1.0647533913143465,0.0,0.0,99.91850040749796,0.2161093546147416,61.35,1227.0,data/cohface_10_0.pkl
cohface_10_0,profile1d_quadratic__robust_ossm_ukf,0.7220863895680522,0.0008149959250203749,0.0024449877750611247,0.7220863895680522,0.06030969845150774,233615.31877807388,0.0,0.908720456397718,0.0,1.0555290927960224,0.0057049714751426246,0.0057049714751426246,99.02200488997555,0.2307501527269424,53.35,1227.0,data/cohface_10_0.pkl
cohface_10_0,profile1D cubic,,,,,,,,,,,,,,,,,data/cohface_10_0.pkl
cohface_10_0,profile1d_cubic__kfstd,,,,,,,,,,,,,,,61.35,,data/cohface_10_0.pkl
cohface_10_0,profile1d_cubic__robust_ossm_ekf,0.882640586797066,0.0,0.0,0.882640586797066,0.0,0.02794028946630245,0.0,0.8003259983700082,0.0,1.0645917543747996,0.0,0.0,99.91850040749796,0.2179193022187538,61.35,1227.0,data/cohface_10_0.pkl
cohface_10_0,profile1d_cubic__robust_ossm_ukf,0.7212713936430318,0.0008149959250203749,0.0016299918500407497,0.7212713936430318,0.06438467807660962,443.841875724803,0.0,0.9070904645476773,0.0,1.0567287990096752,0.004889975550122249,0.004074979625101874,99.26650366748166,0.22939467750933915,53.35,1227.0,data/cohface_10_0.pkl
cohface_7_0,of_farneback,,,,,,,,,,,,,,,,,data/cohface_7_0.pkl
cohface_7_0,of_farneback__kfstd,,,,,,,,,,,,,,,60.45,,data/cohface_7_0.pkl
cohface_7_0,of_farneback__robust_ossm_ekf,0.37551695616211744,0.0,0.0,0.37551695616211744,0.03556658395368073,0.10218770037695775,0.0,0.9007444168734491,0.0,1.0594882816934061,0.01240694789081886,0.0,99.58643507030604,0.14370430682377242,60.45,1209.0,data/cohface_7_0.pkl
cohface_7_0,of_farneback__robust_ossm_ukf,0.2803970223325062,0.0,0.0,0.2803970223325062,0.06120760959470637,0.11703991558441036,0.0,0.9156327543424317,0.0,1.0584268999126136,0.009925558312655087,0.0,99.58643507030604,0.13947455985384377,60.45,1209.0,data/cohface_7_0.pkl
cohface_7_0,profile1D linear,,,,,,,,,,,,,,,,,data/cohface_7_0.pkl
cohface_7_0,profile1d_linear__kfstd,,,,,,,,,,,,,,,60.45,,data/cohface_7_0.pkl
cohface_7_0,profile1d_linear__robust_ossm_ekf,0.8378825475599669,0.0,0.0,0.8378825475599669,0.004962779156327543,0.537478508029957,0.0,0.9859387923904053,1.8784205603448856e-43,1.0322762348717462,0.13730355665839536,0.0,65.01240694789082,0.09462689419978434,60.45,1209.0,data/cohface_7_0.pkl
cohface_7_0,profile1d_linear__robust_ossm_ukf,0.7915632754342432,0.0,0.0016542597187758478,0.7915632754342432,0.007444168734491315,0.14190907355631313,0.0,0.956989247311828,1.750396972602739e-289,1.057038636013309,0.023986765922249794,0.0,86.26964433416046,0.15802747534232903,60.45,1209.0,data/cohface_7_0.pkl
cohface_7_0,profile1D quadratic,,,,,,,,,,,,,,,,,data/cohface_7_0.pkl
cohface_7_0,profile1d_quadratic__kfstd,,,,,,,,,,,,,,,60.45,,data/cohface_7_0.pkl
cohface_7_0,profile1d_quadratic__robust_ossm_ekf,0.91232423490488,0.0,0.0,0.91232423490488,0.0,0.018731511011400356,0.0,0.7915632754342432,0.0,1.0653413838129795,0.0,0.0,99.58643507030604,0.23030439098138938,60.45,1209.0,data/cohface_7_0.pkl
cohface_7_0,profile1d_quadratic__robust_ossm_ukf,0.7468982630272953,0.0,0.0,0.7468982630272953,0.3978494623655914,0.08333927958711346,0.0,0.9404466501240695,0.0,1.060807033263857,0.0,0.0,99.58643507030604,0.2431606326573107,60.45,1209.0,data/cohface_7_0.pkl
cohface_7_0,profile1D cubic,,,,,,,,,,,,,,,,,data/cohface_7_0.pkl
cohface_7_0,profile1d_cubic__kfstd,,,,,,,,,,,,,,,60.45,,data/cohface_7_0.pkl
cohface_7_0,profile1d_cubic__robust_ossm_ekf,0.9106699751861043,0.0,0.0,0.9106699751861043,0.0,0.01880019159709706,0.0,0.7948717948717948,0.0,1.0652651798445425,0.0,0.0,99.58643507030604,0.22873279142426875,60.45,1209.0,data/cohface_7_0.pkl
cohface_7_0,profile1d_cubic__robust_ossm_ukf,0.7468982630272953,0.0,0.0024813895781637717,0.7468982630272953,0.3986765922249793,0.08348151086466815,0.0,0.9363110008271298,0.0,1.060499177847692,0.0,0.0,99.58643507030604,0.2423415874884057,60.45,1209.0,data/cohface_7_0.pkl
cohface_35_3,of_farneback,,,,,,,,,,,,,,,,,data/cohface_35_3.pkl
cohface_35_3,of_farneback__kfstd,,,,,,,,,,,,,,,61.4,,data/cohface_35_3.pkl
cohface_35_3,of_farneback__robust_ossm_ekf,0.3289902280130293,0.0,0.0008143322475570033,0.3289902280130293,0.21335504885993486,0.6694222450794276,0.0,0.9177524429967426,1.303194628696746e-20,1.0286094155426209,0.16775244299674266,0.0,97.8827361563518,0.14690975710429058,61.4,1228.0,data/cohface_35_3.pkl
cohface_35_3,of_farneback__robust_ossm_ukf,0.44218241042345274,0.0008143322475570033,0.0016286644951140066,0.44218241042345274,0.23615635179153094,0.5674264767147386,0.0,0.8900651465798045,1.3146029178733172e-37,1.0366694223554098,0.12052117263843648,0.0,98.53420195439739,0.18418766908135542,61.4,1228.0,data/cohface_35_3.pkl
cohface_35_3,profile1D linear,,,,,,,,,,,,,,,,,data/cohface_35_3.pkl
cohface_35_3,profile1d_linear__kfstd,,,,,,,,,,,,,,,56.3,,data/cohface_35_3.pkl
cohface_35_3,profile1d_linear__robust_ossm_ekf,0.8908794788273615,0.0,0.0,0.8908794788273615,0.0024429967426710096,0.2839228670008804,0.0,0.9096091205211726,7.316794686397367e-147,1.0480836238242106,0.06351791530944625,0.0,85.01628664495114,0.1570289347570995,61.4,1228.0,data/cohface_35_3.pkl
cohface_35_3,profile1d_linear__robust_ossm_ukf,0.737785016286645,0.0,0.005700325732899023,0.737785016286645,0.08224755700325732,0.11929021424098428,0.0,0.9299674267100977,0.0,1.0583900140702291,0.0,0.0,99.9185667752443,0.3531438302022175,61.4,1228.0,data/cohface_35_3.pkl
cohface_35_3,profile1D quadratic,,,,,,,,,,,,,,,,,data/cohface_35_3.pkl
cohface_35_3,profile1d_quadratic__kfstd,,,,,,,,,,,,,,,61.4,,data/cohface_35_3.pkl
cohface_35_3,profile1d_quadratic__robust_ossm_ekf,0.6514657980456026,0.0,0.0,0.6514657980456026,0.007328990228013029,0.03708853912759783,0.0,0.8729641693811075,0.0,1.0640559318376486,0.0,0.0,99.7557003257329,0.20495887672919222,61.4,1228.0,data/cohface_35_3.pkl
cohface_35_3,profile1d_quadratic__robust_ossm_ukf,0.743485342019544,0.0008143322475570033,0.004071661237785016,0.743485342019544,0.014657980456026058,959274.8513312165,0.0,0.9063517915309446,0.0,1.0551857087507281,0.004885993485342019,0.004885993485342019,99.185667752443,0.2799253738123564,50.25,1228.0,data/cohface_35_3.pkl
cohface_35_3,profile1D cubic,,,,,,,,,,,,,,,,,data/cohface_35_3.pkl
cohface_35_3,profile1d_cubic__kfstd,,,,,,,,,,,,,,,61.4,,data/cohface_35_3.pkl
cohface_35_3,profile1d_cubic__robust_ossm_ekf,0.5724755700325733,0.0,0.0,0.5724755700325733,0.005700325732899023,0.037610373284130895,0.0,0.8688925081433225,0.0,1.0638838966209607,0.0,0.0,99.7557003257329,0.1869136012239285,61.4,1228.0,data/cohface_35_3.pkl
cohface_35_3,profile1d_cubic__robust_ossm_ukf,0.739413680781759,0.0008143322475570033,0.004885993485342019,0.739413680781759,0.011400651465798045,3583.0651302584733,0.0,0.9022801302931596,0.0,1.0540016447701042,0.006514657980456026,0.005700325732899023,99.185667752443,0.28186301478489406,50.45,1228.0,data/cohface_35_3.pkl
cohface_23_3,of_farneback,,,,,,,,,,,,,,,,,data/cohface_23_3.pkl
cohface_23_3,of_farneback__kfstd,,,,,,,,,,,,,,,60.35,,data/cohface_23_3.pkl
cohface_23_3,of_farneback__robust_ossm_ekf,0.6271748135874068,0.0,0.0,0.6271748135874068,0.0,0.13565217411062616,0.0,0.8690969345484673,3.443510301769753e-299,1.0572786158811966,0.01988400994200497,0.0,99.75144987572494,0.2181311602938201,60.35,1207.0,data/cohface_23_3.pkl
cohface_23_3,of_farneback__robust_ossm_ukf,0.2990886495443248,0.0,0.0,0.2990886495443248,0.0,0.16190943351009512,0.0,0.9602319801159901,1.1081996377500775e-259,1.0553460544324351,0.019055509527754765,0.0,99.75144987572494,0.18436042786247306,60.35,1207.0,data/cohface_23_3.pkl
cohface_23_3,profile1D linear,,,,,,,,,,,,,,,,,data/cohface_23_3.pkl
cohface_23_3,profile1d_linear__kfstd,,,,,,,,,,,,,,,60.35,,data/cohface_23_3.pkl
cohface_23_3,profile1d_linear__robust_ossm_ekf,0.6503728251864126,0.0,0.0,0.6503728251864126,0.004971002485501243,0.3158412967446202,0.0,0.87986743993372,8.339559957888709e-125,1.046268511660138,0.053852526926263466,0.0,76.13918806959404,0.16009426907841395,60.35,1207.0,data/cohface_23_3.pkl
cohface_23_3,profile1d_linear__robust_ossm_ukf,0.6097763048881525,0.0,0.004142502071251036,0.6097763048881525,0.07373653686826843,0.13707145292241507,0.0,0.9511184755592378,7.828894227751545e-297,1.0572675415952348,0.010770505385252692,0.0,99.83429991714996,0.2335573797988957,60.35,1207.0,data/cohface_23_3.pkl
cohface_23_3,profile1D quadratic,,,,,,,,,,,,,,,,,data/cohface_23_3.pkl
cohface_23_3,profile1d_quadratic__kfstd,,,,,,,,,,,,,,,60.35,,data/cohface_23_3.pkl
cohface_23_3,profile1d_quadratic__robust_ossm_ekf,0.951946975973488,0.0,0.0,0.951946975973488,0.0,0.01097693771247134,0.0,0.6777133388566694,0.0,1.0658898265850625,0.0,0.0,99.75144987572494,0.2878501217708254,60.35,1207.0,data/cohface_23_3.pkl
cohface_23_3,profile1d_quadratic__robust_ossm_ukf,0.951946975973488,0.0,0.00579950289975145,0.951946975973488,0.0,0.08349110928053478,0.0,0.9494614747307374,0.0,1.0607842680629465,0.0,0.0,99.75144987572494,0.33935346900000724,60.35,1207.0,data/cohface_23_3.pkl
cohface_23_3,profile1D cubic,,,,,,,,,,,,,,,,,data/cohface_23_3.pkl
cohface_23_3,profile1d_cubic__kfstd,,,,,,,,,,,,,,,60.35,,data/cohface_23_3.pkl
cohface_23_3,profile1d_cubic__robust_ossm_ekf,0.951946975973488,0.0,0.0,0.951946975973488,0.0,0.01140551931663786,0.0,0.6818558409279205,0.0,1.0658162017641328,0.0,0.0,99.75144987572494,0.2832328192101629,60.35,1207.0,data/cohface_23_3.pkl
cohface_23_3,profile1d_cubic__robust_ossm_ukf,0.951946975973488,0.0,0.004971002485501243,0.951946975973488,0.0,0.08438275071172532,0.0,0.9469759734879868,0.0,1.0604073408298464,0.0,0.0,99.75144987572494,0.33664862559161757,60.35,1207.0,data/cohface_23_3.pkl
cohface_7_3,of_farneback,,,,,,,,,,,,,,,,,data/cohface_7_3.pkl
cohface_7_3,of_farneback__kfstd,,,,,,,,,,,,,,,60.45,,data/cohface_7_3.pkl
cohface_7_3,of_farneback__robust_ossm_ekf,0.37551695616211744,0.0,0.0,0.37551695616211744,0.0,0.1875257150032218,0.0,0.9445822994210091,2.925087531254157e-228,1.0543708967295709,0.028122415219189414,0.0,99.75186104218362,0.12333253313999247,60.45,1209.0,data/cohface_7_3.pkl
cohface_7_3,of_farneback__robust_ossm_ukf,0.3068651778329198,0.0,0.0,0.3068651778329198,0.0206782464846981,0.17344246763165064,0.0,0.9255583126550868,4.572779257325775e-245,1.0547429102857215,0.02977667493796526,0.0,98.9247311827957,0.11797999497344276,60.45,1209.0,data/cohface_7_3.pkl
cohface_7_3,profile1D linear,,,,,,,,,,,,,,,,,data/cohface_7_3.pkl
cohface_7_3,profile1d_linear__kfstd,,,,,,,,,,,,,,,60.45,,data/cohface_7_3.pkl
cohface_7_3,profile1d_linear__robust_ossm_ekf,0.9520264681555004,0.0,0.0,0.9520264681555004,0.0,0.011801044373715472,0.0,0.7626137303556658,0.0,1.0658295108261528,0.0,0.0,99.75186104218362,0.2415290163907862,60.45,1209.0,data/cohface_7_3.pkl
cohface_7_3,profile1d_linear__robust_ossm_ukf,0.664185277088503,0.0,0.0008271298593879239,0.664185277088503,0.5078577336641853,0.06717368690974727,0.0,0.9478908188585607,0.0,1.0619330201842214,0.0,0.0,98.75930521091811,0.1938103922223249,60.45,1209.0,data/cohface_7_3.pkl
cohface_7_3,profile1D quadratic,,,,,,,,,,,,,,,,,data/cohface_7_3.pkl
cohface_7_3,profile1d_quadratic__kfstd,,,,,,,,,,,,,,,60.45,,data/cohface_7_3.pkl
cohface_7_3,profile1d_quadratic__robust_ossm_ekf,0.9520264681555004,0.0,0.0008271298593879239,0.9520264681555004,0.0,0.012772826113737252,0.0,0.7750206782464847,0.0,1.065760412862461,0.0,0.0,99.75186104218362,0.26406366494999944,60.45,1209.0,data/cohface_7_3.pkl
cohface_7_3,profile1d_quadratic__robust_ossm_ukf,0.6071133167907361,0.0,0.0016542597187758478,0.6071133167907361,0.575682382133995,0.06019505966646214,0.0,0.9272125723738627,0.0,1.0624267851336724,0.0,0.0,98.67659222497932,0.16781308211743426,60.45,1209.0,data/cohface_7_3.pkl
cohface_7_3,profile1D cubic,,,,,,,,,,,,,,,,,data/cohface_7_3.pkl
cohface_7_3,profile1d_cubic__kfstd,,,,,,,,,,,,,,,60.45,,data/cohface_7_3.pkl
cohface_7_3,profile1d_cubic__robust_ossm_ekf,0.9520264681555004,0.0,0.0,0.9520264681555004,0.0,0.013448012878234751,0.0,0.7832919768403639,0.0,1.0656581767022593,0.0,0.0,99.75186104218362,0.2575730623881324,60.45,1209.0,data/cohface_7_3.pkl
cohface_7_3,profile1d_cubic__robust_ossm_ukf,0.607940446650124,0.0,0.0008271298593879239,0.607940446650124,0.5773366418527709,0.06133903880394291,0.0,0.9255583126550868,0.0,1.0621201641346467,0.0,0.0,98.67659222497932,0.16656485288949083,60.45,1209.0,data/cohface_7_3.pkl
cohface_12_2,of_farneback,,,,,,,,,,,,,,,,,data/cohface_12_2.pkl
cohface_12_2,of_farneback__kfstd,,,,,,,,,,,,,,,64.25,,data/cohface_12_2.pkl
cohface_12_2,of_farneback__robust_ossm_ekf,0.3105058365758755,0.0,0.0007782101167315176,0.3105058365758755,0.045136186770428015,0.4178541329138584,0.0,0.9525291828793774,4.7760418104368424e-83,1.0404664952464147,0.10038910505836576,0.0,99.8443579766537,0.10482576270663621,64.25,1285.0,data/cohface_12_2.pkl
cohface_12_2,of_farneback__robust_ossm_ukf,0.4311284046692607,0.0007782101167315176,0.0015564202334630351,0.4311284046692607,0.3953307392996109,1665.6253745997321,0.0,0.9315175097276265,0.0,1.0464405306673712,0.058365758754863814,0.0038910505836575876,99.06614785992218,0.10980008111216726,64.25,1285.0,data/cohface_12_2.pkl
cohface_12_2,profile1D linear,,,,,,,,,,,,,,,,,data/cohface_12_2.pkl
cohface_12_2,profile1d_linear__kfstd,,,,,,,,,,,,,,,64.25,,data/cohface_12_2.pkl
cohface_12_2,profile1d_linear__robust_ossm_ekf,0.954863813229572,0.0,0.0,0.954863813229572,0.0,0.017498094974656007,0.0,0.8653696498054475,0.0,1.065425994199901,0.0,0.0,99.76653696498055,0.15039936541497215,64.25,1285.0,data/cohface_12_2.pkl
cohface_12_2,profile1d_linear__robust_ossm_ukf,0.8124513618677043,0.0,0.0031128404669260703,0.8124513618677043,0.378988326848249,0.058390133397539054,0.0,0.9463035019455253,0.0,1.0625438964007234,0.0,0.0,99.76653696498055,0.17995918521758805,64.25,1285.0,data/cohface_12_2.pkl
cohface_12_2,profile1D quadratic,,,,,,,,,,,,,,,,,data/cohface_12_2.pkl
cohface_12_2,profile1d_quadratic__kfstd,,,,,,,,,,,,,,,64.25,,data/cohface_12_2.pkl
cohface_12_2,profile1d_quadratic__robust_ossm_ekf,0.7035019455252919,0.0,0.0,0.7035019455252919,0.049805447470817124,0.03269565639094688,0.0,0.8428015564202335,0.0,1.0643550294201705,0.0,0.0,99.8443579766537,0.14112848559154392,64.25,1285.0,data/cohface_12_2.pkl
cohface_12_2,profile1d_quadratic__robust_ossm_ukf,0.7198443579766537,0.0007782101167315176,0.0,0.7198443579766537,0.3673151750972763,685.7577293688319,0.0,0.909727626459144,0.0,1.0538069439433537,0.03813229571984436,0.0038910505836575876,94.16342412451363,0.1487145223724244,64.25,1285.0,data/cohface_12_2.pkl
cohface_12_2,profile1D cubic,,,,,,,,,,,,,,,,,data/cohface_12_2.pkl
cohface_12_2,profile1d_cubic__kfstd,,,,,,,,,,,,,,,64.25,,data/cohface_12_2.pkl
cohface_12_2,profile1d_cubic__robust_ossm_ekf,0.757976653696498,0.0,0.0,0.757976653696498,0.047470817120622566,0.03184822679872957,0.0,0.842023346303502,0.0,1.0642910432010937,0.0,0.0,99.8443579766537,0.14526187183914688,64.25,1285.0,data/cohface_12_2.pkl
cohface_12_2,profile1d_cubic__robust_ossm_ukf,0.7540856031128405,0.0007782101167315176,0.0007782101167315176,0.7540856031128405,0.43190661478599224,998.7505787575442,0.0,0.914396887159533,0.0,1.057477572641831,0.0038910505836575876,0.0038910505836575876,99.22178988326849,0.1497258909910929,34.25,1285.0,data/cohface_12_2.pkl
cohface_12_3,of_farneback,,,,,,,,,,,,,,,,,data/cohface_12_3.pkl
cohface_12_3,of_farneback__kfstd,,,,,,,,,,,,,,,61.65,,data/cohface_12_3.pkl
cohface_12_3,of_farneback__robust_ossm_ekf,0.25141930251419303,0.0008110300081103001,0.0,0.25141930251419303,0.10948905109489052,0.6245592005407145,0.0,0.9375506893755069,2.641958330996363e-27,1.0315354535744188,0.145985401459854,0.0,99.83779399837795,0.10121235536358185,61.65,1233.0,data/cohface_12_3.pkl
cohface_12_3,of_farneback__robust_ossm_ukf,0.34874290348742903,0.0008110300081103001,0.0024330900243309003,0.34874290348742903,0.16463909164639093,1483.5643159382196,0.0,0.9391727493917275,0.0,1.0455481578469026,0.058394160583941604,0.0032441200324412004,98.70235198702352,0.10562546794516042,61.65,1233.0,data/cohface_12_3.pkl
cohface_12_3,profile1D linear,,,,,,,,,,,,,,,,,data/cohface_12_3.pkl
cohface_12_3,profile1d_linear__kfstd,,,,,,,,,,,,,,,61.65,,data/cohface_12_3.pkl
cohface_12_3,profile1d_linear__robust_ossm_ekf,0.6739659367396593,0.0,0.0,0.6739659367396593,0.0,0.017110171723631478,0.0,0.8126520681265207,0.0,1.065454127461525,0.0,0.0,99.7566909975669,0.11248412646881881,61.65,1233.0,data/cohface_12_3.pkl
cohface_12_3,profile1d_linear__robust_ossm_ukf,0.8248175182481752,0.0,0.0024330900243309003,0.8248175182481752,0.34793187347931875,0.0473522329771695,0.0,0.9042984590429846,0.0,1.0633188103680034,0.0,0.0,99.67558799675588,0.15845707598784833,61.65,1233.0,data/cohface_12_3.pkl
cohface_12_3,profile1D quadratic,,,,,,,,,,,,,,,,,data/cohface_12_3.pkl
cohface_12_3,profile1d_quadratic__kfstd,,,,,,,,,,,,,,,61.65,,data/cohface_12_3.pkl
cohface_12_3,profile1d_quadratic__robust_ossm_ekf,0.5806974858069749,0.0,0.0,0.5806974858069749,0.5093268450932684,0.056559234323512377,0.0,0.9091646390916464,0.0,1.0626898447996687,0.0,0.0,99.27007299270073,0.11129210405295552,61.65,1233.0,data/cohface_12_3.pkl
cohface_12_3,profile1d_quadratic__robust_ossm_ukf,0.6682887266828873,0.0008110300081103001,0.0008110300081103001,0.6682887266828873,0.2660178426601784,5080.300608178729,0.0,0.8864557988645579,0.0,1.056776640408463,0.0056772100567721,0.0056772100567721,98.78345498783455,0.14310677337694627,31.05,1233.0,data/cohface_12_3.pkl
cohface_12_3,profile1D cubic,,,,,,,,,,,,,,,,,data/cohface_12_3.pkl
cohface_12_3,profile1d_cubic__kfstd,,,,,,,,,,,,,,,61.65,,data/cohface_12_3.pkl
cohface_12_3,profile1d_cubic__robust_ossm_ekf,0.5669099756690997,0.0,0.0,0.5669099756690997,0.5012165450121655,0.057328828682955385,0.0,0.9132197891321979,0.0,1.062444131663898,0.0,0.0,99.27007299270073,0.1101381909871234,61.65,1233.0,data/cohface_12_3.pkl
cohface_12_3,profile1d_cubic__robust_ossm_ukf,0.6001622060016221,0.0008110300081103001,0.0016220600162206002,0.6001622060016221,0.28142741281427414,10173.560885086747,0.0,0.8896999188969992,0.0,1.0564568195455109,0.0056772100567721,0.0056772100567721,98.78345498783455,0.14026981253409349,31.05,1233.0,data/cohface_12_3.pkl
cohface_35_2,of_farneback,,,,,,,,,,,,,,,,,data/cohface_35_2.pkl
cohface_35_2,of_farneback__kfstd,,,,,,,,,,,,,,,61.35,,data/cohface_35_2.pkl
cohface_35_2,of_farneback__robust_ossm_ekf,0.38060309698451505,0.0,0.0,0.38060309698451505,0.0,0.5209837162964556,0.0,0.9568052159739201,5.3283128535779234e-48,1.0342540045775959,0.16544417277913612,0.0,99.91850040749796,0.166282935169502,61.35,1227.0,data/cohface_35_2.pkl
cohface_35_2,of_farneback__robust_ossm_ukf,0.3537082314588427,0.0,0.0,0.3537082314588427,0.011409942950285249,0.3346597520541575,0.0,0.9429502852485737,2.0029417520907596e-116,1.044930964115577,0.10105949470252648,0.0,99.91850040749796,0.17663295934069045,61.35,1227.0,data/cohface_35_2.pkl
cohface_35_2,profile1D linear,,,,,,,,,,,,,,,,,data/cohface_35_2.pkl
cohface_35_2,profile1d_linear__kfstd,,,,,,,,,,,,,,,56.25,,data/cohface_35_2.pkl
cohface_35_2,profile1d_linear__robust_ossm_ekf,0.5436022819885901,0.0,0.0,0.5436022819885901,0.045639771801140996,0.13774176386465728,0.0,0.9502852485737572,1.3451511871103056e-300,1.057223874088577,0.026079869600651995,0.0,100.0,0.1656377604515806,61.35,1227.0,data/cohface_35_2.pkl
cohface_35_2,profile1d_linear__robust_ossm_ukf,0.8655256723716381,0.0,0.0016299918500407497,0.8655256723716381,0.0,0.12730803677351707,0.0,0.9372453137734311,0.0,1.0579025562773756,0.014669926650366748,0.0,100.0,0.38810862763988246,61.35,1227.0,data/cohface_35_2.pkl
cohface_35_2,profile1D quadratic,,,,,,,,,,,,,,,,,data/cohface_35_2.pkl
cohface_35_2,profile1d_quadratic__kfstd,,,,,,,,,,,,,,,61.35,,data/cohface_35_2.pkl
cohface_35_2,profile1d_quadratic__robust_ossm_ekf,0.9095354523227384,0.0,0.0,0.9095354523227384,0.0,0.03272972383136253,0.0,0.8068459657701712,0.0,1.0643629479036683,0.0,0.0,99.91850040749796,0.22268966407360347,61.35,1227.0,data/cohface_35_2.pkl
cohface_35_2,profile1d_quadratic__robust_ossm_ukf,0.8687856560717196,0.0,0.0032599837000814994,0.8687856560717196,0.3822330888345558,0.06693423753663745,0.0,0.928280358598207,0.0,1.0619600712867487,0.0,0.0,99.91850040749796,0.22760589203594728,61.35,1227.0,data/cohface_35_2.pkl
cohface_35_2,profile1D cubic,,,,,,,,,,,,,,,,,data/cohface_35_2.pkl
cohface_35_2,profile1d_cubic__kfstd,,,,,,,,,,,,,,,61.35,,data/cohface_35_2.pkl
cohface_35_2,profile1d_cubic__robust_ossm_ekf,0.9095354523227384,0.0,0.0,0.9095354523227384,0.0,0.03278067891036027,0.0,0.7921760391198044,0.0,1.0642484776054881,0.0,0.0,99.91850040749796,0.2217985352240287,61.35,1227.0,data/cohface_35_2.pkl
cohface_35_2,profile1d_cubic__robust_ossm_ukf,0.8679706601466992,0.0,0.0016299918500407497,0.8679706601466992,0.46373268133659334,0.06690538024413437,0.0,0.9323553382233088,0.0,1.0617211633731745,0.0,0.0,99.91850040749796,0.21600947362817924,61.35,1227.0,data/cohface_35_2.pkl
cohface_6_3,of_farneback,,,,,,,,,,,,,,,,,data/cohface_6_3.pkl
cohface_6_3,of_farneback__kfstd,,,,,,,,,,,,,,,60.35,,data/cohface_6_3.pkl
cohface_6_3,of_farneback__robust_ossm_ekf,0.33057166528583265,0.0,0.0,0.33057166528583265,0.0,0.35599412920379353,0.0,0.9262634631317316,6.160493103477635e-104,1.044312930907564,0.06793703396851698,0.0,99.91714995857498,0.1953978977794056,60.35,1207.0,data/cohface_6_3.pkl
cohface_6_3,of_farneback__robust_ossm_ukf,0.3015741507870754,0.0,0.0,0.3015741507870754,0.05550952775476388,0.31970205841685706,0.0,0.923777961888981,1.2475998373554068e-122,1.046976927712842,0.08036454018227009,0.0,99.91714995857498,0.19098771267740947,60.35,1207.0,data/cohface_6_3.pkl
cohface_6_3,profile1D linear,,,,,,,,,,,,,,,,,data/cohface_6_3.pkl
cohface_6_3,profile1d_linear__kfstd,,,,,,,,,,,,,,,48.15,,data/cohface_6_3.pkl
cohface_6_3,profile1d_linear__robust_ossm_ekf,0.5285832642916322,0.0,0.0,0.5285832642916322,0.18144159072079535,0.19336990894703013,0.0,0.8972659486329743,2.267000466921247e-221,1.0536852418459233,0.05550952775476388,0.0,73.48798674399337,0.16823195100709623,60.35,1207.0,data/cohface_6_3.pkl
cohface_6_3,profile1d_linear__robust_ossm_ukf,0.647887323943662,0.0008285004142502071,0.0016570008285004142,0.647887323943662,0.009942004971002486,2716.468891870068,0.0,0.8980944490472246,0.0,1.0534472923617493,0.0115990057995029,0.004971002485501243,99.25434962717482,0.3266161113010032,44.9,1207.0,data/cohface_6_3.pkl
cohface_6_3,profile1D quadratic,,,,,,,,,,,,,,,,,data/cohface_6_3.pkl
cohface_6_3,profile1d_quadratic__kfstd,,,,,,,,,,,,,,,60.35,,data/cohface_6_3.pkl
cohface_6_3,profile1d_quadratic__robust_ossm_ekf,0.772162386081193,0.0,0.0,0.772162386081193,0.0,0.03604251256672697,0.0,0.8475559237779619,0.0,1.0641303504401793,0.0,0.0,99.91714995857498,0.34107390004746496,60.35,1207.0,data/cohface_6_3.pkl
cohface_6_3,profile1d_quadratic__robust_ossm_ukf,0.8169014084507042,0.0,0.009113504556752278,0.8169014084507042,0.0,0.0847792330269009,0.0,0.9436619718309859,0.0,1.0607100764860216,0.0,0.0,99.91714995857498,0.4313393519707026,60.35,1207.0,data/cohface_6_3.pkl
cohface_6_3,profile1D cubic,,,,,,,,,,,,,,,,,data/cohface_6_3.pkl
cohface_6_3,profile1d_cubic__kfstd,,,,,,,,,,,,,,,60.35,,data/cohface_6_3.pkl
cohface_6_3,profile1d_cubic__robust_ossm_ekf,0.7357083678541839,0.0,0.0,0.7357083678541839,0.0,0.038532035550875,0.0,0.8417564208782105,0.0,1.0638227019629423,0.0,0.0,99.91714995857498,0.32936053268252147,60.35,1207.0,data/cohface_6_3.pkl
cohface_6_3,profile1d_cubic__robust_ossm_ukf,0.7605633802816901,0.0,0.008285004142502071,0.7605633802816901,0.0,0.09020906142224498,0.0,0.9420049710024855,0.0,1.060030639712635,0.0,0.0,99.91714995857498,0.4359587835682323,60.35,1207.0,data/cohface_6_3.pkl
cohface_34_1,of_farneback,,,,,,,,,,,,,,,,,data/cohface_34_1.pkl
cohface_34_1,of_farneback__kfstd,,,,,,,,,,,,,,,61.25,,data/cohface_34_1.pkl
cohface_34_1,of_farneback__robust_ossm_ekf,0.68,0.0008163265306122449,0.0,0.68,0.07428571428571429,0.7977919840157873,0.0,0.9257142857142857,7.683890133676859e-08,1.0227155990490862,0.15428571428571428,0.0,94.85714285714286,0.21207920287043597,61.25,1225.0,data/cohface_34_1.pkl
cohface_34_1,of_farneback__robust_ossm_ukf,0.8187755102040817,0.0,0.0,0.8187755102040817,0.019591836734693877,0.2941060826626421,0.0,0.953469387755102,7.752624958642307e-140,1.0472486109119226,0.04897959183673469,0.0,98.12244897959184,0.3522214884703776,61.25,1225.0,data/cohface_34_1.pkl
cohface_34_1,profile1D linear,,,,,,,,,,,,,,,,,data/cohface_34_1.pkl
cohface_34_1,profile1d_linear__kfstd,,,,,,,,,,,,,,,61.25,,data/cohface_34_1.pkl
cohface_34_1,profile1d_linear__robust_ossm_ekf,0.7820408163265307,0.0,0.0,0.7820408163265307,0.6963265306122449,0.19901979748252988,0.0,0.9559183673469388,1.7518368867540456e-218,1.0532203634565391,0.04326530612244898,0.0,75.26530612244898,0.13518714245633817,61.25,1225.0,data/cohface_34_1.pkl
cohface_34_1,profile1d_linear__robust_ossm_ukf,0.8106122448979591,0.0,0.004081632653061225,0.8106122448979591,0.0,0.10640173349360933,0.0,0.9461224489795919,0.0,1.0593234894234822,0.005714285714285714,0.0,99.91836734693878,0.2781521221061845,61.25,1225.0,data/cohface_34_1.pkl
cohface_34_1,profile1D quadratic,,,,,,,,,,,,,,,,,data/cohface_34_1.pkl
cohface_34_1,profile1d_quadratic__kfstd,,,,,,,,,,,,,,,61.25,,data/cohface_34_1.pkl
cohface_34_1,profile1d_quadratic__robust_ossm_ekf,0.8375510204081633,0.0,0.0,0.8375510204081633,0.0,0.04064025917721463,0.0,0.7991836734693878,0.0,1.0638481729489904,0.0024489795918367346,0.0,99.91836734693878,0.29014859452350505,61.25,1225.0,data/cohface_34_1.pkl
cohface_34_1,profile1d_quadratic__robust_ossm_ukf,0.769795918367347,0.0,0.008979591836734694,0.769795918367347,0.0,0.09363568335103459,0.0,0.9526530612244898,0.0,1.0601282035159818,0.0032653061224489797,0.0,99.91836734693878,0.3543541748379152,61.25,1225.0,data/cohface_34_1.pkl
cohface_34_1,profile1D cubic,,,,,,,,,,,,,,,,,data/cohface_34_1.pkl
cohface_34_1,profile1d_cubic__kfstd,,,,,,,,,,,,,,,61.25,,data/cohface_34_1.pkl
cohface_34_1,profile1d_cubic__robust_ossm_ekf,0.8383673469387755,0.0,0.0,0.8383673469387755,0.0,0.04232627264829339,0.0,0.8040816326530612,0.0,1.063625907438957,0.0032653061224489797,0.0,99.91836734693878,0.2899722975594266,61.25,1225.0,data/cohface_34_1.pkl
cohface_34_1,profile1d_cubic__robust_ossm_ukf,0.763265306122449,0.0,0.009795918367346938,0.763265306122449,0.0,0.09358117100973234,0.0,0.9469387755102041,0.0,1.0598383235298103,0.0032653061224489797,0.0,99.91836734693878,0.3428436749579829,61.25,1225.0,data/cohface_34_1.pkl
cohface_14_0,of_farneback,,,,,,,,,,,,,,,,,data/cohface_14_0.pkl
cohface_14_0,of_farneback__kfstd,,,,,,,,,,,,,,,62.4,,data/cohface_14_0.pkl
cohface_14_0,of_farneback__robust_ossm_ekf,0.40625,0.0008012820512820513,0.0016025641025641025,0.40625,0.0,0.6178542907501822,0.0,0.9222756410256411,9.850905326064656e-29,1.0323665282383134,0.14182692307692307,0.0,99.9198717948718,0.19992259718235542,62.4,1248.0,data/cohface_14_0.pkl
cohface_14_0,of_farneback__robust_ossm_ukf,0.4407051282051282,0.0,0.0008012820512820513,0.4407051282051282,0.39663461538461536,0.5213279566060157,0.0,0.9423076923076923,1.0470515343992897e-48,1.036450097352158,0.09935897435897435,0.0,99.9198717948718,0.20317164756573147,62.4,1248.0,data/cohface_14_0.pkl
cohface_14_0,profile1D linear,,,,,,,,,,,,,,,,,data/cohface_14_0.pkl
cohface_14_0,profile1d_linear__kfstd,,,,,,,,,,,,,,,62.4,,data/cohface_14_0.pkl
cohface_14_0,profile1d_linear__robust_ossm_ekf,0.6322115384615384,0.0,0.0,0.6322115384615384,0.04487179487179487,0.1453226305624487,0.0,0.7540064102564102,3.0595465280835085e-293,1.056943168665941,0.038461538461538464,0.0,95.2724358974359,0.19626102265213716,62.4,1248.0,data/cohface_14_0.pkl
cohface_14_0,profile1d_linear__robust_ossm_ukf,0.6105769230769231,0.0,0.0,0.6105769230769231,0.15064102564102563,0.10399666294707409,0.0,0.9407051282051282,0.0,1.0594809848364466,0.008012820512820512,0.0,99.9198717948718,0.28688258807689354,62.4,1248.0,data/cohface_14_0.pkl
cohface_14_0,profile1D quadratic,,,,,,,,,,,,,,,,,data/cohface_14_0.pkl
cohface_14_0,profile1d_quadratic__kfstd,,,,,,,,,,,,,,,62.4,,data/cohface_14_0.pkl
cohface_14_0,profile1d_quadratic__robust_ossm_ekf,0.8261217948717948,0.0,0.0,0.8261217948717948,0.0,0.027611859875953344,0.0,0.7780448717948718,0.0,1.064723353346995,0.0,0.0,99.9198717948718,0.26200528639723714,62.4,1248.0,data/cohface_14_0.pkl
cohface_14_0,profile1d_quadratic__robust_ossm_ukf,0.5560897435897436,0.0008012820512820513,0.004006410256410256,0.5560897435897436,0.28125,8754.181822151939,0.0,0.9342948717948718,0.0,1.0555443622850822,0.005608974358974359,0.005608974358974359,99.43910256410257,0.20321581828670776,53.65,1248.0,data/cohface_14_0.pkl
cohface_14_0,profile1D cubic,,,,,,,,,,,,,,,,,data/cohface_14_0.pkl
cohface_14_0,profile1d_cubic__kfstd,,,,,,,,,,,,,,,62.4,,data/cohface_14_0.pkl
cohface_14_0,profile1d_cubic__robust_ossm_ekf,0.7900641025641025,0.0,0.0,0.7900641025641025,0.008814102564102564,0.03221607298155084,0.0,0.782051282051282,0.0,1.0643106252372407,0.0,0.0,99.9198717948718,0.265985740344932,62.4,1248.0,data/cohface_14_0.pkl
cohface_14_0,profile1d_cubic__robust_ossm_ukf,0.5560897435897436,0.0008012820512820513,0.003205128205128205,0.5560897435897436,0.27403846153846156,8146.324721636749,0.0,0.9294871794871795,0.0,1.0542844593634288,0.007211538461538462,0.00641025641025641,99.03846153846153,0.2076609346071759,53.65,1248.0,data/cohface_14_0.pkl
cohface_29_1,of_farneback,,,,,,,,,,,,,,,,,data/cohface_29_1.pkl
cohface_29_1,of_farneback__kfstd,,,,,,,,,,,,,,,61.25,,data/cohface_29_1.pkl
cohface_29_1,of_farneback__robust_ossm_ekf,0.6530612244897959,0.0,0.0,0.6530612244897959,0.0016326530612244899,0.6114479719651555,0.0,0.9812244897959184,2.6193264119555466e-29,1.0271190279954903,0.16979591836734695,0.0,93.38775510204081,0.1304009083207962,61.25,1225.0,data/cohface_29_1.pkl
cohface_29_1,of_farneback__robust_ossm_ukf,0.7322448979591837,0.0008163265306122449,0.0016326530612244899,0.5412244897959184,0.7322448979591837,2127.952124846465,0.0,0.9420408163265306,0.0,1.0336249834305393,0.15918367346938775,0.004081632653061225,98.61224489795919,0.1606692994141586,61.25,1225.0,data/cohface_29_1.pkl
cohface_29_1,profile1D linear,,,,,,,,,,,,,,,,,data/cohface_29_1.pkl
cohface_29_1,profile1d_linear__kfstd,,,,,,,,,,,,,,,61.25,,data/cohface_29_1.pkl
cohface_29_1,profile1d_linear__robust_ossm_ekf,0.5689795918367347,0.0,0.0,0.5689795918367347,0.10612244897959183,0.11818967801504,0.0,0.9248979591836735,0.0,1.0584776444078563,0.007346938775510204,0.0,96.0,0.16779417237722616,61.25,1225.0,data/cohface_29_1.pkl
cohface_29_1,profile1d_linear__robust_ossm_ukf,0.5844897959183674,0.0,0.00816326530612245,0.5844897959183674,0.08408163265306122,0.09177614167893293,0.0,0.9428571428571428,0.0,1.0602320034289527,0.0,0.0,99.0204081632653,0.31008122662942555,61.25,1225.0,data/cohface_29_1.pkl
cohface_29_1,profile1D quadratic,,,,,,,,,,,,,,,,,data/cohface_29_1.pkl
cohface_29_1,profile1d_quadratic__kfstd,,,,,,,,,,,,,,,61.25,,data/cohface_29_1.pkl
cohface_29_1,profile1d_quadratic__robust_ossm_ekf,0.8114285714285714,0.0,0.0,0.8114285714285714,0.008979591836734694,0.23572073575137428,0.0,0.9673469387755103,3.3176038491348092e-183,1.0503835485670543,0.007346938775510204,0.0,88.16326530612245,0.1861734348397961,61.25,1225.0,data/cohface_29_1.pkl
cohface_29_1,profile1d_quadratic__robust_ossm_ukf,0.7779591836734694,0.0,0.0,0.7779591836734694,0.07510204081632653,0.12011995793507518,0.0,0.889795918367347,0.0,1.058297193618824,0.0,0.0,99.34693877551021,0.2913682617832134,61.25,1225.0,data/cohface_29_1.pkl
cohface_29_1,profile1D cubic,,,,,,,,,,,,,,,,,data/cohface_29_1.pkl
cohface_29_1,profile1d_cubic__kfstd,,,,,,,,,,,,,,,61.25,,data/cohface_29_1.pkl
cohface_29_1,profile1d_cubic__robust_ossm_ekf,0.7551020408163265,0.0,0.0,0.7551020408163265,0.05959183673469388,0.26883657580918263,0.0,0.9551020408163265,5.0000372467186095e-157,1.0477938242667146,0.02122448979591837,0.0,85.87755102040816,0.17723973780884353,61.25,1225.0,data/cohface_29_1.pkl
cohface_29_1,profile1d_cubic__robust_ossm_ukf,0.7836734693877551,0.0,0.0032653061224489797,0.7836734693877551,0.14775510204081632,0.12264700114836131,0.0,0.8914285714285715,0.0,1.0577727144978057,0.0,0.0,99.34693877551021,0.2731798666679459,61.25,1225.0,data/cohface_29_1.pkl
cohface_16_0,of_farneback,,,,,,,,,,,,,,,,,data/cohface_16_0.pkl
cohface_16_0,of_farneback__kfstd,,,,,,,,,,,,,,,61.6,,data/cohface_16_0.pkl
cohface_16_0,of_farneback__robust_ossm_ekf,0.3823051948051948,0.003246753246753247,0.0008116883116883117,0.1663961038961039,0.3823051948051948,1.4561087548873972,0.0,0.9074675324675324,0.0,1.0032027229234775,0.26866883116883117,0.003246753246753247,99.43181818181819,0.0900749791813098,61.6,1232.0,data/cohface_16_0.pkl
cohface_16_0,of_farneback__robust_ossm_ukf,0.19074675324675325,0.00487012987012987,0.0016233766233766235,0.19074675324675325,0.17126623376623376,2352.6007374645706,0.0,0.8920454545454546,0.0,1.0096562423173923,0.19967532467532467,0.012987012987012988,97.72727272727273,0.10645391456040568,61.6,1232.0,data/cohface_16_0.pkl
cohface_16_0,profile1D linear,,,,,,,,,,,,,,,,,data/cohface_16_0.pkl
cohface_16_0,profile1d_linear__kfstd,,,,,,,,,,,,,,,55.95,,data/cohface_16_0.pkl
cohface_16_0,profile1d_linear__robust_ossm_ekf,0.6842532467532467,0.0,0.0,0.609577922077922,0.6842532467532467,0.2871796267571301,0.0,0.8831168831168831,3.748904138960604e-145,1.0488204762991828,0.08847402597402597,0.0,99.43181818181819,0.08530764255192799,61.6,1232.0,data/cohface_16_0.pkl
cohface_16_0,profile1d_linear__robust_ossm_ukf,0.8936688311688312,0.0,0.0,0.8474025974025974,0.8936688311688312,0.10680943486063613,0.0,0.898538961038961,0.0,1.05936885338897,0.015422077922077922,0.0,99.43181818181819,0.11735955093053022,61.6,1232.0,data/cohface_16_0.pkl
cohface_16_0,profile1D quadratic,,,,,,,,,,,,,,,,,data/cohface_16_0.pkl
cohface_16_0,profile1d_quadratic__kfstd,,,,,,,,,,,,,,,61.6,,data/cohface_16_0.pkl
cohface_16_0,profile1d_quadratic__robust_ossm_ekf,0.34415584415584416,0.0,0.0,0.34415584415584416,0.27435064935064934,0.12940916661390597,0.0,0.9147727272727273,0.0,1.0578615948810604,0.02353896103896104,0.0,99.43181818181819,0.0972311711475849,61.6,1232.0,data/cohface_16_0.pkl
cohface_16_0,profile1d_quadratic__robust_ossm_ukf,0.5706168831168831,0.0,0.0008116883116883117,0.5706168831168831,0.4082792207792208,0.08794010730105982,0.0,0.8652597402597403,0.0,1.0605401569594837,0.004058441558441558,0.0,99.43181818181819,0.13586675689366504,61.6,1232.0,data/cohface_16_0.pkl
cohface_16_0,profile1D cubic,,,,,,,,,,,,,,,,,data/cohface_16_0.pkl
cohface_16_0,profile1d_cubic__kfstd,,,,,,,,,,,,,,,61.6,,data/cohface_16_0.pkl
cohface_16_0,profile1d_cubic__robust_ossm_ekf,0.3806818181818182,0.0,0.0,0.3806818181818182,0.22483766233766234,0.1283534531173195,0.0,0.9099025974025974,0.0,1.057764346949906,0.024350649350649352,0.0,99.43181818181819,0.09732017813488893,61.6,1232.0,data/cohface_16_0.pkl
cohface_16_0,profile1d_cubic__robust_ossm_ukf,0.5113636363636364,0.0008116883116883117,0.0008116883116883117,0.5113636363636364,0.21022727272727273,2365566.1477847844,0.0,0.8806818181818182,0.0,1.0557836038148303,0.00974025974025974,0.004058441558441558,98.78246753246754,0.13676055668649686,48.3,1232.0,data/cohface_16_0.pkl
cohface_6_0,of_farneback,,,,,,,,,,,,,,,,,data/cohface_6_0.pkl
cohface_6_0,of_farneback__kfstd,,,,,,,,,,,,,,,60.4,,data/cohface_6_0.pkl
cohface_6_0,of_farneback__robust_ossm_ekf,0.9130794701986755,0.0,0.0,0.9130794701986755,0.0,0.03643995627137858,0.0,0.7847682119205298,0.0,1.0640374318403119,0.0,0.0,99.91721854304636,0.47073797077674184,60.4,1208.0,data/cohface_6_0.pkl
cohface_6_0,of_farneback__robust_ossm_ukf,0.8427152317880795,0.0,0.0024834437086092716,0.8427152317880795,0.09437086092715231,0.3005417627533024,0.0,0.9602649006622517,6.284522904109377e-134,1.046013104818559,0.060430463576158944,0.0,99.91721854304636,0.43800884594635353,60.4,1208.0,data/cohface_6_0.pkl
cohface_6_0,profile1D linear,,,,,,,,,,,,,,,,,data/cohface_6_0.pkl
cohface_6_0,profile1d_linear__kfstd,,,,,,,,,,,,,,,60.4,,data/cohface_6_0.pkl
cohface_6_0,profile1d_linear__robust_ossm_ekf,0.9519867549668874,0.0,0.0,0.9519867549668874,0.0,0.0047564450336316155,0.0,0.5306291390728477,0.0,1.0663295216980866,0.0,0.0,99.83443708609272,0.47005226162015784,60.4,1208.0,data/cohface_6_0.pkl
cohface_6_0,profile1d_linear__robust_ossm_ukf,0.9519867549668874,0.0,0.005794701986754967,0.9519867549668874,0.0,0.07062909715826546,0.0,0.9511589403973509,0.0,1.061681744537363,0.0,0.0,99.83443708609272,0.4794370411251782,60.4,1208.0,data/cohface_6_0.pkl
cohface_6_0,profile1D quadratic,,,,,,,,,,,,,,,,,data/cohface_6_0.pkl
cohface_6_0,profile1d_quadratic__kfstd,,,,,,,,,,,,,,,60.4,,data/cohface_6_0.pkl
cohface_6_0,profile1d_quadratic__robust_ossm_ekf,0.9519867549668874,0.0,0.0,0.9519867549668874,0.0,0.00450063108545392,0.0,0.5538079470198676,0.0,1.0663471983892692,0.0,0.0,99.91721854304636,0.47716430034656127,60.4,1208.0,data/cohface_6_0.pkl
cohface_6_0,profile1d_quadratic__robust_ossm_ukf,0.9519867549668874,0.0,0.008278145695364239,0.9519867549668874,0.0,0.07041964351466419,0.0,0.9437086092715232,0.0,1.0616983775975624,0.0,0.0,99.91721854304636,0.4823371760565075,60.4,1208.0,data/cohface_6_0.pkl
cohface_6_0,profile1D cubic,,,,,,,,,,,,,,,,,data/cohface_6_0.pkl
cohface_6_0,profile1d_cubic__kfstd,,,,,,,,,,,,,,,60.4,,data/cohface_6_0.pkl
cohface_6_0,profile1d_cubic__robust_ossm_ekf,0.9519867549668874,0.0,0.0,0.9519867549668874,0.0,0.004700519408991011,0.0,0.5529801324503312,0.0,1.066314101479594,0.0,0.0,99.91721854304636,0.47522448722765315,60.4,1208.0,data/cohface_6_0.pkl
cohface_6_0,profile1d_cubic__robust_ossm_ukf,0.9519867549668874,0.0,0.011589403973509934,0.9519867549668874,0.0,0.07123814395050357,0.0,0.945364238410596,0.0,1.0613693167859166,0.0,0.0,99.91721854304636,0.48194774354735104,60.4,1208.0,data/cohface_6_0.pkl
cohface_20_2,of_farneback,,,,,,,,,,,,,,,,,data/cohface_20_2.pkl
cohface_20_2,of_farneback__kfstd,,,,,,,,,,,,,,,60.5,,data/cohface_20_2.pkl
cohface_20_2,of_farneback__robust_ossm_ekf,0.2553719008264463,0.0,0.0,0.2553719008264463,0.00743801652892562,0.11954942699717133,0.0,0.9231404958677686,0.0,1.058118565773749,0.00743801652892562,0.0,99.75206611570248,0.13338255537245783,60.5,1210.0,data/cohface_20_2.pkl
cohface_20_2,of_farneback__robust_ossm_ukf,0.25206611570247933,0.0,0.0,0.25206611570247933,0.014049586776859505,0.13004573631043528,0.0,0.9256198347107438,1.50805744685658e-309,1.0574046192222908,0.005785123966942148,0.0,99.75206611570248,0.1309620421588129,60.5,1210.0,data/cohface_20_2.pkl
cohface_20_2,profile1D linear,,,,,,,,,,,,,,,,,data/cohface_20_2.pkl
cohface_20_2,profile1d_linear__kfstd,,,,,,,,,,,,,,,60.5,,data/cohface_20_2.pkl
cohface_20_2,profile1d_linear__robust_ossm_ekf,0.6074380165289256,0.0,0.0,0.6074380165289256,0.04462809917355372,0.2174462744409495,0.0,0.9429752066115702,2.1366317922932034e-197,1.0518484980746852,0.045454545454545456,0.0,73.30578512396694,0.15108314842187112,60.5,1210.0,data/cohface_20_2.pkl
cohface_20_2,profile1d_linear__robust_ossm_ukf,0.38099173553719007,0.0,0.0008264462809917355,0.38099173553719007,0.1859504132231405,0.156405642951252,0.0,0.9380165289256198,5.758253875464897e-268,1.0559055025942077,0.00909090909090909,0.0,99.91735537190083,0.2931036315390022,60.5,1210.0,data/cohface_20_2.pkl
cohface_20_2,profile1D quadratic,,,,,,,,,,,,,,,,,data/cohface_20_2.pkl
cohface_20_2,profile1d_quadratic__kfstd,,,,,,,,,,,,,,,60.5,,data/cohface_20_2.pkl
cohface_20_2,profile1d_quadratic__robust_ossm_ekf,0.9520661157024793,0.0,0.0,0.9520661157024793,0.0,0.018528041889012865,0.0,0.784297520661157,0.0,1.0653547271905526,0.0,0.0,99.75206611570248,0.2420172567684668,60.5,1210.0,data/cohface_20_2.pkl
cohface_20_2,profile1d_quadratic__robust_ossm_ukf,0.6380165289256199,0.0,0.0024793388429752068,0.6380165289256199,0.4909090909090909,0.05641197375220591,0.0,0.9049586776859504,0.0,1.0626930050814747,0.0,0.0,99.75206611570248,0.18418631234245134,60.5,1210.0,data/cohface_20_2.pkl
cohface_20_2,profile1D cubic,,,,,,,,,,,,,,,,,data/cohface_20_2.pkl
cohface_20_2,profile1d_cubic__kfstd,,,,,,,,,,,,,,,60.5,,data/cohface_20_2.pkl
cohface_20_2,profile1d_cubic__robust_ossm_ekf,0.9520661157024793,0.0,0.0,0.9520661157024793,0.0,0.019042500230710312,0.0,0.784297520661157,0.0,1.065244431727071,0.0,0.0,99.75206611570248,0.23621289373958865,60.5,1210.0,data/cohface_20_2.pkl
cohface_20_2,profile1d_cubic__robust_ossm_ukf,0.6388429752066116,0.0,0.003305785123966942,0.6388429752066116,0.4909090909090909,0.05665733080807745,0.0,0.903305785123967,0.0,1.0624662533886602,0.0,0.0,99.75206611570248,0.18440822813490312,60.5,1210.0,data/cohface_20_2.pkl
cohface_5_0,of_farneback,,,,,,,,,,,,,,,,,data/cohface_5_0.pkl
cohface_5_0,of_farneback__kfstd,,,,,,,,,,,,,,,60.5,,data/cohface_5_0.pkl
cohface_5_0,of_farneback__robust_ossm_ekf,0.5074380165289256,0.001652892561983471,0.0008264462809917355,0.5074380165289256,0.048760330578512395,1.2966447605737872,0.0,0.8991735537190083,2.2007062838724778e-11,0.9977258869436616,0.32727272727272727,0.0,99.25619834710744,0.11456024014643278,60.5,1210.0,data/cohface_5_0.pkl
cohface_5_0,of_farneback__robust_ossm_ukf,0.5578512396694215,0.001652892561983471,0.0,0.5578512396694215,0.11735537190082644,0.8548994957083729,0.0,0.8776859504132232,0.00018099362612419658,1.0231322021803764,0.19008264462809918,0.0,99.91735537190083,0.1551030071788017,60.5,1210.0,data/cohface_5_0.pkl
cohface_5_0,profile1D linear,,,,,,,,,,,,,,,,,data/cohface_5_0.pkl
cohface_5_0,profile1d_linear__kfstd,,,,,,,,,,,,,,,60.5,,data/cohface_5_0.pkl
cohface_5_0,profile1d_linear__robust_ossm_ekf,0.6570247933884298,0.0008264462809917355,0.0,0.6570247933884298,0.2636363636363636,0.400098073181734,0.0,0.856198347107438,4.634113213444358e-85,1.0446755291118242,0.08181818181818182,0.0,99.83471074380165,0.10802208305410767,60.5,1210.0,data/cohface_5_0.pkl
cohface_5_0,profile1d_linear__robust_ossm_ukf,0.8008264462809918,0.0,0.0008264462809917355,0.8008264462809918,0.31322314049586775,0.07286631797536142,0.0,0.9214876033057852,0.0,1.0616069319348933,0.005785123966942148,0.0,99.83471074380165,0.22319225240869495,60.5,1210.0,data/cohface_5_0.pkl
cohface_5_0,profile1D quadratic,,,,,,,,,,,,,,,,,data/cohface_5_0.pkl
cohface_5_0,profile1d_quadratic__kfstd,,,,,,,,,,,,,,,60.5,,data/cohface_5_0.pkl
cohface_5_0,profile1d_quadratic__robust_ossm_ekf,0.9520661157024793,0.0,0.0,0.9520661157024793,0.0,0.032791932813454085,0.0,0.8231404958677686,0.0,1.0643656610465715,0.0,0.0,99.83471074380165,0.16130157707679055,60.5,1210.0,data/cohface_5_0.pkl
cohface_5_0,profile1d_quadratic__robust_ossm_ukf,0.7330578512396694,0.0008264462809917355,0.001652892561983471,0.7330578512396694,0.07272727272727272,30593.21954014983,0.0,0.9057851239669421,0.0,1.0574884240658877,0.0049586776859504135,0.0049586776859504135,99.17355371900827,0.18902435856169011,41.0,1210.0,data/cohface_5_0.pkl
cohface_5_0,profile1D cubic,,,,,,,,,,,,,,,,,data/cohface_5_0.pkl
cohface_5_0,profile1d_cubic__kfstd,,,,,,,,,,,,,,,60.5,,data/cohface_5_0.pkl
cohface_5_0,profile1d_cubic__robust_ossm_ekf,0.9520661157024793,0.0,0.0,0.9520661157024793,0.0,0.036543826277267696,0.0,0.8289256198347107,0.0,1.0639890872069901,0.0,0.0,99.83471074380165,0.15768009555763826,60.5,1210.0,data/cohface_5_0.pkl
cohface_5_0,profile1d_cubic__robust_ossm_ukf,0.7289256198347107,0.0008264462809917355,0.0024793388429752068,0.7289256198347107,0.07272727272727272,299165.1245157976,0.0,0.9057851239669421,0.0,1.0559244429865664,0.005785123966942148,0.005785123966942148,98.7603305785124,0.18959572470438416,40.9,1210.0,data/cohface_5_0.pkl
cohface_18_2,of_farneback,,,,,,,,,,,,,,,,,data/cohface_18_2.pkl
cohface_18_2,of_farneback__kfstd,,,,,,,,,,,,,,,61.3,,data/cohface_18_2.pkl
cohface_18_2,of_farneback__robust_ossm_ekf,0.49184339314845027,0.0024469820554649264,0.0016313213703099511,0.49184339314845027,0.11011419249592169,0.7984512791978348,0.0,0.8923327895595432,8.433230247366821e-08,1.0306898134500346,0.1272430668841762,0.0032626427406199023,92.49592169657423,0.19960831293771017,61.3,1226.0,data/cohface_18_2.pkl
cohface_18_2,of_farneback__robust_ossm_ukf,0.4926590538336052,0.0016313213703099511,0.0008156606851549756,0.4926590538336052,0.100326264274062,0.6455971832510874,0.0,0.8939641109298532,6.4801976115307986e-24,1.0373775420654567,0.09543230016313213,0.0032626427406199023,97.71615008156607,0.20346011399418618,61.3,1226.0,data/cohface_18_2.pkl
cohface_18_2,profile1D linear,,,,,,,,,,,,,,,,,data/cohface_18_2.pkl
cohface_18_2,profile1d_linear__kfstd,,,,,,,,,,,,,,,17.55,,data/cohface_18_2.pkl
cohface_18_2,profile1d_linear__robust_ossm_ekf,0.3523654159869494,0.0,0.0,0.3523654159869494,0.15823817292006526,0.4757723966538008,0.0,0.9233278955954323,3.9295601012992056e-60,1.039303360644743,0.10195758564437195,0.0,79.69004893964112,0.18751267847958575,61.3,1226.0,data/cohface_18_2.pkl
cohface_18_2,profile1d_linear__robust_ossm_ukf,0.6835236541598695,0.0,0.0,0.6835236541598695,0.5897226753670473,0.13751873137295303,0.0,0.9290375203915171,1.0000542161437433e-300,1.0571678528161306,0.005709624796084829,0.0,99.51060358890702,0.17987665265771513,61.3,1226.0,data/cohface_18_2.pkl
cohface_18_2,profile1D quadratic,,,,,,,,,,,,,,,,,data/cohface_18_2.pkl
cohface_18_2,profile1d_quadratic__kfstd,,,,,,,,,,,,,,,61.3,,data/cohface_18_2.pkl
cohface_18_2,profile1d_quadratic__robust_ossm_ekf,0.7406199021207178,0.0,0.0,0.7406199021207178,0.0,0.039829703236219864,0.0,0.8287112561174551,0.0,1.0638761985959249,0.0,0.0,99.9184339314845,0.3564622219127287,61.3,1226.0,data/cohface_18_2.pkl
cohface_18_2,profile1d_quadratic__robust_ossm_ukf,0.7895595432300163,0.0,0.0065252854812398045,0.7895595432300163,0.0367047308319739,0.09363406355558808,0.0,0.9404567699836868,0.0,1.060117579701651,0.0,0.0,99.9184339314845,0.43196356357705595,61.3,1226.0,data/cohface_18_2.pkl
cohface_18_2,profile1D cubic,,,,,,,,,,,,,,,,,data/cohface_18_2.pkl
cohface_18_2,profile1d_cubic__kfstd,,,,,,,,,,,,,,,61.3,,data/cohface_18_2.pkl
cohface_18_2,profile1d_cubic__robust_ossm_ekf,0.6476345840130505,0.0,0.0,0.6476345840130505,0.0,0.04297292334863994,0.0,0.835236541598695,0.0,1.0635366589939412,0.0,0.0,99.9184339314845,0.32499831550810887,61.3,1226.0,data/cohface_18_2.pkl
cohface_18_2,profile1d_cubic__robust_ossm_ukf,0.7895595432300163,0.0,0.008156606851549755,0.7895595432300163,0.0,0.09149344111434292,0.0,0.9249592169657422,0.0,1.0599646042887003,0.0,0.0,99.9184339314845,0.46605940231026693,61.3,1226.0,data/cohface_18_2.pkl
cohface_38_2,of_farneback,,,,,,,,,,,,,,,,,data/cohface_38_2.pkl
cohface_38_2,of_farneback__kfstd,,,,,,,,,,,,,,,59.2,,data/cohface_38_2.pkl
cohface_38_2,of_farneback__robust_ossm_ekf,0.3471283783783784,0.0008445945945945946,0.0,0.3471283783783784,0.08192567567567567,0.5893916307769136,0.0,0.8724662162162162,3.526057552203082e-32,1.0363557721349672,0.13766891891891891,0.0,86.82432432432432,0.13041917606401468,59.2,1184.0,data/cohface_38_2.pkl
cohface_38_2,of_farneback__robust_ossm_ukf,0.21452702702702703,0.0,0.0,0.21452702702702703,0.07347972972972973,0.20014040479005962,0.0,0.9130067567567568,4.45071658147967e-210,1.0536613192866209,0.04560810810810811,0.0,96.79054054054055,0.13095731720770074,59.2,1184.0,data/cohface_38_2.pkl
cohface_38_2,profile1D linear,,,,,,,,,,,,,,,,,data/cohface_38_2.pkl
cohface_38_2,profile1d_linear__kfstd,,,,,,,,,,,,,,,59.2,,data/cohface_38_2.pkl
cohface_38_2,profile1d_linear__robust_ossm_ekf,0.9510135135135135,0.0,0.0,0.9510135135135135,0.0,0.01640022967490864,0.0,0.7592905405405406,0.0,1.0655096436104152,0.0,0.0,99.83108108108108,0.3795148465629073,59.2,1184.0,data/cohface_38_2.pkl
cohface_38_2,profile1d_linear__robust_ossm_ukf,0.9510135135135135,0.0,0.0033783783783783786,0.9510135135135135,0.0,0.0805553925989898,0.0,0.9442567567567568,0.0,1.060999565399824,0.0,0.0,99.83108108108108,0.4053919295545747,59.2,1184.0,data/cohface_38_2.pkl
cohface_38_2,profile1D quadratic,,,,,,,,,,,,,,,,,data/cohface_38_2.pkl
cohface_38_2,profile1d_quadratic__kfstd,,,,,,,,,,,,,,,59.2,,data/cohface_38_2.pkl
cohface_38_2,profile1d_quadratic__robust_ossm_ekf,0.8116554054054054,0.0,0.0,0.8116554054054054,0.0,0.03725902377666975,0.0,0.8285472972972973,0.0,1.0640634694652014,0.0008445945945945946,0.0,99.83108108108108,0.2735955440795996,59.2,1184.0,data/cohface_38_2.pkl
cohface_38_2,profile1d_quadratic__robust_ossm_ukf,0.5988175675675675,0.0,0.0033783783783783786,0.5988175675675675,0.0,0.08676331810458275,0.0,0.9442567567567568,0.0,1.0605918278618838,0.0008445945945945946,0.0,99.83108108108108,0.2722462127845337,59.2,1184.0,data/cohface_38_2.pkl
cohface_38_2,profile1D cubic,,,,,,,,,,,,,,,,,data/cohface_38_2.pkl
cohface_38_2,profile1d_cubic__kfstd,,,,,,,,,,,,,,,59.2,,data/cohface_38_2.pkl
cohface_38_2,profile1d_cubic__robust_ossm_ekf,0.7761824324324325,0.0,0.0,0.7761824324324325,0.0,0.03867240717641496,0.0,0.825168918918919,0.0,1.0638613814065656,0.0033783783783783786,0.0,99.83108108108108,0.26075895479346656,59.2,1184.0,data/cohface_38_2.pkl
cohface_38_2,profile1d_cubic__robust_ossm_ukf,0.6097972972972973,0.0,0.004222972972972973,0.6097972972972973,0.0,0.0889592557196036,0.0,0.9324324324324325,0.0,1.060153523599117,0.002533783783783784,0.0,99.83108108108108,0.28035620966466906,59.2,1184.0,data/cohface_38_2.pkl
cohface_29_3,of_farneback,,,,,,,,,,,,,,,,,data/cohface_29_3.pkl
cohface_29_3,of_farneback__kfstd,,,,,,,,,,,,,,,65.5,,data/cohface_29_3.pkl
cohface_29_3,of_farneback__robust_ossm_ekf,0.383206106870229,0.0015267175572519084,0.0007633587786259542,0.383206106870229,0.009923664122137405,0.7188478102979019,0.0,0.9122137404580153,1.2989318847009908e-15,1.0284486032063689,0.12290076335877863,0.0,93.89312977099236,0.182825616306479,65.5,1310.0,data/cohface_29_3.pkl
cohface_29_3,of_farneback__robust_ossm_ukf,0.4022900763358779,0.0,0.0007633587786259542,0.4022900763358779,0.007633587786259542,0.30971212009572696,0.0,0.9412213740458015,3.9193038151507544e-139,1.0468903088597887,0.0633587786259542,0.0,99.92366412213741,0.20397634403212275,65.5,1310.0,data/cohface_29_3.pkl
cohface_29_3,profile1D linear,,,,,,,,,,,,,,,,,data/cohface_29_3.pkl
cohface_29_3,profile1d_linear__kfstd,,,,,,,,,,,,,,,51.7,,data/cohface_29_3.pkl
cohface_29_3,profile1d_linear__robust_ossm_ekf,0.8015267175572519,0.0,0.0,0.8015267175572519,0.07709923664122137,0.2467310989540329,0.0,0.9488549618320611,6.312801202266286e-186,1.0504148057480716,0.050381679389312976,0.0,82.44274809160305,0.11126957954143521,65.5,1310.0,data/cohface_29_3.pkl
cohface_29_3,profile1d_linear__robust_ossm_ukf,0.6221374045801527,0.0,0.0022900763358778627,0.6221374045801527,0.042748091603053436,0.11773375323955315,0.0,0.9221374045801527,0.0,1.058522757443264,0.0022900763358778627,0.0,99.92366412213741,0.3292299101123723,65.5,1310.0,data/cohface_29_3.pkl
cohface_29_3,profile1D quadratic,,,,,,,,,,,,,,,,,data/cohface_29_3.pkl
cohface_29_3,profile1d_quadratic__kfstd,,,,,,,,,,,,,,,65.5,,data/cohface_29_3.pkl
cohface_29_3,profile1d_quadratic__robust_ossm_ekf,0.7389312977099237,0.0,0.0,0.7389312977099237,0.0,0.030211519240764532,0.0,0.8633587786259542,0.0,1.0645335685543393,0.0,0.0,99.92366412213741,0.22737207710950377,65.5,1310.0,data/cohface_29_3.pkl
cohface_29_3,profile1d_quadratic__robust_ossm_ukf,0.7709923664122137,0.0,0.0015267175572519084,0.7709923664122137,0.5778625954198473,0.06681359496724928,0.0,0.932824427480916,0.0,1.061961513931529,0.0,0.0,99.92366412213741,0.21441676169491608,65.5,1310.0,data/cohface_29_3.pkl
cohface_29_3,profile1D cubic,,,,,,,,,,,,,,,,,data/cohface_29_3.pkl
cohface_29_3,profile1d_cubic__kfstd,,,,,,,,,,,,,,,65.5,,data/cohface_29_3.pkl
cohface_29_3,profile1d_cubic__robust_ossm_ekf,0.6534351145038167,0.0,0.0,0.6534351145038167,0.0,0.03185397923714181,0.0,0.8694656488549618,0.0,1.0643027632494642,0.0,0.0,99.92366412213741,0.21156935000691385,65.5,1310.0,data/cohface_29_3.pkl
cohface_29_3,profile1d_cubic__robust_ossm_ukf,0.832824427480916,0.0,0.0007633587786259542,0.832824427480916,0.6458015267175573,0.06921118274541155,0.0,0.9358778625954198,0.0,1.061537645315336,0.0,0.0,99.92366412213741,0.21627246204542594,65.5,1310.0,data/cohface_29_3.pkl
cohface_22_1,of_farneback,,,,,,,,,,,,,,,,,data/cohface_22_1.pkl
cohface_22_1,of_farneback__kfstd,,,,,,,,,,,,,,,60.5,,data/cohface_22_1.pkl
cohface_22_1,of_farneback__robust_ossm_ekf,0.17603305785123968,0.0,0.0,0.17603305785123968,0.0,0.10921183164963609,0.0,0.9148760330578513,0.0,1.0587762920312624,0.0,0.0,99.42148760330579,0.08884839385363244,60.5,1210.0,data/cohface_22_1.pkl
cohface_22_1,of_farneback__robust_ossm_ukf,0.2049586776859504,0.0,0.0,0.2049586776859504,0.04628099173553719,0.11507423433034573,0.0,0.9231404958677686,0.0,1.0583587016054934,0.0,0.0,99.42148760330579,0.08686783778705331,60.5,1210.0,data/cohface_22_1.pkl
cohface_22_1,profile1D linear,,,,,,,,,,,,,,,,,data/cohface_22_1.pkl
cohface_22_1,profile1d_linear__kfstd,,,,,,,,,,,,,,,60.5,,data/cohface_22_1.pkl
cohface_22_1,profile1d_linear__robust_ossm_ekf,0.871900826446281,0.0,0.0,0.871900826446281,0.0,0.023446218107738528,0.0,0.859504132231405,0.0,1.0650059905971643,0.0,0.0,99.42148760330579,0.15616672792166084,60.5,1210.0,data/cohface_22_1.pkl
cohface_22_1,profile1d_linear__robust_ossm_ukf,0.7628099173553718,0.0,0.0049586776859504135,0.7628099173553718,0.412396694214876,0.08762248699011103,0.0,0.947107438016529,0.0,1.0605117861482083,0.0,0.0,99.42148760330579,0.16508971452022494,60.5,1210.0,data/cohface_22_1.pkl
cohface_22_1,profile1D quadratic,,,,,,,,,,,,,,,,,data/cohface_22_1.pkl
cohface_22_1,profile1d_quadratic__kfstd,,,,,,,,,,,,,,,60.5,,data/cohface_22_1.pkl
cohface_22_1,profile1d_quadratic__robust_ossm_ekf,0.9520661157024793,0.0,0.0,0.9520661157024793,0.0,0.014531046066092778,0.0,0.828099173553719,0.0,1.065635582600059,0.0,0.0,99.42148760330579,0.1619445602748593,60.5,1210.0,data/cohface_22_1.pkl
cohface_22_1,profile1d_quadratic__robust_ossm_ukf,0.6991735537190082,0.0,0.0008264462809917355,0.6991735537190082,0.5652892561983471,0.060048275302941524,0.0,0.9322314049586777,0.0,1.0624340208256595,0.0,0.0,99.42148760330579,0.1332629638469556,60.5,1210.0,data/cohface_22_1.pkl
cohface_22_1,profile1D cubic,,,,,,,,,,,,,,,,,data/cohface_22_1.pkl
cohface_22_1,profile1d_cubic__kfstd,,,,,,,,,,,,,,,60.5,,data/cohface_22_1.pkl
cohface_22_1,profile1d_cubic__robust_ossm_ekf,0.9520661157024793,0.0,0.0,0.9520661157024793,0.0,0.015004497619303744,0.0,0.8305785123966942,0.0,1.065539834183687,0.0,0.0,99.42148760330579,0.16416590761477792,60.5,1210.0,data/cohface_22_1.pkl
cohface_22_1,profile1d_cubic__robust_ossm_ukf,0.6991735537190082,0.0,0.0,0.6991735537190082,0.5669421487603306,0.061306714560852196,0.0,0.9338842975206612,0.0,1.062113475550067,0.0,0.0,99.42148760330579,0.13334597347942265,60.5,1210.0,data/cohface_22_1.pkl
cohface_23_0,of_farneback,,,,,,,,,,,,,,,,,data/cohface_23_0.pkl
cohface_23_0,of_farneback__kfstd,,,,,,,,,,,,,,,60.4,,data/cohface_23_0.pkl
cohface_23_0,of_farneback__robust_ossm_ekf,0.7748344370860927,0.0,0.0,0.7748344370860927,0.0,0.038684504462679604,0.0,0.8385761589403974,0.0,1.0638467620180065,0.0,0.0,99.83443708609272,0.30826052315412705,60.4,1208.0,data/cohface_23_0.pkl
cohface_23_0,of_farneback__robust_ossm_ukf,0.46688741721854304,0.0,0.0,0.46688741721854304,0.0,0.1060636502633578,0.0,0.9519867549668874,0.0,1.059056688413564,0.0,0.0,99.83443708609272,0.22848979862494123,60.4,1208.0,data/cohface_23_0.pkl
cohface_23_0,profile1D linear,,,,,,,,,,,,,,,,,data/cohface_23_0.pkl
cohface_23_0,profile1d_linear__kfstd,,,,,,,,,,,,,,,60.4,,data/cohface_23_0.pkl
cohface_23_0,profile1d_linear__robust_ossm_ekf,0.859271523178808,0.0,0.0,0.859271523178808,0.0,0.0377603863711678,0.0,0.4329470198675497,0.0,1.0641365542669676,0.005794701986754967,0.0,99.83443708609272,0.36902521068547595,60.4,1208.0,data/cohface_23_0.pkl
cohface_23_0,profile1d_linear__robust_ossm_ukf,0.8642384105960265,0.0,0.006622516556291391,0.8642384105960265,0.0,0.09076532247864981,0.0,0.9561258278145696,0.0,1.060362550874666,0.005794701986754967,0.0,99.83443708609272,0.36418700775478036,60.4,1208.0,data/cohface_23_0.pkl
cohface_23_0,profile1D quadratic,,,,,,,,,,,,,,,,,data/cohface_23_0.pkl
cohface_23_0,profile1d_quadratic__kfstd,,,,,,,,,,,,,,,60.4,,data/cohface_23_0.pkl
cohface_23_0,profile1d_quadratic__robust_ossm_ekf,0.9519867549668874,0.0,0.0,0.9519867549668874,0.0,0.0026211779538085874,0.0,0.5024834437086093,0.0,1.0664804031835955,0.0,0.0,99.83443708609272,0.4058087239708322,60.4,1208.0,data/cohface_23_0.pkl
cohface_23_0,profile1d_quadratic__robust_ossm_ukf,0.9519867549668874,0.0,0.0033112582781456954,0.9519867549668874,0.0,0.08461106918331221,0.0,0.9503311258278145,0.0,1.0607041216672377,0.0,0.0,99.83443708609272,0.41201615572410966,60.4,1208.0,data/cohface_23_0.pkl
cohface_23_0,profile1D cubic,,,,,,,,,,,,,,,,,data/cohface_23_0.pkl
cohface_23_0,profile1d_cubic__kfstd,,,,,,,,,,,,,,,60.4,,data/cohface_23_0.pkl
cohface_23_0,profile1d_cubic__robust_ossm_ekf,0.9519867549668874,0.0,0.0,0.9519867549668874,0.0,0.0027642536710212745,0.0,0.5099337748344371,0.0,1.0664588896669114,0.0,0.0,99.83443708609272,0.40752117436429497,60.4,1208.0,data/cohface_23_0.pkl
cohface_23_0,profile1d_cubic__robust_ossm_ukf,0.9519867549668874,0.0,0.0024834437086092716,0.9519867549668874,0.0,0.08561509552247844,0.0,0.9536423841059603,0.0,1.060312111710221,0.0,0.0,99.83443708609272,0.4114602290072896,60.4,1208.0,data/cohface_23_0.pkl
cohface_9_2,of_farneback,,,,,,,,,,,,,,,,,data/cohface_9_2.pkl
cohface_9_2,of_farneback__kfstd,,,,,,,,,,,,,,,61.45,,data/cohface_9_2.pkl
cohface_9_2,of_farneback__robust_ossm_ekf,0.16598860862489828,0.0,0.0,0.16598860862489828,0.061025223759153785,0.3191237153362433,0.0,0.9210740439381611,3.6734332017956137e-125,1.046636039741613,0.05126118795768918,0.0,98.12855980471929,0.11936325732021617,61.45,1229.0,data/cohface_9_2.pkl
cohface_9_2,of_farneback__robust_ossm_ukf,0.17982099267697316,0.0,0.0,0.17982099267697316,0.12449145646867373,0.23496399079561284,0.0,0.9389747762408462,1.8713253158279985e-184,1.0510449207231323,0.04068348250610252,0.0,98.53539462978031,0.11569591560830182,61.45,1229.0,data/cohface_9_2.pkl
cohface_9_2,profile1D linear,,,,,,,,,,,,,,,,,data/cohface_9_2.pkl
cohface_9_2,profile1d_linear__kfstd,,,,,,,,,,,,,,,61.45,,data/cohface_9_2.pkl
cohface_9_2,profile1d_linear__robust_ossm_ekf,0.6362896663954435,0.0,0.0,0.6362896663954435,0.0,0.02944841871308718,0.0,0.8633034987794955,0.0,1.0645896886961979,0.0,0.0,99.83726606997558,0.17040294903844744,61.45,1229.0,data/cohface_9_2.pkl
cohface_9_2,profile1d_linear__robust_ossm_ukf,0.7388120423108218,0.0,0.0016273393002441008,0.6501220504475184,0.7388120423108218,0.05951796257862151,0.0,0.9113100081366965,0.0,1.0624775815271805,0.0,0.0,99.83726606997558,0.16095155658726387,61.45,1229.0,data/cohface_9_2.pkl
cohface_9_2,profile1D quadratic,,,,,,,,,,,,,,,,,data/cohface_9_2.pkl
cohface_9_2,profile1d_quadratic__kfstd,,,,,,,,,,,,,,,61.45,,data/cohface_9_2.pkl
cohface_9_2,profile1d_quadratic__robust_ossm_ekf,0.6753458096013019,0.0,0.0,0.6753458096013019,0.004882017900732303,0.046490084121248686,0.0,0.8779495524816925,0.0,1.0634130757293816,0.0016273393002441008,0.0,99.75589910496339,0.18979595152320805,61.45,1229.0,data/cohface_9_2.pkl
cohface_9_2,profile1d_quadratic__robust_ossm_ukf,0.6932465419039869,0.0,0.0,0.6932465419039869,0.6192026037428804,0.07093269627387949,0.0,0.9129373474369405,0.0,1.0617206099199026,0.0016273393002441008,0.0,99.75589910496339,0.1478308664428434,61.45,1229.0,data/cohface_9_2.pkl
cohface_9_2,profile1D cubic,,,,,,,,,,,,,,,,,data/cohface_9_2.pkl
cohface_9_2,profile1d_cubic__kfstd,,,,,,,,,,,,,,,61.45,,data/cohface_9_2.pkl
cohface_9_2,profile1d_cubic__robust_ossm_ekf,0.6159479251423922,0.0,0.0,0.6159479251423922,0.0,0.04740959424379578,0.0,0.886899918633035,0.0,1.0632062452885405,0.0016273393002441008,0.0,99.75589910496339,0.17541285947024238,61.45,1229.0,data/cohface_9_2.pkl
cohface_9_2,profile1d_cubic__robust_ossm_ukf,0.613506916192026,0.0008136696501220504,0.0024410089503661514,0.613506916192026,0.1114727420667209,56695.295863923886,0.0,0.9210740439381611,0.0,1.0566252742984055,0.006509357200976403,0.0040683482506102524,99.10496338486574,0.18189763950360643,32.45,1229.0,data/cohface_9_2.pkl
cohface_31_3,of_farneback,,,,,,,,,,,,,,,,,data/cohface_31_3.pkl
cohface_31_3,of_farneback__kfstd,,,,,,,,,,,,,,,62.25,,data/cohface_31_3.pkl
cohface_31_3,of_farneback__robust_ossm_ekf,0.3301204819277108,0.0024096385542168677,0.0008032128514056225,0.3301204819277108,0.2891566265060241,0.9898891366341318,1.0,0.9269076305220884,0.8105249196730777,1.0168756386947253,0.20883534136546184,0.00321285140562249,94.85943775100401,0.11068404592821203,62.25,1245.0,data/cohface_31_3.pkl
cohface_31_3,of_farneback__robust_ossm_ukf,0.3718875502008032,0.0008032128514056225,0.0008032128514056225,0.3718875502008032,0.16224899598393575,3699.8463955625016,0.0,0.9389558232931727,0.0,1.0392794986056944,0.09959839357429719,0.005622489959839358,96.62650602409639,0.17110414417063588,62.25,1245.0,data/cohface_31_3.pkl
cohface_31_3,profile1D linear,,,,,,,,,,,,,,,,,data/cohface_31_3.pkl
cohface_31_3,profile1d_linear__kfstd,,,,,,,,,,,,,,,62.25,,data/cohface_31_3.pkl
cohface_31_3,profile1d_linear__robust_ossm_ekf,0.6465863453815262,0.0,0.0,0.6465863453815262,0.14216867469879518,0.30916335864693356,0.0,0.9751004016064257,1.1845392384159439e-132,1.0459590913312216,0.07309236947791165,0.0,86.50602409638554,0.09863182070709506,62.25,1245.0,data/cohface_31_3.pkl
cohface_31_3,profile1d_linear__robust_ossm_ukf,0.7943775100401607,0.0,0.0,0.7188755020080321,0.7943775100401607,0.10615273891755256,0.0,0.8763052208835341,0.0,1.0593174399391279,0.00642570281124498,0.0,99.91967871485944,0.22101608286082627,62.25,1245.0,data/cohface_31_3.pkl
cohface_31_3,profile1D quadratic,,,,,,,,,,,,,,,,,data/cohface_31_3.pkl
cohface_31_3,profile1d_quadratic__kfstd,,,,,,,,,,,,,,,57.0,,data/cohface_31_3.pkl
cohface_31_3,profile1d_quadratic__robust_ossm_ekf,0.8297188755020081,0.0,0.0008032128514056225,0.8297188755020081,0.14779116465863454,0.2104955229649592,0.0,0.9020080321285141,5.849385613785557e-210,1.0527959073041362,0.033734939759036145,0.0,91.96787148594377,0.14559979759308928,62.25,1245.0,data/cohface_31_3.pkl
cohface_31_3,profile1d_quadratic__robust_ossm_ukf,0.8281124497991967,0.0008032128514056225,0.001606425702811245,0.8281124497991967,0.0024096385542168677,2087.3346348635364,0.0,0.8963855421686747,0.0,1.0510717708228188,0.021686746987951807,0.004016064257028112,98.55421686746988,0.28487493721339374,47.2,1245.0,data/cohface_31_3.pkl
cohface_31_3,profile1D cubic,,,,,,,,,,,,,,,,,data/cohface_31_3.pkl
cohface_31_3,profile1d_cubic__kfstd,,,,,,,,,,,,,,,57.0,,data/cohface_31_3.pkl
cohface_31_3,profile1d_cubic__robust_ossm_ekf,0.593574297188755,0.0008032128514056225,0.0,0.593574297188755,0.39759036144578314,0.27031278446123996,0.0,0.8987951807228916,1.7700351319435076e-158,1.0511588804440424,0.03293172690763052,0.0,96.62650602409639,0.1436339078091552,47.6,1245.0,data/cohface_31_3.pkl
cohface_31_3,profile1d_cubic__robust_ossm_ukf,0.8337349397590361,0.0008032128514056225,0.00321285140562249,0.8337349397590361,0.0024096385542168677,30069.681540020007,0.0,0.8891566265060241,0.0,1.051590957423147,0.016867469879518072,0.004016064257028112,99.27710843373494,0.28653751239418024,46.8,1245.0,data/cohface_31_3.pkl
cohface_5_1,of_farneback,,,,,,,,,,,,,,,,,data/cohface_5_1.pkl
cohface_5_1,of_farneback__kfstd,,,,,,,,,,,,,,,60.45,,data/cohface_5_1.pkl
cohface_5_1,of_farneback__robust_ossm_ekf,0.6674937965260546,0.0008271298593879239,0.0,0.6674937965260546,0.1348221670802316,0.5959077177507248,0.0,0.9073614557485525,1.2150568021427937e-31,1.0309860151856116,0.1728701406120761,0.0,99.58643507030604,0.18527194011946482,60.45,1209.0,data/cohface_5_1.pkl
cohface_5_1,of_farneback__robust_ossm_ukf,0.869313482216708,0.0,0.0008271298593879239,0.869313482216708,0.1282051282051282,0.6682082773596287,0.0,0.9007444168734491,1.7820152851644777e-20,1.0284509950307554,0.16790736145574855,0.0,99.75186104218362,0.2950104424631058,60.45,1209.0,data/cohface_5_1.pkl
cohface_5_1,profile1D linear,,,,,,,,,,,,,,,,,data/cohface_5_1.pkl
cohface_5_1,profile1d_linear__kfstd,,,,,,,,,,,,,,,60.45,,data/cohface_5_1.pkl
cohface_5_1,profile1d_linear__robust_ossm_ekf,0.7485525227460711,0.0,0.0,0.7485525227460711,0.0,0.07871086083345959,0.0,0.8072787427626137,0.0,1.061384100220963,0.015715467328370553,0.0,99.75186104218362,0.1037511501613866,60.45,1209.0,data/cohface_5_1.pkl
cohface_5_1,profile1d_linear__robust_ossm_ukf,0.8684863523573201,0.0,0.0016542597187758478,0.8684863523573201,0.0,0.08015853215234138,0.0,0.956989247311828,0.0,1.0611168278369558,0.005789909015715467,0.0,99.75186104218362,0.18539872713546982,60.45,1209.0,data/cohface_5_1.pkl
cohface_5_1,profile1D quadratic,,,,,,,,,,,,,,,,,data/cohface_5_1.pkl
cohface_5_1,profile1d_quadratic__kfstd,,,,,,,,,,,,,,,60.45,,data/cohface_5_1.pkl
cohface_5_1,profile1d_quadratic__robust_ossm_ekf,0.9520264681555004,0.0,0.0,0.9520264681555004,0.0,0.014074324920668405,0.0,0.706368899917287,0.0,1.0656725124802395,0.0,0.0,99.75186104218362,0.15184831501889007,60.45,1209.0,data/cohface_5_1.pkl
cohface_5_1,profile1d_quadratic__robust_ossm_ukf,0.7311827956989247,0.0,0.0024813895781637717,0.7311827956989247,0.21339950372208435,0.06194993648702824,0.0,0.9255583126550868,0.0,1.0622996608160349,0.0,0.0,99.75186104218362,0.19570494761940432,60.45,1209.0,data/cohface_5_1.pkl
cohface_5_1,profile1D cubic,,,,,,,,,,,,,,,,,data/cohface_5_1.pkl
cohface_5_1,profile1d_cubic__kfstd,,,,,,,,,,,,,,,60.45,,data/cohface_5_1.pkl
cohface_5_1,profile1d_cubic__robust_ossm_ekf,0.9230769230769231,0.0,0.0,0.9230769230769231,0.0,0.014637960427386717,0.0,0.7154673283705542,0.0,1.0655778618821536,0.0,0.0,99.75186104218362,0.1516323244202357,60.45,1209.0,data/cohface_5_1.pkl
cohface_5_1,profile1d_cubic__robust_ossm_ukf,0.7593052109181141,0.0,0.0008271298593879239,0.7593052109181141,0.22580645161290322,0.06361287849507254,0.0,0.923904052936311,0.0,1.0619437233908073,0.0,0.0,99.75186104218362,0.19337951790928792,60.45,1209.0,data/cohface_5_1.pkl
cohface_38_1,of_farneback,,,,,,,,,,,,,,,,,data/cohface_38_1.pkl
cohface_38_1,of_farneback__kfstd,,,,,,,,,,,,,,,61.5,,data/cohface_38_1.pkl
cohface_38_1,of_farneback__robust_ossm_ekf,0.3829268292682927,0.0,0.0,0.3829268292682927,0.0,0.13525885636017532,0.0,0.9113821138211382,1.59224984253928e-305,1.0574021373896634,0.03333333333333333,0.0,99.59349593495935,0.1426932113433991,61.5,1230.0,data/cohface_38_1.pkl
cohface_38_1,of_farneback__robust_ossm_ukf,0.24146341463414633,0.0,0.0,0.24146341463414633,0.0,0.13670725666999353,0.0,0.9032520325203252,4.5791495362859906e-303,1.0572624313969932,0.027642276422764227,0.0,99.34959349593495,0.12685469321704304,61.5,1230.0,data/cohface_38_1.pkl
cohface_38_1,profile1D linear,,,,,,,,,,,,,,,,,data/cohface_38_1.pkl
cohface_38_1,profile1d_linear__kfstd,,,,,,,,,,,,,,,61.5,,data/cohface_38_1.pkl
cohface_38_1,profile1d_linear__robust_ossm_ekf,0.6967479674796748,0.0,0.0,0.6967479674796748,0.0,0.02787441819959644,0.0,0.8463414634146341,0.0,1.0646986846683455,0.0,0.0,99.67479674796748,0.22662506086643325,61.5,1230.0,data/cohface_38_1.pkl
cohface_38_1,profile1d_linear__robust_ossm_ukf,0.8658536585365854,0.0,0.0040650406504065045,0.8658536585365854,0.0,0.09835131756293325,0.0,0.9552845528455285,0.0,1.059758166457824,0.0,0.0,99.67479674796748,0.3181646595795919,61.5,1230.0,data/cohface_38_1.pkl
cohface_38_1,profile1D quadratic,,,,,,,,,,,,,,,,,data/cohface_38_1.pkl
cohface_38_1,profile1d_quadratic__kfstd,,,,,,,,,,,,,,,61.5,,data/cohface_38_1.pkl
cohface_38_1,profile1d_quadratic__robust_ossm_ekf,0.6382113821138211,0.0,0.0,0.6382113821138211,0.004878048780487805,0.1347967358384137,0.0,0.9056910569105691,2.5769844091940047e-306,1.0576547314269376,0.030894308943089432,0.0,98.3739837398374,0.19712192664479336,61.5,1230.0,data/cohface_38_1.pkl
cohface_38_1,profile1d_quadratic__robust_ossm_ukf,0.7284552845528456,0.0,0.0065040650406504065,0.7284552845528456,0.0,0.10194043540737976,0.0,0.9357723577235773,0.0,1.059595954801686,0.0040650406504065045,0.0,99.51219512195122,0.34688701237323943,61.5,1230.0,data/cohface_38_1.pkl
cohface_38_1,profile1D cubic,,,,,,,,,,,,,,,,,data/cohface_38_1.pkl
cohface_38_1,profile1d_cubic__kfstd,,,,,,,,,,,,,,,61.5,,data/cohface_38_1.pkl
cohface_38_1,profile1d_cubic__robust_ossm_ekf,0.6691056910569105,0.0,0.0,0.6691056910569105,0.06585365853658537,0.15515905287789142,0.0,0.8626016260162601,3.613662946096896e-274,1.0564351385906514,0.04796747967479675,0.0,98.3739837398374,0.23072859777476584,61.5,1230.0,data/cohface_38_1.pkl
cohface_38_1,profile1d_cubic__robust_ossm_ukf,0.8105691056910569,0.0,0.005691056910569106,0.8105691056910569,0.0,0.10237723603105212,0.0,0.9357723577235773,0.0,1.0592764528681375,0.0040650406504065045,0.0,99.34959349593495,0.3643963650213586,61.5,1230.0,data/cohface_38_1.pkl
cohface_39_2,of_farneback,,,,,,,,,,,,,,,,,data/cohface_39_2.pkl
cohface_39_2,of_farneback__kfstd,,,,,,,,,,,,,,,62.0,,data/cohface_39_2.pkl
cohface_39_2,of_farneback__robust_ossm_ekf,0.5653225806451613,0.0,0.0,0.5653225806451613,0.0,0.2280616665220945,0.0,0.917741935483871,2.913160656428324e-192,1.0511438062900593,0.04112903225806452,0.0,99.6774193548387,0.1950916236868357,62.0,1240.0,data/cohface_39_2.pkl
cohface_39_2,of_farneback__robust_ossm_ukf,0.482258064516129,0.0,0.0,0.482258064516129,0.01935483870967742,0.2067682316111491,0.0,0.9387096774193548,6.218021199831301e-213,1.0524366508212508,0.05161290322580645,0.0,99.6774193548387,0.18065773025686346,62.0,1240.0,data/cohface_39_2.pkl
cohface_39_2,profile1D linear,,,,,,,,,,,,,,,,,data/cohface_39_2.pkl
cohface_39_2,profile1d_linear__kfstd,,,,,,,,,,,,,,,62.0,,data/cohface_39_2.pkl
cohface_39_2,profile1d_linear__robust_ossm_ekf,0.7693548387096775,0.0,0.0,0.7693548387096775,0.0,0.019748948415153893,0.0,0.8048387096774193,0.0,1.0652689482365374,0.0,0.0,99.6774193548387,0.17359339911339594,62.0,1240.0,data/cohface_39_2.pkl
cohface_39_2,profile1d_linear__robust_ossm_ukf,0.5161290322580645,0.0008064516129032258,0.0016129032258064516,0.5161290322580645,0.14596774193548387,1970.5787789000308,0.0,0.8806451612903226,0.0,1.0582575763953939,0.004032258064516129,0.004032258064516129,99.03225806451613,0.1997344448192854,48.75,1240.0,data/cohface_39_2.pkl
cohface_39_2,profile1D quadratic,,,,,,,,,,,,,,,,,data/cohface_39_2.pkl
cohface_39_2,profile1d_quadratic__kfstd,,,,,,,,,,,,,,,62.0,,data/cohface_39_2.pkl
cohface_39_2,profile1d_quadratic__robust_ossm_ekf,0.8870967741935484,0.0,0.0,0.8870967741935484,0.0,0.027580153924749114,0.0,0.8451612903225807,0.0,1.0647185890067568,0.0,0.0,99.6774193548387,0.2593021445514239,62.0,1240.0,data/cohface_39_2.pkl
cohface_39_2,profile1d_quadratic__robust_ossm_ukf,0.7483870967741936,0.0008064516129032258,0.00564516129032258,0.7483870967741936,0.17016129032258065,1771.8686628244163,0.0,0.8879032258064516,0.0,1.0571632616424538,0.004032258064516129,0.004032258064516129,99.11290322580645,0.274552866730742,58.7,1240.0,data/cohface_39_2.pkl
cohface_39_2,profile1D cubic,,,,,,,,,,,,,,,,,data/cohface_39_2.pkl
cohface_39_2,profile1d_cubic__kfstd,,,,,,,,,,,,,,,62.0,,data/cohface_39_2.pkl
cohface_39_2,profile1d_cubic__robust_ossm_ekf,0.882258064516129,0.0,0.0,0.882258064516129,0.0,0.028463287505116154,0.0,0.8435483870967742,0.0,1.064557332275401,0.0,0.0,99.6774193548387,0.2509448828264368,62.0,1240.0,data/cohface_39_2.pkl
cohface_39_2,profile1d_cubic__robust_ossm_ukf,0.7,0.0008064516129032258,0.004032258064516129,0.7,0.036290322580645164,3281.8311440259,0.0,0.9064516129032258,0.0,1.0567774080791323,0.004032258064516129,0.004032258064516129,99.03225806451613,0.2480824331648562,48.9,1240.0,data/cohface_39_2.pkl
cohface_9_1,of_farneback,,,,,,,,,,,,,,,,,data/cohface_9_1.pkl
cohface_9_1,of_farneback__kfstd,,,,,,,,,,,,,,,62.1,,data/cohface_9_1.pkl
cohface_9_1,of_farneback__robust_ossm_ekf,0.15619967793880837,0.0,0.0,0.15619967793880837,0.07004830917874397,0.2645765816076206,0.0,0.9500805152979066,2.422558609642249e-162,1.0486460352602673,0.03784219001610306,0.0,97.50402576489533,0.10492102636115813,62.1,1242.0,data/cohface_9_1.pkl
cohface_9_1,of_farneback__robust_ossm_ukf,0.13526570048309178,0.0,0.0,0.13526570048309178,0.0998389694041868,0.2140025239013224,0.0,0.9444444444444444,6.037666504664497e-206,1.0518044723648992,0.024154589371980676,0.0,97.50402576489533,0.11201423021940933,62.1,1242.0,data/cohface_9_1.pkl
cohface_9_1,profile1D linear,,,,,,,,,,,,,,,,,data/cohface_9_1.pkl
cohface_9_1,profile1d_linear__kfstd,,,,,,,,,,,,,,,62.1,,data/cohface_9_1.pkl
cohface_9_1,profile1d_linear__robust_ossm_ekf,0.6819645732689211,0.0,0.0,0.6819645732689211,0.0,0.026008577265793177,0.0,0.856682769726248,0.0,1.0648289592228293,0.0,0.0,98.47020933977456,0.10860382179106523,62.1,1242.0,data/cohface_9_1.pkl
cohface_9_1,profile1d_linear__robust_ossm_ukf,0.6223832528180354,0.0,0.0,0.6223832528180354,0.033816425120772944,0.05966421589691588,0.0,0.926731078904992,0.0,1.062456973026837,0.0,0.0,98.06763285024155,0.14302272094698654,62.1,1242.0,data/cohface_9_1.pkl
cohface_9_1,profile1D quadratic,,,,,,,,,,,,,,,,,data/cohface_9_1.pkl
cohface_9_1,profile1d_quadratic__kfstd,,,,,,,,,,,,,,,62.1,,data/cohface_9_1.pkl
cohface_9_1,profile1d_quadratic__robust_ossm_ekf,0.6328502415458938,0.0,0.0,0.6328502415458938,0.0,0.031056643825323568,0.0,0.8582930756843801,0.0,1.0644705391490377,0.0,0.0,98.79227053140097,0.12633868365692524,62.1,1242.0,data/cohface_9_1.pkl
cohface_9_1,profile1d_quadratic__robust_ossm_ukf,0.49114331723027377,0.0,0.0008051529790660225,0.49114331723027377,0.3671497584541063,0.06390215989807056,0.0,0.8880837359098228,0.0,1.0621700389735222,0.0,0.0,97.66505636070853,0.13990020407515116,62.1,1242.0,data/cohface_9_1.pkl
cohface_9_1,profile1D cubic,,,,,,,,,,,,,,,,,data/cohface_9_1.pkl
cohface_9_1,profile1d_cubic__kfstd,,,,,,,,,,,,,,,62.1,,data/cohface_9_1.pkl
cohface_9_1,profile1d_cubic__robust_ossm_ekf,0.5966183574879227,0.0,0.0,0.5966183574879227,0.0,0.03412770370930611,0.0,0.8743961352657005,0.0,1.064123754373762,0.0,0.0,98.30917874396135,0.1243054608481094,62.1,1242.0,data/cohface_9_1.pkl
cohface_9_1,profile1d_cubic__robust_ossm_ukf,0.4863123993558776,0.0,0.0008051529790660225,0.4863123993558776,0.32367149758454106,0.06693806159371367,0.0,0.9001610305958132,0.0,1.0617176045189027,0.0,0.0,97.58454106280193,0.13857909713155317,62.1,1242.0,data/cohface_9_1.pkl
cohface_1_3,of_farneback,,,,,,,,,,,,,,,,,data/cohface_1_3.pkl
cohface_1_3,of_farneback__kfstd,,,,,,,,,,,,,,,60.35,,data/cohface_1_3.pkl
cohface_1_3,of_farneback__robust_ossm_ekf,0.4134217067108534,0.0024855012427506215,0.0008285004142502071,0.39105219552609777,0.4134217067108534,1.6349772380729604,0.0,0.8947804473902237,0.0,0.9886372747110853,0.34631317315658655,0.004142502071251036,85.1698425849213,0.11357785998599756,60.35,1207.0,data/cohface_1_3.pkl
cohface_1_3,of_farneback__robust_ossm_ukf,0.371996685998343,0.0016570008285004142,0.0008285004142502071,0.371996685998343,0.08864954432477216,0.881176330229195,0.0,0.8980944490472246,0.0024479597228212677,1.0286234544409156,0.1375310687655344,0.004971002485501243,99.1714995857498,0.16928631832154117,60.35,1207.0,data/cohface_1_3.pkl
cohface_1_3,profile1D linear,,,,,,,,,,,,,,,,,data/cohface_1_3.pkl
cohface_1_3,profile1d_linear__kfstd,,,,,,,,,,,,,,,60.35,,data/cohface_1_3.pkl
cohface_1_3,profile1d_linear__robust_ossm_ekf,0.8135874067937034,0.0,0.0,0.8135874067937034,0.0,0.04949900293146329,0.0,0.6487158243579122,0.0,1.0633227243753853,0.014913007456503728,0.0,98.67439933719967,0.2436456711890368,60.35,1207.0,data/cohface_1_3.pkl
cohface_1_3,profile1d_linear__robust_ossm_ukf,0.8550124275062138,0.0,0.0033140016570008283,0.8550124275062138,0.0,0.08165482479017759,0.0,0.9552609776304888,0.0,1.0609707161751751,0.004971002485501243,0.0,98.4258492129246,0.3409789580702673,60.35,1207.0,data/cohface_1_3.pkl
cohface_1_3,profile1D quadratic,,,,,,,,,,,,,,,,,data/cohface_1_3.pkl
cohface_1_3,profile1d_quadratic__kfstd,,,,,,,,,,,,,,,60.35,,data/cohface_1_3.pkl
cohface_1_3,profile1d_quadratic__robust_ossm_ekf,0.951946975973488,0.0,0.0008285004142502071,0.951946975973488,0.0,0.00902560562967076,0.0,0.5691797845898923,0.0,1.066031144864871,0.0,0.0,99.50289975144987,0.34306876688928756,60.35,1207.0,data/cohface_1_3.pkl
cohface_1_3,profile1d_quadratic__robust_ossm_ukf,0.951946975973488,0.0,0.007456503728251864,0.951946975973488,0.0,0.06716664981435283,0.0,0.9378624689312345,0.0,1.0619272776421038,0.0,0.0,99.50289975144987,0.3682195447867931,60.35,1207.0,data/cohface_1_3.pkl
cohface_1_3,profile1D cubic,,,,,,,,,,,,,,,,,data/cohface_1_3.pkl
cohface_1_3,profile1d_cubic__kfstd,,,,,,,,,,,,,,,60.35,,data/cohface_1_3.pkl
cohface_1_3,profile1d_cubic__robust_ossm_ekf,0.951946975973488,0.0,0.0008285004142502071,0.951946975973488,0.0,0.00900070467332491,0.0,0.5782932891466446,0.0,1.0660017176051901,0.0,0.0,99.50289975144987,0.3427088215774051,60.35,1207.0,data/cohface_1_3.pkl
cohface_1_3,profile1d_cubic__robust_ossm_ukf,0.951946975973488,0.0,0.006628003314001657,0.951946975973488,0.0,0.0669863762629057,0.0,0.9395194697597349,0.0,1.0616803360646856,0.0,0.0,99.50289975144987,0.3687293500800678,60.35,1207.0,data/cohface_1_3.pkl
cohface_36_2,of_farneback,,,,,,,,,,,,,,,,,data/cohface_36_2.pkl
cohface_36_2,of_farneback__kfstd,,,,,,,,,,,,,,,61.0,,data/cohface_36_2.pkl
cohface_36_2,of_farneback__robust_ossm_ekf,0.3844262295081967,0.0,0.0,0.20081967213114754,0.3844262295081967,0.6227282863726668,0.0,0.889344262295082,2.5023005636140198e-27,1.032396079656699,0.1418032786885246,0.0,92.62295081967213,0.0631342519533343,61.0,1220.0,data/cohface_36_2.pkl
cohface_36_2,of_farneback__robust_ossm_ukf,0.1918032786885246,0.001639344262295082,0.0,0.1918032786885246,0.16393442622950818,2794.7744026788455,0.0,0.9024590163934426,0.0,1.0374135881152564,0.1040983606557377,0.00819672131147541,93.93442622950819,0.0727088897238284,61.0,1220.0,data/cohface_36_2.pkl
cohface_36_2,profile1D linear,,,,,,,,,,,,,,,,,data/cohface_36_2.pkl
cohface_36_2,profile1d_linear__kfstd,,,,,,,,,,,,,,,53.55,,data/cohface_36_2.pkl
cohface_36_2,profile1d_linear__robust_ossm_ekf,0.4918032786885246,0.0,0.0,0.4918032786885246,0.1221311475409836,0.04147603121258829,0.0,0.8508196721311475,0.0,1.0637440365109483,0.0,0.0,99.75409836065573,0.10863133057926588,61.0,1220.0,data/cohface_36_2.pkl
cohface_36_2,profile1d_linear__robust_ossm_ukf,0.7967213114754098,0.0,0.002459016393442623,0.7967213114754098,0.6139344262295082,0.054867572329127,0.0,0.9229508196721311,0.0,1.0628009094359059,0.0,0.0,99.75409836065573,0.14581580692622095,61.0,1220.0,data/cohface_36_2.pkl
cohface_36_2,profile1D quadratic,,,,,,,,,,,,,,,,,data/cohface_36_2.pkl
cohface_36_2,profile1d_quadratic__kfstd,,,,,,,,,,,,,,,61.0,,data/cohface_36_2.pkl
cohface_36_2,profile1d_quadratic__robust_ossm_ekf,0.4532786885245902,0.0,0.0,0.4532786885245902,0.2122950819672131,0.0899057239678053,0.0,0.9237704918032786,0.0,1.0603941684504994,0.0,0.0,97.21311475409836,0.08489850105845581,61.0,1220.0,data/cohface_36_2.pkl
cohface_36_2,profile1d_quadratic__robust_ossm_ukf,0.6950819672131148,0.000819672131147541,0.001639344262295082,0.6950819672131148,0.5409836065573771,3754.854761122347,0.0,0.8762295081967213,0.0,1.0555216538681742,0.00819672131147541,0.004098360655737705,97.04918032786885,0.10728838807784741,61.0,1220.0,data/cohface_36_2.pkl
cohface_36_2,profile1D cubic,,,,,,,,,,,,,,,,,data/cohface_36_2.pkl
cohface_36_2,profile1d_cubic__kfstd,,,,,,,,,,,,,,,61.0,,data/cohface_36_2.pkl
cohface_36_2,profile1d_cubic__robust_ossm_ekf,0.47540983606557374,0.0,0.0,0.47540983606557374,0.16229508196721312,0.09248104044947182,0.0,0.9237704918032786,0.0,1.0599485654046419,0.0,0.0,97.29508196721312,0.08567171796600762,61.0,1220.0,data/cohface_36_2.pkl
cohface_36_2,profile1d_cubic__robust_ossm_ukf,0.6672131147540984,0.000819672131147541,0.000819672131147541,0.6672131147540984,0.4565573770491803,724.6876995642469,0.0,0.8901639344262295,0.0,1.0560634479035307,0.004918032786885246,0.004098360655737705,99.18032786885246,0.1139123326481184,47.05,1220.0,data/cohface_36_2.pkl
cohface_34_2,of_farneback,,,,,,,,,,,,,,,,,data/cohface_34_2.pkl
cohface_34_2,of_farneback__kfstd,,,,,,,,,,,,,,,60.9,,data/cohface_34_2.pkl
cohface_34_2,of_farneback__robust_ossm_ekf,0.8448275862068966,0.0,0.0,0.8448275862068966,0.0,0.052643148745245116,0.0,0.7963875205254516,0.0,1.0631499210757949,0.0090311986863711,0.0,99.26108374384236,0.3330059094869749,60.9,1218.0,data/cohface_34_2.pkl
cohface_34_2,of_farneback__robust_ossm_ukf,0.7430213464696224,0.0,0.0,0.7430213464696224,0.0,0.18056429761438456,0.0,0.9293924466338259,4.1059391898025785e-238,1.0541340853238594,0.0049261083743842365,0.0,99.58949096880131,0.3132060751871477,60.9,1218.0,data/cohface_34_2.pkl
cohface_34_2,profile1D linear,,,,,,,,,,,,,,,,,data/cohface_34_2.pkl
cohface_34_2,profile1d_linear__kfstd,,,,,,,,,,,,,,,60.9,,data/cohface_34_2.pkl
cohface_34_2,profile1d_linear__robust_ossm_ekf,0.7816091954022989,0.0,0.0,0.7816091954022989,0.0,0.0880196435787782,0.0,0.6847290640394089,0.0,1.0610226177056916,0.024630541871921183,0.0,98.19376026272577,0.3203584329622493,60.9,1218.0,data/cohface_34_2.pkl
cohface_34_2,profile1d_linear__robust_ossm_ukf,0.8037766830870279,0.0,0.003284072249589491,0.8037766830870279,0.0,0.10093697115314945,0.0,0.9499178981937603,0.0,1.0596804842363734,0.004105090311986864,0.0,98.68637110016421,0.27069060512172627,60.9,1218.0,data/cohface_34_2.pkl
cohface_34_2,profile1D quadratic,,,,,,,,,,,,,,,,,data/cohface_34_2.pkl
cohface_34_2,profile1d_quadratic__kfstd,,,,,,,,,,,,,,,60.9,,data/cohface_34_2.pkl
cohface_34_2,profile1d_quadratic__robust_ossm_ekf,0.9523809523809523,0.0,0.0,0.9523809523809523,0.0,0.010073017360717829,0.0,0.6231527093596059,0.0,1.0659625794646705,0.0008210180623973727,0.0,99.91789819376027,0.37412750971195935,60.9,1218.0,data/cohface_34_2.pkl
cohface_34_2,profile1d_quadratic__robust_ossm_ukf,0.9523809523809523,0.0,0.0049261083743842365,0.9523809523809523,0.0,0.08447160101202864,0.0,0.9359605911330049,0.0,1.0607226905179534,0.0008210180623973727,0.0,99.91789819376027,0.3713607286540915,60.9,1218.0,data/cohface_34_2.pkl
cohface_34_2,profile1D cubic,,,,,,,,,,,,,,,,,data/cohface_34_2.pkl
cohface_34_2,profile1d_cubic__kfstd,,,,,,,,,,,,,,,60.9,,data/cohface_34_2.pkl
cohface_34_2,profile1d_cubic__robust_ossm_ekf,0.9523809523809523,0.0,0.0,0.9523809523809523,0.0,0.010980608646875016,0.0,0.6305418719211823,0.0,1.065866053937428,0.0008210180623973727,0.0,99.91789819376027,0.370432436912369,60.9,1218.0,data/cohface_34_2.pkl
cohface_34_2,profile1d_cubic__robust_ossm_ukf,0.9523809523809523,0.0,0.0016420361247947454,0.9523809523809523,0.0,0.08447110665415308,0.0,0.9334975369458128,0.0,1.0604136155442179,0.0008210180623973727,0.0,99.91789819376027,0.36449212215728594,60.9,1218.0,data/cohface_34_2.pkl
cohface_27_1,of_farneback,,,,,,,,,,,,,,,,,data/cohface_27_1.pkl
cohface_27_1,of_farneback__kfstd,,,,,,,,,,,,,,,62.0,,data/cohface_27_1.pkl
cohface_27_1,of_farneback__robust_ossm_ekf,0.3741935483870968,0.0,0.0008064516129032258,0.3741935483870968,0.0,0.19649724383399186,0.0,0.9395161290322581,6.8346658604593015e-224,1.053197625294624,0.029838709677419355,0.0,99.6774193548387,0.13617471004838227,62.0,1240.0,data/cohface_27_1.pkl
cohface_27_1,of_farneback__robust_ossm_ukf,0.31209677419354837,0.0,0.0,0.31209677419354837,0.16693548387096774,0.16742983843724776,0.0,0.9258064516129032,3.4790212051077196e-259,1.0550595843085133,0.028225806451612902,0.0,99.6774193548387,0.13100765925642832,62.0,1240.0,data/cohface_27_1.pkl
cohface_27_1,profile1D linear,,,,,,,,,,,,,,,,,data/cohface_27_1.pkl
cohface_27_1,profile1d_linear__kfstd,,,,,,,,,,,,,,,62.0,,data/cohface_27_1.pkl
cohface_27_1,profile1d_linear__robust_ossm_ekf,0.839516129032258,0.0,0.0,0.7741935483870968,0.839516129032258,0.5926903566622196,0.0,0.9491935483870968,5.2459234793988244e-33,1.0293274177960061,0.1685483870967742,0.0,66.37096774193549,0.08300395900242187,62.0,1240.0,data/cohface_27_1.pkl
cohface_27_1,profile1d_linear__robust_ossm_ukf,0.5193548387096775,0.0,0.0024193548387096775,0.5193548387096775,0.09919354838709678,0.13112895012340153,0.0,0.8604838709677419,0.0,1.0576554046019646,0.008064516129032258,0.0,99.59677419354838,0.26872555811481597,46.75,1240.0,data/cohface_27_1.pkl
cohface_27_1,profile1D quadratic,,,,,,,,,,,,,,,,,data/cohface_27_1.pkl
cohface_27_1,profile1d_quadratic__kfstd,,,,,,,,,,,,,,,62.0,,data/cohface_27_1.pkl
cohface_27_1,profile1d_quadratic__robust_ossm_ekf,0.8903225806451613,0.0,0.0,0.8903225806451613,0.0,0.01980427687167463,0.0,0.7677419354838709,0.0,1.065267382826172,0.0,0.0,99.59677419354838,0.2717416904261747,62.0,1240.0,data/cohface_27_1.pkl
cohface_27_1,profile1d_quadratic__robust_ossm_ukf,0.5629032258064516,0.0008064516129032258,0.0024193548387096775,0.5629032258064516,0.22419354838709676,1522.8867147586916,0.0,0.9193548387096774,0.0,1.0578912837133343,0.004032258064516129,0.004032258064516129,98.70967741935483,0.20505972541575584,48.0,1240.0,data/cohface_27_1.pkl
cohface_27_1,profile1D cubic,,,,,,,,,,,,,,,,,data/cohface_27_1.pkl
cohface_27_1,profile1d_cubic__kfstd,,,,,,,,,,,,,,,62.0,,data/cohface_27_1.pkl
cohface_27_1,profile1d_cubic__robust_ossm_ekf,0.8911290322580645,0.0,0.0,0.8911290322580645,0.0,0.019746011743554243,0.0,0.7685483870967742,0.0,1.0651994189998564,0.0,0.0,99.59677419354838,0.27210204887201966,62.0,1240.0,data/cohface_27_1.pkl
cohface_27_1,profile1d_cubic__robust_ossm_ukf,0.5830645161290322,0.0008064516129032258,0.0024193548387096775,0.5830645161290322,0.2862903225806452,733.9827446092037,0.0,0.9201612903225806,0.0,1.0576592346441742,0.004032258064516129,0.004032258064516129,98.79032258064517,0.2033913278214154,51.85,1240.0,data/cohface_27_1.pkl
cohface_18_3,of_farneback,,,,,,,,,,,,,,,,,data/cohface_18_3.pkl
cohface_18_3,of_farneback__kfstd,,,,,,,,,,,,,,,62.2,,data/cohface_18_3.pkl
cohface_18_3,of_farneback__robust_ossm_ekf,0.4742765273311897,0.0008038585209003215,0.0,0.4742765273311897,0.0,0.3583719814613762,0.0,0.9196141479099679,6.555455898222474e-106,1.0482194160226315,0.0635048231511254,0.002411575562700965,99.35691318327974,0.2422113865158181,62.2,1244.0,data/cohface_18_3.pkl
cohface_18_3,of_farneback__robust_ossm_ukf,0.5787781350482315,0.0,0.0008038585209003215,0.5787781350482315,0.008038585209003215,0.21281531736997492,0.0,0.9212218649517685,1.8602952868260755e-207,1.0524219198051399,0.04421221864951769,0.0,99.35691318327974,0.23387404059952574,62.2,1244.0,data/cohface_18_3.pkl
cohface_18_3,profile1D linear,,,,,,,,,,,,,,,,,data/cohface_18_3.pkl
cohface_18_3,profile1d_linear__kfstd,,,,,,,,,,,,,,,43.85,,data/cohface_18_3.pkl
cohface_18_3,profile1d_linear__robust_ossm_ekf,0.5972668810289389,0.0008038585209003215,0.0,0.5972668810289389,0.002411575562700965,0.3182668802145019,0.0,0.9131832797427653,3.6689378236344978e-127,1.0519842094770546,0.02491961414790997,0.003215434083601286,94.69453376205787,0.29052490701185135,62.2,1244.0,data/cohface_18_3.pkl
cohface_18_3,profile1d_linear__robust_ossm_ukf,0.8480707395498392,0.0,0.012057877813504822,0.8480707395498392,0.0,0.11384894674678114,0.0,0.8834405144694534,0.0,1.0587695267045532,0.008842443729903537,0.0,100.0,0.4807359144174469,62.2,1244.0,data/cohface_18_3.pkl
cohface_18_3,profile1D quadratic,,,,,,,,,,,,,,,,,data/cohface_18_3.pkl
cohface_18_3,profile1d_quadratic__kfstd,,,,,,,,,,,,,,,49.1,,data/cohface_18_3.pkl
cohface_18_3,profile1d_quadratic__robust_ossm_ekf,0.5884244372990354,0.0,0.0,0.5884244372990354,0.0,0.04701843958353553,0.0,0.8786173633440515,0.0,1.063362500543093,0.0,0.0,100.0,0.305475822413299,62.2,1244.0,data/cohface_18_3.pkl
cohface_18_3,profile1d_quadratic__robust_ossm_ukf,0.6414790996784566,0.0,0.0040192926045016075,0.6414790996784566,0.003215434083601286,0.08816618673761366,0.0,0.9461414790996785,0.0,1.060480168710339,0.0,0.0,100.0,0.4860837846603401,62.2,1244.0,data/cohface_18_3.pkl
cohface_18_3,profile1D cubic,,,,,,,,,,,,,,,,,data/cohface_18_3.pkl
cohface_18_3,profile1d_cubic__kfstd,,,,,,,,,,,,,,,62.2,,data/cohface_18_3.pkl
cohface_18_3,profile1d_cubic__robust_ossm_ekf,0.5988745980707395,0.0,0.0008038585209003215,0.5988745980707395,0.014469453376205787,0.0625896693674136,0.0,0.9035369774919614,0.0,1.0620844905078302,0.0,0.0,100.0,0.35125767425039245,51.25,1244.0,data/cohface_18_3.pkl
cohface_18_3,profile1d_cubic__robust_ossm_ukf,0.7122186495176849,0.0,0.007234726688102894,0.7122186495176849,0.0,0.0906695028099699,0.0,0.9437299035369775,0.0,1.0600028931354715,0.0,0.0,100.0,0.5003886044637801,62.2,1244.0,data/cohface_18_3.pkl
cohface_13_0,of_farneback,,,,,,,,,,,,,,,,,data/cohface_13_0.pkl
cohface_13_0,of_farneback__kfstd,,,,,,,,,,,,,,,61.05,,data/cohface_13_0.pkl
cohface_13_0,of_farneback__robust_ossm_ekf,0.43407043407043405,0.0,0.0,0.43407043407043405,0.012285012285012284,0.3865835797142635,0.0,0.9377559377559378,2.3545589163736522e-91,1.0422032773693042,0.12285012285012285,0.0,99.83619983619984,0.14722224239651968,61.05,1221.0,data/cohface_13_0.pkl
cohface_13_0,of_farneback__robust_ossm_ukf,0.2719082719082719,0.000819000819000819,0.0,0.2719082719082719,0.050778050778050775,0.4971614093533443,0.0,0.9066339066339066,6.900818288284657e-54,1.0398084071067197,0.10647010647010648,0.0,99.83619983619984,0.15531191989183704,61.05,1221.0,data/cohface_13_0.pkl
cohface_13_0,profile1D linear,,,,,,,,,,,,,,,,,data/cohface_13_0.pkl
cohface_13_0,profile1d_linear__kfstd,,,,,,,,,,,,,,,61.05,,data/cohface_13_0.pkl
cohface_13_0,profile1d_linear__robust_ossm_ekf,0.8787878787878788,0.0,0.0,0.8787878787878788,0.0,0.014187925711706519,0.0,0.7895167895167895,0.0,1.065660546522112,0.0,0.0,99.75429975429975,0.18503784008019872,61.05,1221.0,data/cohface_13_0.pkl
cohface_13_0,profile1d_linear__robust_ossm_ukf,0.6486486486486487,0.0,0.002457002457002457,0.6486486486486487,0.3808353808353808,0.07575171245579936,0.0,0.9443079443079443,0.0,1.0613304244949449,0.0,0.0,99.75429975429975,0.23210695993058644,61.05,1221.0,data/cohface_13_0.pkl
cohface_13_0,profile1D quadratic,,,,,,,,,,,,,,,,,data/cohface_13_0.pkl
cohface_13_0,profile1d_quadratic__kfstd,,,,,,,,,,,,,,,61.05,,data/cohface_13_0.pkl
cohface_13_0,profile1d_quadratic__robust_ossm_ekf,0.7100737100737101,0.0,0.0,0.7100737100737101,0.0,0.017044088590320427,0.0,0.800982800982801,0.0,1.0654588411400012,0.0,0.0,99.75429975429975,0.17747589983658088,61.05,1221.0,data/cohface_13_0.pkl
cohface_13_0,profile1d_quadratic__robust_ossm_ukf,0.6453726453726454,0.0,0.001638001638001638,0.6453726453726454,0.3783783783783784,0.08274708114594329,0.0,0.9459459459459459,0.0,1.0608521354353253,0.0,0.0,99.09909909909909,0.21761389295091565,61.05,1221.0,data/cohface_13_0.pkl
cohface_13_0,profile1D cubic,,,,,,,,,,,,,,,,,data/cohface_13_0.pkl
cohface_13_0,profile1d_cubic__kfstd,,,,,,,,,,,,,,,61.05,,data/cohface_13_0.pkl
cohface_13_0,profile1d_cubic__robust_ossm_ekf,0.7755937755937756,0.0,0.0,0.7755937755937756,0.0,0.016902847121109312,0.0,0.7977067977067978,0.0,1.0654016922148533,0.0,0.0,99.75429975429975,0.18035210700565973,61.05,1221.0,data/cohface_13_0.pkl
cohface_13_0,profile1d_cubic__robust_ossm_ukf,0.6478296478296478,0.0,0.001638001638001638,0.6478296478296478,0.3775593775593776,0.08472142302669716,0.0,0.9459459459459459,0.0,1.0604168065554505,0.0,0.0,99.26289926289927,0.21729690356854012,61.05,1221.0,data/cohface_13_0.pkl
cohface_1_2,of_farneback,,,,,,,,,,,,,,,,,data/cohface_1_2.pkl
cohface_1_2,of_farneback__kfstd,,,,,,,,,,,,,,,60.4,,data/cohface_1_2.pkl
cohface_1_2,of_farneback__robust_ossm_ekf,0.5504966887417219,0.0024834437086092716,0.0024834437086092716,0.5504966887417219,0.015728476821192054,0.7488347228543062,0.0,0.9039735099337748,1.3078610201176817e-11,1.026552744133862,0.18956953642384106,0.0008278145695364238,99.66887417218543,0.21830222074277983,60.4,1208.0,data/cohface_1_2.pkl
cohface_1_2,of_farneback__robust_ossm_ukf,0.7259933774834437,0.0,0.0008278145695364238,0.7259933774834437,0.0802980132450331,0.4720106775070337,0.0,0.9271523178807947,2.2560738016669275e-60,1.0380580579163403,0.13493377483443708,0.0,99.58609271523179,0.2645117640227352,60.4,1208.0,data/cohface_1_2.pkl
cohface_1_2,profile1D linear,,,,,,,,,,,,,,,,,data/cohface_1_2.pkl
cohface_1_2,profile1d_linear__kfstd,,,,,,,,,,,,,,,60.4,,data/cohface_1_2.pkl
cohface_1_2,profile1d_linear__robust_ossm_ekf,0.8899006622516556,0.0,0.0,0.8899006622516556,0.004966887417218543,0.25096160386905464,0.0,0.8501655629139073,3.037339951783097e-168,1.0501658740656012,0.08112582781456953,0.0,73.67549668874172,0.25061862080416847,60.4,1208.0,data/cohface_1_2.pkl
cohface_1_2,profile1d_linear__robust_ossm_ukf,0.8402317880794702,0.0,0.0033112582781456954,0.8402317880794702,0.0,0.11039109809508595,0.0,0.9387417218543046,0.0,1.059003821756876,0.0,0.0,99.66887417218543,0.4268730560951139,60.4,1208.0,data/cohface_1_2.pkl
cohface_1_2,profile1D quadratic,,,,,,,,,,,,,,,,,data/cohface_1_2.pkl
cohface_1_2,profile1d_quadratic__kfstd,,,,,,,,,,,,,,,60.4,,data/cohface_1_2.pkl
cohface_1_2,profile1d_quadratic__robust_ossm_ekf,0.9519867549668874,0.0,0.0,0.9519867549668874,0.0,0.0031782140235486526,0.0,0.5240066225165563,0.0,1.0664408326433201,0.0,0.0,99.66887417218543,0.4355235110247726,60.4,1208.0,data/cohface_1_2.pkl
cohface_1_2,profile1d_quadratic__robust_ossm_ukf,0.9519867549668874,0.0,0.008278145695364239,0.9519867549668874,0.0,0.07576198150659325,0.0,0.9478476821192053,0.0,1.0613283717942843,0.0,0.0,99.66887417218543,0.436910789523886,60.4,1208.0,data/cohface_1_2.pkl
cohface_1_2,profile1D cubic,,,,,,,,,,,,,,,,,data/cohface_1_2.pkl
cohface_1_2,profile1d_cubic__kfstd,,,,,,,,,,,,,,,60.4,,data/cohface_1_2.pkl
cohface_1_2,profile1d_cubic__robust_ossm_ekf,0.9519867549668874,0.0,0.0,0.9519867549668874,0.0,0.003208993140345972,0.0,0.5240066225165563,0.0,1.066425775549337,0.0,0.0,99.66887417218543,0.435543761142344,60.4,1208.0,data/cohface_1_2.pkl
cohface_1_2,profile1d_cubic__robust_ossm_ukf,0.9519867549668874,0.0,0.009933774834437087,0.9519867549668874,0.0,0.076241865892604,0.0,0.9437086092715232,0.0,1.061010552497123,0.0,0.0,99.66887417218543,0.43681844997386365,60.4,1208.0,data/cohface_1_2.pkl
cohface_19_0,of_farneback,,,,,,,,,,,,,,,,,data/cohface_19_0.pkl
cohface_19_0,of_farneback__kfstd,,,,,,,,,,,,,,,60.45,,data/cohface_19_0.pkl
cohface_19_0,of_farneback__robust_ossm_ekf,0.4003308519437552,0.0008271298593879239,0.0008271298593879239,0.4003308519437552,0.1315136476426799,0.521075231386356,0.0,0.9520264681555004,2.6805157055682406e-47,1.0375318958000301,0.09429280397022333,0.0008271298593879239,98.59387923904053,0.1758664924954056,60.45,1209.0,data/cohface_19_0.pkl
cohface_19_0,of_farneback__robust_ossm_ukf,0.38957816377171217,0.0008271298593879239,0.0008271298593879239,0.38957816377171217,0.3242349048800662,0.41087247652541353,0.0,0.9156327543424317,7.767594931416634e-81,1.0439947799899179,0.07361455748552523,0.0,98.51116625310173,0.18194972775160553,60.45,1209.0,data/cohface_19_0.pkl
cohface_19_0,profile1D linear,,,,,,,,,,,,,,,,,data/cohface_19_0.pkl
cohface_19_0,profile1d_linear__kfstd,,,,,,,,,,,,,,,60.45,,data/cohface_19_0.pkl
cohface_19_0,profile1d_linear__robust_ossm_ekf,0.3854425144747725,0.0,0.0,0.3854425144747725,0.21753515301902399,0.1534441542416252,0.0,0.8329197684036393,5.4641564343456706e-272,1.0573686513181315,0.028122415219189414,0.0,100.0,0.16323979830029015,60.45,1209.0,data/cohface_19_0.pkl
cohface_19_0,profile1d_linear__robust_ossm_ukf,0.47229114971050457,0.0,0.0024813895781637717,0.47229114971050457,0.26881720430107525,0.11095380037777847,0.0,0.9429280397022333,0.0,1.0591029659346467,0.0206782464846981,0.0,100.0,0.22512634078883922,60.45,1209.0,data/cohface_19_0.pkl
cohface_19_0,profile1D quadratic,,,,,,,,,,,,,,,,,data/cohface_19_0.pkl
cohface_19_0,profile1d_quadratic__kfstd,,,,,,,,,,,,,,,60.45,,data/cohface_19_0.pkl
cohface_19_0,profile1d_quadratic__robust_ossm_ekf,0.29528535980148884,0.0,0.0,0.29528535980148884,0.076095947063689,0.07942334130926086,0.0,0.8990901571546733,0.0,1.0612682384786163,0.019851116625310174,0.0,99.75186104218362,0.14401947543242796,60.45,1209.0,data/cohface_19_0.pkl
cohface_19_0,profile1d_quadratic__robust_ossm_ukf,0.5285359801488834,0.0,0.0008271298593879239,0.5285359801488834,0.4325889164598842,0.08541789338238794,0.0,0.9412737799834574,0.0,1.0607086544951732,0.004962779156327543,0.0,99.75186104218362,0.2082851392133432,60.45,1209.0,data/cohface_19_0.pkl
cohface_19_0,profile1D cubic,,,,,,,,,,,,,,,,,data/cohface_19_0.pkl
cohface_19_0,profile1d_cubic__kfstd,,,,,,,,,,,,,,,60.45,,data/cohface_19_0.pkl
cohface_19_0,profile1d_cubic__robust_ossm_ekf,0.3308519437551696,0.0,0.0,0.3308519437551696,0.08023159636062861,0.08563227160536162,0.0,0.8999172870140613,0.0,1.060744518441312,0.018196856906534328,0.0,99.75186104218362,0.1436805276396702,60.45,1209.0,data/cohface_19_0.pkl
cohface_19_0,profile1d_cubic__robust_ossm_ukf,0.4838709677419355,0.0,0.0,0.4838709677419355,0.45492142266335817,0.08501187712618807,0.0,0.9437551695616212,0.0,1.0605059350565709,0.004962779156327543,0.0,99.75186104218362,0.1913927783993138,60.45,1209.0,data/cohface_19_0.pkl
cohface_1_0,of_farneback,,,,,,,,,,,,,,,,,data/cohface_1_0.pkl
cohface_1_0,of_farneback__kfstd,,,,,,,,,,,,,,,60.25,,data/cohface_1_0.pkl
cohface_1_0,of_farneback__robust_ossm_ekf,0.4024896265560166,0.0,0.0,0.4024896265560166,0.0,0.4830729486820657,0.0,0.9344398340248963,4.734036287537024e-57,1.0388241511801761,0.1087136929460581,0.0,100.0,0.19616558013141688,60.25,1205.0,data/cohface_1_0.pkl
cohface_1_0,of_farneback__robust_ossm_ukf,0.46556016597510375,0.0,0.0,0.46556016597510375,0.11120331950207468,0.30293915267326565,0.0,0.9535269709543569,3.797063285640042e-132,1.047361507508513,0.07966804979253111,0.0,100.0,0.19377767863345374,60.25,1205.0,data/cohface_1_0.pkl
cohface_1_0,profile1D linear,,,,,,,,,,,,,,,,,data/cohface_1_0.pkl
cohface_1_0,profile1d_linear__kfstd,,,,,,,,,,,,,,,60.25,,data/cohface_1_0.pkl
cohface_1_0,profile1d_linear__robust_ossm_ekf,0.9518672199170124,0.0,0.0,0.9518672199170124,0.0,0.002855936983139345,0.0,0.4829875518672199,0.0,1.066463818526973,0.0,0.0,100.0,0.4014776604018825,60.25,1205.0,data/cohface_1_0.pkl
cohface_1_0,profile1d_linear__robust_ossm_ukf,0.9518672199170124,0.0,0.005809128630705394,0.9518672199170124,0.0,0.06023783699846073,0.0,0.9410788381742738,0.0,1.0624103901000066,0.0,0.0,100.0,0.43064991849394196,60.25,1205.0,data/cohface_1_0.pkl
cohface_1_0,profile1D quadratic,,,,,,,,,,,,,,,,,data/cohface_1_0.pkl
cohface_1_0,profile1d_quadratic__kfstd,,,,,,,,,,,,,,,60.25,,data/cohface_1_0.pkl
cohface_1_0,profile1d_quadratic__robust_ossm_ekf,0.9518672199170124,0.0,0.0,0.9518672199170124,0.0,0.006635131665618242,0.0,0.6,0.0,1.066198919943187,0.0,0.0,100.0,0.37631693289365614,60.25,1205.0,data/cohface_1_0.pkl
cohface_1_0,profile1d_quadratic__robust_ossm_ukf,0.9518672199170124,0.0,0.005809128630705394,0.9518672199170124,0.0,0.0692525682003574,0.0,0.9452282157676348,0.0,1.0617810929641192,0.0,0.0,100.0,0.4238861038129904,60.25,1205.0,data/cohface_1_0.pkl
cohface_1_0,profile1D cubic,,,,,,,,,,,,,,,,,data/cohface_1_0.pkl
cohface_1_0,profile1d_cubic__kfstd,,,,,,,,,,,,,,,60.25,,data/cohface_1_0.pkl
cohface_1_0,profile1d_cubic__robust_ossm_ekf,0.9518672199170124,0.0,0.0,0.9518672199170124,0.0,0.006687572842531957,0.0,0.595850622406639,0.0,1.0661718002034122,0.0,0.0,100.0,0.3961801246076984,60.25,1205.0,data/cohface_1_0.pkl
cohface_1_0,profile1d_cubic__robust_ossm_ukf,0.9518672199170124,0.0,0.0033195020746887966,0.9518672199170124,0.0,0.06927999352776465,0.0,0.946058091286307,0.0,1.0615145544599198,0.0,0.0,100.0,0.4238137860523312,60.25,1205.0,data/cohface_1_0.pkl
cohface_31_1,of_farneback,,,,,,,,,,,,,,,,,data/cohface_31_1.pkl
cohface_31_1,of_farneback__kfstd,,,,,,,,,,,,,,,62.3,,data/cohface_31_1.pkl
cohface_31_1,of_farneback__robust_ossm_ekf,0.18057784911717495,0.0,0.0,0.18057784911717495,0.0,0.13250069046011206,0.0,0.9486356340288925,0.0,1.0571735780785858,0.0008025682182985554,0.0,99.2776886035313,0.10639615795220037,62.3,1246.0,data/cohface_31_1.pkl
cohface_31_1,of_farneback__robust_ossm_ukf,0.21508828250401285,0.0,0.0,0.21508828250401285,0.04253611556982344,0.1378961381585898,0.0,0.9446227929373997,5.826930639338756e-305,1.0568652599037949,0.0072231139646869984,0.0,99.03691813804173,0.10256807146635649,62.3,1246.0,data/cohface_31_1.pkl
cohface_31_1,profile1D linear,,,,,,,,,,,,,,,,,data/cohface_31_1.pkl
cohface_31_1,profile1d_linear__kfstd,,,,,,,,,,,,,,,62.3,,data/cohface_31_1.pkl
cohface_31_1,profile1d_linear__robust_ossm_ekf,0.6540930979133226,0.0,0.0,0.6540930979133226,0.0,0.09328413806301959,0.0,0.8595505617977528,0.0,1.0605405759183006,0.02086677367576244,0.0,98.79614767255217,0.1247176058983189,62.3,1246.0,data/cohface_31_1.pkl
cohface_31_1,profile1d_linear__robust_ossm_ukf,0.3274478330658106,0.0,0.0,0.3274478330658106,0.02086677367576244,0.09914820763265775,0.0,0.9486356340288925,0.0,1.059820985400029,0.0040128410914927765,0.0,99.83948635634029,0.11138049308616947,62.3,1246.0,data/cohface_31_1.pkl
cohface_31_1,profile1D quadratic,,,,,,,,,,,,,,,,,data/cohface_31_1.pkl
cohface_31_1,profile1d_quadratic__kfstd,,,,,,,,,,,,,,,62.3,,data/cohface_31_1.pkl
cohface_31_1,profile1d_quadratic__robust_ossm_ekf,0.9534510433386838,0.0,0.0,0.9534510433386838,0.0,0.012722943776668832,0.0,0.8073836276083467,0.0,1.0657658603112712,0.0,0.0,99.83948635634029,0.20442253624392215,62.3,1246.0,data/cohface_31_1.pkl
cohface_31_1,profile1d_quadratic__robust_ossm_ukf,0.7504012841091493,0.0,0.0,0.7504012841091493,0.6147672552166934,0.05322086098711223,0.0,0.9028892455858748,0.0,1.0629131631876125,0.0,0.0,98.95666131621188,0.13419898150860704,62.3,1246.0,data/cohface_31_1.pkl
cohface_31_1,profile1D cubic,,,,,,,,,,,,,,,,,data/cohface_31_1.pkl
cohface_31_1,profile1d_cubic__kfstd,,,,,,,,,,,,,,,62.3,,data/cohface_31_1.pkl
cohface_31_1,profile1d_cubic__robust_ossm_ekf,0.9534510433386838,0.0,0.0,0.9534510433386838,0.0,0.012954757873656395,0.0,0.8073836276083467,0.0,1.0656997666135506,0.0,0.0,99.83948635634029,0.20843660134577402,62.3,1246.0,data/cohface_31_1.pkl
cohface_31_1,profile1d_cubic__robust_ossm_ukf,0.723916532905297,0.0,0.0,0.723916532905297,0.6147672552166934,0.053577639082729014,0.0,0.8996789727126806,0.0,1.0626829350079112,0.0,0.0,98.95666131621188,0.1337636051774015,62.3,1246.0,data/cohface_31_1.pkl
cohface_32_1,of_farneback,,,,,,,,,,,,,,,,,data/cohface_32_1.pkl
cohface_32_1,of_farneback__kfstd,,,,,,,,,,,,,,,60.8,,data/cohface_32_1.pkl
cohface_32_1,of_farneback__robust_ossm_ekf,0.9523026315789473,0.0,0.0,0.9523026315789473,0.0,0.0016325354469053845,0.0,0.21957236842105263,0.0,1.0665449387725752,0.0,0.0,99.67105263157895,0.376792699822974,60.8,1216.0,data/cohface_32_1.pkl
cohface_32_1,of_farneback__robust_ossm_ukf,0.9523026315789473,0.0,0.001644736842105263,0.9523026315789473,0.0,0.0028217262913000918,0.0,0.22697368421052633,0.0,1.0664557963978538,0.0,0.0,99.67105263157895,0.37679489016368617,60.8,1216.0,data/cohface_32_1.pkl
cohface_32_1,profile1D linear,,,,,,,,,,,,,,,,,data/cohface_32_1.pkl
cohface_32_1,profile1d_linear__kfstd,,,,,,,,,,,,,,,38.7,,data/cohface_32_1.pkl
cohface_32_1,profile1d_linear__robust_ossm_ekf,0.555921052631579,0.0,0.0,0.555921052631579,0.45148026315789475,0.23997836355265356,0.0,0.9424342105263158,2.8704084118294833e-178,1.0513369408184499,0.054276315789473686,0.0,96.79276315789474,0.1669113996223966,60.8,1216.0,data/cohface_32_1.pkl
cohface_32_1,profile1d_linear__robust_ossm_ukf,0.6233552631578947,0.0,0.0,0.6233552631578947,0.140625,0.10630240280858563,0.0,0.9317434210526315,0.0,1.059285803179901,0.004934210526315789,0.0,99.91776315789474,0.321048397673475,60.8,1216.0,data/cohface_32_1.pkl
cohface_32_1,profile1D quadratic,,,,,,,,,,,,,,,,,data/cohface_32_1.pkl
cohface_32_1,profile1d_quadratic__kfstd,,,,,,,,,,,,,,,60.8,,data/cohface_32_1.pkl
cohface_32_1,profile1d_quadratic__robust_ossm_ekf,0.7401315789473685,0.0,0.0,0.7401315789473685,0.46710526315789475,0.2735770016107421,0.0,0.8848684210526315,1.6051299947962412e-152,1.0495429783766483,0.06578947368421052,0.0,89.80263157894737,0.1787300674686924,60.8,1216.0,data/cohface_32_1.pkl
cohface_32_1,profile1d_quadratic__robust_ossm_ukf,0.7919407894736842,0.0008223684210526315,0.005756578947368421,0.7919407894736842,0.13157894736842105,2426.426418967093,0.0,0.8914473684210527,0.0,1.055372712398274,0.007401315789473684,0.003289473684210526,99.09539473684211,0.36417141926603785,57.65,1216.0,data/cohface_32_1.pkl
cohface_32_1,profile1D cubic,,,,,,,,,,,,,,,,,data/cohface_32_1.pkl
cohface_32_1,profile1d_cubic__kfstd,,,,,,,,,,,,,,,60.8,,data/cohface_32_1.pkl
cohface_32_1,profile1d_cubic__robust_ossm_ekf,0.7491776315789473,0.0,0.0,0.7491776315789473,0.4629934210526316,0.2570092509984776,0.0,0.8881578947368421,1.1883420631842962e-164,1.0507023037959595,0.061677631578947366,0.0,89.63815789473684,0.17682486313330437,60.8,1216.0,data/cohface_32_1.pkl
cohface_32_1,profile1d_cubic__robust_ossm_ukf,0.7820723684210527,0.0008223684210526315,0.005756578947368421,0.7820723684210527,0.09292763157894737,79052.91525368109,0.0,0.884046052631579,0.0,1.0550434885919402,0.005756578947368421,0.004111842105263158,99.17763157894737,0.3580015003497149,57.15,1216.0,data/cohface_32_1.pkl
cohface_21_0,of_farneback,,,,,,,,,,,,,,,,,data/cohface_21_0.pkl
cohface_21_0,of_farneback__kfstd,,,,,,,,,,,,,,,60.4,,data/cohface_21_0.pkl
cohface_21_0,of_farneback__robust_ossm_ekf,0.6481788079470199,0.0008278145695364238,0.0,0.6481788079470199,0.3038079470198676,0.9650356094343631,1.0,0.9288079470198676,0.39204206321496093,1.0131355992885342,0.2185430463576159,0.0,69.37086092715232,0.1275659562516729,60.4,1208.0,data/cohface_21_0.pkl
cohface_21_0,of_farneback__robust_ossm_ukf,0.5289735099337748,0.0008278145695364238,0.0008278145695364238,0.5289735099337748,0.009933774834437087,1106.5535684941858,0.0,0.9014900662251656,0.0,1.037314028876592,0.10099337748344371,0.0041390728476821195,96.77152317880795,0.3193186606607683,60.4,1208.0,data/cohface_21_0.pkl
cohface_21_0,profile1D linear,,,,,,,,,,,,,,,,,data/cohface_21_0.pkl
cohface_21_0,profile1d_linear__kfstd,,,,,,,,,,,,,,,45.55,,data/cohface_21_0.pkl
cohface_21_0,profile1d_linear__robust_ossm_ekf,0.6846026490066225,0.0,0.0,0.6846026490066225,0.02566225165562914,0.3949254757067857,0.0,0.9627483443708609,5.538237932534323e-87,1.041426613118885,0.04304635761589404,0.0,32.533112582781456,0.11181917131460534,60.4,1208.0,data/cohface_21_0.pkl
cohface_21_0,profile1d_linear__robust_ossm_ukf,0.46357615894039733,0.0016556291390728477,0.0016556291390728477,0.46357615894039733,0.028973509933774833,6329.094260461987,0.0,0.9288079470198676,0.0,1.050237815808238,0.023178807947019868,0.004966887417218543,94.20529801324503,0.2522925329971936,33.9,1208.0,data/cohface_21_0.pkl
cohface_21_0,profile1D quadratic,,,,,,,,,,,,,,,,,data/cohface_21_0.pkl
cohface_21_0,profile1d_quadratic__kfstd,,,,,,,,,,,,,,,60.4,,data/cohface_21_0.pkl
cohface_21_0,profile1d_quadratic__robust_ossm_ekf,0.1879139072847682,0.0,0.0,0.1879139072847682,0.039735099337748346,0.10705890704059497,0.0,0.9263245033112583,0.0,1.059270855320191,0.0033112582781456954,0.0,99.75165562913908,0.20552113392261023,60.4,1208.0,data/cohface_21_0.pkl
cohface_21_0,profile1d_quadratic__robust_ossm_ukf,0.5769867549668874,0.0,0.0041390728476821195,0.5769867549668874,0.043874172185430466,0.1111420911775286,0.0,0.9503311258278145,0.0,1.0589500863224777,0.0033112582781456954,0.0,100.0,0.34133405571736103,60.4,1208.0,data/cohface_21_0.pkl
cohface_21_0,profile1D cubic,,,,,,,,,,,,,,,,,data/cohface_21_0.pkl
cohface_21_0,profile1d_cubic__kfstd,,,,,,,,,,,,,,,60.4,,data/cohface_21_0.pkl
cohface_21_0,profile1d_cubic__robust_ossm_ekf,0.2574503311258278,0.0,0.0,0.2574503311258278,0.0,0.12595936123773926,0.0,0.9321192052980133,0.0,1.057752159908367,0.01076158940397351,0.0,99.83443708609272,0.21314068206635847,60.4,1208.0,data/cohface_21_0.pkl
cohface_21_0,profile1d_cubic__robust_ossm_ukf,0.6622516556291391,0.0008278145695364238,0.005794701986754967,0.6622516556291391,0.005794701986754967,64944.06037326131,0.0,0.9329470198675497,0.0,1.0535320027258297,0.008278145695364239,0.004966887417218543,98.01324503311258,0.3185528528074816,49.4,1208.0,data/cohface_21_0.pkl
cohface_39_0,of_farneback,,,,,,,,,,,,,,,,,data/cohface_39_0.pkl
cohface_39_0,of_farneback__kfstd,,,,,,,,,,,,,,,61.15,,data/cohface_39_0.pkl
cohface_39_0,of_farneback__robust_ossm_ekf,0.5494685200327064,0.0,0.0,0.5494685200327064,0.0,0.1703504476895182,0.0,0.9157808667211774,7.708183191933817e-252,1.0546543875757302,0.017170891251022075,0.0,100.0,0.14639954220359902,61.15,1223.0,data/cohface_39_0.pkl
cohface_39_0,of_farneback__robust_ossm_ukf,0.5012264922322158,0.0,0.0,0.5012264922322158,0.06623058053965658,0.15993692785466423,0.0,0.9329517579721995,7.85822323334889e-266,1.0554017166556662,0.017170891251022075,0.0,100.0,0.13004292723367475,61.15,1223.0,data/cohface_39_0.pkl
cohface_39_0,profile1D linear,,,,,,,,,,,,,,,,,data/cohface_39_0.pkl
cohface_39_0,profile1d_linear__kfstd,,,,,,,,,,,,,,,61.15,,data/cohface_39_0.pkl
cohface_39_0,profile1d_linear__robust_ossm_ekf,0.7939493049877351,0.0,0.0008176614881439084,0.7702371218315618,0.7939493049877351,0.04525092898105113,0.0,0.7538838920686836,0.0,1.063491938666755,0.0,0.0,100.0,0.16866134027937252,61.15,1223.0,data/cohface_39_0.pkl
cohface_39_0,profile1d_linear__robust_ossm_ukf,0.6312346688470973,0.0,0.0008176614881439084,0.6312346688470973,0.3017170891251022,0.06752707652013794,0.0,0.92886345053148,0.0,1.0619207359488192,0.0,0.0,100.0,0.23464445331244888,61.15,1223.0,data/cohface_39_0.pkl
cohface_39_0,profile1D quadratic,,,,,,,,,,,,,,,,,data/cohface_39_0.pkl
cohface_39_0,profile1d_quadratic__kfstd,,,,,,,,,,,,,,,61.15,,data/cohface_39_0.pkl
cohface_39_0,profile1d_quadratic__robust_ossm_ekf,0.902698282910875,0.0,0.0,0.902698282910875,0.0,0.030508950048641622,0.0,0.8103025347506132,0.0,1.0645098764659804,0.0,0.0,100.0,0.23288726427102194,61.15,1223.0,data/cohface_39_0.pkl
cohface_39_0,profile1d_quadratic__robust_ossm_ukf,0.7309893704006541,0.0,0.001635322976287817,0.7309893704006541,0.3744889615699101,0.0750596671313489,0.0,0.892886345053148,0.0,1.0613808266897822,0.0,0.0,100.0,0.21932750635354942,61.15,1223.0,data/cohface_39_0.pkl
cohface_39_0,profile1D cubic,,,,,,,,,,,,,,,,,data/cohface_39_0.pkl
cohface_39_0,profile1d_cubic__kfstd,,,,,,,,,,,,,,,61.15,,data/cohface_39_0.pkl
cohface_39_0,profile1d_cubic__robust_ossm_ekf,0.8233851185609158,0.0,0.0,0.8233851185609158,0.0,0.034391143755267355,0.0,0.8078495502861816,0.0,1.0641179328657286,0.0,0.0,100.0,0.21718496958259734,61.15,1223.0,data/cohface_39_0.pkl
cohface_39_0,profile1d_cubic__robust_ossm_ukf,0.7538838920686836,0.0,0.001635322976287817,0.7538838920686836,0.37367130008176613,0.07697785854846256,0.0,0.8945216680294358,0.0,1.0609619605805884,0.0,0.0,100.0,0.22063360771260637,61.15,1223.0,data/cohface_39_0.pkl
cohface_36_1,of_farneback,,,,,,,,,,,,,,,,,data/cohface_36_1.pkl
cohface_36_1,of_farneback__kfstd,,,,,,,,,,,,,,,60.7,,data/cohface_36_1.pkl
cohface_36_1,of_farneback__robust_ossm_ekf,0.7380560131795717,0.0,0.0,0.7322899505766063,0.7380560131795717,0.840583048913268,0.0,0.9489291598023064,3.406109421134531e-05,1.0150187805763131,0.2957166392092257,0.0,84.51400329489292,0.07443698584704617,60.7,1214.0,data/cohface_36_1.pkl
cohface_36_1,of_farneback__robust_ossm_ukf,0.2981878088962109,0.0016474464579901153,0.0016474464579901153,0.2981878088962109,0.2784184514003295,75383.87063473828,0.0,0.9151565074135091,0.0,1.0296374731403393,0.14744645799011533,0.009884678747940691,90.44481054365733,0.09676542118011652,60.7,1214.0,data/cohface_36_1.pkl
cohface_36_1,profile1D linear,,,,,,,,,,,,,,,,,data/cohface_36_1.pkl
cohface_36_1,profile1d_linear__kfstd,,,,,,,,,,,,,,,44.6,,data/cohface_36_1.pkl
cohface_36_1,profile1d_linear__robust_ossm_ekf,0.5485996705107083,0.0,0.0,0.5485996705107083,0.18945634266886327,0.055269228101639194,0.0,0.8789126853377265,0.0,1.0627756210239798,0.0,0.0,97.0345963756178,0.11851879298345387,60.7,1214.0,data/cohface_36_1.pkl
cohface_36_1,profile1d_linear__robust_ossm_ukf,0.7232289950576606,0.0,0.0,0.7232289950576606,0.22899505766062603,0.06641448140371893,0.0,0.9060955518945635,0.0,1.0619960660877477,0.0,0.0,99.75288303130148,0.18360501574851557,60.7,1214.0,data/cohface_36_1.pkl
cohface_36_1,profile1D quadratic,,,,,,,,,,,,,,,,,data/cohface_36_1.pkl
cohface_36_1,profile1d_quadratic__kfstd,,,,,,,,,,,,,,,50.8,,data/cohface_36_1.pkl
cohface_36_1,profile1d_quadratic__robust_ossm_ekf,0.8920922570016474,0.0,0.0,0.8920922570016474,0.6663920922570017,0.13907544614425604,0.0,0.9242174629324547,3.036342420342245e-295,1.0569403789192913,0.0,0.0,87.39703459637562,0.10330592896946346,60.7,1214.0,data/cohface_36_1.pkl
cohface_36_1,profile1d_quadratic__robust_ossm_ukf,0.6927512355848435,0.0008237232289950577,0.002471169686985173,0.6927512355848435,0.07660626029654036,8502.004131826088,0.0,0.8624382207578254,0.0,1.0549194396526895,0.005766062602965404,0.004942339373970346,98.51729818780889,0.19007955045819291,47.35,1214.0,data/cohface_36_1.pkl
cohface_36_1,profile1D cubic,,,,,,,,,,,,,,,,,data/cohface_36_1.pkl
cohface_36_1,profile1d_cubic__kfstd,,,,,,,,,,,,,,,60.7,,data/cohface_36_1.pkl
cohface_36_1,profile1d_cubic__robust_ossm_ekf,0.8920922570016474,0.0,0.0008237232289950577,0.8920922570016474,0.6663920922570017,0.16679956831010356,0.0,0.913509060955519,1.2801869157614559e-254,1.0546378320066088,0.0,0.0,83.77265238879737,0.09951122560340599,60.7,1214.0,data/cohface_36_1.pkl
cohface_36_1,profile1d_cubic__robust_ossm_ukf,0.7833607907742999,0.0,0.002471169686985173,0.7833607907742999,0.30971993410214166,0.09026427495494904,0.0,0.872322899505766,0.0,1.0600709145764025,0.0,0.0,99.34102141680395,0.18600081304092175,60.7,1214.0,data/cohface_36_1.pkl
cohface_11_2,of_farneback,,,,,,,,,,,,,,,,,data/cohface_11_2.pkl
cohface_11_2,of_farneback__kfstd,,,,,,,,,,,,,,,61.3,,data/cohface_11_2.pkl
cohface_11_2,of_farneback__robust_ossm_ekf,0.18923327895595432,0.0,0.0,0.18923327895595432,0.0,0.10246193500874688,0.0,0.933931484502447,0.0,1.0592998687251918,0.0008156606851549756,0.0,100.0,0.12252090670260765,61.3,1226.0,data/cohface_11_2.pkl
cohface_11_2,of_farneback__robust_ossm_ukf,0.16476345840130505,0.0,0.0,0.16476345840130505,0.0,0.09961008391868764,0.0,0.9208809135399674,0.0,1.059478621627365,0.0008156606851549756,0.0,100.0,0.12391389319826461,61.3,1226.0,data/cohface_11_2.pkl
cohface_11_2,profile1D linear,,,,,,,,,,,,,,,,,data/cohface_11_2.pkl
cohface_11_2,profile1d_linear__kfstd,,,,,,,,,,,,,,,61.3,,data/cohface_11_2.pkl
cohface_11_2,profile1d_linear__robust_ossm_ekf,0.6949429037520392,0.0,0.0,0.6949429037520392,0.10603588907014681,0.22658184155290878,0.0,0.8507340946166395,1.878390334795593e-191,1.0515620945239572,0.061174551386623165,0.0,81.81076672104405,0.17210588157500886,61.3,1226.0,data/cohface_11_2.pkl
cohface_11_2,profile1d_linear__robust_ossm_ukf,0.8882544861337683,0.0,0.0032626427406199023,0.8882544861337683,0.26101141924959215,0.08124815466236716,0.0,0.932300163132137,0.0,1.0609651712161265,0.0,0.0,99.10277324632953,0.28260169911762617,61.3,1226.0,data/cohface_11_2.pkl
cohface_11_2,profile1D quadratic,,,,,,,,,,,,,,,,,data/cohface_11_2.pkl
cohface_11_2,profile1d_quadratic__kfstd,,,,,,,,,,,,,,,61.3,,data/cohface_11_2.pkl
cohface_11_2,profile1d_quadratic__robust_ossm_ekf,0.9526916802610114,0.0,0.0,0.9526916802610114,0.0,0.01969742468519557,0.0,0.8230016313213703,0.0,1.0652747850092446,0.0,0.0,100.0,0.2700864662685141,61.3,1226.0,data/cohface_11_2.pkl
cohface_11_2,profile1d_quadratic__robust_ossm_ukf,0.697389885807504,0.0,0.004078303425774877,0.697389885807504,0.3270799347471452,0.06784810956861277,0.0,0.9282218597063622,0.0,1.0618884140242348,0.0,0.0,98.93964110929853,0.19761183735287263,61.3,1226.0,data/cohface_11_2.pkl
cohface_11_2,profile1D cubic,,,,,,,,,,,,,,,,,data/cohface_11_2.pkl
cohface_11_2,profile1d_cubic__kfstd,,,,,,,,,,,,,,,61.3,,data/cohface_11_2.pkl
cohface_11_2,profile1d_cubic__robust_ossm_ekf,0.9526916802610114,0.0,0.0,0.9526916802610114,0.0,0.020606044498319435,0.0,0.8295269168026101,0.0,1.0651373826901855,0.0,0.0,100.0,0.2724817771292702,61.3,1226.0,data/cohface_11_2.pkl
cohface_11_2,profile1d_cubic__robust_ossm_ukf,0.6729200652528549,0.0,0.0016313213703099511,0.6729200652528549,0.3352365415986949,0.06908931071391537,0.0,0.9233278955954323,0.0,1.0615470410496632,0.0,0.0,98.93964110929853,0.19818986764032423,61.3,1226.0,data/cohface_11_2.pkl
cohface_8_1,of_farneback,,,,,,,,,,,,,,,,,data/cohface_8_1.pkl
cohface_8_1,of_farneback__kfstd,,,,,,,,,,,,,,,60.45,,data/cohface_8_1.pkl
cohface_8_1,of_farneback__robust_ossm_ekf,0.23076923076923078,0.0,0.0,0.23076923076923078,0.009098428453267164,0.15505348206137826,0.0,0.9272125723738627,1.134866310137353e-269,1.0559089029365125,0.03143093465674111,0.0,98.18031430934657,0.1417067144919996,60.45,1209.0,data/cohface_8_1.pkl
cohface_8_1,of_farneback__robust_ossm_ukf,0.27543424317617865,0.0,0.0,0.27543424317617865,0.017369727047146403,0.1485620563639343,0.0,0.923904052936311,3.3734638120145316e-279,1.0563045826673383,0.0206782464846981,0.0,98.42845326716295,0.14599250951618262,60.45,1209.0,data/cohface_8_1.pkl
cohface_8_1,profile1D linear,,,,,,,,,,,,,,,,,data/cohface_8_1.pkl
cohface_8_1,profile1d_linear__kfstd,,,,,,,,,,,,,,,60.45,,data/cohface_8_1.pkl
cohface_8_1,profile1d_linear__robust_ossm_ekf,0.8759305210918115,0.0,0.0,0.8759305210918115,0.0,0.011893619091118406,0.0,0.7353184449958643,0.0,1.0658251903479,0.0,0.0,99.25558312655087,0.215238304190172,60.45,1209.0,data/cohface_8_1.pkl
cohface_8_1,profile1d_linear__robust_ossm_ukf,0.6170388751033913,0.0,0.0033085194375516956,0.6170388751033913,0.23407775020678245,0.05964708354622942,0.0,0.9511993382961125,0.0,1.0624513373787263,0.0,0.0,99.25558312655087,0.23770681693509305,60.45,1209.0,data/cohface_8_1.pkl
cohface_8_1,profile1D quadratic,,,,,,,,,,,,,,,,,data/cohface_8_1.pkl
cohface_8_1,profile1d_quadratic__kfstd,,,,,,,,,,,,,,,60.45,,data/cohface_8_1.pkl
cohface_8_1,profile1d_quadratic__robust_ossm_ekf,0.6203473945409429,0.0,0.0,0.6203473945409429,0.0,0.022088946075499286,0.0,0.8461538461538461,0.0,1.0651036628341521,0.0,0.0,98.26302729528535,0.1736813664926128,60.45,1209.0,data/cohface_8_1.pkl
cohface_8_1,profile1d_quadratic__robust_ossm_ukf,0.575682382133995,0.0008271298593879239,0.0008271298593879239,0.575682382133995,0.09594706368899918,66.89391709065907,0.0,0.9379652605459057,0.0,1.0573447165551577,0.006617038875103391,0.0041356492969396195,97.68403639371381,0.19683473784337824,39.0,1209.0,data/cohface_8_1.pkl
cohface_8_1,profile1D cubic,,,,,,,,,,,,,,,,,data/cohface_8_1.pkl
cohface_8_1,profile1d_cubic__kfstd,,,,,,,,,,,,,,,60.45,,data/cohface_8_1.pkl
cohface_8_1,profile1d_cubic__robust_ossm_ekf,0.618693134822167,0.0,0.0,0.618693134822167,0.0,0.022917343775914263,0.0,0.858560794044665,0.0,1.0649557839840296,0.0,0.0,98.26302729528535,0.1735480820760926,60.45,1209.0,data/cohface_8_1.pkl
cohface_8_1,profile1d_cubic__robust_ossm_ukf,0.71712158808933,0.0,0.0,0.71712158808933,0.44499586435070304,0.06260190226148414,0.0,0.9429280397022333,0.0,1.0620097181337311,0.0,0.0,97.60132340777503,0.19795539865071196,60.45,1209.0,data/cohface_8_1.pkl
cohface_8_0,of_farneback,,,,,,,,,,,,,,,,,data/cohface_8_0.pkl
cohface_8_0,of_farneback__kfstd,,,,,,,,,,,,,,,60.5,,data/cohface_8_0.pkl
cohface_8_0,of_farneback__robust_ossm_ekf,0.5743801652892562,0.0,0.0,0.5743801652892562,0.0,0.062001568184100145,0.0,0.8900826446280992,0.0,1.0621812288793746,0.0,0.0,98.84297520661157,0.17366412546591914,60.5,1210.0,data/cohface_8_0.pkl
cohface_8_0,of_farneback__robust_ossm_ukf,0.27603305785123966,0.0,0.0,0.27603305785123966,0.0,0.08661660093492698,0.0,0.9454545454545454,0.0,1.0603720519715623,0.0,0.0,98.84297520661157,0.16337130603331368,60.5,1210.0,data/cohface_8_0.pkl
cohface_8_0,profile1D linear,,,,,,,,,,,,,,,,,data/cohface_8_0.pkl
cohface_8_0,profile1d_linear__kfstd,,,,,,,,,,,,,,,60.5,,data/cohface_8_0.pkl
cohface_8_0,profile1d_linear__robust_ossm_ekf,0.9520661157024793,0.0,0.0,0.9520661157024793,0.0,0.003442079066299985,0.0,0.5785123966942148,0.0,1.0664223927148433,0.0,0.0,99.75206611570248,0.34051179928413405,60.5,1210.0,data/cohface_8_0.pkl
cohface_8_0,profile1d_linear__robust_ossm_ukf,0.9520661157024793,0.0,0.0049586776859504135,0.9520661157024793,0.0,0.07819325875525937,0.0,0.9537190082644628,0.0,1.0611519682676098,0.0,0.0,99.75206611570248,0.3305409314640846,60.5,1210.0,data/cohface_8_0.pkl
cohface_8_0,profile1D quadratic,,,,,,,,,,,,,,,,,data/cohface_8_0.pkl
cohface_8_0,profile1d_quadratic__kfstd,,,,,,,,,,,,,,,60.5,,data/cohface_8_0.pkl
cohface_8_0,profile1d_quadratic__robust_ossm_ekf,0.9520661157024793,0.0,0.0,0.9520661157024793,0.0,0.008080168496220614,0.0,0.7239669421487603,0.0,1.066094262311173,0.0,0.0,99.75206611570248,0.30257168931155654,60.5,1210.0,data/cohface_8_0.pkl
cohface_8_0,profile1d_quadratic__robust_ossm_ukf,0.6545454545454545,0.0,0.0049586776859504135,0.6545454545454545,0.16942148760330578,0.08165792332967677,0.0,0.9495867768595041,0.0,1.0609146635734357,0.0,0.0,99.75206611570248,0.25830335965398576,60.5,1210.0,data/cohface_8_0.pkl
cohface_8_0,profile1D cubic,,,,,,,,,,,,,,,,,data/cohface_8_0.pkl
cohface_8_0,profile1d_cubic__kfstd,,,,,,,,,,,,,,,60.5,,data/cohface_8_0.pkl
cohface_8_0,profile1d_cubic__robust_ossm_ekf,0.9520661157024793,0.0,0.0,0.9520661157024793,0.0,0.008745892684167127,0.0,0.7322314049586777,0.0,1.0660144173166481,0.0,0.0,99.75206611570248,0.302118535306699,60.5,1210.0,data/cohface_8_0.pkl
cohface_8_0,profile1d_cubic__robust_ossm_ukf,0.6611570247933884,0.0,0.003305785123966942,0.6611570247933884,0.2206611570247934,0.08125315667127941,0.0,0.9495867768595041,0.0,1.0606429471558785,0.0,0.0,99.75206611570248,0.25166485304968655,60.5,1210.0,data/cohface_8_0.pkl
cohface_17_2,of_farneback,,,,,,,,,,,,,,,,,data/cohface_17_2.pkl
cohface_17_2,of_farneback__kfstd,,,,,,,,,,,,,,,60.9,,data/cohface_17_2.pkl
cohface_17_2,of_farneback__robust_ossm_ekf,0.29064039408866993,0.0008210180623973727,0.0008210180623973727,0.1592775041050903,0.29064039408866993,0.7119742163609041,0.0,0.9548440065681445,2.3636792270188113e-15,1.0254819543063993,0.17405582922824303,0.0,94.08866995073892,0.09447252203070652,60.9,1218.0,data/cohface_17_2.pkl
cohface_17_2,of_farneback__robust_ossm_ukf,0.45073891625615764,0.0008210180623973727,0.0,0.4433497536945813,0.45073891625615764,10736.955483177991,0.0,0.9359605911330049,0.0,1.0347642997482558,0.10919540229885058,0.007389162561576354,97.29064039408867,0.10431226399187182,60.9,1218.0,data/cohface_17_2.pkl
cohface_17_2,profile1D linear,,,,,,,,,,,,,,,,,data/cohface_17_2.pkl
cohface_17_2,profile1d_linear__kfstd,,,,,,,,,,,,,,,60.9,,data/cohface_17_2.pkl
cohface_17_2,profile1d_linear__robust_ossm_ekf,0.5960591133004927,0.0,0.0,0.5960591133004927,0.0,0.023097879527168026,0.0,0.8555008210180624,0.0,1.0650333715529585,0.0,0.0,99.83579638752053,0.12909456643465428,60.9,1218.0,data/cohface_17_2.pkl
cohface_17_2,profile1d_linear__robust_ossm_ukf,0.4745484400656814,0.0008210180623973727,0.0008210180623973727,0.4745484400656814,0.13218390804597702,79.83199027120442,0.0,0.9334975369458128,0.0,1.0583737412831977,0.004105090311986864,0.004105090311986864,98.60426929392446,0.15965298462210467,60.9,1218.0,data/cohface_17_2.pkl
cohface_17_2,profile1D quadratic,,,,,,,,,,,,,,,,,data/cohface_17_2.pkl
cohface_17_2,profile1d_quadratic__kfstd,,,,,,,,,,,,,,,60.9,,data/cohface_17_2.pkl
cohface_17_2,profile1d_quadratic__robust_ossm_ekf,0.8382594417077176,0.0,0.0,0.8382594417077176,0.0,0.0297983556046727,0.0,0.7906403940886699,0.0,1.0645706082295445,0.0,0.0,99.83579638752053,0.16052636310116025,60.9,1218.0,data/cohface_17_2.pkl
cohface_17_2,profile1d_quadratic__robust_ossm_ukf,0.7044334975369458,0.0008210180623973727,0.0024630541871921183,0.7044334975369458,0.15599343185550082,1125.4947088410843,0.0,0.9376026272577996,0.0,1.0576354784906459,0.005747126436781609,0.004105090311986864,99.17898193760263,0.1848223087898335,60.9,1218.0,data/cohface_17_2.pkl
cohface_17_2,profile1D cubic,,,,,,,,,,,,,,,,,data/cohface_17_2.pkl
cohface_17_2,profile1d_cubic__kfstd,,,,,,,,,,,,,,,60.9,,data/cohface_17_2.pkl
cohface_17_2,profile1d_cubic__robust_ossm_ekf,0.6847290640394089,0.0,0.0,0.6847290640394089,0.0,0.034357214181921204,0.0,0.8177339901477833,0.0,1.0641334657847876,0.0,0.0,99.83579638752053,0.14757331293554302,60.9,1218.0,data/cohface_17_2.pkl
cohface_17_2,profile1d_cubic__robust_ossm_ukf,0.5607553366174056,0.0008210180623973727,0.0024630541871921183,0.5607553366174056,0.12643678160919541,1080974.8821800181,0.0,0.922824302134647,0.0,1.0576444599820416,0.0049261083743842365,0.004105090311986864,99.17898193760263,0.1975434526954265,53.3,1218.0,data/cohface_17_2.pkl
cohface_8_2,of_farneback,,,,,,,,,,,,,,,,,data/cohface_8_2.pkl
cohface_8_2,of_farneback__kfstd,,,,,,,,,,,,,,,60.45,,data/cohface_8_2.pkl
cohface_8_2,of_farneback__robust_ossm_ekf,0.3349875930521092,0.0008271298593879239,0.0,0.3349875930521092,0.04714640198511166,0.5887139706009717,0.0,0.9098428453267163,5.985431795663163e-33,1.0329967337751607,0.1695616211745244,0.0008271298593879239,98.9247311827957,0.16516106873427586,60.45,1209.0,data/cohface_8_2.pkl
cohface_8_2,of_farneback__robust_ossm_ukf,0.33664185277088504,0.0008271298593879239,0.0008271298593879239,0.33664185277088504,0.09015715467328371,49111.46759859949,0.0,0.9148056244830438,0.0,1.0308102224863966,0.15715467328370555,0.005789909015715467,98.34574028122415,0.17345291555102504,60.45,1209.0,data/cohface_8_2.pkl
cohface_8_2,profile1D linear,,,,,,,,,,,,,,,,,data/cohface_8_2.pkl
cohface_8_2,profile1d_linear__kfstd,,,,,,,,,,,,,,,60.45,,data/cohface_8_2.pkl
cohface_8_2,profile1d_linear__robust_ossm_ekf,0.5095119933829612,0.0,0.0008271298593879239,0.5095119933829612,0.152191894127378,0.11126309797559017,0.0,0.8858560794044665,0.0,1.0591512026675185,0.017369727047146403,0.0,98.51116625310173,0.18131824660298806,60.45,1209.0,data/cohface_8_2.pkl
cohface_8_2,profile1d_linear__robust_ossm_ukf,0.7088502894954508,0.0,0.0,0.7088502894954508,0.6484698097601324,0.06904624570337696,0.0,0.9280397022332506,0.0,1.0618136457654275,0.0,0.0,97.93217535153019,0.19414264825571134,60.45,1209.0,data/cohface_8_2.pkl
cohface_8_2,profile1D quadratic,,,,,,,,,,,,,,,,,data/cohface_8_2.pkl
cohface_8_2,profile1d_quadratic__kfstd,,,,,,,,,,,,,,,60.45,,data/cohface_8_2.pkl
cohface_8_2,profile1d_quadratic__robust_ossm_ekf,0.6931348221670802,0.0,0.0,0.6931348221670802,0.3531844499586435,0.1759263271264311,0.0,0.9255583126550868,5.526089905203841e-242,1.054603475835649,0.017369727047146403,0.0,85.52522746071133,0.1534808816211329,60.45,1209.0,data/cohface_8_2.pkl
cohface_8_2,profile1d_quadratic__robust_ossm_ukf,0.7146401985111662,0.0,0.0016542597187758478,0.7146401985111662,0.14640198511166252,0.09948655544539356,0.0,0.9230769230769231,0.0,1.0597141833914077,0.0,0.0,100.0,0.22203506025152228,60.45,1209.0,data/cohface_8_2.pkl
cohface_8_2,profile1D cubic,,,,,,,,,,,,,,,,,data/cohface_8_2.pkl
cohface_8_2,profile1d_cubic__kfstd,,,,,,,,,,,,,,,60.45,,data/cohface_8_2.pkl
cohface_8_2,profile1d_cubic__robust_ossm_ekf,0.5607940446650124,0.0,0.0,0.5607940446650124,0.08684863523573201,0.1144300751373725,0.0,0.9139784946236559,0.0,1.0585315973528824,0.014061207609594707,0.0,96.36062861869314,0.17524255750924703,60.45,1209.0,data/cohface_8_2.pkl
cohface_8_2,profile1d_cubic__robust_ossm_ukf,0.685690653432589,0.0,0.0016542597187758478,0.685690653432589,0.15467328370554176,0.1014066350375816,0.0,0.9156327543424317,0.0,1.059274426875873,0.0,0.0,99.33829611248966,0.21374548629558665,60.45,1209.0,data/cohface_8_2.pkl
cohface_5_2,of_farneback,,,,,,,,,,,,,,,,,data/cohface_5_2.pkl
cohface_5_2,of_farneback__kfstd,,,,,,,,,,,,,,,60.5,,data/cohface_5_2.pkl
cohface_5_2,of_farneback__robust_ossm_ekf,0.3256198347107438,0.003305785123966942,0.0,0.3256198347107438,0.10743801652892562,1.2156471941341431,0.0,0.8909090909090909,6.423116338805102e-07,1.0087137000040471,0.25867768595041324,0.0024793388429752068,97.10743801652893,0.12259583573032151,60.5,1210.0,data/cohface_5_2.pkl
cohface_5_2,of_farneback__robust_ossm_ukf,0.5181818181818182,0.001652892561983471,0.001652892561983471,0.5181818181818182,0.3884297520661157,2955.3779493763436,0.0,0.8966942148760331,0.0,1.0155421477308333,0.20082644628099172,0.006611570247933884,96.77685950413223,0.1418720614452623,60.5,1210.0,data/cohface_5_2.pkl
cohface_5_2,profile1D linear,,,,,,,,,,,,,,,,,data/cohface_5_2.pkl
cohface_5_2,profile1d_linear__kfstd,,,,,,,,,,,,,,,60.5,,data/cohface_5_2.pkl
cohface_5_2,profile1d_linear__robust_ossm_ekf,0.9520661157024793,0.0,0.0,0.9520661157024793,0.0,0.00876629196125087,0.0,0.7066115702479339,0.0,1.0660444770763347,0.0,0.0,99.17355371900827,0.19051010992873624,60.5,1210.0,data/cohface_5_2.pkl
cohface_5_2,profile1d_linear__robust_ossm_ukf,0.9520661157024793,0.0,0.0024793388429752068,0.9520661157024793,0.0,0.05275789861938931,0.0,0.9247933884297521,0.0,1.062938544377985,0.0,0.0,99.17355371900827,0.2361400266114366,60.5,1210.0,data/cohface_5_2.pkl
cohface_5_2,profile1D quadratic,,,,,,,,,,,,,,,,,data/cohface_5_2.pkl
cohface_5_2,profile1d_quadratic__kfstd,,,,,,,,,,,,,,,60.5,,data/cohface_5_2.pkl
cohface_5_2,profile1d_quadratic__robust_ossm_ekf,0.9520661157024793,0.0,0.0,0.9520661157024793,0.0,0.01310366089140577,0.0,0.7388429752066116,0.0,1.0657391808137562,0.0,0.0,99.17355371900827,0.17836576668176107,60.5,1210.0,data/cohface_5_2.pkl
cohface_5_2,profile1d_quadratic__robust_ossm_ukf,0.9520661157024793,0.0,0.0008264462809917355,0.9520661157024793,0.4256198347107438,0.06872128927691575,0.0,0.9148760330578513,0.0,1.0618288657538921,0.0,0.0,99.17355371900827,0.1614853361367204,60.5,1210.0,data/cohface_5_2.pkl
cohface_5_2,profile1D cubic,,,,,,,,,,,,,,,,,data/cohface_5_2.pkl
cohface_5_2,profile1d_cubic__kfstd,,,,,,,,,,,,,,,60.5,,data/cohface_5_2.pkl
cohface_5_2,profile1d_cubic__robust_ossm_ekf,0.9520661157024793,0.0,0.0,0.9520661157024793,0.0,0.013894596699856253,0.0,0.7446280991735538,0.0,1.065628591042639,0.0,0.0,99.17355371900827,0.17657099270204568,60.5,1210.0,data/cohface_5_2.pkl
cohface_5_2,profile1d_cubic__robust_ossm_ukf,0.9256198347107438,0.0,0.001652892561983471,0.9256198347107438,0.46611570247933887,0.06763998524178735,0.0,0.9066115702479339,0.0,1.0616562764945163,0.0,0.0,99.17355371900827,0.15476459963408043,60.5,1210.0,data/cohface_5_2.pkl
cohface_10_2,of_farneback,,,,,,,,,,,,,,,,,data/cohface_10_2.pkl
cohface_10_2,of_farneback__kfstd,,,,,,,,,,,,,,,61.05,,data/cohface_10_2.pkl
cohface_10_2,of_farneback__robust_ossm_ekf,0.8296478296478297,0.0,0.0,0.8296478296478297,0.8214578214578214,0.5535621867100202,0.0,0.9762489762489762,2.676159725376573e-40,1.0319939600069912,0.15233415233415235,0.0,92.87469287469287,0.1001000182538487,61.05,1221.0,data/cohface_10_2.pkl
cohface_10_2,of_farneback__robust_ossm_ukf,0.48484848484848486,0.0,0.0,0.48484848484848486,0.2031122031122031,0.16545731523040805,0.0,0.9385749385749386,7.297408125398568e-258,1.0553105636043347,0.03931203931203931,0.0,99.75429975429975,0.13519723918111734,61.05,1221.0,data/cohface_10_2.pkl
cohface_10_2,profile1D linear,,,,,,,,,,,,,,,,,data/cohface_10_2.pkl
cohface_10_2,profile1d_linear__kfstd,,,,,,,,,,,,,,,61.05,,data/cohface_10_2.pkl
cohface_10_2,profile1d_linear__robust_ossm_ekf,0.9524979524979525,0.0,0.0,0.9524979524979525,0.0,0.012608109555332259,0.0,0.7682227682227682,0.0,1.065772248480113,0.0,0.0,99.75429975429975,0.19198801111236044,61.05,1221.0,data/cohface_10_2.pkl
cohface_10_2,profile1d_linear__robust_ossm_ukf,0.6822276822276823,0.000819000819000819,0.003276003276003276,0.6822276822276823,0.18837018837018837,61995.05108705655,0.0,0.9254709254709255,0.0,1.0580321009548228,0.004914004914004914,0.004095004095004095,99.09909909909909,0.21611308191823497,55.9,1221.0,data/cohface_10_2.pkl
cohface_10_2,profile1D quadratic,,,,,,,,,,,,,,,,,data/cohface_10_2.pkl
cohface_10_2,profile1d_quadratic__kfstd,,,,,,,,,,,,,,,61.05,,data/cohface_10_2.pkl
cohface_10_2,profile1d_quadratic__robust_ossm_ekf,0.8869778869778869,0.0,0.0,0.8869778869778869,0.0,0.023957694418934476,0.0,0.8108108108108109,0.0,1.0649719090713232,0.0,0.0,99.75429975429975,0.21095334616933928,61.05,1221.0,data/cohface_10_2.pkl
cohface_10_2,profile1d_quadratic__robust_ossm_ukf,0.8574938574938575,0.0,0.002457002457002457,0.8574938574938575,0.5724815724815725,0.06521409223579631,0.0,0.9033579033579033,0.0,1.0620701951835605,0.0,0.0,99.75429975429975,0.21389656712156616,61.05,1221.0,data/cohface_10_2.pkl
cohface_10_2,profile1D cubic,,,,,,,,,,,,,,,,,data/cohface_10_2.pkl
cohface_10_2,profile1d_cubic__kfstd,,,,,,,,,,,,,,,61.05,,data/cohface_10_2.pkl
cohface_10_2,profile1d_cubic__robust_ossm_ekf,0.8345618345618345,0.0,0.0,0.8345618345618345,0.0,0.02510062196523164,0.0,0.8296478296478297,0.0,1.0647940440642163,0.0,0.0,99.75429975429975,0.19168780395591675,61.05,1221.0,data/cohface_10_2.pkl
cohface_10_2,profile1d_cubic__robust_ossm_ukf,0.8574938574938575,0.0,0.002457002457002457,0.8574938574938575,0.5724815724815725,0.06592926460613553,0.0,0.9074529074529074,0.0,1.0617694224598957,0.0,0.0,99.75429975429975,0.2139639687836081,61.05,1221.0,data/cohface_10_2.pkl
cohface_6_1,of_farneback,,,,,,,,,,,,,,,,,data/cohface_6_1.pkl
cohface_6_1,of_farneback__kfstd,,,,,,,,,,,,,,,60.35,,data/cohface_6_1.pkl
cohface_6_1,of_farneback__robust_ossm_ekf,0.5178127589063795,0.0008285004142502071,0.0,0.5178127589063795,0.0695940347970174,0.3988703927751706,0.0,0.8392709196354599,2.4427262552450325e-85,1.0456724647859217,0.07705053852526926,0.0,99.50289975144987,0.24102202280483986,60.35,1207.0,data/cohface_6_1.pkl
cohface_6_1,of_farneback__robust_ossm_ukf,0.5111847555923777,0.0,0.0016570008285004142,0.5111847555923777,0.014084507042253521,0.1922648531784522,0.0,0.9163214581607291,1.3879812824485473e-222,1.0532629646846583,0.0231980115990058,0.0,99.91714995857498,0.23300873141549652,60.35,1207.0,data/cohface_6_1.pkl
cohface_6_1,profile1D linear,,,,,,,,,,,,,,,,,data/cohface_6_1.pkl
cohface_6_1,profile1d_linear__kfstd,,,,,,,,,,,,,,,60.35,,data/cohface_6_1.pkl
cohface_6_1,profile1d_linear__robust_ossm_ekf,0.7555923777961889,0.0,0.0,0.7555923777961889,0.1267605633802817,0.1907284263976942,0.0,0.9386909693454847,2.7629469585233135e-224,1.054479746833413,0.026512013256006627,0.0,87.07539353769677,0.15526945284110322,60.35,1207.0,data/cohface_6_1.pkl
cohface_6_1,profile1d_linear__robust_ossm_ukf,0.7613918806959403,0.0,0.006628003314001657,0.7613918806959403,0.009942004971002486,0.11406913378028392,0.0,0.9494614747307374,0.0,1.0588748984482232,0.021541010770505385,0.0,98.59154929577464,0.3139748633179083,60.35,1207.0,data/cohface_6_1.pkl
cohface_6_1,profile1D quadratic,,,,,,,,,,,,,,,,,data/cohface_6_1.pkl
cohface_6_1,profile1d_quadratic__kfstd,,,,,,,,,,,,,,,60.35,,data/cohface_6_1.pkl
cohface_6_1,profile1d_quadratic__robust_ossm_ekf,0.7539353769676885,0.0,0.0008285004142502071,0.7539353769676885,0.0,0.037033156173080825,0.0,0.7870753935376967,0.0,1.0640737757770142,0.0008285004142502071,0.0,99.91714995857498,0.3667615093080538,60.35,1207.0,data/cohface_6_1.pkl
cohface_6_1,profile1d_quadratic__robust_ossm_ukf,0.8061309030654515,0.0,0.0024855012427506215,0.8061309030654515,0.0,0.07470758031214843,0.0,0.9362054681027341,0.0,1.061420665202191,0.0008285004142502071,0.0,99.91714995857498,0.4463964489229571,60.35,1207.0,data/cohface_6_1.pkl
cohface_6_1,profile1D cubic,,,,,,,,,,,,,,,,,data/cohface_6_1.pkl
cohface_6_1,profile1d_cubic__kfstd,,,,,,,,,,,,,,,60.35,,data/cohface_6_1.pkl
cohface_6_1,profile1d_cubic__robust_ossm_ekf,0.7696768848384424,0.0,0.0,0.7696768848384424,0.0,0.03877623505322216,0.0,0.768019884009942,0.0,1.0638375927524255,0.0008285004142502071,0.0,99.91714995857498,0.4040741258562395,60.35,1207.0,data/cohface_6_1.pkl
cohface_6_1,profile1d_cubic__robust_ossm_ukf,0.8094449047224523,0.0,0.0024855012427506215,0.8094449047224523,0.0,0.07785394746765649,0.0,0.9461474730737366,0.0,1.0609400956976078,0.0008285004142502071,0.0,99.91714995857498,0.4527936556511452,60.35,1207.0,data/cohface_6_1.pkl
cohface_25_2,of_farneback,,,,,,,,,,,,,,,,,data/cohface_25_2.pkl
cohface_25_2,of_farneback__kfstd,,,,,,,,,,,,,,,62.0,,data/cohface_25_2.pkl
cohface_25_2,of_farneback__robust_ossm_ekf,0.5806451612903226,0.0008064516129032258,0.0,0.5806451612903226,0.1153225806451613,0.9883400501787992,1.0,0.9475806451612904,0.7809616959080512,1.0097416297865995,0.30483870967741933,0.0024193548387096775,86.04838709677419,0.1615755229485691,62.0,1240.0,data/cohface_25_2.pkl
cohface_25_2,of_farneback__robust_ossm_ukf,0.5080645161290323,0.0008064516129032258,0.0,0.5080645161290323,0.1782258064516129,0.6785363527268081,0.0,0.9362903225806452,1.3413944074701555e-19,1.0284900194965951,0.18467741935483872,0.0,97.98387096774194,0.15279983046626958,62.0,1240.0,data/cohface_25_2.pkl
cohface_25_2,profile1D linear,,,,,,,,,,,,,,,,,data/cohface_25_2.pkl
cohface_25_2,profile1d_linear__kfstd,,,,,,,,,,,,,,,62.0,,data/cohface_25_2.pkl
cohface_25_2,profile1d_linear__robust_ossm_ekf,0.6588709677419354,0.0,0.0,0.6588709677419354,0.0,0.03771038439205288,0.0,0.8725806451612903,0.0,1.0640060090838688,0.0,0.0,99.75806451612904,0.18392330037603943,62.0,1240.0,data/cohface_25_2.pkl
cohface_25_2,profile1d_linear__robust_ossm_ukf,0.6758064516129032,0.0,0.0016129032258064516,0.6758064516129032,0.4096774193548387,0.08201495462258741,0.0,0.9225806451612903,0.0,1.060898035294826,0.0,0.0,99.6774193548387,0.22374713934483947,62.0,1240.0,data/cohface_25_2.pkl
cohface_25_2,profile1D quadratic,,,,,,,,,,,,,,,,,data/cohface_25_2.pkl
cohface_25_2,profile1d_quadratic__kfstd,,,,,,,,,,,,,,,62.0,,data/cohface_25_2.pkl
cohface_25_2,profile1d_quadratic__robust_ossm_ekf,0.7008064516129032,0.0,0.0,0.7008064516129032,0.08709677419354839,0.13653201027319883,0.0,0.9209677419354839,8.209369694470658e-306,1.0572266177006744,0.0064516129032258064,0.0,99.75806451612904,0.19819641455953782,62.0,1240.0,data/cohface_25_2.pkl
cohface_25_2,profile1d_quadratic__robust_ossm_ukf,0.8403225806451613,0.0,0.0016129032258064516,0.8403225806451613,0.4153225806451613,0.10983216559495777,0.0,0.9088709677419354,0.0,1.05900390900397,0.0,0.0,99.75806451612904,0.21104812205599272,62.0,1240.0,data/cohface_25_2.pkl
cohface_25_2,profile1D cubic,,,,,,,,,,,,,,,,,data/cohface_25_2.pkl
cohface_25_2,profile1d_cubic__kfstd,,,,,,,,,,,,,,,62.0,,data/cohface_25_2.pkl
cohface_25_2,profile1d_cubic__robust_ossm_ekf,0.7403225806451613,0.0,0.0,0.7403225806451613,0.08387096774193549,0.13372889202812444,0.0,0.9112903225806451,1.20768238224367e-310,1.057145573222126,0.004032258064516129,0.0,99.75806451612904,0.2083310244841644,62.0,1240.0,data/cohface_25_2.pkl
cohface_25_2,profile1d_cubic__robust_ossm_ukf,0.8403225806451613,0.0,0.0016129032258064516,0.8403225806451613,0.41693548387096774,0.10927043640705407,0.0,0.8814516129032258,0.0,1.0587070422541092,0.0,0.0,99.75806451612904,0.2161716142505737,62.0,1240.0,data/cohface_25_2.pkl
cohface_14_2,of_farneback,,,,,,,,,,,,,,,,,data/cohface_14_2.pkl
cohface_14_2,of_farneback__kfstd,,,,,,,,,,,,,,,62.2,,data/cohface_14_2.pkl
cohface_14_2,of_farneback__robust_ossm_ekf,0.4139871382636656,0.0008038585209003215,0.0,0.4139871382636656,0.09967845659163987,0.6733596111934319,0.0,0.9268488745980707,2.466378262742768e-20,1.0279262941187484,0.18488745980707397,0.0,100.0,0.16290113141782392,62.2,1244.0,data/cohface_14_2.pkl
cohface_14_2,of_farneback__robust_ossm_ukf,0.5836012861736335,0.0,0.0008038585209003215,0.5836012861736335,0.005627009646302251,0.39532956243228506,0.0,0.9509646302250804,2.3535807234281683e-89,1.0416121853447484,0.11093247588424437,0.0,100.0,0.18905308006226834,62.2,1244.0,data/cohface_14_2.pkl
cohface_14_2,profile1D linear,,,,,,,,,,,,,,,,,data/cohface_14_2.pkl
cohface_14_2,profile1d_linear__kfstd,,,,,,,,,,,,,,,62.2,,data/cohface_14_2.pkl
cohface_14_2,profile1d_linear__robust_ossm_ekf,0.8368167202572347,0.0,0.0,0.8368167202572347,0.03054662379421222,0.07227443746934492,0.0,0.8480707395498392,0.0,1.0616991978421575,0.007234726688102894,0.0,100.0,0.19312783426424657,62.2,1244.0,data/cohface_14_2.pkl
cohface_14_2,profile1d_linear__robust_ossm_ukf,0.8247588424437299,0.0,0.0008038585209003215,0.8247588424437299,0.0,0.08539260728288747,0.0,0.9437299035369775,0.0,1.0607171056744717,0.00482315112540193,0.0,100.0,0.21739800469016277,62.2,1244.0,data/cohface_14_2.pkl
cohface_14_2,profile1D quadratic,,,,,,,,,,,,,,,,,data/cohface_14_2.pkl
cohface_14_2,profile1d_quadratic__kfstd,,,,,,,,,,,,,,,62.2,,data/cohface_14_2.pkl
cohface_14_2,profile1d_quadratic__robust_ossm_ekf,0.8440514469453376,0.0,0.0,0.8440514469453376,0.0,0.028383684065873827,0.0,0.8488745980707395,0.0,1.0646975098118296,0.003215434083601286,0.0,100.0,0.20588753144890873,62.2,1244.0,data/cohface_14_2.pkl
cohface_14_2,profile1d_quadratic__robust_ossm_ukf,0.7636655948553055,0.0,0.00482315112540193,0.7636655948553055,0.21864951768488747,0.08446063073932042,0.0,0.9196141479099679,0.0,1.0607869756707433,0.005627009646302251,0.0,100.0,0.29338429480036066,57.85,1244.0,data/cohface_14_2.pkl
cohface_14_2,profile1D cubic,,,,,,,,,,,,,,,,,data/cohface_14_2.pkl
cohface_14_2,profile1d_cubic__kfstd,,,,,,,,,,,,,,,62.2,,data/cohface_14_2.pkl
cohface_14_2,profile1d_cubic__robust_ossm_ekf,0.8802250803858521,0.0,0.0,0.8802250803858521,0.0,0.03021079372981569,0.0,0.8536977491961415,0.0,1.0644995007997535,0.0040192926045016075,0.0,100.0,0.21121578901868704,62.2,1244.0,data/cohface_14_2.pkl
cohface_14_2,profile1d_cubic__robust_ossm_ukf,0.7909967845659164,0.0,0.002411575562700965,0.7909967845659164,0.1607717041800643,0.07995822331890985,0.0,0.9180064308681672,0.0,1.0608230557727976,0.0040192926045016075,0.0,99.19614147909968,0.2741891970269359,62.2,1244.0,data/cohface_14_2.pkl
cohface_3_0,of_farneback,,,,,,,,,,,,,,,,,data/cohface_3_0.pkl
cohface_3_0,of_farneback__kfstd,,,,,,,,,,,,,,,60.35,,data/cohface_3_0.pkl
cohface_3_0,of_farneback__robust_ossm_ekf,0.37779618889809446,0.0016570008285004142,0.0008285004142502071,0.37779618889809446,0.07373653686826843,1.1610164116039956,0.0,0.908036454018227,0.00016025823171395004,1.008901226214753,0.27340513670256833,0.0016570008285004142,84.09279204639603,0.11722317006172724,60.35,1207.0,data/cohface_3_0.pkl
cohface_3_0,of_farneback__robust_ossm_ukf,0.28169014084507044,0.0024855012427506215,0.0008285004142502071,0.28169014084507044,0.05965202982601491,2966.4864850201725,0.0,0.9204639602319801,0.0,1.023956369194892,0.1251035625517813,0.0115990057995029,95.19469759734879,0.1735804192958404,60.35,1207.0,data/cohface_3_0.pkl
cohface_3_0,profile1D linear,,,,,,,,,,,,,,,,,data/cohface_3_0.pkl
cohface_3_0,profile1d_linear__kfstd,,,,,,,,,,,,,,,60.35,,data/cohface_3_0.pkl
cohface_3_0,profile1d_linear__robust_ossm_ekf,0.7514498757249378,0.0,0.0,0.7514498757249378,0.2104391052195526,0.031675907287473014,0.0,0.8367854183927091,0.0,1.0644373458998435,0.0,0.0,98.75724937862469,0.19828383743186578,60.35,1207.0,data/cohface_3_0.pkl
cohface_3_0,profile1d_linear__robust_ossm_ukf,0.6528583264291632,0.0008285004142502071,0.0024855012427506215,0.6528583264291632,0.0927920463960232,132443.1046767836,0.0,0.9444904722452361,0.0,1.0579546270681672,0.004971002485501243,0.004142502071251036,97.76304888152444,0.23800494755021098,44.1,1207.0,data/cohface_3_0.pkl
cohface_3_0,profile1D quadratic,,,,,,,,,,,,,,,,,data/cohface_3_0.pkl
cohface_3_0,profile1d_quadratic__kfstd,,,,,,,,,,,,,,,60.35,,data/cohface_3_0.pkl
cohface_3_0,profile1d_quadratic__robust_ossm_ekf,0.6379453189726595,0.0,0.0,0.6379453189726595,0.09030654515327258,0.13316500671515874,0.0,0.855840927920464,2.1753081754237947e-303,1.0578289948648139,0.0231980115990058,0.0,89.72659486329744,0.1573043884048011,60.35,1207.0,data/cohface_3_0.pkl
cohface_3_0,profile1d_quadratic__robust_ossm_ukf,0.6951118475559238,0.0008285004142502071,0.00579950289975145,0.6951118475559238,0.05219552609776305,275146.8155329062,0.0,0.9312344656172328,0.0,1.0565888214599302,0.004971002485501243,0.004142502071251036,98.17729908864955,0.2436157735286743,45.15,1207.0,data/cohface_3_0.pkl
cohface_3_0,profile1D cubic,,,,,,,,,,,,,,,,,data/cohface_3_0.pkl
cohface_3_0,profile1d_cubic__kfstd,,,,,,,,,,,,,,,60.35,,data/cohface_3_0.pkl
cohface_3_0,profile1d_cubic__robust_ossm_ekf,0.6338028169014085,0.0,0.0,0.6338028169014085,0.0811930405965203,0.13814665024394326,0.0,0.8525269262634632,4.574219612119678e-295,1.0575182914508683,0.026512013256006627,0.0,89.31234465617233,0.15600173551531302,60.35,1207.0,data/cohface_3_0.pkl
cohface_3_0,profile1d_cubic__robust_ossm_ukf,0.695940347970174,0.0008285004142502071,0.006628003314001657,0.695940347970174,0.058823529411764705,1265.4142997937738,0.0,0.9395194697597349,0.0,1.0565096088055985,0.004971002485501243,0.004142502071251036,98.50869925434962,0.24256561823676653,45.2,1207.0,data/cohface_3_0.pkl
cohface_4_3,of_farneback,,,,,,,,,,,,,,,,,data/cohface_4_3.pkl
cohface_4_3,of_farneback__kfstd,,,,,,,,,,,,,,,60.5,,data/cohface_4_3.pkl
cohface_4_3,of_farneback__robust_ossm_ekf,0.7851239669421488,0.0024793388429752068,0.0008264462809917355,0.6107438016528925,0.7851239669421488,1.175707249734743,0.0,0.8958677685950414,4.039449159098929e-05,1.0098150342513814,0.228099173553719,0.004132231404958678,76.36363636363636,0.10150915764658078,60.5,1210.0,data/cohface_4_3.pkl
cohface_4_3,of_farneback__robust_ossm_ukf,0.7735537190082644,0.0024793388429752068,0.0024793388429752068,0.6809917355371901,0.7735537190082644,5204.772236846999,0.0,0.8702479338842976,0.0,1.0156216557444266,0.19586776859504132,0.009917355371900827,83.80165289256199,0.11371344033460494,60.5,1210.0,data/cohface_4_3.pkl
cohface_4_3,profile1D linear,,,,,,,,,,,,,,,,,data/cohface_4_3.pkl
cohface_4_3,profile1d_linear__kfstd,,,,,,,,,,,,,,,60.5,,data/cohface_4_3.pkl
cohface_4_3,profile1d_linear__robust_ossm_ekf,0.4487603305785124,0.0,0.0,0.4487603305785124,0.41074380165289254,0.21914866031402447,0.0,0.8842975206611571,8.558885516318727e-196,1.0527468545550138,0.07107438016528926,0.0,99.83471074380165,0.16065514957876662,60.5,1210.0,data/cohface_4_3.pkl
cohface_4_3,profile1d_linear__robust_ossm_ukf,0.6380165289256199,0.0,0.001652892561983471,0.6380165289256199,0.06115702479338843,0.09489661201405447,0.0,0.9256198347107438,0.0,1.0600781724474435,0.005785123966942148,0.0,100.0,0.4514496655467377,60.5,1210.0,data/cohface_4_3.pkl
cohface_4_3,profile1D quadratic,,,,,,,,,,,,,,,,,data/cohface_4_3.pkl
cohface_4_3,profile1d_quadratic__kfstd,,,,,,,,,,,,,,,60.5,,data/cohface_4_3.pkl
cohface_4_3,profile1d_quadratic__robust_ossm_ekf,0.6975206611570248,0.0,0.0,0.6975206611570248,0.0,0.04333938294616689,0.0,0.8363636363636363,0.0,1.063651613256155,0.0,0.0,99.83471074380165,0.17985184372288926,60.5,1210.0,data/cohface_4_3.pkl
cohface_4_3,profile1d_quadratic__robust_ossm_ukf,0.7115702479338843,0.0,0.0024793388429752068,0.7115702479338843,0.27768595041322314,0.08005377248477313,0.0,0.9107438016528926,0.0,1.0610460835226154,0.0,0.0,99.83471074380165,0.28151762855690604,60.5,1210.0,data/cohface_4_3.pkl
cohface_4_3,profile1D cubic,,,,,,,,,,,,,,,,,data/cohface_4_3.pkl
cohface_4_3,profile1d_cubic__kfstd,,,,,,,,,,,,,,,60.5,,data/cohface_4_3.pkl
cohface_4_3,profile1d_cubic__robust_ossm_ekf,0.5983471074380166,0.0,0.0,0.5983471074380166,0.0,0.05112253110584906,0.0,0.871900826446281,0.0,1.0629848024499138,0.0049586776859504135,0.0,99.83471074380165,0.17493483848600416,60.5,1210.0,data/cohface_4_3.pkl
cohface_4_3,profile1d_cubic__robust_ossm_ukf,0.7132231404958678,0.0,0.003305785123966942,0.7132231404958678,0.359504132231405,0.0830862820527893,0.0,0.9082644628099174,0.0,1.0605561015783223,0.0008264462809917355,0.0,99.83471074380165,0.26296783331150037,60.5,1210.0,data/cohface_4_3.pkl
cohface_22_0,of_farneback,,,,,,,,,,,,,,,,,data/cohface_22_0.pkl
cohface_22_0,of_farneback__kfstd,,,,,,,,,,,,,,,60.45,,data/cohface_22_0.pkl
cohface_22_0,of_farneback__robust_ossm_ekf,0.2655086848635236,0.0,0.0,0.2655086848635236,0.0,0.11847336728154736,0.0,0.9321753515301903,0.0,1.058123708845026,0.0,0.0,99.9172870140612,0.10601674423252913,60.45,1209.0,data/cohface_22_0.pkl
cohface_22_0,of_farneback__robust_ossm_ukf,0.2903225806451613,0.0,0.0,0.2903225806451613,0.08436724565756824,0.13259570496712503,0.0,0.9429280397022333,7.284841899489767e-305,1.057134929539101,0.0,0.0,99.9172870140612,0.10316856380111356,60.45,1209.0,data/cohface_22_0.pkl
cohface_22_0,profile1D linear,,,,,,,,,,,,,,,,,data/cohface_22_0.pkl
cohface_22_0,profile1d_linear__kfstd,,,,,,,,,,,,,,,60.45,,data/cohface_22_0.pkl
cohface_22_0,profile1d_linear__robust_ossm_ekf,0.9189412737799835,0.0,0.0,0.9189412737799835,0.0,0.01934023882700564,0.0,0.8569065343258891,0.0,1.0652965161423473,0.0,0.0,99.9172870140612,0.1588427920298209,60.45,1209.0,data/cohface_22_0.pkl
cohface_22_0,profile1d_linear__robust_ossm_ukf,0.587262200165426,0.0,0.0,0.587262200165426,0.1794871794871795,0.0750399892358642,0.0,0.9602977667493796,0.0,1.0613788486739721,0.0,0.0,99.9172870140612,0.18157691673021684,60.45,1209.0,data/cohface_22_0.pkl
cohface_22_0,profile1D quadratic,,,,,,,,,,,,,,,,,data/cohface_22_0.pkl
cohface_22_0,profile1d_quadratic__kfstd,,,,,,,,,,,,,,,60.45,,data/cohface_22_0.pkl
cohface_22_0,profile1d_quadratic__robust_ossm_ekf,0.815550041356493,0.0,0.0,0.815550041356493,0.0,0.02226926648704935,0.0,0.8362282878411911,0.0,1.065090018071484,0.0,0.0,99.9172870140612,0.16013368451191554,60.45,1209.0,data/cohface_22_0.pkl
cohface_22_0,profile1d_quadratic__robust_ossm_ukf,0.6914805624483044,0.0008271298593879239,0.0008271298593879239,0.6914805624483044,0.4441687344913151,2890.8117216065225,0.0,0.9172870140612076,0.0,1.058100199278938,0.0041356492969396195,0.0041356492969396195,99.25558312655087,0.1481598846475686,51.2,1209.0,data/cohface_22_0.pkl
cohface_22_0,profile1D cubic,,,,,,,,,,,,,,,,,data/cohface_22_0.pkl
cohface_22_0,profile1d_cubic__kfstd,,,,,,,,,,,,,,,60.45,,data/cohface_22_0.pkl
cohface_22_0,profile1d_cubic__robust_ossm_ekf,0.8072787427626137,0.0,0.0,0.8072787427626137,0.0,0.023355386702392338,0.0,0.8387096774193549,0.0,1.0649230876927893,0.0,0.0,99.9172870140612,0.16213690858428897,60.45,1209.0,data/cohface_22_0.pkl
cohface_22_0,profile1d_cubic__robust_ossm_ukf,0.707196029776675,0.0008271298593879239,0.0016542597187758478,0.707196029776675,0.44168734491315137,2741651.16841093,0.0,0.9247311827956989,0.0,1.0575894646307844,0.004962779156327543,0.0041356492969396195,99.33829611248966,0.1499892428324409,51.0,1209.0,data/cohface_22_0.pkl
cohface_20_0,of_farneback,,,,,,,,,,,,,,,,,data/cohface_20_0.pkl
cohface_20_0,of_farneback__kfstd,,,,,,,,,,,,,,,60.45,,data/cohface_20_0.pkl
cohface_20_0,of_farneback__robust_ossm_ekf,0.22746071133167908,0.0,0.0,0.22746071133167908,0.0,0.22961363403175636,0.0,0.9346567411083541,3.959163016048522e-186,1.0514780985932572,0.03391232423490488,0.0,99.75186104218362,0.14716677764640682,60.45,1209.0,data/cohface_20_0.pkl
cohface_20_0,of_farneback__robust_ossm_ukf,0.2142266335814723,0.0,0.0,0.2142266335814723,0.005789909015715467,0.18799805676767645,0.0,0.9255583126550868,1.006516305621597e-227,1.0541736694296047,0.03391232423490488,0.0,99.75186104218362,0.14289044705460058,60.45,1209.0,data/cohface_20_0.pkl
cohface_20_0,profile1D linear,,,,,,,,,,,,,,,,,data/cohface_20_0.pkl
cohface_20_0,profile1d_linear__kfstd,,,,,,,,,,,,,,,60.45,,data/cohface_20_0.pkl
cohface_20_0,profile1d_linear__robust_ossm_ekf,0.8453267162944582,0.0,0.0,0.8453267162944582,0.004962779156327543,0.06689979156737494,0.0,0.739454094292804,0.0,1.062095666667762,0.01240694789081886,0.0,92.96939619520265,0.31097866743339075,60.45,1209.0,data/cohface_20_0.pkl
cohface_20_0,profile1d_linear__robust_ossm_ukf,0.7659222497932175,0.0008271298593879239,0.004962779156327543,0.7659222497932175,0.006617038875103391,129.33423891712678,0.0,0.9528535980148883,0.0,1.0555343629032445,0.006617038875103391,0.0041356492969396195,99.09015715467328,0.2736988644777929,50.2,1209.0,data/cohface_20_0.pkl
cohface_20_0,profile1D quadratic,,,,,,,,,,,,,,,,,data/cohface_20_0.pkl
cohface_20_0,profile1d_quadratic__kfstd,,,,,,,,,,,,,,,60.45,,data/cohface_20_0.pkl
cohface_20_0,profile1d_quadratic__robust_ossm_ekf,0.8312655086848635,0.0,0.0,0.8312655086848635,0.009098428453267164,0.03681391096328995,0.0,0.7783291976840364,0.0,1.0640854857729805,0.0,0.0,99.0074441687345,0.28384618699977293,60.45,1209.0,data/cohface_20_0.pkl
cohface_20_0,profile1d_quadratic__robust_ossm_ukf,0.7948717948717948,0.0008271298593879239,0.005789909015715467,0.7948717948717948,0.004962779156327543,652735.1203516927,0.0,0.9313482216708023,0.0,1.0547169339316558,0.004962779156327543,0.0041356492969396195,99.0074441687345,0.2609957117051906,51.75,1209.0,data/cohface_20_0.pkl
cohface_20_0,profile1D cubic,,,,,,,,,,,,,,,,,data/cohface_20_0.pkl
cohface_20_0,profile1d_cubic__kfstd,,,,,,,,,,,,,,,60.45,,data/cohface_20_0.pkl
cohface_20_0,profile1d_cubic__robust_ossm_ekf,0.8246484698097601,0.0,0.0,0.8246484698097601,0.01240694789081886,0.041105145783234,0.0,0.7816377171215881,0.0,1.0636781480124635,0.0008271298593879239,0.0,98.42845326716295,0.26726825849792724,60.45,1209.0,data/cohface_20_0.pkl
cohface_20_0,profile1d_cubic__robust_ossm_ukf,0.7915632754342432,0.0008271298593879239,0.005789909015715467,0.7915632754342432,0.004962779156327543,177631.74586525638,0.0,0.9296939619520265,0.0,1.0539624239868004,0.006617038875103391,0.004962779156327543,99.0074441687345,0.25909882861646283,51.7,1209.0,data/cohface_20_0.pkl
cohface_33_1,of_farneback,,,,,,,,,,,,,,,,,data/cohface_33_1.pkl
cohface_33_1,of_farneback__kfstd,,,,,,,,,,,,,,,61.95,,data/cohface_33_1.pkl
cohface_33_1,of_farneback__robust_ossm_ekf,0.21146085552865213,0.0016142050040355124,0.0,0.12510088781275222,0.21146085552865213,0.8405471440609493,0.0,0.9330104923325262,2.8117195513432005e-05,1.0207387115456814,0.2066182405165456,0.0,94.35028248587571,0.0825851297600333,61.95,1239.0,data/cohface_33_1.pkl
cohface_33_1,of_farneback__robust_ossm_ukf,0.1791767554479419,0.0016142050040355124,0.002421307506053269,0.1791767554479419,0.11299435028248588,8607.893546893998,0.0,0.9402744148506861,0.0,1.0343328785992183,0.09281678773204197,0.008071025020177562,96.77158999192898,0.0918281413453126,61.95,1239.0,data/cohface_33_1.pkl
cohface_33_1,profile1D linear,,,,,,,,,,,,,,,,,data/cohface_33_1.pkl
cohface_33_1,profile1d_linear__kfstd,,,,,,,,,,,,,,,61.95,,data/cohface_33_1.pkl
cohface_33_1,profile1d_linear__robust_ossm_ekf,0.5577078288942696,0.0,0.0,0.5577078288942696,0.2736077481840194,0.10804959175576186,0.0,0.8748991121872478,0.0,1.0592930899621613,0.011299435028248588,0.0,91.20258272800646,0.09169714091983547,61.95,1239.0,data/cohface_33_1.pkl
cohface_33_1,profile1d_linear__robust_ossm_ukf,0.6747376916868443,0.0,0.0008071025020177562,0.6747376916868443,0.6271186440677966,0.07727298289352891,0.0,0.9055690072639225,0.0,1.0613251205342982,0.004035512510088781,0.0,98.46650524616626,0.11453243608655655,61.95,1239.0,data/cohface_33_1.pkl
cohface_33_1,profile1D quadratic,,,,,,,,,,,,,,,,,data/cohface_33_1.pkl
cohface_33_1,profile1d_quadratic__kfstd,,,,,,,,,,,,,,,61.95,,data/cohface_33_1.pkl
cohface_33_1,profile1d_quadratic__robust_ossm_ekf,0.4576271186440678,0.0,0.0,0.4576271186440678,0.27522195318805487,0.08274147472121823,0.0,0.9120258272800645,0.0,1.0609376637843377,0.004035512510088781,0.0,97.3365617433414,0.11508384224654225,61.95,1239.0,data/cohface_33_1.pkl
cohface_33_1,profile1d_quadratic__robust_ossm_ukf,0.6166263115415658,0.0008071025020177562,0.0016142050040355124,0.6166263115415658,0.45601291364003227,1297.5459904994975,0.0,0.9112187247780468,0.0,1.0559792202800926,0.011299435028248588,0.004035512510088781,99.19289749798224,0.12038770994034627,36.8,1239.0,data/cohface_33_1.pkl
cohface_33_1,profile1D cubic,,,,,,,,,,,,,,,,,data/cohface_33_1.pkl
cohface_33_1,profile1d_cubic__kfstd,,,,,,,,,,,,,,,61.95,,data/cohface_33_1.pkl
cohface_33_1,profile1d_cubic__robust_ossm_ekf,0.4245359160613398,0.0,0.0,0.2598870056497175,0.4245359160613398,0.09843421110946526,0.0,0.9313962873284907,0.0,1.0596040468037295,0.003228410008071025,0.0,96.20661824051655,0.09354763549906023,61.95,1239.0,data/cohface_33_1.pkl
cohface_33_1,profile1d_cubic__robust_ossm_ukf,0.6166263115415658,0.0008071025020177562,0.0008071025020177562,0.6166263115415658,0.4543987086359968,2954.7144458239786,0.0,0.9112187247780468,0.0,1.055732339457871,0.009685230024213076,0.004035512510088781,99.27360774818402,0.1194041593164285,61.95,1239.0,data/cohface_33_1.pkl
cohface_10_1,of_farneback,,,,,,,,,,,,,,,,,data/cohface_10_1.pkl
cohface_10_1,of_farneback__kfstd,,,,,,,,,,,,,,,61.35,,data/cohface_10_1.pkl
cohface_10_1,of_farneback__robust_ossm_ekf,0.2893235533822331,0.0,0.0,0.2893235533822331,0.0,0.4695837308613664,0.0,0.8997555012224939,5.035829360339347e-62,1.0374954313180238,0.14995925020374898,0.0,99.83700081499593,0.1557814828369356,61.35,1227.0,data/cohface_10_1.pkl
cohface_10_1,of_farneback__robust_ossm_ukf,0.2762836185819071,0.0,0.0,0.2762836185819071,0.07416462917685411,0.3330947322537575,0.0,0.9421352893235534,2.942536215265761e-117,1.0447528511103767,0.11083944580277098,0.0,99.83700081499593,0.1671357482315463,61.35,1227.0,data/cohface_10_1.pkl
cohface_10_1,profile1D linear,,,,,,,,,,,,,,,,,data/cohface_10_1.pkl
cohface_10_1,profile1d_linear__kfstd,,,,,,,,,,,,,,,61.35,,data/cohface_10_1.pkl
cohface_10_1,profile1d_linear__robust_ossm_ekf,0.8386308068459658,0.0,0.0,0.8386308068459658,0.08883455582722087,0.17922743182596276,0.0,0.7962510187449062,1.752187500228454e-241,1.0552621614160766,0.037489812550937245,0.0,76.44661776691116,0.20114422906589138,61.35,1227.0,data/cohface_10_1.pkl
cohface_10_1,profile1d_linear__robust_ossm_ukf,0.7913610431947841,0.0,0.0016299918500407497,0.7913610431947841,0.34881825590872045,0.07524645772834258,0.0,0.9470252648736757,0.0,1.061384592168181,0.0,0.0,99.75550122249389,0.24783186202255408,61.35,1227.0,data/cohface_10_1.pkl
cohface_10_1,profile1D quadratic,,,,,,,,,,,,,,,,,data/cohface_10_1.pkl
cohface_10_1,profile1d_quadratic__kfstd,,,,,,,,,,,,,,,61.35,,data/cohface_10_1.pkl
cohface_10_1,profile1d_quadratic__robust_ossm_ekf,0.5224123879380603,0.0,0.0,0.5224123879380603,0.0,0.029051156148032796,0.0,0.8981255093724532,0.0,1.0646129141959007,0.0,0.0,99.83700081499593,0.15516254516980144,61.35,1227.0,data/cohface_10_1.pkl
cohface_10_1,profile1d_quadratic__robust_ossm_ukf,0.6006519967400163,0.0,0.0008149959250203749,0.6006519967400163,0.4743276283618582,0.07620485870724805,0.0,0.9364303178484108,0.0,1.0613097297503973,0.0,0.0,98.85900570497148,0.1938908986768725,61.35,1227.0,data/cohface_10_1.pkl
cohface_10_1,profile1D cubic,,,,,,,,,,,,,,,,,data/cohface_10_1.pkl
cohface_10_1,profile1d_cubic__kfstd,,,,,,,,,,,,,,,61.35,,data/cohface_10_1.pkl
cohface_10_1,profile1d_cubic__robust_ossm_ekf,0.5240423797881011,0.0,0.0,0.5240423797881011,0.0,0.02963070261263697,0.0,0.8997555012224939,0.0,1.0644618315482604,0.0,0.0,99.83700081499593,0.15592812816042304,61.35,1227.0,data/cohface_10_1.pkl
cohface_10_1,profile1d_cubic__robust_ossm_ukf,0.6316218418907905,0.0,0.0008149959250203749,0.6316218418907905,0.4751426242868786,0.07688353092252825,0.0,0.9364303178484108,0.0,1.0609876334816368,0.0,0.0,98.85900570497148,0.1964383484322222,61.35,1227.0,data/cohface_10_1.pkl
cohface_40_3,of_farneback,,,,,,,,,,,,,,,,,data/cohface_40_3.pkl
cohface_40_3,of_farneback__kfstd,,,,,,,,,,,,,,,61.45,,data/cohface_40_3.pkl
cohface_40_3,of_farneback__robust_ossm_ekf,0.5199349064279902,0.0032546786004882017,0.0,0.5199349064279902,0.2790886899918633,1.3136864641443693,0.0,0.8307567127746135,1.2605472221594027e-12,0.9992404675191385,0.30431244914564687,0.0,99.67453213995118,0.12846965950232317,61.45,1229.0,data/cohface_40_3.pkl
cohface_40_3,of_farneback__robust_ossm_ukf,0.7347436940602116,0.0008136696501220504,0.0,0.7347436940602116,0.0,0.6489934787309575,0.0,0.9015459723352319,1.798288499612674e-23,1.0304388445334316,0.17656631407648496,0.0,100.0,0.20975582870286227,61.45,1229.0,data/cohface_40_3.pkl
cohface_40_3,profile1D linear,,,,,,,,,,,,,,,,,data/cohface_40_3.pkl
cohface_40_3,profile1d_linear__kfstd,,,,,,,,,,,,,,,61.45,,data/cohface_40_3.pkl
cohface_40_3,profile1d_linear__robust_ossm_ekf,0.5215622457282343,0.0,0.0,0.5215622457282343,0.006509357200976403,0.23829096511217698,0.0,0.9283970707892596,1.375477173927273e-181,1.0510428451855751,0.04149715215622457,0.0,97.07078925956061,0.18920750177353388,61.45,1229.0,data/cohface_40_3.pkl
cohface_40_3,profile1d_linear__robust_ossm_ukf,0.692432872253865,0.0,0.0040683482506102524,0.692432872253865,0.13995117982099267,0.09430981263400218,0.0,0.9088689991863304,0.0,1.060103385507035,0.0,0.0,100.0,0.38873355716946284,61.45,1229.0,data/cohface_40_3.pkl
cohface_40_3,profile1D quadratic,,,,,,,,,,,,,,,,,data/cohface_40_3.pkl
cohface_40_3,profile1d_quadratic__kfstd,,,,,,,,,,,,,,,48.7,,data/cohface_40_3.pkl
cohface_40_3,profile1d_quadratic__robust_ossm_ekf,0.7233523189585028,0.0,0.0,0.7233523189585028,0.01871440195280716,0.32647628906605874,0.0,0.9617575264442636,4.858886447998008e-121,1.0454333208092086,0.061025223759153785,0.0,90.3986981285598,0.1580013245015358,61.45,1229.0,data/cohface_40_3.pkl
cohface_40_3,profile1d_quadratic__robust_ossm_ukf,0.7803091944670464,0.0008136696501220504,0.006509357200976403,0.7803091944670464,0.005695687550854353,6985.260409294945,0.0,0.9275834011391375,0.0,1.048641839294875,0.008950366151342554,0.006509357200976403,99.02359641985353,0.309289276048894,58.9,1229.0,data/cohface_40_3.pkl
cohface_40_3,profile1D cubic,,,,,,,,,,,,,,,,,data/cohface_40_3.pkl
cohface_40_3,profile1d_cubic__kfstd,,,,,,,,,,,,,,,48.75,,data/cohface_40_3.pkl
cohface_40_3,profile1d_cubic__robust_ossm_ekf,0.467046379170057,0.0008136696501220504,0.0,0.467046379170057,0.24328722538649308,0.3627219258598891,0.0,0.9528071602929211,1.360479581095249e-102,1.0448380697349204,0.080553295362083,0.0,95.93165174938974,0.16659471392162284,33.65,1229.0,data/cohface_40_3.pkl
cohface_40_3,profile1d_cubic__robust_ossm_ukf,0.8030919446704637,0.0008136696501220504,0.005695687550854353,0.8030919446704637,0.006509357200976403,3754.028046089186,0.0,0.9227013832384052,0.0,1.049243972669663,0.008136696501220505,0.005695687550854353,99.18633034987795,0.3109376598557879,58.9,1229.0,data/cohface_40_3.pkl
cohface_23_1,of_farneback,,,,,,,,,,,,,,,,,data/cohface_23_1.pkl
cohface_23_1,of_farneback__kfstd,,,,,,,,,,,,,,,60.5,,data/cohface_23_1.pkl
cohface_23_1,of_farneback__robust_ossm_ekf,0.6528925619834711,0.0,0.0,0.6528925619834711,0.0,0.04625708896225153,0.0,0.8429752066115702,0.0,1.0633118967965842,0.0,0.0,99.33884297520662,0.2686983733635708,60.5,1210.0,data/cohface_23_1.pkl
cohface_23_1,of_farneback__robust_ossm_ukf,0.4933884297520661,0.0,0.0,0.4933884297520661,0.0,0.1613140156694089,0.0,0.9462809917355371,3.9089624319820316e-261,1.0553623701462969,0.01487603305785124,0.0,99.33884297520662,0.29160018762241346,60.5,1210.0,data/cohface_23_1.pkl
cohface_23_1,profile1D linear,,,,,,,,,,,,,,,,,data/cohface_23_1.pkl
cohface_23_1,profile1d_linear__kfstd,,,,,,,,,,,,,,,60.5,,data/cohface_23_1.pkl
cohface_23_1,profile1d_linear__robust_ossm_ekf,0.9,0.0,0.0,0.9,0.0,0.03180497040745608,0.0,0.6776859504132231,0.0,1.064429956023958,0.0,0.0,99.33884297520662,0.4088065503927701,60.5,1210.0,data/cohface_23_1.pkl
cohface_23_1,profile1d_linear__robust_ossm_ukf,0.9520661157024793,0.0,0.001652892561983471,0.9520661157024793,0.0,0.10379242474906201,0.0,0.9404958677685951,0.0,1.0594345002407581,0.003305785123966942,0.0,99.33884297520662,0.4420047032471535,60.5,1210.0,data/cohface_23_1.pkl
cohface_23_1,profile1D quadratic,,,,,,,,,,,,,,,,,data/cohface_23_1.pkl
cohface_23_1,profile1d_quadratic__kfstd,,,,,,,,,,,,,,,60.5,,data/cohface_23_1.pkl
cohface_23_1,profile1d_quadratic__robust_ossm_ekf,0.9520661157024793,0.0,0.0,0.9520661157024793,0.0,0.004043878116566557,0.0,0.5785123966942148,0.0,1.0663799388803206,0.0,0.0,99.0909090909091,0.41482906515933443,60.5,1210.0,data/cohface_23_1.pkl
cohface_23_1,profile1d_quadratic__robust_ossm_ukf,0.9520661157024793,0.0,0.003305785123966942,0.9520661157024793,0.0,0.09570203769958124,0.0,0.9553719008264463,0.0,1.0599362436736641,0.0,0.0,99.0909090909091,0.4212223307427495,60.5,1210.0,data/cohface_23_1.pkl
cohface_23_1,profile1D cubic,,,,,,,,,,,,,,,,,data/cohface_23_1.pkl
cohface_23_1,profile1d_cubic__kfstd,,,,,,,,,,,,,,,60.5,,data/cohface_23_1.pkl
cohface_23_1,profile1d_cubic__robust_ossm_ekf,0.9520661157024793,0.0,0.0,0.9520661157024793,0.0,0.004171566500605377,0.0,0.5826446280991735,0.0,1.066354796658513,0.0,0.0,99.0909090909091,0.41427626183080807,60.5,1210.0,data/cohface_23_1.pkl
cohface_23_1,profile1d_cubic__robust_ossm_ukf,0.9520661157024793,0.0,0.004132231404958678,0.9520661157024793,0.0,0.09579520936674521,0.0,0.9545454545454546,0.0,1.059585097312531,0.0,0.0,99.0909090909091,0.4213052256255363,60.5,1210.0,data/cohface_23_1.pkl
cohface_11_0,of_farneback,,,,,,,,,,,,,,,,,data/cohface_11_0.pkl
cohface_11_0,of_farneback__kfstd,,,,,,,,,,,,,,,61.3,,data/cohface_11_0.pkl
cohface_11_0,of_farneback__robust_ossm_ekf,0.28792822185970635,0.0,0.0,0.28792822185970635,0.0,0.18862844196180506,0.0,0.9371941272430668,3.558829879601035e-230,1.0537059485197902,0.01957585644371941,0.0,99.9184339314845,0.14114848324810794,61.3,1226.0,data/cohface_11_0.pkl
cohface_11_0,of_farneback__robust_ossm_ukf,0.26182707993474713,0.0,0.0,0.26182707993474713,0.0,0.1630050243706433,0.0,0.9265905383360522,3.100134554286819e-262,1.055361824292089,0.013050570962479609,0.0,99.9184339314845,0.13801852207792967,61.3,1226.0,data/cohface_11_0.pkl
cohface_11_0,profile1D linear,,,,,,,,,,,,,,,,,data/cohface_11_0.pkl
cohface_11_0,profile1d_linear__kfstd,,,,,,,,,,,,,,,61.3,,data/cohface_11_0.pkl
cohface_11_0,profile1d_linear__robust_ossm_ekf,0.7169657422512234,0.0,0.0,0.7169657422512234,0.0,0.11910006222677615,0.0,0.8164763458401305,0.0,1.0590030877737773,0.02936378466557912,0.0,99.9184339314845,0.16087739000107038,61.3,1226.0,data/cohface_11_0.pkl
cohface_11_0,profile1d_linear__robust_ossm_ukf,0.5106035889070146,0.0,0.0032626427406199023,0.5106035889070146,0.0,0.0980668786904277,0.0,0.9265905383360522,0.0,1.0599096320438905,0.009787928221859706,0.0,99.9184339314845,0.20352321086197092,61.3,1226.0,data/cohface_11_0.pkl
cohface_11_0,profile1D quadratic,,,,,,,,,,,,,,,,,data/cohface_11_0.pkl
cohface_11_0,profile1d_quadratic__kfstd,,,,,,,,,,,,,,,61.3,,data/cohface_11_0.pkl
cohface_11_0,profile1d_quadratic__robust_ossm_ekf,0.6704730831973899,0.0,0.0,0.6704730831973899,0.0,0.061594236434328695,0.0,0.898042414355628,0.0,1.0624104529460492,0.004078303425774877,0.0,99.9184339314845,0.1782499810127756,61.3,1226.0,data/cohface_11_0.pkl
cohface_11_0,profile1d_quadratic__robust_ossm_ukf,0.867862969004894,0.0,0.004078303425774877,0.867862969004894,0.0,0.0999513876441276,0.0,0.9396411092985318,0.0,1.0597339253134292,0.004078303425774877,0.0,99.9184339314845,0.2654215166735214,61.3,1226.0,data/cohface_11_0.pkl
cohface_11_0,profile1D cubic,,,,,,,,,,,,,,,,,data/cohface_11_0.pkl
cohface_11_0,profile1d_cubic__kfstd,,,,,,,,,,,,,,,61.3,,data/cohface_11_0.pkl
cohface_11_0,profile1d_cubic__robust_ossm_ekf,0.5636215334420881,0.0,0.0,0.5636215334420881,0.0,0.0774368603378473,0.0,0.9192495921696574,0.0,1.0611007467152558,0.004078303425774877,0.0,99.9184339314845,0.16741699293514634,61.3,1226.0,data/cohface_11_0.pkl
cohface_11_0,profile1d_cubic__robust_ossm_ukf,0.9053833605220228,0.0,0.0032626427406199023,0.9053833605220228,0.0,0.10402127438141145,0.0,0.9404567699836868,0.0,1.0591702808381938,0.004078303425774877,0.0,99.9184339314845,0.2737251375894057,61.3,1226.0,data/cohface_11_0.pkl
cohface_28_0,of_farneback,,,,,,,,,,,,,,,,,data/cohface_28_0.pkl
cohface_28_0,of_farneback__kfstd,,,,,,,,,,,,,,,62.7,,data/cohface_28_0.pkl
cohface_28_0,of_farneback__robust_ossm_ekf,0.24003189792663476,0.0007974481658692185,0.0007974481658692185,0.24003189792663476,0.0,0.3499121988129824,0.0,0.9346092503987241,5.924833775929131e-111,1.0456766481295,0.05502392344497608,0.0,97.60765550239235,0.19608857361953583,62.7,1254.0,data/cohface_28_0.pkl
cohface_28_0,of_farneback__robust_ossm_ukf,0.24082934609250398,0.0,0.0,0.24082934609250398,0.0,0.259187066338897,0.0,0.9370015948963317,4.944101063489525e-168,1.0498170615038764,0.058213716108452954,0.0,99.20255183413079,0.20256078179724737,62.7,1254.0,data/cohface_28_0.pkl
cohface_28_0,profile1D linear,,,,,,,,,,,,,,,,,data/cohface_28_0.pkl
cohface_28_0,profile1d_linear__kfstd,,,,,,,,,,,,,,,62.7,,data/cohface_28_0.pkl
cohface_28_0,profile1d_linear__robust_ossm_ekf,0.6594896331738437,0.0,0.0,0.45454545454545453,0.6594896331738437,0.17172435304632003,0.0,0.9314194577352473,2.323488770385187e-256,1.055047902862504,0.024720893141945772,0.0,83.89154704944178,0.11219358559527845,62.7,1254.0,data/cohface_28_0.pkl
cohface_28_0,profile1d_linear__robust_ossm_ukf,0.7272727272727273,0.0007974481658692185,0.0023923444976076554,0.7272727272727273,0.04226475279106858,390.37014857546586,0.0,0.9218500797448166,0.0,1.0538926804368973,0.011961722488038277,0.003987240829346092,98.00637958532695,0.2446981798735855,62.7,1254.0,data/cohface_28_0.pkl
cohface_28_0,profile1D quadratic,,,,,,,,,,,,,,,,,data/cohface_28_0.pkl
cohface_28_0,profile1d_quadratic__kfstd,,,,,,,,,,,,,,,62.7,,data/cohface_28_0.pkl
cohface_28_0,profile1d_quadratic__robust_ossm_ekf,0.6610845295055822,0.0,0.0007974481658692185,0.5,0.6610845295055822,0.13365958844548956,0.0,0.8644338118022329,0.0,1.0574490782498693,0.009569377990430622,0.0,97.20893141945774,0.1425362552260652,62.7,1254.0,data/cohface_28_0.pkl
cohface_28_0,profile1d_quadratic__robust_ossm_ukf,0.5526315789473685,0.0,0.003987240829346092,0.5526315789473685,0.0645933014354067,0.09299839582942655,0.0,0.9122807017543859,0.0,1.0601710496600931,0.0,0.0,99.76076555023923,0.3014108343740812,62.7,1254.0,data/cohface_28_0.pkl
cohface_28_0,profile1D cubic,,,,,,,,,,,,,,,,,data/cohface_28_0.pkl
cohface_28_0,profile1d_cubic__kfstd,,,,,,,,,,,,,,,62.7,,data/cohface_28_0.pkl
cohface_28_0,profile1d_cubic__robust_ossm_ekf,0.886762360446571,0.0,0.0,0.886762360446571,0.003189792663476874,0.177908812424532,0.0,0.9569377990430622,2.087158635151898e-248,1.0539600741802486,0.003189792663476874,0.0,77.91068580542264,0.11748965824534961,62.7,1254.0,data/cohface_28_0.pkl
cohface_28_0,profile1d_cubic__robust_ossm_ukf,0.5095693779904307,0.0,0.003987240829346092,0.5095693779904307,0.027910685805422646,0.09300956984380436,0.0,0.9130781499202552,0.0,1.0598804631368974,0.0,0.0,99.76076555023923,0.3130993442699567,62.7,1254.0,data/cohface_28_0.pkl
cohface_2_0,of_farneback,,,,,,,,,,,,,,,,,data/cohface_2_0.pkl
cohface_2_0,of_farneback__kfstd,,,,,,,,,,,,,,,60.4,,data/cohface_2_0.pkl
cohface_2_0,of_farneback__robust_ossm_ekf,0.24420529801324503,0.0016556291390728477,0.0008278145695364238,0.24420529801324503,0.15314569536423842,0.8957773772882165,0.0,0.9031456953642384,0.00822832420909436,1.021694590175477,0.1945364238410596,0.0033112582781456954,96.6887417218543,0.14634306399449012,60.4,1208.0,data/cohface_2_0.pkl
cohface_2_0,of_farneback__robust_ossm_ukf,0.27483443708609273,0.0016556291390728477,0.0016556291390728477,0.27483443708609273,0.015728476821192054,125.55701332995751,0.0,0.9147350993377483,0.0,1.0269809061955772,0.1390728476821192,0.005794701986754967,97.93046357615894,0.1671500543813893,60.4,1208.0,data/cohface_2_0.pkl
cohface_2_0,profile1D linear,,,,,,,,,,,,,,,,,data/cohface_2_0.pkl
cohface_2_0,profile1d_linear__kfstd,,,,,,,,,,,,,,,60.4,,data/cohface_2_0.pkl
cohface_2_0,profile1d_linear__robust_ossm_ekf,0.6473509933774835,0.0,0.0,0.6473509933774835,0.11092715231788079,0.0856738318810379,0.0,0.8725165562913907,0.0,1.0608689259523165,0.023178807947019868,0.0,99.25496688741723,0.12177735362773479,60.4,1208.0,data/cohface_2_0.pkl
cohface_2_0,profile1d_linear__robust_ossm_ukf,0.7251655629139073,0.0,0.0008278145695364238,0.7251655629139073,0.326158940397351,0.07344361788409876,0.0,0.9346026490066225,0.0,1.0615783528867064,0.0041390728476821195,0.0,99.00662251655629,0.15039731089055994,60.4,1208.0,data/cohface_2_0.pkl
cohface_2_0,profile1D quadratic,,,,,,,,,,,,,,,,,data/cohface_2_0.pkl
cohface_2_0,profile1d_quadratic__kfstd,,,,,,,,,,,,,,,60.4,,data/cohface_2_0.pkl
cohface_2_0,profile1d_quadratic__robust_ossm_ekf,0.45364238410596025,0.0,0.0,0.45364238410596025,0.14486754966887416,0.07344859298107698,0.0,0.8940397350993378,0.0,1.061539348063337,0.0033112582781456954,0.0,99.25496688741723,0.12335561307936702,60.4,1208.0,data/cohface_2_0.pkl
cohface_2_0,profile1d_quadratic__robust_ossm_ukf,0.6423841059602649,0.0,0.0008278145695364238,0.6423841059602649,0.29718543046357615,0.06302698230116226,0.0,0.8973509933774835,0.0,1.0622516237280115,0.0033112582781456954,0.0,99.00662251655629,0.18867627887666832,60.4,1208.0,data/cohface_2_0.pkl
cohface_2_0,profile1D cubic,,,,,,,,,,,,,,,,,data/cohface_2_0.pkl
cohface_2_0,profile1d_cubic__kfstd,,,,,,,,,,,,,,,60.4,,data/cohface_2_0.pkl
cohface_2_0,profile1d_cubic__robust_ossm_ekf,0.4503311258278146,0.0,0.0,0.4503311258278146,0.12417218543046357,0.07983298264343155,0.0,0.8998344370860927,0.0,1.0608742299721505,0.0033112582781456954,0.0,99.25496688741723,0.1232979345986194,60.4,1208.0,data/cohface_2_0.pkl
cohface_2_0,profile1d_cubic__robust_ossm_ukf,0.6208609271523179,0.0,0.0,0.6208609271523179,0.33774834437086093,0.06411102106243133,0.0,0.9072847682119205,0.0,1.061967558892134,0.0041390728476821195,0.0,99.08940397350993,0.18074130902273505,60.4,1208.0,data/cohface_2_0.pkl
cohface_13_1,of_farneback,,,,,,,,,,,,,,,,,data/cohface_13_1.pkl
cohface_13_1,of_farneback__kfstd,,,,,,,,,,,,,,,61.4,,data/cohface_13_1.pkl
cohface_13_1,of_farneback__robust_ossm_ekf,0.6587947882736156,0.0024429967426710096,0.0,0.6587947882736156,0.42833876221498374,0.9648839396980002,1.0,0.8778501628664495,0.38591554182871146,1.020059300433038,0.20602605863192183,0.0024429967426710096,94.13680781758957,0.130113173971446,61.4,1228.0,data/cohface_13_1.pkl
cohface_13_1,of_farneback__robust_ossm_ukf,0.6522801302931596,0.0016286644951140066,0.0016286644951140066,0.6522801302931596,0.1791530944625407,0.8150413483724974,0.0,0.8403908794788274,1.0236508514553555e-06,1.03004133850661,0.15879478827361562,0.005700325732899023,98.2084690553746,0.1412426101467664,61.4,1228.0,data/cohface_13_1.pkl
cohface_13_1,profile1D linear,,,,,,,,,,,,,,,,,data/cohface_13_1.pkl
cohface_13_1,profile1d_linear__kfstd,,,,,,,,,,,,,,,61.4,,data/cohface_13_1.pkl
cohface_13_1,profile1d_linear__robust_ossm_ekf,0.6319218241042345,0.0,0.0,0.6319218241042345,0.08713355048859935,0.03929532808578517,0.0,0.8794788273615635,0.0,1.0638939171538666,0.0,0.0,99.8371335504886,0.190527404160883,61.4,1228.0,data/cohface_13_1.pkl
cohface_13_1,profile1d_linear__robust_ossm_ukf,0.8770358306188925,0.0,0.003257328990228013,0.8770358306188925,0.0,0.07350692658807212,0.0,0.9283387622149837,0.0,1.0614945219018814,0.0,0.0,99.8371335504886,0.33383932481754447,61.4,1228.0,data/cohface_13_1.pkl
cohface_13_1,profile1D quadratic,,,,,,,,,,,,,,,,,data/cohface_13_1.pkl
cohface_13_1,profile1d_quadratic__kfstd,,,,,,,,,,,,,,,61.4,,data/cohface_13_1.pkl
cohface_13_1,profile1d_quadratic__robust_ossm_ekf,0.6148208469055375,0.0,0.0,0.6148208469055375,0.43485342019543977,0.1381322118696556,0.0,0.8990228013029316,3.4375651118334795e-300,1.057234122875801,0.026058631921824105,0.0,99.3485342019544,0.15671167850719256,61.4,1228.0,data/cohface_13_1.pkl
cohface_13_1,profile1d_quadratic__robust_ossm_ukf,0.6750814332247557,0.0,0.0024429967426710096,0.6750814332247557,0.23452768729641693,0.10453192373711162,0.0,0.9177524429967426,0.0,1.0593751139799186,0.0,0.0,99.8371335504886,0.261810324056749,61.4,1228.0,data/cohface_13_1.pkl
cohface_13_1,profile1D cubic,,,,,,,,,,,,,,,,,data/cohface_13_1.pkl
cohface_13_1,profile1d_cubic__kfstd,,,,,,,,,,,,,,,61.4,,data/cohface_13_1.pkl
cohface_13_1,profile1d_cubic__robust_ossm_ekf,0.5960912052117264,0.0,0.0,0.5960912052117264,0.40960912052117265,0.13733195553978708,0.0,0.9112377850162866,1.584522814022083e-301,1.056963733349698,0.019543973941368076,0.0,98.61563517915309,0.1534068576396434,61.4,1228.0,data/cohface_13_1.pkl
cohface_13_1,profile1d_cubic__robust_ossm_ukf,0.6644951140065146,0.0,0.0024429967426710096,0.6644951140065146,0.23452768729641693,0.10696734843519831,0.0,0.9201954397394136,0.0,1.058892632189334,0.0,0.0,99.8371335504886,0.2574361097110163,61.4,1228.0,data/cohface_13_1.pkl
cohface_19_1,of_farneback,,,,,,,,,,,,,,,,,data/cohface_19_1.pkl
cohface_19_1,of_farneback__kfstd,,,,,,,,,,,,,,,60.45,,data/cohface_19_1.pkl
cohface_19_1,of_farneback__robust_ossm_ekf,0.3655913978494624,0.0,0.0,0.3655913978494624,0.08933002481389578,0.516495091872197,0.0,0.9561621174524401,2.0359379784896043e-48,1.034430264171786,0.15798180314309346,0.0,92.72125723738627,0.1365866040817568,60.45,1209.0,data/cohface_19_1.pkl
cohface_19_1,of_farneback__robust_ossm_ukf,0.43093465674110837,0.0,0.0,0.43093465674110837,0.2894954507857734,0.31743402897281964,0.0,0.9495450785773366,4.176539858613481e-124,1.0462337037775984,0.08684863523573201,0.0,99.75186104218362,0.13630711450477123,60.45,1209.0,data/cohface_19_1.pkl
cohface_19_1,profile1D linear,,,,,,,,,,,,,,,,,data/cohface_19_1.pkl
cohface_19_1,profile1d_linear__kfstd,,,,,,,,,,,,,,,60.45,,data/cohface_19_1.pkl
cohface_19_1,profile1d_linear__robust_ossm_ekf,0.8759305210918115,0.0,0.0,0.8759305210918115,0.0,0.017746770657059825,0.0,0.8188585607940446,0.0,1.0654125150302154,0.0,0.0,99.75186104218362,0.2448070173279695,60.45,1209.0,data/cohface_19_1.pkl
cohface_19_1,profile1d_linear__robust_ossm_ukf,0.7956989247311828,0.0,0.0041356492969396195,0.7956989247311828,0.3523573200992556,0.0690792942052996,0.0,0.9296939619520265,0.0,1.0617957898580221,0.0,0.0,99.75186104218362,0.22589881941534226,60.45,1209.0,data/cohface_19_1.pkl
cohface_19_1,profile1D quadratic,,,,,,,,,,,,,,,,,data/cohface_19_1.pkl
cohface_19_1,profile1d_quadratic__kfstd,,,,,,,,,,,,,,,60.45,,data/cohface_19_1.pkl
cohface_19_1,profile1d_quadratic__robust_ossm_ekf,0.6236559139784946,0.0,0.0,0.6236559139784946,0.0,0.0363065805321697,0.0,0.8742762613730356,0.0,1.0641080886388525,0.0,0.0,99.75186104218362,0.1900355394326131,60.45,1209.0,data/cohface_19_1.pkl
cohface_19_1,profile1d_quadratic__robust_ossm_ukf,0.5310173697270472,0.0008271298593879239,0.0,0.5310173697270472,0.32092638544251445,4745.3458916968075,0.0,0.9296939619520265,0.0,1.0569275251790609,0.0041356492969396195,0.0041356492969396195,99.0074441687345,0.19869294751819203,53.45,1209.0,data/cohface_19_1.pkl
cohface_19_1,profile1D cubic,,,,,,,,,,,,,,,,,data/cohface_19_1.pkl
cohface_19_1,profile1d_cubic__kfstd,,,,,,,,,,,,,,,60.45,,data/cohface_19_1.pkl
cohface_19_1,profile1d_cubic__robust_ossm_ekf,0.674110835401158,0.0,0.0,0.674110835401158,0.08188585607940446,0.044549480625271566,0.0,0.869313482216708,0.0,1.0633877975026116,0.0,0.0,99.75186104218362,0.19890588712745405,60.45,1209.0,data/cohface_19_1.pkl
cohface_19_1,profile1d_cubic__robust_ossm_ukf,0.5012406947890818,0.0008271298593879239,0.0016542597187758478,0.5012406947890818,0.2977667493796526,316048.24927373487,0.0,0.9106699751861043,0.0,1.0561626495335443,0.004962779156327543,0.0041356492969396195,98.9247311827957,0.2050732823745366,53.25,1209.0,data/cohface_19_1.pkl
cohface_37_2,of_farneback,,,,,,,,,,,,,,,,,data/cohface_37_2.pkl
cohface_37_2,of_farneback__kfstd,,,,,,,,,,,,,,,60.55,,data/cohface_37_2.pkl
cohface_37_2,of_farneback__robust_ossm_ekf,0.42857142857142855,0.0008257638315441783,0.0,0.3236994219653179,0.42857142857142855,0.5296393596733432,0.0,0.9397192402972749,2.484683862117067e-45,1.0363694161750754,0.14203137902559868,0.0,97.6878612716763,0.08337552757912378,60.55,1211.0,data/cohface_37_2.pkl
cohface_37_2,of_farneback__robust_ossm_ukf,0.3740710156895128,0.0016515276630883566,0.0008257638315441783,0.3740710156895128,0.2535094962840628,121537.00538235629,0.0,0.9223781998348473,0.0,1.027392461152571,0.12799339388934763,0.009083402146985962,96.94467382328654,0.09561010777182768,60.55,1211.0,data/cohface_37_2.pkl
cohface_37_2,profile1D linear,,,,,,,,,,,,,,,,,data/cohface_37_2.pkl
cohface_37_2,profile1d_linear__kfstd,,,,,,,,,,,,,,,60.55,,data/cohface_37_2.pkl
cohface_37_2,profile1d_linear__robust_ossm_ekf,0.8753096614368291,0.0,0.0008257638315441783,0.8364987613542527,0.8753096614368291,0.08416699972889745,0.0,0.9042113955408753,0.0,1.0608877850435434,0.013212221304706853,0.0,99.83484723369116,0.1084569429611883,60.55,1211.0,data/cohface_37_2.pkl
cohface_37_2,profile1d_linear__robust_ossm_ukf,0.8596201486374897,0.0,0.004128819157720892,0.8596201486374897,0.01568951279933939,0.09299466969036335,0.0,0.8802642444260942,0.0,1.0602515935347359,0.00990916597853014,0.0,99.83484723369116,0.1930215376213874,60.55,1211.0,data/cohface_37_2.pkl
cohface_37_2,profile1D quadratic,,,,,,,,,,,,,,,,,data/cohface_37_2.pkl
cohface_37_2,profile1d_quadratic__kfstd,,,,,,,,,,,,,,,60.55,,data/cohface_37_2.pkl
cohface_37_2,profile1d_quadratic__robust_ossm_ekf,0.9521056977704376,0.0,0.0,0.9521056977704376,0.0,0.04476449316853536,0.0,0.8976052848885219,0.0,1.0635248911066522,0.0016515276630883566,0.0,99.66969446738233,0.1419051965855184,60.55,1211.0,data/cohface_37_2.pkl
cohface_37_2,profile1d_quadratic__robust_ossm_ukf,0.9521056977704376,0.0,0.0,0.9521056977704376,0.0,0.06206029899674551,0.0,0.8761354252683733,0.0,1.0623190344993925,0.0016515276630883566,0.0,99.66969446738233,0.18667362476898025,60.55,1211.0,data/cohface_37_2.pkl
cohface_37_2,profile1D cubic,,,,,,,,,,,,,,,,,data/cohface_37_2.pkl
cohface_37_2,profile1d_cubic__kfstd,,,,,,,,,,,,,,,60.55,,data/cohface_37_2.pkl
cohface_37_2,profile1d_cubic__robust_ossm_ekf,0.8687035507844756,0.0,0.0,0.8687035507844756,0.0,0.05018460563475317,0.0,0.8976052848885219,0.0,1.062978693448091,0.0016515276630883566,0.0,99.66969446738233,0.14052834644480877,60.55,1211.0,data/cohface_37_2.pkl
cohface_37_2,profile1d_cubic__robust_ossm_ukf,0.9521056977704376,0.0,0.0,0.9521056977704376,0.0,0.059943395556917946,0.0,0.8711808422791082,0.0,1.0622581437710195,0.0016515276630883566,0.0,99.66969446738233,0.19063215270063893,60.55,1211.0,data/cohface_37_2.pkl
cohface_30_1,of_farneback,,,,,,,,,,,,,,,,,data/cohface_30_1.pkl
cohface_30_1,of_farneback__kfstd,,,,,,,,,,,,,,,60.65,,data/cohface_30_1.pkl
cohface_30_1,of_farneback__robust_ossm_ekf,0.2044517724649629,0.0,0.0,0.2044517724649629,0.02967848309975268,0.16631018322202382,0.0,0.9175597691673537,4.678798353898701e-255,1.0551000575664486,0.018961253091508656,0.0,99.75267930750206,0.08831930071196221,60.65,1213.0,data/cohface_30_1.pkl
cohface_30_1,of_farneback__robust_ossm_ukf,0.4105523495465787,0.0008244023083264633,0.0,0.4105523495465787,0.3190436933223413,1667.0508062130805,0.0,0.9117889530090684,0.0,1.0525298863436123,0.011541632316570486,0.00494641384995878,99.01071723000824,0.09000751488258274,60.65,1213.0,data/cohface_30_1.pkl
cohface_30_1,profile1D linear,,,,,,,,,,,,,,,,,data/cohface_30_1.pkl
cohface_30_1,profile1d_linear__kfstd,,,,,,,,,,,,,,,60.65,,data/cohface_30_1.pkl
cohface_30_1,profile1d_linear__robust_ossm_ekf,0.9521846661170651,0.0,0.0,0.9521846661170651,0.0,0.013079938553463117,0.0,0.8227535037098104,0.0,1.0657391791317388,0.0,0.0,99.75267930750206,0.14320601896033042,60.65,1213.0,data/cohface_30_1.pkl
cohface_30_1,profile1d_linear__robust_ossm_ukf,0.7370156636438582,0.0008244023083264633,0.0008244023083264633,0.7370156636438582,0.07749381698268755,547.92074543944,0.0,0.9291014014839242,0.0,1.057272191203981,0.009068425391591096,0.004122011541632316,96.86727122835944,0.14658592490901282,60.65,1213.0,data/cohface_30_1.pkl
cohface_30_1,profile1D quadratic,,,,,,,,,,,,,,,,,data/cohface_30_1.pkl
cohface_30_1,profile1d_quadratic__kfstd,,,,,,,,,,,,,,,60.65,,data/cohface_30_1.pkl
cohface_30_1,profile1d_quadratic__robust_ossm_ekf,0.8788128606760099,0.0,0.0,0.8788128606760099,0.0,0.01509906851863679,0.0,0.8145094806265457,0.0,1.065596299400745,0.0,0.0,99.75267930750206,0.12014915300052509,60.65,1213.0,data/cohface_30_1.pkl
cohface_30_1,profile1d_quadratic__robust_ossm_ukf,0.832646331409728,0.0,0.0008244023083264633,0.832646331409728,0.4319868095630668,0.04956095366174415,0.0,0.921681780708986,0.0,1.063166878349481,0.0,0.0,99.75267930750206,0.11888826080602755,60.65,1213.0,data/cohface_30_1.pkl
cohface_30_1,profile1D cubic,,,,,,,,,,,,,,,,,data/cohface_30_1.pkl
cohface_30_1,profile1d_cubic__kfstd,,,,,,,,,,,,,,,60.65,,data/cohface_30_1.pkl
cohface_30_1,profile1d_cubic__robust_ossm_ekf,0.9521846661170651,0.0,0.0,0.9521846661170651,0.0,0.015051653231770854,0.0,0.807914262159934,0.0,1.0655385836045692,0.0,0.0,99.75267930750206,0.1281840932384946,60.65,1213.0,data/cohface_30_1.pkl
cohface_30_1,profile1d_cubic__robust_ossm_ukf,0.7906018136850783,0.0,0.0016488046166529267,0.7906018136850783,0.4295136026380874,0.050358733549947965,0.0,0.910964550700742,0.0,1.0629114201828715,0.0,0.0,99.75267930750206,0.12509860422232602,60.65,1213.0,data/cohface_30_1.pkl
cohface_11_1,of_farneback,,,,,,,,,,,,,,,,,data/cohface_11_1.pkl
cohface_11_1,of_farneback__kfstd,,,,,,,,,,,,,,,63.25,,data/cohface_11_1.pkl
cohface_11_1,of_farneback__robust_ossm_ekf,0.5541501976284585,0.0007905138339920949,0.0,0.5541501976284585,0.02924901185770751,0.414692253444284,0.0,0.9304347826086956,5.293119280871847e-83,1.0448598593097354,0.05849802371541502,0.0023715415019762848,95.25691699604744,0.2033089317254319,63.25,1265.0,data/cohface_11_1.pkl
cohface_11_1,of_farneback__robust_ossm_ukf,0.4893280632411067,0.0015810276679841897,0.0015810276679841897,0.4893280632411067,0.11383399209486166,13493.285819336068,0.0,0.9193675889328063,0.0,1.0335660843359684,0.09881422924901186,0.009486166007905139,93.75494071146245,0.16053650709917822,63.25,1265.0,data/cohface_11_1.pkl
cohface_11_1,profile1D linear,,,,,,,,,,,,,,,,,data/cohface_11_1.pkl
cohface_11_1,profile1d_linear__kfstd,,,,,,,,,,,,,,,63.25,,data/cohface_11_1.pkl
cohface_11_1,profile1d_linear__robust_ossm_ekf,0.47035573122529645,0.0,0.0,0.47035573122529645,0.19209486166007905,0.11791897073242576,0.0,0.8553359683794466,0.0,1.0590779617886925,0.021343873517786563,0.0,94.38735177865613,0.15809798927015375,63.25,1265.0,data/cohface_11_1.pkl
cohface_11_1,profile1d_linear__robust_ossm_ukf,0.71699604743083,0.0,0.003952569169960474,0.71699604743083,0.10276679841897234,0.07398673667965626,0.0,0.9335968379446641,0.0,1.0614745112641546,0.0,0.0,100.0,0.2784906521669382,63.25,1265.0,data/cohface_11_1.pkl
cohface_11_1,profile1D quadratic,,,,,,,,,,,,,,,,,data/cohface_11_1.pkl
cohface_11_1,profile1d_quadratic__kfstd,,,,,,,,,,,,,,,63.25,,data/cohface_11_1.pkl
cohface_11_1,profile1d_quadratic__robust_ossm_ekf,0.4671936758893281,0.0,0.0,0.4671936758893281,0.011067193675889328,0.08608070026599202,0.0,0.8687747035573122,0.0,1.060712338554969,0.006324110671936759,0.0,97.4703557312253,0.162340105217162,63.25,1265.0,data/cohface_11_1.pkl
cohface_11_1,profile1d_quadratic__robust_ossm_ukf,0.6940711462450593,0.0,0.0023715415019762848,0.6940711462450593,0.2727272727272727,0.09292004279821538,0.0,0.9430830039525692,0.0,1.060155297147217,0.0007905138339920949,0.0,98.57707509881423,0.26163549862121843,63.25,1265.0,data/cohface_11_1.pkl
cohface_11_1,profile1D cubic,,,,,,,,,,,,,,,,,data/cohface_11_1.pkl
cohface_11_1,profile1d_cubic__kfstd,,,,,,,,,,,,,,,63.25,,data/cohface_11_1.pkl
cohface_11_1,profile1d_cubic__robust_ossm_ekf,0.5533596837944664,0.0,0.0,0.5533596837944664,0.0031620553359683794,0.07990332572168664,0.0,0.8806324110671937,0.0,1.0609079526308551,0.0031620553359683794,0.0,97.31225296442688,0.1615062925723356,63.25,1265.0,data/cohface_11_1.pkl
cohface_11_1,profile1d_cubic__robust_ossm_ukf,0.7573122529644268,0.0,0.006324110671936759,0.7573122529644268,0.26877470355731226,0.09047401574804086,0.0,0.9391304347826087,0.0,1.0600322240942095,0.0015810276679841897,0.0,98.49802371541502,0.2791517137878975,63.25,1265.0,data/cohface_11_1.pkl
cohface_37_0,of_farneback,,,,,,,,,,,,,,,,,data/cohface_37_0.pkl
cohface_37_0,of_farneback__kfstd,,,,,,,,,,,,,,,60.45,,data/cohface_37_0.pkl
cohface_37_0,of_farneback__robust_ossm_ekf,0.5310173697270472,0.0008271298593879239,0.0,0.31265508684863524,0.5310173697270472,0.6698382417675451,0.0,0.9354838709677419,2.915389713398444e-20,1.0329676925238052,0.11993382961124896,0.0033085194375516956,98.34574028122415,0.07858157726403679,60.45,1209.0,data/cohface_37_0.pkl
cohface_37_0,of_farneback__robust_ossm_ukf,0.5392886683209264,0.0016542597187758478,0.0016542597187758478,0.4077750206782465,0.5392886683209264,2502.073387660664,0.0,0.923904052936311,0.0,1.0391214325771272,0.07361455748552523,0.006617038875103391,97.43589743589743,0.09814455598132794,60.45,1209.0,data/cohface_37_0.pkl
cohface_37_0,profile1D linear,,,,,,,,,,,,,,,,,data/cohface_37_0.pkl
cohface_37_0,profile1d_linear__kfstd,,,,,,,,,,,,,,,60.45,,data/cohface_37_0.pkl
cohface_37_0,profile1d_linear__robust_ossm_ekf,0.901571546732837,0.0,0.0,0.8411910669975186,0.901571546732837,0.28892621771443994,0.0,0.8097601323407775,2.418202997155201e-141,1.0491201105259729,0.07196029776674938,0.0,98.34574028122415,0.09688322303451406,60.45,1209.0,data/cohface_37_0.pkl
cohface_37_0,profile1d_linear__robust_ossm_ukf,0.6004962779156328,0.0016542597187758478,0.0016542597187758478,0.6004962779156328,0.2001654259718776,910.2051763921045,0.0,0.913151364764268,0.0,1.0507180087197614,0.02729528535980149,0.008271298593879239,98.51116625310173,0.16009367274377678,52.1,1209.0,data/cohface_37_0.pkl
cohface_37_0,profile1D quadratic,,,,,,,,,,,,,,,,,data/cohface_37_0.pkl
cohface_37_0,profile1d_quadratic__kfstd,,,,,,,,,,,,,,,60.45,,data/cohface_37_0.pkl
cohface_37_0,profile1d_quadratic__robust_ossm_ekf,0.8039702233250621,0.0,0.0,0.8039702233250621,0.41770057899090157,0.1040918071707066,0.0,0.8825475599669148,0.0,1.059689845857009,0.033085194375516956,0.0,99.42100909842846,0.09067418075817538,60.45,1209.0,data/cohface_37_0.pkl
cohface_37_0,profile1d_quadratic__robust_ossm_ukf,0.6269644334160464,0.0016542597187758478,0.0008271298593879239,0.6269644334160464,0.12572373862696443,7432.668666688012,0.0,0.8511166253101737,0.0,1.0523265766812695,0.0206782464846981,0.008271298593879239,97.43589743589743,0.11449262525692946,45.95,1209.0,data/cohface_37_0.pkl
cohface_37_0,profile1D cubic,,,,,,,,,,,,,,,,,data/cohface_37_0.pkl
cohface_37_0,profile1d_cubic__kfstd,,,,,,,,,,,,,,,60.45,,data/cohface_37_0.pkl
cohface_37_0,profile1d_cubic__robust_ossm_ekf,0.8031430934656741,0.0,0.0,0.8031430934656741,0.5880893300248139,0.10728653535724149,0.0,0.8941273779983457,0.0,1.059428417386304,0.034739454094292806,0.0,99.50372208436724,0.09367637418613896,60.45,1209.0,data/cohface_37_0.pkl
cohface_37_0,profile1d_cubic__robust_ossm_ukf,0.62944582299421,0.0008271298593879239,0.0008271298593879239,0.62944582299421,0.1348221670802316,1280.0193719669182,0.0,0.8635235732009926,0.0,1.0553484729419589,0.019851116625310174,0.0041356492969396195,98.51116625310173,0.1161517654082702,51.1,1209.0,data/cohface_37_0.pkl
cohface_18_1,of_farneback,,,,,,,,,,,,,,,,,data/cohface_18_1.pkl
cohface_18_1,of_farneback__kfstd,,,,,,,,,,,,,,,61.95,,data/cohface_18_1.pkl
cohface_18_1,of_farneback__robust_ossm_ekf,0.6012913640032284,0.0008071025020177562,0.002421307506053269,0.6012913640032284,0.17594834543987087,0.42078790747809447,0.0,0.8942695722356739,4.8272751103990676e-79,1.0423709190297188,0.10088781275221953,0.0008071025020177562,92.89749798224375,0.27449211937001977,61.95,1239.0,data/cohface_18_1.pkl
cohface_18_1,of_farneback__robust_ossm_ukf,0.5867635189669088,0.0,0.0,0.5867635189669088,0.18724778046811946,0.23919381571125853,0.0,0.9378531073446328,2.8269532056889025e-182,1.0504284316384598,0.06295399515738499,0.0,93.78531073446328,0.22342811099764862,61.95,1239.0,data/cohface_18_1.pkl
cohface_18_1,profile1D linear,,,,,,,,,,,,,,,,,data/cohface_18_1.pkl
cohface_18_1,profile1d_linear__kfstd,,,,,,,,,,,,,,,61.95,,data/cohface_18_1.pkl
cohface_18_1,profile1d_linear__robust_ossm_ekf,0.2711864406779661,0.0,0.0,0.2711864406779661,0.2711864406779661,0.18867154664223443,0.0,0.9596448748991122,1.5163469398820239e-232,1.0536723244511665,0.00887812752219532,0.0,75.94834543987086,0.14290858600254308,61.95,1239.0,data/cohface_18_1.pkl
cohface_18_1,profile1d_linear__robust_ossm_ukf,0.4689265536723164,0.0,0.0008071025020177562,0.4689265536723164,0.26311541565778856,0.12521087294982117,0.0,0.9184826472962067,0.0,1.057967473790683,0.0,0.0,97.41727199354318,0.21897846427271217,61.95,1239.0,data/cohface_18_1.pkl
cohface_18_1,profile1D quadratic,,,,,,,,,,,,,,,,,data/cohface_18_1.pkl
cohface_18_1,profile1d_quadratic__kfstd,,,,,,,,,,,,,,,61.95,,data/cohface_18_1.pkl
cohface_18_1,profile1d_quadratic__robust_ossm_ekf,0.2623083131557708,0.0,0.0,0.22033898305084745,0.2623083131557708,0.08753751086005779,0.0,0.9225181598062954,0.0,1.06052280489886,0.0,0.0,90.0726392251816,0.16117261046069298,61.95,1239.0,data/cohface_18_1.pkl
cohface_18_1,profile1d_quadratic__robust_ossm_ukf,0.510088781275222,0.0,0.0016142050040355124,0.510088781275222,0.21468926553672316,0.08054987402125792,0.0,0.9241323648103309,0.0,1.0610070453143268,0.0,0.0,98.70863599677159,0.21722915745774068,61.95,1239.0,data/cohface_18_1.pkl
cohface_18_1,profile1D cubic,,,,,,,,,,,,,,,,,data/cohface_18_1.pkl
cohface_18_1,profile1d_cubic__kfstd,,,,,,,,,,,,,,,61.95,,data/cohface_18_1.pkl
cohface_18_1,profile1d_cubic__robust_ossm_ekf,0.23405972558514931,0.0,0.0,0.23405972558514931,0.19612590799031476,0.07968064469567734,0.0,0.9120258272800645,0.0,1.0608068948033411,0.0,0.0,95.7223567393059,0.15487008779678238,61.95,1239.0,data/cohface_18_1.pkl
cohface_18_1,profile1d_cubic__robust_ossm_ukf,0.6101694915254238,0.0,0.0008071025020177562,0.6101694915254238,0.12025827280064569,0.07484100546309345,0.0,0.9055690072639225,0.0,1.0611325242795935,0.0,0.0,89.66908797417273,0.18491443179909584,61.95,1239.0,data/cohface_18_1.pkl
cohface_26_2,of_farneback,,,,,,,,,,,,,,,,,data/cohface_26_2.pkl
cohface_26_2,of_farneback__kfstd,,,,,,,,,,,,,,,62.45,,data/cohface_26_2.pkl
cohface_26_2,of_farneback__robust_ossm_ekf,0.6060848678943155,0.0024019215372297837,0.0,0.6060848678943155,0.06405124099279423,0.9258143291791265,1.0,0.8286629303442754,0.05897055466132277,1.0230484538250606,0.14411529223378702,0.0,89.03122497998399,0.07531229260851942,62.45,1249.0,data/cohface_26_2.pkl
cohface_26_2,of_farneback__robust_ossm_ukf,0.3050440352281825,0.006405124099279423,0.0016012810248198558,0.3050440352281825,0.15532425940752603,151687.35748157447,0.0,0.8486789431545236,0.0,0.9874056565862556,0.2514011208967174,0.02802241793434748,85.50840672538031,0.1328431749670203,62.45,1249.0,data/cohface_26_2.pkl
cohface_26_2,profile1D linear,,,,,,,,,,,,,,,,,data/cohface_26_2.pkl
cohface_26_2,profile1d_linear__kfstd,,,,,,,,,,,,,,,47.55,,data/cohface_26_2.pkl
cohface_26_2,profile1d_linear__robust_ossm_ekf,0.8799039231385108,0.0,0.0,0.8799039231385108,0.008006405124099279,0.39076303049014866,0.0,0.9879903923138511,1.2703649573267348e-91,1.0401236983481101,0.06725380304243395,0.0,99.83987189751801,0.09834110562193268,62.45,1249.0,data/cohface_26_2.pkl
cohface_26_2,profile1d_linear__robust_ossm_ukf,0.6877502001601281,0.0008006405124099279,0.0008006405124099279,0.6877502001601281,0.37149719775820655,1222.7285251816827,0.0,0.8734987990392313,0.0,1.0530271355893974,0.016012810248198558,0.0040032025620496394,99.27942353883107,0.20011783101410874,34.85,1249.0,data/cohface_26_2.pkl
cohface_26_2,profile1D quadratic,,,,,,,,,,,,,,,,,data/cohface_26_2.pkl
cohface_26_2,profile1d_quadratic__kfstd,,,,,,,,,,,,,,,34.0,,data/cohface_26_2.pkl
cohface_26_2,profile1d_quadratic__robust_ossm_ekf,0.7774219375500401,0.0,0.0,0.6821457165732586,0.7774219375500401,0.1626253136218144,0.0,0.8831064851881505,1.1972999923449437e-267,1.055464521853658,0.020816653322658127,0.0,98.79903923138511,0.11381900157688475,62.45,1249.0,data/cohface_26_2.pkl
cohface_26_2,profile1d_quadratic__robust_ossm_ukf,0.7862289831865492,0.0,0.0,0.7862289831865492,0.0,0.07462825577065142,0.0,0.9295436349079264,0.0,1.0614328164569586,0.0,0.0,99.59967974379504,0.24320251847322202,62.45,1249.0,data/cohface_26_2.pkl
cohface_26_2,profile1D cubic,,,,,,,,,,,,,,,,,data/cohface_26_2.pkl
cohface_26_2,profile1d_cubic__kfstd,,,,,,,,,,,,,,,33.95,,data/cohface_26_2.pkl
cohface_26_2,profile1d_cubic__robust_ossm_ekf,0.77662129703763,0.0,0.0,0.6821457165732586,0.77662129703763,0.1714207214277708,0.0,0.8823058446757406,9.612972639820956e-256,1.0545514205210056,0.02802241793434748,0.0,98.79903923138511,0.11249600883833949,62.45,1249.0,data/cohface_26_2.pkl
cohface_26_2,profile1d_cubic__robust_ossm_ukf,0.7822257806244995,0.0,0.0008006405124099279,0.7822257806244995,0.0,0.07553961002885161,0.0,0.9183346677341874,0.0,1.0611133584665617,0.0,0.0,99.59967974379504,0.23469946821955653,62.45,1249.0,data/cohface_26_2.pkl
cohface_36_0,of_farneback,,,,,,,,,,,,,,,,,data/cohface_36_0.pkl
cohface_36_0,of_farneback__kfstd,,,,,,,,,,,,,,,61.65,,data/cohface_36_0.pkl
cohface_36_0,of_farneback__robust_ossm_ekf,0.45985401459854014,0.0008110300081103001,0.0008110300081103001,0.18815896188158962,0.45985401459854014,0.6225606977616153,0.0,0.9359286293592863,1.2492030782549594e-27,1.0312840456261874,0.13463098134630982,0.0,98.3779399837794,0.07579253616713816,61.65,1233.0,data/cohface_36_0.pkl
cohface_36_0,of_farneback__robust_ossm_ukf,0.26682887266828875,0.0016220600162206002,0.0008110300081103001,0.20194647201946472,0.26682887266828875,10614.11503323927,0.0,0.9278183292781833,0.0,1.0293042041436,0.15085158150851583,0.008110300081103,94.8905109489051,0.08970596736154599,61.65,1233.0,data/cohface_36_0.pkl
cohface_36_0,profile1D linear,,,,,,,,,,,,,,,,,data/cohface_36_0.pkl
cohface_36_0,profile1d_linear__kfstd,,,,,,,,,,,,,,,59.85,,data/cohface_36_0.pkl
cohface_36_0,profile1d_linear__robust_ossm_ekf,0.4209245742092457,0.0,0.0,0.4209245742092457,0.07948094079480941,0.08747358943402414,0.0,0.9010543390105434,0.0,1.06054542132998,0.0,0.0,99.7566909975669,0.12497730593328267,61.65,1233.0,data/cohface_36_0.pkl
cohface_36_0,profile1d_linear__robust_ossm_ukf,0.7047850770478508,0.0008110300081103001,0.0008110300081103001,0.7047850770478508,0.0535279805352798,2351.7647428857235,0.0,0.8888888888888888,0.0,1.0535034040728923,0.015409570154095702,0.0040551500405515,95.37712895377129,0.1686060498467516,61.65,1233.0,data/cohface_36_0.pkl
cohface_36_0,profile1D quadratic,,,,,,,,,,,,,,,,,data/cohface_36_0.pkl
cohface_36_0,profile1d_quadratic__kfstd,,,,,,,,,,,,,,,61.65,,data/cohface_36_0.pkl
cohface_36_0,profile1d_quadratic__robust_ossm_ekf,0.4720194647201946,0.0,0.0,0.4720194647201946,0.3073803730738037,0.07653093595194839,0.0,0.9051094890510949,0.0,1.0612937549860204,0.0,0.0,97.24249797242499,0.10279808793958595,61.65,1233.0,data/cohface_36_0.pkl
cohface_36_0,profile1d_quadratic__robust_ossm_ukf,0.5571776155717761,0.0,0.0,0.5571776155717761,0.20113544201135442,0.08985905546284202,0.0,0.9059205190592052,0.0,1.0603802540305207,0.0,0.0,99.51338199513383,0.14978594606883464,61.65,1233.0,data/cohface_36_0.pkl
cohface_36_0,profile1D cubic,,,,,,,,,,,,,,,,,data/cohface_36_0.pkl
cohface_36_0,profile1d_cubic__kfstd,,,,,,,,,,,,,,,61.65,,data/cohface_36_0.pkl
cohface_36_0,profile1d_cubic__robust_ossm_ekf,0.44363341443633414,0.0,0.0,0.44363341443633414,0.2871046228710462,0.07892571711078024,0.0,0.8888888888888888,0.0,1.0608628289408364,0.0,0.0,97.16139497161394,0.10336471314963883,61.65,1233.0,data/cohface_36_0.pkl
cohface_36_0,profile1d_cubic__robust_ossm_ukf,0.5490673154906731,0.0,0.0,0.5490673154906731,0.17761557177615572,0.08894916698831434,0.0,0.894566098945661,0.0,1.0601539216378304,0.0,0.0,99.51338199513383,0.1513796174586679,61.65,1233.0,data/cohface_36_0.pkl
cohface_26_3,of_farneback,,,,,,,,,,,,,,,,,data/cohface_26_3.pkl
cohface_26_3,of_farneback__kfstd,,,,,,,,,,,,,,,61.35,,data/cohface_26_3.pkl
cohface_26_3,of_farneback__robust_ossm_ekf,0.4156479217603912,0.0016299918500407497,0.0008149959250203749,0.4156479217603912,0.3830480847595762,1.0652729321396264,1.0,0.8981255093724532,0.11043693514785935,1.0108853687715913,0.2616136919315403,0.0024449877750611247,95.4360228198859,0.08541547033194972,61.35,1227.0,data/cohface_26_3.pkl
cohface_26_3,of_farneback__robust_ossm_ukf,0.3251833740831296,0.0032599837000814994,0.004889975550122249,0.3251833740831296,0.16136919315403422,35073.213250252906,0.0,0.8704156479217604,0.0,1.000776419358114,0.20619396903015486,0.019559902200488997,94.62102689486552,0.1508890081107602,61.35,1227.0,data/cohface_26_3.pkl
cohface_26_3,profile1D linear,,,,,,,,,,,,,,,,,data/cohface_26_3.pkl
cohface_26_3,profile1d_linear__kfstd,,,,,,,,,,,,,,,36.45,,data/cohface_26_3.pkl
cohface_26_3,profile1d_linear__robust_ossm_ekf,0.40179299103504484,0.0008149959250203749,0.0,0.40179299103504484,0.10757946210268948,0.41339294824207845,0.0,0.9103504482477588,4.708780694775371e-81,1.0432121288380507,0.11491442542787286,0.0,98.61450692746536,0.12667742039839985,61.35,1227.0,data/cohface_26_3.pkl
cohface_26_3,profile1d_linear__robust_ossm_ukf,0.8190709046454768,0.0,0.0008149959250203749,0.8068459657701712,0.8190709046454768,0.09054150156630604,0.0,0.8638956805215974,0.0,1.0603979525720446,0.0032599837000814994,0.0,99.75550122249389,0.1710514952912064,61.35,1227.0,data/cohface_26_3.pkl
cohface_26_3,profile1D quadratic,,,,,,,,,,,,,,,,,data/cohface_26_3.pkl
cohface_26_3,profile1d_quadratic__kfstd,,,,,,,,,,,,,,,27.25,,data/cohface_26_3.pkl
cohface_26_3,profile1d_quadratic__robust_ossm_ekf,0.7253463732681337,0.0,0.0,0.6682966585167074,0.7253463732681337,0.127015626194447,0.0,0.9429502852485737,0.0,1.0578625074533796,0.007334963325183374,0.0,99.75550122249389,0.09480950648371993,61.35,1227.0,data/cohface_26_3.pkl
cohface_26_3,profile1d_quadratic__robust_ossm_ukf,0.7636511817440913,0.0,0.0032599837000814994,0.7636511817440913,0.0,0.097119590422054,0.0,0.9136104319478403,0.0,1.0598924311550844,0.0,0.0,99.75550122249389,0.2585404440900421,61.35,1227.0,data/cohface_26_3.pkl
cohface_26_3,profile1D cubic,,,,,,,,,,,,,,,,,data/cohface_26_3.pkl
cohface_26_3,profile1d_cubic__kfstd,,,,,,,,,,,,,,,27.25,,data/cohface_26_3.pkl
cohface_26_3,profile1d_cubic__robust_ossm_ekf,0.7237163814180929,0.0,0.0,0.628361858190709,0.7237163814180929,0.12730407669215493,0.0,0.9299103504482478,0.0,1.0575422215028025,0.008964955175224124,0.0,99.75550122249389,0.09555321283064654,61.35,1227.0,data/cohface_26_3.pkl
cohface_26_3,profile1d_cubic__robust_ossm_ukf,0.7082314588427058,0.0,0.0032599837000814994,0.7082314588427058,0.0,0.09760726852345687,0.0,0.9185004074979625,0.0,1.0595686094210157,0.0,0.0,99.75550122249389,0.25115090512608146,61.35,1227.0,data/cohface_26_3.pkl
cohface_2_1,of_farneback,,,,,,,,,,,,,,,,,data/cohface_2_1.pkl
cohface_2_1,of_farneback__kfstd,,,,,,,,,,,,,,,60.4,,data/cohface_2_1.pkl
cohface_2_1,of_farneback__robust_ossm_ekf,0.2682119205298013,0.005794701986754967,0.0016556291390728477,0.2682119205298013,0.09933774834437085,1.8279752685738562,0.0,0.8700331125827815,0.0,0.9981766330156918,0.21937086092715233,0.008278145695364239,94.20529801324503,0.10863539486913877,60.4,1208.0,data/cohface_2_1.pkl
cohface_2_1,of_farneback__robust_ossm_ukf,0.429635761589404,0.004966887417218543,0.0033112582781456954,0.2359271523178808,0.429635761589404,1.4468864992755128,0.0,0.8725165562913907,0.0,1.0147087797247447,0.15149006622516556,0.006622516556291391,98.75827814569537,0.12529167617041057,60.4,1208.0,data/cohface_2_1.pkl
cohface_2_1,profile1D linear,,,,,,,,,,,,,,,,,data/cohface_2_1.pkl
cohface_2_1,profile1d_linear__kfstd,,,,,,,,,,,,,,,50.65,,data/cohface_2_1.pkl
cohface_2_1,profile1d_linear__robust_ossm_ekf,0.804635761589404,0.0008278145695364238,0.0,0.706953642384106,0.804635761589404,0.19053528662540672,0.0,0.9081125827814569,1.1013536987836897e-224,1.0560814830540008,0.02566225165562914,0.0016556291390728477,99.25496688741723,0.14456102638048146,60.4,1208.0,data/cohface_2_1.pkl
cohface_2_1,profile1d_linear__robust_ossm_ukf,0.7334437086092715,0.0,0.005794701986754967,0.7334437086092715,0.6299668874172185,0.17114197817600474,0.0,0.9039735099337748,9.141356110512674e-248,1.0563201033822058,0.029801324503311258,0.0,99.33774834437087,0.216795932125188,60.4,1208.0,data/cohface_2_1.pkl
cohface_2_1,profile1D quadratic,,,,,,,,,,,,,,,,,data/cohface_2_1.pkl
cohface_2_1,profile1d_quadratic__kfstd,,,,,,,,,,,,,,,60.4,,data/cohface_2_1.pkl
cohface_2_1,profile1d_quadratic__robust_ossm_ekf,0.6067880794701986,0.0,0.0,0.6067880794701986,0.3029801324503311,0.3233200840367564,0.0,0.8766556291390728,1.0026271063683587e-120,1.0485302471159723,0.0695364238410596,0.0,98.01324503311258,0.1730311420532716,60.4,1208.0,data/cohface_2_1.pkl
cohface_2_1,profile1d_quadratic__robust_ossm_ukf,0.8857615894039735,0.0,0.0016556291390728477,0.7922185430463576,0.8857615894039735,0.1297694875989148,0.0,0.9097682119205298,1.5899360900102e-309,1.0581362009514519,0.03228476821192053,0.0,97.76490066225166,0.16147000144259366,60.4,1208.0,data/cohface_2_1.pkl
cohface_2_1,profile1D cubic,,,,,,,,,,,,,,,,,data/cohface_2_1.pkl
cohface_2_1,profile1d_cubic__kfstd,,,,,,,,,,,,,,,60.4,,data/cohface_2_1.pkl
cohface_2_1,profile1d_cubic__robust_ossm_ekf,0.46688741721854304,0.0,0.0,0.46688741721854304,0.38162251655629137,0.3358652478376603,0.0,0.8857615894039735,5.058457053151195e-114,1.0485896251176878,0.07036423841059603,0.0,98.01324503311258,0.15612316291227063,60.4,1208.0,data/cohface_2_1.pkl
cohface_2_1,profile1d_cubic__robust_ossm_ukf,0.8857615894039735,0.0,0.0,0.7913907284768212,0.8857615894039735,0.1332526851652291,0.0,0.9197019867549668,1.727695905154997e-303,1.0579410525868294,0.03394039735099338,0.0,97.76490066225166,0.15272338570422248,60.4,1208.0,data/cohface_2_1.pkl
cohface_38_3,of_farneback,,,,,,,,,,,,,,,,,data/cohface_38_3.pkl
cohface_38_3,of_farneback__kfstd,,,,,,,,,,,,,,,61.05,,data/cohface_38_3.pkl
cohface_38_3,of_farneback__robust_ossm_ekf,0.18755118755118755,0.0,0.0,0.18755118755118755,0.0,0.20554681452167547,0.0,0.9369369369369369,6.01883495353863e-211,1.0532102538898571,0.03276003276003276,0.0,99.75429975429975,0.13171297901275808,61.05,1221.0,data/cohface_38_3.pkl
cohface_38_3,of_farneback__robust_ossm_ukf,0.15233415233415235,0.0,0.0,0.15233415233415235,0.018837018837018837,0.21496080723646097,0.0,0.9303849303849304,1.4521353978080943e-201,1.0524564686381255,0.05241605241605242,0.0,99.59049959049959,0.12741303990579203,61.05,1221.0,data/cohface_38_3.pkl
cohface_38_3,profile1D linear,,,,,,,,,,,,,,,,,data/cohface_38_3.pkl
cohface_38_3,profile1d_linear__kfstd,,,,,,,,,,,,,,,61.05,,data/cohface_38_3.pkl
cohface_38_3,profile1d_linear__robust_ossm_ekf,0.4250614250614251,0.0,0.0,0.4250614250614251,0.0,0.07906314743353404,0.0,0.8828828828828829,0.0,1.0611416855993827,0.0,0.0,99.75429975429975,0.2180552001928122,61.05,1221.0,data/cohface_38_3.pkl
cohface_38_3,profile1d_linear__robust_ossm_ukf,0.8149058149058149,0.0,0.003276003276003276,0.8149058149058149,0.0,0.08850754957286515,0.0,0.9361179361179361,0.0,1.0604568317585232,0.0,0.0,99.75429975429975,0.2893423536630157,61.05,1221.0,data/cohface_38_3.pkl
cohface_38_3,profile1D quadratic,,,,,,,,,,,,,,,,,data/cohface_38_3.pkl
cohface_38_3,profile1d_quadratic__kfstd,,,,,,,,,,,,,,,35.25,,data/cohface_38_3.pkl
cohface_38_3,profile1d_quadratic__robust_ossm_ekf,0.4963144963144963,0.000819000819000819,0.000819000819000819,0.4963144963144963,0.007371007371007371,0.3858946455177471,0.0,0.9459459459459459,1.2054869739824358e-91,1.0473308660683112,0.07780507780507781,0.003276003276003276,88.45208845208845,0.16180637203192944,44.8,1221.0,data/cohface_38_3.pkl
cohface_38_3,profile1d_quadratic__robust_ossm_ukf,0.7764127764127764,0.0,0.000819000819000819,0.4823914823914824,0.7764127764127764,0.1041599562862066,0.0,0.9197379197379197,0.0,1.059500999858335,0.006552006552006552,0.0,100.0,0.19765370162314166,61.05,1221.0,data/cohface_38_3.pkl
cohface_38_3,profile1D cubic,,,,,,,,,,,,,,,,,data/cohface_38_3.pkl
cohface_38_3,profile1d_cubic__kfstd,,,,,,,,,,,,,,,36.25,,data/cohface_38_3.pkl
cohface_38_3,profile1d_cubic__robust_ossm_ekf,0.29238329238329236,0.000819000819000819,0.0,0.29238329238329236,0.036855036855036855,0.2809321206285885,0.0,0.9000819000819,4.724756672138222e-148,1.0506453598474563,0.07534807534807535,0.0,98.1981981981982,0.1903169281022768,61.05,1221.0,data/cohface_38_3.pkl
cohface_38_3,profile1d_cubic__robust_ossm_ukf,0.4561834561834562,0.0,0.003276003276003276,0.4561834561834562,0.0,0.10587314794777612,0.0,0.9238329238329238,0.0,1.0591224181242367,0.006552006552006552,0.0,99.75429975429975,0.264274214724651,61.05,1221.0,data/cohface_38_3.pkl
cohface_22_3,of_farneback,,,,,,,,,,,,,,,,,data/cohface_22_3.pkl
cohface_22_3,of_farneback__kfstd,,,,,,,,,,,,,,,60.55,,data/cohface_22_3.pkl
cohface_22_3,of_farneback__robust_ossm_ekf,0.24277456647398843,0.0,0.0,0.24277456647398843,0.0,0.1252497494612321,0.0,0.93476465730801,0.0,1.0576926804965252,0.0016515276630883566,0.0,99.83484723369116,0.09796879922438839,60.55,1211.0,data/cohface_22_3.pkl
cohface_22_3,of_farneback__robust_ossm_ukf,0.47481420313790257,0.0,0.0,0.47481420313790257,0.08257638315441784,0.121079234828289,0.0,0.9298100743187449,0.0,1.0580424021537362,0.0016515276630883566,0.0,99.83484723369116,0.09772622748237975,60.55,1211.0,data/cohface_22_3.pkl
cohface_22_3,profile1D linear,,,,,,,,,,,,,,,,,data/cohface_22_3.pkl
cohface_22_3,profile1d_linear__kfstd,,,,,,,,,,,,,,,60.55,,data/cohface_22_3.pkl
cohface_22_3,profile1d_linear__robust_ossm_ekf,0.9521056977704376,0.0,0.0,0.9521056977704376,0.0,0.015140049895062476,0.0,0.8117258464079273,0.0,1.0655938942461751,0.0,0.0,99.83484723369116,0.18628476653853607,60.55,1211.0,data/cohface_22_3.pkl
cohface_22_3,profile1d_linear__robust_ossm_ukf,0.847233691164327,0.0,0.0,0.847233691164327,0.08835672997522709,0.06411501813080896,0.0,0.9653179190751445,0.0,1.0621401818406206,0.0,0.0,99.83484723369116,0.2180419506715664,60.55,1211.0,data/cohface_22_3.pkl
cohface_22_3,profile1D quadratic,,,,,,,,,,,,,,,,,data/cohface_22_3.pkl
cohface_22_3,profile1d_quadratic__kfstd,,,,,,,,,,,,,,,60.55,,data/cohface_22_3.pkl
cohface_22_3,profile1d_quadratic__robust_ossm_ekf,0.9132947976878613,0.0,0.0,0.9132947976878613,0.0,0.022232015142420465,0.0,0.8051197357555739,0.0,1.065103458860321,0.0008257638315441783,0.0,99.83484723369116,0.153468653181392,60.55,1211.0,data/cohface_22_3.pkl
cohface_22_3,profile1d_quadratic__robust_ossm_ukf,0.8125516102394715,0.0,0.0,0.8125516102394715,0.4805945499587118,0.052157326431228536,0.0,0.935590421139554,0.0,1.0629898222839913,0.0008257638315441783,0.0,99.83484723369116,0.13285491540324212,60.55,1211.0,data/cohface_22_3.pkl
cohface_22_3,profile1D cubic,,,,,,,,,,,,,,,,,data/cohface_22_3.pkl
cohface_22_3,profile1d_cubic__kfstd,,,,,,,,,,,,,,,60.55,,data/cohface_22_3.pkl
cohface_22_3,profile1d_cubic__robust_ossm_ekf,0.9149463253509497,0.0,0.0,0.9149463253509497,0.0,0.02333686579905402,0.0,0.7976878612716763,0.0,1.0649489069015547,0.0008257638315441783,0.0,99.83484723369116,0.15342797291577745,60.55,1211.0,data/cohface_22_3.pkl
cohface_22_3,profile1d_cubic__robust_ossm_ukf,0.7894302229562346,0.0,0.0,0.7894302229562346,0.5268373245251858,0.051565112100601274,0.0,0.9322873658133773,0.0,1.0628356660224614,0.0008257638315441783,0.0,99.83484723369116,0.12946922138802003,60.55,1211.0,data/cohface_22_3.pkl
cohface_37_1,of_farneback,,,,,,,,,,,,,,,,,data/cohface_37_1.pkl
cohface_37_1,of_farneback__kfstd,,,,,,,,,,,,,,,60.55,,data/cohface_37_1.pkl
cohface_37_1,of_farneback__robust_ossm_ekf,0.30388109000825764,0.0,0.0,0.29644921552436004,0.30388109000825764,0.2482515684173405,0.0,0.9380677126341866,8.419802542514374e-171,1.0499386250149638,0.04376548307184145,0.0,99.58711808422791,0.08640073332311542,60.55,1211.0,data/cohface_37_1.pkl
cohface_37_1,of_farneback__robust_ossm_ukf,0.2939719240297275,0.002477291494632535,0.0016515276630883566,0.2939719240297275,0.05945499587118084,5230.841515933304,0.0,0.9132947976878613,0.0,1.035026614872402,0.06440957886044592,0.014037985136251032,97.35755573905863,0.10888216537056125,60.55,1211.0,data/cohface_37_1.pkl
cohface_37_1,profile1D linear,,,,,,,,,,,,,,,,,data/cohface_37_1.pkl
cohface_37_1,profile1d_linear__kfstd,,,,,,,,,,,,,,,30.95,,data/cohface_37_1.pkl
cohface_37_1,profile1d_linear__robust_ossm_ekf,0.6457473162675474,0.0,0.0,0.6457473162675474,0.1635012386457473,0.30179518401276617,0.0,0.9413707679603633,1.72125133717294e-133,1.046790720080155,0.08422791081750619,0.0,97.44013212221304,0.09988098430567945,60.55,1211.0,data/cohface_37_1.pkl
cohface_37_1,profile1d_linear__robust_ossm_ukf,0.5697770437654831,0.0008257638315441783,0.0,0.5697770437654831,0.4318744838976053,1394.2181013805484,0.0,0.9157720891824938,0.0,1.054410677702597,0.012386457473162676,0.00495458298926507,97.10982658959537,0.13262964930516066,32.0,1211.0,data/cohface_37_1.pkl
cohface_37_1,profile1D quadratic,,,,,,,,,,,,,,,,,data/cohface_37_1.pkl
cohface_37_1,profile1d_quadratic__kfstd,,,,,,,,,,,,,,,60.55,,data/cohface_37_1.pkl
cohface_37_1,profile1d_quadratic__robust_ossm_ekf,0.7902559867877786,0.0,0.0,0.7902559867877786,0.2865400495458299,0.0428389124721685,0.0,0.9091659785301404,0.0,1.0636387478401887,0.0,0.0,99.58711808422791,0.10932036146748647,60.55,1211.0,data/cohface_37_1.pkl
cohface_37_1,profile1d_quadratic__robust_ossm_ukf,0.8637489677952106,0.0,0.0008257638315441783,0.8637489677952106,0.5763831544178365,0.05942749449054116,0.0,0.9108175061932288,0.0,1.0624829679098258,0.0,0.0,99.58711808422791,0.1301779316530018,60.55,1211.0,data/cohface_37_1.pkl
cohface_37_1,profile1D cubic,,,,,,,,,,,,,,,,,data/cohface_37_1.pkl
cohface_37_1,profile1d_cubic__kfstd,,,,,,,,,,,,,,,60.55,,data/cohface_37_1.pkl
cohface_37_1,profile1d_cubic__robust_ossm_ekf,0.7993393889347646,0.0,0.0,0.7993393889347646,0.13955408753096615,0.04337836335695926,0.0,0.9091659785301404,0.0,1.0634381553855576,0.0,0.0,99.58711808422791,0.1149601097379973,60.55,1211.0,data/cohface_37_1.pkl
cohface_37_1,profile1d_cubic__robust_ossm_ukf,0.8662262592898431,0.0,0.0008257638315441783,0.8662262592898431,0.5813377374071016,0.05741756543975692,0.0,0.8967795210569777,0.0,1.0624120923491125,0.0,0.0,99.58711808422791,0.1302287192512795,60.55,1211.0,data/cohface_37_1.pkl
cohface_37_3,of_farneback,,,,,,,,,,,,,,,,,data/cohface_37_3.pkl
cohface_37_3,of_farneback__kfstd,,,,,,,,,,,,,,,60.5,,data/cohface_37_3.pkl
cohface_37_3,of_farneback__robust_ossm_ekf,0.5677685950413223,0.0008264462809917355,0.0,0.34793388429752065,0.5677685950413223,0.7590952932301495,0.0,0.9190082644628099,9.926853536411433e-11,1.028854739837461,0.14628099173553719,0.003305785123966942,99.6694214876033,0.07048303351393702,60.5,1210.0,data/cohface_37_3.pkl
cohface_37_3,of_farneback__robust_ossm_ukf,0.6338842975206611,0.0024793388429752068,0.001652892561983471,0.4322314049586777,0.6338842975206611,113725.48622662757,0.0,0.8991735537190083,0.0,1.0274942409057193,0.11074380165289256,0.012396694214876033,98.67768595041322,0.07744180138837613,60.5,1210.0,data/cohface_37_3.pkl
cohface_37_3,profile1D linear,,,,,,,,,,,,,,,,,data/cohface_37_3.pkl
cohface_37_3,profile1d_linear__kfstd,,,,,,,,,,,,,,,60.5,,data/cohface_37_3.pkl
cohface_37_3,profile1d_linear__robust_ossm_ekf,0.7611570247933884,0.0,0.0,0.7611570247933884,0.10909090909090909,0.09272097547645781,0.0,0.8652892561983471,0.0,1.0606681676966598,0.01652892561983471,0.0,99.50413223140495,0.09532833562418938,60.5,1210.0,data/cohface_37_3.pkl
cohface_37_3,profile1d_linear__robust_ossm_ukf,0.8793388429752066,0.0,0.0,0.8793388429752066,0.0,0.08800610968125212,0.0,0.8834710743801653,0.0,1.0609304457306366,0.01487603305785124,0.0,99.50413223140495,0.12294561362107123,60.5,1210.0,data/cohface_37_3.pkl
cohface_37_3,profile1D quadratic,,,,,,,,,,,,,,,,,data/cohface_37_3.pkl
cohface_37_3,profile1d_quadratic__kfstd,,,,,,,,,,,,,,,60.5,,data/cohface_37_3.pkl
cohface_37_3,profile1d_quadratic__robust_ossm_ekf,0.8950413223140495,0.0,0.0,0.8950413223140495,0.8206611570247934,0.057312671571076446,0.0,0.8272727272727273,0.0,1.0626598881044378,0.0,0.0,99.6694214876033,0.11633459017187796,60.5,1210.0,data/cohface_37_3.pkl
cohface_37_3,profile1d_quadratic__robust_ossm_ukf,0.7694214876033058,0.0008264462809917355,0.001652892561983471,0.7694214876033058,0.20082644628099172,231161.8410305489,0.0,0.8694214876033057,0.0,1.057279292654329,0.005785123966942148,0.0049586776859504135,98.51239669421487,0.14927195439353627,39.0,1210.0,data/cohface_37_3.pkl
cohface_37_3,profile1D cubic,,,,,,,,,,,,,,,,,data/cohface_37_3.pkl
cohface_37_3,profile1d_cubic__kfstd,,,,,,,,,,,,,,,60.5,,data/cohface_37_3.pkl
cohface_37_3,profile1d_cubic__robust_ossm_ekf,0.8950413223140495,0.0,0.0,0.8950413223140495,0.8214876033057851,0.059430334977638506,0.0,0.8322314049586776,0.0,1.062340296007204,0.0,0.0,99.6694214876033,0.11435769156165503,60.5,1210.0,data/cohface_37_3.pkl
cohface_37_3,profile1d_cubic__robust_ossm_ukf,0.8520661157024794,0.0008264462809917355,0.001652892561983471,0.8520661157024794,0.012396694214876033,19117.765724254143,0.0,0.8826446280991735,0.0,1.0551708750510647,0.00743801652892562,0.006611570247933884,98.51239669421487,0.17125033339808737,32.9,1210.0,data/cohface_37_3.pkl
cohface_7_2,of_farneback,,,,,,,,,,,,,,,,,data/cohface_7_2.pkl
cohface_7_2,of_farneback__kfstd,,,,,,,,,,,,,,,60.4,,data/cohface_7_2.pkl
cohface_7_2,of_farneback__robust_ossm_ekf,0.27897350993377484,0.0,0.0,0.27897350993377484,0.0,0.08358243488330133,0.0,0.9230132450331126,0.0,1.060656861013583,0.0008278145695364238,0.0,99.75165562913908,0.12955593527926515,60.4,1208.0,data/cohface_7_2.pkl
cohface_7_2,of_farneback__robust_ossm_ukf,0.3617549668874172,0.0,0.0,0.3617549668874172,0.0,0.08875225941155805,0.0,0.9014900662251656,0.0,1.0603402047763364,0.005794701986754967,0.0,99.75165562913908,0.12942830630067487,60.4,1208.0,data/cohface_7_2.pkl
cohface_7_2,profile1D linear,,,,,,,,,,,,,,,,,data/cohface_7_2.pkl
cohface_7_2,profile1d_linear__kfstd,,,,,,,,,,,,,,,60.4,,data/cohface_7_2.pkl
cohface_7_2,profile1d_linear__robust_ossm_ekf,0.8509933774834437,0.0,0.0,0.8509933774834437,0.0,0.05370036005882832,0.0,0.7574503311258278,0.0,1.0630316526659465,0.013245033112582781,0.0,99.75165562913908,0.24723006272366035,60.4,1208.0,data/cohface_7_2.pkl
cohface_7_2,profile1d_linear__robust_ossm_ukf,0.7309602649006622,0.0,0.0041390728476821195,0.7309602649006622,0.1498344370860927,0.08587855413407594,0.0,0.9586092715231788,0.0,1.0606913969734544,0.0041390728476821195,0.0,99.75165562913908,0.2380914921786454,60.4,1208.0,data/cohface_7_2.pkl
cohface_7_2,profile1D quadratic,,,,,,,,,,,,,,,,,data/cohface_7_2.pkl
cohface_7_2,profile1d_quadratic__kfstd,,,,,,,,,,,,,,,60.4,,data/cohface_7_2.pkl
cohface_7_2,profile1d_quadratic__robust_ossm_ekf,0.9130794701986755,0.0,0.0,0.9130794701986755,0.0,0.013892876001174453,0.0,0.7872516556291391,0.0,1.0656842374961424,0.0,0.0,99.75165562913908,0.18922115311166884,60.4,1208.0,data/cohface_7_2.pkl
cohface_7_2,profile1d_quadratic__robust_ossm_ukf,0.7582781456953642,0.0,0.0033112582781456954,0.7582781456953642,0.4859271523178808,0.0541976120010721,0.0,0.9312913907284768,0.0,1.0628435623762524,0.0,0.0,99.75165562913908,0.1731405967854703,60.4,1208.0,data/cohface_7_2.pkl
cohface_7_2,profile1D cubic,,,,,,,,,,,,,,,,,data/cohface_7_2.pkl
cohface_7_2,profile1d_cubic__kfstd,,,,,,,,,,,,,,,60.4,,data/cohface_7_2.pkl
cohface_7_2,profile1d_cubic__robust_ossm_ekf,0.9519867549668874,0.0,0.0,0.9519867549668874,0.0,0.013790825474747283,0.0,0.7847682119205298,0.0,1.0656379564149157,0.0,0.0,99.75165562913908,0.1901259512605067,60.4,1208.0,data/cohface_7_2.pkl
cohface_7_2,profile1d_cubic__robust_ossm_ukf,0.7706953642384106,0.0,0.0024834437086092716,0.7706953642384106,0.48509933774834435,0.053374816046012935,0.0,0.9279801324503312,0.0,1.0626949776645576,0.0,0.0,99.75165562913908,0.1732463300787342,60.4,1208.0,data/cohface_7_2.pkl
cohface_32_0,of_farneback,,,,,,,,,,,,,,,,,data/cohface_32_0.pkl
cohface_32_0,of_farneback__kfstd,,,,,,,,,,,,,,,60.85,,data/cohface_32_0.pkl
cohface_32_0,of_farneback__robust_ossm_ekf,0.838126540673788,0.0,0.0008216926869350862,0.838126540673788,0.12900575184880855,0.17540689817519137,0.0,0.8463434675431388,3.231865793286402e-244,1.054706683527874,0.041084634346754315,0.0,99.17830731306492,0.2192470682546996,60.85,1217.0,data/cohface_32_0.pkl
cohface_32_0,of_farneback__robust_ossm_ukf,0.952341824157765,0.0,0.0016433853738701725,0.952341824157765,0.0,0.12264562779441555,0.0,0.923582580115037,0.0,1.0581451413777065,0.02629416598192276,0.0,99.17830731306492,0.3461541960353062,60.85,1217.0,data/cohface_32_0.pkl
cohface_32_0,profile1D linear,,,,,,,,,,,,,,,,,data/cohface_32_0.pkl
cohface_32_0,profile1d_linear__kfstd,,,,,,,,,,,,,,,33.65,,data/cohface_32_0.pkl
cohface_32_0,profile1d_linear__robust_ossm_ekf,0.6606409202958093,0.0,0.0,0.6606409202958093,0.2654067378800329,0.25878546231344496,0.0,0.9441248972884141,1.9625093903300692e-163,1.049363867588735,0.04601479046836483,0.0,97.86359901396878,0.0871656162811883,60.85,1217.0,data/cohface_32_0.pkl
cohface_32_0,profile1d_linear__robust_ossm_ukf,0.8011503697617092,0.0,0.0008216926869350862,0.7124075595727198,0.8011503697617092,0.09693014800623442,0.0,0.8151191454396056,0.0,1.0600085923767837,0.009860312243221035,0.0,99.75349219391947,0.20088161439411245,60.85,1217.0,data/cohface_32_0.pkl
cohface_32_0,profile1D quadratic,,,,,,,,,,,,,,,,,data/cohface_32_0.pkl
cohface_32_0,profile1d_quadratic__kfstd,,,,,,,,,,,,,,,54.45,,data/cohface_32_0.pkl
cohface_32_0,profile1d_quadratic__robust_ossm_ekf,0.6729663105998357,0.0,0.0,0.6729663105998357,0.628594905505341,0.10321497887445469,0.0,0.9079704190632704,0.0,1.0594533180586558,0.0,0.0,99.34264585045193,0.1537216814013755,60.85,1217.0,data/cohface_32_0.pkl
cohface_32_0,profile1d_quadratic__robust_ossm_ukf,0.857025472473295,0.0,0.0024650780608052587,0.857025472473295,0.04437140509449466,0.06822978481934033,0.0,0.895645028759244,0.0,1.061890398535197,0.0,0.0,99.9178307313065,0.1674864404651057,60.85,1217.0,data/cohface_32_0.pkl
cohface_32_0,profile1D cubic,,,,,,,,,,,,,,,,,data/cohface_32_0.pkl
cohface_32_0,profile1d_cubic__kfstd,,,,,,,,,,,,,,,60.85,,data/cohface_32_0.pkl
cohface_32_0,profile1d_cubic__robust_ossm_ekf,0.6918652423993427,0.0,0.0,0.6918652423993427,0.1972062448644207,0.1030195141721705,0.0,0.9506984387838948,0.0,1.0591541520006218,0.0008216926869350862,0.0,99.9178307313065,0.11836990961959933,60.85,1217.0,data/cohface_32_0.pkl
cohface_32_0,profile1d_cubic__robust_ossm_ukf,0.8578471651602301,0.0,0.0,0.8578471651602301,0.043549712407559574,0.06880647817545657,0.0,0.9063270336894002,0.0,1.0616150961808355,0.0008216926869350862,0.0,99.9178307313065,0.14762976279240925,60.85,1217.0,data/cohface_32_0.pkl
cohface_35_1,of_farneback,,,,,,,,,,,,,,,,,data/cohface_35_1.pkl
cohface_35_1,of_farneback__kfstd,,,,,,,,,,,,,,,61.2,,data/cohface_35_1.pkl
cohface_35_1,of_farneback__robust_ossm_ekf,0.9526143790849673,0.0,0.0,0.9526143790849673,0.0,0.13047925916297634,0.0,0.8946078431372549,0.0,1.0576692114525637,0.027777777777777776,0.0,99.67320261437908,0.3864443867039978,61.2,1224.0,data/cohface_35_1.pkl
cohface_35_1,of_farneback__robust_ossm_ukf,0.9526143790849673,0.0,0.005718954248366013,0.9526143790849673,0.0,0.16935247990978902,0.0,0.9158496732026143,2.4304020043556142e-253,1.0555643353941095,0.03022875816993464,0.0,99.67320261437908,0.4016140512166148,61.2,1224.0,data/cohface_35_1.pkl
cohface_35_1,profile1D linear,,,,,,,,,,,,,,,,,data/cohface_35_1.pkl
cohface_35_1,profile1d_linear__kfstd,,,,,,,,,,,,,,,61.2,,data/cohface_35_1.pkl
cohface_35_1,profile1d_linear__robust_ossm_ekf,0.8537581699346405,0.0,0.0,0.8537581699346405,0.7124183006535948,0.4876947976011685,0.0,0.8897058823529411,1.2853230314489326e-56,1.0393894114595614,0.07598039215686274,0.0,73.20261437908496,0.11958068340358717,61.2,1224.0,data/cohface_35_1.pkl
cohface_35_1,profile1d_linear__robust_ossm_ukf,0.8088235294117647,0.0,0.004084967320261438,0.8088235294117647,0.0,0.1458114201793681,0.0,0.9338235294117647,7.087566426985015e-287,1.0566272569915074,0.016339869281045753,0.0,99.59150326797386,0.3018126038022395,61.2,1224.0,data/cohface_35_1.pkl
cohface_35_1,profile1D quadratic,,,,,,,,,,,,,,,,,data/cohface_35_1.pkl
cohface_35_1,profile1d_quadratic__kfstd,,,,,,,,,,,,,,,61.2,,data/cohface_35_1.pkl
cohface_35_1,profile1d_quadratic__robust_ossm_ekf,0.8031045751633987,0.0,0.0,0.8031045751633987,0.0,0.029831823946100053,0.0,0.8186274509803921,0.0,1.0645580565068355,0.0,0.0,99.59150326797386,0.18091137356975667,61.2,1224.0,data/cohface_35_1.pkl
cohface_35_1,profile1d_quadratic__robust_ossm_ukf,0.7434640522875817,0.0,0.0016339869281045752,0.7434640522875817,0.704248366013072,0.07498550689675733,0.0,0.9321895424836601,0.0,1.0613987191421237,0.0,0.0,99.59150326797386,0.16927525259309129,61.2,1224.0,data/cohface_35_1.pkl
cohface_35_1,profile1D cubic,,,,,,,,,,,,,,,,,data/cohface_35_1.pkl
cohface_35_1,profile1d_cubic__kfstd,,,,,,,,,,,,,,,61.2,,data/cohface_35_1.pkl
cohface_35_1,profile1d_cubic__robust_ossm_ekf,0.8022875816993464,0.0,0.0,0.8022875816993464,0.0,0.03132895482094325,0.0,0.815359477124183,0.0,1.064336233878002,0.0,0.0,99.59150326797386,0.1798326506789077,61.2,1224.0,data/cohface_35_1.pkl
cohface_35_1,profile1d_cubic__robust_ossm_ukf,0.7165032679738562,0.0,0.0024509803921568627,0.7148692810457516,0.7165032679738562,0.07515634500437025,0.0,0.9321895424836601,0.0,1.0611283033147645,0.0,0.0,99.59150326797386,0.16389391635490902,61.2,1224.0,data/cohface_35_1.pkl
cohface_12_1,of_farneback,,,,,,,,,,,,,,,,,data/cohface_12_1.pkl
cohface_12_1,of_farneback__kfstd,,,,,,,,,,,,,,,61.2,,data/cohface_12_1.pkl
cohface_12_1,of_farneback__robust_ossm_ekf,0.31862745098039214,0.0,0.0,0.31862745098039214,0.0,0.1429567482873447,0.0,0.928921568627451,2.2522685095530384e-291,1.0566626412466573,0.01715686274509804,0.0,99.34640522875817,0.16242655410658213,61.2,1224.0,data/cohface_12_1.pkl
cohface_12_1,of_farneback__robust_ossm_ukf,0.2696078431372549,0.0,0.0,0.2696078431372549,0.08088235294117647,0.15760031992567383,0.0,0.9240196078431373,2.441663572486231e-269,1.0558275030845954,0.028594771241830064,0.0,99.67320261437908,0.14858283800174998,61.2,1224.0,data/cohface_12_1.pkl
cohface_12_1,profile1D linear,,,,,,,,,,,,,,,,,data/cohface_12_1.pkl
cohface_12_1,profile1d_linear__kfstd,,,,,,,,,,,,,,,52.5,,data/cohface_12_1.pkl
cohface_12_1,profile1d_linear__robust_ossm_ekf,0.8766339869281046,0.0,0.0,0.8766339869281046,0.08986928104575163,0.01402798517002058,0.0,0.7745098039215687,0.0,1.0656724324464097,0.0,0.0,99.75490196078431,0.2606002886462177,61.2,1224.0,data/cohface_12_1.pkl
cohface_12_1,profile1d_linear__robust_ossm_ukf,0.7189542483660131,0.0,0.0016339869281045752,0.7189542483660131,0.2540849673202614,0.06605704928294458,0.0,0.9174836601307189,0.0,1.0620061498779712,0.0,0.0,99.75490196078431,0.23078587133547784,61.2,1224.0,data/cohface_12_1.pkl
cohface_12_1,profile1D quadratic,,,,,,,,,,,,,,,,,data/cohface_12_1.pkl
cohface_12_1,profile1d_quadratic__kfstd,,,,,,,,,,,,,,,61.2,,data/cohface_12_1.pkl
cohface_12_1,profile1d_quadratic__robust_ossm_ekf,0.6740196078431373,0.0,0.0,0.6740196078431373,0.0,0.027553496867125993,0.0,0.8259803921568627,0.0,1.064720235628394,0.0,0.0,99.75490196078431,0.20136654443859608,61.2,1224.0,data/cohface_12_1.pkl
cohface_12_1,profile1d_quadratic__robust_ossm_ukf,0.5661764705882353,0.0008169934640522876,0.0008169934640522876,0.5661764705882353,0.32679738562091504,65694.86775190724,0.0,0.9248366013071896,0.0,1.0558924498602245,0.006535947712418301,0.005718954248366013,98.93790849673202,0.19053996312940485,48.75,1224.0,data/cohface_12_1.pkl
cohface_12_1,profile1D cubic,,,,,,,,,,,,,,,,,data/cohface_12_1.pkl
cohface_12_1,profile1d_cubic__kfstd,,,,,,,,,,,,,,,61.2,,data/cohface_12_1.pkl
cohface_12_1,profile1d_cubic__robust_ossm_ekf,0.6699346405228758,0.0,0.0,0.6699346405228758,0.035130718954248366,0.02840633796936462,0.0,0.8341503267973857,0.0,1.0645554244119289,0.0,0.0,99.75490196078431,0.20003787739743262,61.2,1224.0,data/cohface_12_1.pkl
cohface_12_1,profile1d_cubic__robust_ossm_ukf,0.6633986928104575,0.0008169934640522876,0.0008169934640522876,0.6633986928104575,0.3954248366013072,191305.64586659707,0.0,0.9223856209150327,0.0,1.0559785980557375,0.005718954248366013,0.005718954248366013,99.01960784313725,0.1734934740624075,59.45,1224.0,data/cohface_12_1.pkl
cohface_9_3,of_farneback,,,,,,,,,,,,,,,,,data/cohface_9_3.pkl
cohface_9_3,of_farneback__kfstd,,,,,,,,,,,,,,,63.25,,data/cohface_9_3.pkl
cohface_9_3,of_farneback__robust_ossm_ekf,0.3438735177865613,0.0,0.0,0.3438735177865613,0.0,0.10237450547121635,0.0,0.9201581027667984,0.0,1.059293100248171,0.0,0.0,98.97233201581028,0.14122143198719708,63.25,1265.0,data/cohface_9_3.pkl
cohface_9_3,of_farneback__robust_ossm_ukf,0.3090909090909091,0.0,0.0,0.3090909090909091,0.011857707509881422,0.11950948835452632,0.0,0.8893280632411067,0.0,1.0582305164415733,0.015810276679841896,0.0,98.73517786561264,0.13179509665121752,63.25,1265.0,data/cohface_9_3.pkl
cohface_9_3,profile1D linear,,,,,,,,,,,,,,,,,data/cohface_9_3.pkl
cohface_9_3,profile1d_linear__kfstd,,,,,,,,,,,,,,,63.25,,data/cohface_9_3.pkl
cohface_9_3,profile1d_linear__robust_ossm_ekf,0.9541501976284585,0.0,0.0007905138339920949,0.9541501976284585,0.0,0.016310141722581398,0.0,0.8118577075098814,0.0,1.0655121343518335,0.0,0.0,99.84189723320158,0.33026362054997455,63.25,1265.0,data/cohface_9_3.pkl
cohface_9_3,profile1d_linear__robust_ossm_ukf,0.6213438735177865,0.0007905138339920949,0.0031620553359683794,0.6213438735177865,0.18972332015810275,1641.6749426304962,0.0,0.9486166007905138,0.0,1.0567491971468141,0.003952569169960474,0.003952569169960474,99.2094861660079,0.2369664312739725,49.75,1265.0,data/cohface_9_3.pkl
cohface_9_3,profile1D quadratic,,,,,,,,,,,,,,,,,data/cohface_9_3.pkl
cohface_9_3,profile1d_quadratic__kfstd,,,,,,,,,,,,,,,63.25,,data/cohface_9_3.pkl
cohface_9_3,profile1d_quadratic__robust_ossm_ekf,0.9541501976284585,0.0,0.0,0.9541501976284585,0.0,0.022475559820685977,0.0,0.7889328063241107,0.0,1.065085190307355,0.0,0.0,99.84189723320158,0.3028526058862308,63.25,1265.0,data/cohface_9_3.pkl
cohface_9_3,profile1d_quadratic__robust_ossm_ukf,0.6142292490118577,0.0,0.0031620553359683794,0.6142292490118577,0.4300395256916996,0.07383144554166267,0.0,0.950197628458498,0.0,1.0614756691354763,0.0,0.0,98.65612648221344,0.1923437725910104,63.25,1265.0,data/cohface_9_3.pkl
cohface_9_3,profile1D cubic,,,,,,,,,,,,,,,,,data/cohface_9_3.pkl
cohface_9_3,profile1d_cubic__kfstd,,,,,,,,,,,,,,,63.25,,data/cohface_9_3.pkl
cohface_9_3,profile1d_cubic__robust_ossm_ekf,0.9541501976284585,0.0,0.0,0.9541501976284585,0.0,0.022682878109432935,0.0,0.8023715415019763,0.0,1.064993473710844,0.0,0.0,99.84189723320158,0.2904169204125429,63.25,1265.0,data/cohface_9_3.pkl
cohface_9_3,profile1d_cubic__robust_ossm_ukf,0.6031620553359683,0.0,0.0031620553359683794,0.6031620553359683,0.47035573122529645,0.07531978450542705,0.0,0.9533596837944665,0.0,1.0611046132391369,0.0,0.0,98.65612648221344,0.19226157742681324,63.25,1265.0,data/cohface_9_3.pkl
cohface_23_2,of_farneback,,,,,,,,,,,,,,,,,data/cohface_23_2.pkl
cohface_23_2,of_farneback__kfstd,,,,,,,,,,,,,,,60.4,,data/cohface_23_2.pkl
cohface_23_2,of_farneback__robust_ossm_ekf,0.8137417218543046,0.0,0.0,0.8137417218543046,0.0041390728476821195,0.08638388347014754,0.0,0.8245033112582781,0.0,1.0607261375936208,0.009933774834437087,0.0,99.91721854304636,0.3963805741605069,60.4,1208.0,data/cohface_23_2.pkl
cohface_23_2,of_farneback__robust_ossm_ukf,0.8716887417218543,0.0,0.0,0.8716887417218543,0.0,0.2786068194740928,0.0,0.9470198675496688,4.5630343081188156e-148,1.04742601288083,0.037251655629139076,0.0,99.91721854304636,0.4163856749391234,60.4,1208.0,data/cohface_23_2.pkl
cohface_23_2,profile1D linear,,,,,,,,,,,,,,,,,data/cohface_23_2.pkl
cohface_23_2,profile1d_linear__kfstd,,,,,,,,,,,,,,,60.4,,data/cohface_23_2.pkl
cohface_23_2,profile1d_linear__robust_ossm_ekf,0.8807947019867549,0.0,0.0,0.7574503311258278,0.8807947019867549,0.2988338621477275,0.0,0.9743377483443708,5.627438151183438e-135,1.0461122610201792,0.01903973509933775,0.0,98.17880794701986,0.14831877757961612,60.4,1208.0,data/cohface_23_2.pkl
cohface_23_2,profile1d_linear__robust_ossm_ukf,0.8634105960264901,0.0,0.009105960264900662,0.8634105960264901,0.0,0.11394943683545765,0.0,0.9445364238410596,0.0,1.0588104065586479,0.005794701986754967,0.0,99.33774834437087,0.3414903451613308,60.4,1208.0,data/cohface_23_2.pkl
cohface_23_2,profile1D quadratic,,,,,,,,,,,,,,,,,data/cohface_23_2.pkl
cohface_23_2,profile1d_quadratic__kfstd,,,,,,,,,,,,,,,60.4,,data/cohface_23_2.pkl
cohface_23_2,profile1d_quadratic__robust_ossm_ekf,0.9519867549668874,0.0,0.0,0.9519867549668874,0.0,0.00514443869436285,0.0,0.6531456953642384,0.0,1.0663013451223147,0.0,0.0,99.91721854304636,0.41771180325228496,60.4,1208.0,data/cohface_23_2.pkl
cohface_23_2,profile1d_quadratic__robust_ossm_ukf,0.9519867549668874,0.0,0.005794701986754967,0.9519867549668874,0.0,0.08770090768259886,0.0,0.9428807947019867,0.0,1.060490468027851,0.0,0.0,99.91721854304636,0.41996336492880565,60.4,1208.0,data/cohface_23_2.pkl
cohface_23_2,profile1D cubic,,,,,,,,,,,,,,,,,data/cohface_23_2.pkl
cohface_23_2,profile1d_cubic__kfstd,,,,,,,,,,,,,,,60.4,,data/cohface_23_2.pkl
cohface_23_2,profile1d_cubic__robust_ossm_ekf,0.9519867549668874,0.0,0.0,0.9519867549668874,0.0,0.005202730928599561,0.0,0.6548013245033113,0.0,1.0662762690368979,0.0,0.0,99.91721854304636,0.4179468918690721,60.4,1208.0,data/cohface_23_2.pkl
cohface_23_2,profile1d_cubic__robust_ossm_ukf,0.9519867549668874,0.0,0.006622516556291391,0.9519867549668874,0.0,0.08716777895152468,0.0,0.9420529801324503,0.0,1.0602023979363773,0.0,0.0,99.91721854304636,0.42028188232481645,60.4,1208.0,data/cohface_23_2.pkl
cohface_39_3,of_farneback,,,,,,,,,,,,,,,,,data/cohface_39_3.pkl
cohface_39_3,of_farneback__kfstd,,,,,,,,,,,,,,,63.45,,data/cohface_39_3.pkl
cohface_39_3,of_farneback__robust_ossm_ekf,0.5303388494877856,0.0,0.0,0.5303388494877856,0.0,0.18256089006005108,0.0,0.950354609929078,1.6019048450117672e-245,1.05382153908816,0.008668242710795903,0.0,99.05437352245863,0.18947855603164235,63.45,1269.0,data/cohface_39_3.pkl
cohface_39_3,of_farneback__robust_ossm_ukf,0.5563435776201734,0.0007880220646178094,0.0,0.48148148148148145,0.5563435776201734,2213.9370638070504,0.0,0.9487785657998424,0.0,1.0475993262044982,0.04334121355397951,0.003940110323089046,98.42395587076439,0.15239314119434216,63.45,1269.0,data/cohface_39_3.pkl
cohface_39_3,profile1D linear,,,,,,,,,,,,,,,,,data/cohface_39_3.pkl
cohface_39_3,profile1d_linear__kfstd,,,,,,,,,,,,,,,63.45,,data/cohface_39_3.pkl
cohface_39_3,profile1d_linear__robust_ossm_ekf,0.9542947202521671,0.0,0.0,0.9542947202521671,0.0,0.012444817137926539,0.0,0.6895193065405831,0.0,1.0657852793892704,0.0,0.0,99.36958234830576,0.22554475174695074,63.45,1269.0,data/cohface_39_3.pkl
cohface_39_3,profile1d_linear__robust_ossm_ukf,0.665090622537431,0.0,0.0015760441292356187,0.665090622537431,0.12923561859732072,0.053391624180060014,0.0,0.9424743892829,0.0,1.062891219709606,0.0,0.0,99.05437352245863,0.24324198439674086,63.45,1269.0,data/cohface_39_3.pkl
cohface_39_3,profile1D quadratic,,,,,,,,,,,,,,,,,data/cohface_39_3.pkl
cohface_39_3,profile1d_quadratic__kfstd,,,,,,,,,,,,,,,63.45,,data/cohface_39_3.pkl
cohface_39_3,profile1d_quadratic__robust_ossm_ekf,0.5476753349093775,0.0,0.0015760441292356187,0.5476753349093775,0.4720252167060678,0.07048508151418315,0.0,0.9219858156028369,0.0,1.0617160593744386,0.0,0.0,99.05437352245863,0.12715154408149204,63.45,1269.0,data/cohface_39_3.pkl
cohface_39_3,profile1d_quadratic__robust_ossm_ukf,0.8392434988179669,0.0,0.002364066193853428,0.8392434988179669,0.2876280535855004,0.0740561066568778,0.0,0.9290780141843972,0.0,1.061454938024618,0.0,0.0,99.36958234830576,0.24674082261859787,63.45,1269.0,data/cohface_39_3.pkl
cohface_39_3,profile1D cubic,,,,,,,,,,,,,,,,,data/cohface_39_3.pkl
cohface_39_3,profile1d_cubic__kfstd,,,,,,,,,,,,,,,63.45,,data/cohface_39_3.pkl
cohface_39_3,profile1d_cubic__robust_ossm_ekf,0.8077226162332545,0.0,0.0007880220646178094,0.8077226162332545,0.7557131599684791,0.11040823033140776,0.0,0.9456264775413712,0.0,1.0586004373688251,0.0,0.0,98.97557131599685,0.10677484966938244,63.45,1269.0,data/cohface_39_3.pkl
cohface_39_3,profile1d_cubic__robust_ossm_ukf,0.8408195429472025,0.0,0.003940110323089046,0.8408195429472025,0.2860520094562648,0.07750260424793286,0.0,0.9282899921197794,0.0,1.0609345030922601,0.0,0.0,99.36958234830576,0.24346960262548206,63.45,1269.0,data/cohface_39_3.pkl
cohface_20_1,of_farneback,,,,,,,,,,,,,,,,,data/cohface_20_1.pkl
cohface_20_1,of_farneback__kfstd,,,,,,,,,,,,,,,60.45,,data/cohface_20_1.pkl
cohface_20_1,of_farneback__robust_ossm_ekf,0.3705541770057899,0.0,0.0,0.3705541770057899,0.0,0.092826989200241,0.0,0.9247311827956989,0.0,1.0599568067990144,0.0,0.0,99.50372208436724,0.13996425872410553,60.45,1209.0,data/cohface_20_1.pkl
cohface_20_1,of_farneback__robust_ossm_ukf,0.3904052936311001,0.0,0.0,0.3904052936311001,0.008271298593879239,0.11803682643646085,0.0,0.9098428453267163,0.0,1.05828836539636,0.0008271298593879239,0.0,99.50372208436724,0.14966800513615888,60.45,1209.0,data/cohface_20_1.pkl
cohface_20_1,profile1D linear,,,,,,,,,,,,,,,,,data/cohface_20_1.pkl
cohface_20_1,profile1d_linear__kfstd,,,,,,,,,,,,,,,60.45,,data/cohface_20_1.pkl
cohface_20_1,profile1d_linear__robust_ossm_ekf,0.9520264681555004,0.0,0.0,0.9520264681555004,0.0,0.006400496446456963,0.0,0.6997518610421837,0.0,1.0662128592435642,0.0,0.0,99.42100909842846,0.2768537017425381,60.45,1209.0,data/cohface_20_1.pkl
cohface_20_1,profile1d_linear__robust_ossm_ukf,0.6145574855252275,0.0,0.0008271298593879239,0.6145574855252275,0.34739454094292804,0.07297105023192443,0.0,0.9487179487179487,0.0,1.0615246117944357,0.0,0.0,99.25558312655087,0.20749583718871306,60.45,1209.0,data/cohface_20_1.pkl
cohface_20_1,profile1D quadratic,,,,,,,,,,,,,,,,,data/cohface_20_1.pkl
cohface_20_1,profile1d_quadratic__kfstd,,,,,,,,,,,,,,,60.45,,data/cohface_20_1.pkl
cohface_20_1,profile1d_quadratic__robust_ossm_ekf,0.9520264681555004,0.0,0.0,0.9520264681555004,0.0,0.008192359204716277,0.0,0.7253928866832092,0.0,1.066085237802815,0.0,0.0,99.42100909842846,0.26436484629289086,60.45,1209.0,data/cohface_20_1.pkl
cohface_20_1,profile1d_quadratic__robust_ossm_ukf,0.7874276261373035,0.0,0.0008271298593879239,0.7874276261373035,0.533498759305211,0.06656150123202048,0.0,0.9346567411083541,0.0,1.061976291438201,0.0,0.0,99.42100909842846,0.1912332490438694,60.45,1209.0,data/cohface_20_1.pkl
cohface_20_1,profile1D cubic,,,,,,,,,,,,,,,,,data/cohface_20_1.pkl
cohface_20_1,profile1d_cubic__kfstd,,,,,,,,,,,,,,,60.45,,data/cohface_20_1.pkl
cohface_20_1,profile1d_cubic__robust_ossm_ekf,0.9520264681555004,0.0,0.0,0.9520264681555004,0.0,0.00876577546873299,0.0,0.7328370554177006,0.0,1.0660097683032972,0.0,0.0,99.42100909842846,0.26020808878795987,60.45,1209.0,data/cohface_20_1.pkl
cohface_20_1,profile1d_cubic__robust_ossm_ukf,0.7866004962779156,0.0,0.0008271298593879239,0.7866004962779156,0.533498759305211,0.0669516896740077,0.0,0.9330024813895782,0.0,1.061699511498365,0.0,0.0,99.42100909842846,0.19024513248808694,60.45,1209.0,data/cohface_20_1.pkl
cohface_30_3,of_farneback,,,,,,,,,,,,,,,,,data/cohface_30_3.pkl
cohface_30_3,of_farneback__kfstd,,,,,,,,,,,,,,,61.45,,data/cohface_30_3.pkl
cohface_30_3,of_farneback__robust_ossm_ekf,0.34906427990235966,0.0,0.0,0.34906427990235966,0.0,0.09347333865879741,0.0,0.9064279902359642,0.0,1.0599858891961054,0.006509357200976403,0.0,99.10496338486574,0.09610824713497877,61.45,1229.0,data/cohface_30_3.pkl
cohface_30_3,of_farneback__robust_ossm_ukf,0.44914564686737185,0.0,0.0,0.44914564686737185,0.005695687550854353,0.0831383265597989,0.0,0.9349064279902359,0.0,1.060616708553352,0.0040683482506102524,0.0,99.10496338486574,0.0965514027233254,61.45,1229.0,data/cohface_30_3.pkl
cohface_30_3,profile1D linear,,,,,,,,,,,,,,,,,data/cohface_30_3.pkl
cohface_30_3,profile1d_linear__kfstd,,,,,,,,,,,,,,,61.45,,data/cohface_30_3.pkl
cohface_30_3,profile1d_linear__robust_ossm_ekf,0.9178193653376729,0.0,0.0,0.9178193653376729,0.0,0.014153224336047576,0.0,0.7917005695687551,0.0,1.0656644121454464,0.0,0.0,99.10496338486574,0.1582271743039301,61.45,1229.0,data/cohface_30_3.pkl
cohface_30_3,profile1d_linear__robust_ossm_ukf,0.7803091944670464,0.0,0.0016273393002441008,0.7803091944670464,0.161106590724166,0.04834698246125179,0.0,0.9259560618388935,0.0,1.063247744202314,0.0,0.0,99.10496338486574,0.20434703473508975,61.45,1229.0,data/cohface_30_3.pkl
cohface_30_3,profile1D quadratic,,,,,,,,,,,,,,,,,data/cohface_30_3.pkl
cohface_30_3,profile1d_quadratic__kfstd,,,,,,,,,,,,,,,61.45,,data/cohface_30_3.pkl
cohface_30_3,profile1d_quadratic__robust_ossm_ekf,0.9528071602929211,0.0,0.0,0.9528071602929211,0.0,0.010878873906471307,0.0,0.7851912123677787,0.0,1.0658953998419292,0.0,0.0,99.26769731489016,0.14981095482017898,61.45,1229.0,data/cohface_30_3.pkl
cohface_30_3,profile1d_quadratic__robust_ossm_ukf,0.644426362896664,0.0008136696501220504,0.0008136696501220504,0.644426362896664,0.13506916192026036,210.82547060251437,0.0,0.9023596419853539,0.0,1.058827196925474,0.0040683482506102524,0.0040683482506102524,98.53539462978031,0.15667831876889454,49.25,1229.0,data/cohface_30_3.pkl
cohface_30_3,profile1D cubic,,,,,,,,,,,,,,,,,data/cohface_30_3.pkl
cohface_30_3,profile1d_cubic__kfstd,,,,,,,,,,,,,,,61.45,,data/cohface_30_3.pkl
cohface_30_3,profile1d_cubic__robust_ossm_ekf,0.9528071602929211,0.0,0.0,0.9528071602929211,0.0,0.010896410951527262,0.0,0.7615947925142392,0.0,1.0658504621248224,0.0,0.0,99.26769731489016,0.15493866310650908,61.45,1229.0,data/cohface_30_3.pkl
cohface_30_3,profile1d_cubic__robust_ossm_ukf,0.6729048006509357,0.0008136696501220504,0.0008136696501220504,0.6729048006509357,0.13588283157038242,105.06162919023326,0.0,0.9015459723352319,0.0,1.0585235285879746,0.0040683482506102524,0.0040683482506102524,98.61676159479251,0.15490993777762158,61.45,1229.0,data/cohface_30_3.pkl
cohface_24_3,of_farneback,,,,,,,,,,,,,,,,,data/cohface_24_3.pkl
cohface_24_3,of_farneback__kfstd,,,,,,,,,,,,,,,60.4,,data/cohface_24_3.pkl
cohface_24_3,of_farneback__robust_ossm_ekf,0.6432119205298014,0.0,0.0,0.6432119205298014,0.0,0.050169825000051564,0.0,0.8940397350993378,0.0,1.0630201984316814,0.0008278145695364238,0.0,99.91721854304636,0.26644630473686504,60.4,1208.0,data/cohface_24_3.pkl
cohface_24_3,of_farneback__robust_ossm_ukf,0.6581125827814569,0.0,0.0,0.6581125827814569,0.6514900662251656,0.11907777674485269,0.0,0.9246688741721855,0.0,1.058167203333398,0.005794701986754967,0.0,99.91721854304636,0.22777648224250874,60.4,1208.0,data/cohface_24_3.pkl
cohface_24_3,profile1D linear,,,,,,,,,,,,,,,,,data/cohface_24_3.pkl
cohface_24_3,profile1d_linear__kfstd,,,,,,,,,,,,,,,60.4,,data/cohface_24_3.pkl
cohface_24_3,profile1d_linear__robust_ossm_ekf,0.8559602649006622,0.0,0.0,0.8559602649006622,0.0,0.006818099598555298,0.0,0.6100993377483444,0.0,1.0661831469338137,0.0,0.0,99.91721854304636,0.4292280548768661,60.4,1208.0,data/cohface_24_3.pkl
cohface_24_3,profile1d_linear__robust_ossm_ukf,0.9519867549668874,0.0,0.0033112582781456954,0.9519867549668874,0.0,0.06890823658027459,0.0,0.9511589403973509,0.0,1.0618047472630516,0.0,0.0,99.91721854304636,0.5135964853014985,60.4,1208.0,data/cohface_24_3.pkl
cohface_24_3,profile1D quadratic,,,,,,,,,,,,,,,,,data/cohface_24_3.pkl
cohface_24_3,profile1d_quadratic__kfstd,,,,,,,,,,,,,,,60.4,,data/cohface_24_3.pkl
cohface_24_3,profile1d_quadratic__robust_ossm_ekf,0.7458609271523179,0.0,0.0,0.7458609271523179,0.0,0.01145827677708037,0.0,0.6771523178807947,0.0,1.0658551886581762,0.0,0.0,99.91721854304636,0.4277913138970953,60.4,1208.0,data/cohface_24_3.pkl
cohface_24_3,profile1d_quadratic__robust_ossm_ukf,0.9519867549668874,0.0,0.0024834437086092716,0.9519867549668874,0.0,0.06771750770999928,0.0,0.9387417218543046,0.0,1.0618907791591736,0.0,0.0,99.91721854304636,0.5210146912204979,60.4,1208.0,data/cohface_24_3.pkl
cohface_24_3,profile1D cubic,,,,,,,,,,,,,,,,,data/cohface_24_3.pkl
cohface_24_3,profile1d_cubic__kfstd,,,,,,,,,,,,,,,60.4,,data/cohface_24_3.pkl
cohface_24_3,profile1d_cubic__robust_ossm_ekf,0.7417218543046358,0.0,0.0,0.7417218543046358,0.0,0.012646573097822897,0.0,0.7102649006622517,0.0,1.0657228842793813,0.0,0.0,99.91721854304636,0.4383822667327597,60.4,1208.0,data/cohface_24_3.pkl
cohface_24_3,profile1d_cubic__robust_ossm_ukf,0.9519867549668874,0.0,0.0033112582781456954,0.9519867549668874,0.0,0.06839706198317745,0.0,0.9437086092715232,0.0,1.0615866027699317,0.0,0.0,99.91721854304636,0.5204822637969334,60.4,1208.0,data/cohface_24_3.pkl
cohface_33_0,of_farneback,,,,,,,,,,,,,,,,,data/cohface_33_0.pkl
cohface_33_0,of_farneback__kfstd,,,,,,,,,,,,,,,60.8,,data/cohface_33_0.pkl
cohface_33_0,of_farneback__robust_ossm_ekf,0.2236842105263158,0.001644736842105263,0.0,0.16365131578947367,0.2236842105263158,0.8323231519302428,0.0,0.9161184210526315,1.2004105040005815e-05,1.0209157245890106,0.21299342105263158,0.0,95.72368421052632,0.11027862673643707,60.8,1216.0,data/cohface_33_0.pkl
cohface_33_0,of_farneback__robust_ossm_ukf,0.28536184210526316,0.001644736842105263,0.0,0.22615131578947367,0.28536184210526316,69335.05911228481,0.0,0.9251644736842105,0.0,1.0217482778537836,0.16611842105263158,0.008223684210526315,96.46381578947368,0.11316356270629324,60.8,1216.0,data/cohface_33_0.pkl
cohface_33_0,profile1D linear,,,,,,,,,,,,,,,,,data/cohface_33_0.pkl
cohface_33_0,profile1d_linear__kfstd,,,,,,,,,,,,,,,60.8,,data/cohface_33_0.pkl
cohface_33_0,profile1d_linear__robust_ossm_ekf,0.7212171052631579,0.0,0.0,0.7212171052631579,0.03289473684210526,0.23156169699329576,0.0,0.959703947368421,1.7715179758846717e-185,1.051208594715741,0.05838815789473684,0.0,83.79934210526316,0.1054745024704201,60.8,1216.0,data/cohface_33_0.pkl
cohface_33_0,profile1d_linear__robust_ossm_ukf,0.5164473684210527,0.001644736842105263,0.001644736842105263,0.5164473684210527,0.055098684210526314,3571.17321251442,0.0,0.928453947368421,0.0,1.0495418108456394,0.013157894736842105,0.007401315789473684,98.35526315789474,0.21618698498452413,24.35,1216.0,data/cohface_33_0.pkl
cohface_33_0,profile1D quadratic,,,,,,,,,,,,,,,,,data/cohface_33_0.pkl
cohface_33_0,profile1d_quadratic__kfstd,,,,,,,,,,,,,,,60.8,,data/cohface_33_0.pkl
cohface_33_0,profile1d_quadratic__robust_ossm_ekf,0.47286184210526316,0.0,0.0,0.47286184210526316,0.008223684210526315,0.03189404345207016,0.0,0.8717105263157895,0.0,1.0644165644349772,0.0,0.0,99.50657894736842,0.13201746534433534,60.8,1216.0,data/cohface_33_0.pkl
cohface_33_0,profile1d_quadratic__robust_ossm_ukf,0.7171052631578947,0.0,0.001644736842105263,0.7171052631578947,0.46710526315789475,0.07371916068191328,0.0,0.9037828947368421,0.0,1.0615002302320458,0.0,0.0,99.50657894736842,0.1582561991705637,60.8,1216.0,data/cohface_33_0.pkl
cohface_33_0,profile1D cubic,,,,,,,,,,,,,,,,,data/cohface_33_0.pkl
cohface_33_0,profile1d_cubic__kfstd,,,,,,,,,,,,,,,60.8,,data/cohface_33_0.pkl
cohface_33_0,profile1d_cubic__robust_ossm_ekf,0.49588815789473684,0.0,0.0,0.49588815789473684,0.008223684210526315,0.03336697725106573,0.0,0.8601973684210527,0.0,1.0641913199013435,0.0,0.0,99.50657894736842,0.131608802871157,60.8,1216.0,data/cohface_33_0.pkl
cohface_33_0,profile1d_cubic__robust_ossm_ukf,0.5888157894736842,0.0008223684210526315,0.0008223684210526315,0.5888157894736842,0.29194078947368424,2903.7142279189097,0.0,0.9161184210526315,0.0,1.0565955433216756,0.004111842105263158,0.004111842105263158,98.84868421052632,0.16160667011059796,39.1,1216.0,data/cohface_33_0.pkl
cohface_27_3,of_farneback,,,,,,,,,,,,,,,,,data/cohface_27_3.pkl
cohface_27_3,of_farneback__kfstd,,,,,,,,,,,,,,,61.75,,data/cohface_27_3.pkl
cohface_27_3,of_farneback__robust_ossm_ekf,0.6218623481781377,0.0,0.0,0.6218623481781377,0.0,0.19819254721452725,0.0,0.9117408906882591,3.800909331062137e-221,1.0539444085151919,0.03724696356275304,0.0,99.59514170040485,0.1626454974162203,61.75,1235.0,data/cohface_27_3.pkl
cohface_27_3,of_farneback__robust_ossm_ukf,0.4421052631578947,0.0,0.0,0.4421052631578947,0.0,0.1471138874375885,0.0,0.9214574898785425,2.118249483029535e-287,1.0564490416235608,0.022672064777327937,0.0,99.59514170040485,0.15072819091950723,61.75,1235.0,data/cohface_27_3.pkl
cohface_27_3,profile1D linear,,,,,,,,,,,,,,,,,data/cohface_27_3.pkl
cohface_27_3,profile1d_linear__kfstd,,,,,,,,,,,,,,,61.75,,data/cohface_27_3.pkl
cohface_27_3,profile1d_linear__robust_ossm_ekf,0.32793522267206476,0.0,0.0,0.32793522267206476,0.019433198380566803,0.11295125345224778,0.0,0.8987854251012146,0.0,1.0589030039763787,0.021052631578947368,0.0,99.59514170040485,0.14513557625177112,61.75,1235.0,data/cohface_27_3.pkl
cohface_27_3,profile1d_linear__robust_ossm_ukf,0.6510121457489878,0.0,0.0024291497975708503,0.6510121457489878,0.012955465587044534,0.09448112458562284,0.0,0.891497975708502,0.0,1.0601028979854532,0.006477732793522267,0.0,99.59514170040485,0.27576971950677165,61.75,1235.0,data/cohface_27_3.pkl
cohface_27_3,profile1D quadratic,,,,,,,,,,,,,,,,,data/cohface_27_3.pkl
cohface_27_3,profile1d_quadratic__kfstd,,,,,,,,,,,,,,,61.75,,data/cohface_27_3.pkl
cohface_27_3,profile1d_quadratic__robust_ossm_ekf,0.9530364372469635,0.0,0.0,0.9530364372469635,0.0,0.01142722865094063,0.0,0.7546558704453441,0.0,1.0658563868924864,0.0,0.0,99.59514170040485,0.23031650866180878,61.75,1235.0,data/cohface_27_3.pkl
cohface_27_3,profile1d_quadratic__robust_ossm_ukf,0.6963562753036437,0.0,0.0,0.6963562753036437,0.4477732793522267,0.055873000379531135,0.0,0.91417004048583,0.0,1.0627217098776045,0.0,0.0,99.27125506072875,0.1837832978018712,61.75,1235.0,data/cohface_27_3.pkl
cohface_27_3,profile1D cubic,,,,,,,,,,,,,,,,,data/cohface_27_3.pkl
cohface_27_3,profile1d_cubic__kfstd,,,,,,,,,,,,,,,61.75,,data/cohface_27_3.pkl
cohface_27_3,profile1d_cubic__robust_ossm_ekf,0.9530364372469635,0.0,0.0,0.9530364372469635,0.0,0.011566283474509859,0.0,0.751417004048583,0.0,1.0658001801056443,0.0,0.0,99.59514170040485,0.2315748825882145,61.75,1235.0,data/cohface_27_3.pkl
cohface_27_3,profile1d_cubic__robust_ossm_ukf,0.7012145748987855,0.0,0.0,0.7012145748987855,0.448582995951417,0.056342326678207995,0.0,0.91417004048583,0.0,1.0624672878773198,0.0,0.0,99.27125506072875,0.18353780517624602,61.75,1235.0,data/cohface_27_3.pkl
cohface_16_3,of_farneback,,,,,,,,,,,,,,,,,data/cohface_16_3.pkl
cohface_16_3,of_farneback__kfstd,,,,,,,,,,,,,,,61.4,,data/cohface_16_3.pkl
cohface_16_3,of_farneback__robust_ossm_ekf,0.4723127035830619,0.0,0.0,0.43485342019543977,0.4723127035830619,0.5467949309944103,0.0,0.9381107491856677,5.297794407678689e-42,1.0334149016112848,0.1270358306188925,0.0,99.7557003257329,0.09460094427170158,61.4,1228.0,data/cohface_16_3.pkl
cohface_16_3,of_farneback__robust_ossm_ukf,0.49185667752442996,0.0,0.0008143322475570033,0.48778501628664495,0.49185667752442996,0.20810609419261697,0.0,0.9364820846905537,1.583676364567246e-209,1.0523062639580014,0.050488599348534204,0.0,99.7557003257329,0.11773324999367271,61.4,1228.0,data/cohface_16_3.pkl
cohface_16_3,profile1D linear,,,,,,,,,,,,,,,,,data/cohface_16_3.pkl
cohface_16_3,profile1d_linear__kfstd,,,,,,,,,,,,,,,61.4,,data/cohface_16_3.pkl
cohface_16_3,profile1d_linear__robust_ossm_ekf,0.7198697068403909,0.0,0.0,0.7198697068403909,0.0,0.03940189772742173,0.0,0.8754071661237784,0.0,1.0638855365773492,0.0,0.0,99.7557003257329,0.149394385243145,61.4,1228.0,data/cohface_16_3.pkl
cohface_16_3,profile1d_linear__robust_ossm_ukf,0.6710097719869706,0.0008143322475570033,0.0024429967426710096,0.6710097719869706,0.13436482084690554,15718.873714680942,0.0,0.9250814332247557,0.0,1.0570053504848314,0.004885993485342019,0.004071661237785016,99.1042345276873,0.21719207908559615,56.8,1228.0,data/cohface_16_3.pkl
cohface_16_3,profile1D quadratic,,,,,,,,,,,,,,,,,data/cohface_16_3.pkl
cohface_16_3,profile1d_quadratic__kfstd,,,,,,,,,,,,,,,61.4,,data/cohface_16_3.pkl
cohface_16_3,profile1d_quadratic__robust_ossm_ekf,0.7337133550488599,0.0,0.0,0.7337133550488599,0.1482084690553746,0.061727614684476864,0.0,0.9055374592833876,0.0,1.0623296289486086,0.0,0.0,99.7557003257329,0.1474516478557868,61.4,1228.0,data/cohface_16_3.pkl
cohface_16_3,profile1d_quadratic__robust_ossm_ukf,0.8070032573289903,0.0008143322475570033,0.0024429967426710096,0.8070032573289903,0.09120521172638436,5036.5364287523935,0.0,0.8501628664495114,0.0,1.055556470480264,0.009771986970684038,0.003257328990228013,98.61563517915309,0.23221521875291182,56.6,1228.0,data/cohface_16_3.pkl
cohface_16_3,profile1D cubic,,,,,,,,,,,,,,,,,data/cohface_16_3.pkl
cohface_16_3,profile1d_cubic__kfstd,,,,,,,,,,,,,,,61.4,,data/cohface_16_3.pkl
cohface_16_3,profile1d_cubic__robust_ossm_ekf,0.6775244299674267,0.0,0.0,0.6775244299674267,0.08306188925081433,0.05150321195133394,0.0,0.9096091205211726,0.0,1.0628763973124147,0.0,0.0,99.7557003257329,0.1343525426019826,61.4,1228.0,data/cohface_16_3.pkl
cohface_16_3,profile1d_cubic__robust_ossm_ukf,0.8013029315960912,0.0008143322475570033,0.0024429967426710096,0.8013029315960912,0.10993485342019543,3067.0109059460833,0.0,0.8754071661237784,0.0,1.056678461013186,0.004071661237785016,0.004071661237785016,99.1042345276873,0.21065920364307872,51.95,1228.0,data/cohface_16_3.pkl
cohface_24_2,of_farneback,,,,,,,,,,,,,,,,,data/cohface_24_2.pkl
cohface_24_2,of_farneback__kfstd,,,,,,,,,,,,,,,60.6,,data/cohface_24_2.pkl
cohface_24_2,of_farneback__robust_ossm_ekf,0.7797029702970297,0.0,0.0,0.7797029702970297,0.0,0.026178649055832434,0.0,0.8292079207920792,0.0,1.0647370117474872,0.0,0.0,99.91749174917491,0.27244089815012495,60.6,1212.0,data/cohface_24_2.pkl
cohface_24_2,of_farneback__robust_ossm_ukf,0.6988448844884488,0.0,0.0,0.6988448844884488,0.0,0.1383565556011412,0.0,0.9381188118811881,6.172550065968753e-296,1.056868667697054,0.01155115511551155,0.0,99.91749174917491,0.24673885979534216,60.6,1212.0,data/cohface_24_2.pkl
cohface_24_2,profile1D linear,,,,,,,,,,,,,,,,,data/cohface_24_2.pkl
cohface_24_2,profile1d_linear__kfstd,,,,,,,,,,,,,,,60.6,,data/cohface_24_2.pkl
cohface_24_2,profile1d_linear__robust_ossm_ekf,0.9521452145214522,0.0,0.0,0.9521452145214522,0.0,0.00330203602979877,0.0,0.5610561056105611,0.0,1.066432053584256,0.0,0.0,99.91749174917491,0.4277911104608983,60.6,1212.0,data/cohface_24_2.pkl
cohface_24_2,profile1d_linear__robust_ossm_ukf,0.9521452145214522,0.0,0.0049504950495049506,0.9521452145214522,0.0,0.07065350698953841,0.0,0.9587458745874587,0.0,1.0616785509917643,0.0,0.0,99.91749174917491,0.4354138393376764,60.6,1212.0,data/cohface_24_2.pkl
cohface_24_2,profile1D quadratic,,,,,,,,,,,,,,,,,data/cohface_24_2.pkl
cohface_24_2,profile1d_quadratic__kfstd,,,,,,,,,,,,,,,60.6,,data/cohface_24_2.pkl
cohface_24_2,profile1d_quadratic__robust_ossm_ekf,0.9521452145214522,0.0,0.0,0.9521452145214522,0.0,0.00383791740313901,0.0,0.5981848184818482,0.0,1.0663939912198581,0.0,0.0,99.91749174917491,0.42429516213989904,60.6,1212.0,data/cohface_24_2.pkl
cohface_24_2,profile1d_quadratic__robust_ossm_ukf,0.9521452145214522,0.0,0.01155115511551155,0.9521452145214522,0.0,0.07845859669834836,0.0,0.9546204620462047,0.0,1.0611350373132937,0.0,0.0,99.91749174917491,0.43885601143345054,60.6,1212.0,data/cohface_24_2.pkl
cohface_24_2,profile1D cubic,,,,,,,,,,,,,,,,,data/cohface_24_2.pkl
cohface_24_2,profile1d_cubic__kfstd,,,,,,,,,,,,,,,60.6,,data/cohface_24_2.pkl
cohface_24_2,profile1d_cubic__robust_ossm_ekf,0.9521452145214522,0.0,0.0,0.9521452145214522,0.0,0.0040812884329554785,0.0,0.6039603960396039,0.0,1.0663600160062134,0.0,0.0,99.91749174917491,0.4220887159598552,60.6,1212.0,data/cohface_24_2.pkl
cohface_24_2,profile1d_cubic__robust_ossm_ukf,0.9521452145214522,0.0,0.012376237623762377,0.9521452145214522,0.0,0.079165261485703,0.0,0.9570957095709571,0.0,1.0607841393818709,0.0,0.0,99.91749174917491,0.4387500810687753,60.6,1212.0,data/cohface_24_2.pkl
cohface_35_0,of_farneback,,,,,,,,,,,,,,,,,data/cohface_35_0.pkl
cohface_35_0,of_farneback__kfstd,,,,,,,,,,,,,,,61.75,,data/cohface_35_0.pkl
cohface_35_0,of_farneback__robust_ossm_ekf,0.31983805668016196,0.0016194331983805667,0.0008097165991902834,0.31983805668016196,0.0931174089068826,0.4994417382597135,0.0,0.9360323886639677,7.215073543451195e-54,1.0394315367237048,0.08097165991902834,0.0,96.92307692307692,0.15078224190580272,61.75,1235.0,data/cohface_35_0.pkl
cohface_35_0,of_farneback__robust_ossm_ukf,0.5133603238866397,0.0008097165991902834,0.0016194331983805667,0.5133603238866397,0.1757085020242915,522.2392119913559,0.0,0.9004048582995952,0.0,1.040021178100222,0.08178137651821862,0.004858299595141701,98.94736842105263,0.1729838574436436,61.75,1235.0,data/cohface_35_0.pkl
cohface_35_0,profile1D linear,,,,,,,,,,,,,,,,,data/cohface_35_0.pkl
cohface_35_0,profile1d_linear__kfstd,,,,,,,,,,,,,,,61.75,,data/cohface_35_0.pkl
cohface_35_0,profile1d_linear__robust_ossm_ekf,0.697165991902834,0.0,0.0,0.697165991902834,0.004858299595141701,0.3054103584326934,0.0,0.9360323886639677,7.128071297079782e-134,1.046642958493958,0.08178137651821862,0.0,79.35222672064778,0.13811641706819125,61.75,1235.0,data/cohface_35_0.pkl
cohface_35_0,profile1d_linear__robust_ossm_ukf,0.6518218623481782,0.0008097165991902834,0.0024291497975708503,0.6518218623481782,0.07935222672064778,57093.89282411377,0.0,0.8842105263157894,0.0,1.0508920180286734,0.011336032388663968,0.005668016194331984,98.70445344129554,0.3033362633741971,41.15,1235.0,data/cohface_35_0.pkl
cohface_35_0,profile1D quadratic,,,,,,,,,,,,,,,,,data/cohface_35_0.pkl
cohface_35_0,profile1d_quadratic__kfstd,,,,,,,,,,,,,,,61.75,,data/cohface_35_0.pkl
cohface_35_0,profile1d_quadratic__robust_ossm_ekf,0.497165991902834,0.0,0.0,0.497165991902834,0.07773279352226721,0.16466587340211494,0.0,0.9473684210526315,7.153689319184471e-262,1.0555818997031525,0.03319838056680162,0.0,100.0,0.27497474282113255,61.75,1235.0,data/cohface_35_0.pkl
cohface_35_0,profile1d_quadratic__robust_ossm_ukf,0.6550607287449393,0.0,0.006477732793522267,0.6550607287449393,0.025101214574898785,0.14069318571933578,0.0,0.9101214574898785,1.1942246354401245e-297,1.0569937135037193,0.017813765182186234,0.0,98.46153846153847,0.44982704727449624,61.75,1235.0,data/cohface_35_0.pkl
cohface_35_0,profile1D cubic,,,,,,,,,,,,,,,,,data/cohface_35_0.pkl
cohface_35_0,profile1d_cubic__kfstd,,,,,,,,,,,,,,,61.75,,data/cohface_35_0.pkl
cohface_35_0,profile1d_cubic__robust_ossm_ekf,0.620242914979757,0.0,0.0,0.620242914979757,0.06882591093117409,0.4945533387535943,0.0,0.9408906882591093,3.3670023109979026e-55,1.0373119765354881,0.15546558704453442,0.0,81.70040485829959,0.2577272277442519,61.75,1235.0,data/cohface_35_0.pkl
cohface_35_0,profile1d_cubic__robust_ossm_ukf,0.6728744939271255,0.0,0.005668016194331984,0.6728744939271255,0.021052631578947368,0.10616368822907125,0.0,0.9109311740890689,0.0,1.0590079256648914,0.0024291497975708503,0.0,98.78542510121457,0.4424721309814331,61.75,1235.0,data/cohface_35_0.pkl
cohface_20_3,of_farneback,,,,,,,,,,,,,,,,,data/cohface_20_3.pkl
cohface_20_3,of_farneback__kfstd,,,,,,,,,,,,,,,60.45,,data/cohface_20_3.pkl
cohface_20_3,of_farneback__robust_ossm_ekf,0.5384615384615384,0.0,0.0,0.5384615384615384,0.0,0.11391639269106277,0.0,0.9081885856079405,0.0,1.0586516175696863,0.015715467328370553,0.0,99.9172870140612,0.19435021192751925,60.45,1209.0,data/cohface_20_3.pkl
cohface_20_3,of_farneback__robust_ossm_ukf,0.5028949545078577,0.0,0.0,0.5028949545078577,0.0206782464846981,0.15947098103025756,0.0,0.8966087675765095,1.8727102358563213e-263,1.055695910164039,0.03225806451612903,0.0,99.9172870140612,0.17585271091081714,60.45,1209.0,data/cohface_20_3.pkl
cohface_20_3,profile1D linear,,,,,,,,,,,,,,,,,data/cohface_20_3.pkl
cohface_20_3,profile1d_linear__kfstd,,,,,,,,,,,,,,,60.45,,data/cohface_20_3.pkl
cohface_20_3,profile1d_linear__robust_ossm_ekf,0.8395368072787428,0.0,0.0,0.8395368072787428,0.005789909015715467,0.20128741292906321,0.0,0.8767576509511993,2.834894098983466e-213,1.053412069282923,0.04797353184449959,0.0,67.16294458229942,0.21620207036268302,60.45,1209.0,data/cohface_20_3.pkl
cohface_20_3,profile1d_linear__robust_ossm_ukf,0.8229942100909843,0.0,0.0016542597187758478,0.8229942100909843,0.0,0.16361992554842272,0.0,0.9387923904052936,8.478077676628764e-258,1.055445539560726,0.0206782464846981,0.0,99.9172870140612,0.39419824951267884,60.45,1209.0,data/cohface_20_3.pkl
cohface_20_3,profile1D quadratic,,,,,,,,,,,,,,,,,data/cohface_20_3.pkl
cohface_20_3,profile1d_quadratic__kfstd,,,,,,,,,,,,,,,60.45,,data/cohface_20_3.pkl
cohface_20_3,profile1d_quadratic__robust_ossm_ekf,0.8999172870140613,0.0,0.0,0.8999172870140613,0.0,0.012289735340274732,0.0,0.7675765095119934,0.0,1.0657959629703442,0.0,0.0,99.9172870140612,0.29710543241405085,60.45,1209.0,data/cohface_20_3.pkl
cohface_20_3,profile1d_quadratic__robust_ossm_ukf,0.7551695616211745,0.0,0.0016542597187758478,0.7551695616211745,0.3349875930521092,0.06753096471460923,0.0,0.9321753515301903,0.0,1.0619146732158153,0.0,0.0,99.9172870140612,0.21972175305752853,60.45,1209.0,data/cohface_20_3.pkl
cohface_20_3,profile1D cubic,,,,,,,,,,,,,,,,,data/cohface_20_3.pkl
cohface_20_3,profile1d_cubic__kfstd,,,,,,,,,,,,,,,60.45,,data/cohface_20_3.pkl
cohface_20_3,profile1d_cubic__robust_ossm_ekf,0.8999172870140613,0.0,0.0,0.8999172870140613,0.0,0.012862488114709171,0.0,0.770885028949545,0.0,1.0657056149759054,0.0,0.0,99.9172870140612,0.29594334274493406,60.45,1209.0,data/cohface_20_3.pkl
cohface_20_3,profile1d_cubic__robust_ossm_ukf,0.7551695616211745,0.0,0.0016542597187758478,0.7551695616211745,0.29114971050454924,0.06776880728275667,0.0,0.9396195202646815,0.0,1.0616530702933145,0.0,0.0,99.9172870140612,0.22065122451218133,60.45,1209.0,data/cohface_20_3.pkl
cohface_19_3,of_farneback,,,,,,,,,,,,,,,,,data/cohface_19_3.pkl
cohface_19_3,of_farneback__kfstd,,,,,,,,,,,,,,,60.5,,data/cohface_19_3.pkl
cohface_19_3,of_farneback__robust_ossm_ekf,0.2066115702479339,0.0,0.0,0.2066115702479339,0.024793388429752067,0.22017702020256297,0.0,0.9446280991735537,7.813681213766141e-195,1.0524724647943626,0.033884297520661154,0.0,99.33884297520662,0.17063792220152527,60.5,1210.0,data/cohface_19_3.pkl
cohface_19_3,of_farneback__robust_ossm_ukf,0.22727272727272727,0.0,0.0,0.22727272727272727,0.023140495867768594,0.18112926142552638,0.0,0.9388429752066115,6.8784064687225e-236,1.0545256280567943,0.0371900826446281,0.0,99.50413223140495,0.16775918543414042,60.5,1210.0,data/cohface_19_3.pkl
cohface_19_3,profile1D linear,,,,,,,,,,,,,,,,,data/cohface_19_3.pkl
cohface_19_3,profile1d_linear__kfstd,,,,,,,,,,,,,,,60.5,,data/cohface_19_3.pkl
cohface_19_3,profile1d_linear__robust_ossm_ekf,0.8834710743801653,0.0,0.0,0.8834710743801653,0.0,0.020741618479864568,0.0,0.8190082644628099,0.0,1.0652013001098655,0.0,0.0,99.50413223140495,0.28464526222282677,60.5,1210.0,data/cohface_19_3.pkl
cohface_19_3,profile1d_linear__robust_ossm_ukf,0.9520661157024793,0.0,0.004132231404958678,0.9520661157024793,0.0,0.0847731254435332,0.0,0.9446280991735537,0.0,1.060703306290885,0.0,0.0,99.50413223140495,0.3860161205105019,60.5,1210.0,data/cohface_19_3.pkl
cohface_19_3,profile1D quadratic,,,,,,,,,,,,,,,,,data/cohface_19_3.pkl
cohface_19_3,profile1d_quadratic__kfstd,,,,,,,,,,,,,,,60.5,,data/cohface_19_3.pkl
cohface_19_3,profile1d_quadratic__robust_ossm_ekf,0.9173553719008265,0.0,0.0,0.9173553719008265,0.0,0.026272101714985802,0.0,0.8066115702479338,0.0,1.0648516445744978,0.0024793388429752068,0.0,99.50413223140495,0.23941027400090145,60.5,1210.0,data/cohface_19_3.pkl
cohface_19_3,profile1d_quadratic__robust_ossm_ukf,0.7223140495867768,0.0,0.006611570247933884,0.7223140495867768,0.01818181818181818,0.08870043746856021,0.0,0.9396694214876034,0.0,1.0604707001017004,0.0024793388429752068,0.0,99.50413223140495,0.26187901637792954,60.5,1210.0,data/cohface_19_3.pkl
cohface_19_3,profile1D cubic,,,,,,,,,,,,,,,,,data/cohface_19_3.pkl
cohface_19_3,profile1d_cubic__kfstd,,,,,,,,,,,,,,,60.5,,data/cohface_19_3.pkl
cohface_19_3,profile1d_cubic__robust_ossm_ekf,0.9165289256198347,0.0,0.0,0.9165289256198347,0.0,0.02717140452478288,0.0,0.8090909090909091,0.0,1.064708643645636,0.0024793388429752068,0.0,99.50413223140495,0.2386689225591586,60.5,1210.0,data/cohface_19_3.pkl
cohface_19_3,profile1d_cubic__robust_ossm_ukf,0.6892561983471074,0.0,0.0049586776859504135,0.6892561983471074,0.032231404958677684,0.09301979040742293,0.0,0.9388429752066115,0.0,1.0598702419931696,0.0024793388429752068,0.0,99.50413223140495,0.26077146031744214,60.5,1210.0,data/cohface_19_3.pkl
cohface_2_3,of_farneback,,,,,,,,,,,,,,,,,data/cohface_2_3.pkl
cohface_2_3,of_farneback__kfstd,,,,,,,,,,,,,,,60.45,,data/cohface_2_3.pkl
cohface_2_3,of_farneback__robust_ossm_ekf,0.20264681555004135,0.0024813895781637717,0.0,0.20264681555004135,0.07196029776674938,0.6925301330204271,0.0,0.9032258064516129,1.9224178011872342e-17,1.034646350627178,0.08933002481389578,0.0024813895781637717,98.75930521091811,0.13563951978625627,60.45,1209.0,data/cohface_2_3.pkl
cohface_2_3,of_farneback__robust_ossm_ukf,0.37138130686517784,0.0016542597187758478,0.0,0.3548387096774194,0.37138130686517784,0.6136913598712782,0.0,0.9073614557485525,1.429332458024832e-28,1.036043011573883,0.10339123242349049,0.0,98.9247311827957,0.13926514059219405,60.45,1209.0,data/cohface_2_3.pkl
cohface_2_3,profile1D linear,,,,,,,,,,,,,,,,,data/cohface_2_3.pkl
cohface_2_3,profile1d_linear__kfstd,,,,,,,,,,,,,,,60.45,,data/cohface_2_3.pkl
cohface_2_3,profile1d_linear__robust_ossm_ekf,0.8966087675765095,0.0,0.0,0.7998345740281224,0.8966087675765095,0.13773573392063695,0.0,0.9429280397022333,3.163789687804034e-296,1.0572801596175665,0.0206782464846981,0.0,96.52605459057072,0.11033619785872759,60.45,1209.0,data/cohface_2_3.pkl
cohface_2_3,profile1d_linear__robust_ossm_ukf,0.8387096774193549,0.0,0.0041356492969396195,0.8387096774193549,0.0,0.0844596338476342,0.0,0.9205955334987593,0.0,1.0609050646782048,0.011579818031430935,0.0,99.66914805624484,0.27334781546287157,60.45,1209.0,data/cohface_2_3.pkl
cohface_2_3,profile1D quadratic,,,,,,,,,,,,,,,,,data/cohface_2_3.pkl
cohface_2_3,profile1d_quadratic__kfstd,,,,,,,,,,,,,,,60.45,,data/cohface_2_3.pkl
cohface_2_3,profile1d_quadratic__robust_ossm_ekf,0.890818858560794,0.0,0.0,0.890818858560794,0.8064516129032258,0.1100001596566449,0.0,0.9487179487179487,0.0,1.0590525545854061,0.008271298593879239,0.0,99.42100909842846,0.1202038302780488,60.45,1209.0,data/cohface_2_3.pkl
cohface_2_3,profile1d_quadratic__robust_ossm_ukf,0.8105872622001654,0.0008271298593879239,0.0024813895781637717,0.8105872622001654,0.014061207609594707,880.3882400260592,0.0,0.9197684036393714,0.0,1.0566309960661666,0.008271298593879239,0.0041356492969396195,99.33829611248966,0.24188447782495737,53.85,1209.0,data/cohface_2_3.pkl
cohface_2_3,profile1D cubic,,,,,,,,,,,,,,,,,data/cohface_2_3.pkl
cohface_2_3,profile1d_cubic__kfstd,,,,,,,,,,,,,,,60.45,,data/cohface_2_3.pkl
cohface_2_3,profile1d_cubic__robust_ossm_ekf,0.890818858560794,0.0,0.0,0.890818858560794,0.8072787427626137,0.13817027027173986,0.0,0.9520264681555004,1.6341442209929879e-295,1.0567794534897588,0.009098428453267164,0.0,94.5409429280397,0.10566144078953324,60.45,1209.0,data/cohface_2_3.pkl
cohface_2_3,profile1d_cubic__robust_ossm_ukf,0.8064516129032258,0.0008271298593879239,0.0033085194375516956,0.8064516129032258,0.01240694789081886,470.1020611382711,0.0,0.9230769230769231,0.0,1.0563727432357268,0.008271298593879239,0.0041356492969396195,99.09015715467328,0.2429102797381199,53.95,1209.0,data/cohface_2_3.pkl
cohface_16_2,of_farneback,,,,,,,,,,,,,,,,,data/cohface_16_2.pkl
cohface_16_2,of_farneback__kfstd,,,,,,,,,,,,,,,61.6,,data/cohface_16_2.pkl
cohface_16_2,of_farneback__robust_ossm_ekf,0.3400974025974026,0.0,0.0,0.3400974025974026,0.0,0.13032231372867426,0.0,0.9326298701298701,0.0,1.0573768735424476,0.0008116883116883117,0.0,99.59415584415585,0.12633991768032624,61.6,1232.0,data/cohface_16_2.pkl
cohface_16_2,of_farneback__robust_ossm_ukf,0.38555194805194803,0.0,0.0,0.38555194805194803,0.0,0.10430358394814072,0.0,0.9196428571428571,0.0,1.0591759287427145,0.0008116883116883117,0.0,99.59415584415585,0.12649671398783843,61.6,1232.0,data/cohface_16_2.pkl
cohface_16_2,profile1D linear,,,,,,,,,,,,,,,,,data/cohface_16_2.pkl
cohface_16_2,profile1d_linear__kfstd,,,,,,,,,,,,,,,61.6,,data/cohface_16_2.pkl
cohface_16_2,profile1d_linear__robust_ossm_ekf,0.8823051948051948,0.0,0.0,0.8823051948051948,0.0,0.01786400803552893,0.0,0.7435064935064936,0.0,1.0654017676856136,0.0,0.0,99.59415584415585,0.1632714167363743,61.6,1232.0,data/cohface_16_2.pkl
cohface_16_2,profile1d_linear__robust_ossm_ukf,0.7321428571428571,0.0008116883116883117,0.002435064935064935,0.7321428571428571,0.17857142857142858,5100.879264695198,0.0,0.9204545454545454,0.0,1.0553120501378437,0.01461038961038961,0.003246753246753247,93.91233766233766,0.18675698028038137,46.8,1232.0,data/cohface_16_2.pkl
cohface_16_2,profile1D quadratic,,,,,,,,,,,,,,,,,data/cohface_16_2.pkl
cohface_16_2,profile1d_quadratic__kfstd,,,,,,,,,,,,,,,61.6,,data/cohface_16_2.pkl
cohface_16_2,profile1d_quadratic__robust_ossm_ekf,0.952922077922078,0.0,0.0,0.952922077922078,0.0,0.01906319405556378,0.0,0.8173701298701299,0.0,1.0653171747759913,0.0,0.0,99.59415584415585,0.1743764500725911,61.6,1232.0,data/cohface_16_2.pkl
cohface_16_2,profile1d_quadratic__robust_ossm_ukf,0.7451298701298701,0.0008116883116883117,0.0008116883116883117,0.7451298701298701,0.16233766233766234,270305.2989238992,0.0,0.8790584415584416,0.0,1.056699587427013,0.006493506493506494,0.005681818181818182,98.86363636363636,0.18040832856774178,46.0,1232.0,data/cohface_16_2.pkl
cohface_16_2,profile1D cubic,,,,,,,,,,,,,,,,,data/cohface_16_2.pkl
cohface_16_2,profile1d_cubic__kfstd,,,,,,,,,,,,,,,61.6,,data/cohface_16_2.pkl
cohface_16_2,profile1d_cubic__robust_ossm_ekf,0.952922077922078,0.0,0.0,0.952922077922078,0.0,0.019108206473292522,0.0,0.8368506493506493,0.0,1.0652402009790725,0.0,0.0,99.59415584415585,0.16501467459890115,61.6,1232.0,data/cohface_16_2.pkl
cohface_16_2,profile1d_cubic__robust_ossm_ukf,0.7086038961038961,0.0008116883116883117,0.0016233766233766235,0.7086038961038961,0.20292207792207792,5597.500012533045,0.0,0.8863636363636364,0.0,1.0575670102316854,0.005681818181818182,0.004058441558441558,98.86363636363636,0.17418261275885233,46.25,1232.0,data/cohface_16_2.pkl
cohface_18_0,of_farneback,,,,,,,,,,,,,,,,,data/cohface_18_0.pkl
cohface_18_0,of_farneback__kfstd,,,,,,,,,,,,,,,62.15,,data/cohface_18_0.pkl
cohface_18_0,of_farneback__robust_ossm_ekf,0.4666130329847144,0.0008045052292839903,0.0008045052292839903,0.4666130329847144,0.04022526146419952,0.5255934959981797,0.0,0.909895414320193,1.8210841581086893e-47,1.036602379041893,0.1423974255832663,0.0,98.47144006436042,0.22342579604201157,62.15,1243.0,data/cohface_18_0.pkl
cohface_18_0,of_farneback__robust_ossm_ukf,0.5124698310539019,0.0008045052292839903,0.0008045052292839903,0.5124698310539019,0.1255028157683025,2051.0394876548917,0.0,0.9267900241351569,0.0,1.0401781393220169,0.08769106999195495,0.004022526146419952,98.23008849557522,0.22775710714257397,62.15,1243.0,data/cohface_18_0.pkl
cohface_18_0,profile1D linear,,,,,,,,,,,,,,,,,data/cohface_18_0.pkl
cohface_18_0,profile1d_linear__kfstd,,,,,,,,,,,,,,,31.5,,data/cohface_18_0.pkl
cohface_18_0,profile1d_linear__robust_ossm_ekf,0.7224456958970233,0.0,0.0,0.7224456958970233,0.035398230088495575,0.4821603322543414,0.0,0.9855189058728882,4.628202598054861e-59,1.0351114865808904,0.10539018503620273,0.0,24.456958970233305,0.10003436656181645,62.15,1243.0,data/cohface_18_0.pkl
cohface_18_0,profile1d_linear__robust_ossm_ukf,0.5333869670152857,0.0,0.0,0.5084473049074819,0.5333869670152857,0.13512335651010585,0.0,0.9259855189058729,5.74608750278183e-309,1.0573648905227089,0.016090104585679808,0.0,91.4722445695897,0.1974098518422164,62.15,1243.0,data/cohface_18_0.pkl
cohface_18_0,profile1D quadratic,,,,,,,,,,,,,,,,,data/cohface_18_0.pkl
cohface_18_0,profile1d_quadratic__kfstd,,,,,,,,,,,,,,,62.15,,data/cohface_18_0.pkl
cohface_18_0,profile1d_quadratic__robust_ossm_ekf,0.46098149637972646,0.0,0.0,0.46098149637972646,0.22767497988736926,0.10506746928257138,0.0,0.911504424778761,0.0,1.0593684552039753,0.006436041834271922,0.0,82.05953338696702,0.21349735259660513,62.15,1243.0,data/cohface_18_0.pkl
cohface_18_0,profile1d_quadratic__robust_ossm_ukf,0.47144006436041835,0.0,0.004022526146419952,0.45374094931617054,0.47144006436041835,0.06753439131797935,0.0,0.9420756234915527,0.0,1.0619212687122819,0.0008045052292839903,0.0,100.0,0.22894142856552688,62.15,1243.0,data/cohface_18_0.pkl
cohface_18_0,profile1D cubic,,,,,,,,,,,,,,,,,data/cohface_18_0.pkl
cohface_18_0,profile1d_cubic__kfstd,,,,,,,,,,,,,,,62.15,,data/cohface_18_0.pkl
cohface_18_0,profile1d_cubic__robust_ossm_ekf,0.4432823813354787,0.0,0.0008045052292839903,0.4432823813354787,0.06275140788415125,0.10407816196020671,0.0,0.9243765084473049,0.0,1.0591103278126632,0.0008045052292839903,0.0,75.62349155269509,0.1493300493587568,62.15,1243.0,data/cohface_18_0.pkl
cohface_18_0,profile1d_cubic__robust_ossm_ukf,0.5567176186645213,0.0,0.0,0.5567176186645213,0.35398230088495575,0.07088282328113729,0.0,0.9348350764279968,0.0,1.0614433074231575,0.0008045052292839903,0.0,100.0,0.25033451215413394,62.15,1243.0,data/cohface_18_0.pkl
cohface_9_0,of_farneback,,,,,,,,,,,,,,,,,data/cohface_9_0.pkl
cohface_9_0,of_farneback__kfstd,,,,,,,,,,,,,,,61.25,,data/cohface_9_0.pkl
cohface_9_0,of_farneback__robust_ossm_ekf,0.21306122448979592,0.0,0.0,0.21306122448979592,0.00816326530612245,0.18170389962567216,0.0,0.9420408163265306,4.236279550042436e-238,1.0539450753547346,0.024489795918367346,0.0,98.93877551020408,0.11788086753111823,61.25,1225.0,data/cohface_9_0.pkl
cohface_9_0,of_farneback__robust_ossm_ukf,0.17469387755102042,0.0,0.0,0.17469387755102042,0.026938775510204082,0.16490006933756682,0.0,0.9404081632653061,1.884742067310928e-259,1.055114310630482,0.019591836734693877,0.0,98.93877551020408,0.11205642055159694,61.25,1225.0,data/cohface_9_0.pkl
cohface_9_0,profile1D linear,,,,,,,,,,,,,,,,,data/cohface_9_0.pkl
cohface_9_0,profile1d_linear__kfstd,,,,,,,,,,,,,,,55.1,,data/cohface_9_0.pkl
cohface_9_0,profile1d_linear__robust_ossm_ekf,0.6579591836734694,0.0,0.0,0.6579591836734694,0.0,0.029124184942349113,0.0,0.806530612244898,0.0,1.0646149073112752,0.0,0.0,98.93877551020408,0.15633523442077135,61.25,1225.0,data/cohface_9_0.pkl
cohface_9_0,profile1d_linear__robust_ossm_ukf,0.4995918367346939,0.0,0.0008163265306122449,0.4995918367346939,0.19591836734693877,0.06950071913232518,0.0,0.9526530612244898,0.0,1.0617735083646949,0.0,0.0,98.93877551020408,0.18949273115303827,61.25,1225.0,data/cohface_9_0.pkl
cohface_9_0,profile1D quadratic,,,,,,,,,,,,,,,,,data/cohface_9_0.pkl
cohface_9_0,profile1d_quadratic__kfstd,,,,,,,,,,,,,,,55.1,,data/cohface_9_0.pkl
cohface_9_0,profile1d_quadratic__robust_ossm_ekf,0.42857142857142855,0.0,0.0,0.42857142857142855,0.0,0.04033061311574502,0.0,0.8473469387755102,0.0,1.0638340450259585,0.0008163265306122449,0.0,98.93877551020408,0.12759077135019364,61.25,1225.0,data/cohface_9_0.pkl
cohface_9_0,profile1d_quadratic__robust_ossm_ukf,0.49551020408163265,0.0,0.0008163265306122449,0.49551020408163265,0.20653061224489797,0.07885766061952658,0.0,0.9355102040816327,0.0,1.0611401510389884,0.0008163265306122449,0.0,98.93877551020408,0.18934074946911492,61.25,1225.0,data/cohface_9_0.pkl
cohface_9_0,profile1D cubic,,,,,,,,,,,,,,,,,data/cohface_9_0.pkl
cohface_9_0,profile1d_cubic__kfstd,,,,,,,,,,,,,,,55.15,,data/cohface_9_0.pkl
cohface_9_0,profile1d_cubic__robust_ossm_ekf,0.43183673469387757,0.0,0.0,0.43183673469387757,0.0,0.03921506150034373,0.0,0.8448979591836735,0.0,1.0637770280977967,0.0008163265306122449,0.0,98.93877551020408,0.12721920914823773,61.25,1225.0,data/cohface_9_0.pkl
cohface_9_0,profile1d_cubic__robust_ossm_ukf,0.46122448979591835,0.0,0.0008163265306122449,0.46122448979591835,0.13224489795918368,0.07968436661295494,0.0,0.9338775510204081,0.0,1.0608142951228603,0.0008163265306122449,0.0,98.93877551020408,0.18901671591270927,61.25,1225.0,data/cohface_9_0.pkl
cohface_32_3,of_farneback,,,,,,,,,,,,,,,,,data/cohface_32_3.pkl
cohface_32_3,of_farneback__kfstd,,,,,,,,,,,,,,,62.0,,data/cohface_32_3.pkl
cohface_32_3,of_farneback__robust_ossm_ekf,0.9532258064516129,0.0,0.0024193548387096775,0.9532258064516129,0.0,0.04340521651519683,0.0,0.7967741935483871,0.0,1.0635545645324158,0.0032258064516129032,0.0,99.19354838709677,0.356507627338271,62.0,1240.0,data/cohface_32_3.pkl
cohface_32_3,of_farneback__robust_ossm_ukf,0.9532258064516129,0.0,0.004032258064516129,0.9532258064516129,0.0,0.0496491746251509,0.0,0.7580645161290323,0.0,1.0630903151353628,0.0008064516129032258,0.0,99.19354838709677,0.35709806212702416,62.0,1240.0,data/cohface_32_3.pkl
cohface_32_3,profile1D linear,,,,,,,,,,,,,,,,,data/cohface_32_3.pkl
cohface_32_3,profile1d_linear__kfstd,,,,,,,,,,,,,,,31.1,,data/cohface_32_3.pkl
cohface_32_3,profile1d_linear__robust_ossm_ekf,0.22822580645161292,0.0008064516129032258,0.0008064516129032258,0.22822580645161292,0.0935483870967742,0.32650090649889546,0.0,0.932258064516129,4.2980618375746205e-122,1.0473296793409634,0.06774193548387097,0.0,93.38709677419355,0.24739202497466423,42.45,1240.0,data/cohface_32_3.pkl
cohface_32_3,profile1d_linear__robust_ossm_ukf,0.6870967741935484,0.0,0.0024193548387096775,0.6870967741935484,0.5395161290322581,0.12318751007503079,0.0,0.9161290322580645,0.0,1.0581193610157618,0.0,0.0,100.0,0.27697243070775773,62.0,1240.0,data/cohface_32_3.pkl
cohface_32_3,profile1D quadratic,,,,,,,,,,,,,,,,,data/cohface_32_3.pkl
cohface_32_3,profile1d_quadratic__kfstd,,,,,,,,,,,,,,,62.0,,data/cohface_32_3.pkl
cohface_32_3,profile1d_quadratic__robust_ossm_ekf,0.41693548387096774,0.0008064516129032258,0.0008064516129032258,0.41693548387096774,0.0,0.26380772570620037,0.0,0.9153225806451613,1.1631652347420808e-162,1.0546717020747014,0.03306451612903226,0.0024193548387096775,98.87096774193549,0.29893569612301035,35.45,1240.0,data/cohface_32_3.pkl
cohface_32_3,profile1d_quadratic__robust_ossm_ukf,0.7911290322580645,0.0,0.008064516129032258,0.7911290322580645,0.0,0.10218565742609302,0.0,0.9161290322580645,0.0,1.0595767769523494,0.004032258064516129,0.0,99.91935483870968,0.4624105258140697,62.0,1240.0,data/cohface_32_3.pkl
cohface_32_3,profile1D cubic,,,,,,,,,,,,,,,,,data/cohface_32_3.pkl
cohface_32_3,profile1d_cubic__kfstd,,,,,,,,,,,,,,,62.0,,data/cohface_32_3.pkl
cohface_32_3,profile1d_cubic__robust_ossm_ekf,0.4,0.0008064516129032258,0.0008064516129032258,0.4,0.0,0.2444353405664998,0.0,0.9112903225806451,5.42103179969302e-178,1.0538640972559343,0.04032258064516129,0.0,98.46774193548387,0.25114008436173463,37.6,1240.0,data/cohface_32_3.pkl
cohface_32_3,profile1d_cubic__robust_ossm_ukf,0.5661290322580645,0.0,0.007258064516129033,0.5661290322580645,0.02258064516129032,0.1054295798556357,0.0,0.9185483870967742,0.0,1.0590566139413116,0.0024193548387096775,0.0,99.91935483870968,0.42928967772199317,62.0,1240.0,data/cohface_32_3.pkl
cohface_6_2,of_farneback,,,,,,,,,,,,,,,,,data/cohface_6_2.pkl
cohface_6_2,of_farneback__kfstd,,,,,,,,,,,,,,,60.45,,data/cohface_6_2.pkl
cohface_6_2,of_farneback__robust_ossm_ekf,0.6468155500413565,0.0008271298593879239,0.0008271298593879239,0.6468155500413565,0.009925558312655087,0.18148756985198872,0.0,0.8759305210918115,2.8562978403239192e-235,1.057495831927712,0.02315963606286187,0.0,99.17287014061208,0.2685196004472381,60.45,1209.0,data/cohface_6_2.pkl
cohface_6_2,of_farneback__robust_ossm_ukf,0.6095947063688999,0.0,0.0,0.6095947063688999,0.013234077750206782,0.1689282247443167,0.0,0.9330024813895782,8.307594424160972e-251,1.055030471790806,0.02564102564102564,0.0,99.66914805624484,0.21635693897481245,60.45,1209.0,data/cohface_6_2.pkl
cohface_6_2,profile1D linear,,,,,,,,,,,,,,,,,data/cohface_6_2.pkl
cohface_6_2,profile1d_linear__kfstd,,,,,,,,,,,,,,,26.9,,data/cohface_6_2.pkl
cohface_6_2,profile1d_linear__robust_ossm_ekf,0.739454094292804,0.0,0.0,0.739454094292804,0.0041356492969396195,0.3088081002537562,0.0,0.9776674937965261,4.438550281171657e-129,1.0458689427168464,0.062034739454094295,0.0,63.19272125723739,0.13640528632951598,60.45,1209.0,data/cohface_6_2.pkl
cohface_6_2,profile1d_linear__robust_ossm_ukf,0.8411910669975186,0.0,0.008271298593879239,0.8411910669975186,0.0,0.13285691206523353,0.0,0.9114971050454922,2.0447501760836724e-304,1.05746350618658,0.0,0.0,99.66914805624484,0.38544276549299883,60.45,1209.0,data/cohface_6_2.pkl
cohface_6_2,profile1D quadratic,,,,,,,,,,,,,,,,,data/cohface_6_2.pkl
cohface_6_2,profile1d_quadratic__kfstd,,,,,,,,,,,,,,,60.45,,data/cohface_6_2.pkl
cohface_6_2,profile1d_quadratic__robust_ossm_ekf,0.8941273779983457,0.0,0.0,0.8941273779983457,0.0033085194375516956,0.1868145488642617,0.0,0.8668320926385442,4.518110490933093e-229,1.0539625288617975,0.036393713813068655,0.0,71.46401985111663,0.26778272356408384,60.45,1209.0,data/cohface_6_2.pkl
cohface_6_2,profile1d_quadratic__robust_ossm_ukf,0.9520264681555004,0.0,0.007444168734491315,0.9520264681555004,0.0,0.07680361348203936,0.0,0.9354838709677419,0.0,1.0612588488920307,0.0,0.0,99.66914805624484,0.45389793219427216,60.45,1209.0,data/cohface_6_2.pkl
cohface_6_2,profile1D cubic,,,,,,,,,,,,,,,,,data/cohface_6_2.pkl
cohface_6_2,profile1d_cubic__kfstd,,,,,,,,,,,,,,,60.45,,data/cohface_6_2.pkl
cohface_6_2,profile1d_cubic__robust_ossm_ekf,0.8949545078577337,0.0,0.0,0.8949545078577337,0.0033085194375516956,0.21896897065379015,0.0,0.8684863523573201,8.402196018094006e-196,1.0517809970159178,0.04797353184449959,0.0,68.73449131513648,0.2638545970119944,60.45,1209.0,data/cohface_6_2.pkl
cohface_6_2,profile1d_cubic__robust_ossm_ukf,0.9520264681555004,0.0,0.006617038875103391,0.9520264681555004,0.0,0.07784206145759913,0.0,0.9371381306865177,0.0,1.0609025014806837,0.0,0.0,99.66914805624484,0.4542203053177625,60.45,1209.0,data/cohface_6_2.pkl
cohface_8_3,of_farneback,,,,,,,,,,,,,,,,,data/cohface_8_3.pkl
cohface_8_3,of_farneback__kfstd,,,,,,,,,,,,,,,60.4,,data/cohface_8_3.pkl
cohface_8_3,of_farneback__robust_ossm_ekf,0.2458609271523179,0.0016556291390728477,0.0008278145695364238,0.2458609271523179,0.042218543046357616,0.5589013734830502,0.0,0.9205298013245033,9.152194940973438e-39,1.0344851274647775,0.15562913907284767,0.0,97.43377483443709,0.16702113444922737,60.4,1208.0,data/cohface_8_3.pkl
cohface_8_3,of_farneback__robust_ossm_ukf,0.3087748344370861,0.0,0.0008278145695364238,0.3087748344370861,0.016556291390728478,0.35776910764273995,0.0,0.8998344370860927,3.5094052470260174e-103,1.0435866637995939,0.12582781456953643,0.0,99.91721854304636,0.17778687129905507,60.4,1208.0,data/cohface_8_3.pkl
cohface_8_3,profile1D linear,,,,,,,,,,,,,,,,,data/cohface_8_3.pkl
cohface_8_3,profile1d_linear__kfstd,,,,,,,,,,,,,,,60.4,,data/cohface_8_3.pkl
cohface_8_3,profile1d_linear__robust_ossm_ekf,0.8600993377483444,0.0,0.0,0.8600993377483444,0.0074503311258278145,0.12900938805405052,0.0,0.9263245033112583,7.234628245266e-311,1.057793764555047,0.019867549668874173,0.0,88.16225165562913,0.13904823474147354,60.4,1208.0,data/cohface_8_3.pkl
cohface_8_3,profile1d_linear__robust_ossm_ukf,0.6887417218543046,0.0,0.0008278145695364238,0.6887417218543046,0.0,0.09269716560499583,0.0,0.9197019867549668,0.0,1.0601841885756607,0.0,0.0,99.91721854304636,0.34710216101667113,60.4,1208.0,data/cohface_8_3.pkl
cohface_8_3,profile1D quadratic,,,,,,,,,,,,,,,,,data/cohface_8_3.pkl
cohface_8_3,profile1d_quadratic__kfstd,,,,,,,,,,,,,,,60.4,,data/cohface_8_3.pkl
cohface_8_3,profile1d_quadratic__robust_ossm_ekf,0.7549668874172185,0.0,0.0,0.7549668874172185,0.052980132450331126,0.09211883679577379,0.0,0.8841059602649006,0.0,1.0602880543713293,0.009933774834437087,0.0,93.87417218543047,0.13174237700953448,60.4,1208.0,data/cohface_8_3.pkl
cohface_8_3,profile1d_quadratic__robust_ossm_ukf,0.6788079470198676,0.0,0.0,0.6788079470198676,0.5860927152317881,0.07938646553218787,0.0,0.890728476821192,0.0,1.0611219788333648,0.0,0.0,99.91721854304636,0.17462146022136674,60.4,1208.0,data/cohface_8_3.pkl
cohface_8_3,profile1D cubic,,,,,,,,,,,,,,,,,data/cohface_8_3.pkl
cohface_8_3,profile1d_cubic__kfstd,,,,,,,,,,,,,,,60.4,,data/cohface_8_3.pkl
cohface_8_3,profile1d_cubic__robust_ossm_ekf,0.7880794701986755,0.0,0.0,0.7880794701986755,0.13493377483443708,0.09465024015270099,0.0,0.8783112582781457,0.0,1.0598894367042753,0.01076158940397351,0.0,93.79139072847683,0.1343380281797124,60.4,1208.0,data/cohface_8_3.pkl
cohface_8_3,profile1d_cubic__robust_ossm_ukf,0.6779801324503312,0.0,0.0,0.6779801324503312,0.5877483443708609,0.08065076463122563,0.0,0.8857615894039735,0.0,1.060789384958639,0.0,0.0,99.91721854304636,0.17258456498659044,60.4,1208.0,data/cohface_8_3.pkl
cohface_11_3,of_farneback,,,,,,,,,,,,,,,,,data/cohface_11_3.pkl
cohface_11_3,of_farneback__kfstd,,,,,,,,,,,,,,,61.35,,data/cohface_11_3.pkl
cohface_11_3,of_farneback__robust_ossm_ekf,0.5517522412387939,0.0024449877750611247,0.0008149959250203749,0.5517522412387939,0.515077424612877,0.8160790504454166,0.0,0.9079054604726976,1.2004851075994544e-06,1.024683412109012,0.14180929095354522,0.0,93.8875305623472,0.10272871272231862,61.35,1227.0,data/cohface_11_3.pkl
cohface_11_3,of_farneback__robust_ossm_ukf,0.882640586797066,0.0008149959250203749,0.0008149959250203749,0.7449062754686226,0.882640586797066,0.546079031112556,0.0,0.8720456397718012,3.962268689598382e-42,1.0375477723266653,0.13854930725346373,0.0,98.61450692746536,0.14086617536958745,61.35,1227.0,data/cohface_11_3.pkl
cohface_11_3,profile1D linear,,,,,,,,,,,,,,,,,data/cohface_11_3.pkl
cohface_11_3,profile1d_linear__kfstd,,,,,,,,,,,,,,,61.35,,data/cohface_11_3.pkl
cohface_11_3,profile1d_linear__robust_ossm_ekf,0.9445802770986145,0.0,0.0,0.8321108394458028,0.9445802770986145,0.3795128442774168,0.0,0.9788101059494703,7.805167068773199e-95,1.042328282491732,0.04156479217603912,0.0,89.48655256723717,0.09412746549758166,61.35,1227.0,data/cohface_11_3.pkl
cohface_11_3,profile1d_linear__robust_ossm_ukf,0.7701711491442543,0.0016299918500407497,0.0032599837000814994,0.7701711491442543,0.1458842705786471,9213.547142497595,0.0,0.9062754686226568,0.0,1.047965826175289,0.02852485737571312,0.008149959250203748,96.41401792991034,0.21886104525369612,53.4,1227.0,data/cohface_11_3.pkl
cohface_11_3,profile1D quadratic,,,,,,,,,,,,,,,,,data/cohface_11_3.pkl
cohface_11_3,profile1d_quadratic__kfstd,,,,,,,,,,,,,,,61.35,,data/cohface_11_3.pkl
cohface_11_3,profile1d_quadratic__robust_ossm_ekf,0.9388753056234719,0.0,0.0,0.8345558272208639,0.9388753056234719,0.22494150910229674,0.0,0.9861450692746536,4.1629568433093405e-193,1.0512622404798626,0.035859820700896494,0.0,94.86552567237163,0.11628489882789876,61.35,1227.0,data/cohface_11_3.pkl
cohface_11_3,profile1d_quadratic__robust_ossm_ukf,0.7636511817440913,0.0,0.004074979625101874,0.7636511817440913,0.10757946210268948,0.14657088167959895,0.0,0.928280358598207,2.15921796090494e-286,1.0565332577671984,0.0057049714751426246,0.0,99.75550122249389,0.2847353966978811,61.35,1227.0,data/cohface_11_3.pkl
cohface_11_3,profile1D cubic,,,,,,,,,,,,,,,,,data/cohface_11_3.pkl
cohface_11_3,profile1d_cubic__kfstd,,,,,,,,,,,,,,,61.35,,data/cohface_11_3.pkl
cohface_11_3,profile1d_cubic__robust_ossm_ekf,0.7946210268948656,0.0,0.0,0.7929910350448248,0.7946210268948656,0.23596370385337243,0.0,0.9584352078239609,2.7207099052736654e-183,1.0501863314963573,0.027709861450692746,0.0,95.19152404237978,0.09501221011214585,61.35,1227.0,data/cohface_11_3.pkl
cohface_11_3,profile1d_cubic__robust_ossm_ukf,0.8198859005704972,0.0,0.0016299918500407497,0.8198859005704972,0.10676446617766912,0.1419017984625631,0.0,0.9356153219233904,8.918139874424618e-294,1.056500251866238,0.006519967400162999,0.0,99.75550122249389,0.2935282903839446,61.35,1227.0,data/cohface_11_3.pkl
cohface_40_0,of_farneback,,,,,,,,,,,,,,,,,data/cohface_40_0.pkl
cohface_40_0,of_farneback__kfstd,,,,,,,,,,,,,,,62.5,,data/cohface_40_0.pkl
cohface_40_0,of_farneback__robust_ossm_ekf,0.38,0.0016,0.0,0.38,0.1672,0.9042399291756081,0.0,0.904,0.013833809662389509,1.0204115270168204,0.1896,0.0016,94.64,0.16313976415483902,62.5,1250.0,data/cohface_40_0.pkl
cohface_40_0,of_farneback__robust_ossm_ukf,0.704,0.0008,0.0064,0.704,0.1136,73266.03862874061,0.0,0.9312,0.0,1.0212441622520083,0.2,0.004,99.04,0.23834666149536424,62.5,1250.0,data/cohface_40_0.pkl
cohface_40_0,profile1D linear,,,,,,,,,,,,,,,,,data/cohface_40_0.pkl
cohface_40_0,profile1d_linear__kfstd,,,,,,,,,,,,,,,44.05,,data/cohface_40_0.pkl
cohface_40_0,profile1d_linear__robust_ossm_ekf,0.54,0.0,0.0,0.54,0.0,0.0747777993323606,0.0,0.912,0.0,1.0614341421631153,0.0,0.0,100.0,0.3323211908665307,62.5,1250.0,data/cohface_40_0.pkl
cohface_40_0,profile1d_linear__robust_ossm_ukf,0.7808,0.0,0.0064,0.7808,0.0,0.11089184388111778,0.0,0.9032,0.0,1.0589546300846182,0.0,0.0,100.0,0.4837616195512404,62.5,1250.0,data/cohface_40_0.pkl
cohface_40_0,profile1D quadratic,,,,,,,,,,,,,,,,,data/cohface_40_0.pkl
cohface_40_0,profile1d_quadratic__kfstd,,,,,,,,,,,,,,,62.5,,data/cohface_40_0.pkl
cohface_40_0,profile1d_quadratic__robust_ossm_ekf,0.6576,0.0,0.0,0.6576,0.0,0.05669719371228782,0.0,0.8744,0.0,1.0626867064048762,0.0,0.0,100.0,0.2596196948312976,62.5,1250.0,data/cohface_40_0.pkl
cohface_40_0,profile1d_quadratic__robust_ossm_ukf,0.9072,0.0,0.0056,0.9072,0.0,0.08856394760872392,0.0,0.8872,0.0,1.0604589740649604,0.0,0.0,100.0,0.42101320270976783,62.5,1250.0,data/cohface_40_0.pkl
cohface_40_0,profile1D cubic,,,,,,,,,,,,,,,,,data/cohface_40_0.pkl
cohface_40_0,profile1d_cubic__kfstd,,,,,,,,,,,,,,,62.5,,data/cohface_40_0.pkl
cohface_40_0,profile1d_cubic__robust_ossm_ekf,0.6768,0.0,0.0,0.6768,0.0,0.05130282174135677,0.0,0.8432,0.0,1.0628934806863846,0.0,0.0,100.0,0.2699297534024113,62.5,1250.0,data/cohface_40_0.pkl
cohface_40_0,profile1d_cubic__robust_ossm_ukf,0.9096,0.0,0.0016,0.9096,0.0,0.08529776124384796,0.0,0.896,0.0,1.0603987341075634,0.0,0.0,100.0,0.42619334264417075,62.5,1250.0,data/cohface_40_0.pkl
cohface_32_2,of_farneback,,,,,,,,,,,,,,,,,data/cohface_32_2.pkl
cohface_32_2,of_farneback__kfstd,,,,,,,,,,,,,,,62.0,,data/cohface_32_2.pkl
cohface_32_2,of_farneback__robust_ossm_ekf,0.9532258064516129,0.0,0.0,0.9532258064516129,0.0,0.014952260564838903,0.0,0.6064516129032258,0.0,1.0655609568244013,0.0,0.0,100.0,0.37611538613098777,62.0,1240.0,data/cohface_32_2.pkl
cohface_32_2,of_farneback__robust_ossm_ukf,0.9532258064516129,0.0,0.0032258064516129032,0.9532258064516129,0.0,0.020995710106669785,0.0,0.6225806451612903,0.0,1.0651184687119861,0.0,0.0,100.0,0.38066935892569953,62.0,1240.0,data/cohface_32_2.pkl
cohface_32_2,profile1D linear,,,,,,,,,,,,,,,,,data/cohface_32_2.pkl
cohface_32_2,profile1d_linear__kfstd,,,,,,,,,,,,,,,31.15,,data/cohface_32_2.pkl
cohface_32_2,profile1d_linear__robust_ossm_ekf,0.5056451612903226,0.0,0.0024193548387096775,0.5056451612903226,0.05241935483870968,0.14916788194982852,0.0,0.9298387096774193,2.247235614201302e-285,1.0564064902830255,0.02258064516129032,0.0,100.0,0.22551594622213728,62.0,1240.0,data/cohface_32_2.pkl
cohface_32_2,profile1d_linear__robust_ossm_ukf,0.4306451612903226,0.0008064516129032258,0.0032258064516129032,0.4306451612903226,0.13306451612903225,140.98117549627875,0.0,0.8903225806451613,0.0,1.0509736356911643,0.016935483870967744,0.007258064516129033,98.79032258064517,0.3291867480397317,52.4,1240.0,data/cohface_32_2.pkl
cohface_32_2,profile1D quadratic,,,,,,,,,,,,,,,,,data/cohface_32_2.pkl
cohface_32_2,profile1d_quadratic__kfstd,,,,,,,,,,,,,,,62.0,,data/cohface_32_2.pkl
cohface_32_2,profile1d_quadratic__robust_ossm_ekf,0.2870967741935484,0.0,0.0008064516129032258,0.2870967741935484,0.0,0.18778942807166948,0.0,0.8806451612903226,9.329059886277111e-234,1.054471838635946,0.03870967741935484,0.0,98.30645161290323,0.24119440940289733,62.0,1240.0,data/cohface_32_2.pkl
cohface_32_2,profile1d_quadratic__robust_ossm_ukf,0.6379032258064516,0.0008064516129032258,0.00967741935483871,0.6379032258064516,0.036290322580645164,5987.97030854867,0.0,0.9016129032258065,0.0,1.0541777862879624,0.00564516129032258,0.00564516129032258,99.19354838709677,0.38549595787085267,50.55,1240.0,data/cohface_32_2.pkl
cohface_32_2,profile1D cubic,,,,,,,,,,,,,,,,,data/cohface_32_2.pkl
cohface_32_2,profile1d_cubic__kfstd,,,,,,,,,,,,,,,62.0,,data/cohface_32_2.pkl
cohface_32_2,profile1d_cubic__robust_ossm_ekf,0.3395161290322581,0.0,0.0,0.3395161290322581,0.15403225806451612,0.11012290604842068,0.0,0.9016129032258065,0.0,1.058766000857638,0.0024193548387096775,0.0,100.0,0.18909761407959702,62.0,1240.0,data/cohface_32_2.pkl
cohface_32_2,profile1d_cubic__robust_ossm_ukf,0.5548387096774193,0.0008064516129032258,0.004838709677419355,0.5548387096774193,0.02661290322580645,14642.54324391944,0.0,0.9088709677419354,0.0,1.0530734681376752,0.007258064516129033,0.0064516129032258064,99.03225806451613,0.3832792204793506,50.7,1240.0,data/cohface_32_2.pkl
cohface_17_1,of_farneback,,,,,,,,,,,,,,,,,data/cohface_17_1.pkl
cohface_17_1,of_farneback__kfstd,,,,,,,,,,,,,,,60.95,,data/cohface_17_1.pkl
cohface_17_1,of_farneback__robust_ossm_ekf,0.3338802296964725,0.0008203445447087777,0.0,0.15340442986054142,0.3338802296964725,0.8442572175538454,0.0,0.9343724364232978,5.093975375387221e-05,1.0190869346047395,0.23297785069729288,0.0,98.27727645611157,0.09870500603413127,60.95,1219.0,data/cohface_17_1.pkl
cohface_17_1,of_farneback__robust_ossm_ukf,0.24036095159967186,0.0,0.0,0.24036095159967186,0.13699753896636588,0.29033552076167773,0.0,0.9302707136997539,1.3981034921134716e-141,1.0474232349871804,0.08203445447087777,0.0,99.83593109105824,0.12125372178722157,60.95,1219.0,data/cohface_17_1.pkl
cohface_17_1,profile1D linear,,,,,,,,,,,,,,,,,data/cohface_17_1.pkl
cohface_17_1,profile1d_linear__kfstd,,,,,,,,,,,,,,,60.95,,data/cohface_17_1.pkl
cohface_17_1,profile1d_linear__robust_ossm_ekf,0.671862182116489,0.0,0.0,0.671862182116489,0.0,0.02868357904545978,0.0,0.815422477440525,0.0,1.0646416049879253,0.0,0.0,99.83593109105824,0.17519922553641235,60.95,1219.0,data/cohface_17_1.pkl
cohface_17_1,profile1d_linear__robust_ossm_ukf,0.6152584085315833,0.0,0.002461033634126333,0.6152584085315833,0.20672682526661199,0.05443112759527015,0.0,0.9228876127973749,0.0,1.062823750493891,0.0,0.0,99.83593109105824,0.2260303081508591,60.95,1219.0,data/cohface_17_1.pkl
cohface_17_1,profile1D quadratic,,,,,,,,,,,,,,,,,data/cohface_17_1.pkl
cohface_17_1,profile1d_quadratic__kfstd,,,,,,,,,,,,,,,60.95,,data/cohface_17_1.pkl
cohface_17_1,profile1d_quadratic__robust_ossm_ekf,0.8547990155865464,0.0,0.0,0.8547990155865464,0.0,0.037339367766697565,0.0,0.8630024610336341,0.0,1.0640343066007476,0.0,0.0,99.83593109105824,0.19999849918880425,60.95,1219.0,data/cohface_17_1.pkl
cohface_17_1,profile1d_quadratic__robust_ossm_ukf,0.8211648892534865,0.0008203445447087777,0.004101722723543888,0.8211648892534865,0.01804757998359311,248749.14623134502,0.0,0.9031993437243643,0.0,1.0563077744297622,0.006562756357670222,0.004922067268252666,98.76948318293684,0.2577430004749268,56.95,1219.0,data/cohface_17_1.pkl
cohface_17_1,profile1D cubic,,,,,,,,,,,,,,,,,data/cohface_17_1.pkl
cohface_17_1,profile1d_cubic__kfstd,,,,,,,,,,,,,,,60.95,,data/cohface_17_1.pkl
cohface_17_1,profile1d_cubic__robust_ossm_ekf,0.7793273174733388,0.0,0.0,0.7793273174733388,0.0,0.04051450492570638,0.0,0.8556193601312552,0.0,1.0636762808646316,0.0,0.0,99.83593109105824,0.19974647952266233,60.95,1219.0,data/cohface_17_1.pkl
cohface_17_1,profile1d_cubic__robust_ossm_ukf,0.8753076292042657,0.0008203445447087777,0.0016406890894175555,0.8753076292042657,0.05906480721903199,1066.9770738419043,0.0,0.8990976210008204,0.0,1.0540144702391512,0.01804757998359311,0.004101722723543888,95.40607054963084,0.2627633776710668,60.95,1219.0,data/cohface_17_1.pkl
cohface_28_3,of_farneback,,,,,,,,,,,,,,,,,data/cohface_28_3.pkl
cohface_28_3,of_farneback__kfstd,,,,,,,,,,,,,,,61.85,,data/cohface_28_3.pkl
cohface_28_3,of_farneback__robust_ossm_ekf,0.4648342764753436,0.0008084074373484236,0.0008084074373484236,0.4648342764753436,0.3152789005658852,1.3613979915633,0.0,0.8803556992724333,4.440892098500626e-16,0.9959121493536065,0.322554567502021,0.0,85.77202910266774,0.10153639341409532,61.85,1237.0,data/cohface_28_3.pkl
cohface_28_3,of_farneback__robust_ossm_ukf,0.7259498787388844,0.0008084074373484236,0.0,0.7227162489894907,0.7259498787388844,0.5825336957169441,0.0,0.9337105901374293,7.420817841625135e-35,1.0337492803490225,0.14308811641067098,0.0,96.928051738076,0.14288831064035787,61.85,1237.0,data/cohface_28_3.pkl
cohface_28_3,profile1D linear,,,,,,,,,,,,,,,,,data/cohface_28_3.pkl
cohface_28_3,profile1d_linear__kfstd,,,,,,,,,,,,,,,61.85,,data/cohface_28_3.pkl
cohface_28_3,profile1d_linear__robust_ossm_ekf,0.5772029102667745,0.0,0.0,0.5772029102667745,0.004850444624090542,0.2902384458786572,0.0,0.9426030719482619,1.0434819468337053e-143,1.0475027311145577,0.05901374292643492,0.0,96.52384801940178,0.20538447161084547,61.85,1237.0,data/cohface_28_3.pkl
cohface_28_3,profile1d_linear__robust_ossm_ukf,0.6531932093775262,0.0,0.002425222312045271,0.6531932093775262,0.0,0.14023788833522216,0.0,0.9426030719482619,7.07304393440457e-299,1.0569980214299592,0.008084074373484237,0.0,99.91915925626516,0.4538995639067038,61.85,1237.0,data/cohface_28_3.pkl
cohface_28_3,profile1D quadratic,,,,,,,,,,,,,,,,,data/cohface_28_3.pkl
cohface_28_3,profile1d_quadratic__kfstd,,,,,,,,,,,,,,,39.2,,data/cohface_28_3.pkl
cohface_28_3,profile1d_quadratic__robust_ossm_ekf,0.7485852869846402,0.0,0.0,0.7485852869846402,0.42037186742118027,0.14898840394409735,0.0,0.9320937752627324,5.7826369167593956e-285,1.0563995010606206,0.014551333872271624,0.0,87.38884397736459,0.14319890440199862,61.85,1237.0,data/cohface_28_3.pkl
cohface_28_3,profile1d_quadratic__robust_ossm_ukf,0.7413096200485044,0.0,0.0032336297493936943,0.7413096200485044,0.14227970897332257,0.099294074251197,0.0,0.9248181083265966,0.0,1.0597559855494354,0.0,0.0,99.59579628132579,0.2922594751260739,61.85,1237.0,data/cohface_28_3.pkl
cohface_28_3,profile1D cubic,,,,,,,,,,,,,,,,,data/cohface_28_3.pkl
cohface_28_3,profile1d_cubic__kfstd,,,,,,,,,,,,,,,61.85,,data/cohface_28_3.pkl
cohface_28_3,profile1d_cubic__robust_ossm_ekf,0.6588520614389652,0.0,0.0,0.6588520614389652,0.4413904607922393,0.14317995983685142,0.0,0.9409862570735651,4.342640381595157e-294,1.0564126030580616,0.0008084074373484236,0.0,86.41875505254649,0.14722288750935106,61.85,1237.0,data/cohface_28_3.pkl
cohface_28_3,profile1d_cubic__robust_ossm_ukf,0.7033144704931286,0.0,0.0032336297493936943,0.7033144704931286,0.3217461600646726,0.10444371832464511,0.0,0.9223928860145514,0.0,1.0591141401105877,0.0,0.0,99.59579628132579,0.27553621792013777,61.85,1237.0,data/cohface_28_3.pkl
cohface_4_2,of_farneback,,,,,,,,,,,,,,,,,data/cohface_4_2.pkl
cohface_4_2,of_farneback__kfstd,,,,,,,,,,,,,,,60.4,,data/cohface_4_2.pkl
cohface_4_2,of_farneback__robust_ossm_ekf,0.4271523178807947,0.0016556291390728477,0.0008278145695364238,0.4271523178807947,0.10513245033112582,0.5592022390326975,0.0,0.9304635761589404,1.0569788911951518e-38,1.0370667296704095,0.12582781456953643,0.0024834437086092716,99.17218543046357,0.19891116833503758,60.4,1208.0,data/cohface_4_2.pkl
cohface_4_2,of_farneback__robust_ossm_ukf,0.4519867549668874,0.0,0.0,0.4519867549668874,0.0,0.3330473757395719,0.0,0.9263245033112583,1.7032836612494656e-115,1.0456254213294582,0.09437086092715231,0.0,99.91721854304636,0.19524149915920275,60.4,1208.0,data/cohface_4_2.pkl
cohface_4_2,profile1D linear,,,,,,,,,,,,,,,,,data/cohface_4_2.pkl
cohface_4_2,profile1d_linear__kfstd,,,,,,,,,,,,,,,60.4,,data/cohface_4_2.pkl
cohface_4_2,profile1d_linear__robust_ossm_ekf,0.9519867549668874,0.0,0.0,0.9519867549668874,0.0,0.0064993091672257116,0.0,0.6697019867549668,0.0,1.0662054166704251,0.0,0.0,99.91721854304636,0.33927282001073406,60.4,1208.0,data/cohface_4_2.pkl
cohface_4_2,profile1d_linear__robust_ossm_ukf,0.9519867549668874,0.0,0.0024834437086092716,0.9519867549668874,0.0,0.06813014772651704,0.0,0.9354304635761589,0.0,1.0618589280120079,0.0,0.0,99.91721854304636,0.37678901224749106,60.4,1208.0,data/cohface_4_2.pkl
cohface_4_2,profile1D quadratic,,,,,,,,,,,,,,,,,data/cohface_4_2.pkl
cohface_4_2,profile1d_quadratic__kfstd,,,,,,,,,,,,,,,60.4,,data/cohface_4_2.pkl
cohface_4_2,profile1d_quadratic__robust_ossm_ekf,0.9519867549668874,0.0,0.0,0.9519867549668874,0.0,0.006503008436807917,0.0,0.6423841059602649,0.0,1.066205016770337,0.0,0.0,99.91721854304636,0.3333404174236542,60.4,1208.0,data/cohface_4_2.pkl
cohface_4_2,profile1d_quadratic__robust_ossm_ukf,0.9519867549668874,0.0,0.009105960264900662,0.9519867549668874,0.0,0.06878203461261415,0.0,0.9445364238410596,0.0,1.0618147562956128,0.0,0.0,99.91721854304636,0.3708897760059057,60.4,1208.0,data/cohface_4_2.pkl
cohface_4_2,profile1D cubic,,,,,,,,,,,,,,,,,data/cohface_4_2.pkl
cohface_4_2,profile1d_cubic__kfstd,,,,,,,,,,,,,,,60.4,,data/cohface_4_2.pkl
cohface_4_2,profile1d_cubic__robust_ossm_ekf,0.9519867549668874,0.0,0.0,0.9519867549668874,0.0,0.007168528902173894,0.0,0.6531456953642384,0.0,1.066129347388046,0.0,0.0,99.91721854304636,0.3293670175730558,60.4,1208.0,data/cohface_4_2.pkl
cohface_4_2,profile1d_cubic__robust_ossm_ukf,0.9519867549668874,0.0,0.008278145695364239,0.9519867549668874,0.0,0.07082969221208406,0.0,0.9470198675496688,0.0,1.0614018299504653,0.0,0.0,99.91721854304636,0.36994298064736447,60.4,1208.0,data/cohface_4_2.pkl
cohface_40_2,of_farneback,,,,,,,,,,,,,,,,,data/cohface_40_2.pkl
cohface_40_2,of_farneback__kfstd,,,,,,,,,,,,,,,62.0,,data/cohface_40_2.pkl
cohface_40_2,of_farneback__robust_ossm_ekf,0.3096774193548387,0.00564516129032258,0.0016129032258064516,0.3096774193548387,0.18548387096774194,1.786079523847549,0.0,0.817741935483871,0.0,0.9883021416962381,0.29435483870967744,0.0064516129032258064,97.01612903225806,0.1287545319406322,62.0,1240.0,data/cohface_40_2.pkl
cohface_40_2,of_farneback__robust_ossm_ukf,0.2725806451612903,0.004838709677419355,0.0024193548387096775,0.2725806451612903,0.08790322580645162,332416.07252299343,0.0,0.864516129032258,0.0,0.9896414150584596,0.2653225806451613,0.020967741935483872,94.35483870967742,0.1401023680688339,62.0,1240.0,data/cohface_40_2.pkl
cohface_40_2,profile1D linear,,,,,,,,,,,,,,,,,data/cohface_40_2.pkl
cohface_40_2,profile1d_linear__kfstd,,,,,,,,,,,,,,,62.0,,data/cohface_40_2.pkl
cohface_40_2,profile1d_linear__robust_ossm_ekf,0.7653225806451613,0.0,0.0,0.7653225806451613,0.09032258064516129,0.5891253014383739,0.0,0.917741935483871,1.125936647311435e-33,1.0310942003152728,0.1629032258064516,0.0,83.54838709677419,0.1490837621111023,62.0,1240.0,data/cohface_40_2.pkl
cohface_40_2,profile1d_linear__robust_ossm_ukf,0.7370967741935484,0.0,0.0016129032258064516,0.7370967741935484,0.0,0.10482169870375523,0.0,0.9443548387096774,0.0,1.05940707381737,0.008870967741935484,0.0,100.0,0.3207076991603674,62.0,1240.0,data/cohface_40_2.pkl
cohface_40_2,profile1D quadratic,,,,,,,,,,,,,,,,,data/cohface_40_2.pkl
cohface_40_2,profile1d_quadratic__kfstd,,,,,,,,,,,,,,,62.0,,data/cohface_40_2.pkl
cohface_40_2,profile1d_quadratic__robust_ossm_ekf,0.36129032258064514,0.0,0.0,0.36129032258064514,0.0,0.14652198932742863,0.0,0.9201612903225806,1.753004648362526e-289,1.0565971571675006,0.012096774193548387,0.0,100.0,0.21541620843938478,62.0,1240.0,data/cohface_40_2.pkl
cohface_40_2,profile1d_quadratic__robust_ossm_ukf,0.8435483870967742,0.0,0.010483870967741936,0.8435483870967742,0.012096774193548387,0.14619689171276662,0.0,0.9217741935483871,5.408303076436888e-290,1.0566370690931048,0.017741935483870968,0.0,100.0,0.39296040216003614,62.0,1240.0,data/cohface_40_2.pkl
cohface_40_2,profile1D cubic,,,,,,,,,,,,,,,,,data/cohface_40_2.pkl
cohface_40_2,profile1d_cubic__kfstd,,,,,,,,,,,,,,,62.0,,data/cohface_40_2.pkl
cohface_40_2,profile1d_cubic__robust_ossm_ekf,0.4435483870967742,0.0008064516129032258,0.0,0.4435483870967742,0.014516129032258065,0.27997216925929597,0.0,0.9080645161290323,5.441580457318027e-151,1.0510282596090443,0.02903225806451613,0.0,98.30645161290323,0.24280032085402128,62.0,1240.0,data/cohface_40_2.pkl
cohface_40_2,profile1d_cubic__robust_ossm_ukf,0.8346774193548387,0.0,0.007258064516129033,0.8346774193548387,0.0,0.14278834922067313,0.0,0.917741935483871,1.9815305399873616e-295,1.0566090033400115,0.020161290322580645,0.0,100.0,0.39552764364871185,62.0,1240.0,data/cohface_40_2.pkl
cohface_2_2,of_farneback,,,,,,,,,,,,,,,,,data/cohface_2_2.pkl
cohface_2_2,of_farneback__kfstd,,,,,,,,,,,,,,,60.4,,data/cohface_2_2.pkl
cohface_2_2,of_farneback__robust_ossm_ekf,0.6374172185430463,0.0008278145695364238,0.0,0.5372516556291391,0.6374172185430463,0.9273556387354993,1.0,0.9188741721854304,0.06923985219780739,1.0142734462594254,0.24668874172185432,0.0,81.04304635761589,0.10640679442049635,60.4,1208.0,data/cohface_2_2.pkl
cohface_2_2,of_farneback__robust_ossm_ukf,0.5802980132450332,0.0008278145695364238,0.0,0.5248344370860927,0.5802980132450332,1034.8792997945877,0.0,0.9238410596026491,0.0,1.0370330457133035,0.10430463576158941,0.0041390728476821195,96.1092715231788,0.13086883472582092,60.4,1208.0,data/cohface_2_2.pkl
cohface_2_2,profile1D linear,,,,,,,,,,,,,,,,,data/cohface_2_2.pkl
cohface_2_2,profile1d_linear__kfstd,,,,,,,,,,,,,,,60.4,,data/cohface_2_2.pkl
cohface_2_2,profile1d_linear__robust_ossm_ekf,0.8741721854304636,0.0,0.0008278145695364238,0.8741721854304636,0.022350993377483443,0.13034799789977927,0.0,0.9321192052980133,1.6470571563526076e-308,1.0578212497869102,0.01903973509933775,0.0,93.29470198675497,0.1027450232020572,60.4,1208.0,data/cohface_2_2.pkl
cohface_2_2,profile1d_linear__robust_ossm_ukf,0.6307947019867549,0.0008278145695364238,0.0041390728476821195,0.6307947019867549,0.076158940397351,618.1624846392606,0.0,0.8824503311258278,0.0,1.0538581343783617,0.016556291390728478,0.0041390728476821195,95.28145695364239,0.20745625200075002,51.6,1208.0,data/cohface_2_2.pkl
cohface_2_2,profile1D quadratic,,,,,,,,,,,,,,,,,data/cohface_2_2.pkl
cohface_2_2,profile1d_quadratic__kfstd,,,,,,,,,,,,,,,60.4,,data/cohface_2_2.pkl
cohface_2_2,profile1d_quadratic__robust_ossm_ekf,0.8352649006622517,0.0,0.0,0.8352649006622517,0.009933774834437087,0.11132049945768005,0.0,0.9346026490066225,0.0,1.0589275187892377,0.0041390728476821195,0.0,95.44701986754967,0.12365477700556801,60.4,1208.0,data/cohface_2_2.pkl
cohface_2_2,profile1d_quadratic__robust_ossm_ukf,0.8418874172185431,0.0,0.0033112582781456954,0.8418874172185431,0.048013245033112585,0.09334256481415915,0.0,0.9122516556291391,0.0,1.0601714752224958,0.0024834437086092716,0.0,99.50331125827815,0.31682364791377066,60.4,1208.0,data/cohface_2_2.pkl
cohface_2_2,profile1D cubic,,,,,,,,,,,,,,,,,data/cohface_2_2.pkl
cohface_2_2,profile1d_cubic__kfstd,,,,,,,,,,,,,,,60.4,,data/cohface_2_2.pkl
cohface_2_2,profile1d_cubic__robust_ossm_ekf,0.804635761589404,0.0,0.0,0.804635761589404,0.008278145695364239,0.12586558852336896,0.0,0.9420529801324503,0.0,1.0576549320618747,0.006622516556291391,0.0,94.86754966887418,0.12184606920982323,60.4,1208.0,data/cohface_2_2.pkl
cohface_2_2,profile1d_cubic__robust_ossm_ukf,0.8004966887417219,0.0,0.0033112582781456954,0.8004966887417219,0.10099337748344371,0.09702086665146668,0.0,0.9188741721854304,0.0,1.059645356900284,0.0024834437086092716,0.0,99.33774834437087,0.3006623415493183,60.4,1208.0,data/cohface_2_2.pkl
cohface_7_1,of_farneback,,,,,,,,,,,,,,,,,data/cohface_7_1.pkl
cohface_7_1,of_farneback__kfstd,,,,,,,,,,,,,,,60.45,,data/cohface_7_1.pkl
cohface_7_1,of_farneback__robust_ossm_ekf,0.3242349048800662,0.0,0.0,0.3242349048800662,0.0,0.07749960657781858,0.0,0.913151364764268,0.0,1.0610356797004097,0.0008271298593879239,0.0,99.33829611248966,0.12487680976940857,60.45,1209.0,data/cohface_7_1.pkl
cohface_7_1,of_farneback__robust_ossm_ukf,0.3176178660049628,0.0,0.0,0.3176178660049628,0.0,0.09414901362479064,0.0,0.891645988420182,0.0,1.0599135660727401,0.0008271298593879239,0.0,99.33829611248966,0.12482194154598171,60.45,1209.0,data/cohface_7_1.pkl
cohface_7_1,profile1D linear,,,,,,,,,,,,,,,,,data/cohface_7_1.pkl
cohface_7_1,profile1d_linear__kfstd,,,,,,,,,,,,,,,60.45,,data/cohface_7_1.pkl
cohface_7_1,profile1d_linear__robust_ossm_ekf,0.7014061207609594,0.0,0.0,0.7014061207609594,0.0,0.0620794879234826,0.0,0.8254755996691481,0.0,1.062409245578871,0.008271298593879239,0.0,96.19520264681555,0.20530948615801453,60.45,1209.0,data/cohface_7_1.pkl
cohface_7_1,profile1d_linear__robust_ossm_ukf,0.4292803970223325,0.0,0.0024813895781637717,0.4292803970223325,0.3325062034739454,0.0799565885161538,0.0,0.946236559139785,0.0,1.0610579577488064,0.0,0.0,97.76674937965261,0.18304143415013216,60.45,1209.0,data/cohface_7_1.pkl
cohface_7_1,profile1D quadratic,,,,,,,,,,,,,,,,,data/cohface_7_1.pkl
cohface_7_1,profile1d_quadratic__kfstd,,,,,,,,,,,,,,,60.45,,data/cohface_7_1.pkl
cohface_7_1,profile1d_quadratic__robust_ossm_ekf,0.8933002481389578,0.0,0.0,0.8933002481389578,0.0,0.014662502371476727,0.0,0.7733664185277088,0.0,1.0656271899896528,0.0,0.0,99.42100909842846,0.2763790346542077,60.45,1209.0,data/cohface_7_1.pkl
cohface_7_1,profile1d_quadratic__robust_ossm_ukf,0.652605459057072,0.0,0.0,0.652605459057072,0.37551695616211744,0.06848953020129266,0.0,0.9263854425144747,0.0,1.0618513850219828,0.0,0.0,98.75930521091811,0.18201906240941043,60.45,1209.0,data/cohface_7_1.pkl
cohface_7_1,profile1D cubic,,,,,,,,,,,,,,,,,data/cohface_7_1.pkl
cohface_7_1,profile1d_cubic__kfstd,,,,,,,,,,,,,,,60.45,,data/cohface_7_1.pkl
cohface_7_1,profile1d_cubic__robust_ossm_ekf,0.891645988420182,0.0,0.0,0.891645988420182,0.0,0.015915621172496716,0.0,0.7733664185277088,0.0,1.0654759234929125,0.0,0.0,99.42100909842846,0.27718930970813327,60.45,1209.0,data/cohface_7_1.pkl
cohface_7_1,profile1d_cubic__robust_ossm_ukf,0.6550868486352357,0.0,0.0008271298593879239,0.6550868486352357,0.3143093465674111,0.06943086881358874,0.0,0.9247311827956989,0.0,1.0615384633971583,0.0,0.0,98.75930521091811,0.18344350405692167,60.45,1209.0,data/cohface_7_1.pkl
cohface_36_3,of_farneback,,,,,,,,,,,,,,,,,data/cohface_36_3.pkl
cohface_36_3,of_farneback__kfstd,,,,,,,,,,,,,,,61.25,,data/cohface_36_3.pkl
cohface_36_3,of_farneback__robust_ossm_ekf,0.2571428571428571,0.0,0.0,0.2571428571428571,0.2546938775510204,0.15998986950882155,0.0,0.9346938775510204,3.449334882940386e-266,1.0555246825413407,0.024489795918367346,0.0,98.77551020408163,0.07321473715615834,61.25,1225.0,data/cohface_36_3.pkl
cohface_36_3,of_farneback__robust_ossm_ukf,0.2620408163265306,0.0,0.0,0.2620408163265306,0.21387755102040817,0.15383073381090112,0.0,0.9469387755102041,5.372712290578947e-275,1.0559045135145642,0.025306122448979593,0.0,98.77551020408163,0.0759266809141829,61.25,1225.0,data/cohface_36_3.pkl
cohface_36_3,profile1D linear,,,,,,,,,,,,,,,,,data/cohface_36_3.pkl
cohface_36_3,profile1d_linear__kfstd,,,,,,,,,,,,,,,61.25,,data/cohface_36_3.pkl
cohface_36_3,profile1d_linear__robust_ossm_ekf,0.5444897959183673,0.0,0.0,0.5444897959183673,0.3746938775510204,0.058162132657390266,0.0,0.9208163265306123,0.0,1.0625661095459835,0.0,0.0,99.34693877551021,0.11095008744654473,61.25,1225.0,data/cohface_36_3.pkl
cohface_36_3,profile1d_linear__robust_ossm_ukf,0.5975510204081632,0.0,0.0016326530612244899,0.5975510204081632,0.02122448979591837,0.0654767660933183,0.0,0.9053061224489796,0.0,1.062070449151325,0.0,0.0,99.34693877551021,0.18614560745775308,61.25,1225.0,data/cohface_36_3.pkl
cohface_36_3,profile1D quadratic,,,,,,,,,,,,,,,,,data/cohface_36_3.pkl
cohface_36_3,profile1d_quadratic__kfstd,,,,,,,,,,,,,,,61.25,,data/cohface_36_3.pkl
cohface_36_3,profile1d_quadratic__robust_ossm_ekf,0.41877551020408166,0.0,0.0,0.41877551020408166,0.2808163265306122,0.055786289919691354,0.0,0.893061224489796,0.0,1.0627380636772414,0.0,0.0,99.0204081632653,0.08828255240844157,61.25,1225.0,data/cohface_36_3.pkl
cohface_36_3,profile1d_quadratic__robust_ossm_ukf,0.626938775510204,0.0,0.0008163265306122449,0.626938775510204,0.44081632653061226,0.07815089108165692,0.0,0.8840816326530613,0.0,1.061198314427484,0.0,0.0,98.77551020408163,0.12970898769151326,61.25,1225.0,data/cohface_36_3.pkl
cohface_36_3,profile1D cubic,,,,,,,,,,,,,,,,,data/cohface_36_3.pkl
cohface_36_3,profile1d_cubic__kfstd,,,,,,,,,,,,,,,61.25,,data/cohface_36_3.pkl
cohface_36_3,profile1d_cubic__robust_ossm_ekf,0.40816326530612246,0.0,0.0,0.40816326530612246,0.3436734693877551,0.05806103032314808,0.0,0.8971428571428571,0.0,1.0623659735565631,0.0,0.0,99.0204081632653,0.08610550120279033,61.25,1225.0,data/cohface_36_3.pkl
cohface_36_3,profile1d_cubic__robust_ossm_ukf,0.593469387755102,0.0008163265306122449,0.0,0.593469387755102,0.2873469387755102,265971.58851742966,0.0,0.8636734693877551,0.0,1.055166603561226,0.005714285714285714,0.004897959183673469,98.28571428571429,0.13391401404111478,49.7,1225.0,data/cohface_36_3.pkl
cohface_28_1,of_farneback,,,,,,,,,,,,,,,,,data/cohface_28_1.pkl
cohface_28_1,of_farneback__kfstd,,,,,,,,,,,,,,,61.0,,data/cohface_28_1.pkl
cohface_28_1,of_farneback__robust_ossm_ekf,0.3,0.0,0.0,0.3,0.004918032786885246,0.4939488777427905,0.0,0.9122950819672131,1.029350104538602e-54,1.0382377933884792,0.12049180327868853,0.0,92.45901639344262,0.17947282963072003,61.0,1220.0,data/cohface_28_1.pkl
cohface_28_1,of_farneback__robust_ossm_ukf,0.3524590163934426,0.0,0.0,0.3524590163934426,0.08032786885245902,0.16413410649703233,0.0,0.9237704918032786,1.974642729193428e-259,1.0556023350666872,0.028688524590163935,0.0,98.52459016393442,0.1814695784265712,61.0,1220.0,data/cohface_28_1.pkl
cohface_28_1,profile1D linear,,,,,,,,,,,,,,,,,data/cohface_28_1.pkl
cohface_28_1,profile1d_linear__kfstd,,,,,,,,,,,,,,,61.0,,data/cohface_28_1.pkl
cohface_28_1,profile1d_linear__robust_ossm_ekf,0.30327868852459017,0.0,0.000819672131147541,0.30327868852459017,0.1319672131147541,0.19407171398838463,0.0,0.9565573770491803,5.8331237424668424e-223,1.053517655183807,0.04344262295081967,0.0,80.65573770491804,0.14802615377039016,61.0,1220.0,data/cohface_28_1.pkl
cohface_28_1,profile1d_linear__robust_ossm_ukf,0.460655737704918,0.000819672131147541,0.000819672131147541,0.460655737704918,0.09836065573770492,51630.412762578984,0.0,0.9426229508196722,0.0,1.0546262058044196,0.009016393442622951,0.004098360655737705,99.26229508196721,0.27655258883905637,53.05,1220.0,data/cohface_28_1.pkl
cohface_28_1,profile1D quadratic,,,,,,,,,,,,,,,,,data/cohface_28_1.pkl
cohface_28_1,profile1d_quadratic__kfstd,,,,,,,,,,,,,,,61.0,,data/cohface_28_1.pkl
cohface_28_1,profile1d_quadratic__robust_ossm_ekf,0.3073770491803279,0.0,0.0,0.3073770491803279,0.0,0.06591401071628442,0.0,0.8852459016393442,0.0,1.0621091998960697,0.004918032786885246,0.0,100.0,0.24400175343082928,61.0,1220.0,data/cohface_28_1.pkl
cohface_28_1,profile1d_quadratic__robust_ossm_ukf,0.7147540983606557,0.0,0.006557377049180328,0.7147540983606557,0.07868852459016394,0.08230239934206902,0.0,0.9434426229508197,0.0,1.0609145971457565,0.004098360655737705,0.0,100.0,0.3857096696557744,61.0,1220.0,data/cohface_28_1.pkl
cohface_28_1,profile1D cubic,,,,,,,,,,,,,,,,,data/cohface_28_1.pkl
cohface_28_1,profile1d_cubic__kfstd,,,,,,,,,,,,,,,55.0,,data/cohface_28_1.pkl
cohface_28_1,profile1d_cubic__robust_ossm_ekf,0.319672131147541,0.0,0.0,0.319672131147541,0.0,0.0718207283486801,0.0,0.8991803278688525,0.0,1.061519533803791,0.003278688524590164,0.0,100.0,0.23910107262183092,61.0,1220.0,data/cohface_28_1.pkl
cohface_28_1,profile1d_cubic__robust_ossm_ukf,0.6836065573770492,0.0,0.00819672131147541,0.6836065573770492,0.08114754098360656,0.08351929260956664,0.0,0.9278688524590164,0.0,1.0605596600882896,0.004098360655737705,0.0,100.0,0.3851869035436797,61.0,1220.0,data/cohface_28_1.pkl
cohface_31_0,of_farneback,,,,,,,,,,,,,,,,,data/cohface_31_0.pkl
cohface_31_0,of_farneback__kfstd,,,,,,,,,,,,,,,62.25,,data/cohface_31_0.pkl
cohface_31_0,of_farneback__robust_ossm_ekf,0.36224899598393573,0.0,0.0,0.36224899598393573,0.1534136546184739,0.27036510129726776,0.0,0.9461847389558233,1.9328038778316978e-158,1.0480385355151325,0.0393574297188755,0.0,98.47389558232932,0.12477679123607606,62.25,1245.0,data/cohface_31_0.pkl
cohface_31_0,of_farneback__robust_ossm_ukf,0.37751004016064255,0.0008032128514056225,0.0008032128514056225,0.37751004016064255,0.17269076305220885,273.1702952072267,0.0,0.9437751004016064,0.0,1.0469616908953776,0.06104417670682731,0.004016064257028112,98.87550200803213,0.14741242336197888,62.25,1245.0,data/cohface_31_0.pkl
cohface_31_0,profile1D linear,,,,,,,,,,,,,,,,,data/cohface_31_0.pkl
cohface_31_0,profile1d_linear__kfstd,,,,,,,,,,,,,,,46.85,,data/cohface_31_0.pkl
cohface_31_0,profile1d_linear__robust_ossm_ekf,0.6281124497991968,0.0,0.0,0.6281124497991968,0.13012048192771083,0.05947810765827613,0.0,0.8698795180722891,0.0,1.062608094893082,0.004016064257028112,0.0,99.83935742971887,0.1216015861599925,62.25,1245.0,data/cohface_31_0.pkl
cohface_31_0,profile1d_linear__robust_ossm_ukf,0.5983935742971888,0.0,0.001606425702811245,0.5983935742971888,0.43453815261044176,0.06283913187592097,0.0,0.9413654618473896,0.0,1.0623247001709881,0.004016064257028112,0.0,99.83935742971887,0.1549794990581087,62.25,1245.0,data/cohface_31_0.pkl
cohface_31_0,profile1D quadratic,,,,,,,,,,,,,,,,,data/cohface_31_0.pkl
cohface_31_0,profile1d_quadratic__kfstd,,,,,,,,,,,,,,,47.45,,data/cohface_31_0.pkl
cohface_31_0,profile1d_quadratic__robust_ossm_ekf,0.7413654618473896,0.0,0.0,0.7413654618473896,0.0,0.04526949057210659,0.0,0.8931726907630522,0.0,1.0634721303039185,0.0,0.0,99.75903614457832,0.16793526249732227,62.25,1245.0,data/cohface_31_0.pkl
cohface_31_0,profile1d_quadratic__robust_ossm_ukf,0.770281124497992,0.0008032128514056225,0.0008032128514056225,0.770281124497992,0.704417670682731,965.1014653804085,0.0,0.8859437751004016,0.0,1.0565365265781839,0.005622489959839358,0.004016064257028112,99.43775100401606,0.1684990513035586,59.05,1245.0,data/cohface_31_0.pkl
cohface_31_0,profile1D cubic,,,,,,,,,,,,,,,,,data/cohface_31_0.pkl
cohface_31_0,profile1d_cubic__kfstd,,,,,,,,,,,,,,,47.45,,data/cohface_31_0.pkl
cohface_31_0,profile1d_cubic__robust_ossm_ekf,0.7261044176706827,0.0,0.0,0.7261044176706827,0.0,0.04722237889081467,0.0,0.9060240963855422,0.0,1.0631675822643274,0.0,0.0,99.75903614457832,0.17281347547155712,62.25,1245.0,data/cohface_31_0.pkl
cohface_31_0,profile1d_cubic__robust_ossm_ukf,0.7710843373493976,0.0008032128514056225,0.0008032128514056225,0.7710843373493976,0.6947791164658634,42071.859019982876,0.0,0.8763052208835341,0.0,1.0551698457854426,0.005622489959839358,0.005622489959839358,98.87550200803213,0.1660634130482276,59.2,1245.0,data/cohface_31_0.pkl
cohface_34_3,of_farneback,,,,,,,,,,,,,,,,,data/cohface_34_3.pkl
cohface_34_3,of_farneback__kfstd,,,,,,,,,,,,,,,61.1,,data/cohface_34_3.pkl
cohface_34_3,of_farneback__robust_ossm_ekf,0.4959083469721768,0.0,0.0,0.4959083469721768,0.028641571194762683,0.09169828549698218,0.0,0.9222585924713584,0.0,1.0604260826363698,0.0024549918166939444,0.0,99.83633387888707,0.20320871253266498,61.1,1222.0,data/cohface_34_3.pkl
cohface_34_3,of_farneback__robust_ossm_ukf,0.48117839607201307,0.0,0.0,0.48117839607201307,0.027004909983633387,0.11678994776870624,0.0,0.9124386252045826,0.0,1.0586031767744322,0.0024549918166939444,0.0,99.83633387888707,0.19839853921797043,61.1,1222.0,data/cohface_34_3.pkl
cohface_34_3,profile1D linear,,,,,,,,,,,,,,,,,data/cohface_34_3.pkl
cohface_34_3,profile1d_linear__kfstd,,,,,,,,,,,,,,,61.1,,data/cohface_34_3.pkl
cohface_34_3,profile1d_linear__robust_ossm_ekf,0.8060556464811784,0.0,0.0,0.8060556464811784,0.004091653027823241,0.442613009727422,0.0,0.9893617021276596,2.4394838994729985e-70,1.037231924305374,0.10638297872340426,0.0,54.337152209492636,0.09540673292512582,61.1,1222.0,data/cohface_34_3.pkl
cohface_34_3,profile1d_linear__robust_ossm_ukf,0.8019639934533551,0.0,0.0024549918166939444,0.7405891980360065,0.8019639934533551,0.11570261819550394,0.0,0.9271685761047463,0.0,1.0587177894735864,0.00900163666121113,0.0,97.05400981996726,0.1912394447599698,61.1,1222.0,data/cohface_34_3.pkl
cohface_34_3,profile1D quadratic,,,,,,,,,,,,,,,,,data/cohface_34_3.pkl
cohface_34_3,profile1d_quadratic__kfstd,,,,,,,,,,,,,,,61.1,,data/cohface_34_3.pkl
cohface_34_3,profile1d_quadratic__robust_ossm_ekf,0.5859247135842881,0.0,0.0016366612111292963,0.5859247135842881,0.251227495908347,0.15537675123790537,0.0,0.9582651391162029,4.3954999156708e-272,1.0559532994390506,0.004091653027823241,0.0,69.72176759410802,0.1165924124241157,61.1,1222.0,data/cohface_34_3.pkl
cohface_34_3,profile1d_quadratic__robust_ossm_ukf,0.7479541734860884,0.0,0.009819967266775777,0.7479541734860884,0.0,0.10448037696409937,0.0,0.9541734860883797,0.0,1.059420958946101,0.004091653027823241,0.0,99.83633387888707,0.41006962148291115,61.1,1222.0,data/cohface_34_3.pkl
cohface_34_3,profile1D cubic,,,,,,,,,,,,,,,,,data/cohface_34_3.pkl
cohface_34_3,profile1d_cubic__kfstd,,,,,,,,,,,,,,,61.1,,data/cohface_34_3.pkl
cohface_34_3,profile1d_cubic__robust_ossm_ekf,0.5548281505728314,0.0,0.0,0.5548281505728314,0.5515548281505729,0.12901298401955624,0.0,0.939443535188216,0.0,1.0574486228592694,0.004091653027823241,0.0,99.83633387888707,0.1602993689627144,61.1,1222.0,data/cohface_34_3.pkl
cohface_34_3,profile1d_cubic__robust_ossm_ukf,0.7463175122749591,0.0,0.006546644844517185,0.7463175122749591,0.0,0.10579615531940821,0.0,0.953355155482815,0.0,1.05903743096529,0.004091653027823241,0.0,99.83633387888707,0.429368899516194,61.1,1222.0,data/cohface_34_3.pkl
cohface_5_3,of_farneback,,,,,,,,,,,,,,,,,data/cohface_5_3.pkl
cohface_5_3,of_farneback__kfstd,,,,,,,,,,,,,,,60.3,,data/cohface_5_3.pkl
cohface_5_3,of_farneback__robust_ossm_ekf,0.3839137645107794,0.0024875621890547263,0.0,0.3839137645107794,0.2703150912106136,1.2411697233260248,0.0,0.8698175787728026,3.450560970286176e-08,1.0033278913559367,0.28192371475953565,0.0,95.27363184079601,0.10027178616131018,60.3,1206.0,data/cohface_5_3.pkl
cohface_5_3,of_farneback__robust_ossm_ukf,0.3864013266998342,0.0008291873963515755,0.001658374792703151,0.3864013266998342,0.05721393034825871,16643.324642338142,0.0,0.8888888888888888,0.0,1.0256798478324796,0.1932006633499171,0.0041459369817578775,98.75621890547264,0.12886566766312046,60.3,1206.0,data/cohface_5_3.pkl
cohface_5_3,profile1D linear,,,,,,,,,,,,,,,,,data/cohface_5_3.pkl
cohface_5_3,profile1d_linear__kfstd,,,,,,,,,,,,,,,60.3,,data/cohface_5_3.pkl
cohface_5_3,profile1d_linear__robust_ossm_ekf,0.9519071310116086,0.0,0.0,0.9519071310116086,0.0,0.007751031709026179,0.0,0.7321724709784412,0.0,1.0661171033587742,0.0,0.0,99.66832504145937,0.17609667657524578,60.3,1206.0,data/cohface_5_3.pkl
cohface_5_3,profile1d_linear__robust_ossm_ukf,0.9519071310116086,0.0,0.003316749585406302,0.9519071310116086,0.0,0.053220594965242854,0.0,0.9444444444444444,0.0,1.0629052493156597,0.0,0.0,99.66832504145937,0.2573446555554737,60.3,1206.0,data/cohface_5_3.pkl
cohface_5_3,profile1D quadratic,,,,,,,,,,,,,,,,,data/cohface_5_3.pkl
cohface_5_3,profile1d_quadratic__kfstd,,,,,,,,,,,,,,,60.3,,data/cohface_5_3.pkl
cohface_5_3,profile1d_quadratic__robust_ossm_ekf,0.9519071310116086,0.0,0.0,0.9519071310116086,0.0,0.010031676025987701,0.0,0.6691542288557214,0.0,1.0659557994566147,0.0,0.0,99.66832504145937,0.181123651687071,60.3,1206.0,data/cohface_5_3.pkl
cohface_5_3,profile1d_quadratic__robust_ossm_ukf,0.8043117744610282,0.0,0.001658374792703151,0.8043117744610282,0.5190713101160862,0.05732294382967644,0.0,0.9096185737976783,0.0,1.062620865837017,0.0,0.0,99.66832504145937,0.18146222388953387,60.3,1206.0,data/cohface_5_3.pkl
cohface_5_3,profile1D cubic,,,,,,,,,,,,,,,,,data/cohface_5_3.pkl
cohface_5_3,profile1d_cubic__kfstd,,,,,,,,,,,,,,,60.3,,data/cohface_5_3.pkl
cohface_5_3,profile1d_cubic__robust_ossm_ekf,0.9519071310116086,0.0,0.0,0.9519071310116086,0.0,0.010138047549265537,0.0,0.6791044776119403,0.0,1.0659072669240448,0.0,0.0,99.66832504145937,0.18245368099340156,60.3,1206.0,data/cohface_5_3.pkl
cohface_5_3,profile1d_cubic__robust_ossm_ukf,0.8051409618573798,0.0,0.0024875621890547263,0.8051409618573798,0.5157545605306799,0.05652691501428956,0.0,0.912106135986733,0.0,1.0624541397682552,0.0,0.0,99.66832504145937,0.18547931910677926,60.3,1206.0,data/cohface_5_3.pkl
cohface_4_1,of_farneback,,,,,,,,,,,,,,,,,data/cohface_4_1.pkl
cohface_4_1,of_farneback__kfstd,,,,,,,,,,,,,,,60.35,,data/cohface_4_1.pkl
cohface_4_1,of_farneback__robust_ossm_ekf,0.40596520298260147,0.0008285004142502071,0.0,0.40596520298260147,0.0,0.45177193848981617,0.0,0.8964374482187241,1.599754246960234e-66,1.0441499063520605,0.06462303231151616,0.0,99.58574979287489,0.16604619860933026,60.35,1207.0,data/cohface_4_1.pkl
cohface_4_1,of_farneback__robust_ossm_ukf,0.39022369511184757,0.0008285004142502071,0.0008285004142502071,0.39022369511184757,0.037282518641259324,0.3337740848497286,0.0,0.9063794531897266,5.08933750853204e-115,1.0492306708422328,0.03811101905550953,0.0,99.33719966859984,0.16178450527593005,60.35,1207.0,data/cohface_4_1.pkl
cohface_4_1,profile1D linear,,,,,,,,,,,,,,,,,data/cohface_4_1.pkl
cohface_4_1,profile1d_linear__kfstd,,,,,,,,,,,,,,,60.35,,data/cohface_4_1.pkl
cohface_4_1,profile1d_linear__robust_ossm_ekf,0.551781275890638,0.0,0.0,0.551781275890638,0.23777961888980945,0.12318828764446066,0.0,0.7622203811101905,0.0,1.0582977501120674,0.024855012427506214,0.0,83.34714167357083,0.11760655172627782,60.35,1207.0,data/cohface_4_1.pkl
cohface_4_1,profile1d_linear__robust_ossm_ukf,0.9386909693454847,0.0,0.0008285004142502071,0.7348798674399337,0.9386909693454847,0.07645519094088504,0.0,0.9179784589892295,0.0,1.0613702559080853,0.004142502071251036,0.0,95.69179784589892,0.1519076803909477,60.35,1207.0,data/cohface_4_1.pkl
cohface_4_1,profile1D quadratic,,,,,,,,,,,,,,,,,data/cohface_4_1.pkl
cohface_4_1,profile1d_quadratic__kfstd,,,,,,,,,,,,,,,60.35,,data/cohface_4_1.pkl
cohface_4_1,profile1d_quadratic__robust_ossm_ekf,0.4863297431648716,0.0,0.0,0.4863297431648716,0.0,0.05504262179212714,0.0,0.8218724109362054,0.0,1.0629339146214363,0.013256006628003313,0.0,98.26014913007457,0.14097435247851606,60.35,1207.0,data/cohface_4_1.pkl
cohface_4_1,profile1d_quadratic__robust_ossm_ukf,0.7075393537696769,0.0,0.0024855012427506215,0.7075393537696769,0.5128417564208783,0.07661319390882425,0.0,0.9403479701739851,0.0,1.0613486560164862,0.007456503728251864,0.0,98.75724937862469,0.20647118065976403,60.35,1207.0,data/cohface_4_1.pkl
cohface_4_1,profile1D cubic,,,,,,,,,,,,,,,,,data/cohface_4_1.pkl
cohface_4_1,profile1d_cubic__kfstd,,,,,,,,,,,,,,,60.35,,data/cohface_4_1.pkl
cohface_4_1,profile1d_cubic__robust_ossm_ekf,0.4747307373653687,0.0,0.0,0.4747307373653687,0.021541010770505385,0.05878514323336541,0.0,0.8061309030654515,0.0,1.0625986955469242,0.013256006628003313,0.0,98.26014913007457,0.144171038259962,60.35,1207.0,data/cohface_4_1.pkl
cohface_4_1,profile1d_cubic__robust_ossm_ukf,0.8591549295774648,0.0,0.0016570008285004142,0.8591549295774648,0.6213753106876554,0.07656685245522753,0.0,0.9353769676884839,0.0,1.06114804501989,0.008285004142502071,0.0,98.59154929577464,0.20803189581020598,60.35,1207.0,data/cohface_4_1.pkl
cohface_16_1,of_farneback,,,,,,,,,,,,,,,,,data/cohface_16_1.pkl
cohface_16_1,of_farneback__kfstd,,,,,,,,,,,,,,,61.9,,data/cohface_16_1.pkl
cohface_16_1,of_farneback__robust_ossm_ekf,0.4668820678513732,0.0016155088852988692,0.0016155088852988692,0.407108239095315,0.4668820678513732,1.077892150263179,1.0,0.9305331179321487,0.05702746262924241,1.0105036231974875,0.24636510500807754,0.0,92.24555735056543,0.08302733771469593,61.9,1238.0,data/cohface_16_1.pkl
cohface_16_1,of_farneback__robust_ossm_ukf,0.2665589660743134,0.0024232633279483036,0.0024232633279483036,0.2665589660743134,0.12197092084006463,606.2941411851014,0.0,0.9410339256865913,0.0,1.030607741686576,0.12035541195476575,0.004038772213247173,98.54604200323102,0.10190674874023255,61.9,1238.0,data/cohface_16_1.pkl
cohface_16_1,profile1D linear,,,,,,,,,,,,,,,,,data/cohface_16_1.pkl
cohface_16_1,profile1d_linear__kfstd,,,,,,,,,,,,,,,61.9,,data/cohface_16_1.pkl
cohface_16_1,profile1d_linear__robust_ossm_ekf,0.7665589660743134,0.0,0.0,0.7665589660743134,0.0,0.059481231787767604,0.0,0.8796445880452343,0.0,1.0625781810530162,0.004038772213247173,0.0,99.91922455573506,0.10949810086630017,61.9,1238.0,data/cohface_16_1.pkl
cohface_16_1,profile1d_linear__robust_ossm_ukf,0.7092084006462036,0.0,0.0,0.7092084006462036,0.0,0.06758528578681262,0.0,0.9434571890145396,0.0,1.0619718374867464,0.004038772213247173,0.0,99.91922455573506,0.13517093637892302,61.9,1238.0,data/cohface_16_1.pkl
cohface_16_1,profile1D quadratic,,,,,,,,,,,,,,,,,data/cohface_16_1.pkl
cohface_16_1,profile1d_quadratic__kfstd,,,,,,,,,,,,,,,61.9,,data/cohface_16_1.pkl
cohface_16_1,profile1d_quadratic__robust_ossm_ekf,0.8416801292407108,0.0,0.0,0.8416801292407108,0.0,0.06155159211932366,0.0,0.8949919224555735,0.0,1.062397143987026,0.008885298869143781,0.0,99.67689822294022,0.12250038811412327,61.9,1238.0,data/cohface_16_1.pkl
cohface_16_1,profile1d_quadratic__robust_ossm_ukf,0.7730210016155089,0.0,0.0,0.7730210016155089,0.44749596122778673,0.06931051916229598,0.0,0.9192245557350566,0.0,1.0618119597842155,0.0032310177705977385,0.0,99.75767366720517,0.15524156777786602,61.9,1238.0,data/cohface_16_1.pkl
cohface_16_1,profile1D cubic,,,,,,,,,,,,,,,,,data/cohface_16_1.pkl
cohface_16_1,profile1d_cubic__kfstd,,,,,,,,,,,,,,,61.9,,data/cohface_16_1.pkl
cohface_16_1,profile1d_cubic__robust_ossm_ekf,0.8392568659127625,0.0,0.0,0.8392568659127625,0.0,0.06075514081345949,0.0,0.8990306946688207,0.0,1.0623106756489797,0.009693053311793215,0.0,99.83844911147011,0.12540574831973453,61.9,1238.0,data/cohface_16_1.pkl
cohface_16_1,profile1d_cubic__robust_ossm_ukf,0.7859450726978998,0.0,0.0024232633279483036,0.7859450726978998,0.5032310177705978,0.0674808231475712,0.0,0.9119547657512116,0.0,1.0617177041073327,0.004038772213247173,0.0,99.91922455573506,0.15383467526339137,61.9,1238.0,data/cohface_16_1.pkl
cohface_25_0,of_farneback,,,,,,,,,,,,,,,,,data/cohface_25_0.pkl
cohface_25_0,of_farneback__kfstd,,,,,,,,,,,,,,,61.65,,data/cohface_25_0.pkl
cohface_25_0,of_farneback__robust_ossm_ekf,0.51338199513382,0.0008110300081103001,0.0,0.51338199513382,0.038929440389294405,0.4834187017769868,0.0,0.927007299270073,3.081142206012817e-58,1.0394807275579168,0.11192214111922141,0.0016220600162206002,98.54014598540147,0.17263570689285576,61.65,1233.0,data/cohface_25_0.pkl
cohface_25_0,of_farneback__robust_ossm_ukf,0.5231143552311436,0.0008110300081103001,0.0008110300081103001,0.5231143552311436,0.042173560421735604,116.38101005888707,0.0,0.9148418491484185,0.0,1.033006052354745,0.129764801297648,0.0040551500405515,98.29683698296837,0.16397073354884045,61.65,1233.0,data/cohface_25_0.pkl
cohface_25_0,profile1D linear,,,,,,,,,,,,,,,,,data/cohface_25_0.pkl
cohface_25_0,profile1d_linear__kfstd,,,,,,,,,,,,,,,61.65,,data/cohface_25_0.pkl
cohface_25_0,profile1d_linear__robust_ossm_ekf,0.9529602595296026,0.0,0.0,0.9529602595296026,0.0,0.0208941159264906,0.0,0.8183292781832928,0.0,1.065190104497294,0.0,0.0,100.0,0.2894250437820819,61.65,1233.0,data/cohface_25_0.pkl
cohface_25_0,profile1d_linear__robust_ossm_ukf,0.7672343876723439,0.0,0.0024330900243309003,0.7672343876723439,0.31062449310624496,0.07345633024822351,0.0,0.9578264395782644,0.0,1.0614900949015291,0.0,0.0,100.0,0.2521381382406565,61.65,1233.0,data/cohface_25_0.pkl
cohface_25_0,profile1D quadratic,,,,,,,,,,,,,,,,,data/cohface_25_0.pkl
cohface_25_0,profile1d_quadratic__kfstd,,,,,,,,,,,,,,,61.65,,data/cohface_25_0.pkl
cohface_25_0,profile1d_quadratic__robust_ossm_ekf,0.6699107866991079,0.0,0.0,0.6699107866991079,0.0,0.07934668929045315,0.0,0.8905109489051095,0.0,1.0611230388173039,0.0008110300081103001,0.0,100.0,0.225412746111429,61.65,1233.0,data/cohface_25_0.pkl
cohface_25_0,profile1d_quadratic__robust_ossm_ukf,0.8304947283049473,0.0,0.0024330900243309003,0.8304947283049473,0.0267639902676399,0.09572767270353578,0.0,0.884022708840227,0.0,1.059960345012145,0.0008110300081103001,0.0,100.0,0.29279874942918466,61.65,1233.0,data/cohface_25_0.pkl
cohface_25_0,profile1D cubic,,,,,,,,,,,,,,,,,data/cohface_25_0.pkl
cohface_25_0,profile1d_cubic__kfstd,,,,,,,,,,,,,,,61.65,,data/cohface_25_0.pkl
cohface_25_0,profile1d_cubic__robust_ossm_ekf,0.8248175182481752,0.0,0.0,0.8248175182481752,0.6171938361719383,0.1392215068156093,0.0,0.9229521492295215,1.3610399604953094e-299,1.0567927190775153,0.014598540145985401,0.0,97.5669099756691,0.15623216792025385,61.65,1233.0,data/cohface_25_0.pkl
cohface_25_0,profile1d_cubic__robust_ossm_ukf,0.8321167883211679,0.0,0.0016220600162206002,0.8321167883211679,0.0267639902676399,0.09987230438141789,0.0,0.8742903487429035,0.0,1.0593518640829125,0.0008110300081103001,0.0,100.0,0.2936586110403969,61.65,1233.0,data/cohface_25_0.pkl
cohface_29_2,of_farneback,,,,,,,,,,,,,,,,,data/cohface_29_2.pkl
cohface_29_2,of_farneback__kfstd,,,,,,,,,,,,,,,61.3,,data/cohface_29_2.pkl
cohface_29_2,of_farneback__robust_ossm_ekf,0.5725938009787929,0.0016313213703099511,0.0,0.5725938009787929,0.013050570962479609,0.4654210842161733,0.0,0.9225122349102773,3.0589448047904544e-63,1.0412919766274455,0.0766721044045677,0.0,99.836867862969,0.24421941835799071,61.3,1226.0,data/cohface_29_2.pkl
cohface_29_2,of_farneback__robust_ossm_ukf,0.5261011419249593,0.0008156606851549756,0.0,0.5261011419249593,0.22920065252854813,0.48668099670055753,0.0,0.9371941272430668,5.424456823821177e-57,1.0387843659682319,0.12805872756933115,0.0,100.0,0.2099492462585562,61.3,1226.0,data/cohface_29_2.pkl
cohface_29_2,profile1D linear,,,,,,,,,,,,,,,,,data/cohface_29_2.pkl
cohface_29_2,profile1d_linear__kfstd,,,,,,,,,,,,,,,61.3,,data/cohface_29_2.pkl
cohface_29_2,profile1d_linear__robust_ossm_ekf,0.4257748776508972,0.0,0.0008156606851549756,0.4257748776508972,0.026101141924959218,0.08662688176409591,0.0,0.9216965742251223,0.0,1.0606744632829905,0.00734094616639478,0.0,99.9184339314845,0.2457291755703012,61.3,1226.0,data/cohface_29_2.pkl
cohface_29_2,profile1d_linear__robust_ossm_ukf,0.632137030995106,0.0008156606851549756,0.0032626427406199023,0.632137030995106,0.09624796084828711,181.2386487492019,0.0,0.9216965742251223,0.0,1.054085667444504,0.008156606851549755,0.0065252854812398045,98.77650897226754,0.2671572970656229,60.7,1226.0,data/cohface_29_2.pkl
cohface_29_2,profile1D quadratic,,,,,,,,,,,,,,,,,data/cohface_29_2.pkl
cohface_29_2,profile1d_quadratic__kfstd,,,,,,,,,,,,,,,61.3,,data/cohface_29_2.pkl
cohface_29_2,profile1d_quadratic__robust_ossm_ekf,0.8311582381729201,0.0,0.0,0.8311582381729201,0.0,0.06977505209937618,0.0,0.9200652528548124,0.0,1.061762794234163,0.0,0.0,100.0,0.4068649375473708,61.3,1226.0,data/cohface_29_2.pkl
cohface_29_2,profile1d_quadratic__robust_ossm_ukf,0.8066884176182708,0.0,0.0024469820554649264,0.8066884176182708,0.07177814029363784,0.09342599420464605,0.0,0.9053833605220228,0.0,1.0601169373118402,0.0,0.0,100.0,0.3078336706572993,61.3,1226.0,data/cohface_29_2.pkl
cohface_29_2,profile1D cubic,,,,,,,,,,,,,,,,,data/cohface_29_2.pkl
cohface_29_2,profile1d_cubic__kfstd,,,,,,,,,,,,,,,61.3,,data/cohface_29_2.pkl
cohface_29_2,profile1d_cubic__robust_ossm_ekf,0.5831973898858075,0.0,0.0,0.5831973898858075,0.0,0.0561661776246318,0.0,0.8964110929853181,0.0,1.0625252381377137,0.0,0.0,100.0,0.26193889065035375,61.3,1226.0,data/cohface_29_2.pkl
cohface_29_2,profile1d_cubic__robust_ossm_ukf,0.8066884176182708,0.0,0.0032626427406199023,0.8066884176182708,0.07177814029363784,0.09508915903098218,0.0,0.9094616639477977,0.0,1.059680134030118,0.0,0.0,100.0,0.30713774689070344,61.3,1226.0,data/cohface_29_2.pkl
cohface_21_3,of_farneback,,,,,,,,,,,,,,,,,data/cohface_21_3.pkl
cohface_21_3,of_farneback__kfstd,,,,,,,,,,,,,,,60.65,,data/cohface_21_3.pkl
cohface_21_3,of_farneback__robust_ossm_ekf,0.3619126133553174,0.0008244023083264633,0.0,0.3619126133553174,0.09315746084089035,0.8276314504879139,0.0,0.9167353668590272,6.6992851925688724e-06,1.0238502341820703,0.1508656224237428,0.0,99.42291838417148,0.17447098792061858,60.65,1213.0,data/cohface_21_3.pkl
cohface_21_3,of_farneback__robust_ossm_ukf,0.5424567188788129,0.0,0.0008244023083264633,0.5424567188788129,0.20527617477328935,0.30021693081552353,0.0,0.9365210222588624,1.1274170888502263e-134,1.0475779832913608,0.05193734542456719,0.0,99.42291838417148,0.20014431047225997,60.65,1213.0,data/cohface_21_3.pkl
cohface_21_3,profile1D linear,,,,,,,,,,,,,,,,,data/cohface_21_3.pkl
cohface_21_3,profile1d_linear__kfstd,,,,,,,,,,,,,,,60.65,,data/cohface_21_3.pkl
cohface_21_3,profile1d_linear__robust_ossm_ekf,0.3454245671887881,0.0,0.0,0.3454245671887881,0.0,0.0839602942958977,0.0,0.8722176422093982,0.0,1.0609067757574695,0.01236603462489695,0.0,100.0,0.1991869903086107,60.65,1213.0,data/cohface_21_3.pkl
cohface_21_3,profile1d_linear__robust_ossm_ukf,0.5103050288540808,0.0,0.005770816158285243,0.5103050288540808,0.05276174773289365,0.09580395639294581,0.0,0.9307502061005771,0.0,1.0599611789902013,0.0,0.0,100.0,0.3526040753592839,60.65,1213.0,data/cohface_21_3.pkl
cohface_21_3,profile1D quadratic,,,,,,,,,,,,,,,,,data/cohface_21_3.pkl
cohface_21_3,profile1d_quadratic__kfstd,,,,,,,,,,,,,,,60.65,,data/cohface_21_3.pkl
cohface_21_3,profile1d_quadratic__robust_ossm_ekf,0.5441055234954658,0.0,0.0,0.5441055234954658,0.4171475680131904,0.07117827485196936,0.0,0.9175597691673537,0.0,1.061701235263826,0.0008244023083264633,0.0,98.43363561417972,0.17494330890971216,60.65,1213.0,data/cohface_21_3.pkl
cohface_21_3,profile1d_quadratic__robust_ossm_ukf,0.832646331409728,0.0,0.0008244023083264633,0.832646331409728,0.01236603462489695,0.08079723451373043,0.0,0.9225061830173125,0.0,1.0610263145308985,0.0008244023083264633,0.0,99.83511953833471,0.2729129575230504,60.65,1213.0,data/cohface_21_3.pkl
cohface_21_3,profile1D cubic,,,,,,,,,,,,,,,,,data/cohface_21_3.pkl
cohface_21_3,profile1d_cubic__kfstd,,,,,,,,,,,,,,,60.65,,data/cohface_21_3.pkl
cohface_21_3,profile1d_cubic__robust_ossm_ekf,0.5877988458367683,0.0,0.0,0.5877988458367683,0.14921681780708987,0.0849952544578907,0.0,0.9233305853256389,0.0,1.0605289740899377,0.0016488046166529267,0.0,98.43363561417972,0.18692921144946592,60.65,1213.0,data/cohface_21_3.pkl
cohface_21_3,profile1d_cubic__robust_ossm_ukf,0.8466611706512778,0.0,0.0016488046166529267,0.8466611706512778,0.8219291014014839,0.07997287465664954,0.0,0.9439406430338005,0.0,1.0608405621672399,0.0008244023083264633,0.0,99.83511953833471,0.25936824490770855,60.65,1213.0,data/cohface_21_3.pkl
cohface_3_3,of_farneback,,,,,,,,,,,,,,,,,data/cohface_3_3.pkl
cohface_3_3,of_farneback__kfstd,,,,,,,,,,,,,,,60.4,,data/cohface_3_3.pkl
cohface_3_3,of_farneback__robust_ossm_ekf,0.2392384105960265,0.0008278145695364238,0.0,0.2392384105960265,0.0,0.6128453201649436,0.0,0.9288079470198676,1.0878434916300556e-28,1.0366181188446963,0.11009933774834436,0.0033112582781456954,99.50331125827815,0.15263294815008077,60.4,1208.0,data/cohface_3_3.pkl
cohface_3_3,of_farneback__robust_ossm_ukf,0.24503311258278146,0.0008278145695364238,0.0008278145695364238,0.24503311258278146,0.0041390728476821195,0.5364529919749746,0.0,0.9387417218543046,1.1896936855026237e-43,1.0411582225675482,0.09519867549668874,0.0024834437086092716,99.50331125827815,0.1540566473801713,60.4,1208.0,data/cohface_3_3.pkl
cohface_3_3,profile1D linear,,,,,,,,,,,,,,,,,data/cohface_3_3.pkl
cohface_3_3,profile1d_linear__kfstd,,,,,,,,,,,,,,,60.4,,data/cohface_3_3.pkl
cohface_3_3,profile1d_linear__robust_ossm_ekf,0.9495033112582781,0.0,0.0,0.9495033112582781,0.0,0.018113543660636052,0.0,0.8269867549668874,0.0,1.0653835047984228,0.0,0.0,99.75165562913908,0.27644336678175746,60.4,1208.0,data/cohface_3_3.pkl
cohface_3_3,profile1d_linear__robust_ossm_ukf,0.7847682119205298,0.0,0.0024834437086092716,0.7847682119205298,0.15894039735099338,0.06766218887520174,0.0,0.9544701986754967,0.0,1.0618934438604795,0.0,0.0,99.75165562913908,0.32636346520616094,60.4,1208.0,data/cohface_3_3.pkl
cohface_3_3,profile1D quadratic,,,,,,,,,,,,,,,,,data/cohface_3_3.pkl
cohface_3_3,profile1d_quadratic__kfstd,,,,,,,,,,,,,,,60.4,,data/cohface_3_3.pkl
cohface_3_3,profile1d_quadratic__robust_ossm_ekf,0.7284768211920529,0.0,0.0,0.7284768211920529,0.0,0.024496058216732924,0.0,0.8004966887417219,0.0,1.0649452564111703,0.0,0.0,99.75165562913908,0.1883412759213302,60.4,1208.0,data/cohface_3_3.pkl
cohface_3_3,profile1d_quadratic__robust_ossm_ukf,0.8004966887417219,0.0,0.004966887417218543,0.8004966887417219,0.15149006622516556,0.07607237663575342,0.0,0.9511589403973509,0.0,1.0613169366970554,0.0,0.0,99.75165562913908,0.31511731917731284,60.4,1208.0,data/cohface_3_3.pkl
cohface_3_3,profile1D cubic,,,,,,,,,,,,,,,,,data/cohface_3_3.pkl
cohface_3_3,profile1d_cubic__kfstd,,,,,,,,,,,,,,,60.4,,data/cohface_3_3.pkl
cohface_3_3,profile1d_cubic__robust_ossm_ekf,0.6672185430463576,0.0,0.0008278145695364238,0.6672185430463576,0.0,0.027032616019545628,0.0,0.7922185430463576,0.0,1.064678451253832,0.0,0.0,99.75165562913908,0.19433775642759682,60.4,1208.0,data/cohface_3_3.pkl
cohface_3_3,profile1d_cubic__robust_ossm_ukf,0.7806291390728477,0.0,0.006622516556291391,0.7806291390728477,0.009933774834437087,0.07832990151659484,0.0,0.9420529801324503,0.0,1.0608840909795525,0.0,0.0,99.75165562913908,0.3444094284818276,60.4,1208.0,data/cohface_3_3.pkl
cohface_25_1,of_farneback,,,,,,,,,,,,,,,,,data/cohface_25_1.pkl
cohface_25_1,of_farneback__kfstd,,,,,,,,,,,,,,,60.9,,data/cohface_25_1.pkl
cohface_25_1,of_farneback__robust_ossm_ekf,0.43596059113300495,0.0008210180623973727,0.0016420361247947454,0.43596059113300495,0.14860426929392448,1.16516184286545,0.0,0.9269293924466339,0.00010266632928268571,1.0018035615827559,0.3399014778325123,0.0,95.8128078817734,0.1908777473217905,60.9,1218.0,data/cohface_25_1.pkl
cohface_25_1,of_farneback__robust_ossm_ukf,0.4696223316912972,0.0,0.0,0.4696223316912972,0.24794745484400657,0.6402849648061077,0.0,0.9318555008210181,1.4820531541086888e-24,1.0290075703261008,0.19458128078817735,0.0,100.0,0.17626470379627313,60.9,1218.0,data/cohface_25_1.pkl
cohface_25_1,profile1D linear,,,,,,,,,,,,,,,,,data/cohface_25_1.pkl
cohface_25_1,profile1d_linear__kfstd,,,,,,,,,,,,,,,60.9,,data/cohface_25_1.pkl
cohface_25_1,profile1d_linear__robust_ossm_ekf,0.764367816091954,0.0,0.0,0.764367816091954,0.0,0.05593932460129059,0.0,0.861247947454844,0.0,1.062736236851135,0.0,0.0,100.0,0.26015690557417787,60.9,1218.0,data/cohface_25_1.pkl
cohface_25_1,profile1d_linear__robust_ossm_ukf,0.7438423645320197,0.0,0.004105090311986864,0.7438423645320197,0.29720853858784896,0.08422453985058603,0.0,0.9351395730706076,0.0,1.0607395578251588,0.0,0.0,100.0,0.2745119497724558,60.9,1218.0,data/cohface_25_1.pkl
cohface_25_1,profile1D quadratic,,,,,,,,,,,,,,,,,data/cohface_25_1.pkl
cohface_25_1,profile1d_quadratic__kfstd,,,,,,,,,,,,,,,60.9,,data/cohface_25_1.pkl
cohface_25_1,profile1d_quadratic__robust_ossm_ekf,0.625615763546798,0.0,0.0,0.625615763546798,0.09770114942528736,0.10292969154979248,0.0,0.9408866995073891,0.0,1.0594702634387825,0.0,0.0,100.0,0.28699034702398674,60.9,1218.0,data/cohface_25_1.pkl
cohface_25_1,profile1d_quadratic__robust_ossm_ukf,0.8645320197044335,0.0,0.005747126436781609,0.8645320197044335,0.0024630541871921183,0.10880271560932979,0.0,0.9121510673234812,0.0,1.0590614192057248,0.0,0.0,100.0,0.37016781054724684,60.9,1218.0,data/cohface_25_1.pkl
cohface_25_1,profile1D cubic,,,,,,,,,,,,,,,,,data/cohface_25_1.pkl
cohface_25_1,profile1d_cubic__kfstd,,,,,,,,,,,,,,,60.9,,data/cohface_25_1.pkl
cohface_25_1,profile1d_cubic__robust_ossm_ekf,0.6945812807881774,0.0,0.0008210180623973727,0.6945812807881774,0.15024630541871922,0.1189811250741031,0.0,0.9400656814449918,0.0,1.0580660981131975,0.0,0.0,100.0,0.2741683274691921,60.9,1218.0,data/cohface_25_1.pkl
cohface_25_1,profile1d_cubic__robust_ossm_ukf,0.8916256157635468,0.0,0.008210180623973728,0.8916256157635468,0.0,0.11364183037627619,0.0,0.9113300492610837,0.0,1.0583807383689814,0.0,0.0,100.0,0.38028685352586455,60.9,1218.0,data/cohface_25_1.pkl
cohface_30_2,of_farneback,,,,,,,,,,,,,,,,,data/cohface_30_2.pkl
cohface_30_2,of_farneback__kfstd,,,,,,,,,,,,,,,61.6,,data/cohface_30_2.pkl
cohface_30_2,of_farneback__robust_ossm_ekf,0.30762987012987014,0.0,0.0,0.30762987012987014,0.19967532467532467,0.11156649873629601,0.0,0.9293831168831169,0.0,1.0587281416722982,0.008116883116883116,0.0,99.75649350649351,0.10135908964235929,61.6,1232.0,data/cohface_30_2.pkl
cohface_30_2,of_farneback__robust_ossm_ukf,0.48133116883116883,0.0008116883116883117,0.0008116883116883117,0.48133116883116883,0.1590909090909091,738.0712565188959,0.0,0.898538961038961,0.0,1.0560304122520219,0.006493506493506494,0.004058441558441558,99.02597402597402,0.11140182010930065,61.6,1232.0,data/cohface_30_2.pkl
cohface_30_2,profile1D linear,,,,,,,,,,,,,,,,,data/cohface_30_2.pkl
cohface_30_2,profile1d_linear__kfstd,,,,,,,,,,,,,,,61.6,,data/cohface_30_2.pkl
cohface_30_2,profile1d_linear__robust_ossm_ekf,0.7191558441558441,0.0,0.0,0.7191558441558441,0.6996753246753247,0.08040186906735636,0.0,0.8368506493506493,0.0,1.0614201979385063,0.012987012987012988,0.0,99.83766233766234,0.1416323640921376,61.6,1232.0,data/cohface_30_2.pkl
cohface_30_2,profile1d_linear__robust_ossm_ukf,0.6282467532467533,0.0,0.004058441558441558,0.6282467532467533,0.46266233766233766,0.0590464413094379,0.0,0.9293831168831169,0.0,1.0625234948129296,0.0,0.0,99.83766233766234,0.2211776196911328,61.6,1232.0,data/cohface_30_2.pkl
cohface_30_2,profile1D quadratic,,,,,,,,,,,,,,,,,data/cohface_30_2.pkl
cohface_30_2,profile1d_quadratic__kfstd,,,,,,,,,,,,,,,61.6,,data/cohface_30_2.pkl
cohface_30_2,profile1d_quadratic__robust_ossm_ekf,0.6168831168831169,0.0,0.0,0.6168831168831169,0.10308441558441558,0.0243369509941529,0.0,0.8693181818181818,0.0,1.064944005221044,0.0,0.0,99.75649350649351,0.13086868776612046,61.6,1232.0,data/cohface_30_2.pkl
cohface_30_2,profile1d_quadratic__robust_ossm_ukf,0.5965909090909091,0.0008116883116883117,0.002435064935064935,0.5965909090909091,0.1599025974025974,2015.4752824482207,0.0,0.8863636363636364,0.0,1.0578465768527128,0.005681818181818182,0.004058441558441558,98.62012987012987,0.1466398550213219,37.4,1232.0,data/cohface_30_2.pkl
cohface_30_2,profile1D cubic,,,,,,,,,,,,,,,,,data/cohface_30_2.pkl
cohface_30_2,profile1d_cubic__kfstd,,,,,,,,,,,,,,,61.6,,data/cohface_30_2.pkl
cohface_30_2,profile1d_cubic__robust_ossm_ekf,0.6087662337662337,0.0,0.0,0.6087662337662337,0.1590909090909091,0.027822843898203373,0.0,0.8668831168831169,0.0,1.0645917342354088,0.0,0.0,99.75649350649351,0.133698191787329,61.6,1232.0,data/cohface_30_2.pkl
cohface_30_2,profile1d_cubic__robust_ossm_ukf,0.6793831168831169,0.0008116883116883117,0.0016233766233766235,0.6793831168831169,0.1599025974025974,129215.58513858377,0.0,0.8887987012987013,0.0,1.0570162595414374,0.006493506493506494,0.00487012987012987,98.78246753246754,0.1508865904876883,37.45,1232.0,data/cohface_30_2.pkl
cohface_13_2,of_farneback,,,,,,,,,,,,,,,,,data/cohface_13_2.pkl
cohface_13_2,of_farneback__kfstd,,,,,,,,,,,,,,,62.15,,data/cohface_13_2.pkl
cohface_13_2,of_farneback__robust_ossm_ekf,0.39823008849557523,0.002413515687851971,0.0,0.39823008849557523,0.013676588897827836,1.0024431733167658,1.0,0.9283990345937249,0.9408296346820471,1.0149282462882885,0.2598551890587289,0.0,95.25341914722446,0.15287127342064974,62.15,1243.0,data/cohface_13_2.pkl
cohface_13_2,of_farneback__robust_ossm_ukf,0.5792437650844731,0.0016090104585679806,0.0016090104585679806,0.5792437650844731,0.10378117457763475,6203286.898195884,0.0,0.8769106999195495,0.0,1.0196083304556025,0.22204344328238135,0.004022526146419952,95.25341914722446,0.13812526865338867,62.15,1243.0,data/cohface_13_2.pkl
cohface_13_2,profile1D linear,,,,,,,,,,,,,,,,,data/cohface_13_2.pkl
cohface_13_2,profile1d_linear__kfstd,,,,,,,,,,,,,,,62.15,,data/cohface_13_2.pkl
cohface_13_2,profile1d_linear__robust_ossm_ekf,0.8053097345132744,0.0,0.0008045052292839903,0.8053097345132744,0.0,0.049764223847794484,0.0,0.8809332260659695,0.0,1.0631637788911825,0.0,0.0,99.6781979082864,0.1942137071969611,62.15,1243.0,data/cohface_13_2.pkl
cohface_13_2,profile1d_linear__robust_ossm_ukf,0.9533386967015286,0.0,0.006436041834271922,0.9533386967015286,0.0,0.08394831602887744,0.0,0.916331456154465,0.0,1.0607726528627432,0.0,0.0,99.6781979082864,0.3314206067810807,62.15,1243.0,data/cohface_13_2.pkl
cohface_13_2,profile1D quadratic,,,,,,,,,,,,,,,,,data/cohface_13_2.pkl
cohface_13_2,profile1d_quadratic__kfstd,,,,,,,,,,,,,,,41.65,,data/cohface_13_2.pkl
cohface_13_2,profile1d_quadratic__robust_ossm_ekf,0.7465808527755431,0.0,0.0,0.7465808527755431,0.12389380530973451,0.2137971692421806,0.0,0.917135961383749,2.586813487188159e-206,1.0519656352481237,0.012067578439259855,0.0,96.05792437650845,0.1511130346231083,62.15,1243.0,data/cohface_13_2.pkl
cohface_13_2,profile1d_quadratic__robust_ossm_ukf,0.8913917940466614,0.0,0.004022526146419952,0.8913917940466614,0.0,0.09412798109480655,0.0,0.8938053097345132,0.0,1.0600953060471556,0.0,0.0,99.6781979082864,0.33873074015321525,62.15,1243.0,data/cohface_13_2.pkl
cohface_13_2,profile1D cubic,,,,,,,,,,,,,,,,,data/cohface_13_2.pkl
cohface_13_2,profile1d_cubic__kfstd,,,,,,,,,,,,,,,62.15,,data/cohface_13_2.pkl
cohface_13_2,profile1d_cubic__robust_ossm_ekf,0.7964601769911505,0.0,0.0,0.7964601769911505,0.0925181013676589,0.074316552936955,0.0,0.8648431214802896,0.0,1.0612810252196074,0.0,0.0,99.6781979082864,0.21924516582796166,62.15,1243.0,data/cohface_13_2.pkl
cohface_13_2,profile1d_cubic__robust_ossm_ukf,0.8905872888173774,0.0,0.007240547063555913,0.8905872888173774,0.0,0.09301917542555953,0.0,0.8897827835880934,0.0,1.0598876144687028,0.0,0.0,99.6781979082864,0.3341975453160459,62.15,1243.0,data/cohface_13_2.pkl
