video,mae_external_output_rate_t,mae_external_rate_posterior_mean_t,mae_external_rate_posterior_mode_t,mae_final_track_hz,mae_native_causal_track_hz,mae_native_smoothed_track_hz,mae_state_freq_t,track_median_external_output_rate_t,track_median_external_rate_posterior_mean_t,track_median_external_rate_posterior_mode_t,track_median_final_track_hz,track_median_native_causal_track_hz,track_median_native_smoothed_track_hz,track_median_state_freq_t,oracle_best_source,oracle_best_mae,final_mae,oracle_room_bpm,data_file,method,enabled,readout_abstained,readout_inactive_reason,paper_candidate_hard_abstention,source,calibration,abstention_guard,coverage,alpha_mean,alpha_median,alpha_active_fraction,ambiguous_alias_fraction,unresolved_p1d_alias_fraction,p1d_half_rescue_fraction,weak_direct_macro_fraction,alias_risk_mean,h1_role_support_mean,morphology_alias_pressure_mean,abstain_pressure_mean,large_downshift_fraction,well_supported_downshift_fraction,guarded_downshift_fraction,high_base_conflict_fraction,posterior_confidence_mean,posterior_entropy_median,posterior_top_gap_median,posterior_macro_support_median,posterior_direct_macro_support_median,posterior_motion_direct_support_median,posterior_alias_risk_median,posterior_independent_timing_support_median,posterior_bridge_timing_preservation_median,posterior_morphology_alias_pressure_median,posterior_h1_role_support_median,posterior_abstain_pressure_median,posterior_signal_sqi_observability_enabled,posterior_signal_sqi_support_median,posterior_phase_coherence_support_median,source_validity_confidence_mean,source_validity_entropy_median,source_validity_top_gap_median,source_validity_mode_hz_median,source_validity_selected_group_counts,source_validity_guard_alpha_mean,source_validity_guard_alpha_median,source_validity_guard_active_fraction,source_validity_global_specificity,specificity_boost_enabled,specific_posterior_correction_fraction,readout_group_rate_mode_counts,posterior_group_rate_mode_counts,readout_derived_consistency_counts,posterior_derived_consistency_counts,source_spread_hz,source_spread_bpm,readout_confidence_score,posterior_specificity_score,support_score,h1_role_score,alias_safety_score,source_agreement_score,abstain_pressure_score,target_observability_score,failure_mode
mahnob_10,2.58,2.03,3.67,2.47,2.42,2.68,2.74,0.2788685919384144,0.256372151062363,0.2858533929086007,0.2684574847496918,0.2702596845953234,0.2712550712056065,0.2756198672511057,external_rate_posterior_mean_t,2.03,2.47,0.4400000000000004,mahnob_10.pkl,parh_ossm,True,False,,False,candidate_rate_posterior_final,bounded_correction_to_existing_readout,target_computable_downshift_specificity,1.0,0.2240423807518205,0.2299547281701999,1.0,0.0,0.0,0.0,0.0,1.999611487953834e-12,0.8106807067843455,1.999611487953834e-12,0.078585163304882,0.0,0.0,0.0,0.0,0.2432637318151963,0.9052410016090836,0.2834606306202139,1.0,1.0,0.6350397240106795,4.2419827851700603e-13,0.9874293006560972,0.0287909934589451,4.2419827851700603e-13,0.8259946689659254,0.0522015993107386,True,0.5243255797935409,0.5561891471101617,,,,,"{""G_DoF"": 3, ""G_DoF_bridge"": 5, ""G_OF"": 4}",,,,,False,0.6335455965397092,"{""harmonic_anchor"": 60, ""motion_timing_track_preserved"": 24}","{""harmonic_anchor"": 60, ""motion_timing_track_preserved"": 24}",{},{},0.022496440876051405,1.3497864525630843,0.2240423807518205,0.6734117447539557,1.0,0.8259946689659254,0.9999999999995758,0.6642968290144005,0.0522015993107386,0.6758016674539377,bounded_or_no_clear_room
mahnob_1042,3.36,3.5,3.09,3.28,3.02,3.03,2.94,0.2422715206581085,0.221929862079806,0.2449533671369867,0.2407649948236362,0.2302900463311964,0.2384552722449935,0.2339693860156875,state_freq_t,2.94,3.28,0.33999999999999986,mahnob_1042.pkl,parh_ossm,True,False,,False,candidate_rate_posterior_final,bounded_correction_to_existing_readout,target_computable_downshift_specificity,1.0,0.1666280917170052,0.1652507879499486,1.0,0.0,0.0,0.3503727369542066,0.0719610527917237,0.1561959449272933,0.6823083008935024,0.1561959449272933,0.2246897938804877,0.1647649475125513,0.0,0.1647649475125513,0.0,0.1215860548335696,0.978688273918314,0.1463384566310123,0.6666666666666666,0.6666666666666666,0.5628795049023618,0.0784168819599517,0.8518373407665627,0.2565637752448351,0.0784168819599517,0.6714643104830104,0.2563918774654162,True,0.3777818787084761,0.5857837677113463,,,,,"{""G_DoF"": 6, ""G_DoF_bridge"": 1, ""G_OF"": 2}",,,,,False,0.0,"{""harmonic_anchor"": 45, ""motion_timing_track_preserved"": 18}","{""harmonic_anchor"": 45, ""motion_timing_track_preserved"": 18}",{},{},0.0203416585783025,1.22049951469815,0.1666280917170052,0.2080596927836837,0.6666666666666666,0.6714643104830104,0.9215831180400483,0.6908390968786535,0.2563918774654162,0.46567079770577063,bounded_or_no_clear_room
mahnob_1044,2.25,1.78,3.38,1.92,1.58,1.63,1.42,0.2300075633026115,0.2173751934791886,0.2470623164326032,0.218272393350488,0.1961258468262922,0.2101646759807836,0.194538114035958,state_freq_t,1.42,1.92,0.5,mahnob_1044.pkl,parh_ossm,True,False,,False,candidate_rate_posterior_final,bounded_correction_to_existing_readout,target_computable_downshift_specificity,1.0,0.2374219726853781,0.184913824718634,1.0,0.0,0.0,0.3610179522588281,0.0,0.1969183484225506,0.720390909361873,0.1969183484225506,0.2452242486799215,0.1203393174196093,0.0,0.1203393174196093,0.0,0.1714263672334844,0.963254190379799,0.3711962722242109,0.6666666666666666,0.6666666666666666,0.6881762621083353,0.2344966521091904,0.9485643922964048,0.2382036974782315,0.2344966521091904,0.7038478745011226,0.2942291733151415,True,0.4460236449677203,0.7774933371202163,,,,,"{""G_DoF"": 2, ""G_DoF_bridge"": 1, ""G_OF"": 3}",,,,,False,0.1203393174196093,"{""harmonic_anchor"": 35, ""motion_timing_track_preserved"": 14}","{""harmonic_anchor"": 35, ""motion_timing_track_preserved"": 14}",{},{},0.03546944926665349,2.1281669559992094,0.2374219726853781,0.6010310830668979,0.6666666666666666,0.7038478745011226,0.7655033478908095,0.5247154949943991,0.2942291733151415,0.5230130253114397,bounded_or_no_clear_room
mahnob_1046,3.63,3.96,3.51,3.69,3.9,3.81,3.54,0.2573620654688065,0.2570203294048573,0.2626220584853817,0.2454911685005497,0.2417136110541111,0.2430388155664823,0.2566793469223096,state_freq_t,3.54,3.69,0.1499999999999999,mahnob_1046.pkl,parh_ossm,True,False,,False,candidate_rate_posterior_final,bounded_correction_to_existing_readout,target_computable_downshift_specificity,1.0,0.1881028936008884,0.1905111664342424,1.0,0.0,0.0,0.0,0.0,1.3647015366018072e-08,0.8215964835762934,1.3647015366018072e-08,0.0931213890879849,0.0,0.0,0.0,0.0,0.1753314006644929,0.9189453917653936,0.2290489342972395,0.6666666666666666,0.6666666666666666,0.6250392490907966,7.158024353423114e-11,0.986136914131968,0.1931004798338471,7.158024353423114e-11,0.8292706140629484,0.0923478084989765,True,0.4204549128207232,0.5665363728268683,,,,,"{""G_DoF"": 7, ""G_OF"": 1}",,,,,False,0.3118609406952965,"{""harmonic_anchor"": 40, ""motion_timing_track_preserved"": 16}","{""harmonic_anchor"": 40, ""motion_timing_track_preserved"": 16}",{},{},0.014323249902324225,0.8593949941394535,0.1881028936008884,0.5060054576849136,0.6666666666666666,0.8292706140629484,0.9999999999284197,0.7707257115214325,0.0923478084989765,0.5904551973381555,likely_video_or_reference_limited
mahnob_1048,4.74,4.31,4.34,4.41,5.23,4.08,4.18,0.2203123242695227,0.2285710427834981,0.2519104307563271,0.2252090360696374,0.2067749360212036,0.2243610828620261,0.2184673571827148,native_smoothed_track_hz,4.08,4.41,0.33000000000000007,mahnob_1048.pkl,parh_ossm,True,False,,False,candidate_rate_posterior_final,bounded_correction_to_existing_readout,target_computable_downshift_specificity,1.0,0.2512069417164126,0.251485880698814,1.0,0.0,0.0,0.8581065364038148,0.0,0.1510171526336161,0.7542371399032991,0.1510171526336161,0.2067882919774991,0.0,0.0,0.0,0.0,0.1824494027084472,0.9305293715430942,0.2924393560117537,0.6666666666666666,0.6666666666666666,0.7405580893964179,0.1716745527151268,0.9573471423872286,0.2376087509795618,0.1716745527151268,0.7594473815595164,0.2165867895254648,True,0.4079654864462209,0.4822435149937401,,,,,"{""G_DoF"": 6}",,,,,False,0.1418934635961851,"{""harmonic_anchor"": 30, ""motion_timing_track_preserved"": 12}","{""harmonic_anchor"": 30, ""motion_timing_track_preserved"": 12}",{},{},0.010103685600783313,0.6062211360469988,0.2512069417164126,0.6359605089985952,0.6666666666666666,0.7594473815595164,0.8283254472848732,0.832182613754028,0.2165867895254648,0.5897193439783369,likely_video_or_reference_limited
mahnob_1050,3.22,3.01,3.39,3.32,3.42,3.48,3.11,0.2640184148624304,0.2593984259360904,0.2697721411160592,0.254638439349343,0.2484642909372548,0.2541613716754375,0.2633423031468163,external_rate_posterior_mean_t,3.01,3.32,0.31000000000000005,mahnob_1050.pkl,parh_ossm,True,False,,False,candidate_rate_posterior_final,bounded_correction_to_existing_readout,target_computable_downshift_specificity,1.0,0.2097255377591718,0.2061878027593261,1.0,0.0,0.0,0.0,0.0,3.237581483616573e-09,0.7819720788457133,3.237581483616573e-09,0.0814713024286467,0.0,0.0,0.0,0.0,0.2077234751220006,0.8707240463503986,0.1668037528325326,1.0,1.0,0.7579317880738468,2.044595789738139e-10,0.9768216278905448,0.0070488597248775,2.044595789738139e-10,0.7952587692223119,0.0659578609194047,True,0.3710699166076757,0.6709045681709854,,,,,"{""G_DoF_bridge"": 5, ""G_OF"": 5}",,,,,False,0.7423986486486487,"{""harmonic_anchor"": 50, ""motion_timing_track_preserved"": 20}","{""harmonic_anchor"": 50, ""motion_timing_track_preserved"": 20}",{},{},0.009857043186992875,0.5914225912195725,0.2097255377591718,0.3895309689634661,1.0,0.7952587692223119,0.9999999997955404,0.8359228398090058,0.0659578609194047,0.6266228914741241,bounded_or_no_clear_room
mahnob_1052,2.36,2.69,2.21,2.65,3.68,3.09,2.78,0.2023133659891499,0.2136886788275893,0.2315515884372577,0.2067009194714639,0.1794523586607645,0.2045081480967435,0.1924494774530157,external_output_rate_t,2.36,2.65,0.29000000000000004,mahnob_1052.pkl,parh_ossm,True,False,,False,candidate_rate_posterior_final,bounded_correction_to_existing_readout,target_computable_downshift_specificity,1.0,0.1606454197231431,0.1663944729038178,1.0,0.0815917070723959,0.0,0.0,0.0,0.0140299934354944,0.7640439720647723,0.0140299934354944,0.1372959154377123,0.0,0.0,0.0,0.0,0.1500980913296627,0.9189771706314608,0.0596887089404228,0.6666666666666666,0.6666666666666666,0.6677581957504533,0.0002563096957677,0.8592589798518975,0.0430691519326143,0.0002563096957677,0.7444458822233777,0.126750838986333,True,0.4161297895063448,0.6490436754111588,,,,,"{""G_DoF"": 7, ""G_DoF_bridge"": 1}",,,,,False,0.0,"{""harmonic_anchor"": 40, ""motion_timing_track_preserved"": 16}","{""harmonic_anchor"": 40, ""motion_timing_track_preserved"": 16}",{},{},0.021239201374573607,1.2743520824744166,0.1606454197231431,0.09104244763447174,0.6666666666666666,0.7444458822233777,0.9997436903042323,0.6796568111339351,0.126750838986333,0.47528887755158183,bounded_or_no_clear_room
mahnob_1054,3.86,2.75,4.52,2.67,4.25,3.91,4.26,0.1899834916070639,0.2605934809638572,0.220233297008914,0.2420917748678231,0.2893409140812981,0.2910394774496818,0.2713354074138777,final_track_hz,2.67,2.67,0.0,mahnob_1054.pkl,parh_ossm,True,False,,False,candidate_rate_posterior_final,bounded_correction_to_existing_readout,target_computable_downshift_specificity,1.0,0.1096662192862343,0.1634942649874374,1.0,0.4246368609696284,0.0,0.0,0.0,3.332503469529434e-11,0.7414243581286596,3.332503469529434e-11,0.1275726925797309,0.0794189775514054,0.0,0.0794189775514054,0.0,0.1171872968191343,0.978059462605283,0.1128312892992405,0.6666666666666666,0.6666666666666666,0.5462641056728568,1.880179545061976e-21,0.9615950021100972,0.0685148869041307,1.880179545061976e-21,0.7892664643908344,0.1132200606827496,True,0.4581220988789748,0.516554880893014,,,,,"{""G_DoF"": 4, ""G_OF"": 3}",,,,,False,0.0,"{""harmonic_anchor"": 35, ""motion_timing_track_preserved"": 14}","{""harmonic_anchor"": 35, ""motion_timing_track_preserved"": 14}",{},{},0.10105598584261788,6.063359150557073,0.1096662192862343,0.11566404233145522,0.6666666666666666,0.7892664643908344,1.0,0.1592338248045045,0.1132200606827496,0.4235407093586503,bounded_or_no_clear_room
mahnob_1056,3.53,2.86,3.7,3.11,3.0,3.06,3.07,0.2836823702359914,0.2636874908110941,0.2727081642969196,0.2696971617258365,0.2558893530562274,0.2632743913987592,0.2732285001674862,external_rate_posterior_mean_t,2.86,3.11,0.25,mahnob_1056.pkl,parh_ossm,True,False,,False,candidate_rate_posterior_final,bounded_correction_to_existing_readout,target_computable_downshift_specificity,1.0,0.1854361932505014,0.1940664252682383,1.0,0.0,0.0,0.0,0.0,6.23320491711472e-06,0.8053296002238496,6.23320491711472e-06,0.0979658594357688,0.0,0.0,0.0,0.0,0.1594927907080638,0.930724423923064,0.1833433129586016,0.6666666666666666,0.6666666666666666,0.5457747569994117,1.0776129891726769e-10,0.975700624879184,0.0235020505612555,1.0776129891726769e-10,0.8234069020704446,0.1010802038534617,True,0.4221551500718994,0.608336068821997,,,,,"{""G_DoF_bridge"": 2, ""G_OF"": 7, ""G_P1D_cons"": 1}",,,,,False,0.357456782888954,"{""harmonic_anchor"": 50, ""motion_timing_track_preserved"": 20}","{""harmonic_anchor"": 50, ""motion_timing_track_preserved"": 20}",{},{},0.02040797883723222,1.2244787302339333,0.1854361932505014,0.36536824485470315,0.6666666666666666,0.8234069020704446,0.9999999998922388,0.6900065693238512,0.1010802038534617,0.5518363691250073,bounded_or_no_clear_room
mahnob_1058,4.19,2.98,4.18,3.81,3.5,3.15,3.27,0.1916174197923023,0.224609235699787,0.1833020062423591,0.1949244339117734,0.1883627355444283,0.1994619566003094,0.1906843926158103,external_rate_posterior_mean_t,2.98,3.81,0.8300000000000001,mahnob_1058.pkl,parh_ossm,True,False,,False,candidate_rate_posterior_final,bounded_correction_to_existing_readout,target_computable_downshift_specificity,1.0,0.1531309286234775,0.1549946060671329,1.0,0.069223785746709,0.0,0.0,0.0,0.1009198335251869,0.6318547031315731,0.1009198335251869,0.2291077631740493,0.0,0.0,0.0,0.0,0.1196863336771773,0.9713256850916702,0.1516250669053325,0.6666666666666666,0.6666666666666666,0.5035483421408379,0.0805849904084756,0.7770299475115596,0.0032770013795513,0.0805849904084756,0.623961375058234,0.2542313432701016,True,0.4172934589166653,0.6387658848584628,,,,,"{""G_DoF"": 10, ""G_OF"": 3}",,,,,False,0.0,"{""harmonic_anchor"": 65, ""motion_timing_track_preserved"": 26}","{""harmonic_anchor"": 65, ""motion_timing_track_preserved"": 26}",{},{},0.0339248430839767,2.035490585038602,0.1531309286234775,0.22958051563342968,0.6666666666666666,0.623961375058234,0.9194150095915244,0.539660344602079,0.2542313432701016,0.44424819311321684,source_selection_room_agreement_available
mahnob_1060,3.81,4.48,4.52,4.56,5.72,5.84,6.34,0.2366451752070772,0.2525400834298097,0.2392527977752393,0.2466696069619738,0.2478368041394681,0.2558124233384382,0.243737211284461,external_output_rate_t,3.81,4.56,0.7499999999999996,mahnob_1060.pkl,parh_ossm,True,False,,False,candidate_rate_posterior_final,bounded_correction_to_existing_readout,target_computable_downshift_specificity,1.0,0.119011416448783,0.162020910077107,1.0,0.3076049943246311,0.0,0.0,0.0479568671963677,2.338009543490513e-10,0.791611801672809,2.338009543490513e-10,0.1162663322404348,0.1345062429057889,0.0,0.1345062429057889,0.0,0.1388181511608934,0.9685944631584492,0.1162790706493141,0.6666666666666666,0.6666666666666666,0.5700474369481769,3.845159017837053e-14,0.9212184211912684,0.0677876240560575,3.845159017837053e-14,0.7868353437277239,0.1239378673466679,True,0.4528236036703386,0.5982138662211824,,,,,"{""G_DoF"": 7, ""G_OF"": 3}",,,,,False,0.0,"{""harmonic_anchor"": 50, ""motion_timing_track_preserved"": 20}","{""harmonic_anchor"": 50, ""motion_timing_track_preserved"": 20}",{},{},0.019167248131360975,1.1500348878816586,0.119011416448783,0.13893661135934324,0.6666666666666666,0.7868353437277239,0.9999999999999616,0.7057491469452032,0.1239378673466679,0.4837466059030707,bounded_or_no_clear_room
mahnob_1062,3.5,3.35,3.53,3.73,3.76,4.14,3.45,0.2551159008754722,0.231368373692875,0.2538582631163885,0.2415192257858345,0.2372265746291733,0.2421439364723744,0.2527809742343307,external_rate_posterior_mean_t,3.35,3.73,0.3799999999999999,mahnob_1062.pkl,parh_ossm,True,False,,False,candidate_rate_posterior_final,bounded_correction_to_existing_readout,target_computable_downshift_specificity,1.0,0.1429632611429495,0.189946401836722,1.0,0.2485628250752806,0.0,0.0,0.0,1.5607882730397505e-06,0.8207148748111989,1.5607882730397505e-06,0.0781118223379106,0.0834930194360799,0.0,0.0834930194360799,0.0,0.1748473476519662,0.935733153319833,0.1509627565796915,1.0,1.0,0.6699284732820243,2.41576351620049e-11,0.97603986874427,0.1442382466090777,2.41576351620049e-11,0.8271122935589166,0.0716581206542261,True,0.4023156382254854,0.5867845229650527,,,,,"{""G_DoF"": 8, ""G_DoF_bridge"": 2}",,,,,False,0.1669860388721598,"{""harmonic_anchor"": 50, ""motion_timing_track_preserved"": 20}","{""harmonic_anchor"": 50, ""motion_timing_track_preserved"": 20}",{},{},0.023747527182597206,1.4248516309558323,0.1429632611429495,0.27438389680471187,1.0,0.8271122935589166,0.9999999999758423,0.6493566201078207,0.0716581206542261,0.572454288622253,bounded_or_no_clear_room
mahnob_1064,3.71,3.46,3.61,3.76,3.41,3.85,3.97,0.2424613493221684,0.2364088274567706,0.237910719259194,0.2456739212670893,0.2382286093191888,0.252345609008798,0.2470483426613102,external_rate_posterior_mean_t,3.46,3.76,0.2999999999999998,mahnob_1064.pkl,parh_ossm,True,False,,False,candidate_rate_posterior_final,bounded_correction_to_existing_readout,target_computable_downshift_specificity,1.0,0.1707648966640395,0.1807541806787872,1.0,0.089416593374377,0.0,0.089416593374377,0.0,0.0260484697677251,0.8029607398306968,0.0260484697677251,0.0995667039081831,0.0,0.0,0.0,0.0,0.1514331930723702,0.9131886087821685,0.1115968071618712,0.8333333333333333,0.8333333333333333,0.6419693625928354,1.0114461163780344e-08,0.9803841455920232,0.2119988862292265,1.0114461163780344e-08,0.8206757808299092,0.0847908705190871,True,0.4079256241810052,0.6499361695816954,,,,,"{""G_DoF"": 3, ""G_DoF_bridge"": 1, ""G_OF"": 6}",,,,,False,0.0,"{""harmonic_anchor"": 50, ""motion_timing_track_preserved"": 20}","{""harmonic_anchor"": 50, ""motion_timing_track_preserved"": 20}",{},{},0.01593678155202738,0.9562068931216428,0.1707648966640395,0.18398924952745135,0.8333333333333333,0.8206757808299092,0.9999999898855388,0.7484434234276165,0.0847908705190871,0.5439556949696702,bounded_or_no_clear_room
mahnob_1066,2.22,4.18,5.5,2.51,2.43,3.29,3.04,0.2179496897623824,0.2541684524375865,0.2840830428017735,0.2268187369116087,0.2263252145130283,0.2349196061578027,0.2302853313300908,external_output_rate_t,2.22,2.51,0.2899999999999996,mahnob_1066.pkl,parh_ossm,True,False,,False,candidate_rate_posterior_final,bounded_correction_to_existing_readout,target_computable_downshift_specificity,1.0,0.1976677056254356,0.2223196953578332,1.0,0.1850464696906644,0.0,0.4076848383964488,0.0,0.1467519081149391,0.695680823093872,0.1467519081149391,0.2149692614209049,0.0692190317658482,0.0,0.0692190317658482,0.0,0.1448357685940461,0.9718102549256934,0.1597060007025066,0.6666666666666666,0.6666666666666666,0.5161066418531,7.513920960784814e-05,0.9107822957137206,0.000650718660644,7.513920960784814e-05,0.6862493988546935,0.1538927207104269,True,0.3774143001547885,0.5671916027757344,,,,,"{""G_DoF"": 1, ""G_DoF_bridge"": 4, ""G_OF"": 5}",,,,,False,0.2538493549729504,"{""harmonic_anchor"": 50, ""motion_timing_track_preserved"": 20}","{""harmonic_anchor"": 50, ""motion_timing_track_preserved"": 20}",{},{},0.0362187626752041,2.1731257605122463,0.1976677056254356,0.2563484007250089,0.6666666666666666,0.6862493988546935,0.9999248607903921,0.5176153098325823,0.1538927207104269,0.4899850044103391,bounded_or_no_clear_room
mahnob_1068,5.83,5.04,6.55,5.27,5.21,3.98,3.81,0.1934910146911311,0.2237689559032779,0.1842302041273834,0.2215277131409128,0.2357088235997981,0.2691029440850545,0.2587925349636224,state_freq_t,3.81,5.27,1.4599999999999995,mahnob_1068.pkl,parh_ossm,True,False,,False,candidate_rate_posterior_final,bounded_correction_to_existing_readout,target_computable_downshift_specificity,1.0,0.1569938859240834,0.1775445552700033,1.0,0.1506544138123085,0.0,0.0,0.0,0.0361610041051506,0.7729905211660807,0.0361610041051506,0.1386583821799606,0.0,0.0,0.0,0.0,0.146353085810743,0.9697520749986206,0.1053675482218255,0.6666666666666666,0.6666666666666666,0.4320457709069605,0.0080424245223706,0.9802535843531154,0.0280467894774341,0.0080424245223706,0.7853128944650988,0.1313117631615196,True,0.4433496486871123,0.6774952859469414,,,,,"{""G_DoF"": 6, ""G_OF"": 4}",,,,,False,0.0,"{""harmonic_anchor"": 49, ""motion_timing_track_preserved"": 20}","{""harmonic_anchor"": 49, ""motion_timing_track_preserved"": 20}",{},{},0.07561192939392336,4.536715763635401,0.1569938859240834,0.1092792997735481,0.6666666666666666,0.7853128944650988,0.9919575754776294,0.2528996896133471,0.1313117631615196,0.43985369457232243,oracle_room_but_gtfree_evidence_weak
mahnob_1172,3.72,4.96,2.74,3.76,4.12,3.77,3.71,0.2811778287060019,0.261235903597397,0.3002004914651734,0.2795441698753276,0.2758615739743968,0.2792963021851436,0.278863582519706,state_freq_t,3.71,3.76,0.04999999999999982,mahnob_1172.pkl,parh_ossm,True,False,,False,candidate_rate_posterior_final,bounded_correction_to_existing_readout,target_computable_downshift_specificity,1.0,0.1873030418883585,0.2286548301876599,1.0,0.0,0.0,0.0,0.0,2.727185081022522e-10,0.8404180269107168,2.727185081022522e-10,0.0601194019116546,0.5450321658327377,0.218012866333095,0.3270192994996426,0.0,0.2735635030280228,0.8919099622420557,0.2936440493443377,1.0,1.0,0.5430229814891199,2.003097116377379e-11,0.989352824088782,0.0157855823219117,2.003097116377379e-11,0.8236175253770761,0.0555987530000021,True,0.322569596417761,0.3935291384295314,,,,,"{""G_DoF"": 6, ""G_DoF_bridge"": 2}",,,,,False,0.8720514653323803,"{""harmonic_anchor"": 40, ""motion_timing_track_preserved"": 16}","{""harmonic_anchor"": 40, ""motion_timing_track_preserved"": 16}",{},{},0.019941925108604874,1.1965155065162925,0.1873030418883585,0.6928027383635489,1.0,0.8236175253770761,0.999999999979969,0.6958783234779717,0.0555987530000021,0.6729568939961531,likely_video_or_reference_limited
mahnob_1174,4.41,3.89,4.68,4.39,2.76,4.84,4.3,0.2953138401072916,0.2876974837532128,0.2991057698988543,0.2846965237709422,0.2787545305155111,0.2838554866878187,0.2941658988810323,external_rate_posterior_mean_t,3.89,4.39,0.49999999999999956,mahnob_1174.pkl,parh_ossm,True,False,,False,candidate_rate_posterior_final,bounded_correction_to_existing_readout,target_computable_downshift_specificity,1.0,0.1422189042336563,0.1708114082118897,1.0,0.1416957026713124,0.0,0.0,0.2833914053426248,5.847700677761738e-07,0.8422945628669584,5.847700677761738e-07,0.1174180199240104,0.0,0.0,0.0,0.0,0.1478893306299348,0.9364262359570216,0.1559206982069447,0.6666666666666666,0.6666666666666666,0.7265587757857284,1.6968059513103667e-08,0.974512670919356,0.196932509495371,1.6968059513103667e-08,0.8496122767482118,0.1190060017620109,True,0.2952482523472279,0.554401940771081,,,,,"{""G_DoF"": 5, ""G_OF"": 1}",,,,,False,0.1498257839721254,"{""harmonic_anchor"": 30, ""motion_timing_track_preserved"": 12}","{""harmonic_anchor"": 30, ""motion_timing_track_preserved"": 12}",{},{},0.011458353419472933,0.687501205168376,0.1422189042336563,0.2819335502380633,0.6666666666666666,0.8496122767482118,0.9999999830319405,0.8119360496294746,0.1190060017620109,0.5386762798597959,bounded_or_no_clear_room
mahnob_1176,2.9,2.1,4.33,2.64,2.59,2.63,3.14,0.2709018148704166,0.2523066526040962,0.293406566906173,0.2698241276771863,0.2663407261693165,0.2714397120126373,0.2732736515735503,external_rate_posterior_mean_t,2.1,2.64,0.54,mahnob_1176.pkl,parh_ossm,True,False,,False,candidate_rate_posterior_final,bounded_correction_to_existing_readout,target_computable_downshift_specificity,1.0,0.1410282442037446,0.1642326942150163,1.0,0.094764641913935,0.0,0.0,0.0523535808606493,2.132413550966556e-08,0.8131303114452024,2.132413550966556e-08,0.1191807948692673,0.1469628709025943,0.0,0.1469628709025943,0.0,0.1523278198144532,0.92123138868495,0.1304049403747299,0.6666666666666666,0.6666666666666666,0.6056685041769042,1.8188970458786564e-11,0.9736964124209286,0.2433553695388321,1.8188970458786564e-11,0.8249918717811472,0.1331787591273998,True,0.3757725384507969,0.3692557128742529,,,,,"{""G_DoF"": 8, ""G_DoF_bridge"": 1}",,,,,False,0.1469628709025943,"{""harmonic_anchor"": 45, ""motion_timing_track_preserved"": 18}","{""harmonic_anchor"": 45, ""motion_timing_track_preserved"": 18}",{},{},0.020966998969454143,1.2580199381672486,0.1410282442037446,0.22784776130844786,0.6666666666666666,0.8249918717811472,0.999999999981811,0.6830288616834278,0.1331787591273998,0.5095604043326722,bounded_or_no_clear_room
mahnob_1178,4.05,3.75,4.12,3.79,3.74,3.78,3.83,0.289535375673603,0.2701143027699961,0.3020923889868783,0.291660577981826,0.2846986654913839,0.296569509805945,0.2924512353855126,external_rate_posterior_mean_t,3.75,3.79,0.040000000000000036,mahnob_1178.pkl,parh_ossm,True,False,,False,candidate_rate_posterior_final,bounded_correction_to_existing_readout,target_computable_downshift_specificity,1.0,0.1851593852614063,0.1881256153735806,1.0,0.0,0.0,0.0,0.0,9.614770997434243e-11,0.800866749991653,9.614770997434243e-11,0.0826661427506337,0.0948530555123619,0.0,0.0948530555123619,0.0,0.1903491072435534,0.9253843548079648,0.2024187485188345,1.0,1.0,0.5208530928146793,3.0229688010559907e-11,0.973359867949538,0.1350466756785995,3.0229688010559907e-11,0.8321105318173209,0.0857775167301961,True,0.4450976663689726,0.6562711354474166,,,,,"{""G_DoF_bridge"": 4, ""G_OF"": 5}",,,,,False,0.3794122220494479,"{""harmonic_anchor"": 45, ""motion_timing_track_preserved"": 18}","{""harmonic_anchor"": 45, ""motion_timing_track_preserved"": 18}",{},{},0.02645520703594889,1.5873124221569335,0.1851593852614063,0.4293370250675408,1.0,0.8321105318173209,0.9999999999697703,0.6181625907552999,0.0857775167301961,0.6102123384994338,likely_video_or_reference_limited
mahnob_1180,3.62,2.76,3.64,4.42,4.62,4.75,4.43,0.2595977757004319,0.2445224759645329,0.2494732545699949,0.2741591017014806,0.2726275683463762,0.2775701457324166,0.2668445326111396,external_rate_posterior_mean_t,2.76,4.42,1.6600000000000001,mahnob_1180.pkl,parh_ossm,True,False,,False,candidate_rate_posterior_final,bounded_correction_to_existing_readout,target_computable_downshift_specificity,1.0,0.1580703885176995,0.1791387965216731,1.0,0.0,0.0,0.0,0.0955064975731955,1.1738456275369924e-13,0.8254542594797154,1.1738456275369924e-13,0.1099905183629081,0.14044152184124,0.0,0.14044152184124,0.0,0.1606128927184438,0.9593166087543472,0.2136284502507983,0.6666666666666666,0.6666666666666666,0.6988173840696745,9.497232696053714e-19,0.9807880627129272,0.3435521736093528,9.497232696053714e-19,0.8403255986301248,0.1036440778307214,True,0.3966829728537823,0.3954587054255942,,,,,"{""G_DoF"": 6, ""G_DoF_bridge"": 2, ""G_OF"": 1}",,,,,False,0.2865194927195866,"{""harmonic_anchor"": 45, ""motion_timing_track_preserved"": 18}","{""harmonic_anchor"": 45, ""motion_timing_track_preserved"": 18}",{},{},0.03304766976788373,1.9828601860730237,0.1580703885176995,0.4202842079790369,0.6666666666666666,0.8403255986301248,1.0,0.5483361744741186,0.1036440778307214,0.5440924881840907,source_selection_room_posterior_available
mahnob_1182,2.73,2.43,2.03,2.55,2.27,2.46,2.37,0.2646833002688257,0.2619286666064088,0.2794857310947146,0.265447903210274,0.2665908063846365,0.2824628904872545,0.2690102962467348,state_freq_t,2.37,2.55,0.17999999999999972,mahnob_1182.pkl,parh_ossm,True,False,,False,candidate_rate_posterior_final,bounded_correction_to_existing_readout,target_computable_downshift_specificity,1.0,0.2228850799679234,0.2162644635703137,1.0,0.0,0.0,0.0,0.0,2.623446203414055e-09,0.8407548492219078,2.623446203414055e-09,0.0554188208473376,0.0,0.0,0.0,0.0,0.2422396837022751,0.8935349810074729,0.2861769398970523,1.0,1.0,0.7147896871013388,5.940448428013423e-12,0.98349864389717,0.1379292927525603,5.940448428013423e-12,0.8402219905868116,0.0481365638644875,True,0.3689751639359319,0.5431160533509437,,,,,"{""G_DoF"": 8, ""G_DoF_bridge"": 2, ""G_OF"": 1}",,,,,False,0.7501365374112506,"{""harmonic_anchor"": 55, ""motion_timing_track_preserved"": 22}","{""harmonic_anchor"": 55, ""motion_timing_track_preserved"": 22}",{},{},0.020534223880845692,1.2320534328507415,0.2228850799679234,0.6849129557329822,1.0,0.8402219905868116,0.9999999999940595,0.6884245691167086,0.0481365638644875,0.6827659602509302,bounded_or_no_clear_room
mahnob_1184,1.41,1.66,1.58,1.72,2.33,2.12,1.39,0.2636159979044984,0.2531621436696831,0.2691186804318524,0.2543793930448502,0.251443588838407,0.249135616453423,0.2741224468849919,state_freq_t,1.39,1.72,0.33000000000000007,mahnob_1184.pkl,parh_ossm,True,False,,False,candidate_rate_posterior_final,bounded_correction_to_existing_readout,target_computable_downshift_specificity,1.0,0.1782123577855275,0.1872032835525095,1.0,0.0770980788675429,0.0,0.0,0.0,1.7840064123744822e-05,0.8024345698214814,1.7840064123744822e-05,0.0834851462841807,0.0770980788675429,0.0,0.0770980788675429,0.0,0.1899343336139728,0.9203424044502638,0.1900432399496894,0.6666666666666666,0.6666666666666666,0.598084391475996,2.274782223050574e-09,0.9790998644258678,0.0877511159523427,2.274782223050574e-09,0.821032590888516,0.0946074576352979,True,0.3546824343517163,0.3406505621306178,,,,,"{""G_DoF_bridge"": 6, ""G_OF"": 5}",,,,,False,0.3064964610717897,"{""harmonic_anchor"": 55, ""motion_timing_track_preserved"": 22}","{""harmonic_anchor"": 55, ""motion_timing_track_preserved"": 22}",{},{},0.02498683043156888,1.4992098258941327,0.1782123577855275,0.4002633721341766,0.6666666666666666,0.821032590888516,0.9999999977252177,0.6348884226780424,0.0946074576352979,0.5517887486695516,bounded_or_no_clear_room
mahnob_1186,3.15,2.99,2.91,3.96,5.45,4.8,4.45,0.2152073034587861,0.2218448361368623,0.2130573566129956,0.2343692513519667,0.2503009672942247,0.252344253745175,0.2406010583517807,external_rate_posterior_mean_t,2.99,3.96,0.9699999999999998,mahnob_1186.pkl,parh_ossm,True,False,,False,candidate_rate_posterior_final,bounded_correction_to_existing_readout,target_computable_downshift_specificity,1.0,0.112896311695837,0.0743539352819549,1.0,0.0811062358728892,0.0,0.0,0.4322563488897753,1.0613653336725067e-13,0.771257572074546,1.0613653336725067e-13,0.1515171430106173,0.1622124717457785,0.0,0.1622124717457785,0.0,0.1339241934833986,0.9380778473215206,0.150694425076837,0.3333333333333333,0.3333333333333333,0.6984877802394239,3.6129537883024466e-24,0.8592222273706152,0.1767386449041875,3.6129537883024466e-24,0.756758316306672,0.1641008054028434,True,0.4596582253629276,0.531921069774987,,,,,"{""G_DoF"": 10, ""G_OF"": 1}",,,,,False,0.0,"{""harmonic_anchor"": 55, ""motion_timing_track_preserved"": 22}","{""harmonic_anchor"": 55, ""motion_timing_track_preserved"": 22}",{},{},0.03713695028638889,2.2282170171833333,0.112896311695837,0.2631166603364609,0.3333333333333333,0.756758316306672,1.0,0.5090458041699126,0.1641008054028434,0.4288556573139591,source_selection_room_agreement_available
mahnob_1188,2.48,2.21,2.61,2.62,2.77,3.09,2.91,0.2232994039440156,0.2191627638718748,0.2222071925902884,0.2346488485235704,0.2346691869071796,0.2444419224243716,0.2388347318262277,external_rate_posterior_mean_t,2.21,2.62,0.41000000000000014,mahnob_1188.pkl,parh_ossm,True,False,,False,candidate_rate_posterior_final,bounded_correction_to_existing_readout,target_computable_downshift_specificity,1.0,0.1386306699046011,0.1497054037333072,1.0,0.3315591734502192,0.0,0.1909830932999373,0.0954915466499686,0.0488994315675095,0.6987833401189746,0.0488994315675095,0.1813091681348809,0.0,0.0,0.0,0.0,0.1284166449957478,0.9661414201230432,0.1165813063645663,0.6666666666666666,0.6666666666666666,0.7064889086139614,6.820976883141359e-11,0.7283951095155192,0.2650628504062282,6.820976883141359e-11,0.6597486991739457,0.1704532247983634,True,0.3545453944840365,0.8683070049212898,,,,,"{""G_DoF"": 8, ""G_DoF_bridge"": 1}",,,,,False,0.0,"{""harmonic_anchor"": 45, ""motion_timing_track_preserved"": 18}","{""harmonic_anchor"": 45, ""motion_timing_track_preserved"": 18}",{},{},0.025279158552496794,1.5167495131498077,0.1386306699046011,0.14014050137866374,0.6666666666666666,0.6597486991739457,0.9999999999317902,0.6315229065628054,0.1704532247983634,0.4577550407941876,bounded_or_no_clear_room
mahnob_1190,3.41,3.07,4.69,3.38,3.69,3.91,3.13,0.2818495247434138,0.272677208263446,0.300656959582139,0.275574806447269,0.2648307377138845,0.2732963889117453,0.2722441903879942,external_rate_posterior_mean_t,3.07,3.38,0.31000000000000005,mahnob_1190.pkl,parh_ossm,True,False,,False,candidate_rate_posterior_final,bounded_correction_to_existing_readout,target_computable_downshift_specificity,1.0,0.2182074347999404,0.2050701750210965,1.0,0.0,0.0,0.2652942881994781,0.0,0.0577133055802108,0.8307017034625012,0.0577133055802108,0.1158559831499285,0.0,0.0,0.0,0.0,0.1880839865108196,0.9475604266192098,0.1507821656297007,0.6666666666666666,0.6666666666666666,0.7197887494958339,0.0140546652252543,0.983063194654527,0.319375356100803,0.0140546652252543,0.8410972600980844,0.1049232208411504,True,0.3958125326138301,0.6943960350189521,,,,,"{""G_DoF"": 8, ""G_DoF_bridge"": 2}",,,,,False,0.2929834734705712,"{""harmonic_anchor"": 50, ""motion_timing_track_preserved"": 20}","{""harmonic_anchor"": 50, ""motion_timing_track_preserved"": 20}",{},{},0.009605334355419604,0.5763200613251762,0.2182074347999404,0.26470732616463105,0.6666666666666666,0.8410972600980844,0.9859453347747457,0.8397572283168896,0.1049232208411504,0.5550331139114097,bounded_or_no_clear_room
mahnob_1192,2.64,2.53,3.58,3.48,4.96,4.46,3.29,0.2308607450574047,0.2215090120786797,0.1855392822383262,0.2005062511273982,0.1681081975846139,0.1755112786391741,0.2118541056356524,external_rate_posterior_mean_t,2.53,3.48,0.9500000000000002,mahnob_1192.pkl,parh_ossm,True,False,,False,candidate_rate_posterior_final,bounded_correction_to_existing_readout,target_computable_downshift_specificity,1.0,0.1855222948397186,0.1898041155668,1.0,0.0,0.0,0.1363433169423334,0.0,0.0820165792153175,0.7585723482983726,0.0820165792153175,0.149069044493412,0.0455967814036656,0.0,0.0455967814036656,0.0,0.1567886561016558,0.932934722588738,0.192517830170947,0.6666666666666666,0.6666666666666666,0.5712243580454613,0.0579476551027479,0.961334068248274,0.0060813341524075,0.0579476551027479,0.7797207693905153,0.116083769182846,True,0.4456368229173623,0.7010496281038694,,,,,"{""G_DoF"": 11, ""G_OF_bridge"": 2}",,,,,False,0.0455967814036656,"{""harmonic_anchor"": 65, ""motion_timing_track_preserved"": 26}","{""harmonic_anchor"": 65, ""motion_timing_track_preserved"": 26}",{},{},0.0553494664182306,3.3209679850938363,0.1855222948397186,0.3878470416016974,0.6666666666666666,0.7797207693905153,0.9420523448972521,0.36554936956054546,0.116083769182846,0.5071625092112041,source_selection_room_posterior_available
mahnob_1194,2.89,2.58,2.75,2.64,2.73,2.58,2.6,0.2395280953404128,0.2462597654346154,0.2634117810397835,0.2347962967130635,0.2301309472151287,0.2346065531910375,0.2377421686427478,external_rate_posterior_mean_t,2.58,2.64,0.06000000000000005,mahnob_1194.pkl,parh_ossm,True,False,,False,candidate_rate_posterior_final,bounded_correction_to_existing_readout,target_computable_downshift_specificity,1.0,0.1502307937351509,0.1665662240418456,1.0,0.0,0.0,0.0,0.1534832084374132,0.0592788482690423,0.728516348812534,0.0592788482690423,0.1789796701041302,0.0,0.0,0.0,0.0,0.1311852242589683,0.9511822680010212,0.1362802811690169,0.6666666666666666,0.6666666666666666,0.6620939283901361,4.833389230880971e-07,0.8720600298994767,0.1939826120756187,4.833389230880971e-07,0.8057836919881189,0.1313009757182978,True,0.4050255361617662,0.4285776348893996,,,,,"{""G_DoF"": 7, ""G_OF"": 3}",,,,,False,0.0,"{""harmonic_anchor"": 50, ""motion_timing_track_preserved"": 20}","{""harmonic_anchor"": 50, ""motion_timing_track_preserved"": 20}",{},{},0.011653212243577904,0.6991927346146742,0.1502307937351509,0.20982555006556886,0.6666666666666666,0.8057836919881189,0.9999995166610769,0.8090645410968811,0.1313009757182978,0.5181666462821392,bounded_or_no_clear_room
mahnob_1196,3.58,3.32,2.9,3.21,3.18,2.37,3.58,0.230281550899987,0.2213100185588087,0.2312947827303596,0.2255127740294974,0.2249717844660149,0.2389278804571715,0.2254205888278155,native_smoothed_track_hz,2.37,3.21,0.8399999999999999,mahnob_1196.pkl,parh_ossm,True,False,,False,candidate_rate_posterior_final,bounded_correction_to_existing_readout,target_computable_downshift_specificity,1.0,0.2127722945772608,0.2102407003226455,1.0,0.0,0.0,0.3361344537815126,0.0,0.025856920181249,0.79175837539854,0.025856920181249,0.1062386297992354,0.0,0.0,0.0,0.0,0.1701025120783598,0.913961229816123,0.1963342324043135,0.6666666666666666,0.6666666666666666,0.7502258187398201,9.119394633525752e-05,0.9016777347464586,0.2931658643716347,9.119394633525752e-05,0.7763880061137001,0.0942247737387073,True,0.4484663246810842,0.5135258676961454,,,,,"{""G_DoF"": 10}",,,,,False,0.2436974789915966,"{""harmonic_anchor"": 49, ""motion_timing_track_preserved"": 20}","{""harmonic_anchor"": 49, ""motion_timing_track_preserved"": 20}",{},{},0.017617861898362813,1.057071713901769,0.2127722945772608,0.419978411711411,0.6666666666666666,0.7763880061137001,0.9999088060536647,0.7259132499031592,0.0942247737387073,0.5668021254281473,source_selection_room_posterior_available
mahnob_1198,3.51,4.31,4.49,3.35,3.52,3.33,3.19,0.2047230316331595,0.1922008230599263,0.1855512684255181,0.1998004956022135,0.1950751653126283,0.2030023766667593,0.2141037889905689,state_freq_t,3.19,3.35,0.16000000000000014,mahnob_1198.pkl,parh_ossm,True,False,,False,candidate_rate_posterior_final,bounded_correction_to_existing_readout,target_computable_downshift_specificity,1.0,0.1742461328856352,0.1927420093732403,1.0,0.2240587695133149,0.0,0.3360881542699724,0.1120293847566574,0.0580619454005981,0.7457554148345906,0.0580619454005981,0.1451450910898599,0.0,0.0,0.0,0.0,0.1528189841978134,0.9662256634304098,0.2556207689937544,0.6666666666666666,0.6666666666666666,0.7120767896853181,0.0033104145136849,0.9648770329241744,0.0749334718149363,0.0033104145136849,0.7356129910198146,0.1205258766219479,True,0.388868560902146,0.7437619637890655,,,,,"{""G_DoF"": 6, ""G_OF_bridge"": 1}",,,,,False,0.0,"{""harmonic_anchor"": 35, ""motion_timing_track_preserved"": 14}","{""harmonic_anchor"": 35, ""motion_timing_track_preserved"": 14}",{},{},0.021902965930642587,1.3141779558385553,0.1742461328856352,0.5272952481419775,0.6666666666666666,0.7356129910198146,0.9966895854863151,0.671503705901444,0.1205258766219479,0.5639637522536733,bounded_or_no_clear_room
mahnob_12,2.74,2.64,3.54,3.06,3.22,3.63,2.88,0.2783341491680144,0.2619061866990088,0.3012672701970481,0.2808250040383165,0.2847324508624084,0.2940652571660151,0.2944434770109123,external_rate_posterior_mean_t,2.64,3.06,0.41999999999999993,mahnob_12.pkl,parh_ossm,True,False,,False,candidate_rate_posterior_final,bounded_correction_to_existing_readout,target_computable_downshift_specificity,1.0,0.1743696186997259,0.2069190807790407,1.0,0.0728532186790875,0.0,0.0,0.0,1.159026800244772e-06,0.8084210054383741,1.159026800244772e-06,0.0739134978351542,0.2185596560372626,0.0,0.2185596560372626,0.0,0.2180564178501988,0.9130460260382798,0.3486934028953501,1.0,1.0,0.6224120630803497,2.3009529105407608e-12,0.9857788544143072,0.0503494100324272,2.3009529105407608e-12,0.8156299800339794,0.0654919848751113,True,0.4618077604639266,0.4932482998457065,,,,,"{""G_DoF"": 6, ""G_DoF_bridge"": 6}",,,,,False,0.4899080377403559,"{""harmonic_anchor"": 60, ""motion_timing_track_preserved"": 24}","{""harmonic_anchor"": 60, ""motion_timing_track_preserved"": 24}",{},{},0.0325372903119035,1.95223741871421,0.1743696186997259,0.66056525753176,1.0,0.8156299800339794,0.9999999999976991,0.5534482115681999,0.0654919848751113,0.6468455758553441,bounded_or_no_clear_room
mahnob_1200,3.66,5.03,4.47,4.48,5.31,4.88,3.83,0.2289001201406417,0.2034949019736553,0.2117815740261536,0.2082924681550664,0.192298075414958,0.1996021505303905,0.2187420969542751,external_output_rate_t,3.66,4.48,0.8200000000000003,mahnob_1200.pkl,parh_ossm,True,False,,False,candidate_rate_posterior_final,bounded_correction_to_existing_readout,target_computable_downshift_specificity,1.0,0.1532543371479421,0.1872362802885558,1.0,0.2662592754255783,0.0,0.0,0.0,0.0021145921729455,0.804257377491157,0.0021145921729455,0.0838968137906283,0.112032591299287,0.0,0.112032591299287,0.0,0.1730057161091978,0.9252912326584172,0.1085563113027842,0.8333333333333333,0.8333333333333333,0.7622101391391685,9.71323094022598e-06,0.9191936743900476,0.252553514521819,9.71323094022598e-06,0.8049893288245311,0.0890571271410775,True,0.4412280903589837,0.5612663314072711,,,,,"{""G_DoF"": 8, ""G_DoF_bridge"": 2}",,,,,False,0.1775061836170522,"{""harmonic_anchor"": 50, ""motion_timing_track_preserved"": 20}","{""harmonic_anchor"": 50, ""motion_timing_track_preserved"": 20}",{},{},0.029297969610251218,1.757878176615073,0.1532543371479421,0.16783976664607891,0.8333333333333333,0.8049893288245311,0.9999902867690598,0.5870235407005774,0.0890571271410775,0.5174251213111899,source_selection_room_agreement_available
mahnob_1202,4.46,4.09,4.68,5.51,7.15,6.42,4.75,0.188206749184595,0.1925039463810337,0.1949859787690356,0.1723362372180038,0.1365247195298874,0.1595542714246537,0.1778324711266734,external_rate_posterior_mean_t,4.09,5.51,1.42,mahnob_1202.pkl,parh_ossm,True,False,,False,candidate_rate_posterior_final,bounded_correction_to_existing_readout,target_computable_downshift_specificity,1.0,0.2648937066906476,0.2539877079824368,1.0,0.0,0.0,0.5482150792475189,0.0,0.1043584372940708,0.7929647946384255,0.1043584372940708,0.133270117720716,0.0,0.0,0.0,0.0,0.2691706925700441,0.76270006339199,0.3582844213766501,1.0,1.0,0.7187512785567909,0.09510666226583,0.98609155433036,0.189753431550659,0.09510666226583,0.8039644547093805,0.1111193278333923,True,0.4937220526815161,0.741910083637894,,,,,"{""G_DoF"": 2, ""G_OF"": 7, ""G_OF_bridge"": 1}",,,,,False,0.9995556213894238,"{""harmonic_anchor"": 49, ""motion_timing_track_preserved"": 20, ""stable_track_blend"": 1}","{""harmonic_anchor"": 49, ""motion_timing_track_preserved"": 20, ""stable_track_blend"": 1}",{},{},0.032949674956380015,1.976980497382801,0.2648937066906476,0.8211340751220189,1.0,0.8039644547093805,0.90489333773417,0.5493140289862058,0.1111193278333923,0.6805983806788797,source_selection_room_posterior_available
mahnob_1204,5.52,4.73,4.38,5.85,6.23,5.73,5.34,0.1903532078944159,0.197421234751683,0.1937486042417241,0.1785825170256019,0.166608439176902,0.1777936789928906,0.1812896887264484,external_rate_posterior_mean_t,4.73,5.85,1.1199999999999992,mahnob_1204.pkl,parh_ossm,True,False,,False,candidate_rate_posterior_final,bounded_correction_to_existing_readout,target_computable_downshift_specificity,1.0,0.1997661251227045,0.1995457542964329,1.0,0.0,0.0,0.1809015421115065,0.0,0.0515886997552172,0.7819030109179388,0.0515886997552172,0.1334760697915918,0.0,0.0,0.0,0.0,0.1683664000279997,0.9313571187392082,0.2291303828211223,0.6666666666666666,0.6666666666666666,0.613979518046921,0.0010342875466648,0.9833562181730556,0.0807551699883401,0.0010342875466648,0.826770795562527,0.1012167264203266,True,0.3695506179884704,0.7373547307530122,,,,,"{""G_DoF"": 8, ""G_OF_bridge"": 2}",,,,,False,0.2713523131672598,"{""harmonic_anchor"": 50, ""motion_timing_track_preserved"": 20}","{""harmonic_anchor"": 50, ""motion_timing_track_preserved"": 20}",{},{},0.01962755575879238,1.1776533455275429,0.1997661251227045,0.49242471402447796,0.6666666666666666,0.826770795562527,0.9989657124533352,0.6998672182403708,0.1012167264203266,0.5821519994699554,source_selection_room_posterior_available
mahnob_1206,5.33,5.13,4.9,6.11,7.07,6.77,5.31,0.2090510749311826,0.2176492259841422,0.2123101348727721,0.1996906018725682,0.1855070380363812,0.1856497570456126,0.2072929880499923,external_rate_posterior_mean_t,5.13,6.11,0.9800000000000004,mahnob_1206.pkl,parh_ossm,True,False,,False,candidate_rate_posterior_final,bounded_correction_to_existing_readout,target_computable_downshift_specificity,1.0,0.2402343757867242,0.238356902295242,1.0,0.0,0.0,0.0,0.0,6.419206036486287e-05,0.8500677147552311,6.419206036486287e-05,0.0450149912066313,0.0,0.0,0.0,0.0,0.2759530577081516,0.8397138814816293,0.3552659419618027,1.0,1.0,0.7476769804027248,9.776540013908077e-08,0.9825802882862344,0.267836691423033,9.776540013908077e-08,0.8458094896888207,0.0462716502143793,True,0.4294785431977859,0.7173946680806317,,,,,"{""G_DoF"": 14}",,,,,False,0.999782182531039,"{""harmonic_anchor"": 70, ""motion_timing_track_preserved"": 28}","{""harmonic_anchor"": 70, ""motion_timing_track_preserved"": 28}",{},{},0.03199946893852959,1.9199681363117755,0.2402343757867242,0.745476730060001,1.0,0.8458094896888207,0.9999999022345999,0.5588866908220474,0.0462716502143793,0.6872868528079613,source_selection_room_posterior_available
mahnob_1208,,3.11,3.46,5.05,4.42,4.87,6.22,,0.2278260254547274,0.2221231979716789,0.1875362395981648,0.1879378725410193,0.1947572555080098,0.1649999999999999,external_rate_posterior_mean_t,3.11,5.05,1.94,mahnob_1208.pkl,parh_ossm,False,True,no_supported_readout_windows,True,abstained_no_supported_readout_windows,none,no_supported_readout_windows,0.0,,,,,,,,,,,,,,,,,,,,,,,,,,,,False,,,,,,,{},,,,,False,,{},{},{},{},0.06282602545472751,3.769561527283651,0.0,0.0,0.0,0.0,1.0,0.31908703644093434,0.0,0.18190870364409342,oracle_room_but_gtfree_evidence_weak
mahnob_1210,5.14,5.4,4.97,5.46,6.11,5.71,5.64,0.2343138294153354,0.2192595050955966,0.2426627433442994,0.2277234188518662,0.2265306904173844,0.2287757023444052,0.2306477410144136,external_output_rate_t,5.14,5.46,0.3200000000000003,mahnob_1210.pkl,parh_ossm,True,False,,False,candidate_rate_posterior_final,bounded_correction_to_existing_readout,target_computable_downshift_specificity,1.0,0.248865927618977,0.2628792965031001,1.0,0.0,0.0,0.0,0.0,0.0024257833085994,0.8563995922470137,0.0024257833085994,0.0559280034382695,0.0,0.0,0.0,0.0,0.3089669895674065,0.8053157742040835,0.3831915200154947,1.0,1.0,0.8579219926217558,3.870216739496678e-06,0.9914201919369516,0.2983507487017666,3.870216739496678e-06,0.8595006290527615,0.0448042314528639,True,0.384922764772207,0.6854521743134074,,,,,"{""G_DoF"": 14}",,,,,False,0.8026910656620021,"{""harmonic_anchor"": 68, ""motion_timing_track_preserved"": 28}","{""harmonic_anchor"": 68, ""motion_timing_track_preserved"": 28}",{},{},0.015054324319738799,0.9032594591843279,0.248865927618977,0.7864776237093978,1.0,0.8595006290527615,0.9999961297832605,0.7605488101910124,0.0448042314528639,0.7200109783458419,likely_video_or_reference_limited
mahnob_1304,7.24,7.03,7.42,7.4,7.6,6.98,7.0,0.2046150584810441,0.1969622071472979,0.18747832405508,0.196308108575093,0.1675548815058183,0.1837419564482992,0.1970183943814271,native_smoothed_track_hz,6.98,7.4,0.41999999999999993,mahnob_1304.pkl,parh_ossm,True,False,,False,candidate_rate_posterior_final,bounded_correction_to_existing_readout,target_computable_downshift_specificity,1.0,0.1794004530967252,0.1740864841513225,1.0,0.0,0.0,0.1049156272927366,0.0745903643922719,0.1370404153347443,0.7146013860301317,0.1370404153347443,0.2044342377447012,0.0,0.0,0.0,0.0,0.1316578283725793,0.949356533577954,0.1254493868411712,0.6666666666666666,0.6666666666666666,0.5565571756294405,0.1474159328870785,0.9578839570243752,0.0452233818431554,0.1474159328870785,0.7251336980610106,0.2344387018067317,True,0.4667965940759415,0.3667906651712167,,,,,"{""G_DoF"": 12}",,,,,False,0.0,"{""harmonic_anchor"": 60, ""motion_timing_track_preserved"": 24}","{""harmonic_anchor"": 60, ""motion_timing_track_preserved"": 24}",{},{},0.020873102032744922,1.2523861219646952,0.1794004530967252,0.18196084590978265,0.6666666666666666,0.7251336980610106,0.8525840671129215,0.6841959361300346,0.2344387018067317,0.4628756706645579,bounded_or_no_clear_room
mahnob_1306,9.05,8.83,8.65,9.24,9.7,9.23,9.18,0.1626610233816799,0.1604241583472846,0.1592572136639039,0.1574571896309885,0.1386007856706151,0.1507437418339341,0.1482175908566823,external_rate_posterior_mean_t,8.83,9.24,0.41000000000000014,mahnob_1306.pkl,parh_ossm,True,False,,False,candidate_rate_posterior_final,bounded_correction_to_existing_readout,target_computable_downshift_specificity,1.0,0.2264221493169784,0.2231697822124452,1.0,0.0,0.0,0.3201298701298701,0.0757575757575757,0.0675526501701372,0.7270053930455451,0.0675526501701372,0.1442447311275032,0.0757575757575757,0.0,0.0757575757575757,0.0,0.1829891733993822,0.8788564825450336,0.2370232880490939,1.0,1.0,0.6822727109634757,0.0606228318299048,0.9587323784442888,0.0021604494100869,0.0606228318299048,0.7925020218356056,0.119173779187026,True,0.4089270796860533,0.8105648323071027,,,,,"{""G_DoF"": 6}",,,,,False,0.6601731601731602,"{""harmonic_anchor"": 30, ""motion_timing_track_preserved"": 12}","{""harmonic_anchor"": 30, ""motion_timing_track_preserved"": 12}",{},{},0.014443432524997607,0.8666059514998564,0.2264221493169784,0.569555394269851,1.0,0.7925020218356056,0.9393771681700952,0.7690434077266189,0.119173779187026,0.6452854575380292,bounded_or_no_clear_room
mahnob_1308,4.37,4.45,3.72,5.04,6.23,5.53,4.97,0.2399444402543402,0.2352114422407124,0.2693864973665958,0.2212830026507606,0.207220193297134,0.2199050971653663,0.2233393114767827,external_output_rate_t,4.37,5.04,0.6699999999999999,mahnob_1308.pkl,parh_ossm,True,False,,False,candidate_rate_posterior_final,bounded_correction_to_existing_readout,target_computable_downshift_specificity,1.0,0.1867083357686243,0.2031848175215165,1.0,0.0782352186738489,0.0,0.0,0.0,0.0136921973359814,0.7679668662809152,0.0136921973359814,0.1101404661273937,0.0,0.0,0.0,0.0,0.1800972216479548,0.8943730537262755,0.0847595174872075,0.6666666666666666,0.6666666666666666,0.7922887579926328,1.6112530808927257e-05,0.9679314461695254,0.1517156257613189,1.6112530808927257e-05,0.7805822719639857,0.1138952737503463,True,0.3982148672557504,0.3217636841006743,,,,,"{""G_DoF_bridge"": 6, ""G_OF"": 5}",,,,,False,0.4694113120430935,"{""harmonic_anchor"": 55, ""motion_timing_track_preserved"": 22}","{""harmonic_anchor"": 55, ""motion_timing_track_preserved"": 22}",{},{},0.0200393430889739,1.2023605853384338,0.1867083357686243,0.13473506369313606,0.6666666666666666,0.7805822719639857,0.9999838874691911,0.6946468496724678,0.1138952737503463,0.49878417818797194,bounded_or_no_clear_room
mahnob_1310,5.23,5.45,4.4,5.86,8.78,6.6,5.32,0.2290366952526841,0.2360060293390277,0.2448747218772148,0.2273091539679801,0.1710450619868304,0.2212931853629424,0.2233363080017946,external_output_rate_t,5.23,5.86,0.6299999999999999,mahnob_1310.pkl,parh_ossm,True,False,,False,candidate_rate_posterior_final,bounded_correction_to_existing_readout,target_computable_downshift_specificity,1.0,0.1995127469297394,0.1991713650389651,1.0,0.0,0.0,0.1061882094470889,0.0,0.0299310991866657,0.7922392520946193,0.0299310991866657,0.0872337497906946,0.0,0.0,0.0,0.0,0.1748130147529475,0.9050703060028832,0.0925169011622511,1.0,1.0,0.6985475338887757,0.0005391641930859,0.9783445791896892,0.0248762481604181,0.0005391641930859,0.8036868540196045,0.0906772932753635,True,0.3380034887563747,0.4470613927239192,,,,,"{""G_DoF"": 1, ""G_DoF_bridge"": 2, ""G_OF"": 4}",,,,,False,0.0,"{""harmonic_anchor"": 32, ""motion_timing_track_preserved"": 14}","{""harmonic_anchor"": 32, ""motion_timing_track_preserved"": 14}",{},{},0.0147128439760853,0.882770638565118,0.1995127469297394,0.14431377514389682,1.0,0.8036868540196045,0.9994608358069141,0.7652855444273915,0.0906772932753635,0.5666739203503948,bounded_or_no_clear_room
mahnob_1312,3.36,3.84,2.2,4.46,5.19,5.32,5.09,0.2436343452901304,0.235033356271141,0.2589933474885821,0.2173401137686254,0.2002543811711948,0.2093617461725828,0.2305084125789626,external_output_rate_t,3.36,4.46,1.1,mahnob_1312.pkl,parh_ossm,True,False,,False,candidate_rate_posterior_final,bounded_correction_to_existing_readout,target_computable_downshift_specificity,1.0,0.1611648391030243,0.1763558650001355,1.0,0.1922669491525423,0.0,0.2423199152542373,0.0,0.0694866328639121,0.7826292977692502,0.0694866328639121,0.1470970159410002,0.0,0.0,0.0,0.0,0.1534766261329174,0.9522505999156834,0.1342945871755351,0.6666666666666666,0.6666666666666666,0.6588391870757117,0.0006715543581842,0.9813880052647964,0.2589250802495257,0.0006715543581842,0.8162487613666978,0.1287785573999493,True,0.4030329550346422,0.4718797142632194,,,,,"{""G_DoF_bridge"": 4, ""G_OF"": 7}",,,,,False,0.0807733050847457,"{""harmonic_anchor"": 55, ""motion_timing_track_preserved"": 22}","{""harmonic_anchor"": 55, ""motion_timing_track_preserved"": 22}",{},{},0.0342725991175476,2.0563559470528556,0.1611648391030243,0.2077548400436216,0.6666666666666666,0.8162487613666978,0.9993284456418158,0.5362589248649557,0.1287785573999493,0.494926795582258,source_selection_room_agreement_available
mahnob_1314,3.49,3.91,2.78,4.23,4.61,5.02,4.18,0.2057498446070898,0.2025592235079791,0.2200330162087731,0.1937393267581352,0.1876392339694799,0.1899220649728301,0.189977238986382,external_output_rate_t,3.49,4.23,0.7400000000000002,mahnob_1314.pkl,parh_ossm,True,False,,False,candidate_rate_posterior_final,bounded_correction_to_existing_readout,target_computable_downshift_specificity,1.0,0.197652552283529,0.1854325841987869,1.0,0.0,0.0,0.0772721542921971,0.0,0.032829672715257,0.7838569653100744,0.032829672715257,0.1045349160127628,0.0,0.0,0.0,0.0,0.1775194934834492,0.9126524577670716,0.1226733835250337,1.0,1.0,0.6780569591480556,0.0031798403161143,0.9805938806767808,0.0677753745544294,0.0031798403161143,0.7975165566385507,0.0972906186199758,True,0.4329726045586361,0.5762198896487253,,,,,"{""G_DoF"": 2, ""G_DoF_bridge"": 3, ""G_OF"": 6}",,,,,False,0.2306819614269507,"{""harmonic_anchor"": 55, ""motion_timing_track_preserved"": 22}","{""harmonic_anchor"": 55, ""motion_timing_track_preserved"": 22}",{},{},0.015827779634259714,0.9496667780555829,0.197652552283529,0.22020324562346089,1.0,0.7975165566385507,0.9968201596838857,0.7499281991269692,0.0972906186199758,0.5778680526946391,bounded_or_no_clear_room
mahnob_1316,8.46,8.2,8.2,9.0,9.2,9.14,7.97,0.1733465023166832,0.1881108222056144,0.1822160480783329,0.177053030796127,0.1677609498022934,0.1760223515839911,0.1952106288927752,state_freq_t,7.97,9.0,1.0300000000000002,mahnob_1316.pkl,parh_ossm,True,False,,False,candidate_rate_posterior_final,bounded_correction_to_existing_readout,target_computable_downshift_specificity,1.0,0.212241140935616,0.2131000638119206,1.0,0.0,0.0,0.0,0.0,0.0002049868190247,0.812400269275828,0.0002049868190247,0.0756897575789313,0.0801787592008412,0.0801787592008412,0.0,0.0,0.2168632354410411,0.8619553478182556,0.2678745748246113,1.0,1.0,0.6316789106283647,1.4599718215547303e-06,0.9950385254640514,0.0395726172631074,1.4599718215547303e-06,0.8248878935394279,0.0638900585759013,True,0.4471746296695447,0.6480073581854059,,,,,"{""G_DoF"": 3, ""G_OF"": 7, ""G_OF_bridge"": 1}",,,,,False,0.6414300736067298,"{""harmonic_anchor"": 53, ""motion_timing_track_preserved"": 22, ""stable_track_blend"": 2}","{""harmonic_anchor"": 53, ""motion_timing_track_preserved"": 22, ""stable_track_blend"": 2}",{},{},0.02186412657609202,1.311847594565521,0.212241140935616,0.6780723800376337,1.0,0.8248878935394279,0.9999985400281785,0.6719780691998711,0.0638900585759013,0.6732165273389685,source_selection_room_posterior_available
mahnob_1318,2.88,3.0,2.5,2.95,3.73,3.02,2.46,0.2581934691405101,0.2576066610731466,0.2608378787354841,0.2430689867287214,0.2320646716863326,0.2447571559203512,0.2627794744499717,state_freq_t,2.46,2.95,0.4900000000000002,mahnob_1318.pkl,parh_ossm,True,False,,False,candidate_rate_posterior_final,bounded_correction_to_existing_readout,target_computable_downshift_specificity,1.0,0.2419492574613166,0.253906445032447,1.0,0.0,0.0,0.0,0.0,0.0033674120611834,0.8336701858039404,0.0033674120611834,0.0517510208924687,0.0,0.0,0.0,0.0,0.2761528528880201,0.8243488392419505,0.2689608132554598,1.0,1.0,0.7963681948310711,3.518974362776033e-07,0.9811600807297804,0.1173633349594718,3.518974362776033e-07,0.8375327981395393,0.0487401610306874,True,0.4537937662211517,0.6661954028209944,,,,,"{""G_OF"": 9}",,,,,False,0.7338345864661654,"{""harmonic_anchor"": 45, ""motion_timing_track_preserved"": 18}","{""harmonic_anchor"": 45, ""motion_timing_track_preserved"": 18}",{},{},0.01971048772125028,1.1826292632750168,0.2419492574613166,0.730523967788168,1.0,0.8375327981395393,0.9999996481025637,0.6988127159693068,0.0487401610306874,0.6972292303531401,bounded_or_no_clear_room
mahnob_132,4.04,4.96,3.67,4.21,4.51,4.47,4.25,0.2607359824534854,0.2791397097082844,0.2942788249721824,0.2787197784220704,0.2734523213353555,0.2842367643547037,0.2650833421614353,external_output_rate_t,4.04,4.21,0.16999999999999993,mahnob_132.pkl,parh_ossm,True,False,,False,candidate_rate_posterior_final,bounded_correction_to_existing_readout,target_computable_downshift_specificity,1.0,0.1647537154653141,0.1978362020488914,1.0,0.0,0.0,0.0,0.0,9.58832641910849e-08,0.8287616593558121,9.58832641910849e-08,0.1073126668221285,0.2650157488867166,0.0,0.2650157488867166,0.0,0.2150095600233038,0.8975689458785998,0.4133011633194975,0.6666666666666666,0.6666666666666666,0.6129133050219832,7.449610125267919e-12,0.9810759093582392,0.0839238412155663,7.449610125267919e-12,0.8292922804438138,0.103148131943076,True,0.4528512627313182,0.4751190322159755,,,,,"{""G_DoF"": 9, ""G_DoF_bridge"": 3, ""G_OF"": 2}",,,,,False,0.3312696861083958,"{""harmonic_anchor"": 70, ""motion_timing_track_preserved"": 28}","{""harmonic_anchor"": 70, ""motion_timing_track_preserved"": 28}",{},{},0.023500781901218293,1.4100469140730976,0.1647537154653141,0.675432966126061,0.6666666666666666,0.8292922804438138,0.9999999999925504,0.6522763588074437,0.103148131943076,0.605581686843432,likely_video_or_reference_limited
mahnob_1322,2.02,2.43,2.53,2.44,3.28,2.68,2.72,0.2057518242307477,0.1995723702506214,0.2145003146932665,0.1943015071436424,0.1791595735296549,0.1938479098863071,0.1930141350387085,external_output_rate_t,2.02,2.44,0.41999999999999993,mahnob_1322.pkl,parh_ossm,True,False,,False,candidate_rate_posterior_final,bounded_correction_to_existing_readout,target_computable_downshift_specificity,1.0,0.196352092552833,0.1961629677868946,1.0,0.0,0.0,0.0775785323667811,0.0,0.0557405912320176,0.8007534444786921,0.0557405912320176,0.1028288938132872,0.1551570647335622,0.0,0.1551570647335622,0.0,0.215487392427228,0.8744525007366754,0.2088438261690002,1.0,1.0,0.7034366927120834,0.0010612890562186,0.9801600807777916,0.2267110548577694,0.0010612890562186,0.8112029329086853,0.0975421490647033,True,0.394566791907613,0.5178160076695534,,,,,"{""G_DoF"": 3, ""G_DoF_bridge"": 6, ""G_OF"": 2}",,,,,False,0.3878926618339056,"{""harmonic_anchor"": 52, ""motion_timing_track_preserved"": 22, ""stable_track_blend"": 2}","{""harmonic_anchor"": 52, ""motion_timing_track_preserved"": 22, ""stable_track_blend"": 2}",{},{},0.012737689192039187,0.7642613515223512,0.196352092552833,0.5029654997135208,1.0,0.8112029329086853,0.9989387109437814,0.7932678479868018,0.0975421490647033,0.6407749395509923,bounded_or_no_clear_room
mahnob_1324,2.89,3.31,2.29,2.82,3.34,2.6,2.68,0.234828956470815,0.2285577337049723,0.246183380202041,0.2355253449079981,0.2303034453140531,0.2354752989995255,0.2373993023693954,native_smoothed_track_hz,2.6,2.82,0.21999999999999975,mahnob_1324.pkl,parh_ossm,True,False,,False,candidate_rate_posterior_final,bounded_correction_to_existing_readout,target_computable_downshift_specificity,1.0,0.1909212773548728,0.198124178476087,1.0,0.0680555555555555,0.0,0.0,0.0,5.926567140793905e-05,0.8248725807298118,5.926567140793905e-05,0.08712723340936,0.0,0.0,0.0,0.0,0.1888438032980082,0.9242711623699928,0.3259248160285395,0.6666666666666666,0.6666666666666666,0.5847698519970681,6.845848739368754e-08,0.9704478619981796,0.2697225012809017,6.845848739368754e-08,0.8591670326544489,0.0876582360255257,True,0.3959457189341411,0.5088091480351846,,,,,"{""G_DoF"": 7, ""G_DoF_bridge"": 1, ""G_OF"": 2}",,,,,False,0.4066666666666667,"{""harmonic_anchor"": 50, ""motion_timing_track_preserved"": 20}","{""harmonic_anchor"": 50, ""motion_timing_track_preserved"": 20}",{},{},0.008841568664423122,0.5304941198653873,0.1909212773548728,0.6434975982896088,0.6666666666666666,0.8591670326544489,0.9999999315415126,0.8514999872111444,0.0876582360255257,0.631689058744596,bounded_or_no_clear_room
mahnob_1326,4.54,4.33,4.05,4.84,4.92,5.13,4.78,0.2132026854146989,0.2009904597058665,0.2243499616227304,0.2069606412786384,0.1904518321597545,0.201065095468984,0.2148968635103905,external_rate_posterior_mean_t,4.33,4.84,0.5099999999999998,mahnob_1326.pkl,parh_ossm,True,False,,False,candidate_rate_posterior_final,bounded_correction_to_existing_readout,target_computable_downshift_specificity,1.0,0.2117634690443645,0.2382986414938188,1.0,0.0994619272786564,0.0,0.0,0.0,0.0042228798073684,0.8551082797237929,0.0042228798073684,0.0660564410766686,0.0,0.0,0.0,0.0,0.2526660426903634,0.8527672765830022,0.2404734400588699,1.0,1.0,0.7015845527337053,5.311483347890124e-06,0.9811693526160348,0.2431166042248315,5.311483347890124e-06,0.8487900640610974,0.0453629816308312,True,0.4020786005238997,0.4483834426130872,,,,,"{""G_DoF"": 7, ""G_DoF_bridge"": 1, ""G_OF"": 1}",,,,,False,0.7016142181640307,"{""harmonic_anchor"": 45, ""motion_timing_track_preserved"": 18}","{""harmonic_anchor"": 45, ""motion_timing_track_preserved"": 18}",{},{},0.013906403804524015,0.8343842282714409,0.2117634690443645,0.6190678921169627,1.0,0.8487900640610974,0.9999946885166521,0.7765892489387763,0.0453629816308312,0.6771947853019405,bounded_or_no_clear_room
mahnob_1328,3.69,2.05,1.73,3.73,3.7,3.51,3.3,0.2447976831321592,0.2566156870905957,0.2971093123543333,0.2262731257067376,0.2254260081442313,0.2312182377740113,0.239447180913973,external_rate_posterior_mean_t,2.05,3.73,1.6800000000000002,mahnob_1328.pkl,parh_ossm,True,False,,False,candidate_rate_posterior_final,bounded_correction_to_existing_readout,target_computable_downshift_specificity,1.0,0.1912330353638559,0.1959786571608453,1.0,0.0713033313851548,0.0,0.2852133255406195,0.0,0.0551106961601792,0.7038212123426665,0.0551106961601792,0.1616624796217109,0.0,0.0,0.0,0.0,0.155915992233226,0.9610936448822543,0.2469295134248288,0.6666666666666666,0.6666666666666666,0.5992204444838379,0.000347016485759,0.9191230187032404,0.0032196248574683,0.000347016485759,0.7029281019747402,0.154701474940781,True,0.3655494062746297,0.7953337017852081,,,,,"{""G_DoF"": 1, ""G_DoF_bridge"": 8, ""G_OF"": 4}",,,,,False,0.2139099941554646,"{""harmonic_anchor"": 65, ""motion_timing_track_preserved"": 26}","{""harmonic_anchor"": 65, ""motion_timing_track_preserved"": 26}",{},{},0.030342561383858074,1.8205536830314846,0.1912330353638559,0.5091457154826701,0.6666666666666666,0.7029281019747402,0.999652983514241,0.5759796583629402,0.154701474940781,0.5471523831030611,source_selection_room_posterior_available
mahnob_1330,3.66,3.46,3.66,3.78,3.89,3.79,3.77,0.2147757745421782,0.2099439513476264,0.2183764716372414,0.1956102683108187,0.1873537192647635,0.1899039223677167,0.194662897564067,external_rate_posterior_mean_t,3.46,3.78,0.31999999999999984,mahnob_1330.pkl,parh_ossm,True,False,,False,candidate_rate_posterior_final,bounded_correction_to_existing_readout,target_computable_downshift_specificity,1.0,0.2526464619430661,0.2440864341932814,1.0,0.0,0.0,0.0,0.0,0.0,0.5439537553569331,0.0,0.13681387339292,0.0,0.0,0.0,0.0,0.3315715355964475,0.7893738702799548,0.3702999632123092,1.0,1.0,0.8747581899395315,0.0,0.35,0.4687905368086734,0.0,0.5476943912574744,0.1356916826227576,True,0.4752046717986893,0.7870977777940761,,,,,"{""G_DoF"": 13}",,,,,False,0.9998867625410486,"{""motion_timing_track_preserved"": 26}","{""motion_timing_track_preserved"": 26}",{},{},0.0248718521744615,1.49231113046769,0.2526464619430661,0.8069404368393348,1.0,0.5476943912574744,1.0,0.6362170539423668,0.1356916826227576,0.6567563986742158,bounded_or_no_clear_room
mahnob_1332,3.48,3.29,3.99,3.38,3.2,3.21,2.71,0.249621468975789,0.2507053523149078,0.2553288735425696,0.2432594611813604,0.2235077084313605,0.2368922196585758,0.2437116703667128,state_freq_t,2.71,3.38,0.6699999999999999,mahnob_1332.pkl,parh_ossm,True,False,,False,candidate_rate_posterior_final,bounded_correction_to_existing_readout,target_computable_downshift_specificity,1.0,0.1981286625877758,0.2058451136466087,1.0,0.0704632089638442,0.0,0.1409264179276885,0.0,0.0253150810181811,0.7823536906080315,0.0253150810181811,0.1044264313200231,0.0,0.0,0.0,0.0,0.1868987393214353,0.908966425799744,0.1701207314630952,1.0,1.0,0.7339259994370156,2.325033048945966e-06,0.8996483303337007,0.1848944245801468,2.325033048945966e-06,0.7570815634114396,0.0924925335055087,True,0.383660551306188,0.4813455296213845,,,,,"{""G_DoF"": 11, ""G_DoF_bridge"": 2}",,,,,False,0.5064109968811367,"{""harmonic_anchor"": 64, ""motion_timing_track_preserved"": 26}","{""harmonic_anchor"": 64, ""motion_timing_track_preserved"": 26}",{},{},0.013813132656332022,0.8287879593799213,0.1981286625877758,0.3562453335880549,1.0,0.7570815634114396,0.999997674966951,0.7779073366355894,0.0924925335055087,0.6028845984343216,bounded_or_no_clear_room
mahnob_1334,3.97,3.11,2.75,4.34,5.05,5.12,5.22,0.2573014107540052,0.2314114721859587,0.2915796402838025,0.2190562540003819,0.1942004023029331,0.1836695587201688,0.1924482067774537,external_rate_posterior_mean_t,3.11,4.34,1.23,mahnob_1334.pkl,parh_ossm,True,False,,False,candidate_rate_posterior_final,bounded_correction_to_existing_readout,target_computable_downshift_specificity,1.0,0.0567422872329861,0.0418103461447019,1.0,0.4512946979038224,0.0,0.0,0.4512946979038224,0.037939534380924,0.6091937742020936,0.037939534380924,0.2045978024366697,0.4512946979038224,0.0,0.4512946979038224,0.0,0.1230763427548536,0.9748304245757372,0.0760367098838211,0.3333333333333333,0.3333333333333333,0.6614560526298213,0.0380451681150259,0.5540095009320438,0.0814042641613512,0.0380451681150259,0.5614351326751501,0.261739064381891,True,0.485847008904038,0.5489022535508545,,,,,"{""G_DoF_bridge"": 4, ""G_OF"": 8}",,,,,False,0.0,"{""harmonic_anchor"": 60, ""motion_timing_track_preserved"": 24}","{""harmonic_anchor"": 60, ""motion_timing_track_preserved"": 24}",{},{},0.0736318520338364,4.417911122030184,0.0567422872329861,0.029784843975233496,0.3333333333333333,0.5614351326751501,0.9619548318849741,0.2621703105680301,0.261739064381891,0.29869415990592574,oracle_room_but_gtfree_evidence_weak
mahnob_1336,4.08,4.05,3.91,4.07,3.94,3.45,4.73,0.1663912709462926,0.1677219004486924,0.1674286081724859,0.1558859358364638,0.1533130618408214,0.1555365389770749,0.1541407551363424,native_smoothed_track_hz,3.45,4.07,0.6200000000000001,mahnob_1336.pkl,parh_ossm,True,False,,False,candidate_rate_posterior_final,bounded_correction_to_existing_readout,target_computable_downshift_specificity,1.0,0.2918631638073944,0.2921648916823086,1.0,0.0,0.0,0.0,0.0,0.0,0.5936107558057372,0.0,0.1219167732582788,0.0,0.0,0.0,0.0,0.4404125071271204,0.6647216340415374,0.6773004112856207,1.0,1.0,0.978116022456764,0.0,0.3493980833384617,0.7341409526134661,0.0,0.5885430322859525,0.1234370903142142,True,0.4308316099537471,0.954607316426766,,,,,"{""G_DoF"": 6}",,,,,False,1.0,"{""motion_timing_track_preserved"": 12}","{""motion_timing_track_preserved"": 12}",{},{},0.013581145312349996,0.8148687187409998,0.2918631638073944,0.8880825014254241,1.0,0.5885430322859525,1.0,0.7811954418750477,0.1234370903142142,0.7046395812359096,bounded_or_no_clear_room
mahnob_1338,,1.82,1.86,3.35,2.93,3.29,2.68,,0.1937169904671287,0.1784241838206534,0.1426384259507037,0.144165942835306,0.1430832409040656,0.1533259549615911,external_rate_posterior_mean_t,1.82,3.35,1.53,mahnob_1338.pkl,parh_ossm,False,True,no_supported_readout_windows,True,abstained_no_supported_readout_windows,none,no_supported_readout_windows,0.0,,,,,,,,,,,,,,,,,,,,,,,,,,,,False,,,,,,,{},,,,,False,,{},{},{},{},0.05107856451642501,3.0647138709855004,0.0,0.0,0.0,0.0,1.0,0.3950665003139763,0.0,0.18950665003139763,source_selection_room_agreement_available
mahnob_134,2.75,3.74,2.55,2.32,3.3,2.01,2.67,0.3269328345914622,0.3027040572439651,0.3232385355589256,0.3280615460760976,0.3170967480457784,0.3308192929052909,0.3179487320503066,native_smoothed_track_hz,2.01,2.32,0.31000000000000005,mahnob_134.pkl,parh_ossm,True,False,,False,candidate_rate_posterior_final,bounded_correction_to_existing_readout,target_computable_downshift_specificity,1.0,0.1632246179224039,0.1810460332874471,1.0,0.0806330067822155,0.0,0.0,0.0,1.0426709693775401e-07,0.8401080715039758,1.0426709693775401e-07,0.0839830787718893,0.1313381418882549,0.0,0.1313381418882549,0.0,0.1785593322170813,0.9216497480548884,0.220713096197145,0.6666666666666666,0.6666666666666666,0.6871895588516785,2.2201968958799882e-13,0.9828239200982058,0.2324364885681126,2.2201968958799882e-13,0.851525210126709,0.0907108246903115,True,0.435895017506304,0.6591943114616765,,,,,"{""G_DoF"": 3, ""G_DoF_bridge"": 8, ""G_OF"": 3}",,,,,False,0.1970072128323824,"{""harmonic_anchor"": 69, ""motion_timing_track_preserved"": 28}","{""harmonic_anchor"": 69, ""motion_timing_track_preserved"": 28}",{},{},0.028115235661325788,1.6869141396795473,0.1632246179224039,0.48102313293067667,0.6666666666666666,0.851525210126709,0.999999999999778,0.5997837514785619,0.0907108246903115,0.5656468552645344,bounded_or_no_clear_room
mahnob_1340,3.74,2.86,3.84,4.77,4.41,5.13,5.02,0.1656374478570106,0.178593262428062,0.1621729071830415,0.1585693222770798,0.1533030141128047,0.1548824999776942,0.149595892335844,external_rate_posterior_mean_t,2.86,4.77,1.9099999999999997,mahnob_1340.pkl,parh_ossm,True,False,,False,candidate_rate_posterior_final,bounded_correction_to_existing_readout,target_computable_downshift_specificity,1.0,0.2341915841190004,0.23362752372625,1.0,0.0,0.0,0.0,0.0,0.0,0.4895873509861338,0.0,0.1531237947041599,0.0,0.0,0.0,0.0,0.2865621351263712,0.826562977239146,0.2521044419691339,1.0,1.0,0.6547134114840071,0.0,0.35,0.0363891773069286,0.0,0.4741861601421778,0.1577441519573466,True,0.4967919729024075,0.9341271811652316,,,,,"{""G_DoF"": 9, ""G_DoF_bridge"": 2}",,,,,False,0.796760710553814,"{""motion_timing_track_preserved"": 22}","{""motion_timing_track_preserved"": 22}",{},{},0.028997370092218006,1.7398422055330802,0.2341915841190004,0.6840366652012465,1.0,0.4741861601421778,1.0,0.5902406695486687,0.1577441519573466,0.6097328048504582,source_selection_room_posterior_available
mahnob_136,1.14,2.3,0.71,1.73,2.09,2.09,1.31,0.3198750241345873,0.2874489371896693,0.3327982532039606,0.3036673405628157,0.302357199415981,0.3025070640969666,0.3071177715882108,external_output_rate_t,1.14,1.73,0.5900000000000001,mahnob_136.pkl,parh_ossm,True,False,,False,candidate_rate_posterior_final,bounded_correction_to_existing_readout,target_computable_downshift_specificity,1.0,0.0214575325747302,0.0288244835094464,1.0,1.0,0.0,0.0,0.0,1.4773869940307148e-08,0.7546007530382188,1.4773869940307148e-08,0.1416841826560231,0.354215003866976,0.0,0.354215003866976,0.0,0.0991087340870666,0.9823160964606554,0.0673274724390182,0.6666666666666666,0.6666666666666666,0.5679687117704558,1.862674657593804e-15,0.9040249516297628,0.1507415984474238,1.862674657593804e-15,0.7850536299346695,0.1144839110688933,True,0.473369088928801,0.5862538372607223,,,,,"{""G_DoF"": 7}",,,,,False,0.0,"{""harmonic_anchor"": 35, ""motion_timing_track_preserved"": 14}","{""harmonic_anchor"": 35, ""motion_timing_track_preserved"": 14}",{},{},0.032426086944918,1.9455652166950799,0.0214575325747302,0.01982174681741332,0.6666666666666666,0.7850536299346695,0.9999999999999981,0.5545683491159137,0.1144839110688933,0.4210952208020674,bounded_or_no_clear_room
mahnob_138,2.17,3.48,2.1,1.52,1.37,1.01,1.3,0.3202599128920148,0.2940351348714393,0.3179703366980702,0.3277775966375404,0.3240138485212863,0.3282946181229743,0.3368997930439806,native_smoothed_track_hz,1.01,1.52,0.51,mahnob_138.pkl,parh_ossm,True,False,,False,candidate_rate_posterior_final,bounded_correction_to_existing_readout,target_computable_downshift_specificity,1.0,0.1606268811765671,0.2028219417520108,1.0,0.1325510647544545,0.0,0.0,0.0,2.3778664199415382e-11,0.8055980520915408,2.3778664199415382e-11,0.0691882002237847,0.2709691438504998,0.0662755323772272,0.2046936114732725,0.0,0.1851757922142631,0.9056687994415588,0.1911632074056881,1.0,1.0,0.6417156172217073,1.4311309607918245e-12,0.981791953230681,0.1385135453618784,1.4311309607918245e-12,0.832096303490198,0.0503711089530423,True,0.5290162562480263,0.4429439042086944,,,,,"{""G_DoF"": 4, ""G_DoF_bridge"": 9, ""G_OF"": 1}",,,,,False,0.2651021295089091,"{""harmonic_anchor"": 70, ""motion_timing_track_preserved"": 28}","{""harmonic_anchor"": 70, ""motion_timing_track_preserved"": 28}",{},{},0.042864658172541314,2.5718794903524786,0.1606268811765671,0.41706517936693605,1.0,0.832096303490198,0.9999999999985689,0.4587006678952439,0.0503711089530423,0.5892171575850642,bounded_or_no_clear_room
mahnob_14,1.3,2.11,2.01,1.5,2.29,2.23,1.51,0.2662875555182654,0.2465712438244292,0.2553002309393753,0.2829409491049179,0.2899187340284374,0.2930692142054319,0.2891281421757805,external_output_rate_t,1.3,1.5,0.19999999999999996,mahnob_14.pkl,parh_ossm,True,False,,False,candidate_rate_posterior_final,bounded_correction_to_existing_readout,target_computable_downshift_specificity,1.0,0.1237832234274221,0.1738139093344853,1.0,0.2901307966706302,0.0,0.0,0.0,7.251810462950866e-13,0.7972272564611954,7.251810462950866e-13,0.1194054251635142,0.2175980975029726,0.0,0.2175980975029726,0.0,0.1753449783621139,0.9397685644867048,0.221361322319279,0.6666666666666666,0.6666666666666666,0.6951469584989343,1.1243020276822773e-21,0.9827712779781144,0.0613708860876127,1.1243020276822773e-21,0.8105684340854598,0.1139337324587602,True,0.4802468576567827,0.5317183436828272,,,,,"{""G_DoF"": 4, ""G_DoF_bridge"": 6, ""G_OF"": 2}",,,,,False,0.2175980975029726,"{""harmonic_anchor"": 60, ""motion_timing_track_preserved"": 24}","{""harmonic_anchor"": 60, ""motion_timing_track_preserved"": 24}",{},{},0.04649797038100273,2.789878222860164,0.1237832234274221,0.4640440675637353,0.6666666666666666,0.8105684340854598,1.0,0.429377993919754,0.1139337324587602,0.5268843106285209,bounded_or_no_clear_room
mahnob_140,1.1,2.88,1.41,1.13,1.81,1.72,1.34,0.2986007299294925,0.2898538917867713,0.2984952582129405,0.3243796112791317,0.3208749829505649,0.3274003036044022,0.3139286243037196,external_output_rate_t,1.1,1.13,0.029999999999999805,mahnob_140.pkl,parh_ossm,True,False,,False,candidate_rate_posterior_final,bounded_correction_to_existing_readout,target_computable_downshift_specificity,1.0,0.0796620172435305,0.0414364541709581,1.0,0.1536523929471032,0.0,0.0,0.3841309823677581,2.05827363149386e-10,0.7827974298233341,2.05827363149386e-10,0.1471978779257189,0.5390428211586902,0.0,0.5390428211586902,0.0,0.1288560052304303,0.9477892383225122,0.1153338341843312,0.3333333333333333,0.3333333333333333,0.5514651176788394,4.427702276354929e-16,0.9792318545567844,0.109332843547875,4.427702276354929e-16,0.8236565614265106,0.1525079573653796,True,0.5070363795773606,0.7940516641305325,,,,,"{""G_DoF"": 10, ""G_DoF_bridge"": 1, ""G_OF"": 1}",,,,,False,0.0,"{""harmonic_anchor"": 60, ""motion_timing_track_preserved"": 24}","{""harmonic_anchor"": 60, ""motion_timing_track_preserved"": 24}",{},{},0.03754641181763091,2.2527847090578543,0.0796620172435305,0.1551500067304847,0.3333333333333333,0.8236565614265106,0.9999999999999996,0.5052701546479298,0.1525079573653796,0.40977020959921107,bounded_or_no_clear_room
mahnob_142,1.74,3.4,1.84,1.3,1.82,1.39,1.47,0.3093643631351217,0.2821866905841872,0.2992088229773345,0.3217022931292413,0.3136627798215023,0.3287517316468437,0.3165028223813487,final_track_hz,1.3,1.3,0.0,mahnob_142.pkl,parh_ossm,True,False,,False,candidate_rate_posterior_final,bounded_correction_to_existing_readout,target_computable_downshift_specificity,1.0,0.1270459101288801,0.1523782996040571,1.0,0.0,0.0,0.0,0.0550491832867069,3.56067135713825e-10,0.8410813689695177,3.56067135713825e-10,0.1135350782364443,0.5045573504196372,0.1100983665734139,0.3944589838462232,0.0,0.1806151134802071,0.9095373201479564,0.2368463251956579,0.6666666666666666,0.6666666666666666,0.6922890629587906,4.246842049773823e-15,0.9920513808725032,0.1839785448733072,4.246842049773823e-15,0.8384184914909507,0.1042707136583833,True,0.4406390477483666,0.6472732749325055,,,,,"{""G_DoF"": 10, ""G_DoF_bridge"": 6, ""G_OF"": 1}",,,,,False,0.3302950997202418,"{""harmonic_anchor"": 85, ""motion_timing_track_preserved"": 34}","{""harmonic_anchor"": 85, ""motion_timing_track_preserved"": 34}",{},{},0.046565041062656465,2.793902463759388,0.1270459101288801,0.5379130968361442,0.6666666666666666,0.8384184914909507,0.9999999999999958,0.42885470078595367,0.1042707136583833,0.5475652693358478,bounded_or_no_clear_room
mahnob_144,2.86,4.0,2.52,2.67,3.26,2.42,2.63,0.30433318856449,0.2874317348676118,0.3076239671471633,0.3009616038288538,0.2895957576058311,0.3003103515742155,0.3006261324205606,native_smoothed_track_hz,2.42,2.67,0.25,mahnob_144.pkl,parh_ossm,True,False,,False,candidate_rate_posterior_final,bounded_correction_to_existing_readout,target_computable_downshift_specificity,1.0,0.1509369285832814,0.1657453991997855,1.0,0.0,0.0,0.0,0.0,6.537156248961747e-11,0.8469582287046823,6.537156248961747e-11,0.1063348573444912,0.3406470806991447,0.1134250650799553,0.2272220156191892,0.0,0.1839195703464307,0.925518579131152,0.2328921797276192,0.6666666666666666,0.6666666666666666,0.7469394602981663,3.406720690827613e-12,0.9872467875847746,0.1987286114935556,3.406720690827613e-12,0.8631007061460484,0.0997422494573899,True,0.4681084340358045,0.5569952904514027,,,,,"{""G_DoF"": 5, ""G_DoF_bridge"": 2}",,,,,False,0.2268501301599107,"{""harmonic_anchor"": 34, ""motion_timing_track_preserved"": 14}","{""harmonic_anchor"": 34, ""motion_timing_track_preserved"": 14}",{},{},0.016901453696878177,1.0140872218126906,0.1509369285832814,0.511718829189087,0.6666666666666666,0.8631007061460484,0.9999999999965933,0.7354305579682459,0.0997422494573899,0.5831119347561197,bounded_or_no_clear_room
mahnob_146,1.81,3.17,1.96,2.12,3.16,2.49,2.08,0.3370439146751343,0.3098108586014493,0.3333204016842784,0.3368303042644761,0.3313523331073513,0.3419292094028448,0.3366478707810093,external_output_rate_t,1.81,2.12,0.31000000000000005,mahnob_146.pkl,parh_ossm,True,False,,False,candidate_rate_posterior_final,bounded_correction_to_existing_readout,target_computable_downshift_specificity,1.0,0.1458311488920195,0.1906701367036785,1.0,0.0,0.0,0.0,0.0599717477847694,5.655368250118592e-07,0.79981686546987,5.655368250118592e-07,0.0959452284671641,0.2947219725182997,0.0,0.2947219725182997,0.0,0.1769425566521287,0.9188223830920208,0.1678403799792936,0.6666666666666666,0.6666666666666666,0.6285390117852803,2.4165881824760265e-15,0.988898792183746,0.0511877027358451,2.4165881824760265e-15,0.7979622893162139,0.1065392506083928,True,0.4701367612345044,0.4901794104716217,,,,,"{""G_DoF"": 10, ""G_DoF_bridge"": 1}",,,,,False,0.2163862848336971,"{""harmonic_anchor"": 55, ""motion_timing_track_preserved"": 22}","{""harmonic_anchor"": 55, ""motion_timing_track_preserved"": 22}",{},{},0.03211835080139552,1.9271010480837314,0.1458311488920195,0.33812717318146235,0.6666666666666666,0.7979622893162139,0.9999999999999976,0.557679968342273,0.1065392506083928,0.5188916370301171,bounded_or_no_clear_room
mahnob_148,0.91,1.55,1.28,1.2,1.91,1.72,0.82,0.326714773869331,0.296794808643304,0.3166632532150683,0.3239062846469875,0.311931428764958,0.3225607772323642,0.3307924064380143,state_freq_t,0.82,1.2,0.38,mahnob_148.pkl,parh_ossm,True,False,,False,candidate_rate_posterior_final,bounded_correction_to_existing_readout,target_computable_downshift_specificity,1.0,0.1381836944385875,0.1926611522283034,1.0,0.1897356143079315,0.0,0.0,0.0948678071539657,8.388388327095892e-11,0.8233349569616635,8.388388327095892e-11,0.0812827875356173,0.5256609642301711,0.1897356143079315,0.3359253499222395,0.0,0.1929517699991469,0.859140190277309,0.1401881357529857,1.0,1.0,0.63194704897822,1.2678266509444877e-12,0.959590820288088,0.1607694023808454,1.2678266509444877e-12,0.8338301019986007,0.055575427862537,True,0.436768043424169,0.3436059429997242,,,,,"{""G_DoF_bridge"": 9}",,,,,False,0.5692068429237948,"{""harmonic_anchor"": 45, ""motion_timing_track_preserved"": 18}","{""harmonic_anchor"": 45, ""motion_timing_track_preserved"": 18}",{},{},0.03399759779471029,2.0398558676826175,0.1381836944385875,0.324967537043231,1.0,0.8338301019986007,0.9999999999987321,0.5389469468744108,0.055575427862537,0.5729510982190804,bounded_or_no_clear_room
mahnob_150,2.66,2.85,1.78,2.14,2.63,1.92,2.26,0.315641079646508,0.2974859292637458,0.3113122611051447,0.3044565009235612,0.297717509773558,0.3051475960879083,0.3023409144580349,native_smoothed_track_hz,1.92,2.14,0.2200000000000002,mahnob_150.pkl,parh_ossm,True,False,,False,candidate_rate_posterior_final,bounded_correction_to_existing_readout,target_computable_downshift_specificity,1.0,0.1511585049645425,0.1782420424246046,1.0,0.0,0.0,0.0,0.0751231527093596,2.8829507761846482e-08,0.7939915455448533,2.8829507761846482e-08,0.1086341862357069,0.2253694581280788,0.0,0.2253694581280788,0.0,0.1759867348488823,0.9160086800157174,0.2133496922863843,0.6666666666666666,0.6666666666666666,0.6507046250210367,3.2446941098816363e-14,0.9800334039931036,0.0813069410491793,3.2446941098816363e-14,0.7976554865995675,0.1044177834236447,True,0.456696904947219,0.5869175502361614,,,,,"{""G_DoF"": 9, ""G_DoF_bridge"": 3}",,,,,False,0.2253694581280788,"{""harmonic_anchor"": 60, ""motion_timing_track_preserved"": 24}","{""harmonic_anchor"": 60, ""motion_timing_track_preserved"": 24}",{},{},0.01815515038276222,1.0893090229657332,0.1511585049645425,0.46590032074161586,0.6666666666666666,0.7976554865995675,0.9999999999999676,0.7188564141766289,0.1044177834236447,0.5620618764546874,bounded_or_no_clear_room
mahnob_152,4.03,5.0,3.58,3.91,4.66,3.95,4.05,0.2946062751195016,0.2784893734783803,0.2979212532186582,0.2935453634760933,0.2874673055489394,0.2936115171889153,0.2873627794556067,final_track_hz,3.91,3.91,0.0,mahnob_152.pkl,parh_ossm,True,False,,False,candidate_rate_posterior_final,bounded_correction_to_existing_readout,target_computable_downshift_specificity,1.0,0.2219060320998406,0.2434918044241667,1.0,0.0,0.0,0.0,0.0,7.802534398287486e-07,0.8700646013683814,7.802534398287486e-07,0.0519926254203006,0.1029411764705882,0.0,0.1029411764705882,0.0,0.264315517492303,0.8917919282192736,0.2950818883513325,1.0,1.0,0.7714975633395456,1.4722545941089384e-10,0.9838381951523626,0.3157457925330043,1.4722545941089384e-10,0.8683490536122017,0.0394952840000333,True,0.5567896220382011,0.3361480924703643,,,,,"{""G_DoF"": 5, ""G_DoF_bridge"": 2}",,,,,False,0.6727941176470589,"{""harmonic_anchor"": 35, ""motion_timing_track_preserved"": 14}","{""harmonic_anchor"": 35, ""motion_timing_track_preserved"": 14}",{},{},0.016116901641121284,0.967014098467277,0.2219060320998406,0.691071175279187,1.0,0.8683490536122017,0.9999999998527745,0.7459963472089484,0.0394952840000333,0.6945932074214356,likely_video_or_reference_limited
mahnob_154,1.28,3.78,1.53,1.42,2.18,1.81,1.3,0.3394699141605706,0.2969677535461449,0.3339708806533527,0.3345647260809521,0.3235136826687098,0.3347075925739486,0.3439426455691046,external_output_rate_t,1.28,1.42,0.1399999999999999,mahnob_154.pkl,parh_ossm,True,False,,False,candidate_rate_posterior_final,bounded_correction_to_existing_readout,target_computable_downshift_specificity,1.0,0.0381414302672918,0.0182287738902059,1.0,0.2320273868391023,0.0,0.0,0.4586027640420946,1.0116101176743979e-07,0.8592279039483376,1.0116101176743979e-07,0.1289810592608893,1.0,0.0773424622797007,0.9226575377202992,0.0,0.1614166714784876,0.9157555476083586,0.1455369575040742,0.3333333333333333,0.3333333333333333,0.7445678526598317,8.375953911779375e-12,0.9843690798428568,0.329944728234673,8.375953911779375e-12,0.8668381313422734,0.1362621722216415,True,0.6106774248415967,0.5313864094102223,,,,,"{""G_DoF"": 8, ""G_DoF_bridge"": 3}",,,,,False,0.0773424622797007,"{""harmonic_anchor"": 55, ""motion_timing_track_preserved"": 22}","{""harmonic_anchor"": 55, ""motion_timing_track_preserved"": 22}",{},{},0.04697489202295968,2.818493521377581,0.0381414302672918,0.2767544198235429,0.3333333333333333,0.8668381313422734,0.999999999991624,0.4256708236393899,0.1362621722216415,0.42385282637339095,bounded_or_no_clear_room
mahnob_156,1.48,3.37,0.96,1.84,2.45,2.31,1.29,0.3210139732529762,0.283649964429512,0.3288832323880794,0.3106692328927317,0.3035138468351449,0.308531051624735,0.3263130538281579,state_freq_t,1.29,1.84,0.55,mahnob_156.pkl,parh_ossm,True,False,,False,candidate_rate_posterior_final,bounded_correction_to_existing_readout,target_computable_downshift_specificity,1.0,0.0692460815250266,0.0399576841764457,1.0,0.0,0.0,0.0,0.171195652173913,1.0618830907045034e-08,0.7948905826090352,1.0618830907045034e-08,0.1343875169721713,0.7927989130434783,0.0,0.7927989130434783,0.0,0.1511991944403253,0.9377909797941412,0.2105982329964451,0.5,0.5,0.5920872236208314,7.948075497174399e-12,0.9758926367363856,0.0783403639597893,7.948075497174399e-12,0.825916815533912,0.149368992621429,True,0.4872901509700558,0.7074971583850369,,,,,"{""G_DoF"": 8}",,,,,False,0.2072010869565217,"{""harmonic_anchor"": 40, ""motion_timing_track_preserved"": 16}","{""harmonic_anchor"": 40, ""motion_timing_track_preserved"": 16}",{},{},0.04266308939864588,2.5597853639187527,0.0692460815250266,0.43159399983414787,0.5,0.825916815533912,0.9999999999920519,0.4603848381789489,0.149368992621429,0.48361942723273277,bounded_or_no_clear_room
mahnob_1562,0.85,0.85,1.21,0.87,1.12,0.96,1.15,0.2557917746743782,0.2404171052549316,0.2659883726096999,0.2639579382088802,0.2590703807091814,0.263125294822104,0.2642386766130228,external_output_rate_t,0.85,0.87,0.020000000000000018,mahnob_1562.pkl,parh_ossm,True,False,,False,candidate_rate_posterior_final,bounded_correction_to_existing_readout,target_computable_downshift_specificity,1.0,0.2027201480746043,0.2181235687205346,1.0,0.0664456064277515,0.0,0.0,0.0,9.21097978235793e-13,0.8289245302436165,9.21097978235793e-13,0.0899293367687574,0.0,0.0,0.0,0.0,0.2244044475055389,0.8832140899168045,0.4526277371279006,0.6666666666666666,0.6666666666666666,0.8728722532093832,2.5847993431845823e-19,0.9878846431193472,0.3130522676079415,2.5847993431845823e-19,0.8562855296332103,0.09185540163504,True,0.4402421549350369,0.6283015974573515,,,,,"{""G_DoF"": 8, ""G_DoF_bridge"": 3}",,,,,False,0.6885601326361434,"{""harmonic_anchor"": 55, ""motion_timing_track_preserved"": 22}","{""harmonic_anchor"": 55, ""motion_timing_track_preserved"": 22}",{},{},0.02382157135809121,1.4292942814854726,0.2027201480746043,0.6916667995843033,0.6666666666666666,0.8562855296332103,1.0,0.6484830069206137,0.09185540163504,0.6231189869090505,bounded_or_no_clear_room
mahnob_1564,0.79,0.9,0.84,0.78,1.11,1.23,1.39,0.2447472399503287,0.2291373677465306,0.2469128097900737,0.24806885572371,0.2446354775386156,0.2484729068647654,0.2562643431154419,final_track_hz,0.78,0.78,0.0,mahnob_1564.pkl,parh_ossm,True,False,,False,candidate_rate_posterior_final,bounded_correction_to_existing_readout,target_computable_downshift_specificity,1.0,0.1495524279011016,0.1771624392452771,1.0,0.0,0.0,0.0,0.0072076261334573,8.090431989138712e-09,0.7904642484808868,8.090431989138712e-09,0.1224169188993691,0.2908625900953266,0.0,0.2908625900953266,0.0,0.1729864905139258,0.8920591322035109,0.2179418540578666,0.6666666666666666,0.6666666666666666,0.7854826268082313,2.6909914144498904e-16,0.946822680011558,0.2014297795173342,2.6909914144498904e-16,0.8118599218505832,0.1124638707027635,True,0.4201203818826228,0.4838459239413801,,,,,"{""G_DoF_bridge"": 9, ""G_OF"": 4}",,,,,False,0.3545687049523366,"{""harmonic_anchor"": 65, ""motion_timing_track_preserved"": 26}","{""harmonic_anchor"": 65, ""motion_timing_track_preserved"": 26}",{},{},0.027126975368911288,1.6276185221346773,0.1495524279011016,0.5018782645584073,0.6666666666666666,0.8118599218505832,0.9999999999999998,0.6106582935289677,0.1124638707027635,0.5593621904471646,bounded_or_no_clear_room
mahnob_1566,1.38,0.5,1.69,1.11,1.01,1.0,1.03,0.2811541387278302,0.2634738301196042,0.2823693407974554,0.2720237500170668,0.2749735011817673,0.2716821907950973,0.2817882682230844,external_rate_posterior_mean_t,0.5,1.11,0.6100000000000001,mahnob_1566.pkl,parh_ossm,True,False,,False,candidate_rate_posterior_final,bounded_correction_to_existing_readout,target_computable_downshift_specificity,1.0,0.2209933980691223,0.2057472322619461,1.0,0.0,0.0,0.0,0.0,3.515484320059367e-11,0.7909939135571422,3.515484320059367e-11,0.0721082921566195,0.0,0.0,0.0,0.0,0.2283228027347387,0.844143198756383,0.2467475582222659,1.0,1.0,0.7150616535968152,2.561821496830128e-11,0.967795040423711,0.0789757300428897,2.561821496830128e-11,0.8260575183183294,0.0627444038931955,True,0.4610874729602905,0.3597437771068739,,,,,"{""G_DoF_bridge"": 6, ""G_OF"": 2}",,,,,False,0.4542852030774736,"{""harmonic_anchor"": 40, ""motion_timing_track_preserved"": 16}","{""harmonic_anchor"": 40, ""motion_timing_track_preserved"": 16}",{},{},0.018314438103480213,1.0988662862088128,0.2209933980691223,0.640077146901796,1.0,0.8260575183183294,0.9999999999743818,0.7167775169326972,0.0627444038931955,0.6725757179454966,bounded_or_no_clear_room
mahnob_1568,0.68,0.66,0.89,0.83,0.96,1.18,0.76,0.2597227947855705,0.2436505267599651,0.264803246438097,0.2498102969731454,0.250038847347731,0.2489978392914799,0.2574337071801255,external_rate_posterior_mean_t,0.66,0.83,0.16999999999999993,mahnob_1568.pkl,parh_ossm,True,False,,False,candidate_rate_posterior_final,bounded_correction_to_existing_readout,target_computable_downshift_specificity,1.0,0.2010554832853913,0.2025228180242796,1.0,0.0,0.0,0.0,0.0,1.5343053031293802e-08,0.8581535341524549,1.5343053031293802e-08,0.0841049879107067,0.0,0.0,0.0,0.0,0.2025975960603946,0.9093698571973236,0.2992840010876189,0.6666666666666666,0.6666666666666666,0.8340705053753004,2.7921712909542895e-14,0.991633694290992,0.349614167179693,2.7921712909542895e-14,0.8429494138725292,0.0971151758382412,True,0.5191381816784681,0.6368815505635543,,,,,"{""G_DoF"": 9, ""G_DoF_bridge"": 4}",,,,,False,0.639040856710511,"{""harmonic_anchor"": 65, ""motion_timing_track_preserved"": 26}","{""harmonic_anchor"": 65, ""motion_timing_track_preserved"": 26}",{},{},0.01607226802560538,0.9643360815363228,0.2010554832853913,0.6611496620147554,0.6666666666666666,0.8429494138725292,0.9999999999999721,0.7466019840851531,0.0971151758382412,0.6238848961298652,bounded_or_no_clear_room
mahnob_1570,1.67,1.11,1.8,1.92,2.39,2.24,2.22,0.2666284717483717,0.2477330234241361,0.2774010838965408,0.2743862893325198,0.2632309118731508,0.2692351032215609,0.2762803484088459,external_rate_posterior_mean_t,1.11,1.92,0.8099999999999998,mahnob_1570.pkl,parh_ossm,True,False,,False,candidate_rate_posterior_final,bounded_correction_to_existing_readout,target_computable_downshift_specificity,1.0,0.2124657138599623,0.2088220660486192,1.0,0.0,0.0,0.0,0.0,2.283699762064522e-08,0.7922819719815584,2.283699762064522e-08,0.0839740242552427,0.0,0.0,0.0,0.0,0.2147495818762078,0.8656814457185958,0.2567315272555994,0.8333333333333333,0.8333333333333333,0.6581172285583922,3.2913028087998936e-10,0.9513782102984912,0.0807046130191152,3.2913028087998936e-10,0.8064654206071957,0.0974774512241406,True,0.3900394137058109,0.5922788537221975,,,,,"{""G_DoF_bridge"": 4, ""G_OF"": 4}",,,,,False,0.6929530201342282,"{""harmonic_anchor"": 40, ""motion_timing_track_preserved"": 16}","{""harmonic_anchor"": 40, ""motion_timing_track_preserved"": 16}",{},{},0.0285473249847098,1.712839499082588,0.2124657138599623,0.6432801706095441,0.8333333333333333,0.8064654206071957,0.9999999996708697,0.5950902094251529,0.0974774512241406,0.6275035514487105,source_selection_room_posterior_available
mahnob_1572,1.84,1.34,1.4,1.95,2.52,2.51,2.01,0.2639881668389142,0.2594280114746941,0.2599138544869221,0.2615049732596688,0.2597535648144841,0.2605931836717071,0.2574757183255256,external_rate_posterior_mean_t,1.34,1.95,0.6099999999999999,mahnob_1572.pkl,parh_ossm,True,False,,False,candidate_rate_posterior_final,bounded_correction_to_existing_readout,target_computable_downshift_specificity,1.0,0.2117150313907786,0.215213177667064,1.0,0.0,0.0,0.0,0.0,2.277473151063982e-08,0.8085738495955059,2.277473151063982e-08,0.0890599398763882,0.0,0.0,0.0,0.0,0.221504435454853,0.912939811996293,0.2371901362850126,0.6666666666666666,0.6666666666666666,0.7563148729283464,4.72183822773102e-13,0.9814334233276032,0.177580754348032,4.72183822773102e-13,0.8092410232506396,0.0977382340580327,True,0.5164272769596143,0.4960574566366575,,,,,"{""G_DoF"": 9, ""G_DoF_bridge"": 3}",,,,,False,0.6698377850957434,"{""harmonic_anchor"": 60, ""motion_timing_track_preserved"": 24}","{""harmonic_anchor"": 60, ""motion_timing_track_preserved"": 24}",{},{},0.006512448513388558,0.3907469108033135,0.2117150313907786,0.5436339498784623,0.6666666666666666,0.8092410232506396,0.9999999999995278,0.8883334010788965,0.0977382340580327,0.6121012180129987,bounded_or_no_clear_room
mahnob_1574,0.67,0.87,0.91,0.37,0.78,0.36,0.89,0.2484920700971183,0.2411624423266468,0.2560827403769184,0.2526264036706743,0.2500146728539923,0.2525339087539786,0.248923893873436,native_smoothed_track_hz,0.36,0.37,0.010000000000000009,mahnob_1574.pkl,parh_ossm,True,False,,False,candidate_rate_posterior_final,bounded_correction_to_existing_readout,target_computable_downshift_specificity,1.0,0.1606473840611687,0.1686801259242675,1.0,0.0904910250704643,0.0,0.0,0.0,3.680997637117485e-10,0.7996059080295486,3.680997637117485e-10,0.1014577903029909,0.0,0.0,0.0,0.0,0.1419252604634638,0.934348258215167,0.1075871169437147,0.6666666666666666,0.6666666666666666,0.8249793202364731,2.0105744214506178e-12,0.9176550355873953,0.3885418512841587,2.0105744214506178e-12,0.8453562956604506,0.0914594027781829,True,0.5213954702252748,0.6193908195751747,,,,,"{""G_DoF"": 9, ""G_DoF_bridge"": 1}",,,,,False,0.0,"{""harmonic_anchor"": 49, ""motion_timing_track_preserved"": 20}","{""harmonic_anchor"": 49, ""motion_timing_track_preserved"": 20}",{},{},0.011463961344027496,0.6878376806416497,0.1606473840611687,0.1499013654727412,0.6666666666666666,0.8453562956604506,0.9999999999979894,0.8118532670115444,0.0914594027781829,0.5189849498819424,bounded_or_no_clear_room
mahnob_1576,1.8,0.9,1.83,1.86,1.7,1.83,2.18,0.2826676409237321,0.2650594987635181,0.2789838301570362,0.2862457772885406,0.2839290406702119,0.2864829095587202,0.2973526383456361,external_rate_posterior_mean_t,0.9,1.86,0.9600000000000001,mahnob_1576.pkl,parh_ossm,True,False,,False,candidate_rate_posterior_final,bounded_correction_to_existing_readout,target_computable_downshift_specificity,1.0,0.2195742698160701,0.2262385343170029,1.0,0.0,0.0,0.0,0.0,4.157324705697429e-13,0.8257207029190033,4.157324705697429e-13,0.0648199452434464,0.0777565328234544,0.0,0.0777565328234544,0.0,0.2637559638711625,0.8540772234613118,0.3003129000894349,1.0,1.0,0.851729788816898,1.703258730838534e-16,0.984836656350172,0.3416817440825627,1.703258730838534e-16,0.8271194336378644,0.0617473331781227,True,0.4598711174273719,0.5891389509138675,,,,,"{""G_DoF"": 11}",,,,,False,0.6889738687061823,"{""harmonic_anchor"": 55, ""motion_timing_track_preserved"": 22}","{""harmonic_anchor"": 55, ""motion_timing_track_preserved"": 22}",{},{},0.03229313958211799,1.9375883749270795,0.2195742698160701,0.7286739693129207,1.0,0.8271194336378644,0.9999999999999998,0.5559104869414895,0.0617473331781227,0.674112591738618,source_selection_room_posterior_available
mahnob_1578,2.01,0.95,2.51,2.19,2.3,2.35,1.69,0.2748883434997891,0.2566736830812279,0.2926765209606511,0.2835190311383349,0.2799771262075347,0.2855906052866376,0.2834401356956937,external_rate_posterior_mean_t,0.95,2.19,1.24,mahnob_1578.pkl,parh_ossm,True,False,,False,candidate_rate_posterior_final,bounded_correction_to_existing_readout,target_computable_downshift_specificity,1.0,0.2218499030720195,0.2419687899028484,1.0,0.0,0.0,0.0,0.0,5.7418131815520986e-11,0.8114587921305614,5.7418131815520986e-11,0.0801731517438777,0.0553287343376038,0.0553287343376038,0.0,0.0,0.2407490773996811,0.8595129506631932,0.2138733292359519,0.8333333333333333,0.8333333333333333,0.6757074890076293,1.9975188322508358e-13,0.9770483506973384,0.1193354255876097,1.9975188322508358e-13,0.818459411923067,0.0810470052062233,True,0.5067031045892891,0.6061340728759299,,,,,"{""G_DoF"": 3, ""G_DoF_bridge"": 4, ""G_OF"": 3}",,,,,False,0.7423623820920737,"{""harmonic_anchor"": 50, ""motion_timing_track_preserved"": 20}","{""harmonic_anchor"": 50, ""motion_timing_track_preserved"": 20}",{},{},0.0289169222054097,1.735015332324582,0.2218499030720195,0.5367885202156107,0.8333333333333333,0.818459411923067,0.9999999999998003,0.5911046397011791,0.0810470052062233,0.6115948550490526,source_selection_room_posterior_available
mahnob_158,3.3,4.17,3.51,3.21,4.09,2.99,2.83,0.2878265471779849,0.2746084025685069,0.2815750009428218,0.2928707084866502,0.2759140474057526,0.2929572110490921,0.2953736268308639,state_freq_t,2.83,3.21,0.3799999999999999,mahnob_158.pkl,parh_ossm,True,False,,False,candidate_rate_posterior_final,bounded_correction_to_existing_readout,target_computable_downshift_specificity,1.0,0.1733840010976071,0.1856689577129931,1.0,0.0843007186290768,0.0,0.0,0.0843007186290768,1.6329854171412474e-05,0.7739999407409286,1.6329854171412474e-05,0.1064415038781997,0.0,0.0,0.0,0.0,0.1805599804583127,0.921633240540008,0.1498472701772832,0.6666666666666666,0.6666666666666666,0.666366770603894,3.736201273241104e-13,0.9755291774564124,0.1351729718170342,3.736201273241104e-13,0.8385586629515576,0.094013859955936,True,0.4177133641858375,0.6187946268161917,,,,,"{""G_DoF_bridge"": 9, ""G_OF"": 1}",,,,,False,0.2529021558872305,"{""harmonic_anchor"": 50, ""motion_timing_track_preserved"": 20}","{""harmonic_anchor"": 50, ""motion_timing_track_preserved"": 20}",{},{},0.020765224262356996,1.2459134557414198,0.1733840010976071,0.28655874853918334,0.6666666666666666,0.8385586629515576,0.9999999999996264,0.6855392445840792,0.094013859955936,0.5355940878877303,bounded_or_no_clear_room
mahnob_1580,2.21,1.82,2.69,2.24,1.66,2.33,2.81,0.2707632368638608,0.2586226240598331,0.2615696189711157,0.2698240738402677,0.2570519446433886,0.2671737480211514,0.2762868640439722,external_rate_posterior_mean_t,1.82,2.24,0.42000000000000015,mahnob_1580.pkl,parh_ossm,True,False,,False,candidate_rate_posterior_final,bounded_correction_to_existing_readout,target_computable_downshift_specificity,1.0,0.1698237632692654,0.1845089144865136,1.0,0.1061608075182735,0.0,0.0,0.0,9.016204445445071e-09,0.8145506867550567,9.016204445445071e-09,0.0910149552582032,0.0,0.0,0.0,0.0,0.1503942974782953,0.9266416626299896,0.0990427149240227,0.6666666666666666,0.6666666666666666,0.7215348858986879,5.363159027361327e-11,0.9776142344020354,0.2305325334777318,5.363159027361327e-11,0.8160713082726843,0.1043726922550082,True,0.4037415169797834,0.6395069830183987,,,,,"{""G_DoF_bridge"": 3, ""G_OF"": 5}",,,,,False,0.0,"{""harmonic_anchor"": 40, ""motion_timing_track_preserved"": 15}","{""harmonic_anchor"": 40, ""motion_timing_track_preserved"": 15}",{},{},0.017664239984139074,1.0598543990483444,0.1698237632692654,0.13580466290673185,0.6666666666666666,0.8160713082726843,0.9999999999463685,0.7253013903297373,0.1043726922550082,0.5041204394389935,bounded_or_no_clear_room
mahnob_1582,3.79,3.26,3.8,3.32,2.89,3.18,3.78,0.2936827856793246,0.2672772955844397,0.2862058074794047,0.2772288584458307,0.2686114975495949,0.2756842580645924,0.2949293993909769,native_smoothed_track_hz,3.18,3.32,0.13999999999999968,mahnob_1582.pkl,parh_ossm,True,False,,False,candidate_rate_posterior_final,bounded_correction_to_existing_readout,target_computable_downshift_specificity,1.0,0.2037642060542403,0.2339786539064001,1.0,0.0,0.0,0.0,0.0,2.8661510048634198e-08,0.8503705885466474,2.8661510048634198e-08,0.0633036996559067,0.152576288144072,0.0,0.152576288144072,0.0,0.2507318122445036,0.8351589711131212,0.2964654367101064,1.0,1.0,0.8320447001039042,2.5218753249754764e-11,0.9912241904675956,0.2475608968130783,2.5218753249754764e-11,0.8611205706832221,0.0444816230554008,True,0.3982349254995569,0.520103079538083,,,,,"{""G_DoF_bridge"": 4, ""G_OF"": 8}",,,,,False,0.7628814407203601,"{""harmonic_anchor"": 60, ""motion_timing_track_preserved"": 24}","{""harmonic_anchor"": 60, ""motion_timing_track_preserved"": 24}",{},{},0.02765210380653721,1.6591262283922326,0.2037642060542403,0.7449873913357795,1.0,0.8611205706832221,0.9999999999747813,0.6048556020384093,0.0444816230554008,0.6851440132777171,bounded_or_no_clear_room
mahnob_1584,1.63,1.18,2.08,1.81,1.88,1.98,1.88,0.2596589212874951,0.2515179173961264,0.2647844809005702,0.2589194048800158,0.2545908447947869,0.2534858442887325,0.2663023834043532,external_rate_posterior_mean_t,1.18,1.81,0.6300000000000001,mahnob_1584.pkl,parh_ossm,True,False,,False,candidate_rate_posterior_final,bounded_correction_to_existing_readout,target_computable_downshift_specificity,1.0,0.1742152299518457,0.1916407317502528,1.0,0.0856741573033707,0.0,0.0,0.0,5.420061032114675e-05,0.8385021124509245,5.420061032114675e-05,0.0854541028962025,0.2570224719101123,0.1713483146067415,0.0856741573033707,0.0,0.202250791234497,0.901970309570346,0.2580946853286038,0.6666666666666666,0.6666666666666666,0.8523773239593858,7.438285842343354e-08,0.9839870869612382,0.3075162273502536,7.438285842343354e-08,0.8415840936209268,0.0933698177903264,True,0.5131703098463943,0.4545544766269797,,,,,"{""G_DoF"": 10}",,,,,False,0.7710674157303371,"{""harmonic_anchor"": 50, ""motion_timing_track_preserved"": 20}","{""harmonic_anchor"": 50, ""motion_timing_track_preserved"": 20}",{},{},0.014784466008226804,0.8870679604936083,0.1742152299518457,0.6082402333302139,0.6666666666666666,0.8415840936209268,0.9999999256171416,0.7642896238239173,0.0933698177903264,0.6085314376430736,bounded_or_no_clear_room
mahnob_1586,0.62,0.43,1.46,0.7,0.53,1.01,0.95,0.2572956427393005,0.2569098815856036,0.2742431094485837,0.2703973594599058,0.2658087327167648,0.2709457008513503,0.2668743169989837,external_rate_posterior_mean_t,0.43,0.7,0.26999999999999996,mahnob_1586.pkl,parh_ossm,True,False,,False,candidate_rate_posterior_final,bounded_correction_to_existing_readout,target_computable_downshift_specificity,1.0,0.2098169660939302,0.2273249014764325,1.0,0.0,0.0,0.0,0.1336765489082194,1.6516003986332704e-10,0.8264228111856764,1.6516003986332704e-10,0.0983799857927467,0.0,0.0,0.0,0.0,0.2445076455428689,0.8047228339022727,0.3398466903584295,0.6666666666666666,0.6666666666666666,0.7031465091753366,1.3928641799110676e-12,0.9769317459282384,0.2479991563776971,1.3928641799110676e-12,0.8350589648946087,0.091746429792779,True,0.4170420494487296,0.2331954886733615,,,,,"{""G_DoF_bridge"": 6, ""G_OF"": 2}",,,,,False,0.5414521569323628,"{""harmonic_anchor"": 40, ""motion_timing_track_preserved"": 16}","{""harmonic_anchor"": 40, ""motion_timing_track_preserved"": 16}",{},{},0.014035819265746652,0.8421491559447991,0.2098169660939302,0.7741786952063011,0.6666666666666666,0.8350589648946087,0.9999999999986071,0.7747640760892718,0.091746429792779,0.6508505899283743,bounded_or_no_clear_room
mahnob_1588,1.12,1.05,1.31,1.16,1.16,1.47,1.31,0.2580640255156486,0.2561792943716544,0.2524714357037605,0.2471071553507157,0.2374435891462203,0.246607758188675,0.2608194258978263,external_rate_posterior_mean_t,1.05,1.16,0.10999999999999988,mahnob_1588.pkl,parh_ossm,True,False,,False,candidate_rate_posterior_final,bounded_correction_to_existing_readout,target_computable_downshift_specificity,1.0,0.2116198193249426,0.2149129073664036,1.0,0.0,0.0,0.0,0.0,1.098345637830696e-07,0.8594028382125721,1.098345637830696e-07,0.0614395081674123,0.0,0.0,0.0,0.0,0.2254057136853843,0.8431499080724876,0.2256807327072355,1.0,1.0,0.8730135169844118,6.394515954453203e-10,0.9848029871236936,0.3416878568842122,6.394515954453203e-10,0.859620153702991,0.0542001544870447,True,0.5180339112703267,0.547574806131983,,,,,"{""G_DoF"": 12}",,,,,False,0.717984934086629,"{""harmonic_anchor"": 59, ""motion_timing_track_preserved"": 24}","{""harmonic_anchor"": 59, ""motion_timing_track_preserved"": 24}",{},{},0.014211667709151304,0.8527000625490783,0.2116198193249426,0.5825532496094868,1.0,0.859620153702991,0.9999999993605484,0.7722909217122018,0.0542001544870447,0.6701677044351797,bounded_or_no_clear_room
mahnob_1590,2.29,1.46,2.78,2.49,2.91,2.75,2.13,0.2720161247912911,0.2620914232199421,0.2835645128028484,0.2758567252086151,0.2766382723186731,0.2761548523243145,0.2698278390461496,external_rate_posterior_mean_t,1.46,2.49,1.0300000000000002,mahnob_1590.pkl,parh_ossm,True,False,,False,candidate_rate_posterior_final,bounded_correction_to_existing_readout,target_computable_downshift_specificity,1.0,0.1629112390261614,0.1835823374207141,1.0,0.135495335406486,0.0,0.0,0.0,4.663236558223662e-09,0.8287328832475338,4.663236558223662e-09,0.079591697282183,0.135495335406486,0.0,0.135495335406486,0.0,0.2016335054825491,0.9082657787688956,0.1915127516990064,0.6666666666666666,0.6666666666666666,0.7537636382121806,2.987843168053018e-19,0.998418121340234,0.2351699821493885,2.987843168053018e-19,0.8412083162325298,0.0903556807526691,True,0.4400621280869496,0.5601040426591656,,,,,"{""G_DoF"": 6, ""G_DoF_bridge"": 6, ""G_OF"": 1}",,,,,False,0.3902709906708129,"{""harmonic_anchor"": 65, ""motion_timing_track_preserved"": 26}","{""harmonic_anchor"": 65, ""motion_timing_track_preserved"": 26}",{},{},0.014063429104372416,0.843805746262345,0.1629112390261614,0.4187209894998818,0.6666666666666666,0.8412083162325298,1.0,0.7743752444006413,0.0903556807526691,0.5690552114561933,source_selection_room_posterior_available
mahnob_1592,0.89,0.54,1.31,0.83,1.23,1.15,1.23,0.2616708758976949,0.2494395660916628,0.2726494117504759,0.2527794230155806,0.2511870622085722,0.2469447340789972,0.2646434471978256,external_rate_posterior_mean_t,0.54,0.83,0.2899999999999999,mahnob_1592.pkl,parh_ossm,True,False,,False,candidate_rate_posterior_final,bounded_correction_to_existing_readout,target_computable_downshift_specificity,1.0,0.2215217637013263,0.2488791977270622,1.0,0.0,0.0,0.0,0.0,4.0902006627983724e-10,0.8665982817886257,4.0902006627983724e-10,0.0627279575217144,0.066492260736865,0.0,0.066492260736865,0.0,0.2645756896446805,0.8651503410116522,0.3898956101011716,0.8333333333333333,0.8333333333333333,0.8966371652385966,3.356957689414822e-11,0.9930150724315334,0.3202866165084335,3.356957689414822e-11,0.8704190918994873,0.0603786062349563,True,0.5148614275271767,0.48356434240251,,,,,"{""G_DoF"": 14}",,,,,False,0.6649226073686505,"{""harmonic_anchor"": 70, ""motion_timing_track_preserved"": 28}","{""harmonic_anchor"": 70, ""motion_timing_track_preserved"": 28}",{},{},0.017698713118828424,1.0619227871297054,0.2215217637013263,0.7177647969172839,0.8333333333333333,0.8704190918994873,0.9999999999664304,0.724846925270041,0.0603786062349563,0.6709430959921844,bounded_or_no_clear_room
mahnob_1594,0.87,0.61,1.18,0.79,1.01,1.06,0.7,0.2695149805288556,0.2548101664310901,0.2741270742440704,0.2568520181209769,0.2568465648966086,0.2564015309335528,0.2571283868217095,external_rate_posterior_mean_t,0.61,0.79,0.18000000000000005,mahnob_1594.pkl,parh_ossm,True,False,,False,candidate_rate_posterior_final,bounded_correction_to_existing_readout,target_computable_downshift_specificity,1.0,0.216167086850475,0.2090740988545201,1.0,0.0,0.0,0.0,0.0,2.6769763140095155e-09,0.8685764327653736,2.6769763140095155e-09,0.065774467888986,0.0773032568749207,0.0773032568749207,0.0,0.0,0.2355025932291113,0.822702536535119,0.242762236972198,0.6666666666666666,0.6666666666666666,0.8570846897997682,2.7522731521075404e-12,0.9776182055042836,0.3534702304930233,2.7522731521075404e-12,0.8690698473959902,0.0813282021242356,True,0.5164737823291666,0.71273998854649,,,,,"{""G_DoF_bridge"": 7, ""G_OF"": 4}",,,,,False,0.8503358256241288,"{""harmonic_anchor"": 52, ""motion_timing_track_preserved"": 22}","{""harmonic_anchor"": 52, ""motion_timing_track_preserved"": 22}",{},{},0.014704814097765473,0.8822888458659284,0.216167086850475,0.6519941337842476,0.6666666666666666,0.8690698473959902,0.9999999999972478,0.7653972825803487,0.0813282021242356,0.6332079836240653,bounded_or_no_clear_room
mahnob_1596,1.4,1.4,2.08,1.63,2.04,2.03,1.39,0.259886102850191,0.2588808833839304,0.2745793174241603,0.2744330352105545,0.2705542889709877,0.2754362101995815,0.2575809847929535,state_freq_t,1.39,1.63,0.24,mahnob_1596.pkl,parh_ossm,True,False,,False,candidate_rate_posterior_final,bounded_correction_to_existing_readout,target_computable_downshift_specificity,1.0,0.1912640411714941,0.1892797160668642,1.0,0.0,0.0,0.0,0.0,1.0576955743138538e-08,0.8277164852059442,1.0576955743138538e-08,0.0724763940994805,0.0,0.0,0.0,0.0,0.1699484636468111,0.9294677410139244,0.2247994771947375,1.0,1.0,0.7669926465289952,5.316753744627715e-13,0.9856250986757452,0.2226279788385753,5.316753744627715e-13,0.8548569163910149,0.047574580569819,True,0.3606222602913322,0.320439733314478,,,,,"{""G_DoF"": 4, ""G_DoF_bridge"": 1}",,,,,False,0.0,"{""harmonic_anchor"": 25, ""motion_timing_track_preserved"": 10}","{""harmonic_anchor"": 25, ""motion_timing_track_preserved"": 10}",{},{},0.017855225406627984,1.071313524397679,0.1912640411714941,0.482720514000966,1.0,0.8548569163910149,0.9999999999994683,0.7227871764313357,0.047574580569819,0.640109910137791,bounded_or_no_clear_room
mahnob_1598,0.74,0.75,0.99,0.86,1.3,0.94,0.96,0.242754344440666,0.2333225130172258,0.2491510514122255,0.2389004734098994,0.2350086848201806,0.2373342590649891,0.2429468874372859,external_output_rate_t,0.74,0.86,0.12,mahnob_1598.pkl,parh_ossm,True,False,,False,candidate_rate_posterior_final,bounded_correction_to_existing_readout,target_computable_downshift_specificity,1.0,0.1879772776260308,0.1896676062911967,1.0,0.0,0.0,0.0,0.0879215912366676,4.916751478336687e-08,0.8612228717458914,4.916751478336687e-08,0.0935442977840946,0.0,0.0,0.0,0.0,0.2025998567941584,0.8982904355444246,0.3035918525334402,0.6666666666666666,0.6666666666666666,0.7772695061243189,2.6092827786073542e-14,0.992300905140137,0.3567091822006856,2.6092827786073542e-14,0.8705390160834243,0.0903522689679951,True,0.6051510478861449,0.6434305350406159,,,,,"{""G_DoF"": 9, ""G_DoF_bridge"": 1}",,,,,False,0.2966272701066589,"{""harmonic_anchor"": 50, ""motion_timing_track_preserved"": 20}","{""harmonic_anchor"": 50, ""motion_timing_track_preserved"": 20}",{},{},0.009624374420060089,0.5774624652036053,0.1879772776260308,0.6722295358144071,0.6666666666666666,0.8705390160834243,0.9999999999999739,0.8394665689593743,0.0903522689679951,0.6369325089810369,bounded_or_no_clear_room
mahnob_16,6.4,4.41,7.89,5.94,5.21,5.67,6.22,0.2887865957290388,0.2572579051015865,0.3142577182296136,0.2724005053822251,0.2785303178067638,0.2710451564628376,0.2818899122006125,external_rate_posterior_mean_t,4.41,5.94,1.5300000000000002,mahnob_16.pkl,parh_ossm,True,False,,False,candidate_rate_posterior_final,bounded_correction_to_existing_readout,target_computable_downshift_specificity,1.0,0.1812890136359397,0.2234164679006912,1.0,0.0939953320602588,0.0,0.0,0.0939953320602588,4.138735674094784e-10,0.6878007428465375,4.138735674094784e-10,0.1256023199237379,0.6471461913855294,0.5177169531084235,0.1294292382771058,0.0,0.2237135847748572,0.8992693189172409,0.3052851047488535,0.8333333333333333,0.8333333333333333,0.4289530163693994,7.836021923349943e-11,0.8306926770821991,0.0196832303221668,7.836021923349943e-11,0.6987174660754476,0.1258235213883686,True,0.39427013570571,0.5350572923197507,,,,,"{""G_DoF_bridge"": 2, ""G_OF"": 4}",,,,,False,0.6115001060895395,"{""harmonic_anchor"": 30, ""motion_timing_track_preserved"": 12}","{""harmonic_anchor"": 30, ""motion_timing_track_preserved"": 12}",{},{},0.03152869062745228,1.891721437647137,0.1812890136359397,0.6754733980377305,0.8333333333333333,0.6987174660754476,0.9999999999216398,0.5636910729767165,0.1258235213883686,0.604011308074929,source_selection_room_posterior_available
mahnob_160,1.2,3.29,0.89,1.25,2.23,1.45,1.03,0.3310893582669331,0.2966634971213621,0.3478133176770325,0.339651716145284,0.327589233674956,0.3410930960406302,0.3462265236337879,state_freq_t,1.03,1.25,0.21999999999999997,mahnob_160.pkl,parh_ossm,True,False,,False,candidate_rate_posterior_final,bounded_correction_to_existing_readout,target_computable_downshift_specificity,1.0,0.089130522116797,0.0494879517716422,1.0,0.0,0.0,0.0,0.0719408824168659,2.627101571709102e-11,0.8137929840505639,2.627101571709102e-11,0.1246129652924228,0.5966094327320148,0.0,0.5966094327320148,0.0,0.1640092759932724,0.944267520767664,0.2023334167132273,0.6666666666666666,0.6666666666666666,0.6238819564828728,1.3553424988487729e-15,0.9797577732730448,0.1149307606441166,1.3553424988487729e-15,0.828909281432161,0.1298611530044652,True,0.633340126925669,0.6361339220899991,,,,,"{""G_DoF"": 14}",,,,,False,0.0,"{""harmonic_anchor"": 70, ""motion_timing_track_preserved"": 28}","{""harmonic_anchor"": 70, ""motion_timing_track_preserved"": 28}",{},{},0.049563026512425834,2.97378159074555,0.089130522116797,0.4049512303923655,0.6666666666666666,0.828909281432161,0.9999999999999987,0.4061040235370337,0.1298611530044652,0.5052335558757532,bounded_or_no_clear_room
mahnob_1600,0.96,0.62,1.39,0.73,0.9,0.96,1.35,0.2676789600139044,0.2628887929408474,0.2717260906546111,0.2522262355177855,0.2467418112411798,0.2512578491067021,0.2748711869106555,external_rate_posterior_mean_t,0.62,0.73,0.10999999999999999,mahnob_1600.pkl,parh_ossm,True,False,,False,candidate_rate_posterior_final,bounded_correction_to_existing_readout,target_computable_downshift_specificity,1.0,0.1941391791162483,0.2035276788813704,1.0,0.0,0.0,0.0,0.0,6.860868594694261e-11,0.8363875879488194,6.860868594694261e-11,0.0763411953277259,0.0821880894637564,0.0,0.0821880894637564,0.0,0.209925372090023,0.9013377982076092,0.205945273937387,1.0,1.0,0.784738822810359,1.1497021447322029e-11,0.9840003069343491,0.2134878733860976,1.1497021447322029e-11,0.8300663827201997,0.0650400844971747,True,0.4959865059314821,0.5528979117103585,,,,,"{""G_DoF"": 11}",,,,,False,0.410940447318782,"{""harmonic_anchor"": 55, ""motion_timing_track_preserved"": 22}","{""harmonic_anchor"": 55, ""motion_timing_track_preserved"": 22}",{},{},0.02361333780395336,1.4168002682372016,0.1941391791162483,0.4669967795382097,1.0,0.8300663827201997,0.999999999988503,0.6509428591315961,0.0650400844971747,0.6250343855564515,bounded_or_no_clear_room
mahnob_162,1.37,3.12,1.1,1.27,1.86,1.39,1.05,0.3223443205275589,0.289187735451182,0.333474492787061,0.32531559080364,0.3194505306781104,0.3255918904753908,0.3220539501088854,state_freq_t,1.05,1.27,0.21999999999999997,mahnob_162.pkl,parh_ossm,True,False,,False,candidate_rate_posterior_final,bounded_correction_to_existing_readout,target_computable_downshift_specificity,1.0,0.1894811566301409,0.2250179807020824,1.0,0.0,0.0,0.0,0.0,3.8289654630406484e-09,0.8329168731154565,3.8289654630406484e-09,0.059962346755256,0.4834235900145291,0.2417117950072645,0.2417117950072645,0.0,0.2558524162407391,0.9012955281638108,0.3782479043647019,1.0,1.0,0.6430473702372563,3.3784766094422254e-14,0.995065906075452,0.0934039687196561,3.3784766094422254e-14,0.8297579779462649,0.0510726066161391,True,0.5610760241378542,0.5744271317958961,,,,,"{""G_DoF"": 11}",,,,,False,0.7251353850217936,"{""harmonic_anchor"": 55, ""motion_timing_track_preserved"": 22}","{""harmonic_anchor"": 55, ""motion_timing_track_preserved"": 22}",{},{},0.036404155024208795,2.1842493014525277,0.1894811566301409,0.679874955084337,1.0,0.8297579779462649,0.9999999999999662,0.5158734849787211,0.0510726066161391,0.6542890647025955,bounded_or_no_clear_room
mahnob_164,2.9,3.52,2.84,2.92,3.38,2.83,2.65,0.2924956441179714,0.2849574553361785,0.2950070693674665,0.2911393707784747,0.2937827529219853,0.290947209561312,0.3038310952712574,state_freq_t,2.65,2.92,0.27,mahnob_164.pkl,parh_ossm,True,False,,False,candidate_rate_posterior_final,bounded_correction_to_existing_readout,target_computable_downshift_specificity,1.0,0.191518969669713,0.2070783175263956,1.0,0.0794995438550762,0.0,0.0,0.0794995438550762,4.414286876634624e-05,0.8424430314586644,4.414286876634624e-05,0.0870744154018137,0.0,0.0,0.0,0.0,0.200476846723588,0.869775308796756,0.2458354767237149,0.6666666666666666,0.6666666666666666,0.6979828037612017,2.7015461682668792e-12,0.9913456636518956,0.3414821836667612,2.7015461682668792e-12,0.8441001284033331,0.0805047250602849,True,0.4282407993251453,0.5968645470916203,,,,,"{""G_DoF"": 8, ""G_DoF_bridge"": 2, ""G_OF"": 1}",,,,,False,0.602241626482471,"{""harmonic_anchor"": 55, ""motion_timing_track_preserved"": 22}","{""harmonic_anchor"": 55, ""motion_timing_track_preserved"": 22}",{},{},0.0188736399350789,1.132418396104734,0.191518969669713,0.6063676215381776,0.6666666666666666,0.8441001284033331,0.9999999999972985,0.7095267434415519,0.0805047250602849,0.6086704878232851,bounded_or_no_clear_room
mahnob_166,2.46,3.12,2.03,1.85,1.9,1.89,1.75,0.3045076989058846,0.2943716052529072,0.2995782445588678,0.3113073393261374,0.3127678256548707,0.3126621717939605,0.3246936691101679,state_freq_t,1.75,1.85,0.10000000000000009,mahnob_166.pkl,parh_ossm,True,False,,False,candidate_rate_posterior_final,bounded_correction_to_existing_readout,target_computable_downshift_specificity,1.0,0.1724982039033929,0.1709354704675754,1.0,0.0315752337272887,0.0,0.0,0.0,1.0063669780522552e-10,0.8097797800414664,1.0063669780522552e-10,0.1024571076064238,0.0,0.0,0.0,0.0,0.1497804967063968,0.9102723378835031,0.1313546929527933,0.6666666666666666,0.6666666666666666,0.6002949610832813,4.437315720176058e-12,0.9781062298663294,0.1178993468641805,4.437315720176058e-12,0.8282074930598231,0.1126226934729959,True,0.5181781233786534,0.6080123911544173,,,,,"{""G_DoF"": 8}",,,,,False,0.0,"{""harmonic_anchor"": 40, ""motion_timing_track_preserved"": 16}","{""harmonic_anchor"": 40, ""motion_timing_track_preserved"": 16}",{},{},0.030322063857260717,1.819323831435643,0.1724982039033929,0.2409091670779578,0.6666666666666666,0.8282074930598231,0.9999999999955627,0.5761943557922727,0.1126226934729959,0.5118946745816754,bounded_or_no_clear_room
mahnob_168,1.0,1.27,1.36,1.04,1.06,1.2,1.46,0.3192038093986062,0.2866835410261736,0.327607739571581,0.3210208012803419,0.3216810866989605,0.3285863672497489,0.3278189287467929,external_output_rate_t,1.0,1.04,0.040000000000000036,mahnob_168.pkl,parh_ossm,True,False,,False,candidate_rate_posterior_final,bounded_correction_to_existing_readout,target_computable_downshift_specificity,1.0,0.132834300330448,0.1806165926080997,1.0,0.0,0.0,0.0,0.1012784326747468,6.166862265096501e-11,0.8243258205489193,6.166862265096501e-11,0.1079667068130712,0.4051137306989872,0.0,0.4051137306989872,0.0,0.176925087720551,0.9254967652450796,0.2480832370024253,0.6666666666666666,0.6666666666666666,0.6973615850156016,2.2048652908968388e-12,0.9885988238350852,0.1876783813339192,2.2048652908968388e-12,0.8464621424710354,0.0953712217139597,True,0.5269418986336709,0.4317152115208947,,,,,"{""G_DoF"": 8}",,,,,False,0.2910509712767724,"{""harmonic_anchor"": 40, ""motion_timing_track_preserved"": 16}","{""harmonic_anchor"": 40, ""motion_timing_track_preserved"": 16}",{},{},0.041902826223575274,2.5141695734145166,0.132834300330448,0.5521171540557,0.6666666666666666,0.8464621424710354,0.9999999999977951,0.46679290976720134,0.0953712217139597,0.5577434960694008,bounded_or_no_clear_room
mahnob_1692,5.07,5.18,4.78,5.16,6.26,5.22,4.73,0.2325430443241483,0.2310435614242038,0.2428144816921734,0.2304172718541477,0.2162531856942051,0.2303452298391485,0.2323390547151908,state_freq_t,4.73,5.16,0.4299999999999997,mahnob_1692.pkl,parh_ossm,True,False,,False,candidate_rate_posterior_final,bounded_correction_to_existing_readout,target_computable_downshift_specificity,1.0,0.1289657222098472,0.0845159097095406,1.0,0.0,0.0,0.0,0.5937395937395937,5.510268564544683e-07,0.828344164784139,5.510268564544683e-07,0.1398471933379745,0.0,0.0,0.0,0.0,0.1739956192564235,0.8639260207233294,0.3220540014624957,0.3333333333333333,0.3333333333333333,0.747201102603037,5.4057309807427965e-08,0.959724907980958,0.2937041088869516,5.4057309807427965e-08,0.8466691342074399,0.1337206610426447,True,0.4335751303965479,0.6252098754003051,,,,,"{""G_OF"": 8}",,,,,False,0.0,"{""harmonic_anchor"": 40, ""motion_timing_track_preserved"": 16}","{""harmonic_anchor"": 40, ""motion_timing_track_preserved"": 16}",{},{},0.0021978144849997827,0.13186886909998696,0.1289657222098472,0.7008731031279554,0.3333333333333333,0.8466691342074399,0.9999999459426901,0.960827618451446,0.1337206610426447,0.5821271089414525,bounded_or_no_clear_room
mahnob_1694,1.48,2.26,0.99,1.13,1.07,0.84,1.3,0.262529316485822,0.2492365013787927,0.2797451791205679,0.2786442472323783,0.2662110843064478,0.2791967673484178,0.2700718846950082,native_smoothed_track_hz,0.84,1.13,0.2899999999999999,mahnob_1694.pkl,parh_ossm,True,False,,False,candidate_rate_posterior_final,bounded_correction_to_existing_readout,target_computable_downshift_specificity,1.0,0.2398103775032934,0.2307343811440849,1.0,0.0,0.0,0.0,0.0,2.0721475563697466e-07,0.8552716740494831,2.0721475563697466e-07,0.0571673751205478,0.0,0.0,0.0,0.0,0.2804883118283085,0.8363486516581689,0.4121117784341589,1.0,1.0,0.849341271198757,6.743672105688037e-11,0.9836810223457254,0.2941638290724119,6.743672105688037e-11,0.8584978759852044,0.0460816111971754,True,0.3939211187287271,0.3752353251247156,,,,,"{""G_DoF"": 10}",,,,,False,1.0,"{""harmonic_anchor"": 50, ""motion_timing_track_preserved"": 20}","{""harmonic_anchor"": 50, ""motion_timing_track_preserved"": 20}",{},{},0.029960265969625116,1.797615958177507,0.2398103775032934,0.7497490107074929,1.0,0.8584978759852044,0.9999999999325633,0.5799971388108167,0.0460816111971754,0.6920686306663513,bounded_or_no_clear_room
mahnob_1696,3.68,3.81,3.17,3.85,4.04,4.07,3.91,0.267399738301834,0.2628867354264763,0.2785628304405741,0.25670035631535,0.2517943468554728,0.2562249787208119,0.2546326192525271,external_output_rate_t,3.68,3.85,0.16999999999999993,mahnob_1696.pkl,parh_ossm,True,False,,False,candidate_rate_posterior_final,bounded_correction_to_existing_readout,target_computable_downshift_specificity,1.0,0.2326194760887126,0.2315430239173273,1.0,0.0,0.0,0.0,0.0,7.206794807206831e-05,0.827848013400143,7.206794807206831e-05,0.079442570658188,0.0,0.0,0.0,0.0,0.272749619614633,0.7778319430455405,0.3655659478475542,1.0,1.0,0.7071631912389552,1.7245680774562448e-08,0.9836826021749084,0.0260211917119699,1.7245680774562448e-08,0.8249728110185989,0.0825274392074097,True,0.379933079069875,0.5364499190842044,,,,,"{""G_DoF_bridge"": 5, ""G_OF"": 6}",,,,,False,0.7458225784540145,"{""harmonic_anchor"": 55, ""motion_timing_track_preserved"": 22}","{""harmonic_anchor"": 55, ""motion_timing_track_preserved"": 22}",{},{},0.012767119049306885,0.7660271429584131,0.2326194760887126,0.8067179808773861,1.0,0.8249728110185989,0.9999999827543192,0.7928434931752808,0.0825274392074097,0.7142759896603803,likely_video_or_reference_limited
mahnob_1698,1.32,1.36,1.94,1.13,1.32,1.11,1.19,0.2516384155998866,0.2502352469460145,0.2736749209779018,0.2414922274296306,0.2346923916233288,0.2399261594857594,0.2547448703655131,native_smoothed_track_hz,1.11,1.13,0.019999999999999796,mahnob_1698.pkl,parh_ossm,True,False,,False,candidate_rate_posterior_final,bounded_correction_to_existing_readout,target_computable_downshift_specificity,1.0,0.1026299470352574,0.0719486399123134,1.0,0.2937281810521247,0.0,0.0,0.559407728421813,0.0498247867112401,0.7499165438732737,0.0498247867112401,0.1890543562892271,0.0453834115805946,0.0,0.0453834115805946,0.0,0.1336627616934659,0.9468569129155509,0.1652934195718586,0.3333333333333333,0.3333333333333333,0.6153986099298329,1.2644636044341868e-07,0.9461304834546912,0.0441188856449978,1.2644636044341868e-07,0.780007792302799,0.1609582590675426,True,0.4122273416777378,0.7670396151800725,,,,,"{""G_DoF_bridge"": 10, ""G_P1D_cons"": 2}",,,,,False,0.0,"{""harmonic_anchor"": 59, ""motion_timing_track_preserved"": 24}","{""harmonic_anchor"": 59, ""motion_timing_track_preserved"": 24}",{},{},0.014818710879753672,0.8891226527852203,0.1026299470352574,0.2944325432457535,0.3333333333333333,0.780007792302799,0.9999998735536395,0.7638138992135937,0.1609582590675426,0.4618307093010359,bounded_or_no_clear_room
mahnob_170,5.65,5.07,5.73,5.43,5.02,5.28,5.65,0.2947998659730381,0.2935090180699272,0.3094685108466029,0.2919726915941671,0.2892038602468942,0.2888475159170699,0.3071695223844217,external_rate_posterior_mean_t,5.07,5.43,0.35999999999999943,mahnob_170.pkl,parh_ossm,True,False,,False,candidate_rate_posterior_final,bounded_correction_to_existing_readout,target_computable_downshift_specificity,1.0,0.1925633838211189,0.1995113280334426,1.0,0.0487329434697855,0.0,0.0,0.0,2.3936475211457878e-11,0.8390067682651339,2.3936475211457878e-11,0.0556818967804505,0.0,0.0,0.0,0.0,0.1877718378935412,0.9148225994821302,0.0933660315985501,1.0,1.0,0.7529234232793218,6.266407997425251e-16,0.9836528291864726,0.344270525951103,6.266407997425251e-16,0.8486299009426072,0.0454859506824841,True,0.4654489444821005,0.3747665402830231,,,,,"{""G_DoF"": 2, ""G_DoF_bridge"": 2, ""G_OF"": 3}",,,,,False,0.1189083820662768,"{""harmonic_anchor"": 35, ""motion_timing_track_preserved"": 14}","{""harmonic_anchor"": 35, ""motion_timing_track_preserved"": 14}",{},{},0.01832200646735177,1.0993203880411062,0.1925633838211189,0.13948835499259082,1.0,0.8486299009426072,0.9999999999999993,0.7166788903902652,0.0454859506824841,0.5704522960659669,bounded_or_no_clear_room
mahnob_1700,,2.59,3.48,5.47,4.69,5.2,5.41,,0.2138042195199986,0.2083207920051415,0.1599590709827485,0.1712229129146784,0.1673314219163034,0.1720520168632558,external_rate_posterior_mean_t,2.59,5.47,2.88,mahnob_1700.pkl,parh_ossm,False,True,no_supported_readout_windows,True,abstained_no_supported_readout_windows,none,no_supported_readout_windows,0.0,,,,,,,,,,,,,,,,,,,,,,,,,,,,False,,,,,,,{},,,,,False,,{},{},{},{},0.05384514853725009,3.2307089122350052,0.0,0.0,0.0,0.0,1.0,0.3756855830614813,0.0,0.18756855830614813,source_selection_room_agreement_available
mahnob_1702,2.22,2.89,2.57,1.7,1.75,1.38,1.95,0.2946357002742923,0.2798430020848565,0.288050069846683,0.2920071949367125,0.2890008360162261,0.2956434945297417,0.291460172519356,native_smoothed_track_hz,1.38,1.7,0.32000000000000006,mahnob_1702.pkl,parh_ossm,True,False,,False,candidate_rate_posterior_final,bounded_correction_to_existing_readout,target_computable_downshift_specificity,1.0,0.1832841201623543,0.1933050222163317,1.0,0.0,0.0,0.0,0.0,6.007784125325078e-10,0.8086872650299314,6.007784125325078e-10,0.0910790683756107,0.0651083360017077,0.0,0.0651083360017077,0.0,0.1820866188971146,0.8951367017476837,0.175379299383013,0.6666666666666666,0.6666666666666666,0.7893150864508479,5.959768940935861e-15,0.9681537156237784,0.2282404228611786,5.959768940935861e-15,0.8130552877803584,0.0974685752960101,True,0.423304010200448,0.3618363637740303,,,,,"{""G_DoF"": 10, ""G_DoF_bridge"": 3, ""G_OF"": 1}",,,,,False,0.260433344006831,"{""harmonic_anchor"": 70, ""motion_timing_track_preserved"": 28}","{""harmonic_anchor"": 70, ""motion_timing_track_preserved"": 28}",{},{},0.015800492444885184,0.948029546693111,0.1832841201623543,0.383573695335025,0.6666666666666666,0.8130552877803584,0.999999999999994,0.7503003538523376,0.0974685752960101,0.5597772401302792,bounded_or_no_clear_room
mahnob_1704,1.91,3.51,1.27,2.02,2.87,2.04,1.95,0.2575713251047176,0.2374364911618185,0.2772546921152245,0.251554529967772,0.2348557277681443,0.2552605544215656,0.2487146252275406,external_output_rate_t,1.91,2.02,0.1100000000000001,mahnob_1704.pkl,parh_ossm,True,False,,False,candidate_rate_posterior_final,bounded_correction_to_existing_readout,target_computable_downshift_specificity,1.0,0.1419768813314295,0.1686755809987573,1.0,0.1649972929074174,0.0,0.0,0.0,0.0008632583720684,0.8523794854498289,0.0008632583720684,0.0975254685077874,0.2476989713048186,0.0825663237682728,0.1651326475365457,0.0,0.1853102704388567,0.939774297652558,0.1598196103170406,0.6666666666666666,0.6666666666666666,0.7403195713879915,0.0006009546705289,0.9765796023734756,0.305542732766518,0.0006009546705289,0.8566638457042212,0.0970979253946342,True,0.3666513189547318,0.3448559284166881,,,,,"{""G_DoF"": 8, ""G_DoF_bridge"": 2, ""G_OF"": 1}",,,,,False,0.4953979426096372,"{""harmonic_anchor"": 55, ""motion_timing_track_preserved"": 22}","{""harmonic_anchor"": 55, ""motion_timing_track_preserved"": 22}",{},{},0.020134833942899083,1.208090036573945,0.1419768813314295,0.2967916848070749,0.6666666666666666,0.8566638457042212,0.9993990453294711,0.6934418520165415,0.0970979253946342,0.5328963836115169,bounded_or_no_clear_room
mahnob_1706,5.54,4.08,7.28,4.57,2.38,3.79,4.58,0.1642653777488252,0.1908706803368484,0.1315173906999841,0.1783826117705482,0.2083073189132632,0.1964832428684617,0.173025573247668,native_smoothed_track_hz,3.79,4.57,0.7800000000000002,mahnob_1706.pkl,parh_ossm,True,False,,False,candidate_rate_posterior_final,bounded_correction_to_existing_readout,target_computable_downshift_specificity,1.0,0.175905704938563,0.1767216563405016,1.0,0.0355731225296442,0.0,0.0,0.0,2.0529323461990946e-15,0.7312728838713188,2.0529323461990946e-15,0.1355819863467561,0.0,0.0,0.0,0.0,0.1501657074143871,0.9686124386502416,0.090770296030593,0.6666666666666666,0.6666666666666666,0.5970499470178703,1.4854666988424037e-15,0.8238072445683065,0.165751767760366,1.4854666988424037e-15,0.7010710881714332,0.1396786735485709,True,0.5398462852174122,0.4112317307936524,,,,,"{""G_DoF"": 5}",,,,,False,0.0,"{""harmonic_anchor"": 25, ""motion_timing_track_preserved"": 10}","{""harmonic_anchor"": 25, ""motion_timing_track_preserved"": 10}",{},{},0.03221786511963651,1.9330719071781903,0.175905704938563,0.07103901691676655,0.6666666666666666,0.7010710881714332,0.9999999999999986,0.5566718417022373,0.1396786735485709,0.45504420965907544,source_selection_room_agreement_available
mahnob_1708,1.5,1.31,1.4,2.12,3.15,2.97,2.02,0.2365073146321616,0.2198621956411546,0.2481328041525748,0.2371833329021128,0.2283752512200111,0.2412252080827868,0.2275849796511029,external_rate_posterior_mean_t,1.31,2.12,0.81,mahnob_1708.pkl,parh_ossm,True,False,,False,candidate_rate_posterior_final,bounded_correction_to_existing_readout,target_computable_downshift_specificity,1.0,0.1924014136991354,0.1952727536333055,1.0,0.0873550050121724,0.0,0.0873550050121724,0.0,0.0388322348618385,0.8011611943267892,0.0388322348618385,0.0980579058605451,0.0,0.0,0.0,0.0,0.1951628192203593,0.8949543442696215,0.2156934219833988,1.0,1.0,0.5977019840300167,0.0003047792688276,0.977850718799052,0.0580795082799481,0.0003047792688276,0.8177200350322491,0.0666742607237939,True,0.4331469266634892,0.6693773337984802,,,,,"{""G_DoF_bridge"": 6, ""G_OF"": 4}",,,,,False,0.3885149649147931,"{""harmonic_anchor"": 50, ""motion_timing_track_preserved"": 20}","{""harmonic_anchor"": 50, ""motion_timing_track_preserved"": 20}",{},{},0.02136301244163219,1.2817807464979314,0.1924014136991354,0.49723513002879705,1.0,0.8177200350322491,0.9996952207311725,0.6781285494671928,0.0666742607237939,0.6313050966693964,source_selection_room_posterior_available
mahnob_1710,1.95,2.04,2.04,1.58,1.79,1.24,1.51,0.2766241151078588,0.2642096933854711,0.2735099900101206,0.2675789153701208,0.2563895884330659,0.2664678007189416,0.2833146337457979,native_smoothed_track_hz,1.24,1.58,0.3400000000000001,mahnob_1710.pkl,parh_ossm,True,False,,False,candidate_rate_posterior_final,bounded_correction_to_existing_readout,target_computable_downshift_specificity,1.0,0.2149979727067527,0.2239963069507151,1.0,0.0,0.0,0.0,0.0,0.0008324572354479,0.78010222410065,0.0008324572354479,0.0989154649760743,0.0,0.0,0.0,0.0,0.2251714390469653,0.833156116451045,0.2689809413428409,0.6666666666666666,0.6666666666666666,0.7373964362752874,3.2389074815118205e-11,0.949169778305502,0.0565054041717782,3.2389074815118205e-11,0.7999416167862612,0.1070051968941217,True,0.3654298158059583,0.3629759612577147,,,,,"{""G_DoF_bridge"": 5, ""G_OF"": 4, ""G_P1D_cons"": 1}",,,,,False,0.662195796460177,"{""harmonic_anchor"": 49, ""motion_timing_track_preserved"": 20}","{""harmonic_anchor"": 49, ""motion_timing_track_preserved"": 20}",{},{},0.019104940360326783,1.146296421619607,0.2149979727067527,0.7115757600511605,0.6666666666666666,0.7999416167862612,0.9999999999676109,0.7065491210152107,0.1070051968941217,0.6260102801121099,bounded_or_no_clear_room
mahnob_1712,3.62,3.72,4.73,4.73,8.12,6.21,4.65,0.1818212297375598,0.1896943775154979,0.1683704190992155,0.1671785977167231,0.1162248654818054,0.1573937244934629,0.1770585233325362,external_output_rate_t,3.62,4.73,1.1100000000000003,mahnob_1712.pkl,parh_ossm,True,False,,False,candidate_rate_posterior_final,bounded_correction_to_existing_readout,target_computable_downshift_specificity,1.0,0.1437131286087615,0.1696010779261824,1.0,0.0,0.0,0.1120499632623071,0.3277002204261572,0.1417495307463471,0.7618636472061491,0.1417495307463471,0.2199465157203856,0.0,0.0,0.0,0.0,0.1216230669237229,0.9555397586883108,0.0771436941700573,0.6666666666666666,0.6666666666666666,0.58680442968425,0.1814343711730213,0.9477379789659394,0.0974188815916964,0.1814343711730213,0.7758113969695766,0.2297700609156682,True,0.3745780256594154,0.6059255737565116,,,,,"{""G_DoF"": 6, ""G_OF_bridge"": 1}",,,,,False,0.0,"{""harmonic_anchor"": 34, ""motion_timing_track_preserved"": 14}","{""harmonic_anchor"": 34, ""motion_timing_track_preserved"": 14}",{},{},0.032300653022035,1.9380391813220998,0.1437131286087615,0.0487848546964338,0.6666666666666666,0.7758113969695766,0.8185656288269787,0.555834550309422,0.2297700609156682,0.41744825590033574,source_selection_room_agreement_available
mahnob_1714,2.27,2.24,2.23,2.2,2.3,2.12,2.1,0.1856729879289431,0.1820035740671111,0.1897732051646378,0.1665592400916233,0.154452298813091,0.1639485384094247,0.1884429419845472,state_freq_t,2.1,2.2,0.10000000000000009,mahnob_1714.pkl,parh_ossm,True,False,,False,candidate_rate_posterior_final,bounded_correction_to_existing_readout,target_computable_downshift_specificity,1.0,0.2644945290994531,0.2468571090043326,1.0,0.0,0.0,0.549054905490549,0.0,0.0776140984766253,0.791973216762028,0.0776140984766253,0.1359449715725602,0.0,0.0,0.0,0.0,0.2435107230301564,0.9005773242893165,0.249763034924686,0.6666666666666666,0.6666666666666666,0.8139375253998777,0.0467212496179017,0.9765472592621364,0.2730074481877231,0.0467212496179017,0.8248297323163746,0.1282477675949336,True,0.4464794632008632,0.5321308117731262,,,,,"{""G_DoF"": 8, ""G_OF_bridge"": 1}",,,,,False,0.549054905490549,"{""harmonic_anchor"": 45, ""motion_timing_track_preserved"": 18}","{""harmonic_anchor"": 45, ""motion_timing_track_preserved"": 18}",{},{},0.024494403575122503,1.4696642145073502,0.2644945290994531,0.5949731663596013,0.6666666666666666,0.8248297323163746,0.9532787503820983,0.6405982380527021,0.1282477675949336,0.6030695849973313,bounded_or_no_clear_room
mahnob_1716,1.75,2.27,1.66,1.57,1.26,1.33,0.9,0.2744198476349018,0.2550077220649858,0.2808819649836638,0.2776731956742033,0.2563897437152971,0.2580314931047548,0.2648277851955293,state_freq_t,0.9,1.57,0.67,mahnob_1716.pkl,parh_ossm,True,False,,False,candidate_rate_posterior_final,bounded_correction_to_existing_readout,target_computable_downshift_specificity,1.0,0.1851192430051842,0.201413025179656,1.0,0.0,0.0,0.0,0.0,2.434936326264925e-09,0.8143268997028466,2.434936326264925e-09,0.0929924072854766,0.13882567137005,0.0,0.13882567137005,0.0,0.2049412518269767,0.9183487977623088,0.3382989402494896,0.6666666666666666,0.6666666666666666,0.6759701840695389,4.8855792934071167e-11,0.9909544445157318,0.0801504152456974,4.8855792934071167e-11,0.8361764518035758,0.0995014018174172,True,0.4330802378843853,0.562150090865343,,,,,"{""G_DoF_bridge"": 5, ""G_OF"": 1}",,,,,False,0.4164770141101502,"{""harmonic_anchor"": 30, ""motion_timing_track_preserved"": 12}","{""harmonic_anchor"": 30, ""motion_timing_track_preserved"": 12}",{},{},0.0226654736092175,1.35992841655305,0.1851192430051842,0.6526394526030865,0.6666666666666666,0.8361764518035758,0.9999999999511442,0.6622583647089784,0.0995014018174172,0.6085098653242775,bounded_or_no_clear_room
mahnob_1718,3.61,4.28,3.35,3.68,3.59,3.38,3.65,0.2396713664822687,0.2222027602144057,0.2556010645927545,0.2375405480945492,0.2285998303492914,0.2430045906014665,0.2474984846775565,native_smoothed_track_hz,3.38,3.68,0.30000000000000027,mahnob_1718.pkl,parh_ossm,True,False,,False,candidate_rate_posterior_final,bounded_correction_to_existing_readout,target_computable_downshift_specificity,1.0,0.1509915237989132,0.1665513851761687,1.0,0.0,0.0,0.0,0.2523491760860684,0.0002173064016468,0.8332266518916055,0.0002173064016468,0.1250742719220056,0.0,0.0,0.0,0.0,0.1506461998062098,0.9561230607654052,0.2218388935268858,0.3333333333333333,0.3333333333333333,0.6458113865280907,2.7311523231175137e-06,0.9923954724833972,0.1478116875390256,2.7311523231175137e-06,0.8426770343184911,0.1448699209513999,True,0.4149781924954292,0.6368465943636105,,,,,"{""G_DoF"": 7, ""G_DoF_bridge"": 4}",,,,,False,0.1661446275364292,"{""harmonic_anchor"": 55, ""motion_timing_track_preserved"": 22}","{""harmonic_anchor"": 55, ""motion_timing_track_preserved"": 22}",{},{},0.025295724463150815,1.517743467789049,0.1509915237989132,0.44406313639477263,0.3333333333333333,0.8426770343184911,0.9999972688476769,0.6313327215323891,0.1448699209513999,0.5016079337617069,bounded_or_no_clear_room
mahnob_1720,1.87,2.19,0.95,1.96,2.06,1.8,1.76,0.2276630685228613,0.2272809396465477,0.2449398840607864,0.2226387948779646,0.2204709802446411,0.2225589520040164,0.224251507395025,state_freq_t,1.76,1.96,0.19999999999999996,mahnob_1720.pkl,parh_ossm,True,False,,False,candidate_rate_posterior_final,bounded_correction_to_existing_readout,target_computable_downshift_specificity,1.0,0.2041830037828692,0.2105827626506242,1.0,0.0,0.0,0.0,0.0,4.232127236494047e-05,0.8492200177565395,4.232127236494047e-05,0.0761229468317854,0.0,0.0,0.0,0.0,0.206659454193283,0.9017030686878796,0.2307138196470938,0.8333333333333333,0.8333333333333333,0.7246788287686006,7.38848847193248e-08,0.9936746124256924,0.173567851468787,7.38848847193248e-08,0.8434223013608748,0.075445157784091,True,0.4243123705732773,0.523565210681433,,,,,"{""G_DoF"": 6}",,,,,False,0.3310677483008112,"{""harmonic_anchor"": 30, ""motion_timing_track_preserved"": 12}","{""harmonic_anchor"": 30, ""motion_timing_track_preserved"": 12}",{},{},0.005104116518844903,0.3062469911306942,0.2041830037828692,0.5340918261802848,0.8333333333333333,0.8434223013608748,0.9999999261151152,0.9113738264515027,0.075445157784091,0.6429703171699139,bounded_or_no_clear_room
mahnob_1722,4.2,5.7,4.05,4.4,4.96,4.53,3.76,0.2566756171924812,0.2203105854099367,0.2522265646305096,0.2410415253847483,0.2205159971566694,0.2260011086101646,0.2546420221465518,state_freq_t,3.76,4.4,0.6400000000000006,mahnob_1722.pkl,parh_ossm,True,False,,False,candidate_rate_posterior_final,bounded_correction_to_existing_readout,target_computable_downshift_specificity,1.0,0.0980626618798773,0.1460592254990219,1.0,0.217701641684511,0.0,0.0,0.2017606471567927,0.0702078621098069,0.7751657124599509,0.0702078621098069,0.1792604306568762,0.217701641684511,0.0,0.217701641684511,0.0,0.1181663704592782,0.9652028705036584,0.0868631538821825,0.6666666666666666,0.6666666666666666,0.6516531779308147,5.254609700849753e-05,0.9808141116329272,0.194269896185005,5.254609700849753e-05,0.8029970898960301,0.141808462538196,True,0.4066837178515097,0.5094524516395729,,,,,"{""G_DoF"": 11, ""G_OF_bridge"": 1}",,,,,False,0.0,"{""harmonic_anchor"": 59, ""motion_timing_track_preserved"": 24}","{""harmonic_anchor"": 59, ""motion_timing_track_preserved"": 24}",{},{},0.03636503178254452,2.181901906952671,0.0980626618798773,0.05730407676419913,0.6666666666666666,0.8029970898960301,0.9999474539029916,0.5162405726696286,0.141808462538196,0.4438613734058056,low_target_observability
mahnob_1724,2.19,2.2,2.17,2.29,2.47,2.5,2.29,0.2540354332708031,0.2411099163079567,0.2429809099993254,0.2388563049674394,0.2329379461452422,0.2394700620527013,0.2475401796441761,external_output_rate_t,2.19,2.29,0.10000000000000009,mahnob_1724.pkl,parh_ossm,True,False,,False,candidate_rate_posterior_final,bounded_correction_to_existing_readout,target_computable_downshift_specificity,1.0,0.1552124870322717,0.1925899565778174,1.0,0.287329251059821,0.0,0.0,0.0,9.670453698744026e-05,0.8067811191345182,9.670453698744026e-05,0.084611939276184,0.0957764170199403,0.0,0.0957764170199403,0.0,0.1868448305532804,0.8802148327296363,0.0831493000377745,0.6666666666666666,0.6666666666666666,0.6688978826072959,1.19315103739662e-09,0.9805522523879686,0.1761389591457239,1.19315103739662e-09,0.8306433133625175,0.086765508864425,True,0.400284701028727,0.3125653393382991,,,,,"{""G_DoF_bridge"": 5, ""G_OF"": 4}",,,,,False,0.4253414978803579,"{""harmonic_anchor"": 45, ""motion_timing_track_preserved"": 18}","{""harmonic_anchor"": 45, ""motion_timing_track_preserved"": 18}",{},{},0.015179128303363681,0.9107476982018209,0.1552124870322717,0.14581470848489964,0.6666666666666666,0.8306433133625175,0.999999998806849,0.7588249573052609,0.086765508864425,0.5097685051245364,bounded_or_no_clear_room
mahnob_1726,5.28,5.62,5.33,5.09,4.14,4.92,5.0,0.1908171927274071,0.1879430075573044,0.1923367797292265,0.1921071748390628,0.1987113254174149,0.1920873372476761,0.1929150154574654,native_smoothed_track_hz,4.92,5.09,0.16999999999999993,mahnob_1726.pkl,parh_ossm,True,False,,False,candidate_rate_posterior_final,bounded_correction_to_existing_readout,target_computable_downshift_specificity,1.0,0.1753388084423198,0.1736847105534404,1.0,0.0,0.0,0.0,0.0,3.0863688335078416e-08,0.8570664412648834,3.0863688335078416e-08,0.1026570683351372,0.0,0.0,0.0,0.0,0.1560325928588544,0.8633776591716396,0.1203157585772749,0.6666666666666666,0.6666666666666666,0.8767325609840426,5.2178667667539215e-14,0.9758346510864456,0.4143189345318164,5.2178667667539215e-14,0.8504996543742227,0.0948501036877332,True,0.430752366771332,0.6218164548174686,,,,,"{""G_DoF"": 7}",,,,,False,0.1170151544216382,"{""harmonic_anchor"": 35, ""motion_timing_track_preserved"": 14}","{""harmonic_anchor"": 35, ""motion_timing_track_preserved"": 14}",{},{},0.004972007900161002,0.2983204740096601,0.1753388084423198,0.2586971954876373,0.6666666666666666,0.8504996543742227,0.9999999999999478,0.913565554677949,0.0948501036877332,0.5550206344632544,likely_video_or_reference_limited
mahnob_1728,4.83,4.23,6.2,4.55,2.82,3.82,4.25,0.180115846452412,0.2069662470524174,0.1601319648697095,0.1718328512835431,0.2064380365375125,0.1844905547111867,0.1707063184202909,native_smoothed_track_hz,3.82,4.55,0.73,mahnob_1728.pkl,parh_ossm,True,False,,False,candidate_rate_posterior_final,bounded_correction_to_existing_readout,target_computable_downshift_specificity,1.0,0.1714423109739658,0.1839117152206184,1.0,0.0957008730028002,0.0,0.0,0.0,0.0007429454050767,0.7818041943968234,0.0007429454050767,0.1250921956447557,0.0957008730028002,0.0,0.0957008730028002,0.0,0.1737982782662202,0.911155600232932,0.2418904612336496,0.6666666666666666,0.6666666666666666,0.6581586015406238,3.2799612207631957e-09,0.9465888400226592,0.1606539216701382,3.2799612207631957e-09,0.7961800814720907,0.121823841889219,True,0.4589388138085435,0.5700081957611991,,,,,"{""G_DoF"": 7}",,,,,False,0.2009553615549333,"{""harmonic_anchor"": 37, ""motion_timing_track_preserved"": 16}","{""harmonic_anchor"": 36, ""motion_timing_track_preserved"": 16}",{},{},0.03625992863212649,2.1755957179275893,0.1714423109739658,0.5488028238128485,0.6666666666666666,0.7961800814720907,0.9999999967200388,0.5172280342459006,0.121823841889219,0.5615885734705487,bounded_or_no_clear_room
mahnob_1730,1.87,1.37,1.7,2.22,2.97,2.63,2.16,0.2303292265558967,0.2237048521959159,0.2554713322586061,0.2214650023544322,0.1951852384780165,0.2116153818428683,0.2137091991302537,external_rate_posterior_mean_t,1.37,2.22,0.8500000000000001,mahnob_1730.pkl,parh_ossm,True,False,,False,candidate_rate_posterior_final,bounded_correction_to_existing_readout,target_computable_downshift_specificity,1.0,0.1953032435353323,0.1871955497081447,1.0,0.0551181102362204,0.0,0.6299212598425197,0.0,0.1200294079635817,0.7058314016039021,0.1200294079635817,0.1796407209762882,0.1338582677165354,0.0,0.1338582677165354,0.0,0.1513204742446648,0.8662202255007795,0.1148180559050143,0.6666666666666666,0.6666666666666666,0.7315136976301747,0.1147884651730183,0.8495961616312017,0.103212979627082,0.1147884651730183,0.7273110178769341,0.1929876092551318,True,0.353361094952506,0.5903996909328859,,,,,"{""G_DoF_bridge"": 6, ""G_OF"": 5}",,,,,False,0.0787401574803149,"{""harmonic_anchor"": 55, ""motion_timing_track_preserved"": 22}","{""harmonic_anchor"": 55, ""motion_timing_track_preserved"": 22}",{},{},0.018713844713028394,1.1228306827817036,0.1953032435353323,0.23979352308694282,0.6666666666666666,0.7273110178769341,0.8852115348269817,0.7115911770226448,0.1929876092551318,0.4905232551835602,source_selection_room_agreement_available
mahnob_18,1.5,1.4,1.72,1.87,2.4,2.32,1.74,0.2566074545817171,0.2506452781075423,0.2548588462426215,0.2689648977904205,0.2701591228915446,0.2702936241484617,0.2645042759082469,external_rate_posterior_mean_t,1.4,1.87,0.4700000000000002,mahnob_18.pkl,parh_ossm,True,False,,False,candidate_rate_posterior_final,bounded_correction_to_existing_readout,target_computable_downshift_specificity,1.0,0.2036264350718145,0.1948774581305418,1.0,0.0,0.0,0.0,0.0,1.2660648986569944e-08,0.8560946700823856,1.2660648986569944e-08,0.0721014342954334,0.0,0.0,0.0,0.0,0.2075004640696906,0.9201695940491816,0.184782633364898,0.6666666666666666,0.6666666666666666,0.7992549825948299,1.1319828898690703e-11,0.9904314495116764,0.2981818920137075,1.1319828898690703e-11,0.8565997836894761,0.088719201564747,True,0.4320591766432823,0.5047920583092763,,,,,"{""G_DoF"": 9}",,,,,False,0.2826691380908248,"{""harmonic_anchor"": 45, ""motion_timing_track_preserved"": 18}","{""harmonic_anchor"": 45, ""motion_timing_track_preserved"": 18}",{},{},0.019648346040919418,1.178900762455165,0.2036264350718145,0.38948274051822596,0.6666666666666666,0.8565997836894761,0.9999999999886802,0.6996027148368205,0.088719201564747,0.5683814757505294,bounded_or_no_clear_room
mahnob_1952,0.98,0.85,1.13,0.84,0.97,0.97,0.59,0.269109812829122,0.2659773877988294,0.2671723360273227,0.2614356137223053,0.2624162140971243,0.2618852825723903,0.2611192958107122,state_freq_t,0.59,0.84,0.25,mahnob_1952.pkl,parh_ossm,True,False,,False,candidate_rate_posterior_final,bounded_correction_to_existing_readout,target_computable_downshift_specificity,1.0,0.2103149346601893,0.2135384083945342,1.0,0.0,0.0,0.0,0.0,0.0005935058615411,0.8654567066892241,0.0005935058615411,0.0591533413807028,0.0,0.0,0.0,0.0,0.2158221817271619,0.9043442251420734,0.1534297562167073,1.0,1.0,0.8501404936019996,1.7296760413793917e-12,0.989025307424798,0.3698137622396999,1.7296760413793917e-12,0.871226394653654,0.0624737485837149,True,0.4764800435829389,0.5340877128690122,,,,,"{""G_DoF"": 13, ""G_DoF_bridge"": 1}",,,,,False,0.7155806761224273,"{""harmonic_anchor"": 69, ""motion_timing_track_preserved"": 28}","{""harmonic_anchor"": 69, ""motion_timing_track_preserved"": 28}",{},{},0.007990517018409804,0.47943102110458824,0.2103149346601893,0.32075204079930403,1.0,0.871226394653654,0.9999999999982703,0.8647782808637084,0.0624737485837149,0.6276435542506962,bounded_or_no_clear_room
mahnob_1954,3.15,2.76,3.45,3.28,3.56,3.46,3.1,0.258925585940491,0.2489741684784861,0.2599579157204442,0.2576928028100854,0.2501880532814373,0.2574088684801212,0.2639789073548909,external_rate_posterior_mean_t,2.76,3.28,0.52,mahnob_1954.pkl,parh_ossm,True,False,,False,candidate_rate_posterior_final,bounded_correction_to_existing_readout,target_computable_downshift_specificity,1.0,0.2066652445707304,0.2005867646985439,1.0,0.0,0.0,0.0,0.0,2.3817551543870433e-09,0.8137029652510288,2.3817551543870433e-09,0.0848895234622891,0.0,0.0,0.0,0.0,0.2187523669444698,0.8892540391958716,0.2901130184020453,0.6666666666666666,0.6666666666666666,0.7809179635540365,9.797118981527693e-13,0.98841484038423,0.176361026522282,9.797118981527693e-13,0.8527647868569016,0.0937513039289652,True,0.4223193186772813,0.5612754718792621,,,,,"{""G_DoF"": 9}",,,,,False,0.6309181666918772,"{""harmonic_anchor"": 45, ""motion_timing_track_preserved"": 18}","{""harmonic_anchor"": 45, ""motion_timing_track_preserved"": 18}",{},{},0.015004738876404772,0.9002843325842863,0.2066652445707304,0.6844964341930223,0.6666666666666666,0.8527647868569016,0.9999999999990203,0.7612347948237586,0.0937513039289652,0.6332286650991547,bounded_or_no_clear_room
mahnob_1956,0.76,1.26,1.27,1.16,1.48,1.61,1.33,0.2684994710153233,0.2563895802407176,0.2747089497529256,0.28181150082666,0.2823485512374002,0.2847660880158046,0.2779816422202454,external_output_rate_t,0.76,1.16,0.3999999999999999,mahnob_1956.pkl,parh_ossm,True,False,,False,candidate_rate_posterior_final,bounded_correction_to_existing_readout,target_computable_downshift_specificity,1.0,0.2001950133891363,0.2048120242791819,1.0,0.0619824934942039,0.0,0.0,0.0,2.385301367636461e-12,0.8261144752465485,2.385301367636461e-12,0.0860279038151554,0.0,0.0,0.0,0.0,0.2266380749178251,0.887066254679796,0.1829295968409545,0.6666666666666666,0.6666666666666666,0.8652691617270578,3.741196018546703e-16,0.97419392472769,0.3821820592859741,3.741196018546703e-16,0.8254210195504286,0.0992148869912851,True,0.6868600140065642,0.7642538089205247,,,,,"{""G_DoF"": 12}",,,,,False,0.4329311568488289,"{""harmonic_anchor"": 60, ""motion_timing_track_preserved"": 24}","{""harmonic_anchor"": 60, ""motion_timing_track_preserved"": 24}",{},{},0.02837650777508699,1.7025904665052194,0.2001950133891363,0.4213177516163938,0.6666666666666666,0.8254210195504286,0.9999999999999997,0.5969412942575996,0.0992148869912851,0.5578980973297585,bounded_or_no_clear_room
mahnob_1958,1.24,1.23,1.31,1.47,1.86,1.72,1.28,0.2491434468279752,0.2301363422832509,0.2590829026299394,0.2448241099408641,0.2447812833236564,0.2436553687484999,0.2572416030863652,external_rate_posterior_mean_t,1.23,1.47,0.24,mahnob_1958.pkl,parh_ossm,True,False,,False,candidate_rate_posterior_final,bounded_correction_to_existing_readout,target_computable_downshift_specificity,1.0,0.1198178259042048,0.1572344074328275,1.0,0.4014214266912345,0.0,0.0,0.0802842853382469,2.3655248964765627e-10,0.8217360856051644,2.3655248964765627e-10,0.1174617279617188,0.0802842853382469,0.0,0.0802842853382469,0.0,0.1489353223963088,0.9720604012822722,0.1180107728897051,0.6666666666666666,0.6666666666666666,0.7420509809199729,1.8018291089864802e-12,0.9660941865195412,0.3633815689959469,1.8018291089864802e-12,0.8422381621915173,0.1026888323612587,True,0.5524255423588064,0.3231770134294764,,,,,"{""G_DoF"": 5, ""G_DoF_bridge"": 5, ""G_OF"": 1}",,,,,False,0.0,"{""harmonic_anchor"": 55, ""motion_timing_track_preserved"": 22}","{""harmonic_anchor"": 55, ""motion_timing_track_preserved"": 22}",{},{},0.02710526080311429,1.6263156481868575,0.1198178259042048,0.14225628864367854,0.6666666666666666,0.8422381621915173,0.9999999999981982,0.6108994353047226,0.1026888323612587,0.4855624988275906,bounded_or_no_clear_room
mahnob_1960,1.87,2.05,1.48,1.46,1.55,1.39,1.87,0.2693480133993925,0.2476612675049837,0.2643246333604216,0.2580365178161512,0.2539401238261919,0.2581928139047801,0.243380204498454,native_smoothed_track_hz,1.39,1.46,0.07000000000000006,mahnob_1960.pkl,parh_ossm,True,False,,False,candidate_rate_posterior_final,bounded_correction_to_existing_readout,target_computable_downshift_specificity,1.0,0.2033109405686294,0.1992655620541108,1.0,0.0794270833333333,0.0,0.0,0.0,0.0065087065563419,0.8216813196907667,0.0065087065563419,0.0893387242666737,0.0,0.0,0.0,0.0,0.2258137437365494,0.8888345509680748,0.0974139233294622,0.6666666666666666,0.6666666666666666,0.8669345118367192,8.812746035648499e-08,0.9548291108995968,0.2604151661157685,8.812746035648499e-08,0.8536624431636469,0.0859533073068223,True,0.4198308474587371,0.6337030492112117,,,,,"{""G_DoF"": 11}",,,,,False,0.4765625,"{""harmonic_anchor"": 55, ""motion_timing_track_preserved"": 22}","{""harmonic_anchor"": 55, ""motion_timing_track_preserved"": 22}",{},{},0.025967808900938527,1.5580685340563116,0.2033109405686294,0.18421648693525605,0.6666666666666666,0.8536624431636469,0.9999999118725397,0.6236649586699597,0.0859533073068223,0.5194915509209503,bounded_or_no_clear_room
mahnob_1962,1.43,1.38,1.95,1.75,2.33,2.42,1.62,0.2752062475064181,0.2609827587773626,0.2869958590633417,0.260284698217859,0.2551241904657519,0.2597487005841963,0.2813060897892993,external_rate_posterior_mean_t,1.38,1.75,0.3700000000000001,mahnob_1962.pkl,parh_ossm,True,False,,False,candidate_rate_posterior_final,bounded_correction_to_existing_readout,target_computable_downshift_specificity,1.0,0.2090780215594918,0.2150774665142874,1.0,0.0,0.0,0.0,0.0,6.109409183276967e-06,0.8574149747786308,6.109409183276967e-06,0.070006753191376,0.0780650115177885,0.0780650115177885,0.0,0.0,0.2176283931264386,0.9030518122078433,0.1306431852538396,0.6666666666666666,0.6666666666666666,0.8248558776634707,2.4425513977017387e-10,0.9805547032458688,0.376009942015199,2.4425513977017387e-10,0.8483662809343284,0.0791898267687132,True,0.5418421148026176,0.2711049247245709,,,,,"{""G_DoF"": 8, ""G_DoF_bridge"": 3}",,,,,False,0.5461991297670847,"{""harmonic_anchor"": 54, ""motion_timing_track_preserved"": 22}","{""harmonic_anchor"": 54, ""motion_timing_track_preserved"": 22}",{},{},0.021557389205102973,1.2934433523061784,0.2090780215594918,0.2597426258655034,0.6666666666666666,0.8483662809343284,0.9999999997557448,0.6757361897192427,0.0791898267687132,0.5411276089615376,bounded_or_no_clear_room
mahnob_1964,2.21,2.36,2.69,2.66,3.45,3.14,2.58,0.2570983118467087,0.2499603173594057,0.2630820719642683,0.2772407943127171,0.2848094721023624,0.2805832803526147,0.2629978617585842,external_output_rate_t,2.21,2.66,0.4500000000000002,mahnob_1964.pkl,parh_ossm,True,False,,False,candidate_rate_posterior_final,bounded_correction_to_existing_readout,target_computable_downshift_specificity,1.0,0.1518984603219211,0.1737498402068615,1.0,0.0,0.0,0.0,0.2426894768251442,2.1202145229352703e-15,0.7329517769915552,2.1202145229352703e-15,0.1471623493488117,0.0,0.0,0.0,0.0,0.1411273548587659,0.9373898955844748,0.2008579522501784,0.3333333333333333,0.3333333333333333,0.7419944870933499,4.216941797850007e-20,0.7108759182822486,0.3562014654700243,4.216941797850007e-20,0.6519356885519204,0.160031716572268,True,0.4304027850646331,0.5154612365141883,,,,,"{""G_DoF"": 6, ""G_DoF_bridge"": 1}",,,,,False,0.0,"{""harmonic_anchor"": 35, ""motion_timing_track_preserved"": 14}","{""harmonic_anchor"": 35, ""motion_timing_track_preserved"": 14}",{},{},0.03062296299320902,1.8373777795925412,0.1518984603219211,0.403194944075269,0.3333333333333333,0.6519356885519204,1.0,0.5730506651443094,0.160031716572268,0.4577058520355263,bounded_or_no_clear_room
mahnob_1966,1.72,1.79,2.02,1.78,1.8,2.0,1.56,0.2748956011161388,0.263745969423901,0.2923595893571489,0.2797736557079632,0.2721068654566895,0.2818812087711152,0.2789140242434239,state_freq_t,1.56,1.78,0.21999999999999997,mahnob_1966.pkl,parh_ossm,True,False,,False,candidate_rate_posterior_final,bounded_correction_to_existing_readout,target_computable_downshift_specificity,1.0,0.205780207666761,0.2123762643712613,1.0,0.0,0.0,0.0,0.0,6.64721200276731e-07,0.8569675729223475,6.64721200276731e-07,0.0795861053488406,0.0,0.0,0.0,0.0,0.2185850721844762,0.917630658450156,0.2586137268475766,0.6666666666666666,0.6666666666666666,0.7502149759451316,1.644950057028237e-13,0.981879572729613,0.3378783758771189,1.644950057028237e-13,0.8679353136295758,0.0854184202610039,True,0.5651730168880288,0.6789661475011806,,,,,"{""G_DoF"": 9, ""G_DoF_bridge"": 1}",,,,,False,0.5937978028090669,"{""harmonic_anchor"": 50, ""motion_timing_track_preserved"": 20}","{""harmonic_anchor"": 50, ""motion_timing_track_preserved"": 20}",{},{},0.018135239347214227,1.0881143608328536,0.205780207666761,0.5972741048175749,0.6666666666666666,0.8679353136295758,0.9999999999998355,0.7191167008447885,0.0854184202610039,0.6144599979829953,bounded_or_no_clear_room
mahnob_1968,1.99,1.09,2.5,1.83,1.96,1.9,1.76,0.2775423446549273,0.251991768578803,0.2853493720184553,0.2719389457021136,0.2665902585531134,0.2715147894243993,0.2773448294521992,external_rate_posterior_mean_t,1.09,1.83,0.74,mahnob_1968.pkl,parh_ossm,True,False,,False,candidate_rate_posterior_final,bounded_correction_to_existing_readout,target_computable_downshift_specificity,1.0,0.1459868567418487,0.1784782842137588,1.0,0.0804112839441075,0.0,0.0,0.0,6.703586276924503e-06,0.8024883972172271,6.703586276924503e-06,0.0886407525843418,0.2762984445030319,0.0,0.2762984445030319,0.0,0.1651397668955216,0.9262536625550016,0.1557619148551196,0.6666666666666666,0.6666666666666666,0.6066446887794319,1.0508804655677992e-11,0.9631793141444988,0.1181717429697234,1.0508804655677992e-11,0.8091576017228909,0.1005613444021599,True,0.4630571998074226,0.3663771801541109,,,,,"{""G_DoF_bridge"": 7, ""G_OF"": 4}",,,,,False,0.0,"{""harmonic_anchor"": 55, ""motion_timing_track_preserved"": 22}","{""harmonic_anchor"": 55, ""motion_timing_track_preserved"": 22}",{},{},0.025550576076124265,1.533034564567456,0.1459868567418487,0.2951195566756815,0.6666666666666666,0.8091576017228909,0.9999999999894912,0.6284141039325988,0.1005613444021599,0.5196795417304996,bounded_or_no_clear_room
mahnob_1970,0.76,0.88,0.99,0.73,1.44,0.63,1.07,0.2467009316145464,0.2322340619923807,0.2548612911913245,0.2372076246565476,0.237317609163315,0.2369319452141961,0.2528230003563524,native_smoothed_track_hz,0.63,0.73,0.09999999999999998,mahnob_1970.pkl,parh_ossm,True,False,,False,candidate_rate_posterior_final,bounded_correction_to_existing_readout,target_computable_downshift_specificity,1.0,0.1968428561993268,0.1860666853997357,1.0,0.0,0.0,0.0,0.0,0.002817397572455,0.8093187560906644,0.002817397572455,0.0949315489369865,0.0,0.0,0.0,0.0,0.1874940952956338,0.9256835263299882,0.1893067240894568,0.6666666666666666,0.6666666666666666,0.7708204972199073,1.7768804375026456e-09,0.973093600415535,0.2827706908372047,1.7768804375026456e-09,0.8289964042863328,0.0987076531742494,True,0.5607831359036196,0.670043788702228,,,,,"{""G_DoF"": 11, ""G_DoF_bridge"": 2}",,,,,False,0.208927959812764,"{""harmonic_anchor"": 65, ""motion_timing_track_preserved"": 26}","{""harmonic_anchor"": 65, ""motion_timing_track_preserved"": 26}",{},{},0.020588938363971715,1.235336301838303,0.1968428561993268,0.39240878397514484,0.6666666666666666,0.8289964042863328,0.9999999982231196,0.6877400588430228,0.0987076531742494,0.5609451717881558,bounded_or_no_clear_room
mahnob_1972,2.17,2.35,2.03,2.51,3.18,2.6,2.86,0.2400473356184607,0.2266749595190392,0.2435689017713228,0.2516390274394445,0.2478185235292118,0.252577305211166,0.2473138322664106,external_output_rate_t,2.17,2.51,0.33999999999999986,mahnob_1972.pkl,parh_ossm,True,False,,False,candidate_rate_posterior_final,bounded_correction_to_existing_readout,target_computable_downshift_specificity,1.0,0.1242384269879485,0.1773539140133673,1.0,0.3787055719385379,0.0,0.0,0.0,1.177819783446111e-17,0.7566326784107917,1.177819783446111e-17,0.1306877026031568,0.0,0.0,0.0,0.0,0.1537632462301507,0.9552599736459764,0.1653724360604843,0.6666666666666666,0.6666666666666666,0.7604797752098723,4.7232829595344864e-20,0.8801944903173071,0.3349403215401095,4.7232829595344864e-20,0.7945311333840027,0.1144864303233963,True,0.6681912196180358,0.4349618056770312,,,,,"{""G_DoF"": 8, ""G_DoF_bridge"": 1}",,,,,False,0.0,"{""harmonic_anchor"": 45, ""motion_timing_track_preserved"": 18}","{""harmonic_anchor"": 45, ""motion_timing_track_preserved"": 18}",{},{},0.025902345692126794,1.5541407415276076,0.1242384269879485,0.2902668747663856,0.6666666666666666,0.7945311333840027,1.0,0.6244077116898369,0.1144864303233963,0.5092847798445088,bounded_or_no_clear_room
mahnob_1974,1.53,1.44,2.15,1.79,1.53,2.09,1.77,0.2813809331119397,0.2634107509536744,0.2995433517022253,0.2985505475996496,0.2866441364085063,0.3052601357055309,0.286086397805629,external_rate_posterior_mean_t,1.44,1.79,0.3500000000000001,mahnob_1974.pkl,parh_ossm,True,False,,False,candidate_rate_posterior_final,bounded_correction_to_existing_readout,target_computable_downshift_specificity,1.0,0.1788136641721371,0.1946560998132691,1.0,0.068385864374403,0.0,0.0,0.068385864374403,9.308798984174712e-11,0.8513027839640591,9.308798984174712e-11,0.1138086356025895,0.0,0.0,0.0,0.0,0.1834553209322169,0.906185325302629,0.3171825164725165,0.3333333333333333,0.3333333333333333,0.7204667293589196,3.8047270639635593e-13,0.973198733301192,0.4078905345315156,3.8047270639635593e-13,0.8262027016649961,0.1446374766303557,True,0.571527024308123,0.7502875993424142,,,,,"{""G_DoF"": 7}",,,,,False,0.1843361986628462,"{""harmonic_anchor"": 35, ""motion_timing_track_preserved"": 14}","{""harmonic_anchor"": 35, ""motion_timing_track_preserved"": 14}",{},{},0.04184938475185651,2.5109630851113907,0.1788136641721371,0.6605057388838145,0.3333333333333333,0.8262027016649961,0.9999999999996195,0.46724669565110927,0.1446374766303557,0.5329958909715649,bounded_or_no_clear_room
mahnob_1976,1.06,1.1,1.06,1.0,1.17,1.02,1.11,0.2507821032219594,0.2361249713075112,0.2514207413511742,0.2541716554802086,0.2464190350118355,0.2541311407193141,0.2540837525537945,final_track_hz,1.0,1.0,0.0,mahnob_1976.pkl,parh_ossm,True,False,,False,candidate_rate_posterior_final,bounded_correction_to_existing_readout,target_computable_downshift_specificity,1.0,0.2050349975414099,0.1951448864067012,1.0,0.0,0.0,0.0,0.0,4.791279591691723e-11,0.817734686772335,4.791279591691723e-11,0.0871232579513914,0.0,0.0,0.0,0.0,0.2027071292592836,0.8869167612877682,0.2394010920604809,0.6666666666666666,0.6666666666666666,0.8917808942555393,2.5048409575101504e-15,0.9741088587467508,0.3525674419068285,2.5048409575101504e-15,0.8479799351256122,0.0868492576858829,True,0.6381899754524387,0.7498171017517387,,,,,"{""G_DoF"": 10}",,,,,False,0.6061036195883606,"{""harmonic_anchor"": 50, ""motion_timing_track_preserved"": 20}","{""harmonic_anchor"": 50, ""motion_timing_track_preserved"": 20}",{},{},0.01804668417269739,1.0828010503618435,0.2050349975414099,0.571977667730411,0.6666666666666666,0.8479799351256122,0.9999999999999974,0.7202754790097734,0.0868492576858829,0.6061938953326651,bounded_or_no_clear_room
mahnob_1978,2.08,1.88,2.59,1.95,1.44,1.96,2.21,0.2731513746617734,0.2651647703120848,0.2807061450332835,0.2642124353028708,0.2557008453904182,0.263695570365931,0.2698512777978328,external_rate_posterior_mean_t,1.88,1.95,0.07000000000000006,mahnob_1978.pkl,parh_ossm,True,False,,False,candidate_rate_posterior_final,bounded_correction_to_existing_readout,target_computable_downshift_specificity,1.0,0.2213636795572459,0.2134181979219638,1.0,0.0,0.0,0.0,0.0,3.938671581526349e-06,0.8408884855831501,3.938671581526349e-06,0.0800471089538023,0.0,0.0,0.0,0.0,0.2388770790485463,0.8922212892687758,0.3243804965272819,0.6666666666666666,0.6666666666666666,0.6868706987744566,2.6744384523556376e-11,0.9815976736217344,0.1633576037445183,2.6744384523556376e-11,0.8389656181047402,0.0983103145981062,True,0.4139577096163216,0.522444416921322,,,,,"{""G_DoF_bridge"": 7, ""G_OF"": 3}",,,,,False,0.7740025377132385,"{""harmonic_anchor"": 50, ""motion_timing_track_preserved"": 20}","{""harmonic_anchor"": 50, ""motion_timing_track_preserved"": 20}",{},{},0.009455804295842418,0.5673482577505451,0.2213636795572459,0.6855541265409335,0.6666666666666666,0.8389656181047402,0.9999999999732556,0.8420434064460938,0.0983103145981062,0.6426698970939964,bounded_or_no_clear_room
mahnob_1980,1.48,1.32,2.05,1.37,1.69,1.2,1.54,0.2814989356637303,0.2625635338155708,0.2908453209319924,0.2656438742798954,0.2611609818147486,0.2638028137858985,0.2660926860093965,native_smoothed_track_hz,1.2,1.37,0.17000000000000015,mahnob_1980.pkl,parh_ossm,True,False,,False,candidate_rate_posterior_final,bounded_correction_to_existing_readout,target_computable_downshift_specificity,1.0,0.2042360625434739,0.220430646562845,1.0,0.0,0.0,0.0,0.0,2.8440622976483667e-08,0.8454726923506972,2.8440622976483667e-08,0.0707159506617122,0.2625056672207949,0.1703188756233943,0.0921867915974006,0.0,0.2411871603306178,0.9045889741098124,0.2574039104312056,0.6666666666666666,0.6666666666666666,0.7072425318298979,2.1062586563672428e-10,0.986395292852161,0.2320281720360483,2.1062586563672428e-10,0.8416346261176585,0.0771118390202499,True,0.5374187741772195,0.6657845170042345,,,,,"{""G_DoF_bridge"": 9}",,,,,False,0.6312528336103974,"{""harmonic_anchor"": 45, ""motion_timing_track_preserved"": 18}","{""harmonic_anchor"": 45, ""motion_timing_track_preserved"": 18}",{},{},0.018935401848159505,1.1361241108895703,0.2042360625434739,0.6115092116421265,0.6666666666666666,0.8416346261176585,0.9999999997893741,0.7087304319216791,0.0771118390202499,0.6127679111404917,bounded_or_no_clear_room
mahnob_1982,2.24,2.3,2.82,2.25,2.7,2.3,2.8,0.2486446294942272,0.2480490001482488,0.2668955782695738,0.2496067076791878,0.2410923074432983,0.2494520352097986,0.2639441827416915,external_output_rate_t,2.24,2.25,0.009999999999999787,mahnob_1982.pkl,parh_ossm,True,False,,False,candidate_rate_posterior_final,bounded_correction_to_existing_readout,target_computable_downshift_specificity,1.0,0.1677999466192248,0.1833834755111089,1.0,0.1304347826086956,0.0,0.0,0.0,8.739431278623315e-12,0.8074583124208763,8.739431278623315e-12,0.1077625062785437,0.0,0.0,0.0,0.0,0.173723589767985,0.9009216344902014,0.1898517617622776,0.6666666666666666,0.6666666666666666,0.7000598829321096,1.573619238076322e-15,0.9737277051301836,0.2495503914297989,1.573619238076322e-15,0.850793200659264,0.0947620398209493,True,0.4649082790428239,0.3768988907465281,,,,,"{""G_DoF_bridge"": 4, ""G_OF"": 4}",,,,,False,0.3260869565217391,"{""harmonic_anchor"": 40, ""motion_timing_track_preserved"": 16}","{""harmonic_anchor"": 40, ""motion_timing_track_preserved"": 16}",{},{},0.01589518259344272,0.9537109556065632,0.1677999466192248,0.41591542830965905,0.6666666666666666,0.850793200659264,0.9999999999999984,0.7490097187755748,0.0947620398209493,0.56817682031109,bounded_or_no_clear_room
mahnob_2,1.62,1.16,1.02,1.35,1.47,1.46,0.76,0.2693434603768129,0.2613126413219843,0.2889624049148752,0.2784281593231009,0.2835866141650229,0.2911628277719214,0.2796626190222741,state_freq_t,0.76,1.35,0.5900000000000001,mahnob_2.pkl,parh_ossm,True,False,,False,candidate_rate_posterior_final,bounded_correction_to_existing_readout,target_computable_downshift_specificity,1.0,0.1819466362755958,0.1903041857702803,1.0,0.0,0.0,0.0,0.0839642119752236,7.061697072685244e-07,0.8270061655581138,7.061697072685244e-07,0.1091624941155748,0.0,0.0,0.0,0.0,0.1856818944519534,0.9114361990291392,0.2685734168850037,0.6666666666666666,0.6666666666666666,0.6051154209673957,7.727571325582503e-13,0.9723264471395128,0.1568565749518173,7.727571325582503e-13,0.8213374849278046,0.1069367615957212,True,0.4558050937578876,0.4967569702272878,,,,,"{""G_DoF"": 5, ""G_OF"": 5}",,,,,False,0.3355815554026153,"{""harmonic_anchor"": 50, ""motion_timing_track_preserved"": 20}","{""harmonic_anchor"": 50, ""motion_timing_track_preserved"": 20}",{},{},0.02985018644993709,1.7910111869962253,0.1819466362755958,0.6242770762950116,0.6666666666666666,0.8213374849278046,0.9999999999992273,0.581159134102971,0.1069367615957212,0.5909649343176809,bounded_or_no_clear_room
mahnob_20,1.58,1.28,2.11,1.76,1.83,1.97,1.77,0.2758447746748241,0.2661546643727415,0.2852601692261471,0.2886207828641182,0.2839864117765189,0.2890650148933527,0.279743493792995,external_rate_posterior_mean_t,1.28,1.76,0.48,mahnob_20.pkl,parh_ossm,True,False,,False,candidate_rate_posterior_final,bounded_correction_to_existing_readout,target_computable_downshift_specificity,1.0,0.2173775519140802,0.2166879840438658,1.0,0.0,0.0,0.0,0.0,4.0931427501051716e-10,0.8393895291059735,4.0931427501051716e-10,0.0795313852103999,0.0,0.0,0.0,0.0,0.2313472443951343,0.8887716734209091,0.4018324328412758,0.6666666666666666,0.6666666666666666,0.7493451058353886,1.3557417270276574e-15,0.992099977708055,0.2255606952520999,1.3557417270276574e-15,0.8380541503350487,0.0872788200715313,True,0.4972267060877043,0.569724385722109,,,,,"{""G_DoF"": 8, ""G_DoF_bridge"": 3}",,,,,False,0.7505112474437627,"{""harmonic_anchor"": 55, ""motion_timing_track_preserved"": 22}","{""harmonic_anchor"": 55, ""motion_timing_track_preserved"": 22}",{},{},0.02291035052061119,1.3746210312366713,0.2173775519140802,0.6874977754581177,0.6666666666666666,0.8380541503350487,0.9999999999999987,0.6593163410950257,0.0872788200715313,0.6247558177227501,bounded_or_no_clear_room
mahnob_2082,4.89,4.63,6.23,5.05,4.73,5.42,5.04,0.2499579235586857,0.2477614076910677,0.2676198424909616,0.2553318995985105,0.2295629748529565,0.2504232534910472,0.2479140513730862,external_rate_posterior_mean_t,4.63,5.05,0.41999999999999993,mahnob_2082.pkl,parh_ossm,True,False,,False,candidate_rate_posterior_final,bounded_correction_to_existing_readout,target_computable_downshift_specificity,1.0,0.1563781114780505,0.1890151401924469,1.0,0.0317460317460317,0.0,0.0,0.2958152958152958,0.0219390370734086,0.807114628319724,0.0219390370734086,0.1235341006439915,0.0,0.0,0.0,0.0,0.150133800964267,0.9404207483058856,0.1738245411438111,0.5,0.5,0.5906257010835118,5.352346053934996e-11,0.9614052909320564,0.157978184507993,5.352346053934996e-11,0.8231203601089849,0.1474649368546415,True,0.4845515295607464,0.4780604069073849,,,,,"{""G_DoF"": 1, ""G_DoF_bridge"": 5, ""G_OF"": 4}",,,,,False,0.264069264069264,"{""harmonic_anchor"": 48, ""motion_timing_track_preserved"": 20}","{""harmonic_anchor"": 48, ""motion_timing_track_preserved"": 20}",{},{},0.0075704919074428,0.454229514446568,0.1563781114780505,0.3276235000324483,0.5,0.8231203601089849,0.9999999999464766,0.8714077188001808,0.1474649368546415,0.5254815600788755,bounded_or_no_clear_room
mahnob_2084,2.69,2.68,2.63,2.68,2.67,2.98,2.49,0.2359203515599259,0.2467598280756511,0.2469804657098381,0.2495470112586633,0.2375054059351146,0.2466652623227708,0.246337907493375,state_freq_t,2.49,2.68,0.18999999999999995,mahnob_2084.pkl,parh_ossm,True,False,,False,candidate_rate_posterior_final,bounded_correction_to_existing_readout,target_computable_downshift_specificity,1.0,0.1830037321323712,0.194944422493293,1.0,0.077736714668026,0.0,0.0,0.077736714668026,0.0001359246819675,0.8010467409149402,0.0001359246819675,0.0952896805946717,0.0,0.0,0.0,0.0,0.1832022428516824,0.9344273586917397,0.2021244500235457,0.6666666666666666,0.6666666666666666,0.7924241671460409,2.399921848023009e-09,0.9843335327841376,0.225770252863311,2.399921848023009e-09,0.8566763852649837,0.0928700891610139,True,0.4386782854672527,0.3878616167453668,,,,,"{""G_DoF"": 10, ""G_DoF_bridge"": 1}",,,,,False,0.310946858672104,"{""harmonic_anchor"": 55, ""motion_timing_track_preserved"": 22}","{""harmonic_anchor"": 55, ""motion_timing_track_preserved"": 22}",{},{},0.013626659698737387,0.8175995819242432,0.1830037321323712,0.41805532744334756,0.6666666666666666,0.8566763852649837,0.9999999976000782,0.7805492432661251,0.0928700891610139,0.5766313713620328,bounded_or_no_clear_room
mahnob_2086,2.96,3.14,2.86,2.71,2.92,2.38,2.84,0.2626864808145895,0.2485717647257642,0.2702045253933552,0.2550556225556502,0.2377792779528484,0.2523189111045673,0.2584389045659286,native_smoothed_track_hz,2.38,2.71,0.33000000000000007,mahnob_2086.pkl,parh_ossm,True,False,,False,candidate_rate_posterior_final,bounded_correction_to_existing_readout,target_computable_downshift_specificity,1.0,0.1748165055560642,0.182063689354629,1.0,0.0621797061838059,0.0,0.0,0.0621797061838059,0.0007076273435309,0.8451651610835967,0.0007076273435309,0.0985738198848983,0.0,0.0,0.0,0.0,0.1844268294959463,0.8952064263961705,0.2309704132763497,0.6666666666666666,0.6666666666666666,0.8952539845654816,1.5209888349354143e-06,0.99304824207988,0.3511339898929305,1.5209888349354143e-06,0.8773524572767907,0.0853854905530869,True,0.5090756052274993,0.6667480261289997,,,,,"{""G_DoF"": 17, ""G_DoF_bridge"": 1}",,,,,False,0.364707892039631,"{""harmonic_anchor"": 90, ""motion_timing_track_preserved"": 36}","{""harmonic_anchor"": 90, ""motion_timing_track_preserved"": 36}",{},{},0.014114716088825308,0.8468829653295185,0.1748165055560642,0.5368475760129804,0.6666666666666666,0.8773524572767907,0.9999984790111651,0.7736534833139328,0.0853854905530869,0.60150308131089,bounded_or_no_clear_room
mahnob_2088,1.38,1.91,1.33,1.71,2.2,1.92,1.3,0.2270527238686711,0.2106206850930767,0.2302963392470236,0.2248569574439089,0.202949664958747,0.2230286122436481,0.230278774867657,state_freq_t,1.3,1.71,0.4099999999999999,mahnob_2088.pkl,parh_ossm,True,False,,False,candidate_rate_posterior_final,bounded_correction_to_existing_readout,target_computable_downshift_specificity,1.0,0.1689463161094977,0.1879913182297871,1.0,0.0764411027568922,0.0,0.0,0.006265664160401,0.0198473369073618,0.8453229979507277,0.0198473369073618,0.1081867850320551,0.0764411027568922,0.0,0.0764411027568922,0.0,0.1862113281433823,0.9570070390141387,0.1476297403315108,0.6666666666666666,0.6666666666666666,0.7215531213735416,0.0004497919138547,0.9852611513677942,0.2467700041201946,0.0004497919138547,0.849229068122592,0.1013053884399767,True,0.452629248016722,0.6543716711487209,,,,,"{""G_DoF"": 11, ""G_OF_bridge"": 1}",,,,,False,0.3822055137844611,"{""harmonic_anchor"": 60, ""motion_timing_track_preserved"": 24}","{""harmonic_anchor"": 60, ""motion_timing_track_preserved"": 24}",{},{},0.019658089774580306,1.1794853864748185,0.1689463161094977,0.24621701252619238,0.6666666666666666,0.849229068122592,0.9995502080861453,0.6994787850416474,0.1013053884399767,0.5286142126240907,bounded_or_no_clear_room
mahnob_2090,1.2,0.98,1.62,1.01,1.08,1.17,1.06,0.2729313636799086,0.2665350260426674,0.2788166730812698,0.2677249138076818,0.2638185500658064,0.2657542615598221,0.2713517807147012,external_rate_posterior_mean_t,0.98,1.01,0.030000000000000027,mahnob_2090.pkl,parh_ossm,True,False,,False,candidate_rate_posterior_final,bounded_correction_to_existing_readout,target_computable_downshift_specificity,1.0,0.2326934049385067,0.2245431551702885,1.0,0.0,0.0,0.0,0.0,1.862863741506961e-05,0.8363319522693473,1.862863741506961e-05,0.0512338211394853,0.0,0.0,0.0,0.0,0.2608017873265489,0.8695510559011296,0.3468509459588324,1.0,1.0,0.7450803876798879,2.395702083956356e-09,0.9800824566584788,0.1357795090362013,2.395702083956356e-09,0.8312380598922209,0.0506286363417712,True,0.4296386453570756,0.4742257406074446,,,,,"{""G_DoF_bridge"": 6, ""G_OF"": 7}",,,,,False,0.853743876836949,"{""harmonic_anchor"": 64, ""motion_timing_track_preserved"": 26}","{""harmonic_anchor"": 64, ""motion_timing_track_preserved"": 26}",{},{},0.007177102120086487,0.4306261272051892,0.2326934049385067,0.7126093015641802,1.0,0.8312380598922209,0.9999999976042979,0.8776628420969678,0.0506286363417712,0.7080843407474603,bounded_or_no_clear_room
mahnob_2092,1.35,0.78,1.39,1.42,2.12,1.73,1.29,0.2627660438151086,0.2494211795658101,0.2780616518278025,0.2525822393962741,0.2427618563407456,0.2537731209294134,0.2613413957763122,external_rate_posterior_mean_t,0.78,1.42,0.6399999999999999,mahnob_2092.pkl,parh_ossm,True,False,,False,candidate_rate_posterior_final,bounded_correction_to_existing_readout,target_computable_downshift_specificity,1.0,0.1916885106332275,0.1803604073991795,1.0,0.0,0.0,0.0,0.0,0.0205132224542896,0.8498749924679994,0.0205132224542896,0.101624042227804,0.0718153991052507,0.0718153991052507,0.0,0.0,0.1889951188549949,0.9407664536761036,0.2434159647930561,0.6666666666666666,0.6666666666666666,0.7813939443970785,0.0001056821700178,0.9825211829044308,0.2523033317570619,0.0001056821700178,0.8565587726074253,0.0942412571411326,True,0.4978731457076624,0.5871827297110543,,,,,"{""G_DoF"": 10, ""G_DoF_bridge"": 2}",,,,,False,0.3590769955262538,"{""harmonic_anchor"": 60, ""motion_timing_track_preserved"": 24}","{""harmonic_anchor"": 60, ""motion_timing_track_preserved"": 24}",{},{},0.013344864249298483,0.800691854957909,0.1916885106332275,0.5264264732757997,0.6666666666666666,0.8565587726074253,0.9998943178299822,0.7845586917129911,0.0942412571411326,0.6007071293362638,bounded_or_no_clear_room
mahnob_2094,0.91,0.48,1.17,0.59,1.34,0.55,0.75,0.253262487676526,0.2432312354865907,0.2636977661857981,0.2466021264040516,0.2225214228829046,0.2465403949226202,0.2563746756747674,external_rate_posterior_mean_t,0.48,0.59,0.10999999999999999,mahnob_2094.pkl,parh_ossm,True,False,,False,candidate_rate_posterior_final,bounded_correction_to_existing_readout,target_computable_downshift_specificity,1.0,0.1678887778534764,0.1740686815204263,1.0,0.0826782325833559,0.0,0.0,0.0,9.379188830368128e-07,0.857187233191096,9.379188830368128e-07,0.1034102323531573,0.0,0.0,0.0,0.0,0.1612843717158999,0.8709693744522731,0.1534056558685224,0.6666666666666666,0.6666666666666666,0.6955900910597719,2.164230377076728e-09,0.9757193214345228,0.3826924469225841,2.164230377076728e-09,0.8744426356884489,0.0883049010265282,True,0.4733237251526244,0.6065999358289107,,,,,"{""G_DoF"": 5, ""G_DoF_bridge"": 5, ""G_OF"": 1}",,,,,False,0.3307129303334237,"{""harmonic_anchor"": 55, ""motion_timing_track_preserved"": 22}","{""harmonic_anchor"": 55, ""motion_timing_track_preserved"": 22}",{},{},0.013143440188176703,0.7886064112906022,0.1678887778534764,0.3431530535293435,0.6666666666666666,0.8744426356884489,0.9999999978357696,0.7874372139446845,0.0883049010265282,0.5616824314896862,bounded_or_no_clear_room
mahnob_2096,1.43,1.78,2.09,1.21,1.46,1.33,1.01,0.2510294656850443,0.2337207212272451,0.2711268881583754,0.2537241969181968,0.243852906562642,0.2538727314197784,0.2365223834818296,state_freq_t,1.01,1.21,0.19999999999999996,mahnob_2096.pkl,parh_ossm,True,False,,False,candidate_rate_posterior_final,bounded_correction_to_existing_readout,target_computable_downshift_specificity,1.0,0.1622815049934702,0.1790911991210663,1.0,0.1372328458942632,0.0,0.0,0.0,6.670812503407555e-05,0.8436960570053047,6.670812503407555e-05,0.0872666486399571,0.0,0.0,0.0,0.0,0.1568696946478545,0.9472914274455309,0.0936293434786531,0.6666666666666666,0.6666666666666666,0.765139888041397,2.2345391934408982e-10,0.9801196057041296,0.2312565040895622,2.2345391934408982e-10,0.8512003190857677,0.0932694301973644,True,0.526696794666503,0.4893479504840806,,,,,"{""G_DoF"": 11, ""G_DoF_bridge"": 2}",,,,,False,0.1767154105736783,"{""harmonic_anchor"": 65, ""motion_timing_track_preserved"": 26}","{""harmonic_anchor"": 65, ""motion_timing_track_preserved"": 26}",{},{},0.020152010192533293,1.2091206115519975,0.1622815049934702,0.10156320605033603,0.6666666666666666,0.8512003190857677,0.9999999997765461,0.6932253270944106,0.0932694301973644,0.4985586549774864,bounded_or_no_clear_room
mahnob_2098,3.1,2.8,3.74,2.86,3.06,2.87,3.2,0.2707080887983822,0.255924102907478,0.2785104294412199,0.2543633028798843,0.2405962664491322,0.247225516799189,0.2679078218068649,external_rate_posterior_mean_t,2.8,2.86,0.06000000000000005,mahnob_2098.pkl,parh_ossm,True,False,,False,candidate_rate_posterior_final,bounded_correction_to_existing_readout,target_computable_downshift_specificity,1.0,0.2332326270056049,0.2366198242603488,1.0,0.0,0.0,0.0,0.0,7.630265638540899e-09,0.8409051288521331,7.630265638540899e-09,0.0477284655410061,0.0,0.0,0.0,0.0,0.2591398543754099,0.8218575740871634,0.2700538429526699,1.0,1.0,0.7687443512823235,8.224908301454254e-10,0.9851125463400424,0.1612964617432282,8.224908301454254e-10,0.8447459923710994,0.046576203574497,True,0.427539353671123,0.4388146882330371,,,,,"{""G_DoF_bridge"": 8}",,,,,False,0.899073461283918,"{""harmonic_anchor"": 40, ""motion_timing_track_preserved"": 16}","{""harmonic_anchor"": 40, ""motion_timing_track_preserved"": 16}",{},{},0.023482571999193208,1.4089543199515924,0.2332326270056049,0.7326184649077606,1.0,0.8447459923710994,0.9999999991775091,0.652492356173336,0.046576203574497,0.6921353637251286,bounded_or_no_clear_room
mahnob_2100,2.12,2.24,2.13,2.06,2.36,2.31,2.01,0.2759971351399535,0.2527800848649046,0.2775796651082358,0.2581789172930637,0.2510247026614265,0.2571991293079843,0.2687056661005838,state_freq_t,2.01,2.06,0.050000000000000266,mahnob_2100.pkl,parh_ossm,True,False,,False,candidate_rate_posterior_final,bounded_correction_to_existing_readout,target_computable_downshift_specificity,1.0,0.1960917471268285,0.197678391019962,1.0,0.0,0.0,0.0,0.0,0.0012031500178964,0.845278263844437,0.0012031500178964,0.0662994609341903,0.0,0.0,0.0,0.0,0.1896844323895996,0.9107319200881168,0.1459993659953604,1.0,1.0,0.7969100576642064,8.126554619463629e-08,0.9737823266272436,0.2974117051923552,8.126554619463629e-08,0.8394624495127374,0.0635586732175286,True,0.4236281239759316,0.6590559306643592,,,,,"{""G_DoF"": 2, ""G_DoF_bridge"": 5}",,,,,False,0.2273574357062989,"{""harmonic_anchor"": 35, ""motion_timing_track_preserved"": 14}","{""harmonic_anchor"": 35, ""motion_timing_track_preserved"": 14}",{},{},0.02321705027504889,1.3930230165029334,0.1960917471268285,0.28870322287704425,1.0,0.8394624495127374,0.9999999187344538,0.6556499883200104,0.0635586732175286,0.5918920681044428,bounded_or_no_clear_room
mahnob_2102,3.98,3.38,5.19,4.53,5.01,4.9,4.13,0.2577440921908596,0.2563814512683204,0.2927946152951578,0.2689930474041394,0.2697603513501014,0.2718790639437726,0.25508962820531,external_rate_posterior_mean_t,3.38,4.53,1.1500000000000004,mahnob_2102.pkl,parh_ossm,True,False,,False,candidate_rate_posterior_final,bounded_correction_to_existing_readout,target_computable_downshift_specificity,1.0,0.1657146433026248,0.175634029691719,1.0,0.1656483367277664,0.0,0.0,0.0,1.1240089549417084e-06,0.7979092920042801,1.1240089549417084e-06,0.0885562829166413,0.0,0.0,0.0,0.0,0.1635037673811763,0.9465049372448124,0.2059680894661977,0.6666666666666666,0.6666666666666666,0.5866121474040011,5.81430838523067e-13,0.9747462950274868,0.1110338391196078,5.81430838523067e-13,0.8120503911926739,0.1063848826421978,True,0.499461024768842,0.3797147233546275,,,,,"{""G_DoF"": 8, ""G_DoF_bridge"": 3}",,,,,False,0.0,"{""harmonic_anchor"": 55, ""motion_timing_track_preserved"": 22}","{""harmonic_anchor"": 55, ""motion_timing_track_preserved"": 22}",{},{},0.016789435738462588,1.0073661443077553,0.1657146433026248,0.41260806226346647,0.6666666666666666,0.8120503911926739,0.9999999999994186,0.7369299285021884,0.1063848826421978,0.5588123365431624,source_selection_room_posterior_available
mahnob_2104,0.82,0.89,0.9,0.68,0.99,0.81,0.85,0.2452113214699104,0.2419924467534311,0.2528045787240819,0.2356140683036044,0.2171890529412674,0.2379491712574828,0.255933530210423,final_track_hz,0.68,0.68,0.0,mahnob_2104.pkl,parh_ossm,True,False,,False,candidate_rate_posterior_final,bounded_correction_to_existing_readout,target_computable_downshift_specificity,1.0,0.1682740851268157,0.1734886692248694,1.0,0.0,0.0,0.091893354987143,0.0825551495466233,0.0315779197059464,0.8372972306659181,0.0315779197059464,0.1322601191251461,0.0,0.0,0.0,0.0,0.1447137294429268,0.96817567365312,0.1988972225572496,0.6666666666666666,0.6666666666666666,0.6232576198563354,5.55704109424016e-08,0.9852864736707913,0.2521410067926757,5.55704109424016e-08,0.8644327776243307,0.1401542123733915,True,0.5616806398841611,0.4882132316346388,,,,,"{""G_DoF"": 11}",,,,,False,0.0,"{""harmonic_anchor"": 55, ""motion_timing_track_preserved"": 22}","{""harmonic_anchor"": 55, ""motion_timing_track_preserved"": 22}",{},{},0.020319461906818576,1.2191677144091146,0.1682740851268157,0.3677344342679018,0.6666666666666666,0.8644327776243307,0.9999999444295891,0.6911179591182947,0.1401542123733915,0.5503766911178626,bounded_or_no_clear_room
mahnob_2106,1.24,1.33,1.27,0.95,0.96,1.13,1.06,0.2628240014994008,0.2503475583124625,0.2766523124594628,0.2538463079299818,0.2520819435276388,0.2543993317879211,0.2664652863494559,final_track_hz,0.95,0.95,0.0,mahnob_2106.pkl,parh_ossm,True,False,,False,candidate_rate_posterior_final,bounded_correction_to_existing_readout,target_computable_downshift_specificity,1.0,0.2325191846892565,0.2318665091087606,1.0,0.0,0.0,0.0,0.0,0.0032085233840284,0.877791141365969,0.0032085233840284,0.0412650368268168,0.079790712884238,0.079790712884238,0.0,0.0,0.2658603985249423,0.8942892787590807,0.3108214034224215,1.0,1.0,0.7210101928626567,1.3274416600673646e-07,0.9883889234466622,0.3768872258426536,1.3274416600673646e-07,0.8840423785487661,0.0403036595569405,True,0.5024513003624115,0.4509999714725665,,,,,"{""G_DoF_bridge"": 1, ""G_OF"": 10}",,,,,False,0.9574885546108568,"{""harmonic_anchor"": 55, ""motion_timing_track_preserved"": 22}","{""harmonic_anchor"": 55, ""motion_timing_track_preserved"": 22}",{},{},0.01611772803699335,0.967063682219601,0.2325191846892565,0.6888828009459078,1.0,0.8840423785487661,0.999999867255834,0.7459851384149402,0.0403036595569405,0.6990808411179857,bounded_or_no_clear_room
mahnob_2108,3.28,2.94,3.6,3.06,3.1,2.97,3.29,0.2544972759023106,0.2418628632627082,0.2571556353412828,0.2432633480187853,0.2369025204947443,0.2428730657602876,0.234124363553672,external_rate_posterior_mean_t,2.94,3.06,0.1200000000000001,mahnob_2108.pkl,parh_ossm,True,False,,False,candidate_rate_posterior_final,bounded_correction_to_existing_readout,target_computable_downshift_specificity,1.0,0.1542140134910967,0.1705230841160228,1.0,0.1528141865844256,0.0,0.1881264456437933,0.0,0.0309770692577606,0.8076240161933327,0.0309770692577606,0.1247501832337686,0.0,0.0,0.0,0.0,0.160241052565708,0.9395598519695628,0.06310034271345,0.6666666666666666,0.6666666666666666,0.8207030541952467,0.0261737538814264,0.8773857001256357,0.3371187877773105,0.0261737538814264,0.7739025165321846,0.1281298418161631,True,0.5616690034442785,0.6328366157908527,,,,,"{""G_DoF"": 9}",,,,,False,0.0,"{""harmonic_anchor"": 44, ""motion_timing_track_preserved"": 18}","{""harmonic_anchor"": 44, ""motion_timing_track_preserved"": 18}",{},{},0.020372912348638583,1.222374740918315,0.1542140134910967,0.07248835854357877,0.6666666666666666,0.7739025165321846,0.9738262461185736,0.6904466388241945,0.1281298418161631,0.4714421691799068,bounded_or_no_clear_room
mahnob_2110,2.21,2.22,2.64,2.19,2.22,2.27,2.52,0.2599659044181712,0.2518451355303702,0.2663065039327307,0.2553824739676007,0.2576662260027968,0.2558566112938262,0.2614701101509841,final_track_hz,2.19,2.19,0.0,mahnob_2110.pkl,parh_ossm,True,False,,False,candidate_rate_posterior_final,bounded_correction_to_existing_readout,target_computable_downshift_specificity,1.0,0.1797730623939444,0.1821857644444596,1.0,0.0907198096371207,0.0,0.0,0.0928019036287923,3.1645695116807194e-09,0.8780618872192115,3.1645695116807194e-09,0.0942776467692069,0.0,0.0,0.0,0.0,0.1958611662761827,0.9302718568488232,0.233544118293812,0.6666666666666666,0.6666666666666666,0.8112326355647321,1.2863495756293696e-11,0.9935797622236956,0.4444042401538836,1.2863495756293696e-11,0.8757141382611495,0.0854638245194316,True,0.6195368451722543,0.4054355647916789,,,,,"{""G_DoF"": 1, ""G_DoF_bridge"": 9}",,,,,False,0.2721594289113623,"{""harmonic_anchor"": 50, ""motion_timing_track_preserved"": 20}","{""harmonic_anchor"": 50, ""motion_timing_track_preserved"": 20}",{},{},0.009624974620613902,0.5774984772368341,0.1797730623939444,0.5111467017143964,0.6666666666666666,0.8757141382611495,0.9999999999871365,0.8394574081311847,0.0854638245194316,0.6039290850397835,bounded_or_no_clear_room
mahnob_2112,1.92,2.12,2.06,2.08,2.4,2.2,1.81,0.2571567905837282,0.2508003676782085,0.2662344603525537,0.2360520516705093,0.2240056198653921,0.2323696584702823,0.2605953956927586,state_freq_t,1.81,2.08,0.27,mahnob_2112.pkl,parh_ossm,True,False,,False,candidate_rate_posterior_final,bounded_correction_to_existing_readout,target_computable_downshift_specificity,1.0,0.110053028436329,0.1684851684913199,1.0,0.4731616506360533,0.0,0.0,0.0946323301272106,0.0224605394516852,0.7444349647369518,0.0224605394516852,0.1379767627197683,0.0,0.0,0.0,0.0,0.138004527772664,0.9565320025243362,0.1044859303784884,0.6666666666666666,0.6666666666666666,0.7251259610471166,2.638616253033457e-05,0.9836041677297266,0.3192621455571242,2.638616253033457e-05,0.8164159964148487,0.1050752010756669,True,0.4900738434428718,0.5726279975682206,,,,,"{""G_DoF"": 9}",,,,,False,0.0,"{""harmonic_anchor"": 45, ""motion_timing_track_preserved"": 18}","{""harmonic_anchor"": 45, ""motion_timing_track_preserved"": 18}",{},{},0.028225737222476288,1.6935442333485773,0.110053028436329,0.11840521157103964,0.6666666666666666,0.8164159964148487,0.9999736138374696,0.5985799240928082,0.1050752010756669,0.47300321326285205,bounded_or_no_clear_room
mahnob_2114,2.06,2.29,3.1,2.27,2.58,2.6,2.13,0.2328042236203423,0.2382626234191283,0.2499612650248645,0.2338597990414669,0.2295756590861924,0.2344690381207023,0.2293517375477714,external_output_rate_t,2.06,2.27,0.20999999999999996,mahnob_2114.pkl,parh_ossm,True,False,,False,candidate_rate_posterior_final,bounded_correction_to_existing_readout,target_computable_downshift_specificity,1.0,0.2177591463999114,0.1985131091773547,1.0,0.0,0.0,0.0,0.0,1.5011213716934734e-05,0.8661273337770288,1.5011213716934734e-05,0.0754305775450534,0.0,0.0,0.0,0.0,0.2334388931305832,0.886955611094463,0.3092262477447124,0.6666666666666666,0.6666666666666666,0.7165290913137127,4.156544296351052e-07,0.9892145919616656,0.3919839066469974,4.156544296351052e-07,0.891544999152237,0.0815978748203781,True,0.5081200729354454,0.5853157477305333,,,,,"{""G_DoF"": 2, ""G_DoF_bridge"": 8}",,,,,False,0.5730683090705487,"{""harmonic_anchor"": 50, ""motion_timing_track_preserved"": 20}","{""harmonic_anchor"": 50, ""motion_timing_track_preserved"": 20}",{},{},0.008910885871356883,0.534653152281413,0.2177591463999114,0.6897321675316537,0.6666666666666666,0.891544999152237,0.9999995843455703,0.8504275068050224,0.0815978748203781,0.6530008708294441,bounded_or_no_clear_room
mahnob_2116,1.63,1.68,2.11,1.46,1.75,1.43,1.7,0.2270001243835967,0.2316380834053781,0.2409518270395165,0.2234641099364833,0.2036215974806649,0.2239808992286423,0.2267928196037345,native_smoothed_track_hz,1.43,1.46,0.030000000000000027,mahnob_2116.pkl,parh_ossm,True,False,,False,candidate_rate_posterior_final,bounded_correction_to_existing_readout,target_computable_downshift_specificity,1.0,0.1748932840982846,0.1703454426022851,1.0,0.0,0.0,0.0,0.0,0.0392772784450367,0.7706643876424706,0.0392772784450367,0.1448272372140837,0.0,0.0,0.0,0.0,0.1526168943593815,0.9527414742655296,0.171077974572576,0.6666666666666666,0.6666666666666666,0.668205246691647,0.0011089894144225,0.93381991138225,0.229659976007011,0.0011089894144225,0.8490016364112538,0.1407785098502971,True,0.5606596155474839,0.4896121033472927,,,,,"{""G_DoF"": 4, ""G_DoF_bridge"": 3}",,,,,False,0.0,"{""harmonic_anchor"": 35, ""motion_timing_track_preserved"": 14}","{""harmonic_anchor"": 35, ""motion_timing_track_preserved"": 14}",{},{},0.008173973468894785,0.4904384081336871,0.1748932840982846,0.3082463346809307,0.6666666666666666,0.8490016364112538,0.9988910105855775,0.8618985562276347,0.1407785098502971,0.5546684896480157,bounded_or_no_clear_room
mahnob_2118,1.92,1.98,2.3,2.2,2.26,2.69,2.21,0.2306252061528519,0.2308463279945913,0.2425383464286773,0.2470849154572358,0.2480635463564285,0.2501364213911172,0.2428317256368117,external_output_rate_t,1.92,2.2,0.28000000000000025,mahnob_2118.pkl,parh_ossm,True,False,,False,candidate_rate_posterior_final,bounded_correction_to_existing_readout,target_computable_downshift_specificity,1.0,0.1214191757046687,0.1659451322599072,1.0,0.3934371892608551,0.0,0.0,0.0,7.124691478372148e-14,0.7832008144466543,7.124691478372148e-14,0.1150397556660428,0.0,0.0,0.0,0.0,0.1533607891090865,0.9398923190624346,0.1185839229913543,0.6666666666666666,0.6666666666666666,0.7119868812713391,1.0358814534423036e-14,0.8122060075095706,0.3086887056652506,1.0358814534423036e-14,0.7804465471229229,0.1158660358631472,True,0.5030119506478705,0.4651498274945245,,,,,"{""G_DoF"": 4, ""G_DoF_bridge"": 2, ""G_OF"": 2}",,,,,False,0.2918462048392443,"{""harmonic_anchor"": 40, ""motion_timing_track_preserved"": 16}","{""harmonic_anchor"": 40, ""motion_timing_track_preserved"": 16}",{},{},0.019511215238265295,1.1706729142959178,0.1214191757046687,0.17688562698560695,0.6666666666666666,0.7804465471229229,0.9999999999999897,0.7013492017575468,0.1158660358631472,0.49134721798116543,bounded_or_no_clear_room
mahnob_2120,1.04,1.61,1.46,1.19,2.41,1.74,2.02,0.189340555674082,0.1986621597443647,0.1799728899605217,0.1929897003812129,0.204543965804513,0.2135593271224063,0.2084242020020653,external_output_rate_t,1.04,1.19,0.1499999999999999,mahnob_2120.pkl,parh_ossm,True,False,,False,candidate_rate_posterior_final,bounded_correction_to_existing_readout,target_computable_downshift_specificity,1.0,0.1349798226397368,0.1752953964355871,1.0,0.0,0.0,0.0,0.4636183776654209,2.0548431036885844e-06,0.7439210218637863,2.0548431036885844e-06,0.1608386700065604,0.0,0.0,0.0,0.0,0.1572334527280963,0.9601964024875596,0.3639350327269195,0.3333333333333333,0.3333333333333333,0.6973235732106782,1.1965902996483071e-14,0.964617135870248,0.173483818843197,1.1965902996483071e-14,0.7941211166050424,0.1377532929166132,True,0.4594997180927988,0.7328407778988241,,,,,"{""G_DoF"": 6}",,,,,False,0.0,"{""harmonic_anchor"": 30, ""motion_timing_track_preserved"": 12}","{""harmonic_anchor"": 30, ""motion_timing_track_preserved"": 12}",{},{},0.024218771448324294,1.4531262868994577,0.1349798226397368,0.6012502880580597,0.3333333333333333,0.7941211166050424,0.999999999999988,0.6438166495637753,0.1377532929166132,0.5237195164270168,bounded_or_no_clear_room
mahnob_22,2.28,1.93,2.18,2.76,3.08,3.26,2.61,0.2767450069124883,0.256217928440426,0.2812562116931804,0.2802663521427729,0.2838625012155298,0.2803176818146456,0.2746464211860548,external_rate_posterior_mean_t,1.93,2.76,0.8299999999999998,mahnob_22.pkl,parh_ossm,True,False,,False,candidate_rate_posterior_final,bounded_correction_to_existing_readout,target_computable_downshift_specificity,1.0,0.1769404663020094,0.1957551067654147,1.0,0.0972515856236786,0.0,0.0,0.0,3.848315297768377e-16,0.8520671272906299,3.848315297768377e-16,0.0943798618128112,0.0972515856236786,0.0,0.0972515856236786,0.0,0.1933777373079268,0.8733298476830638,0.2981510876586619,0.6666666666666666,0.6666666666666666,0.8296470010480361,6.022415789566925e-17,0.993595270910775,0.3982639211697975,6.022415789566925e-17,0.8739568388678812,0.0878129483396356,True,0.4801082922577084,0.6579691416199094,,,,,"{""G_DoF"": 2, ""G_DoF_bridge"": 4}",,,,,False,0.5158562367864693,"{""harmonic_anchor"": 30, ""motion_timing_track_preserved"": 12}","{""harmonic_anchor"": 30, ""motion_timing_track_preserved"": 12}",{},{},0.0240997533742196,1.445985202453176,0.1769404663020094,0.6953456997785217,0.6666666666666666,0.8739568388678812,0.9999999999999999,0.645211354751709,0.0878129483396356,0.6201376230025961,source_selection_room_posterior_available
mahnob_2212,4.37,4.08,6.13,5.09,5.41,5.92,5.35,0.2504174283747472,0.2372078468303436,0.2736465629414739,0.2586667645940871,0.2584770809255554,0.2645758312812279,0.2676457128578116,external_rate_posterior_mean_t,4.08,5.09,1.0099999999999998,mahnob_2212.pkl,parh_ossm,True,False,,False,candidate_rate_posterior_final,bounded_correction_to_existing_readout,target_computable_downshift_specificity,1.0,0.2052472710752789,0.2011820299315136,1.0,0.0,0.0,0.0,0.0,3.345389884377664e-06,0.8147369519008265,3.345389884377664e-06,0.08298813527707,0.0,0.0,0.0,0.0,0.1914937297730007,0.943394320878442,0.1805665590796333,0.6666666666666666,0.6666666666666666,0.5536399628598387,1.0398019818122993e-13,0.9708977746706334,0.0352953873106336,1.0398019818122993e-13,0.8140109368492872,0.1027885996800921,True,0.4069695957344733,0.4927105018396932,,,,,"{""G_DoF"": 1, ""G_DoF_bridge"": 6, ""G_OF"": 4}",,,,,False,0.4845756652985569,"{""harmonic_anchor"": 55, ""motion_timing_track_preserved"": 22}","{""harmonic_anchor"": 55, ""motion_timing_track_preserved"": 22}",{},{},0.03043786602746798,1.8262719616480787,0.2052472710752789,0.3514624625451497,0.6666666666666666,0.8140109368492872,0.999999999999896,0.5749824583003038,0.1027885996800921,0.5409253366672483,source_selection_room_posterior_available
mahnob_2214,7.34,6.97,7.95,7.08,6.36,6.9,7.08,0.2694000259729606,0.258985315276632,0.276131830463621,0.2651202039017694,0.2651650792909585,0.2648995090923564,0.267916821144989,native_smoothed_track_hz,6.9,7.08,0.17999999999999972,mahnob_2214.pkl,parh_ossm,True,False,,False,candidate_rate_posterior_final,bounded_correction_to_existing_readout,target_computable_downshift_specificity,1.0,0.1797690764171306,0.1872531296616174,1.0,0.0,0.0,0.0,0.077028885832187,2.8901525618277745e-10,0.7995028628184115,2.8901525618277745e-10,0.1024306180807195,0.0,0.0,0.0,0.0,0.1650288118700631,0.9435260369845624,0.2242827184799855,0.6666666666666666,0.6666666666666666,0.5894455876940989,4.925671672487632e-13,0.951043749369511,0.1456985386151558,4.925671672487632e-13,0.8212413903264978,0.0957651166416281,True,0.3691968269402169,0.6011489493602329,,,,,"{""G_DoF_bridge"": 5, ""G_OF"": 5}",,,,,False,0.0,"{""harmonic_anchor"": 50, ""motion_timing_track_preserved"": 20}","{""harmonic_anchor"": 50, ""motion_timing_track_preserved"": 20}",{},{},0.0104147106963286,0.624882641779716,0.1797690764171306,0.4662572012094103,0.6666666666666666,0.8212413903264978,0.9999999999995074,0.8274899007832928,0.0957651166416281,0.5845523963092318,likely_video_or_reference_limited
mahnob_2216,6.84,5.6,8.31,6.07,6.02,5.65,6.56,0.2602061315362672,0.2393560255732089,0.2812785969239711,0.2459889321563328,0.2506432889603165,0.2444904799741536,0.2464596288653155,external_rate_posterior_mean_t,5.6,6.07,0.47000000000000064,mahnob_2216.pkl,parh_ossm,True,False,,False,candidate_rate_posterior_final,bounded_correction_to_existing_readout,target_computable_downshift_specificity,1.0,0.2111621012351386,0.2135515421774657,1.0,0.0,0.0,0.0,0.0,5.099940544040641e-11,0.8233597126634102,5.099940544040641e-11,0.0529920862290265,0.0,0.0,0.0,0.0,0.2126074147003664,0.9450664051206022,0.2918435105001062,1.0,1.0,0.5717307617981708,5.304451864985011e-11,0.9684087914021866,0.1170128646414823,5.304451864985011e-11,0.8241446398877106,0.0527566080553012,True,0.3660153197928738,0.3817268795716775,,,,,"{""G_DoF"": 3, ""G_OF"": 2}",,,,,False,0.0,"{""harmonic_anchor"": 25, ""motion_timing_track_preserved"": 10}","{""harmonic_anchor"": 25, ""motion_timing_track_preserved"": 10}",{},{},0.020850105963058307,1.2510063577834984,0.2111621012351386,0.6274550778194711,1.0,0.8241446398877106,0.9999999999469554,0.684482065350417,0.0527566080553012,0.6650757825773903,bounded_or_no_clear_room
mahnob_2218,6.48,5.62,7.09,6.19,6.52,6.0,6.27,0.249667379908839,0.2337585308408317,0.2558367959997807,0.2470673385841267,0.2430650079684819,0.2481418791587548,0.2508724164311617,external_rate_posterior_mean_t,5.62,6.19,0.5700000000000003,mahnob_2218.pkl,parh_ossm,True,False,,False,candidate_rate_posterior_final,bounded_correction_to_existing_readout,target_computable_downshift_specificity,1.0,0.194703705598311,0.200995492061027,1.0,0.0,0.0,0.0,0.0771761133603238,5.201328455001273e-05,0.7965385377095874,5.201328455001273e-05,0.0973047541539778,0.0742661943319838,0.0742661943319838,0.0,0.0,0.1931021164748727,0.8957823272917851,0.2598795970102627,0.6666666666666666,0.6666666666666666,0.5345522992248696,3.450580769866555e-09,0.9598492759899792,0.082629932271002,3.450580769866555e-09,0.8198779903540236,0.0987524631395828,True,0.4132354359343986,0.5777677004987474,,,,,"{""G_DoF_bridge"": 4, ""G_OF"": 7}",,,,,False,0.4630566801619433,"{""harmonic_anchor"": 55, ""motion_timing_track_preserved"": 22}","{""harmonic_anchor"": 55, ""motion_timing_track_preserved"": 22}",{},{},0.017113885590330002,1.0268331354198001,0.194703705598311,0.6175069877814119,0.6666666666666666,0.8198779903540236,0.9999999965494192,0.7325955109703339,0.0987524631395828,0.6085433267744517,bounded_or_no_clear_room
mahnob_2220,4.98,4.53,5.16,4.91,4.9,5.19,4.93,0.2404695313773885,0.2337527111503649,0.2330164182369842,0.2349811917579367,0.2312319263179248,0.2340379870198966,0.2339610808369609,external_rate_posterior_mean_t,4.53,4.91,0.3799999999999999,mahnob_2220.pkl,parh_ossm,True,False,,False,candidate_rate_posterior_final,bounded_correction_to_existing_readout,target_computable_downshift_specificity,1.0,0.1489597348352486,0.1730319332278786,1.0,0.2127164942461931,0.0,0.0,0.0,0.0006751636311612,0.8406823382525815,0.0006751636311612,0.0770131452724365,0.0,0.0,0.0,0.0,0.1453505935486421,0.9530640078152116,0.0790254173565552,1.0,1.0,0.6655554574973866,2.845706760957229e-06,0.997200547502604,0.1361752281264038,2.845706760957229e-06,0.8356704519435758,0.0774430967685769,True,0.4235785513893949,0.3034953370351567,,,,,"{""G_DoF"": 11, ""G_DoF_bridge"": 2}",,,,,False,0.0,"{""harmonic_anchor"": 65, ""motion_timing_track_preserved"": 26}","{""harmonic_anchor"": 65, ""motion_timing_track_preserved"": 26}",{},{},0.006716820227023607,0.4030092136214164,0.1489597348352486,0.05600611089451679,1.0,0.8356704519435758,0.999997154293239,0.8850386132564966,0.0774430967685769,0.5545508484720297,bounded_or_no_clear_room
mahnob_2222,5.71,5.04,6.65,5.97,6.01,6.13,5.73,0.2609596380178627,0.252404708096531,0.2789804421751976,0.2724928889296901,0.2666793112479634,0.2731540679105935,0.2711121090933791,external_rate_posterior_mean_t,5.04,5.97,0.9299999999999997,mahnob_2222.pkl,parh_ossm,True,False,,False,candidate_rate_posterior_final,bounded_correction_to_existing_readout,target_computable_downshift_specificity,1.0,0.194201598872515,0.1955759490702837,1.0,0.0,0.0,0.0,0.0,1.18032848850936e-05,0.8368391278766564,1.18032848850936e-05,0.07696744119707,0.0,0.0,0.0,0.0,0.1838176861293067,0.9201492164390366,0.1821861455967682,0.6666666666666666,0.6666666666666666,0.6270064543289873,6.733569677276982e-09,0.991140385750464,0.0578853162255453,6.733569677276982e-09,0.8326403203996169,0.0952463729623819,True,0.4048784525526314,0.5630336436208246,,,,,"{""G_DoF"": 14, ""G_DoF_bridge"": 5}",,,,,False,0.0492412011624152,"{""harmonic_anchor"": 95, ""motion_timing_track_preserved"": 38}","{""harmonic_anchor"": 95, ""motion_timing_track_preserved"": 38}",{},{},0.020749359814062507,1.2449615888437504,0.194201598872515,0.3776262211779373,0.6666666666666666,0.8326403203996169,0.9999999932664303,0.6857370131398728,0.0952463729623819,0.5580207550213724,source_selection_room_posterior_available
mahnob_2224,3.75,2.61,3.64,3.72,3.99,3.77,3.73,0.2716687539263703,0.2538334896279977,0.2770133537817607,0.2663957274711051,0.2696006166088375,0.264754739140825,0.2645574024984841,external_rate_posterior_mean_t,2.61,3.72,1.1100000000000003,mahnob_2224.pkl,parh_ossm,True,False,,False,candidate_rate_posterior_final,bounded_correction_to_existing_readout,target_computable_downshift_specificity,1.0,0.1852474080583173,0.2255661414999399,1.0,0.0,0.0,0.0,0.0,1.1040211159765155e-10,0.8044481613823121,1.1040211159765155e-10,0.0912030867568558,0.2078128548716784,0.0,0.2078128548716784,0.0,0.2345679216665896,0.92821234396855,0.3987339313717795,0.6666666666666666,0.6666666666666666,0.6952407040362799,5.314903985172185e-17,0.9708190000895496,0.1874876057157925,5.314903985172185e-17,0.8148712159259693,0.100361814730563,True,0.3964251833560004,0.6715609638482061,,,,,"{""G_DoF_bridge"": 2, ""G_OF"": 10, ""G_OF_bridge"": 1}",,,,,False,0.5151033386327504,"{""harmonic_anchor"": 65, ""motion_timing_track_preserved"": 26}","{""harmonic_anchor"": 65, ""motion_timing_track_preserved"": 26}",{},{},0.01783526429837262,1.0701158579023573,0.1852474080583173,0.648701240364768,0.6666666666666666,0.8148712159259693,1.0,0.7230495446403549,0.100361814730563,0.6105515554674075,source_selection_room_posterior_available
mahnob_2226,4.5,3.17,5.18,4.04,4.04,3.74,4.09,0.2542516494934079,0.2370480579349023,0.2692874042559244,0.2439648115017539,0.2434494281695423,0.2432407859034525,0.2510147409412554,external_rate_posterior_mean_t,3.17,4.04,0.8700000000000001,mahnob_2226.pkl,parh_ossm,True,False,,False,candidate_rate_posterior_final,bounded_correction_to_existing_readout,target_computable_downshift_specificity,1.0,0.1478352718208995,0.1937873280316367,1.0,0.0,0.0,0.0,0.0,1.803055985990741e-05,0.7848101044688958,1.803055985990741e-05,0.0758565012934969,0.3358414387961094,0.0,0.3358414387961094,0.0,0.1752412207679079,0.9413099146768676,0.1527678280569032,1.0,1.0,0.5679606001488106,1.307543474965815e-09,0.976611918462512,0.0283223233877277,1.307543474965815e-09,0.8204852346252952,0.0538544297086131,True,0.4154565938162211,0.8285822808588631,,,,,"{""G_DoF"": 6, ""G_DoF_bridge"": 1}",,,,,False,0.0,"{""harmonic_anchor"": 35, ""motion_timing_track_preserved"": 14}","{""harmonic_anchor"": 35, ""motion_timing_track_preserved"": 14}",{},{},0.017203591558505593,1.0322154935103356,0.1478352718208995,0.2738498566331977,1.0,0.8204852346252952,0.9999999986924565,0.7314016086984025,0.0538544297086131,0.582556292178506,source_selection_room_agreement_available
mahnob_2228,2.8,2.74,3.05,2.7,2.84,2.59,2.52,0.2697476950606388,0.2603382204211059,0.2866256307698562,0.2731563413888251,0.2663401496165537,0.273185385380197,0.2785511510478676,state_freq_t,2.52,2.7,0.18000000000000016,mahnob_2228.pkl,parh_ossm,True,False,,False,candidate_rate_posterior_final,bounded_correction_to_existing_readout,target_computable_downshift_specificity,1.0,0.1980762904645299,0.216988633946561,1.0,0.09025003698772,0.0,0.0,0.0,2.906739042924373e-06,0.8379288041896933,2.906739042924373e-06,0.0746531512773879,0.0,0.0,0.0,0.0,0.2155009443605294,0.8743007554525914,0.1905641126822792,0.8333333333333333,0.8333333333333333,0.7566163898135148,2.471270984791093e-09,0.9864460419774392,0.2270629498717263,2.471270984791093e-09,0.8433886962661358,0.0870110220176943,True,0.3682655095002853,0.6182085651204172,,,,,"{""G_DoF"": 6, ""G_DoF_bridge"": 4}",,,,,False,0.6385559994081965,"{""harmonic_anchor"": 50, ""motion_timing_track_preserved"": 20}","{""harmonic_anchor"": 50, ""motion_timing_track_preserved"": 20}",{},{},0.018212930626761714,1.0927758376057028,0.1980762904645299,0.4528507432957823,0.8333333333333333,0.8433886962661358,0.999999997528729,0.7181016161950313,0.0870110220176943,0.6047065847622524,bounded_or_no_clear_room
mahnob_2230,2.45,1.94,2.71,2.4,2.7,2.15,2.63,0.2501620234197916,0.2385660152162214,0.2549312529075377,0.2535739726186848,0.2461712816698601,0.254397671355228,0.2553903257355281,external_rate_posterior_mean_t,1.94,2.4,0.45999999999999996,mahnob_2230.pkl,parh_ossm,True,False,,False,candidate_rate_posterior_final,bounded_correction_to_existing_readout,target_computable_downshift_specificity,1.0,0.1809363442866654,0.1907873671553848,1.0,0.0814419225634179,0.0,0.0,0.0,0.0003728285045109,0.8302978008611065,0.0003728285045109,0.0701320487346816,0.0226969292389853,0.0,0.0226969292389853,0.0,0.1833013308814754,0.9471286768975792,0.1270045172741184,1.0,1.0,0.6049594451294156,7.140546519654977e-09,0.9906185906047222,0.0919930009602598,7.140546519654977e-09,0.832503363147416,0.0520649023504354,True,0.4028835350524068,0.5466296964669743,,,,,"{""G_DoF"": 10, ""G_DoF_bridge"": 1}",,,,,False,0.0,"{""harmonic_anchor"": 55, ""motion_timing_track_preserved"": 22}","{""harmonic_anchor"": 55, ""motion_timing_track_preserved"": 22}",{},{},0.016824310519306718,1.009458631158403,0.1809363442866654,0.1987940117825415,1.0,0.832503363147416,0.9999999928594535,0.7364627989863081,0.0520649023504354,0.5783081814927924,bounded_or_no_clear_room
mahnob_2232,3.44,2.31,4.16,3.42,2.34,3.51,3.1,0.2535269727550959,0.2338517567817667,0.2636763609970465,0.2498169045604021,0.2416522087295962,0.2497006532686549,0.2439302957740466,external_rate_posterior_mean_t,2.31,3.42,1.1099999999999999,mahnob_2232.pkl,parh_ossm,True,False,,False,candidate_rate_posterior_final,bounded_correction_to_existing_readout,target_computable_downshift_specificity,1.0,0.1812628438562024,0.2125378130998771,1.0,0.0,0.0,0.0,0.0,4.98897068491561e-07,0.8519845341141309,4.98897068491561e-07,0.0594254027467464,0.2579281183932346,0.0,0.2579281183932346,0.0,0.2365253506030591,0.9042026916251976,0.3604478222943946,1.0,1.0,0.7400637103788077,7.350728567920658e-09,0.9901118251278824,0.1716916376028004,7.350728567920658e-09,0.8528417363021742,0.0483175420607998,True,0.3833426498260537,0.5843307042380133,,,,,"{""G_DoF"": 5, ""G_DoF_bridge"": 1}",,,,,False,0.6126849894291755,"{""harmonic_anchor"": 30, ""motion_timing_track_preserved"": 12}","{""harmonic_anchor"": 30, ""motion_timing_track_preserved"": 12}",{},{},0.01967521597332919,1.1805129583997513,0.1812628438562024,0.6731023784954142,1.0,0.8528417363021742,0.9999999926492714,0.699261011445656,0.0483175420607998,0.672956792944336,source_selection_room_posterior_available
mahnob_2234,2.89,2.55,3.35,2.7,2.6,2.65,2.93,0.2601132760128514,0.2497543378115319,0.2720961538264948,0.2562651960519081,0.2527533173843637,0.2558643208265467,0.2569545268699033,external_rate_posterior_mean_t,2.55,2.7,0.15000000000000036,mahnob_2234.pkl,parh_ossm,True,False,,False,candidate_rate_posterior_final,bounded_correction_to_existing_readout,target_computable_downshift_specificity,1.0,0.204175073833033,0.2039836381740322,1.0,0.0,0.0,0.0,0.0,0.0001450138140295,0.8104320551112335,0.0001450138140295,0.0854785582309566,0.0,0.0,0.0,0.0,0.2145069942213391,0.8807977388664517,0.3275681403732694,0.6666666666666666,0.6666666666666666,0.6424357194520678,9.498602646711013e-08,0.9879392719915182,0.124877824110336,9.498602646711013e-08,0.8461446963690744,0.0949771946659785,True,0.4459134594613231,0.4557387212957303,,,,,"{""G_DoF"": 1, ""G_DoF_bridge"": 2, ""G_OF"": 6}",,,,,False,0.4913015463917525,"{""harmonic_anchor"": 45, ""motion_timing_track_preserved"": 18}","{""harmonic_anchor"": 45, ""motion_timing_track_preserved"": 18}",{},{},0.0103589382013195,0.62153629207917,0.204175073833033,0.6921036599778161,0.6666666666666666,0.8461446963690744,0.9999999050139735,0.828329438673587,0.0949771946659785,0.6397214150620396,bounded_or_no_clear_room
mahnob_2236,2.43,2.66,2.39,2.75,2.79,3.15,2.61,0.2360581542744602,0.2461408787952516,0.2410037980308033,0.2323501724963219,0.2180893561101128,0.2266619444883569,0.2368462341892227,external_output_rate_t,2.43,2.75,0.31999999999999984,mahnob_2236.pkl,parh_ossm,True,False,,False,candidate_rate_posterior_final,bounded_correction_to_existing_readout,target_computable_downshift_specificity,1.0,0.1626054392029579,0.1981517825325711,1.0,0.2390852390852391,0.0,0.0,0.0,0.0005664789586206,0.845290823750813,0.0005664789586206,0.0864411663858314,0.0,0.0,0.0,0.0,0.1893239188974265,0.8906587578311839,0.2642867880476791,0.6666666666666666,0.6666666666666666,0.7160970435495084,1.3529618865314427e-09,0.9823238339585108,0.1544561738772134,1.3529618865314427e-09,0.8407066408231509,0.0952110785623444,True,0.415704508542379,0.6805939980765452,,,,,"{""G_DoF"": 10}",,,,,False,0.4227304227304227,"{""harmonic_anchor"": 48, ""motion_timing_track_preserved"": 20, ""stable_track_blend"": 1}","{""harmonic_anchor"": 48, ""motion_timing_track_preserved"": 20, ""stable_track_blend"": 1}",{},{},0.019478934306894707,1.1687360584136823,0.1626054392029579,0.6339946930794189,0.6666666666666666,0.8407066408231509,0.9999999986470381,0.7017609626813958,0.0952110785623444,0.6042112827490568,bounded_or_no_clear_room
mahnob_2238,1.81,1.95,2.25,2.04,2.42,2.22,2.11,0.22793244908099,0.2330160545227964,0.2458308659571194,0.2263879034729644,0.2157666786677761,0.2256253336840515,0.2274973101605926,external_output_rate_t,1.81,2.04,0.22999999999999998,mahnob_2238.pkl,parh_ossm,True,False,,False,candidate_rate_posterior_final,bounded_correction_to_existing_readout,target_computable_downshift_specificity,1.0,0.1547850848662154,0.2002069163882434,1.0,0.2988505747126437,0.0,0.0,0.0985221674876847,0.0086076788243882,0.8399176411352131,0.0086076788243882,0.080095552259228,0.0,0.0,0.0,0.0,0.1789679654516894,0.9244868675143294,0.1518758411012057,1.0,1.0,0.8452353016630902,0.0015130963451086,0.9834210116430496,0.1978839174549073,0.0015130963451086,0.8523012009962483,0.0542978327730078,True,0.3975023916430598,0.5355257313564262,,,,,"{""G_DoF"": 7, ""G_DoF_bridge"": 1}",,,,,False,0.3004926108374384,"{""harmonic_anchor"": 40, ""motion_timing_track_preserved"": 16}","{""harmonic_anchor"": 40, ""motion_timing_track_preserved"": 16}",{},{},0.007390720838744896,0.4434432503246938,0.1547850848662154,0.2889652886043241,1.0,0.8523012009962483,0.9984869036548913,0.8742606313957697,0.0542978327730078,0.6061038244973658,bounded_or_no_clear_room
mahnob_2240,1.91,1.55,2.15,2.01,1.86,2.27,2.29,0.2345389211218344,0.2261693986994092,0.2246513321581086,0.2333547285787705,0.2318939343098874,0.2405934643919582,0.2418292664009943,external_rate_posterior_mean_t,1.55,2.01,0.45999999999999974,mahnob_2240.pkl,parh_ossm,True,False,,False,candidate_rate_posterior_final,bounded_correction_to_existing_readout,target_computable_downshift_specificity,1.0,0.1465417363065107,0.1668591393419413,1.0,0.0884570765661253,0.0,0.0,0.0884570765661253,1.5208795022504105e-11,0.7350625921667795,1.5208795022504105e-11,0.1416249844942984,0.0,0.0,0.0,0.0,0.1368737719553363,0.949397148756922,0.1442605332586834,0.6666666666666666,0.6666666666666666,0.6112256140679456,4.86018546289752e-17,0.8850806602366416,0.1607901633258515,4.86018546289752e-17,0.7424976043136697,0.1272507187058991,True,0.4739747309060806,0.6450574874903977,,,,,"{""G_DoF"": 9, ""G_OF"": 1}",,,,,False,0.0,"{""harmonic_anchor"": 50, ""motion_timing_track_preserved"": 20}","{""harmonic_anchor"": 50, ""motion_timing_track_preserved"": 20}",{},{},0.015659867701585117,0.939592062095107,0.1465417363065107,0.23469407209552454,0.6666666666666666,0.7424976043136697,1.0,0.7522211864960469,0.1272507187058991,0.5074459359217978,bounded_or_no_clear_room
mahnob_2242,5.41,5.19,5.29,5.15,5.1,4.89,5.38,0.25308435310613,0.2532361253481164,0.2509335075735409,0.2481235397954233,0.2525137533389262,0.2474211835402242,0.2548338433208189,native_smoothed_track_hz,4.89,5.15,0.2600000000000007,mahnob_2242.pkl,parh_ossm,True,False,,False,candidate_rate_posterior_final,bounded_correction_to_existing_readout,target_computable_downshift_specificity,1.0,0.1964429584699342,0.1848370635682362,1.0,0.0,0.0,0.0,0.0,1.1803926729374649e-07,0.7753492866379218,1.1803926729374649e-07,0.0905818383484534,0.0,0.0,0.0,0.0,0.1831344815381845,0.9627613005938588,0.2006557089802229,1.0,1.0,0.6371465829440214,4.137104879510023e-09,0.982294531969816,0.1374391636122633,4.137104879510023e-09,0.8287441949999514,0.0711551650959394,True,0.3541713442183833,0.2072261605417136,,,,,"{""G_DoF"": 6, ""G_DoF_bridge"": 1}",,,,,False,0.2556910569105691,"{""harmonic_anchor"": 35, ""motion_timing_track_preserved"": 14}","{""harmonic_anchor"": 35, ""motion_timing_track_preserved"": 14}",{},{},0.007412659780594688,0.4447595868356813,0.1964429584699342,0.38566879540939103,1.0,0.8287441949999514,0.9999999958628951,0.8739119672459836,0.0711551650959394,0.6308318075437931,likely_video_or_reference_limited
mahnob_2244,2.21,3.48,3.3,3.29,4.55,4.74,3.99,0.2191123647828277,0.2451817847804849,0.237882635833812,0.2458329265296846,0.2595590267457872,0.2637471342476093,0.2549252645229853,external_output_rate_t,2.21,3.29,1.08,mahnob_2244.pkl,parh_ossm,True,False,,False,candidate_rate_posterior_final,bounded_correction_to_existing_readout,target_computable_downshift_specificity,1.0,0.1025049569808672,0.0678430037396906,1.0,0.4359634076615208,0.0,0.0,0.1743853630646083,1.207099533193894e-12,0.7708648358622783,1.207099533193894e-12,0.1357716609358408,0.0,0.0,0.0,0.0,0.1295029599080504,0.9736785262556672,0.1153015732324721,0.6666666666666666,0.6666666666666666,0.6353186760635132,1.1849517270261085e-13,0.9604264115204758,0.1135443267232409,1.1849517270261085e-13,0.8134213841691299,0.1113977867549649,True,0.4100485106403581,0.7774891359707927,,,,,"{""G_DoF"": 8, ""G_DoF_bridge"": 2}",,,,,False,0.2158376214979988,"{""harmonic_anchor"": 49, ""motion_timing_track_preserved"": 20}","{""harmonic_anchor"": 49, ""motion_timing_track_preserved"": 20}",{},{},0.04463476946478162,2.6780861678868972,0.1025049569808672,0.12930139211524116,0.6666666666666666,0.8134213841691299,0.9999999999998815,0.4441729510539393,0.1113977867549649,0.45677724172351425,source_selection_room_agreement_available
mahnob_2246,1.82,1.66,1.72,2.04,2.44,2.43,1.93,0.1876182650786405,0.2035827604406803,0.1779579394177043,0.2187040233163117,0.2231735007213802,0.235092748661666,0.227510063019618,external_rate_posterior_mean_t,1.66,2.04,0.3800000000000001,mahnob_2246.pkl,parh_ossm,True,False,,False,candidate_rate_posterior_final,bounded_correction_to_existing_readout,target_computable_downshift_specificity,1.0,0.1317048907479222,0.1607073214280698,1.0,0.268249780123131,0.0,0.0,0.0,6.408116986425835e-12,0.7677458908609698,6.408116986425835e-12,0.1196762327452335,0.0,0.0,0.0,0.0,0.1347052016342699,0.93684360556026,0.0826305209237891,0.6666666666666666,0.6666666666666666,0.5681690310052723,6.5561940813621474e-18,0.9620728154265848,0.0909048961603146,6.5561940813621474e-18,0.7890330844568849,0.1132900746629348,True,0.4156628493124122,0.483372572202416,,,,,"{""G_DoF"": 3, ""G_OF"": 2, ""G_OF_bridge"": 1}",,,,,False,0.0,"{""harmonic_anchor"": 30, ""motion_timing_track_preserved"": 12}","{""harmonic_anchor"": 30, ""motion_timing_track_preserved"": 12}",{},{},0.0474744835830255,2.84846901498153,0.1317048907479222,0.07733136730701395,0.6666666666666666,0.7890330844568849,1.0,0.42182175791421056,0.1132900746629348,0.44760062714204363,bounded_or_no_clear_room
mahnob_2248,4.39,5.42,7.14,5.41,5.59,6.13,6.24,0.2580504664667303,0.2803176859165154,0.3029406292594102,0.2695244205968846,0.2792631044615725,0.283963438578921,0.290574873097894,external_output_rate_t,4.39,5.41,1.0200000000000005,mahnob_2248.pkl,parh_ossm,True,False,,False,candidate_rate_posterior_final,bounded_correction_to_existing_readout,target_computable_downshift_specificity,1.0,0.1755084892388301,0.1800249415259539,1.0,0.0918813074258171,0.0,0.0,0.0,0.0020284584189459,0.8014803795373061,0.0020284584189459,0.1002959329844021,0.0,0.0,0.0,0.0,0.1611005409194821,0.9394631949807964,0.0733673929038245,0.6666666666666666,0.6666666666666666,0.5644744964015397,5.415810425334898e-10,0.9803762089921264,0.0019580622157407,5.415810425334898e-10,0.8192300371153248,0.1035228251436734,True,0.4495931333436494,0.5083419515737839,,,,,"{""G_DoF_bridge"": 1, ""G_OF"": 8}",,,,,False,0.2649495405934629,"{""harmonic_anchor"": 45, ""motion_timing_track_preserved"": 18}","{""harmonic_anchor"": 45, ""motion_timing_track_preserved"": 18}",{},{},0.03252440663116368,1.951464397869821,0.1755084892388301,0.07275691320309996,0.6666666666666666,0.8192300371153248,0.999999999458419,0.5535778713005373,0.1035228251436734,0.4763185150520755,source_selection_room_agreement_available
mahnob_2250,4.42,3.68,4.81,4.36,3.89,4.46,4.08,0.2683805859673371,0.2489387785954203,0.2671379159804538,0.2649690983873093,0.2566343804095177,0.2642838137935952,0.2675037653223086,external_rate_posterior_mean_t,3.68,4.36,0.6800000000000002,mahnob_2250.pkl,parh_ossm,True,False,,False,candidate_rate_posterior_final,bounded_correction_to_existing_readout,target_computable_downshift_specificity,1.0,0.1942495259263272,0.213783496930369,1.0,0.0,0.0,0.0,0.0,1.3383310594300606e-05,0.8435895274461365,1.3383310594300606e-05,0.0586877760145094,0.12663060769965,0.0,0.12663060769965,0.0,0.2110697611305942,0.879205148227336,0.2074844641366069,1.0,1.0,0.714985562218594,7.201740405079244e-10,0.9872338185642502,0.1148544205234839,7.201740405079244e-10,0.830405328722343,0.0535357280992249,True,0.3847142341325567,0.3460431836446735,,,,,"{""G_DoF"": 1, ""G_DoF_bridge"": 8}",,,,,False,0.6792873051224945,"{""harmonic_anchor"": 45, ""motion_timing_track_preserved"": 18}","{""harmonic_anchor"": 45, ""motion_timing_track_preserved"": 18}",{},{},0.01944180737191681,1.1665084423150085,0.1942495259263272,0.4935910803744519,1.0,0.830405328722343,0.999999999279826,0.7022348359427175,0.0535357280992249,0.6367113075411468,bounded_or_no_clear_room
mahnob_2342,5.04,4.05,5.2,4.89,4.28,5.01,4.08,0.2726745659534897,0.2620599076928873,0.2814557938654644,0.2725025627710201,0.2581305645626736,0.2726680451585823,0.2633251438913762,external_rate_posterior_mean_t,4.05,4.89,0.8399999999999999,mahnob_2342.pkl,parh_ossm,True,False,,False,candidate_rate_posterior_final,bounded_correction_to_existing_readout,target_computable_downshift_specificity,1.0,0.1534317241666012,0.1655694753557293,1.0,0.1910789632308619,0.0,0.0,0.0440024110910186,7.444515223125036e-06,0.7200644907641356,7.444515223125036e-06,0.1406548277555677,0.0,0.0,0.0,0.0,0.1505634473031314,0.9396116274066354,0.1375022561998549,0.6666666666666666,0.6666666666666666,0.5756606145470995,1.2694792499067684e-08,0.8777046592234907,0.0113864858421227,1.2694792499067684e-08,0.7327686596592209,0.1515417677877871,True,0.4102048711555736,0.4271786416381762,,,,,"{""G_DoF_bridge"": 7, ""G_OF"": 5}",,,,,False,0.2206148282097649,"{""harmonic_anchor"": 60, ""motion_timing_track_preserved"": 24}","{""harmonic_anchor"": 60, ""motion_timing_track_preserved"": 24}",{},{},0.010614658260602428,0.6368794956361457,0.1534317241666012,0.22863226660359184,0.6666666666666666,0.7327686596592209,0.9999999873052074,0.8244870970272626,0.1515417677877871,0.5112942143309805,source_selection_room_agreement_available
mahnob_2344,2.99,2.33,3.37,2.55,2.49,2.39,2.87,0.2801112089686977,0.2723923133954179,0.2931461826643619,0.2679357298007394,0.2313777776503586,0.2555654742974446,0.2745876752556024,external_rate_posterior_mean_t,2.33,2.55,0.21999999999999975,mahnob_2344.pkl,parh_ossm,True,False,,False,candidate_rate_posterior_final,bounded_correction_to_existing_readout,target_computable_downshift_specificity,1.0,0.2157530313002877,0.2176974296083808,1.0,0.0,0.0,0.0,0.0,5.95528715011457e-08,0.8250829942681325,5.95528715011457e-08,0.0861088359616003,0.0532781585413164,0.0532781585413164,0.0,0.0,0.2273511147661293,0.8565761079245653,0.2274749303529277,0.6666666666666666,0.6666666666666666,0.7532363437758176,4.347827723435836e-10,0.9929272641281752,0.0811856965633936,4.347827723435836e-10,0.8317180961056067,0.0974332019354468,True,0.4096428091786701,0.273207012031289,,,,,"{""G_DoF_bridge"": 6, ""G_OF"": 5}",,,,,False,0.8677098150782361,"{""harmonic_anchor"": 55, ""motion_timing_track_preserved"": 22}","{""harmonic_anchor"": 55, ""motion_timing_track_preserved"": 22}",{},{},0.024545734671253094,1.4727440802751857,0.2157530313002877,0.5744501734992118,0.6666666666666666,0.8317180961056067,0.9999999995652172,0.6400006513261203,0.0974332019354468,0.5978427518146052,bounded_or_no_clear_room
mahnob_2346,2.27,1.44,2.57,2.91,2.36,3.41,3.16,0.2316496477097347,0.2244722227038374,0.2391824109832129,0.2440100224141402,0.2365719810605082,0.2564105627508747,0.2549583860396833,external_rate_posterior_mean_t,1.44,2.91,1.4700000000000002,mahnob_2346.pkl,parh_ossm,True,False,,False,candidate_rate_posterior_final,bounded_correction_to_existing_readout,target_computable_downshift_specificity,1.0,0.106724514046532,0.1477965590873744,1.0,0.3357182168409466,0.0,0.0,0.1607044578976334,1.4490594635324747e-11,0.7884279602153051,1.4490594635324747e-11,0.1349368516009242,0.0839295542102366,0.0,0.0839295542102366,0.0,0.1454139564969988,0.9425454881599288,0.1019526170017893,0.5,0.5,0.6925244587862116,1.0441388126812367e-16,0.8738965064478055,0.3384358731789861,1.0441388126812367e-16,0.7983243652637217,0.1269497920929399,True,0.4609460285343713,0.5998160263607727,,,,,"{""G_DoF"": 8, ""G_DoF_bridge"": 2}",,,,,False,0.1678591084204733,"{""harmonic_anchor"": 50, ""motion_timing_track_preserved"": 20}","{""harmonic_anchor"": 50, ""motion_timing_track_preserved"": 20}",{},{},0.0319383400470373,1.916300402822238,0.106724514046532,0.12690699989439153,0.5,0.7983243652637217,0.9999999999999999,0.5595082020312575,0.1269497920929399,0.4400670242739013,source_selection_room_agreement_available
mahnob_2348,2.18,2.13,2.95,2.39,2.58,3.07,2.75,0.2550113187143059,0.2533423367228753,0.2739059098571442,0.2396085448300774,0.2177329879030279,0.2269563434943959,0.2289500748806521,external_rate_posterior_mean_t,2.13,2.39,0.26000000000000023,mahnob_2348.pkl,parh_ossm,True,False,,False,candidate_rate_posterior_final,bounded_correction_to_existing_readout,target_computable_downshift_specificity,1.0,0.1719132182209457,0.1787599918759082,1.0,0.0,0.0,0.0,0.0538051381483276,0.0494138846942766,0.7533484371742896,0.0494138846942766,0.1588869753029883,0.0,0.0,0.0,0.0,0.151865608342394,0.9274685918938744,0.2066510121620703,0.6666666666666666,0.6666666666666666,0.7629849868254659,9.76187323239456e-05,0.9637713889874782,0.0294414421719154,9.76187323239456e-05,0.8175269860433708,0.1391569411497799,True,0.3531197025332146,0.6004466500226598,,,,,"{""G_DoF_bridge"": 10, ""G_OF"": 5}",,,,,False,0.118274357731459,"{""harmonic_anchor"": 75, ""motion_timing_track_preserved"": 29}","{""harmonic_anchor"": 75, ""motion_timing_track_preserved"": 29}",{},{},0.02805497521990999,1.6832985131945994,0.1719132182209457,0.43119481322029773,0.6666666666666666,0.8175269860433708,0.999902381267676,0.6004412613134155,0.1391569411497799,0.5479601043123166,bounded_or_no_clear_room
mahnob_2350,3.16,2.29,2.81,2.4,1.97,2.18,2.16,0.2273285371531288,0.2498037832406669,0.2475057715343302,0.239529693206739,0.2474627388072339,0.250168970675619,0.2366835061330411,state_freq_t,2.16,2.4,0.23999999999999977,mahnob_2350.pkl,parh_ossm,True,False,,False,candidate_rate_posterior_final,bounded_correction_to_existing_readout,target_computable_downshift_specificity,1.0,0.1032408320922667,0.1600840500067832,1.0,0.3725570870191318,0.0,0.0,0.2470685044229582,2.936828316694621e-07,0.8178304851757674,2.936828316694621e-07,0.1266244152148667,0.0,0.0,0.0,0.0,0.1240453488269707,0.956909120669845,0.0629020457551014,0.6666666666666666,0.6666666666666666,0.4917837175446794,9.89822561773012e-11,0.983065083623288,0.0168618725983389,9.89822561773012e-11,0.7852092266475876,0.1178834333411962,True,0.3894929563469165,0.6284444221359233,,,,,"{""G_DoF"": 4, ""G_DoF_bridge"": 1, ""G_OF"": 1}",,,,,False,0.0,"{""harmonic_anchor"": 30, ""motion_timing_track_preserved"": 12}","{""harmonic_anchor"": 30, ""motion_timing_track_preserved"": 12}",{},{},0.022840433522490183,1.3704260113494109,0.1032408320922667,0.04789994909554911,0.6666666666666666,0.7852092266475876,0.9999999999010177,0.6601550089448259,0.1178834333411962,0.45739873938483033,bounded_or_no_clear_room
mahnob_2352,2.16,2.17,3.14,2.19,2.17,2.37,1.58,0.2635419173519272,0.2580352700276517,0.2903016207129099,0.2427972593582115,0.2474212050613308,0.239986266304905,0.2591124249912249,state_freq_t,1.58,2.19,0.6099999999999999,mahnob_2352.pkl,parh_ossm,True,False,,False,candidate_rate_posterior_final,bounded_correction_to_existing_readout,target_computable_downshift_specificity,1.0,0.2049820403701304,0.1985336716024011,1.0,0.0,0.0,0.0,0.0,0.0048747016063688,0.7843314384355871,0.0048747016063688,0.0973290240712736,0.0,0.0,0.0,0.0,0.2061870823095308,0.8696801632429231,0.1903649237613923,0.6666666666666666,0.6666666666666666,0.5843212939879092,8.298581002672475e-10,0.982386402582954,0.0013196590555059,8.298581002672475e-10,0.8050256571899795,0.1044885681767196,True,0.3711566438218371,0.3439765264185477,,,,,"{""G_DoF"": 1, ""G_DoF_bridge"": 2, ""G_OF"": 8}",,,,,False,0.4927302100161551,"{""harmonic_anchor"": 55, ""motion_timing_track_preserved"": 22}","{""harmonic_anchor"": 55, ""motion_timing_track_preserved"": 22}",{},{},0.02355565104702223,1.4133390628213338,0.2049820403701304,0.45506079356281187,0.6666666666666666,0.8050256571899795,0.9999999991701419,0.6516259588033945,0.1044885681767196,0.5677252563217807,bounded_or_no_clear_room
mahnob_2354,2.69,2.01,3.15,2.74,2.83,3.09,2.66,0.278998062658226,0.2696675333442347,0.2807136333322497,0.2758141926531264,0.2735525395682391,0.27320287332651,0.2824893155622723,external_rate_posterior_mean_t,2.01,2.74,0.7300000000000004,mahnob_2354.pkl,parh_ossm,True,False,,False,candidate_rate_posterior_final,bounded_correction_to_existing_readout,target_computable_downshift_specificity,1.0,0.2034579458823973,0.2145750927231069,1.0,0.0,0.0,0.0,0.0710323071902534,3.5012777972564576e-08,0.8176755268922161,3.5012777972564576e-08,0.081802986350082,0.0,0.0,0.0,0.0,0.212415912300348,0.8759479093238731,0.3056660510139681,1.0,1.0,0.663046284683687,2.1620741529143523e-10,0.9951184600230304,0.0250559120924469,2.1620741529143523e-10,0.8280461388769021,0.0740666716688031,True,0.4062339816690296,0.4677610406460187,,,,,"{""G_DoF_bridge"": 6, ""G_OF"": 8}",,,,,False,0.4644838464048733,"{""harmonic_anchor"": 70, ""motion_timing_track_preserved"": 28}","{""harmonic_anchor"": 70, ""motion_timing_track_preserved"": 28}",{},{},0.012821782218037592,0.7693069330822555,0.2034579458823973,0.6965352731361965,1.0,0.8280461388769021,0.9999999997837926,0.7920558966694917,0.0740666716688031,0.6861773843970117,bounded_or_no_clear_room
mahnob_2356,2.04,1.87,2.16,1.76,2.22,1.75,1.45,0.2397002360576816,0.2438578272464118,0.238414160197993,0.2144180718329953,0.2204696874620945,0.2092218969373236,0.2180440665648931,state_freq_t,1.45,1.76,0.31000000000000005,mahnob_2356.pkl,parh_ossm,True,False,,False,candidate_rate_posterior_final,bounded_correction_to_existing_readout,target_computable_downshift_specificity,1.0,0.2301942862288044,0.2279850968493348,1.0,0.0,0.0,0.0,0.0,0.0,0.5027479777500558,0.0,0.1491756066749832,0.0,0.0,0.0,0.0,0.2773984037478657,0.8235070090929619,0.2614066763716534,1.0,1.0,0.6744482084862122,0.0,0.35,0.13280562404809,0.0,0.4905769560881753,0.1528269131735474,True,0.3995984544792886,0.937330885143164,,,,,"{""G_DoF"": 12}",,,,,False,0.8538221902707884,"{""motion_timing_track_preserved"": 24}","{""motion_timing_track_preserved"": 24}",{},{},0.03463593030908821,2.0781558185452926,0.2301942862288044,0.7108410316786579,1.0,0.4905769560881753,1.0,0.5327280621079379,0.1528269131735474,0.611293436199598,bounded_or_no_clear_room
mahnob_2358,2.0,2.21,3.25,3.21,3.62,4.92,4.41,0.2649138953431256,0.2607310526177359,0.266417395277382,0.278323489618319,0.2857065033621236,0.30534858606349,0.295603696271829,external_output_rate_t,2.0,3.21,1.21,mahnob_2358.pkl,parh_ossm,True,False,,False,candidate_rate_posterior_final,bounded_correction_to_existing_readout,target_computable_downshift_specificity,1.0,0.1474758435441881,0.1773127045395765,1.0,0.0316362399365007,0.0,0.0,0.1008050799410364,1.1778670515067284e-09,0.7801359381345766,1.1778670515067284e-09,0.1300805229287016,0.2075065200136069,0.0,0.2075065200136069,0.0,0.1665386602878754,0.9211250551987358,0.1606775416903161,0.6666666666666666,0.6666666666666666,0.5680875615832629,5.1250189930545846e-14,0.9359121390802928,0.0106643856181994,5.1250189930545846e-14,0.7627387446288082,0.1290210120628001,True,0.4193363424432201,0.6522021934760496,,,,,"{""G_DoF"": 9, ""G_DoF_bridge"": 3, ""G_OF"": 1}",,,,,False,0.0691688400045356,"{""harmonic_anchor"": 65, ""motion_timing_track_preserved"": 26}","{""harmonic_anchor"": 65, ""motion_timing_track_preserved"": 26}",{},{},0.04461753344575414,2.6770520067452486,0.1474758435441881,0.31404591650720853,0.6666666666666666,0.7627387446288082,0.9999999999999487,0.4443121687476229,0.1290210120628001,0.4956180715502846,source_selection_room_agreement_available
mahnob_2360,2.57,2.38,3.3,2.6,2.92,2.61,2.75,0.2535158276189193,0.2379890635078045,0.2664136453222704,0.2534913314556278,0.2491615174390121,0.2535187735255427,0.2546703954074785,external_rate_posterior_mean_t,2.38,2.6,0.2200000000000002,mahnob_2360.pkl,parh_ossm,True,False,,False,candidate_rate_posterior_final,bounded_correction_to_existing_readout,target_computable_downshift_specificity,1.0,0.2060794456926447,0.205291108091212,1.0,0.0,0.0,0.0,0.0,4.101981095036146e-08,0.853742722723114,4.101981095036146e-08,0.0438772057439618,0.0,0.0,0.0,0.0,0.1924066604041058,0.926506994034524,0.1539797982578484,1.0,1.0,0.7157443249232363,3.396603503209088e-11,0.9910657262158198,0.2140066661422751,3.396603503209088e-11,0.85736535010866,0.0427903949731784,True,0.4022077724820335,0.4729720983833875,,,,,"{""G_DoF"": 6, ""G_DoF_bridge"": 2}",,,,,False,0.1773432231962238,"{""harmonic_anchor"": 39, ""motion_timing_track_preserved"": 16}","{""harmonic_anchor"": 39, ""motion_timing_track_preserved"": 16}",{},{},0.016681331899673996,1.0008799139804396,0.2060794456926447,0.2954187832553803,1.0,0.85736535010866,0.999999999966034,0.738379806633326,0.0427903949731784,0.6087673617514561,bounded_or_no_clear_room
mahnob_2362,2.76,2.83,3.06,2.44,1.79,2.46,2.49,0.2546523669827784,0.2454089074470971,0.2527106464957252,0.2271982008934678,0.2159063247293128,0.2232993716361299,0.2273774037808039,final_track_hz,2.44,2.44,0.0,mahnob_2362.pkl,parh_ossm,True,False,,False,candidate_rate_posterior_final,bounded_correction_to_existing_readout,target_computable_downshift_specificity,1.0,0.2009925151682386,0.1968612306892191,1.0,0.0,0.0,0.0,0.0,6.491640950361114e-05,0.7735240996763773,6.491640950361114e-05,0.0954287673861278,0.0,0.0,0.0,0.0,0.1854370162366808,0.8888239526462859,0.1667733688289001,0.6666666666666666,0.6666666666666666,0.7343639670204312,6.747824474491995e-08,0.9623878703830476,0.0796100127063139,6.747824474491995e-08,0.8156601833506116,0.1029480804041788,True,0.3937972209404236,0.4114168625112179,,,,,"{""G_DoF_bridge"": 6, ""G_OF"": 3}",,,,,False,0.2789634146341463,"{""harmonic_anchor"": 44, ""motion_timing_track_preserved"": 18}","{""harmonic_anchor"": 44, ""motion_timing_track_preserved"": 18}",{},{},0.03135299534664848,1.881179720798909,0.2009925151682386,0.36689021488052553,0.6666666666666666,0.8156601833506116,0.9999999325217552,0.5654946405431471,0.1029480804041788,0.5422298451629166,bounded_or_no_clear_room
mahnob_2364,2.16,1.89,1.43,2.16,2.28,2.2,1.65,0.2738092900010216,0.2601876738889006,0.281314848501686,0.257497713802957,0.2623465504656446,0.2564208577207665,0.271921508007719,state_freq_t,1.65,2.16,0.5100000000000002,mahnob_2364.pkl,parh_ossm,True,False,,False,candidate_rate_posterior_final,bounded_correction_to_existing_readout,target_computable_downshift_specificity,1.0,0.1380972381124839,0.1718513018011725,1.0,0.3380871182762362,0.0,0.0,0.0,2.5398413853393663e-05,0.8332769344616122,2.5398413853393663e-05,0.0878127333544692,0.0,0.0,0.0,0.0,0.1707553130353855,0.9594216994551232,0.0897717163937872,0.6666666666666666,0.6666666666666666,0.603131510617522,8.506679412228642e-10,0.987557517946712,0.064815783177803,8.506679412228642e-10,0.8262371177700972,0.1017371160192299,True,0.4702753191871283,0.5011598809755047,,,,,"{""G_DoF"": 5, ""G_DoF_bridge"": 4}",,,,,False,0.1891179662067896,"{""harmonic_anchor"": 45, ""motion_timing_track_preserved"": 18}","{""harmonic_anchor"": 45, ""motion_timing_track_preserved"": 18}",{},{},0.017388432280255106,1.0433059368153064,0.1380972381124839,0.08160158323486864,0.6666666666666666,0.8262371177700972,0.999999999149332,0.7289476835790637,0.1017371160192299,0.4875012504689924,bounded_or_no_clear_room
mahnob_2366,4.3,4.26,4.83,4.2,4.26,4.37,4.56,0.2540886640044153,0.244715918435015,0.260897055321018,0.2446520816790709,0.2430965706985204,0.244207437723803,0.2557958448057423,final_track_hz,4.2,4.2,0.0,mahnob_2366.pkl,parh_ossm,True,False,,False,candidate_rate_posterior_final,bounded_correction_to_existing_readout,target_computable_downshift_specificity,1.0,0.1862675741958978,0.1870734321734023,1.0,0.1223916532905297,0.0,0.0,0.0,4.649676778143943e-10,0.8284822926652975,4.649676778143943e-10,0.0783268359967656,0.0,0.0,0.0,0.0,0.2030952389469036,0.893948761018152,0.1335436899564767,0.6666666666666666,0.6666666666666666,0.8645233324540469,3.8109071909516636e-14,0.9049105998939844,0.3738832314167606,3.8109071909516636e-14,0.8200675128110092,0.0962955233389915,True,0.4350710177370643,0.5034483325293364,,,,,"{""G_DoF"": 6, ""G_DoF_bridge"": 1}",,,,,False,0.3671749598715891,"{""harmonic_anchor"": 35, ""motion_timing_track_preserved"": 14}","{""harmonic_anchor"": 35, ""motion_timing_track_preserved"": 14}",{},{},0.011588407081939311,0.6953044249163587,0.1862675741958978,0.2739154341515396,0.6666666666666666,0.8200675128110092,0.9999999999999619,0.8100184040043751,0.0962955233389915,0.5457323953674664,likely_video_or_reference_limited
mahnob_2368,1.95,1.79,2.25,1.86,1.66,1.57,2.46,0.2523170844599184,0.2449317195293409,0.2585772640441537,0.2372203584057361,0.2269738152721596,0.2354102940145008,0.2163759069525783,native_smoothed_track_hz,1.57,1.86,0.29000000000000004,mahnob_2368.pkl,parh_ossm,True,False,,False,candidate_rate_posterior_final,bounded_correction_to_existing_readout,target_computable_downshift_specificity,1.0,0.167455678773172,0.1565521519529443,1.0,0.0557398805573988,0.0,0.0,0.0,5.517948032937998e-06,0.8339485929561045,5.517948032937998e-06,0.0982698144707957,0.0,0.0,0.0,0.0,0.1475294552915472,0.9297337856565806,0.0927113536194794,0.6666666666666666,0.6666666666666666,0.6482331309410185,8.3593194107032e-10,0.9762614257068044,0.1986114874776662,8.3593194107032e-10,0.8351055491978138,0.1047444744492681,True,0.4348484764589859,0.4669180069567539,,,,,"{""G_DoF"": 3, ""G_DoF_bridge"": 2, ""G_OF"": 1}",,,,,False,0.0,"{""harmonic_anchor"": 29, ""motion_timing_track_preserved"": 12}","{""harmonic_anchor"": 29, ""motion_timing_track_preserved"": 12}",{},{},0.035941177507340105,2.156470650440406,0.167455678773172,0.11472832785529716,0.6666666666666666,0.8351055491978138,0.999999999164068,0.5202343193964036,0.1047444744492681,0.4816244020133482,bounded_or_no_clear_room
mahnob_2370,2.62,1.72,2.3,2.15,1.59,1.65,2.03,0.230269266490089,0.2182163826941339,0.2554485132979575,0.2314790908398047,0.2380534741677511,0.2318059268655707,0.2307420389761548,native_smoothed_track_hz,1.65,2.15,0.5,mahnob_2370.pkl,parh_ossm,True,False,,False,candidate_rate_posterior_final,bounded_correction_to_existing_readout,target_computable_downshift_specificity,1.0,0.1781942892902784,0.1703548380751823,1.0,0.0,0.0,0.0,0.0,0.0001246730388023,0.8122639983939365,0.0001246730388023,0.0959783936912706,0.0,0.0,0.0,0.0,0.1539943545791698,0.956064874047798,0.1881775912242869,0.6666666666666666,0.6666666666666666,0.5354114415567703,2.998375468911494e-09,0.9895516606540058,0.005978755540394,2.998375468911494e-09,0.8109754854679803,0.1048469909081523,True,0.3939686664123559,0.6044805692668702,,,,,"{""G_DoF"": 2, ""G_DoF_bridge"": 1, ""G_OF"": 7}",,,,,False,0.0,"{""harmonic_anchor"": 50, ""motion_timing_track_preserved"": 20}","{""harmonic_anchor"": 50, ""motion_timing_track_preserved"": 20}",{},{},0.01358954417143679,0.8153726502862074,0.1781942892902784,0.3522223727348249,0.6666666666666666,0.8109754854679803,0.9999999970016246,0.7810761573387605,0.1048469909081523,0.5542622858830362,bounded_or_no_clear_room
mahnob_2372,5.41,4.35,6.08,4.85,4.67,4.42,4.81,0.263425462255176,0.2456139996784889,0.2791207122250324,0.241387426765347,0.2444895059444358,0.2354952130183936,0.2461105444405312,external_rate_posterior_mean_t,4.35,4.85,0.5,mahnob_2372.pkl,parh_ossm,True,False,,False,candidate_rate_posterior_final,bounded_correction_to_existing_readout,target_computable_downshift_specificity,1.0,0.0790232058874241,0.072565475010418,1.0,0.0,0.0,0.0,0.5047361299052774,1.9735284148512052e-05,0.8372064945733778,1.9735284148512052e-05,0.1362301622910046,0.3396481732070365,0.0,0.3396481732070365,0.0,0.1356730517879247,0.9646183319253184,0.2179899355920639,0.3333333333333333,0.3333333333333333,0.7501705575259774,1.5745757358981304e-05,0.9008659107475244,0.3472231323706838,1.5745757358981304e-05,0.8156057147173135,0.1553498290018207,True,0.3330817669224516,0.4387730855667324,,,,,"{""G_DoF"": 5}",,,,,False,0.0,"{""harmonic_anchor"": 25, ""motion_timing_track_preserved"": 10}","{""harmonic_anchor"": 25, ""motion_timing_track_preserved"": 10}",{},{},0.02793024923678239,1.6758149542069434,0.0790232058874241,0.42198860131044225,0.3333333333333333,0.8156057147173135,0.999984254242641,0.601804454173075,0.1553498290018207,0.4711374795950631,bounded_or_no_clear_room
mahnob_2374,2.96,2.17,2.17,2.33,1.86,1.67,2.33,0.2434551730667883,0.230788264179562,0.2205643632525995,0.2227033747903209,0.2036388471472528,0.2085153036776175,0.2342781792184775,native_smoothed_track_hz,1.67,2.33,0.6600000000000001,mahnob_2374.pkl,parh_ossm,True,False,,False,candidate_rate_posterior_final,bounded_correction_to_existing_readout,target_computable_downshift_specificity,1.0,0.1451040962145833,0.1798596486674865,1.0,0.2563242913745809,0.0,0.0,0.0,0.0046490222062014,0.798361061952801,0.0046490222062014,0.1000457667495026,0.0,0.0,0.0,0.0,0.1497339350953808,0.9736104842958172,0.1269276177394355,0.6666666666666666,0.6666666666666666,0.6180146887837711,1.446961503427682e-09,0.9858486743923464,0.0041607819257938,1.446961503427682e-09,0.8225271408422198,0.1016632252271196,True,0.4586277523123053,0.6773581339494841,,,,,"{""G_DoF"": 5, ""G_OF_bridge"": 4}",,,,,False,0.0,"{""harmonic_anchor"": 45, ""motion_timing_track_preserved"": 18}","{""harmonic_anchor"": 45, ""motion_timing_track_preserved"": 18}",{},{},0.03493986938917079,2.0963921633502474,0.1451040962145833,0.16538725150670658,0.6666666666666666,0.8225271408422198,0.9999999985530384,0.529792238282242,0.1016632252271196,0.4855454465697881,bounded_or_no_clear_room
mahnob_2376,2.38,1.77,2.89,1.9,1.53,1.92,2.16,0.2427630275601836,0.2326942876621473,0.2523032544271962,0.2385903748024105,0.219855560447466,0.2268821738608558,0.2394330892563482,external_rate_posterior_mean_t,1.77,1.9,0.1299999999999999,mahnob_2376.pkl,parh_ossm,True,False,,False,candidate_rate_posterior_final,bounded_correction_to_existing_readout,target_computable_downshift_specificity,1.0,0.1538363770151377,0.1647185765012775,1.0,0.1019896338404949,0.0,0.0,0.1019896338404949,0.0003259278827751,0.8409991526758158,0.0003259278827751,0.1146482612044799,0.1019896338404949,0.0,0.1019896338404949,0.0,0.1459541087708552,0.9137465061213216,0.1536249592267481,0.6666666666666666,0.6666666666666666,0.6311411136309621,2.585017674754903e-08,0.98623018345585,0.1993420451996457,2.585017674754903e-08,0.8265568141178434,0.1075424737955428,True,0.4241570289017343,0.3034464417955209,,,,,"{""G_DoF"": 3, ""G_DoF_bridge"": 3, ""G_OF"": 2}",,,,,False,0.0,"{""harmonic_anchor"": 40, ""motion_timing_track_preserved"": 16}","{""harmonic_anchor"": 40, ""motion_timing_track_preserved"": 16}",{},{},0.01588085369932779,0.9528512219596674,0.1538363770151377,0.29791295350640673,0.6666666666666666,0.8265568141178434,0.9999999741498232,0.7492048802140197,0.1075424737955428,0.5361914438370633,bounded_or_no_clear_room
mahnob_2378,1.37,1.38,1.54,1.49,2.1,1.82,1.27,0.2601512559423697,0.2618806855820612,0.2767400022918034,0.2666218227547086,0.2449706515131715,0.2664549187168022,0.2444961822627033,state_freq_t,1.27,1.49,0.21999999999999997,mahnob_2378.pkl,parh_ossm,True,False,,False,candidate_rate_posterior_final,bounded_correction_to_existing_readout,target_computable_downshift_specificity,1.0,0.2015835839827733,0.2038315519386442,1.0,0.0921171851404409,0.0,0.0,0.0,0.0001693671851552,0.8134213304159216,0.0001693671851552,0.0866066005258205,0.0,0.0,0.0,0.0,0.2055488136713488,0.935012715986954,0.1398382997942995,0.6666666666666666,0.6666666666666666,0.7596186886104528,1.3003630683529975e-06,0.9694433940562366,0.2381437211692128,1.3003630683529975e-06,0.834924791836272,0.1286865031867574,True,0.36483383308665,0.5390019852879171,,,,,"{""G_DoF_bridge"": 4, ""G_OF"": 5}",,,,,False,0.2763515554213228,"{""harmonic_anchor"": 45, ""motion_timing_track_preserved"": 18}","{""harmonic_anchor"": 45, ""motion_timing_track_preserved"": 18}",{},{},0.022125640492005272,1.3275384295203163,0.2015835839827733,0.2506523711816393,0.6666666666666666,0.834924791836272,0.9999986996369317,0.6687905329553692,0.1286865031867574,0.5297752969298628,bounded_or_no_clear_room
mahnob_2380,3.4,2.56,3.64,3.59,3.42,3.86,3.24,0.273784725422025,0.2531345260950486,0.2741559731407268,0.2828378648238817,0.2726345865685893,0.2840550135903928,0.2750973014204607,external_rate_posterior_mean_t,2.56,3.59,1.0299999999999998,mahnob_2380.pkl,parh_ossm,True,False,,False,candidate_rate_posterior_final,bounded_correction_to_existing_readout,target_computable_downshift_specificity,1.0,0.1574859755902883,0.18841155799105,1.0,0.0886370241208951,0.0,0.0,0.0,1.3571768099832177e-07,0.7922836700500746,1.3571768099832177e-07,0.0792429547526298,0.1772740482417902,0.0,0.1772740482417902,0.0,0.1920497345964195,0.9033226410622373,0.220983247675604,1.0,1.0,0.5708897671787653,5.742854257792424e-13,0.969041279229772,0.0756905699789481,5.742854257792424e-13,0.8165495250334045,0.0782867884107827,True,0.3929365120176774,0.518122842591838,,,,,"{""G_DoF_bridge"": 1, ""G_OF"": 9}",,,,,False,0.2654751525719268,"{""harmonic_anchor"": 50, ""motion_timing_track_preserved"": 20}","{""harmonic_anchor"": 50, ""motion_timing_track_preserved"": 20}",{},{},0.030920487495344207,1.8552292497206524,0.1574859755902883,0.5027912369649576,1.0,0.8165495250334045,0.9999999999994257,0.5699590962271239,0.0782867884107827,0.6115794008271223,source_selection_room_posterior_available
mahnob_24,2.68,2.77,2.56,2.48,2.85,2.11,2.86,0.2471792911737029,0.2468639082213895,0.2564913676148413,0.2526270173588102,0.250919900360413,0.2567267074439575,0.2537106643754002,native_smoothed_track_hz,2.11,2.48,0.3700000000000001,mahnob_24.pkl,parh_ossm,True,False,,False,candidate_rate_posterior_final,bounded_correction_to_existing_readout,target_computable_downshift_specificity,1.0,0.2238993999434347,0.2419248026134366,1.0,0.0,0.0,0.0,0.0,8.075243021105747e-09,0.8190338792012616,8.075243021105747e-09,0.075561289313414,0.0,0.0,0.0,0.0,0.2380242425484783,0.8766103671537862,0.3026689767520899,1.0,1.0,0.7888856624941614,2.5219155281446995e-10,0.9814259896812136,0.2314897850876296,2.5219155281446995e-10,0.8409267644479709,0.0477219824980065,True,0.4333337231975221,0.6050827702335633,,,,,"{""G_DoF"": 12}",,,,,False,0.6095428428678491,"{""harmonic_anchor"": 60, ""motion_timing_track_preserved"": 24}","{""harmonic_anchor"": 60, ""motion_timing_track_preserved"": 24}",{},{},0.00986279922256797,0.5917679533540782,0.2238993999434347,0.7009944813559096,1.0,0.8409267644479709,0.9999999997478084,0.8358353607211293,0.0477219824980065,0.7011240987087196,bounded_or_no_clear_room
mahnob_2472,2.33,3.13,1.95,2.01,2.63,1.7,2.31,0.2679477287689893,0.2628288988569019,0.2839732813542903,0.2814318520540912,0.2623163676784654,0.2828219160746636,0.2642865790819735,native_smoothed_track_hz,1.7,2.01,0.30999999999999983,mahnob_2472.pkl,parh_ossm,True,False,,False,candidate_rate_posterior_final,bounded_correction_to_existing_readout,target_computable_downshift_specificity,1.0,0.1995712858866921,0.2003648907633047,1.0,0.0,0.0,0.0,0.0,0.0018855791180113,0.8317418648277324,0.0018855791180113,0.0762531525741729,0.0583620359739762,0.0,0.0583620359739762,0.0,0.2071285142780441,0.8532553688048912,0.1716986308394645,0.8333333333333333,0.8333333333333333,0.8256816887084539,5.39257844932625e-07,0.9793663860586072,0.2523841559825932,5.39257844932625e-07,0.8478315010402926,0.0733217467392139,True,0.4267335660961163,0.5012115305907625,,,,,"{""G_DoF"": 13, ""G_DoF_bridge"": 1, ""G_OF"": 2}",,,,,False,0.5836203597397627,"{""harmonic_anchor"": 80, ""motion_timing_track_preserved"": 32}","{""harmonic_anchor"": 80, ""motion_timing_track_preserved"": 32}",{},{},0.0199930172177617,1.199581033065702,0.1995712858866921,0.42034156885924495,0.8333333333333333,0.8478315010402926,0.9999994607421551,0.6952321892502045,0.0733217467392139,0.5983268237619882,bounded_or_no_clear_room
mahnob_2474,2.86,3.25,2.0,2.68,3.28,2.38,2.96,0.2729209153268108,0.256285068760382,0.2821896215892614,0.2763293098170128,0.2641414940964116,0.2767005330246882,0.2564675970420746,native_smoothed_track_hz,2.38,2.68,0.30000000000000027,mahnob_2474.pkl,parh_ossm,True,False,,False,candidate_rate_posterior_final,bounded_correction_to_existing_readout,target_computable_downshift_specificity,1.0,0.1854333999258982,0.2027061472083352,1.0,0.0,0.0,0.0,0.1227611189374119,0.0017117371880058,0.8201182828222432,0.0017117371880058,0.0968473037615374,0.0613805594687059,0.0,0.0613805594687059,0.0,0.1866342089650104,0.9082231595159316,0.3015621982845038,0.6666666666666666,0.6666666666666666,0.7379933384505001,2.2876560627554868e-08,0.9805178672726544,0.1796847616027566,2.2876560627554868e-08,0.8302230942744777,0.1010280585878853,True,0.4599487710655749,0.6179491213940023,,,,,"{""G_DoF"": 15}",,,,,False,0.4910444757496478,"{""harmonic_anchor"": 74, ""motion_timing_track_preserved"": 30}","{""harmonic_anchor"": 74, ""motion_timing_track_preserved"": 30}",{},{},0.020415464264306238,1.2249278558583743,0.1854333999258982,0.6591036822770705,0.6666666666666666,0.8302230942744777,0.9999999771234394,0.6899126667348184,0.1010280585878853,0.6116010079612696,bounded_or_no_clear_room
mahnob_2476,2.16,2.64,1.18,3.23,4.16,4.34,3.38,0.2570714185477218,0.2527952401859363,0.2823263559428993,0.2333807103694852,0.2116099335443815,0.2178158958800314,0.2466332507165346,external_output_rate_t,2.16,3.23,1.0699999999999998,mahnob_2476.pkl,parh_ossm,True,False,,False,candidate_rate_posterior_final,bounded_correction_to_existing_readout,target_computable_downshift_specificity,1.0,0.1872059429555546,0.2032382379065646,1.0,0.0810954533368785,0.0,0.0,0.0,0.0138334736872662,0.7837490417604712,0.0138334736872662,0.1170392451678247,0.0,0.0,0.0,0.0,0.1878320453290719,0.9201965218903052,0.2932862924928154,0.6666666666666666,0.6666666666666666,0.8037522692043301,0.0007384018437143,0.9902042807367673,0.0423112998750737,0.0007384018437143,0.8095979791644905,0.125375200941872,True,0.3727823919696572,0.5942244728097524,,,,,"{""G_DoF_bridge"": 6, ""G_OF"": 5}",,,,,False,0.4054772666843924,"{""harmonic_anchor"": 52, ""motion_timing_track_preserved"": 22}","{""harmonic_anchor"": 52, ""motion_timing_track_preserved"": 22}",{},{},0.03925552266769042,2.355331360061425,0.1872059429555546,0.6473698871755093,0.6666666666666666,0.8095979791644905,0.9992615981562857,0.48981046159704633,0.125375200941872,0.5840479258376243,source_selection_room_posterior_available
mahnob_2478,2.01,2.18,1.43,1.49,1.17,1.05,1.86,0.2609901943299547,0.2605044752777671,0.2752121384877979,0.2652682002235022,0.2679996319494196,0.2651481705876211,0.2697350607223446,native_smoothed_track_hz,1.05,1.49,0.43999999999999995,mahnob_2478.pkl,parh_ossm,True,False,,False,candidate_rate_posterior_final,bounded_correction_to_existing_readout,target_computable_downshift_specificity,1.0,0.1851320553474088,0.2078910941705289,1.0,0.1223425591656638,0.0,0.0,0.0,6.866460697899974e-08,0.8266271115623501,6.866460697899974e-08,0.0787472502453097,0.0,0.0,0.0,0.0,0.1927868112146986,0.8073524071014704,0.1352630972370135,0.6666666666666666,0.6666666666666666,0.6578228219413984,5.75437424392937e-10,0.983636797197216,0.1370204403934097,5.75437424392937e-10,0.8480712408652276,0.0934842892924485,True,0.4030288442976485,0.7580449186451627,,,,,"{""G_DoF"": 5, ""G_DoF_bridge"": 2}",,,,,False,0.2659446450060168,"{""harmonic_anchor"": 32, ""motion_timing_track_preserved"": 14}","{""harmonic_anchor"": 32, ""motion_timing_track_preserved"": 14}",{},{},0.0092305854445775,0.55383512667465,0.1851320553474088,0.3631784725432564,0.6666666666666666,0.8480712408652276,0.9999999994245625,0.8454985494432293,0.0934842892924485,0.57133082040405,bounded_or_no_clear_room
mahnob_2480,2.29,2.46,2.39,1.74,1.83,1.33,1.82,0.2873271826211291,0.2721535146799158,0.2849591252229811,0.29177115687037,0.2822422479206056,0.2935342655538707,0.2946375121818814,native_smoothed_track_hz,1.33,1.74,0.4099999999999999,mahnob_2480.pkl,parh_ossm,True,False,,False,candidate_rate_posterior_final,bounded_correction_to_existing_readout,target_computable_downshift_specificity,1.0,0.2192262318462466,0.2180416900463032,1.0,0.0,0.0,0.0,0.0,2.815351119812666e-09,0.8389531080735608,2.815351119812666e-09,0.0733342470918239,0.0,0.0,0.0,0.0,0.2262478089165884,0.8889952819966,0.2847310125144502,0.6666666666666666,0.6666666666666666,0.8060825296765853,3.4442628945815486e-10,0.9861930557149028,0.066968963267163,3.4442628945815486e-10,0.8258225794188588,0.0972836465849392,True,0.3600593767379924,0.4853945494859757,,,,,"{""G_DoF_bridge"": 7, ""G_OF"": 4}",,,,,False,0.6746666666666666,"{""harmonic_anchor"": 53, ""motion_timing_track_preserved"": 21}","{""harmonic_anchor"": 53, ""motion_timing_track_preserved"": 21}",{},{},0.022483997501965614,1.3490398501179368,0.2192262318462466,0.6862542797867177,0.6666666666666666,0.8258225794188588,0.9999999996555737,0.6644471386342474,0.0972836465849392,0.6226471499850008,bounded_or_no_clear_room
mahnob_2482,1.22,1.09,1.35,1.41,1.75,1.66,1.3,0.2813413043261835,0.2574871193082356,0.2798811191039543,0.272343624872934,0.2678388592910034,0.2710216262476205,0.2655607681045561,external_rate_posterior_mean_t,1.09,1.41,0.31999999999999984,mahnob_2482.pkl,parh_ossm,True,False,,False,candidate_rate_posterior_final,bounded_correction_to_existing_readout,target_computable_downshift_specificity,1.0,0.2128043816702675,0.2401001790310283,1.0,0.0706427330631152,0.0,0.0,0.0,7.802339218527702e-07,0.8204813027074249,7.802339218527702e-07,0.0612223316417788,0.1412854661262304,0.0,0.1412854661262304,0.0,0.2607597647906919,0.8182574471268974,0.3178125993779221,1.0,1.0,0.7518839600391954,2.1844543733858726e-10,0.9879844412826184,0.1375743024672315,2.1844543733858726e-10,0.8368676557173712,0.0500150291859052,True,0.4509683993434714,0.5465546295666716,,,,,"{""G_DoF_bridge"": 7, ""G_OF"": 6}",,,,,False,0.7877243775332947,"{""harmonic_anchor"": 65, ""motion_timing_track_preserved"": 26}","{""harmonic_anchor"": 65, ""motion_timing_track_preserved"": 26}",{},{},0.023854185017947893,1.4312511010768736,0.2128043816702675,0.763894505831241,1.0,0.8368676557173712,0.9999999997815545,0.6480985862859027,0.0500150291859052,0.6913185006186537,bounded_or_no_clear_room
mahnob_2484,2.4,2.47,2.49,2.11,1.97,1.54,2.73,0.289433350235024,0.2894802167191525,0.2882866272910255,0.2910116694210202,0.285818959683279,0.2911099055567314,0.2791447426874365,native_smoothed_track_hz,1.54,2.11,0.5699999999999998,mahnob_2484.pkl,parh_ossm,True,False,,False,candidate_rate_posterior_final,bounded_correction_to_existing_readout,target_computable_downshift_specificity,1.0,0.2297953011444733,0.2275017864172284,1.0,0.0,0.0,0.0,0.0,3.62439964781733e-13,0.8439222144120745,3.62439964781733e-13,0.0852929579952924,0.0,0.0,0.0,0.0,0.2761416684778314,0.8590205548005356,0.4128151021402305,0.6666666666666666,0.6666666666666666,0.7443355667621987,3.185530410808376e-13,0.9928160212733166,0.1571723957018034,3.185530410808376e-13,0.849163162319927,0.0932481869370262,True,0.3789848672724605,0.6788305792154641,,,,,"{""G_DoF"": 4}",,,,,False,0.9997066588442358,"{""harmonic_anchor"": 20, ""motion_timing_track_preserved"": 8}","{""harmonic_anchor"": 20, ""motion_timing_track_preserved"": 8}",{},{},0.011965162869294887,0.7179097721576932,0.2297953011444733,0.7262077788950306,0.6666666666666666,0.849163162319927,0.9999999999996815,0.8044886540108275,0.0932481869370262,0.6511889021204459,bounded_or_no_clear_room
mahnob_2486,2.08,3.1,1.67,1.92,2.5,1.55,2.05,0.2994657053859466,0.2796105154475871,0.3034706327725159,0.2957908069643292,0.2924839203439074,0.3004462123313696,0.3072460872748334,native_smoothed_track_hz,1.55,1.92,0.3699999999999999,mahnob_2486.pkl,parh_ossm,True,False,,False,candidate_rate_posterior_final,bounded_correction_to_existing_readout,target_computable_downshift_specificity,1.0,0.2072547788138272,0.2013020228993249,1.0,0.0,0.0,0.0,0.0,5.857363407818499e-06,0.8426737616026487,5.857363407818499e-06,0.084185056091163,0.0,0.0,0.0,0.0,0.2165148333691534,0.8538985385006828,0.2622952728196018,0.6666666666666666,0.6666666666666666,0.7068820074645369,1.902214006030225e-11,0.9965917280489872,0.2107498058770247,1.902214006030225e-11,0.8514398706941215,0.0990756835298593,True,0.4870680041589844,0.6659739120279982,,,,,"{""G_DoF"": 5, ""G_OF"": 3}",,,,,False,0.6997705670272042,"{""harmonic_anchor"": 40, ""motion_timing_track_preserved"": 16}","{""harmonic_anchor"": 40, ""motion_timing_track_preserved"": 16}",{},{},0.027635571827246297,1.6581343096347778,0.2072547788138272,0.6707164284270529,0.6666666666666666,0.8514398706941215,0.9999999999809779,0.6050374377341106,0.0990756835298593,0.6142691364105574,bounded_or_no_clear_room
mahnob_2488,1.74,2.69,1.05,1.68,1.97,1.6,1.44,0.2823691653207131,0.2722003078221499,0.3117522287762014,0.2871190043811803,0.2881225803408874,0.2860044413619553,0.2915214950411469,state_freq_t,1.44,1.68,0.24,mahnob_2488.pkl,parh_ossm,True,False,,False,candidate_rate_posterior_final,bounded_correction_to_existing_readout,target_computable_downshift_specificity,1.0,0.1655818637416625,0.1879152985823199,1.0,0.0,0.0,0.0,0.0705691809347524,0.0019282652718331,0.8255315150656506,0.0019282652718331,0.1182359209359262,0.2117075428042573,0.0705691809347524,0.1411383618695048,0.0,0.1814767821027331,0.942134565933689,0.2471740451816684,0.6666666666666666,0.6666666666666666,0.6576676767780556,1.2986822842376366e-13,0.9660180641034206,0.2470144516693299,1.2986822842376366e-13,0.8335160457725233,0.122978709243798,True,0.5097908565032523,0.5384994574284467,,,,,"{""G_DoF"": 10, ""G_DoF_bridge"": 2, ""G_OF"": 1}",,,,,False,0.0,"{""harmonic_anchor"": 65, ""motion_timing_track_preserved"": 26}","{""harmonic_anchor"": 65, ""motion_timing_track_preserved"": 26}",{},{},0.019321187218997005,1.1592712331398203,0.1655818637416625,0.5338894147364457,0.6666666666666666,0.8335160457725233,0.9999999999998701,0.7037765927205224,0.122978709243798,0.5812805440962361,bounded_or_no_clear_room
mahnob_2490,1.96,3.63,1.73,1.58,1.6,1.94,1.85,0.3112968196368746,0.2790556192902667,0.3213490120673971,0.3083164758573788,0.3034992389384716,0.3166045857613249,0.3161446733753094,final_track_hz,1.58,1.58,0.0,mahnob_2490.pkl,parh_ossm,True,False,,False,candidate_rate_posterior_final,bounded_correction_to_existing_readout,target_computable_downshift_specificity,1.0,0.2002762441137792,0.2190397544127371,1.0,0.0,0.0,0.0,0.0,0.0002749585059232,0.8520260391576611,0.0002749585059232,0.081124939225932,0.5114454938370417,0.4137986233392028,0.0976468704978389,0.0,0.2288585553630926,0.8771663336950956,0.3244845619889506,0.6666666666666666,0.6666666666666666,0.8353467719285219,3.856509100823106e-05,0.987019285494699,0.2798777149482695,3.856509100823106e-05,0.8721635785364202,0.0852517469422618,True,0.4719673310708203,0.6161160082840019,,,,,"{""G_DoF"": 8, ""G_OF"": 1}",,,,,False,0.7067392348327197,"{""harmonic_anchor"": 44, ""motion_timing_track_preserved"": 18}","{""harmonic_anchor"": 44, ""motion_timing_track_preserved"": 18}",{},{},0.03754896647105821,2.2529379882634926,0.2002762441137792,0.698605377377523,0.6666666666666666,0.8721635785364202,0.9999614349089918,0.5052466862814701,0.0852517469422618,0.612608382454682,bounded_or_no_clear_room
mahnob_2492,1.9,2.89,1.99,1.68,2.02,1.21,1.83,0.2759667756984617,0.2589466270555252,0.2857234627489121,0.2832891336237234,0.2738026958879639,0.2851904820696374,0.2830443890486315,native_smoothed_track_hz,1.21,1.68,0.47,mahnob_2492.pkl,parh_ossm,True,False,,False,candidate_rate_posterior_final,bounded_correction_to_existing_readout,target_computable_downshift_specificity,1.0,0.2311683169811151,0.2065253356001539,1.0,0.0,0.0,0.0,0.0,1.4062893245275573e-07,0.8263499889085802,1.4062893245275573e-07,0.0545692529172933,0.0715626466447677,0.0715626466447677,0.0,0.0,0.2560953463486029,0.8973384549536831,0.2759068816767913,1.0,1.0,0.7012080983205664,4.9542189874358886e-11,0.976257241492668,0.2350923003057504,4.9542189874358886e-11,0.8320827597730925,0.0503754975517283,True,0.4555849381290729,0.4876884435563576,,,,,"{""G_DoF"": 9, ""G_DoF_bridge"": 3}",,,,,False,0.4293758798686063,"{""harmonic_anchor"": 60, ""motion_timing_track_preserved"": 24}","{""harmonic_anchor"": 60, ""motion_timing_track_preserved"": 24}",{},{},0.026243855014112194,1.5746313008467316,0.2311683169811151,0.6726245389272134,1.0,0.8320827597730925,0.9999999999504579,0.6205426137304048,0.0503754975517283,0.6741461126071217,bounded_or_no_clear_room
mahnob_2494,2.26,1.71,2.57,2.21,1.89,2.0,2.44,0.2834250018464099,0.2661344468738868,0.2909555427346306,0.2808335886037144,0.2670731516008006,0.2807771619106401,0.279110799355338,external_rate_posterior_mean_t,1.71,2.21,0.5,mahnob_2494.pkl,parh_ossm,True,False,,False,candidate_rate_posterior_final,bounded_correction_to_existing_readout,target_computable_downshift_specificity,1.0,0.2206030657825664,0.2244362154960093,1.0,0.0,0.0,0.0,0.0,1.746253596686082e-11,0.8290906351778893,1.746253596686082e-11,0.0831050845468985,0.0,0.0,0.0,0.0,0.2440878368134238,0.8658527888341179,0.3394094173630397,0.6666666666666666,0.6666666666666666,0.6166015579153019,1.2729141835561834e-11,0.9813677851956631,0.0370672530673882,1.2729141835561834e-11,0.8220891667998173,0.1033732499670558,True,0.3398180418505589,0.4564221614224997,,,,,"{""G_DoF"": 1, ""G_DoF_bridge"": 3, ""G_OF"": 3}",,,,,False,0.7493857493857494,"{""harmonic_anchor"": 34, ""motion_timing_track_preserved"": 14}","{""harmonic_anchor"": 34, ""motion_timing_track_preserved"": 14}",{},{},0.017290554972523076,1.0374332983513845,0.2206030657825664,0.7129647785285669,0.6666666666666666,0.8220891667998173,0.9999999999872708,0.7302460646503713,0.1033732499670558,0.6337443786377498,bounded_or_no_clear_room
mahnob_2496,3.08,3.74,1.96,2.89,3.03,2.61,3.34,0.2680703065222002,0.2667233222782206,0.294394460229494,0.2759588139498278,0.2720460397402627,0.2800706407443439,0.2746262928912337,native_smoothed_track_hz,2.61,2.89,0.28000000000000025,mahnob_2496.pkl,parh_ossm,True,False,,False,candidate_rate_posterior_final,bounded_correction_to_existing_readout,target_computable_downshift_specificity,1.0,0.1793134019214937,0.2053662858652216,1.0,0.1800738007380073,0.0,0.0,0.0900369003690036,1.0316759016241634e-05,0.825142892441729,1.0316759016241634e-05,0.0780160065596537,0.0,0.0,0.0,0.0,0.189993930236566,0.896059167189186,0.1846749153513527,1.0,1.0,0.616852588891888,1.1738114672405172e-09,0.9797576377406716,0.0965810619786764,1.1738114672405172e-09,0.8377268066423388,0.0618326912237419,True,0.4511437231375415,0.4486749810531621,,,,,"{""G_DoF_bridge"": 10}",,,,,False,0.4501845018450184,"{""harmonic_anchor"": 50, ""motion_timing_track_preserved"": 20}","{""harmonic_anchor"": 50, ""motion_timing_track_preserved"": 20}",{},{},0.013347318466123304,0.8008391079673982,0.1793134019214937,0.40979563607434716,1.0,0.8377268066423388,0.9999999988261885,0.7845236838187646,0.0618326912237419,0.6247155977750243,bounded_or_no_clear_room
mahnob_2498,2.16,3.1,2.15,2.52,3.17,2.72,2.09,0.2651093047562667,0.2509411466105029,0.2792795370518256,0.2726864611942294,0.2689150015582729,0.2723784340907819,0.2737265695106476,state_freq_t,2.09,2.52,0.43000000000000016,mahnob_2498.pkl,parh_ossm,True,False,,False,candidate_rate_posterior_final,bounded_correction_to_existing_readout,target_computable_downshift_specificity,1.0,0.1231773081522466,0.166523018969867,1.0,0.1146589259796806,0.0,0.0,0.4097726173197871,5.511520500243659e-08,0.8176155536695373,5.511520500243659e-08,0.1367584254556861,0.1475568456700532,0.0,0.1475568456700532,0.0,0.1371065691551372,0.9321614195958676,0.2437725229958623,0.3333333333333333,0.3333333333333333,0.5828599521414882,1.643182738038871e-08,0.9867012191295071,0.1482170268087961,1.643182738038871e-08,0.8435107897689269,0.1469467630876268,True,0.4492401982034439,0.5398420413897704,,,,,"{""G_DoF"": 4, ""G_DoF_bridge"": 1}",,,,,False,0.0,"{""harmonic_anchor"": 25, ""motion_timing_track_preserved"": 10}","{""harmonic_anchor"": 25, ""motion_timing_track_preserved"": 10}",{},{},0.022785422900144736,1.3671253740086842,0.1231773081522466,0.5256343324737812,0.3333333333333333,0.8435107897689269,0.9999999835681727,0.6608156217669856,0.1469467630876268,0.5138346954013188,bounded_or_no_clear_room
mahnob_2500,3.08,3.34,3.34,2.99,3.5,3.03,2.92,0.2670411506983616,0.2504064225271374,0.2796952092976464,0.2714350902557116,0.2562499816837063,0.2711445859594881,0.2580164501117715,state_freq_t,2.92,2.99,0.07000000000000028,mahnob_2500.pkl,parh_ossm,True,False,,False,candidate_rate_posterior_final,bounded_correction_to_existing_readout,target_computable_downshift_specificity,1.0,0.2242155022551142,0.2231412823773902,1.0,0.0,0.0,0.0,0.0,2.0876976049696864e-08,0.809595826139223,2.0876976049696864e-08,0.0571212636405699,0.0,0.0,0.0,0.0,0.233241166126587,0.8848900982963475,0.1980827385175229,1.0,1.0,0.6610424650183643,5.446906908161123e-10,0.9744568390776348,0.1540836333568267,5.446906908161123e-10,0.8376121445375438,0.0487163566564016,True,0.3931394509382037,0.5872753223343472,,,,,"{""G_OF"": 7}",,,,,False,0.6234668847097302,"{""harmonic_anchor"": 35, ""motion_timing_track_preserved"": 14}","{""harmonic_anchor"": 35, ""motion_timing_track_preserved"": 14}",{},{},0.021028667728574202,1.2617200637144521,0.2242155022551142,0.4664856658521579,1.0,0.8376121445375438,0.9999999994553093,0.6822634446511834,0.0487163566564016,0.6383475391326162,bounded_or_no_clear_room
mahnob_2502,1.65,2.08,1.78,2.17,2.92,2.61,2.05,0.2739947288459323,0.2621721788869856,0.2764355342787796,0.2624052136791276,0.2511654346263376,0.2537865736713984,0.2642873358081394,external_output_rate_t,1.65,2.17,0.52,mahnob_2502.pkl,parh_ossm,True,False,,False,candidate_rate_posterior_final,bounded_correction_to_existing_readout,target_computable_downshift_specificity,1.0,0.1882360408133937,0.2048401905909265,1.0,0.0579958819492107,0.0,0.0,0.0,8.584204194084867e-05,0.7957167804387645,8.584204194084867e-05,0.0872560296755248,0.1046671242278654,0.1046671242278654,0.0,0.0,0.1732180921425037,0.9348951230250186,0.2446239453961858,0.8333333333333333,0.8333333333333333,0.6526712681419236,6.60354295169404e-07,0.980265958796856,0.2988945683408247,6.60354295169404e-07,0.8340911457643929,0.0939606292349208,True,0.4012457741847807,0.3558328814945982,,,,,"{""G_DoF_bridge"": 1, ""G_OF"": 7}",,,,,False,0.4186684969114619,"{""harmonic_anchor"": 40, ""motion_timing_track_preserved"": 16}","{""harmonic_anchor"": 40, ""motion_timing_track_preserved"": 16}",{},{},0.020208155174533893,1.2124893104720336,0.1882360408133937,0.532464345242993,0.8333333333333333,0.8340911457643929,0.9999993396457049,0.6925180313747524,0.0939606292349208,0.6135211922774448,bounded_or_no_clear_room
mahnob_2504,0.97,1.66,1.15,1.15,1.3,1.44,1.4,0.279485487783966,0.2696573823302799,0.2858355282366451,0.2778465206053114,0.2693440770910533,0.2772769500616091,0.2815598772131639,external_output_rate_t,0.97,1.15,0.17999999999999994,mahnob_2504.pkl,parh_ossm,True,False,,False,candidate_rate_posterior_final,bounded_correction_to_existing_readout,target_computable_downshift_specificity,1.0,0.1877375031167687,0.2013461737257069,1.0,0.0,0.0,0.0,0.0,4.75473752790668e-10,0.8390538998547796,4.75473752790668e-10,0.0844629707673916,0.0862434610490598,0.0,0.0862434610490598,0.0,0.2006152729598292,0.9221494167751264,0.247014646778152,0.6666666666666666,0.6666666666666666,0.7459087580518518,3.043442155906805e-11,0.9869074846525104,0.1970400494018883,3.043442155906805e-11,0.8368112646485084,0.0894565818599735,True,0.470512482123322,0.5312501918960263,,,,,"{""G_DoF"": 8, ""G_DoF_bridge"": 1, ""G_OF"": 1}",,,,,False,0.5174607662943588,"{""harmonic_anchor"": 50, ""motion_timing_track_preserved"": 20}","{""harmonic_anchor"": 50, ""motion_timing_track_preserved"": 20}",{},{},0.011902494882883974,0.7141496929730384,0.1877375031167687,0.5572639164567573,0.6666666666666666,0.8368112646485084,0.9999999999695656,0.805405825232947,0.0894565818599735,0.6055037731005523,bounded_or_no_clear_room
mahnob_2506,2.23,2.27,2.1,2.78,3.34,3.56,2.03,0.2750220381734582,0.2646035741090932,0.2801272088092952,0.2644324336637066,0.2630314768765969,0.2640753234941803,0.2731500565523902,state_freq_t,2.03,2.78,0.75,mahnob_2506.pkl,parh_ossm,True,False,,False,candidate_rate_posterior_final,bounded_correction_to_existing_readout,target_computable_downshift_specificity,1.0,0.2040984867957299,0.2107785651492732,1.0,0.0758975912740493,0.0,0.0,0.0,3.545872925546894e-06,0.7722940714292882,3.545872925546894e-06,0.0791164539798754,0.0,0.0,0.0,0.0,0.2026490094770207,0.8717282988068248,0.2359007809302631,1.0,1.0,0.6628142824723341,1.4109765707382707e-11,0.8630219562717456,0.1686295318048392,1.4109765707382707e-11,0.7973513666991866,0.080718721254271,True,0.3713264616189919,0.4418295049609967,,,,,"{""G_DoF_bridge"": 3, ""G_OF"": 6}",,,,,False,0.6468716861081655,"{""harmonic_anchor"": 45, ""motion_timing_track_preserved"": 18}","{""harmonic_anchor"": 45, ""motion_timing_track_preserved"": 18}",{},{},0.010946714679277936,0.6568028807566761,0.2040984867957299,0.5775286506468029,1.0,0.7973513666991866,0.9999999999858903,0.8195243434544839,0.080718721254271,0.6600136190510758,source_selection_room_posterior_available
mahnob_2508,2.13,2.0,2.1,1.48,1.46,1.42,1.74,0.2979093844775095,0.2846557727710775,0.3019919287552748,0.2817953376524222,0.2730247371773341,0.2796316354980735,0.2914679043001041,native_smoothed_track_hz,1.42,1.48,0.06000000000000005,mahnob_2508.pkl,parh_ossm,True,False,,False,candidate_rate_posterior_final,bounded_correction_to_existing_readout,target_computable_downshift_specificity,1.0,0.2224217769913581,0.21843677193087,1.0,0.0,0.0,0.0,0.0,1.880687940638901e-10,0.8217585444908773,1.880687940638901e-10,0.0730249991121939,0.0,0.0,0.0,0.0,0.2421057697460055,0.8573932030547866,0.2924615996197076,1.0,1.0,0.7008255652712165,4.95706163574795e-13,0.9835617369174005,0.0562528913344471,4.95706163574795e-13,0.8246592841847802,0.069524713240807,True,0.4550921701254375,0.4171657488295636,,,,,"{""G_DoF_bridge"": 5, ""G_OF"": 4}",,,,,False,0.9057156062240024,"{""harmonic_anchor"": 45, ""motion_timing_track_preserved"": 18}","{""harmonic_anchor"": 45, ""motion_timing_track_preserved"": 18}",{},{},0.01827774897943596,1.0966649387661576,0.2224217769913581,0.7210279508944145,1.0,0.8246592841847802,0.9999999999995043,0.7172558207968837,0.069524713240807,0.6882830378099728,bounded_or_no_clear_room
mahnob_2510,2.07,2.53,1.72,1.82,2.2,1.68,1.98,0.2793822540729329,0.2676639645959847,0.2842240102706801,0.2728048929876521,0.269346659177409,0.2738494843218298,0.2767687106881499,native_smoothed_track_hz,1.68,1.82,0.14000000000000012,mahnob_2510.pkl,parh_ossm,True,False,,False,candidate_rate_posterior_final,bounded_correction_to_existing_readout,target_computable_downshift_specificity,1.0,0.2158842133131943,0.2113718761181061,1.0,0.0,0.0,0.0,0.0,1.564231665235045e-08,0.8457002812957926,1.564231665235045e-08,0.0598240239026583,0.0,0.0,0.0,0.0,0.2334305336272815,0.8884474080926483,0.2353388217244041,1.0,1.0,0.8116578353678106,1.0866138588006764e-10,0.9868797818646268,0.2149438678799525,1.0866138588006764e-10,0.8595421082347512,0.0494292496983702,True,0.4735283357848813,0.4638617091722936,,,,,"{""G_DoF"": 7, ""G_DoF_bridge"": 3}",,,,,False,0.8102125147579693,"{""harmonic_anchor"": 50, ""motion_timing_track_preserved"": 20}","{""harmonic_anchor"": 50, ""motion_timing_track_preserved"": 20}",{},{},0.011718289476948196,0.7030973686168918,0.2158842133131943,0.5654204583749192,1.0,0.8595421082347512,0.9999999998913386,0.8081078039167159,0.0494292496983702,0.6718543166440304,bounded_or_no_clear_room
mahnob_26,1.4,2.09,1.51,1.59,2.07,1.93,1.6,0.2631256157937251,0.2364068396937268,0.2838222085835383,0.2623988854092626,0.2577053407139363,0.2621082949846472,0.2737877185730207,external_output_rate_t,1.4,1.59,0.19000000000000017,mahnob_26.pkl,parh_ossm,True,False,,False,candidate_rate_posterior_final,bounded_correction_to_existing_readout,target_computable_downshift_specificity,1.0,0.2173575623464907,0.2303395132135753,1.0,0.0,0.0,0.0,0.0,1.0747341975464547e-09,0.8531618579328986,1.0747341975464547e-09,0.0538386166994566,0.1846805933999394,0.0923402966999697,0.0923402966999697,0.0,0.2416591535813847,0.8752976720538088,0.1792051699826372,1.0,1.0,0.6906523616705036,1.647851052434635e-11,0.9948540556302072,0.0868209904234291,1.647851052434635e-11,0.8414384005621262,0.0480442075721671,True,0.4292340782328666,0.5974875328182288,,,,,"{""G_DoF"": 9}",,,,,False,0.6468362095065092,"{""harmonic_anchor"": 45, ""motion_timing_track_preserved"": 18}","{""harmonic_anchor"": 45, ""motion_timing_track_preserved"": 18}",{},{},0.037380878879293894,2.2428527327576337,0.2173575623464907,0.4258483761147204,1.0,0.8414384005621262,0.9999999999835215,0.5067931517973728,0.0480442075721671,0.6115997203139345,bounded_or_no_clear_room
mahnob_2602,2.66,2.62,2.35,2.52,2.6,2.4,2.26,0.234249429307114,0.233393911433021,0.2369050565759561,0.2332239092206312,0.2262983797776193,0.2324524172871064,0.2385710910991681,state_freq_t,2.26,2.52,0.26000000000000023,mahnob_2602.pkl,parh_ossm,True,False,,False,candidate_rate_posterior_final,bounded_correction_to_existing_readout,target_computable_downshift_specificity,1.0,0.1911939678381477,0.1915093746668924,1.0,0.0215996578272027,0.0,0.0,0.0652266894781864,9.532700855293644e-07,0.8411502342927781,9.532700855293644e-07,0.0978445543413827,0.0,0.0,0.0,0.0,0.1936234700039954,0.904684930331922,0.275742144203864,0.6666666666666666,0.6666666666666666,0.749973897922947,1.903035318861613e-09,0.98565944277307,0.2902299574215956,1.903035318861613e-09,0.857639638976545,0.0927887990794146,True,0.4365461243341519,0.3965565314441255,,,,,"{""G_DoF"": 12, ""G_DoF_bridge"": 1, ""G_OF"": 1}",,,,,False,0.3473053892215569,"{""harmonic_anchor"": 70, ""motion_timing_track_preserved"": 28}","{""harmonic_anchor"": 70, ""motion_timing_track_preserved"": 28}",{},{},0.006118673812061715,0.3671204287237029,0.1911939678381477,0.6523306602295031,0.6666666666666666,0.857639638976545,0.9999999980969647,0.8947162815979702,0.0927887990794146,0.6371033178183196,bounded_or_no_clear_room
mahnob_2604,1.59,1.69,2.57,1.15,1.03,1.07,1.95,0.2557248456595722,0.2490381396784436,0.2781902276400725,0.2467394780258515,0.2394726744750897,0.2413180334585443,0.2598117881196682,native_smoothed_track_hz,1.07,1.15,0.07999999999999985,mahnob_2604.pkl,parh_ossm,True,False,,False,candidate_rate_posterior_final,bounded_correction_to_existing_readout,target_computable_downshift_specificity,1.0,0.2325929032752306,0.2299312113418346,1.0,0.0,0.0,0.0,0.0,6.656764246438745e-10,0.8151938252631846,6.656764246438745e-10,0.0697806970457686,0.0,0.0,0.0,0.0,0.2565072584167966,0.892722405503818,0.3860078486783851,1.0,1.0,0.6401325474277854,3.5774161299275676e-10,0.9459429383233876,0.2078229422243152,3.5774161299275676e-10,0.8308898868581551,0.0533628284669421,True,0.3995424276182945,0.5589214217401758,,,,,"{""G_DoF_bridge"": 1, ""G_OF"": 6}",,,,,False,0.6683710737764792,"{""harmonic_anchor"": 34, ""motion_timing_track_preserved"": 14}","{""harmonic_anchor"": 34, ""motion_timing_track_preserved"": 14}",{},{},0.018493754661123907,1.1096252796674344,0.2325929032752306,0.6885790461795414,1.0,0.8308898868581551,0.9999999996422584,0.714444411822186,0.0533628284669421,0.6866056763653023,bounded_or_no_clear_room
mahnob_2606,3.31,3.31,4.48,3.11,2.95,2.92,3.02,0.2254211056192389,0.2260446457956087,0.2561955999769872,0.2487634987417654,0.2754666481006879,0.2829671231342714,0.2593632707543887,native_smoothed_track_hz,2.92,3.11,0.18999999999999995,mahnob_2606.pkl,parh_ossm,True,False,,False,candidate_rate_posterior_final,bounded_correction_to_existing_readout,target_computable_downshift_specificity,1.0,0.1971078515686977,0.1998944115191931,1.0,0.0,0.0,0.0,0.0,1.6644760711585114e-08,0.829185858074541,1.6644760711585114e-08,0.1000578857328574,0.0,0.0,0.0,0.0,0.181047190282816,0.9103123112973068,0.1569341495515702,0.6666666666666666,0.6666666666666666,0.5815291121846138,1.980209233625952e-11,0.9792194263488262,0.1256802029690751,1.980209233625952e-11,0.8161041693333685,0.1030820323796972,True,0.4590945113106002,0.6528725203321311,,,,,"{""G_DoF"": 5, ""G_DoF_bridge"": 5, ""G_OF"": 1}",,,,,False,0.3773921918856851,"{""harmonic_anchor"": 55, ""motion_timing_track_preserved"": 22}","{""harmonic_anchor"": 55, ""motion_timing_track_preserved"": 22}",{},{},0.05754601751503252,3.4527610509019513,0.1971078515686977,0.3174660380260744,0.6666666666666666,0.8161041693333685,0.999999999980198,0.3512379982693787,0.1030820323796972,0.5100013924833924,bounded_or_no_clear_room
mahnob_2608,2.25,1.48,2.41,1.95,1.17,1.73,2.02,0.2787091867591993,0.2713159430936082,0.2735958747318729,0.2713675725354059,0.260502997637782,0.2695971160604352,0.2722616003419717,external_rate_posterior_mean_t,1.48,1.95,0.47,mahnob_2608.pkl,parh_ossm,True,False,,False,candidate_rate_posterior_final,bounded_correction_to_existing_readout,target_computable_downshift_specificity,1.0,0.1724902764140378,0.1901507109257737,1.0,0.0,0.0,0.0,0.0,3.0378897585617456e-10,0.8127626520068867,3.0378897585617456e-10,0.0906184897186664,0.1487623460553591,0.0,0.1487623460553591,0.0,0.185684011303255,0.928338876093557,0.2474341640894605,0.6666666666666666,0.6666666666666666,0.6354189750860555,6.66775342216931e-12,0.9877727051534596,0.0648874940747489,6.66775342216931e-12,0.8300527907499854,0.100039459689729,True,0.394574359224048,0.6262105552023987,,,,,"{""G_DoF_bridge"": 9, ""G_OF"": 3}",,,,,False,0.1487623460553591,"{""harmonic_anchor"": 58, ""motion_timing_track_preserved"": 24}","{""harmonic_anchor"": 58, ""motion_timing_track_preserved"": 24}",{},{},0.00911207069876413,0.5467242419258478,0.1724902764140378,0.5492418774131103,0.6666666666666666,0.8300527907499854,0.9999999999933322,0.847322405511916,0.100039459689729,0.6022071577798478,bounded_or_no_clear_room
mahnob_2610,1.79,1.8,2.43,1.98,1.94,2.3,1.94,0.2433843395702244,0.2394177379876018,0.255278685437576,0.2329677482731681,0.2284437693935176,0.2323145687772857,0.2310434262612432,external_output_rate_t,1.79,1.98,0.18999999999999995,mahnob_2610.pkl,parh_ossm,True,False,,False,candidate_rate_posterior_final,bounded_correction_to_existing_readout,target_computable_downshift_specificity,1.0,0.1942910395662793,0.2097591460226522,1.0,0.0,0.0,0.0,0.1101975865269858,1.5551092232670892e-08,0.8217047242527822,1.5551092232670892e-08,0.0853214200678964,0.0,0.0,0.0,0.0,0.1924186679803254,0.907515260935041,0.2043139495539794,1.0,1.0,0.756108060927858,1.4094259817243122e-10,0.9809688327934348,0.270010910628022,1.4094259817243122e-10,0.8330311632293737,0.0735642020601999,True,0.4373924803536187,0.5464250023083116,,,,,"{""G_DoF"": 11}",,,,,False,0.4853467709852804,"{""harmonic_anchor"": 54, ""motion_timing_track_preserved"": 22}","{""harmonic_anchor"": 54, ""motion_timing_track_preserved"": 22}",{},{},0.01234091330898121,0.7404547985388726,0.1942910395662793,0.45283183393446746,1.0,0.8330311632293737,0.9999999998590574,0.7990112589756005,0.0735642020601999,0.6366385068332681,bounded_or_no_clear_room
mahnob_2612,1.92,2.38,4.15,2.63,2.88,3.23,3.3,0.2398131333263757,0.248832496427767,0.2715746332839052,0.2527980854202815,0.2673649906626123,0.2723695923080603,0.2633578048173228,external_output_rate_t,1.92,2.63,0.71,mahnob_2612.pkl,parh_ossm,True,False,,False,candidate_rate_posterior_final,bounded_correction_to_existing_readout,target_computable_downshift_specificity,1.0,0.1578680888704159,0.1934289302789291,1.0,0.1704148624109512,0.0,0.0,0.0627182567397681,9.032103511081403e-10,0.7380054612689725,9.032103511081403e-10,0.1177095604010237,0.0,0.0,0.0,0.0,0.1534922057610804,0.9484448376663668,0.1266393509471172,0.6666666666666666,0.6666666666666666,0.7051022645617714,5.604629296620946e-16,0.8733007586563183,0.1661427641449326,5.604629296620946e-16,0.7351162497598487,0.1117840681944871,True,0.4066308304756969,0.648820540403651,,,,,"{""G_DoF"": 8, ""G_DoF_bridge"": 2}",,,,,False,0.0628579410532197,"{""harmonic_anchor"": 50, ""motion_timing_track_preserved"": 20}","{""harmonic_anchor"": 50, ""motion_timing_track_preserved"": 20}",{},{},0.032556458981684605,1.9533875389010764,0.1578680888704159,0.1905118185904216,0.6666666666666666,0.7351162497598487,0.9999999999999994,0.5532553567042812,0.1117840681944871,0.4819839522506449,bounded_or_no_clear_room
mahnob_2614,4.27,3.01,4.85,3.64,3.79,3.45,3.65,0.2683856898635566,0.2514829571446951,0.2775479425191141,0.2534229061028453,0.252791317855894,0.2509908296003787,0.2537288328563082,external_rate_posterior_mean_t,3.01,3.64,0.6300000000000003,mahnob_2614.pkl,parh_ossm,True,False,,False,candidate_rate_posterior_final,bounded_correction_to_existing_readout,target_computable_downshift_specificity,1.0,0.1631620471634781,0.1850371928544675,1.0,0.0,0.0,0.0,0.0,0.0001697997890235,0.8185247616166157,0.0001697997890235,0.0836442998207744,0.1743106158022574,0.0,0.1743106158022574,0.0,0.1764364723105956,0.9498064616615852,0.1811909932635463,0.6666666666666666,0.6666666666666666,0.6067734695268672,1.7248834556960034e-06,0.9958459447222008,0.0212885025909582,1.7248834556960034e-06,0.8265357804055395,0.1004974897355933,True,0.43677958689561,0.6163553689519792,,,,,"{""G_DoF"": 3, ""G_DoF_bridge"": 7}",,,,,False,0.0,"{""harmonic_anchor"": 50, ""motion_timing_track_preserved"": 20}","{""harmonic_anchor"": 50, ""motion_timing_track_preserved"": 20}",{},{},0.01739486026317788,1.0436916157906728,0.1631620471634781,0.34375606427528616,0.6666666666666666,0.8265357804055395,0.9999982751165443,0.7288624946797925,0.1004974897355933,0.5463583334686593,bounded_or_no_clear_room
mahnob_2616,2.31,4.39,5.39,3.83,5.95,6.06,5.65,0.2176658590613056,0.2568252361392047,0.287625088003955,0.2570176407067369,0.2880132040466163,0.2943187421183782,0.2940289454497458,external_output_rate_t,2.31,3.83,1.52,mahnob_2616.pkl,parh_ossm,True,False,,False,candidate_rate_posterior_final,bounded_correction_to_existing_readout,target_computable_downshift_specificity,1.0,0.1301552334571586,0.1694242957177684,1.0,0.2771441267960302,0.0,0.0,0.0060731743445415,5.156369832196827e-13,0.7357893182172073,5.156369832196827e-13,0.1358670804007906,0.0,0.0,0.0,0.0,0.1270019010943371,0.9533727688512053,0.0964388952152104,0.6666666666666666,0.6666666666666666,0.4941383858477279,3.885027582426858e-17,0.9506914503732512,0.0047957891875576,3.885027582426858e-17,0.7755159571799766,0.1224374328225355,True,0.3735839704392237,0.5582083047743982,,,,,"{""G_DoF"": 2, ""G_DoF_bridge"": 8}",,,,,False,0.0,"{""harmonic_anchor"": 50, ""motion_timing_track_preserved"": 20}","{""harmonic_anchor"": 50, ""motion_timing_track_preserved"": 20}",{},{},0.07665288305707263,4.599172983424358,0.1301552334571586,0.09723457320949075,0.6666666666666666,0.7755159571799766,1.0,0.2481582124350244,0.1224374328225355,0.4308851945444332,oracle_room_but_gtfree_evidence_weak
mahnob_2618,2.59,1.58,3.31,2.63,1.72,2.85,3.03,0.2473112415861985,0.2281408185604602,0.2668251979145915,0.2411944303313289,0.2265112364250457,0.2423645230990975,0.251383552539359,external_rate_posterior_mean_t,1.58,2.63,1.0499999999999998,mahnob_2618.pkl,parh_ossm,True,False,,False,candidate_rate_posterior_final,bounded_correction_to_existing_readout,target_computable_downshift_specificity,1.0,0.2105343702142302,0.2010894297835025,1.0,0.0,0.0,0.0,0.062019477191184,9.046584709948962e-07,0.8355343363852797,9.046584709948962e-07,0.0676303938902133,0.0,0.0,0.0,0.0,0.225325883034349,0.8872890829407872,0.1840291436145265,1.0,1.0,0.6512396963003225,5.1832633925293104e-09,0.996807566844644,0.0444317441944224,5.1832633925293104e-09,0.8350092942795418,0.04949805323844,True,0.3250425455330746,0.2535175519825085,,,,,"{""G_DoF"": 1, ""G_DoF_bridge"": 2, ""G_OF"": 2}",,,,,False,0.4689902614044079,"{""harmonic_anchor"": 25, ""motion_timing_track_preserved"": 10}","{""harmonic_anchor"": 25, ""motion_timing_track_preserved"": 10}",{},{},0.02324273397889881,1.3945640387339286,0.2105343702142302,0.42385623860603044,1.0,0.8350092942795418,0.9999999948167366,0.6553438867034351,0.04949805323844,0.6232408169857049,source_selection_room_posterior_available
mahnob_262,5.2,4.16,5.4,4.31,4.09,3.79,3.95,0.2052033698464695,0.2232825044679874,0.2369357198667385,0.2230039380172911,0.2254674496998347,0.2274292392122188,0.2390891581119648,native_smoothed_track_hz,3.79,4.31,0.5199999999999996,mahnob_262.pkl,parh_ossm,True,False,,False,candidate_rate_posterior_final,bounded_correction_to_existing_readout,target_computable_downshift_specificity,1.0,0.1301897324003558,0.1672532643705099,1.0,0.2585403068576757,0.0,0.0,0.0517080613715351,0.000410990128081,0.7282898213199609,0.000410990128081,0.1386262492238177,0.0517080613715351,0.0,0.0517080613715351,0.0,0.1281169280136004,0.9326415596843132,0.1098746934066206,0.6666666666666666,0.6666666666666666,0.5994090040670479,8.388353063130466e-17,0.8575132021128331,0.13131745345124,8.388353063130466e-17,0.7208347726982702,0.1366674719123812,True,0.3961285976677129,0.623961245927058,,,,,"{""G_DoF"": 2, ""G_DoF_bridge"": 8, ""G_OF"": 8}",,,,,False,0.0,"{""harmonic_anchor"": 90, ""motion_timing_track_preserved"": 36}","{""harmonic_anchor"": 90, ""motion_timing_track_preserved"": 36}",{},{},0.03388578826549529,2.0331472959297177,0.1301897324003558,0.1551372327866135,0.6666666666666666,0.7208347726982702,0.9999999999999999,0.5400436868128856,0.1366674719123812,0.46203771705220253,bounded_or_no_clear_room
mahnob_2620,0.92,1.21,3.35,1.04,1.21,1.17,1.42,0.2194011408706377,0.2278256261346272,0.2558226999261536,0.2271749923325736,0.2313325751517144,0.2292441020854126,0.2330987761294866,external_output_rate_t,0.92,1.04,0.12,mahnob_2620.pkl,parh_ossm,True,False,,False,candidate_rate_posterior_final,bounded_correction_to_existing_readout,target_computable_downshift_specificity,1.0,0.1564223668316264,0.1879185321749665,1.0,0.2451275868997388,0.0,0.0,0.0194896524010448,1.1140330440088669e-07,0.8064144981965395,1.1140330440088669e-07,0.0903430521381906,0.0,0.0,0.0,0.0,0.1648535338426346,0.937645992115084,0.1675294527112049,1.0,1.0,0.4826703704272262,2.054659664732476e-08,0.9791166445896408,0.1914913707087066,2.054659664732476e-08,0.84143196859406,0.0890948148422514,True,0.391233693960717,0.6100806861358954,,,,,"{""G_DoF"": 6, ""G_DoF_bridge"": 1}",,,,,False,0.0,"{""harmonic_anchor"": 35, ""motion_timing_track_preserved"": 14}","{""harmonic_anchor"": 35, ""motion_timing_track_preserved"": 14}",{},{},0.0136976352588489,0.821858115530934,0.1564223668316264,0.31603070960925633,1.0,0.84143196859406,0.9999999794534034,0.7795426216427523,0.0890948148422514,0.5975713065169276,bounded_or_no_clear_room
mahnob_2622,4.63,4.2,5.34,4.51,4.17,4.63,5.37,0.2627554900475778,0.2592758824615164,0.2834914858334033,0.264405716141446,0.2552045060009555,0.2633621090666876,0.2766605817935981,external_rate_posterior_mean_t,4.2,4.51,0.3099999999999996,mahnob_2622.pkl,parh_ossm,True,False,,False,candidate_rate_posterior_final,bounded_correction_to_existing_readout,target_computable_downshift_specificity,1.0,0.1910147544553778,0.1972810251039157,1.0,0.0,0.0,0.0,0.0,1.6402037293951964e-08,0.8228967169525113,1.6402037293951964e-08,0.0792994645734083,0.0702845949994239,0.0,0.0702845949994239,0.0,0.187192341525299,0.9197475182308767,0.2025735779057295,1.0,1.0,0.5960539352112704,2.0402843907788428e-10,0.9707986585844706,0.2403691190111958,2.0402843907788428e-10,0.8236633905464831,0.0572538294119689,True,0.4091692146227858,0.5265291060010513,,,,,"{""G_DoF"": 3, ""G_DoF_bridge"": 7, ""G_OF"": 2, ""G_P1D_cons"": 1}",,,,,False,0.2811383799976956,"{""harmonic_anchor"": 65, ""motion_timing_track_preserved"": 26}","{""harmonic_anchor"": 65, ""motion_timing_track_preserved"": 26}",{},{},0.0173846993320817,1.043081959924902,0.1910147544553778,0.43476828931493916,1.0,0.8236633905464831,0.9999999997959715,0.7289971602385142,0.0572538294119689,0.6254311881108551,likely_video_or_reference_limited
mahnob_2624,1.69,1.52,2.74,1.48,1.34,1.38,1.79,0.2488563449200911,0.2428488664120053,0.2721301356206723,0.2287031769658919,0.2372144979751618,0.2344602376223392,0.25168239546203,native_smoothed_track_hz,1.38,1.48,0.10000000000000009,mahnob_2624.pkl,parh_ossm,True,False,,False,candidate_rate_posterior_final,bounded_correction_to_existing_readout,target_computable_downshift_specificity,1.0,0.2244215755659165,0.2218346782913626,1.0,0.0,0.0,0.0,0.0,2.2546953761718235e-08,0.8520835583468792,2.2546953761718235e-08,0.0649739429743603,0.0,0.0,0.0,0.0,0.2393725274585051,0.8670724202771802,0.2611351994368927,1.0,1.0,0.6329208932359502,2.020663941415305e-11,0.9843380471253056,0.1863565634048496,2.020663941415305e-11,0.8419810982663622,0.0508701028417463,True,0.4012329469433735,0.5500713834390742,,,,,"{""G_DoF_bridge"": 3, ""G_OF"": 3}",,,,,False,0.9392872855257368,"{""harmonic_anchor"": 30, ""motion_timing_track_preserved"": 12}","{""harmonic_anchor"": 30, ""motion_timing_track_preserved"": 12}",{},{},0.02297921849613807,1.3787531097682844,0.2244215755659165,0.6589238836659755,1.0,0.8419810982663622,0.9999999999797934,0.658491298073337,0.0508701028417463,0.6749494548847567,bounded_or_no_clear_room
mahnob_2626,2.74,2.79,2.68,3.04,3.3,3.38,2.75,0.256749568840575,0.2490365581356547,0.2591800908590742,0.2606038839045853,0.2617391290367028,0.260829406946521,0.2604097812518509,external_output_rate_t,2.74,3.04,0.2999999999999998,mahnob_2626.pkl,parh_ossm,True,False,,False,candidate_rate_posterior_final,bounded_correction_to_existing_readout,target_computable_downshift_specificity,1.0,0.2021711340421691,0.1920213413430252,1.0,0.0,0.0,0.0,0.0,1.137869703988884e-05,0.8640041147510674,1.137869703988884e-05,0.0908050238580517,0.0,0.0,0.0,0.0,0.2179450863727119,0.8582861672444556,0.2522227346386685,0.6666666666666666,0.6666666666666666,0.8558625883895609,5.682791467326808e-10,0.9887451342690956,0.277134221484159,5.682791467326808e-10,0.8613235268576949,0.0916029419427303,True,0.3484095077753936,0.526789181684414,,,,,"{""G_DoF"": 12, ""G_DoF_bridge"": 1}",,,,,False,0.5549238116897884,"{""harmonic_anchor"": 65, ""motion_timing_track_preserved"": 26}","{""harmonic_anchor"": 64, ""motion_timing_track_preserved"": 26}",{},{},0.011792848810866313,0.7075709286519788,0.2021711340421691,0.6389153702864251,0.6666666666666666,0.8613235268576949,0.9999999994317208,0.8070130555799933,0.0916029419427303,0.629065397874966,bounded_or_no_clear_room
mahnob_2628,1.96,1.27,2.89,1.93,1.02,2.36,1.64,0.270740280356299,0.2501511076492279,0.2852655464471597,0.2595107548626852,0.2424248129747319,0.2593506623013002,0.2729916206153128,external_rate_posterior_mean_t,1.27,1.93,0.6599999999999999,mahnob_2628.pkl,parh_ossm,True,False,,False,candidate_rate_posterior_final,bounded_correction_to_existing_readout,target_computable_downshift_specificity,1.0,0.1429564469921115,0.1860289693064992,1.0,0.0,0.0,0.0,0.3321234119782214,1.5479572960864292e-08,0.8466695111692711,1.5479572960864292e-08,0.1129255793443238,0.3321234119782214,0.0,0.3321234119782214,0.0,0.1842147527483683,0.8874183528952053,0.2011944741498831,0.5,0.5,0.5844298453352703,6.191432909784314e-10,0.9942940788825432,0.1918743211990606,6.191432909784314e-10,0.8518031087505799,0.1161611858121552,True,0.3652397519220071,0.5703410796823916,,,,,"{""G_DoF"": 2, ""G_DoF_bridge"": 3, ""G_OF"": 2, ""G_OF_bridge"": 1}",,,,,False,0.3357531760435571,"{""harmonic_anchor"": 40, ""motion_timing_track_preserved"": 16}","{""harmonic_anchor"": 40, ""motion_timing_track_preserved"": 16}",{},{},0.022840512966084914,1.3704307779650948,0.1429564469921115,0.46270940156664686,0.5,0.8518031087505799,0.9999999993808567,0.6601540553984785,0.1161611858121552,0.5354507452397052,bounded_or_no_clear_room
mahnob_2630,2.79,3.3,4.79,4.02,4.8,5.69,3.99,0.2564130900497745,0.2468434903325357,0.2706290715430828,0.2486249458491951,0.2582587061611596,0.2621937901045231,0.2585548768474698,external_output_rate_t,2.79,4.02,1.2299999999999995,mahnob_2630.pkl,parh_ossm,True,False,,False,candidate_rate_posterior_final,bounded_correction_to_existing_readout,target_computable_downshift_specificity,1.0,0.1619482069269617,0.2039038857660977,1.0,0.2546264087936552,0.0,0.0,0.0,9.030463898913535e-11,0.7882499400928944,9.030463898913535e-11,0.0955008436685599,0.0,0.0,0.0,0.0,0.1844126628088877,0.9296244244362464,0.1648731154376455,0.6666666666666666,0.6666666666666666,0.6097286788825278,1.6149628620995134e-12,0.8831863082716436,0.1186652738312304,1.6149628620995134e-12,0.7886597778465475,0.1098583757024471,True,0.3723236499410078,0.4051801567407631,,,,,"{""G_DoF"": 1, ""G_DoF_bridge"": 5, ""G_OF"": 4}",,,,,False,0.3395018783915403,"{""harmonic_anchor"": 50, ""motion_timing_track_preserved"": 20}","{""harmonic_anchor"": 50, ""motion_timing_track_preserved"": 20}",{},{},0.015350299771987402,0.9210179863192441,0.1619482069269617,0.3206591755790562,0.6666666666666666,0.7886597778465475,0.9999999999983851,0.7564670069274754,0.1098583757024471,0.5375787166467942,source_selection_room_agreement_available
mahnob_2632,2.76,2.82,3.14,2.58,3.02,3.01,2.8,0.2479946888610937,0.2447213194834766,0.2433833750091352,0.2327448591570209,0.2311166674652675,0.2320026372122162,0.2399970930102099,final_track_hz,2.58,2.58,0.0,mahnob_2632.pkl,parh_ossm,True,False,,False,candidate_rate_posterior_final,bounded_correction_to_existing_readout,target_computable_downshift_specificity,1.0,0.132671666982677,0.1866681192802054,1.0,0.2862366535029984,0.0,0.0,0.2676612549363756,0.0009766432235736,0.8053924243302649,0.0009766432235736,0.1247085174936748,0.0,0.0,0.0,0.0,0.1384292282462771,0.9487411524092416,0.0719107817788833,0.5,0.5,0.5894762277340375,1.909907719109396e-06,0.9727842753312156,0.1263359651548064,1.909907719109396e-06,0.8116791314804683,0.1452632403893685,True,0.3799655369822691,0.5123154394847427,,,,,"{""G_DoF_bridge"": 7, ""G_OF"": 3}",,,,,False,0.1784408366242504,"{""harmonic_anchor"": 50, ""motion_timing_track_preserved"": 20}","{""harmonic_anchor"": 50, ""motion_timing_track_preserved"": 20}",{},{},0.015992051648877487,0.9595230989326492,0.132671666982677,0.058944693240013786,0.5,0.8116791314804683,0.9999980900922809,0.7476916822891165,0.1452632403893685,0.4519512828195592,bounded_or_no_clear_room
mahnob_2634,3.17,2.55,3.84,2.81,2.25,3.01,2.81,0.2455847011183304,0.2275022312878009,0.2535385599279889,0.242531093242659,0.2302832281663726,0.2410806383976135,0.2458242467772946,external_rate_posterior_mean_t,2.55,2.81,0.26000000000000023,mahnob_2634.pkl,parh_ossm,True,False,,False,candidate_rate_posterior_final,bounded_correction_to_existing_readout,target_computable_downshift_specificity,1.0,0.2276361451189857,0.219851825880986,1.0,0.0,0.0,0.0,0.0,3.2093016085490603e-09,0.847674212147216,3.2093016085490603e-09,0.045697738120951,0.0,0.0,0.0,0.0,0.2434186913399084,0.9010194013181394,0.2395872284074364,1.0,1.0,0.7389058537780665,1.0536791299766973e-12,0.9822644469177046,0.1566540497833649,1.0536791299766973e-12,0.8343961895196749,0.0496811431441661,True,0.353887315820251,0.4899563948806019,,,,,"{""G_DoF"": 6, ""G_OF"": 1}",,,,,False,0.6645917246429879,"{""harmonic_anchor"": 35, ""motion_timing_track_preserved"": 14}","{""harmonic_anchor"": 35, ""motion_timing_track_preserved"": 14}",{},{},0.01832201548949372,1.0993209293696231,0.2276361451189857,0.5665292150702923,1.0,0.8343961895196749,0.9999999999989463,0.7166787728270261,0.0496811431441661,0.6620740706898841,bounded_or_no_clear_room
mahnob_2636,2.23,1.84,2.5,2.5,2.7,2.73,2.5,0.2508481308879311,0.2400589658483375,0.2688411571178094,0.2521853682702268,0.2531223513828713,0.2527068352681073,0.2470198737315399,external_rate_posterior_mean_t,1.84,2.5,0.6599999999999999,mahnob_2636.pkl,parh_ossm,True,False,,False,candidate_rate_posterior_final,bounded_correction_to_existing_readout,target_computable_downshift_specificity,1.0,0.2263019402349999,0.2148148908021032,1.0,0.0,0.0,0.0,0.0,7.219190291455773e-09,0.7909362363380912,7.219190291455773e-09,0.0950057637682049,0.0,0.0,0.0,0.0,0.261360857924498,0.8858482456419026,0.337007959047096,0.6666666666666666,0.6666666666666666,0.7641312950540543,4.92051607078106e-12,0.9748120180639585,0.3374772384607711,4.92051607078106e-12,0.8275442303851904,0.0955858444655672,True,0.4505740207895226,0.7670694013610566,,,,,"{""G_DoF"": 7, ""G_DoF_bridge"": 3}",,,,,False,0.6020019737769632,"{""harmonic_anchor"": 48, ""motion_timing_track_preserved"": 20}","{""harmonic_anchor"": 48, ""motion_timing_track_preserved"": 20}",{},{},0.01264786941976978,0.7588721651861868,0.2263019402349999,0.6964239259429971,0.6666666666666666,0.8275442303851904,0.9999999999950795,0.7945643816010467,0.0955858444655672,0.6398897585179378,bounded_or_no_clear_room
mahnob_2638,2.39,2.09,3.64,2.65,2.54,3.27,2.58,0.2453352137450824,0.2326146807055711,0.2694590475323604,0.2430138771096113,0.2287213247142057,0.2398576833882188,0.241386760832413,external_rate_posterior_mean_t,2.09,2.65,0.56,mahnob_2638.pkl,parh_ossm,True,False,,False,candidate_rate_posterior_final,bounded_correction_to_existing_readout,target_computable_downshift_specificity,1.0,0.1725355992037647,0.180788564942035,1.0,0.0,0.0,0.0,0.0,6.216718954156636e-07,0.8171564976611313,6.216718954156636e-07,0.0930243146962003,0.082421294419673,0.0,0.082421294419673,0.0,0.1622067033438835,0.923578564324974,0.1365121251057411,0.6666666666666666,0.6666666666666666,0.6457805944156888,2.6657791640558992e-09,0.983534145440082,0.0770647896977701,2.6657791640558992e-09,0.8315267108030684,0.0991884000332402,True,0.3545807976131757,0.6542425456231421,,,,,"{""G_DoF_bridge"": 9, ""G_OF"": 2}",,,,,False,0.164842588839346,"{""harmonic_anchor"": 55, ""motion_timing_track_preserved"": 22}","{""harmonic_anchor"": 55, ""motion_timing_track_preserved"": 22}",{},{},0.012720533039511317,0.763231982370679,0.1725355992037647,0.2442711203845907,0.6666666666666666,0.8315267108030684,0.9999999973342208,0.793515330659718,0.0991884000332402,0.5361498231611005,bounded_or_no_clear_room
mahnob_264,3.09,1.21,2.14,2.07,1.86,1.98,1.99,0.2083544649989144,0.2452887175107325,0.2672390227820807,0.2323353697203617,0.2514904848395894,0.2550634977149424,0.2338104598316555,external_rate_posterior_mean_t,1.21,2.07,0.8599999999999999,mahnob_264.pkl,parh_ossm,True,False,,False,candidate_rate_posterior_final,bounded_correction_to_existing_readout,target_computable_downshift_specificity,1.0,0.1960638159597382,0.1905337065541664,1.0,0.0,0.0,0.0,0.0,9.72314153019344e-11,0.7826777464377143,9.72314153019344e-11,0.100400719898111,0.1610635696821516,0.1607579462102689,0.0003056234718826,0.0,0.1927130530108857,0.8999462944135892,0.2289008664006135,0.6666666666666666,0.6666666666666666,0.5177457442834227,2.6859601493895824e-14,0.9718819058787,0.0024365954972021,2.6859601493895824e-14,0.8017357177008758,0.1060464232962811,True,0.4397564885549823,0.6830707245737428,,,,,"{""G_DoF"": 1, ""G_DoF_bridge"": 1, ""G_OF"": 7}",,,,,False,0.3471882640586797,"{""harmonic_anchor"": 45, ""motion_timing_track_preserved"": 18}","{""harmonic_anchor"": 45, ""motion_timing_track_preserved"": 18}",{},{},0.046709032716028,2.80254196296168,0.1960638159597382,0.5280736987902751,0.6666666666666666,0.8017357177008758,0.9999999999999731,0.4277334147081443,0.1060464232962811,0.5570597505443032,source_selection_room_posterior_available
mahnob_2640,2.41,2.39,2.48,2.05,2.04,2.04,2.75,0.2461758970454286,0.241748648049095,0.2519016232908761,0.2392200976849305,0.2433474088450133,0.2422018757240192,0.2426623433720556,native_smoothed_track_hz,2.04,2.05,0.009999999999999787,mahnob_2640.pkl,parh_ossm,True,False,,False,candidate_rate_posterior_final,bounded_correction_to_existing_readout,target_computable_downshift_specificity,1.0,0.1825949736859692,0.1933510339437988,1.0,0.1793353962061079,0.0,0.0,0.0972689358267186,2.2142903751964134e-08,0.7936433338192985,2.2142903751964134e-08,0.0958867143639368,0.0,0.0,0.0,0.0,0.1944530465157502,0.9773475311378352,0.2144036319679768,0.6666666666666666,0.6666666666666666,0.5885392748120413,2.3999072059238577e-11,0.9898992848569002,0.1748974219440829,2.3999072059238577e-11,0.8215872423482442,0.1101178071261538,True,0.3641595442925973,0.4049490837141759,,,,,"{""G_DoF"": 8, ""G_DoF_bridge"": 1, ""G_OF"": 2}",,,,,False,0.3282658415175568,"{""harmonic_anchor"": 55, ""motion_timing_track_preserved"": 22}","{""harmonic_anchor"": 55, ""motion_timing_track_preserved"": 22}",{},{},0.006955799360498116,0.41734796162988697,0.1825949736859692,0.41115306607725094,0.6666666666666666,0.8215872423482442,0.999999999976001,0.8812013965023384,0.1101178071261538,0.5782258019231978,bounded_or_no_clear_room
mahnob_266,2.95,2.62,2.85,2.63,2.2,2.51,2.48,0.2664578057951671,0.2520031701978247,0.2664140226826745,0.2640306367965142,0.2584286588686529,0.2604076997258662,0.2595552074099598,state_freq_t,2.48,2.63,0.1499999999999999,mahnob_266.pkl,parh_ossm,True,False,,False,candidate_rate_posterior_final,bounded_correction_to_existing_readout,target_computable_downshift_specificity,1.0,0.1904940901597412,0.2010466988509639,1.0,0.0,0.0,0.0,0.0,7.581675879432594e-08,0.7651951925221354,7.581675879432594e-08,0.0913558430030054,0.0738677645919108,0.0,0.0738677645919108,0.0,0.1939500425479394,0.8850441475292675,0.1769492669219971,0.8333333333333333,0.8333333333333333,0.7543376822305901,8.299493182207172e-12,0.9620578308540726,0.0137691489613475,8.299493182207172e-12,0.788348333493538,0.106284297462712,True,0.393147460703698,0.5675492884653373,,,,,"{""G_DoF_bridge"": 9, ""G_OF"": 3}",,,,,False,0.4829256478566239,"{""harmonic_anchor"": 60, ""motion_timing_track_preserved"": 21}","{""harmonic_anchor"": 60, ""motion_timing_track_preserved"": 21}",{},{},0.014454635597342391,0.8672781358405435,0.1904940901597412,0.4003563450158124,0.8333333333333333,0.788348333493538,0.9999999999917005,0.7688867755171231,0.106284297462712,0.5872072893713246,bounded_or_no_clear_room
mahnob_268,4.74,3.73,5.31,4.42,4.06,4.25,4.48,0.2846130650728449,0.2677020253519785,0.2992732816589936,0.278193688211907,0.2763643389260782,0.2752048375720384,0.28,external_rate_posterior_mean_t,3.73,4.42,0.69,mahnob_268.pkl,parh_ossm,True,False,,False,candidate_rate_posterior_final,bounded_correction_to_existing_readout,target_computable_downshift_specificity,1.0,0.2080618299518082,0.1890381840156952,1.0,0.0,0.0,0.0,0.0,8.137593759417839e-06,0.7722676128564027,8.137593759417839e-06,0.096146169436365,0.0,0.0,0.0,0.0,0.2141784520232391,0.7876060579586834,0.1353967746856069,0.6666666666666666,0.6666666666666666,0.7328546526838128,1.3091507098534081e-09,0.9819451445201864,0.0008253454611502,1.3091507098534081e-09,0.7981788874475948,0.1044677003481805,True,0.3520735102875114,0.8311939388871882,,,,,"{""G_DoF_bridge"": 4, ""G_OF"": 3}",,,,,False,0.3803331978870378,"{""harmonic_anchor"": 35, ""motion_timing_track_preserved"": 14}","{""harmonic_anchor"": 35, ""motion_timing_track_preserved"": 14}",{},{},0.016911039720866383,1.014662383251983,0.2080618299518082,0.38757076283138336,0.6666666666666666,0.7981788874475948,0.9999999986908493,0.7353023899565789,0.1044677003481805,0.5623399119358351,bounded_or_no_clear_room
mahnob_270,1.21,0.97,1.51,0.96,0.81,1.02,1.11,0.2901837457038193,0.2746546470171899,0.298088862734096,0.280066751848119,0.2733630899945973,0.2805999223765379,0.28668208735002,final_track_hz,0.96,0.96,0.0,mahnob_270.pkl,parh_ossm,True,False,,False,candidate_rate_posterior_final,bounded_correction_to_existing_readout,target_computable_downshift_specificity,1.0,0.2048239903840374,0.2408453250577397,1.0,0.0,0.0,0.0,0.0,4.78661434269825e-09,0.7971172197307609,4.78661434269825e-09,0.0790974938766103,0.2162098298676748,0.0,0.2162098298676748,0.0,0.2660388972275828,0.8581621420041008,0.2524362176019817,0.8333333333333333,0.8333333333333333,0.7173753105327685,5.059799206215176e-10,0.9815332527752784,0.0007850504787747,5.059799206215176e-10,0.8166183539460417,0.0841249734308841,True,0.3509364216920602,0.5226892703003361,,,,,"{""G_DoF_bridge"": 5, ""G_OF"": 7}",,,,,False,0.7206994328922496,"{""harmonic_anchor"": 59, ""motion_timing_track_preserved"": 24}","{""harmonic_anchor"": 59, ""motion_timing_track_preserved"": 24}",{},{},0.015529098686629383,0.931745921197763,0.2048239903840374,0.6492452358468654,0.8333333333333333,0.8166183539460417,0.9999999994940201,0.7540118093357654,0.0841249734308841,0.6455364813718798,bounded_or_no_clear_room
mahnob_272,2.31,2.71,3.0,2.1,1.98,2.0,2.37,0.2279115301513272,0.2175225036082893,0.2330198247717357,0.2344047897278918,0.2496574381527633,0.2450489325720771,0.2570510655874809,native_smoothed_track_hz,2.0,2.1,0.10000000000000009,mahnob_272.pkl,parh_ossm,True,False,,False,candidate_rate_posterior_final,bounded_correction_to_existing_readout,target_computable_downshift_specificity,1.0,0.143416342786663,0.17704396629544,1.0,0.1570545829042224,0.0,0.0,0.2355818743563336,2.102643913934823e-15,0.7279747246547726,2.102643913934823e-15,0.1518005402665574,0.0,0.0,0.0,0.0,0.1485193589414248,0.9681263307766764,0.2403446494955534,0.6666666666666666,0.6666666666666666,0.7492652690596385,5.1225475104961e-26,0.7525238169654298,0.3169291037415124,5.1225475104961e-26,0.7322035266293401,0.1577833927632059,True,0.3655585407989934,0.7180992267975984,,,,,"{""G_DoF"": 8, ""G_DoF_bridge"": 3}",,,,,False,0.0,"{""harmonic_anchor"": 55, ""motion_timing_track_preserved"": 22}","{""harmonic_anchor"": 55, ""motion_timing_track_preserved"": 22}",{},{},0.039528561979191607,2.3717137187514963,0.143416342786663,0.48252532712438034,0.6666666666666666,0.7322035266293401,1.0,0.4873848961450502,0.1577833927632059,0.5251498304541272,bounded_or_no_clear_room
mahnob_2732,,3.75,4.42,7.38,5.88,7.28,8.23,,0.2206812609157792,0.1997731928925814,0.1445484404650008,0.1446542737781349,0.1481093691331249,0.1230045112109562,external_rate_posterior_mean_t,3.75,7.38,3.63,mahnob_2732.pkl,parh_ossm,False,True,no_supported_readout_windows,True,abstained_no_supported_readout_windows,none,no_supported_readout_windows,0.0,,,,,,,,,,,,,,,,,,,,,,,,,,,,False,,,,,,,{},,,,,False,,{},{},{},{},0.097676749704823,5.86060498228938,0.0,0.0,0.0,0.0,1.0,0.16932405688898,0.0,0.166932405688898,oracle_room_but_gtfree_evidence_weak
mahnob_2734,,1.61,1.81,3.6,3.24,3.56,3.82,,0.2171130164810627,0.191659548877733,0.1562729010073336,0.155513059795589,0.1570006932814326,0.153642866537271,external_rate_posterior_mean_t,1.61,3.6,1.99,mahnob_2734.pkl,parh_ossm,False,True,no_supported_readout_windows,True,abstained_no_supported_readout_windows,none,no_supported_readout_windows,0.0,,,,,,,,,,,,,,,,,,,,,,,,,,,,False,,,,,,,{},,,,,False,,{},{},{},{},0.06347014994379171,3.808208996627503,0.0,0.0,0.0,0.0,1.0,0.31537189223757556,0.0,0.18153718922375756,oracle_room_but_gtfree_evidence_weak
mahnob_2736,4.06,2.02,2.35,3.16,1.98,2.31,2.6,0.2717656829571767,0.2648608438773713,0.2930891676296682,0.2570276078594524,0.2677012631714022,0.2802399998032623,0.2696932791976278,external_rate_posterior_mean_t,2.02,3.16,1.1400000000000001,mahnob_2736.pkl,parh_ossm,True,False,,False,candidate_rate_posterior_final,bounded_correction_to_existing_readout,target_computable_downshift_specificity,1.0,0.1596572756395085,0.1768493501609163,1.0,0.2048354600402955,0.0,0.0,0.0682784866800985,1.0795563233817379e-10,0.7625952730173485,1.0795563233817379e-10,0.1212534476562009,0.0,0.0,0.0,0.0,0.1612090863813913,0.9617638143776664,0.1235359805573499,0.6666666666666666,0.6666666666666666,0.4929729407032928,5.011042855242475e-15,0.9621439642928622,0.0127300303368881,5.011042855242475e-15,0.7871896846018839,0.1200838977210957,True,0.3743653845922798,0.5645836703500293,,,,,"{""G_DoF"": 3, ""G_DoF_bridge"": 8, ""G_OF"": 2}",,,,,False,0.3854936198791135,"{""harmonic_anchor"": 65, ""motion_timing_track_preserved"": 26}","{""harmonic_anchor"": 65, ""motion_timing_track_preserved"": 26}",{},{},0.023212391943809918,1.392743516628595,0.1596572756395085,0.17020194943132402,0.6666666666666666,0.7871896846018839,0.999999999999995,0.6557055222139784,0.1200838977210957,0.4955953239357121,source_selection_room_agreement_available
mahnob_2738,,3.64,2.23,4.54,4.65,3.76,4.47,,0.2284909676977509,0.264596776953538,0.1986488581815891,0.195493592374275,0.2062183803437499,0.216791830424036,external_rate_posterior_mean_t,3.64,4.54,0.8999999999999999,mahnob_2738.pkl,parh_ossm,False,True,no_supported_readout_windows,True,abstained_no_supported_readout_windows,none,no_supported_readout_windows,0.0,,,,,,,,,,,,,,,,,,,,,,,,,,,,False,,,,,,,{},,,,,False,,{},{},{},{},0.029842109516161813,1.7905265709697087,0.0,0.0,0.0,0.0,1.0,0.5812444855305987,0.0,0.20812444855305987,source_selection_room_agreement_available
mahnob_274,1.07,1.55,1.04,0.96,1.55,1.37,0.95,0.2508442138899902,0.2334938458188261,0.2481705827844788,0.2583977010795345,0.2578946827092448,0.2627519994160192,0.2561536608803642,state_freq_t,0.95,0.96,0.010000000000000009,mahnob_274.pkl,parh_ossm,True,False,,False,candidate_rate_posterior_final,bounded_correction_to_existing_readout,target_computable_downshift_specificity,1.0,0.1696662558765218,0.2010987245312173,1.0,0.1191335740072202,0.0,0.0,0.0,1.2220107195649418e-10,0.8124832386441628,1.2220107195649418e-10,0.0945592097623878,0.1101083032490974,0.0,0.1101083032490974,0.0,0.200429279344548,0.9114474580229208,0.2524407458659073,0.6666666666666666,0.6666666666666666,0.8812610726971382,1.6668111208452218e-17,0.88172678796091,0.4360112132108756,1.6668111208452218e-17,0.8089159977554414,0.1060947685941648,True,0.5630767795009843,0.5251309387959731,,,,,"{""G_DoF"": 4, ""G_DoF_bridge"": 4}",,,,,False,0.4404332129963899,"{""harmonic_anchor"": 40, ""motion_timing_track_preserved"": 16}","{""harmonic_anchor"": 40, ""motion_timing_track_preserved"": 16}",{},{},0.02925815359719308,1.755489215831585,0.1696662558765218,0.5828504489772338,0.6666666666666666,0.8089159977554414,1.0,0.5874486570489388,0.1060947685941648,0.5784594422733708,bounded_or_no_clear_room
mahnob_2740,4.33,4.9,3.72,3.63,2.92,2.94,3.91,0.2476127733314804,0.2379250938077845,0.2599147554745621,0.2622971254243873,0.2550362955282632,0.2693372100362848,0.2513301464670565,native_smoothed_track_hz,2.94,3.63,0.69,mahnob_2740.pkl,parh_ossm,True,False,,False,candidate_rate_posterior_final,bounded_correction_to_existing_readout,target_computable_downshift_specificity,1.0,0.1950272278652616,0.1991470500565475,1.0,0.0,0.0,0.0,0.0,1.0071880263188574e-11,0.8052043553447427,1.0071880263188574e-11,0.0945280372554576,0.0503373118837571,0.0,0.0503373118837571,0.0,0.1871057587795973,0.9436484105645708,0.2912800203037398,0.6666666666666666,0.6666666666666666,0.7084472958969922,1.2608358121782423e-16,0.9809174943692812,0.1735618210250869,1.2608358121782423e-16,0.8109085652978941,0.1067274304106319,True,0.3666938514724002,0.5802142293638698,,,,,"{""G_DoF"": 4, ""G_DoF_bridge"": 6, ""G_OF"": 1}",,,,,False,0.3165542293720809,"{""harmonic_anchor"": 55, ""motion_timing_track_preserved"": 22}","{""harmonic_anchor"": 55, ""motion_timing_track_preserved"": 22}",{},{},0.03141211622850029,1.8847269737100176,0.1950272278652616,0.6237727411913486,0.6666666666666666,0.8109085652978941,0.9999999999999999,0.5648871027335398,0.1067274304106319,0.59096360723156,bounded_or_no_clear_room
mahnob_2742,,3.7,3.03,8.13,6.69,7.75,6.87,,0.2381897350316304,0.2360060215918905,0.1642383669094265,0.1817790062912255,0.173507836124481,0.193852788476932,external_rate_posterior_mean_t,3.7,8.13,4.430000000000001,mahnob_2742.pkl,parh_ossm,False,True,no_supported_readout_windows,True,abstained_no_supported_readout_windows,none,no_supported_readout_windows,0.0,,,,,,,,,,,,,,,,,,,,,,,,,,,,False,,,,,,,{},,,,,False,,{},{},{},{},0.0739513681222039,4.437082087332234,0.0,0.0,0.0,0.0,1.0,0.2606516781413653,0.0,0.17606516781413653,oracle_room_but_gtfree_evidence_weak
mahnob_2744,4.67,4.01,4.67,5.52,5.19,5.45,5.69,0.1893560947007698,0.1972138735996297,0.1854364007188199,0.1737017915925975,0.1674232900770514,0.1702177063751025,0.1811613554659193,external_rate_posterior_mean_t,4.01,5.52,1.5099999999999998,mahnob_2744.pkl,parh_ossm,True,False,,False,candidate_rate_posterior_final,bounded_correction_to_existing_readout,target_computable_downshift_specificity,1.0,0.2378295130475411,0.2364843254570516,1.0,0.0,0.0,0.0,0.0,0.0,0.471899464190467,0.0,0.1644746443334795,0.0,0.0,0.0,0.0,0.29035996371237,0.8491952156942483,0.2807559432699483,1.0,1.0,0.6001416798087572,0.0,0.35,0.0109087644819687,0.0,0.4698544899619347,0.1590436530114196,True,0.3777422066466413,0.9987786190765852,,,,,"{""G_DoF"": 7, ""G_DoF_bridge"": 1}",,,,,False,0.9301509836815616,"{""motion_timing_track_preserved"": 18}","{""motion_timing_track_preserved"": 18}",{},{},0.02699616722452719,1.6197700334716314,0.2378295130475411,0.7388767770482257,1.0,0.4698544899619347,1.0,0.6121123688558667,0.1590436530114196,0.6230177787502654,source_selection_room_posterior_available
mahnob_2746,0.64,0.58,1.37,0.73,1.33,0.75,0.85,0.2405498484043559,0.2406852498500517,0.2834334877780542,0.2430521990647131,0.2261781401998453,0.243512562351497,0.2372111530635103,external_rate_posterior_mean_t,0.58,0.73,0.15000000000000002,mahnob_2746.pkl,parh_ossm,True,False,,False,candidate_rate_posterior_final,bounded_correction_to_existing_readout,target_computable_downshift_specificity,1.0,0.1679606062037502,0.1707535729880355,1.0,0.0,0.0,0.0,0.0,0.0220118460156647,0.78772577891284,0.0220118460156647,0.1307894217224723,0.0204175269557237,0.0,0.0204175269557237,0.0,0.1407331315618722,0.949091014616544,0.2074219366331256,0.6666666666666666,0.6666666666666666,0.6594189786950544,0.0031583556076532,0.978894360194842,0.0729083980872734,0.0031583556076532,0.7997861669499969,0.1446006284870375,True,0.4361279867713705,0.867030837171834,,,,,"{""G_DoF_bridge"": 3, ""G_OF"": 3}",,,,,False,0.0,"{""harmonic_anchor"": 30, ""motion_timing_track_preserved"": 12}","{""harmonic_anchor"": 30, ""motion_timing_track_preserved"": 12}",{},{},0.006301409287986698,0.37808455727920187,0.1679606062037502,0.40946593743692594,0.6666666666666666,0.7997861669499969,0.9968416443923468,0.8917485524945095,0.1446006284870375,0.5680923031404215,bounded_or_no_clear_room
mahnob_2748,5.32,3.43,6.45,4.23,2.64,2.44,3.38,0.1908384050991319,0.2066646617992059,0.1588548440344754,0.1961600997696708,0.2089187361648723,0.2241938200838535,0.2180357984072406,native_smoothed_track_hz,2.44,4.23,1.7900000000000005,mahnob_2748.pkl,parh_ossm,True,False,,False,candidate_rate_posterior_final,bounded_correction_to_existing_readout,target_computable_downshift_specificity,1.0,0.1650562825787803,0.1881998126647209,1.0,0.1799410029498525,0.0,0.0,0.0,0.0022346431609617,0.7530533013756494,0.0022346431609617,0.1175005747284691,0.0,0.0,0.0,0.0,0.1705491270348827,0.9087299261825972,0.1653200844137872,0.6666666666666666,0.6666666666666666,0.6364228672501719,1.104415171856668e-21,0.9311036870645576,0.0312684716537066,1.104415171856668e-21,0.7533261339939015,0.1263466943589249,True,0.5372798356450161,0.7863392521651109,,,,,"{""G_DoF"": 9, ""G_DoF_bridge"": 1}",,,,,False,0.0,"{""harmonic_anchor"": 50, ""motion_timing_track_preserved"": 20}","{""harmonic_anchor"": 50, ""motion_timing_track_preserved"": 20}",{},{},0.03335541498472158,2.001324899083295,0.1650562825787803,0.34001013136229413,0.6666666666666666,0.7533261339939015,1.0,0.5452765997262807,0.1263466943589249,0.5141580075529747,source_selection_room_agreement_available
mahnob_2750,4.31,5.83,3.3,5.85,8.81,7.34,6.49,0.2376090845072258,0.2102869363219545,0.2534424570488129,0.201659759222441,0.143153670389831,0.1633963837033798,0.1969644301047378,external_output_rate_t,4.31,5.85,1.54,mahnob_2750.pkl,parh_ossm,True,False,,False,candidate_rate_posterior_final,bounded_correction_to_existing_readout,target_computable_downshift_specificity,1.0,0.2093528078282544,0.2168550329892517,1.0,0.0,0.0,0.1609353507565337,0.0,0.0280509701113097,0.7942576345866588,0.0280509701113097,0.1271507431852227,0.3356258596973865,0.3356258596973865,0.0,0.0,0.2194593015987887,0.866147847387156,0.3400345749361907,0.6666666666666666,0.6666666666666666,0.8625917142138019,0.0250423540108176,0.9711973418914026,0.3035411675888418,0.0250423540108176,0.7944609817671218,0.1270873268171791,True,0.2814684786942805,0.9023446551846968,,,,,"{""G_DoF_bridge"": 3, ""G_OF"": 1}",,,,,False,0.502888583218707,"{""harmonic_anchor"": 18, ""motion_timing_track_preserved"": 8}","{""harmonic_anchor"": 18, ""motion_timing_track_preserved"": 8}",{},{},0.07421270080384598,4.452762048230759,0.2093528078282544,0.7077440129326018,0.6666666666666666,0.7944609817671218,0.9749576459891824,0.25941612851547724,0.1270873268171791,0.5725326788768594,source_selection_room_posterior_available
mahnob_2752,1.7,1.67,1.98,1.68,1.69,1.59,1.81,0.2972655824282736,0.2754513654802625,0.3125003614920686,0.2929810969304776,0.2948300825489411,0.2927573513692236,0.2902318395596064,native_smoothed_track_hz,1.59,1.68,0.08999999999999986,mahnob_2752.pkl,parh_ossm,True,False,,False,candidate_rate_posterior_final,bounded_correction_to_existing_readout,target_computable_downshift_specificity,1.0,0.2499494383392514,0.2517909089432311,1.0,0.0,0.0,0.0,0.0,2.0144316170485868e-10,0.8889435199998444,2.0144316170485868e-10,0.0333169441108404,0.1921259842519685,0.1921259842519685,0.0,0.0,0.2988475190159637,0.8152986814366865,0.3444487919748595,1.0,1.0,0.8346603280594558,4.692675231252635e-11,0.9954241761038832,0.3634467959874183,4.692675231252635e-11,0.8886701979405993,0.0333989406300963,True,0.4629174700475055,0.4056885922408607,,,,,"{""G_DoF_bridge"": 3, ""G_OF"": 1}",,,,,False,0.9606299212598424,"{""harmonic_anchor"": 20, ""motion_timing_track_preserved"": 8}","{""harmonic_anchor"": 20, ""motion_timing_track_preserved"": 8}",{},{},0.02181421694801111,1.3088530168806667,0.2499494383392514,0.7744708223665062,1.0,0.8886701979405993,0.9999999999530732,0.6725881309669212,0.0333989406300963,0.7146009727758474,bounded_or_no_clear_room
mahnob_2754,4.56,4.04,2.33,3.38,3.69,3.13,2.64,0.2020716833744389,0.2218711047731218,0.2682562034498366,0.2273265220022432,0.2323538384582109,0.2387687694071225,0.2273763560467067,state_freq_t,2.64,3.38,0.7399999999999998,mahnob_2754.pkl,parh_ossm,True,False,,False,candidate_rate_posterior_final,bounded_correction_to_existing_readout,target_computable_downshift_specificity,1.0,0.1512199571069573,0.1690553689411967,1.0,0.2165808627729451,0.0,0.1340315995029291,0.0,0.0509038971161392,0.8336890037258959,0.0509038971161392,0.1225185150329143,0.0,0.0,0.0,0.0,0.1555116945223835,0.961605467537424,0.1561269037890796,0.6666666666666666,0.6666666666666666,0.5911452617002209,0.0595756226160516,0.9928618604913856,0.2089006695340612,0.0595756226160516,0.849513940752084,0.1212595942385507,True,0.3868672682501672,0.6915087344959667,,,,,"{""G_DoF_bridge"": 2, ""G_OF"": 6}",,,,,False,0.0,"{""harmonic_anchor"": 40, ""motion_timing_track_preserved"": 16}","{""harmonic_anchor"": 40, ""motion_timing_track_preserved"": 16}",{},{},0.036697086032683596,2.2018251619610156,0.1512199571069573,0.2588458567870215,0.6666666666666666,0.849513940752084,0.9404243773839484,0.5131332371214772,0.1212595942385507,0.4972522726428411,bounded_or_no_clear_room
mahnob_2756,7.38,4.65,7.89,8.52,8.25,8.81,8.8,0.1817911382296773,0.2321724262470387,0.1692749128495162,0.1648990230051883,0.1541073076970475,0.1528307103504533,0.1580735798470278,external_rate_posterior_mean_t,4.65,8.52,3.869999999999999,mahnob_2756.pkl,parh_ossm,True,False,,False,candidate_rate_posterior_final,bounded_correction_to_existing_readout,target_computable_downshift_specificity,1.0,0.2324559874300889,0.2158440308841067,1.0,0.0,0.0,0.0,0.0,0.0,0.4669228880002954,0.0,0.1661532869075938,0.0,0.0,0.0,0.0,0.2863959137081947,0.894342519078988,0.3525390439880321,1.0,1.0,0.5799327973510494,0.0,0.3486038968232691,0.0001389302732531,0.0,0.4661908601503566,0.1602783398522821,True,0.3945889492032549,0.9982193050994754,,,,,"{""G_DoF"": 11}",,,,,False,0.5152027027027027,"{""motion_timing_track_preserved"": 24}","{""motion_timing_track_preserved"": 24}",{},{},0.0793417158965854,4.760502953795124,0.2324559874300889,0.6929366636626509,1.0,0.4661908601503566,1.0,0.23631806396433658,0.1602783398522821,0.5742339310238114,source_selection_room_posterior_available
mahnob_2758,6.96,6.39,6.82,7.67,7.4,7.77,7.96,0.1679972051766238,0.1729253935237496,0.1669813962894349,0.1402610678575293,0.1331301442151096,0.1353551671965496,0.1430672778144953,external_rate_posterior_mean_t,6.39,7.67,1.2800000000000002,mahnob_2758.pkl,parh_ossm,True,False,,False,candidate_rate_posterior_final,bounded_correction_to_existing_readout,target_computable_downshift_specificity,1.0,0.2667154798799146,0.2369282538904407,1.0,0.0,0.0,0.0,0.0,0.0,0.5216262216510439,0.0,0.1510626537437912,0.0,0.0,0.0,0.0,0.3764360562760495,0.7754624835938108,0.3502920567377481,1.0,1.0,0.6587616689854393,0.0,0.35,0.0509344729338146,0.0,0.4766588603987484,0.1570802810827111,True,0.4361473048484913,0.96144965724756,,,,,"{""G_DoF"": 7, ""G_DoF_bridge"": 1}",,,,,False,1.0,"{""motion_timing_track_preserved"": 18}","{""motion_timing_track_preserved"": 18}",{},{},0.0375702263272,2.254213579632,0.2667154798799146,0.8298247276613991,1.0,0.4766588603987484,1.0,0.5050514245339354,0.1570802810827111,0.6389397589071931,source_selection_room_posterior_available
mahnob_276,2.46,1.7,2.37,2.1,1.53,2.22,1.86,0.3071691052312165,0.2815166615830202,0.3088436211011604,0.3029363742546571,0.2930142823278129,0.3058449359952336,0.2925096134966476,external_rate_posterior_mean_t,1.7,2.1,0.40000000000000013,mahnob_276.pkl,parh_ossm,True,False,,False,candidate_rate_posterior_final,bounded_correction_to_existing_readout,target_computable_downshift_specificity,1.0,0.1420259225769656,0.1673819026925973,1.0,0.0,0.0,0.0,0.0846399333980851,2.0172689276666387e-13,0.7041746753922012,2.0172689276666387e-13,0.1544920981364524,0.2539198001942556,0.0,0.2539198001942556,0.0,0.1557939282948137,0.9155316219054932,0.2059050744145478,0.6666666666666666,0.6666666666666666,0.5234380214089656,1.255649450696584e-14,0.7512308450644296,0.0154586516878516,1.255649450696584e-14,0.695277290139846,0.1578598595434136,True,0.4902995797859452,0.4123768111891022,,,,,"{""G_DoF_bridge"": 8, ""G_P1D_cons"": 2}",,,,,False,0.0,"{""harmonic_anchor"": 50, ""motion_timing_track_preserved"": 20}","{""harmonic_anchor"": 50, ""motion_timing_track_preserved"": 20}",{},{},0.0256524436481963,1.539146618891778,0.1420259225769656,0.441866118393476,0.6666666666666666,0.695277290139846,0.9999999999999875,0.6272512716909271,0.1578598595434136,0.5251104390586631,bounded_or_no_clear_room
mahnob_2760,4.48,4.48,4.62,5.17,4.49,4.87,5.93,0.1994256065774937,0.1986859392844613,0.1957950788206058,0.1808266888172444,0.1854344290169921,0.1853032478573018,0.1776413207194186,external_output_rate_t,4.48,5.17,0.6899999999999995,mahnob_2760.pkl,parh_ossm,True,False,,False,candidate_rate_posterior_final,bounded_correction_to_existing_readout,target_computable_downshift_specificity,1.0,0.2971065108851573,0.3052285741803624,1.0,0.0,0.0,0.0,0.0,0.0,0.5793035213889708,0.0,0.1420356856286084,0.0,0.0,0.0,0.0,0.4528597745052253,0.6926938436125633,0.5141837797967711,1.0,1.0,0.9492188538401768,0.0,0.3499986729535045,0.6873838688307123,0.0,0.5834027770751817,0.1296657249484794,True,0.4055941819177079,0.739584731019618,,,,,"{""G_DoF"": 11}",,,,,False,0.8486727859092037,"{""motion_timing_track_preserved"": 24}","{""motion_timing_track_preserved"": 24}",{},{},0.021784285858075098,1.3070571514845057,0.2971065108851573,0.8905719549010451,1.0,0.5834027770751817,1.0,0.6729542541409889,0.1296657249484794,0.6942302881820267,bounded_or_no_clear_room
mahnob_2762,4.11,4.29,4.0,4.7,4.72,4.96,5.51,0.218164864953168,0.2176389229690535,0.2173709957984973,0.2024652615709388,0.198933474683913,0.1955393440124022,0.1896371652490657,external_output_rate_t,4.11,4.7,0.5899999999999999,mahnob_2762.pkl,parh_ossm,True,False,,False,candidate_rate_posterior_final,bounded_correction_to_existing_readout,target_computable_downshift_specificity,1.0,0.2428404766502603,0.2419771137692145,1.0,0.0,0.0,0.0,0.0,0.0,0.5248232169768101,0.0,0.1425530349069569,0.0,0.0,0.0,0.0,0.3084878556377514,0.8193979357185153,0.3507213434229768,1.0,1.0,0.7580432717688934,0.0,0.35,0.236571067746202,0.0,0.5082170815168543,0.1475348755449436,True,0.4203890799196929,0.83669047596975,,,,,"{""G_DoF"": 10}",,,,,False,0.9997037037037036,"{""motion_timing_track_preserved"": 20}","{""motion_timing_track_preserved"": 20}",{},{},0.028527699704102294,1.7116619822461376,0.2428404766502603,0.772299635409035,1.0,0.5082170815168543,1.0,0.59530258935662,0.1475348755449436,0.6361793798530679,bounded_or_no_clear_room
mahnob_2764,5.29,5.5,4.85,6.35,6.51,6.56,6.49,0.2097073347837133,0.2065867050534661,0.2112771399157004,0.1945005377291685,0.1795774690299418,0.1919783646436985,0.1919668353988459,external_output_rate_t,5.29,6.35,1.0599999999999996,mahnob_2764.pkl,parh_ossm,True,False,,False,candidate_rate_posterior_final,bounded_correction_to_existing_readout,target_computable_downshift_specificity,1.0,0.2649105306378787,0.2619393543921254,1.0,0.0,0.0,0.0,0.0,0.0,0.5423574073300099,0.0,0.137292777800997,0.0,0.0,0.0,0.0,0.3666313969625993,0.763987370566402,0.4011452932030976,1.0,1.0,0.8611929996717828,0.0,0.35,0.4939783627727866,0.0,0.5519763216713737,0.1344071034985879,True,0.4185905125198587,0.8888852104445425,,,,,"{""G_DoF"": 8, ""G_DoF_bridge"": 1}",,,,,False,1.0,"{""motion_timing_track_preserved"": 18}","{""motion_timing_track_preserved"": 18}",{},{},0.01774049938486741,1.0644299630920444,0.2649105306378787,0.839338908826118,1.0,0.5519763216713737,1.0,0.7242964317524737,0.1344071034985879,0.6758807955007878,source_selection_room_posterior_available
mahnob_2766,,2.82,3.15,5.37,4.4,5.28,4.93,,0.2013954924916373,0.1918323785549498,0.1405865954203826,0.152219918984063,0.142990783340388,0.1633844830686841,external_rate_posterior_mean_t,2.82,5.37,2.5500000000000003,mahnob_2766.pkl,parh_ossm,False,True,no_supported_readout_windows,True,abstained_no_supported_readout_windows,none,no_supported_readout_windows,0.0,,,,,,,,,,,,,,,,,,,,,,,,,,,,False,,,,,,,{},,,,,False,,{},{},{},{},0.0608088970712547,3.648533824275282,0.0,0.0,0.0,0.0,1.0,0.3310068164255507,0.0,0.18310068164255505,oracle_room_but_gtfree_evidence_weak
mahnob_2768,,4.96,5.97,5.99,6.29,5.95,7.16,,0.1963625511463182,0.180521958045644,0.1619807405922313,0.1536737628422827,0.1620660321877099,0.157973871531319,external_rate_posterior_mean_t,4.96,5.99,1.0300000000000002,mahnob_2768.pkl,parh_ossm,False,True,no_supported_readout_windows,True,abstained_no_supported_readout_windows,none,no_supported_readout_windows,0.0,,,,,,,,,,,,,,,,,,,,,,,,,,,,False,,,,,,,{},,,,,False,,{},{},{},{},0.0383886796149992,2.3033207768999517,0.0,0.0,0.0,0.0,1.0,0.49759141376573357,0.0,0.19975914137657336,source_selection_room_agreement_available
mahnob_2770,9.78,8.79,10.29,10.19,9.3,10.32,10.18,0.1277322078536497,0.1443617744965782,0.1156932465459393,0.1202401021347878,0.1149696153434364,0.1206869533400567,0.1380713683083915,external_rate_posterior_mean_t,8.79,10.19,1.4000000000000004,mahnob_2770.pkl,parh_ossm,True,False,,False,candidate_rate_posterior_final,bounded_correction_to_existing_readout,target_computable_downshift_specificity,1.0,0.3281511484565316,0.3298496483016672,1.0,0.0,0.0,0.0,0.0,0.0,0.5162638809324092,0.0,0.1451208357202772,0.0,0.0,0.0,0.0,0.5580037784848927,0.6940856366108565,0.6889659877062781,1.0,1.0,0.6859465207879654,0.0,0.3496565703518455,0.0767004755682553,0.0,0.4801153824309796,0.155965385270706,True,0.5083364705350303,0.9788148826647124,,,,,"{""G_DoF"": 7}",,,,,False,1.0,"{""motion_timing_track_preserved"": 20}","{""motion_timing_track_preserved"": 20}",{},{},0.0241216723617904,1.447300341707424,0.3281511484565316,0.9116007556969786,1.0,0.4801153824309796,1.0,0.6449542718066316,0.155965385270706,0.6852741342717682,source_selection_room_posterior_available
mahnob_278,1.29,1.86,1.03,1.83,1.8,2.43,1.41,0.26308850772968,0.2442134521786188,0.2633361269069503,0.2536803467292782,0.2444055220460237,0.2535709405525955,0.259671061520688,external_output_rate_t,1.29,1.83,0.54,mahnob_278.pkl,parh_ossm,True,False,,False,candidate_rate_posterior_final,bounded_correction_to_existing_readout,target_computable_downshift_specificity,1.0,0.1872817444487557,0.1832910025536206,1.0,0.0,0.0,0.0,0.0,3.669845789829964e-06,0.8340254418369741,3.669845789829964e-06,0.089721351911518,0.1376198533558939,0.0688099266779469,0.0688099266779469,0.0,0.2001218049223501,0.9474661750127492,0.1949362990727507,0.6666666666666666,0.6666666666666666,0.7098538468088227,1.4808815249088896e-08,0.9808401511128048,0.1550108646520976,1.4808815249088896e-08,0.8404054424051001,0.0859086494787611,True,0.4234986786678326,0.5012425751108313,,,,,"{""G_DoF"": 3, ""G_DoF_bridge"": 8, ""G_OF"": 2}",,,,,False,0.4128595600676819,"{""harmonic_anchor"": 65, ""motion_timing_track_preserved"": 26}","{""harmonic_anchor"": 65, ""motion_timing_track_preserved"": 26}",{},{},0.0188750555510612,1.132503333063672,0.1872817444487557,0.3886330084217852,0.6666666666666666,0.8404054424051001,0.9999999851911847,0.7095084815420626,0.0859086494787611,0.5629678351423189,bounded_or_no_clear_room
mahnob_28,2.36,1.86,2.73,2.8,2.96,2.97,3.01,0.2740118837629792,0.2648692806821242,0.2894164181468638,0.2894327927975888,0.284108904028353,0.2916023491637965,0.2820630925661384,external_rate_posterior_mean_t,1.86,2.8,0.9399999999999997,mahnob_28.pkl,parh_ossm,True,False,,False,candidate_rate_posterior_final,bounded_correction_to_existing_readout,target_computable_downshift_specificity,1.0,0.1664007629794186,0.1649088322821519,1.0,0.0,0.0,0.0,0.0,6.752050261793948e-11,0.8141057178876984,6.752050261793948e-11,0.1027481054152783,0.1112854421158803,0.0,0.1112854421158803,0.0,0.1627253352034157,0.9328135994566902,0.1520349680287668,0.6666666666666666,0.6666666666666666,0.6304561114481645,1.3152847742259344e-12,0.9789228944448016,0.1794102218462681,1.3152847742259344e-12,0.8294166267659087,0.117281134097778,True,0.5064826192955953,0.511844585590614,,,,,"{""G_DoF"": 8, ""G_DoF_bridge"": 2, ""G_OF"": 3}",,,,,False,0.1367253165975568,"{""harmonic_anchor"": 65, ""motion_timing_track_preserved"": 26}","{""harmonic_anchor"": 65, ""motion_timing_track_preserved"": 26}",{},{},0.02673306848167234,1.6039841089003404,0.1664007629794186,0.2778276296631016,0.6666666666666666,0.8294166267659087,0.9999999999986847,0.6150474925025277,0.117281134097778,0.521354846532639,source_selection_room_agreement_available
mahnob_280,2.46,1.74,2.34,2.25,2.15,2.19,1.9,0.2501965726300105,0.2453980242666707,0.2569623621936921,0.2471125175005838,0.2476409751094875,0.2498866380652997,0.2501472156322455,external_rate_posterior_mean_t,1.74,2.25,0.51,mahnob_280.pkl,parh_ossm,True,False,,False,candidate_rate_posterior_final,bounded_correction_to_existing_readout,target_computable_downshift_specificity,1.0,0.1526185872214669,0.1993233022916371,1.0,0.2846253078456667,0.0,0.0,0.0,4.1755212016419665e-10,0.8202623100184682,4.1755212016419665e-10,0.0840859008770614,0.0,0.0,0.0,0.0,0.1692934631853593,0.952943254207676,0.080523463364264,0.6666666666666666,0.6666666666666666,0.7409661828695435,1.58939045995652e-15,0.9768748151431308,0.1680682497313675,1.58939045995652e-15,0.8074739269387077,0.094720877853531,True,0.4253623932045763,0.6113489367699425,,,,,"{""G_DoF"": 12}",,,,,False,0.2861498768617333,"{""harmonic_anchor"": 60, ""motion_timing_track_preserved"": 24}","{""harmonic_anchor"": 60, ""motion_timing_track_preserved"": 24}",{},{},0.0047985483633397885,0.2879129018003873,0.1526185872214669,0.062354962681121825,0.6666666666666666,0.8074739269387077,0.9999999999999984,0.9164513148183551,0.094720877853531,0.5039197720788794,bounded_or_no_clear_room
mahnob_282,3.44,2.26,3.44,3.03,2.37,2.81,2.99,0.2893442319910576,0.2470186156175417,0.2893754505801124,0.2727311238207194,0.2624502978420242,0.2675394570677914,0.2724085988783286,external_rate_posterior_mean_t,2.26,3.03,0.77,mahnob_282.pkl,parh_ossm,True,False,,False,candidate_rate_posterior_final,bounded_correction_to_existing_readout,target_computable_downshift_specificity,1.0,0.1611557336397105,0.2116800951279365,1.0,0.0,0.0,0.0,0.0685393258426966,3.657739432682848e-06,0.7899267437460302,3.657739432682848e-06,0.0872398172573971,0.451685393258427,0.1087640449438202,0.3429213483146067,0.0,0.1994608223465488,0.8620095089521453,0.1793190401733411,1.0,1.0,0.7088275658345911,1.183947254424569e-11,0.9853184486250082,0.0225461799254773,1.183947254424569e-11,0.8218768489593391,0.0771162823087943,True,0.4261814236311291,0.4148243725702589,,,,,"{""G_DoF_bridge"": 6, ""G_OF"": 7}",,,,,False,0.5885393258426966,"{""harmonic_anchor"": 64, ""motion_timing_track_preserved"": 26}","{""harmonic_anchor"": 64, ""motion_timing_track_preserved"": 26}",{},{},0.04232561637351587,2.539536982410952,0.1611557336397105,0.43101001599385247,1.0,0.8218768489593391,0.9999999999881606,0.46321838541518806,0.0771162823087943,0.5883826742614624,source_selection_room_posterior_available
mahnob_284,1.35,1.54,1.21,1.39,2.03,1.55,1.11,0.24916585847539,0.246220689168348,0.2607064139328307,0.2573915617074251,0.2537519300978601,0.2577535210986764,0.2616607995584948,state_freq_t,1.11,1.39,0.2799999999999998,mahnob_284.pkl,parh_ossm,True,False,,False,candidate_rate_posterior_final,bounded_correction_to_existing_readout,target_computable_downshift_specificity,1.0,0.218408231809067,0.2119547291929298,1.0,0.0,0.0,0.0,0.0,3.806419316456163e-05,0.7968735756631025,3.806419316456163e-05,0.0895645063260739,0.0,0.0,0.0,0.0,0.2310730714460409,0.890124679515699,0.3114972167072811,0.6666666666666666,0.6666666666666666,0.6995500289163997,4.830625281512682e-13,0.9618132004750022,0.0578992203191897,4.830625281512682e-13,0.8111347680003503,0.1016223782367237,True,0.4573681121085721,0.5822836336672662,,,,,"{""G_DoF_bridge"": 9, ""G_OF"": 1}",,,,,False,0.7472375690607734,"{""harmonic_anchor"": 50, ""motion_timing_track_preserved"": 20}","{""harmonic_anchor"": 50, ""motion_timing_track_preserved"": 20}",{},{},0.01544011039014681,0.9264066234088086,0.218408231809067,0.6860899347735092,0.6666666666666666,0.8111347680003503,0.9999999999995169,0.7552327645567413,0.1016223782367237,0.6288512987389505,bounded_or_no_clear_room
mahnob_286,1.85,1.74,1.77,2.38,2.86,2.88,2.12,0.2706472021822649,0.2556776357024125,0.2721397638987684,0.26863516070871,0.2721243202623554,0.2712115102044653,0.2815953519556212,external_rate_posterior_mean_t,1.74,2.38,0.6399999999999999,mahnob_286.pkl,parh_ossm,True,False,,False,candidate_rate_posterior_final,bounded_correction_to_existing_readout,target_computable_downshift_specificity,1.0,0.1679817978903465,0.1994644296650508,1.0,0.0871677622177765,0.0,0.0,0.0871677622177765,1.218775170820709e-06,0.7855923508969058,1.218775170820709e-06,0.1084820455286788,0.0871677622177765,0.0,0.0871677622177765,0.0,0.1744808927733844,0.9089244574652008,0.2453965521486109,0.6666666666666666,0.6666666666666666,0.7039142935573246,7.299768069352819e-11,0.95574308049054,0.0491317425064903,7.299768069352819e-11,0.8040170335798351,0.1024817895942187,True,0.411571110704691,0.5859270548993428,,,,,"{""G_DoF_bridge"": 6, ""G_OF"": 4}",,,,,False,0.2615032866533295,"{""harmonic_anchor"": 50, ""motion_timing_track_preserved"": 20}","{""harmonic_anchor"": 50, ""motion_timing_track_preserved"": 20}",{},{},0.02591771625320871,1.5550629751925227,0.1679817978903465,0.560812239498156,0.6666666666666666,0.8040170335798351,0.9999999999270023,0.6242332361277195,0.1024817895942187,0.5769355970515935,bounded_or_no_clear_room
mahnob_2862,2.02,1.5,2.7,2.05,2.17,2.27,2.06,0.2488211314686789,0.2278813895655197,0.2602075909235809,0.2468595532998004,0.2347744209707186,0.2384688157776388,0.2396730112814674,external_rate_posterior_mean_t,1.5,2.05,0.5499999999999998,mahnob_2862.pkl,parh_ossm,True,False,,False,candidate_rate_posterior_final,bounded_correction_to_existing_readout,target_computable_downshift_specificity,1.0,0.1661664935126818,0.1952471219805685,1.0,0.2187681918733263,0.0,0.0,0.0,9.546914212203783e-10,0.8133144369077153,9.546914212203783e-10,0.072465484482541,0.2897892653393876,0.1420421469321224,0.1477471184072651,0.0,0.1787255883799893,0.931378267881446,0.1107724310250861,1.0,1.0,0.601002427837596,2.5504121629728477e-11,0.9656937480822771,0.2290991371496934,2.5504121629728477e-11,0.826396259704511,0.0576284525630516,True,0.406566199622714,0.5549629531547947,,,,,"{""G_DoF"": 5, ""G_OF"": 8}",,,,,False,0.2130632203981837,"{""harmonic_anchor"": 65, ""motion_timing_track_preserved"": 26}","{""harmonic_anchor"": 65, ""motion_timing_track_preserved"": 26}",{},{},0.020939741903159198,1.256384514189552,0.1661664935126818,0.1689910351135387,1.0,0.826396259704511,0.9999999999744958,0.6833674430825359,0.0576284525630516,0.5618731684046776,bounded_or_no_clear_room
mahnob_2864,4.42,4.08,3.23,3.67,3.22,3.16,2.72,0.2515269858997915,0.2420202745476754,0.2592351528546598,0.2582808622450473,0.2623625327664095,0.2728650734393678,0.2722595590988878,state_freq_t,2.72,3.67,0.9499999999999997,mahnob_2864.pkl,parh_ossm,True,False,,False,candidate_rate_posterior_final,bounded_correction_to_existing_readout,target_computable_downshift_specificity,1.0,0.1515507717336601,0.1879806107407408,1.0,0.1041488189940031,0.0,0.0,0.2239627952514992,4.014219494103248e-09,0.7943067067713061,4.014219494103248e-09,0.1204730471918728,0.0,0.0,0.0,0.0,0.1540742070918581,0.9357351937292592,0.1513685879019326,0.6666666666666666,0.6666666666666666,0.587368361782082,8.55327508044854e-12,0.9830114755678248,0.0396393645727587,8.55327508044854e-12,0.8212290883012949,0.1050158304163677,True,0.4049424618834742,0.5625263115942059,,,,,"{""G_DoF"": 12}",,,,,False,0.074654265083833,"{""harmonic_anchor"": 60, ""motion_timing_track_preserved"": 24}","{""harmonic_anchor"": 60, ""motion_timing_track_preserved"": 24}",{},{},0.030844798891692365,1.850687933501542,0.1515507717336601,0.2713432644194271,0.6666666666666666,0.8212290883012949,0.9999999999914467,0.5707439890460332,0.1050158304163677,0.5119135249241783,source_selection_room_agreement_available
mahnob_2866,3.48,3.53,3.74,3.68,3.99,4.14,3.77,0.2645197872302342,0.2715464374388032,0.2719608723288472,0.2752779303036232,0.268246886041951,0.2755638952305854,0.2703288920881342,external_output_rate_t,3.48,3.68,0.20000000000000018,mahnob_2866.pkl,parh_ossm,True,False,,False,candidate_rate_posterior_final,bounded_correction_to_existing_readout,target_computable_downshift_specificity,1.0,0.2162473136555195,0.2055697609369393,1.0,0.0,0.0,0.0,0.0,3.052833096963674e-10,0.7807651372689155,3.052833096963674e-10,0.0833864982199612,0.0,0.0,0.0,0.0,0.2255127402905248,0.8713992265817359,0.3265963787874928,1.0,1.0,0.7331239550403841,4.296176070363988e-11,0.96958772008857,0.0395739908905993,4.296176070363988e-11,0.8103497967553301,0.0834161475912233,True,0.444747492291609,0.7489479155322635,,,,,"{""G_DoF"": 6, ""G_OF"": 1}",,,,,False,0.6891357559781586,"{""harmonic_anchor"": 35, ""motion_timing_track_preserved"": 14}","{""harmonic_anchor"": 35, ""motion_timing_track_preserved"": 14}",{},{},0.01104410800035116,0.6626464800210696,0.2162473136555195,0.7037033214763692,1.0,0.8103497967553301,0.9999999999570383,0.8180744239920219,0.0834161475912233,0.6898207898560889,bounded_or_no_clear_room
mahnob_2868,1.64,1.69,1.56,1.48,1.63,1.66,1.06,0.275081878814979,0.2613963026461313,0.2831020483126716,0.2738759836674623,0.2767708564461688,0.2827426329330766,0.2750852901474727,state_freq_t,1.06,1.48,0.41999999999999993,mahnob_2868.pkl,parh_ossm,True,False,,False,candidate_rate_posterior_final,bounded_correction_to_existing_readout,target_computable_downshift_specificity,1.0,0.204999268209707,0.1972751423634784,1.0,0.0,0.0,0.0,0.0,5.9440801553860056e-08,0.8526698485239096,5.9440801553860056e-08,0.065413556163346,0.0,0.0,0.0,0.0,0.2051910544328689,0.8590493157136931,0.1774967142926153,1.0,1.0,0.8095368611904595,1.2607258489818007e-11,0.9937502635213904,0.1314108192223449,1.2607258489818007e-11,0.830817030071475,0.0606320084985316,True,0.4591393316545865,0.4743108663778723,,,,,"{""G_DoF"": 10, ""G_DoF_bridge"": 1}",,,,,False,0.4374917665656698,"{""harmonic_anchor"": 55, ""motion_timing_track_preserved"": 22}","{""harmonic_anchor"": 55, ""motion_timing_track_preserved"": 22}",{},{},0.021346330286945325,1.2807798172167195,0.204999268209707,0.43010485947757265,1.0,0.830817030071475,0.9999999999873928,0.6783342651247066,0.0606320084985316,0.623663569119389,bounded_or_no_clear_room
mahnob_2870,1.89,2.33,1.6,1.99,2.44,1.94,1.87,0.2770396795613266,0.2701808809788237,0.2860297686331097,0.2745860999963787,0.2725836234000937,0.2745319006439379,0.2852266311769051,state_freq_t,1.87,1.99,0.11999999999999988,mahnob_2870.pkl,parh_ossm,True,False,,False,candidate_rate_posterior_final,bounded_correction_to_existing_readout,target_computable_downshift_specificity,1.0,0.2222024927476857,0.2236532983518898,1.0,0.0,0.0,0.0,0.0,5.211714734114916e-08,0.8618840854000761,5.211714734114916e-08,0.0615701138906166,0.0,0.0,0.0,0.0,0.2425484829626448,0.8806336729204397,0.2437185010726886,0.8333333333333333,0.8333333333333333,0.8751444671324713,4.011037657253779e-12,0.990204495253656,0.3127484263286102,4.011037657253779e-12,0.8663959790723946,0.0661323880390977,True,0.4292230509443538,0.4530544618569991,,,,,"{""G_DoF"": 11, ""G_DoF_bridge"": 3}",,,,,False,0.7124654916118072,"{""harmonic_anchor"": 69, ""motion_timing_track_preserved"": 28}","{""harmonic_anchor"": 69, ""motion_timing_track_preserved"": 28}",{},{},0.015045750198081409,0.9027450118848845,0.2222024927476857,0.5981019016219828,0.8333333333333333,0.8663959790723946,0.999999999995989,0.7606673837609007,0.0661323880390977,0.6495838999437558,bounded_or_no_clear_room
mahnob_2872,4.27,2.79,3.91,4.3,4.25,4.38,4.43,0.2584723248527478,0.2331259057381093,0.2493922080538492,0.2561008414746062,0.2506178911390783,0.2560112215966846,0.266554823312005,external_rate_posterior_mean_t,2.79,4.3,1.5099999999999998,mahnob_2872.pkl,parh_ossm,True,False,,False,candidate_rate_posterior_final,bounded_correction_to_existing_readout,target_computable_downshift_specificity,1.0,0.1815873328872989,0.1984787808432189,1.0,0.0,0.0,0.0,0.0,7.625714071874293e-10,0.8582178095449516,7.625714071874293e-10,0.06015482589286,0.18964713197575,0.0,0.18964713197575,0.0,0.2025430454854037,0.8771865306899098,0.1618719696959323,1.0,1.0,0.8020404600744353,8.772956825019635e-12,0.99177478236091,0.2842461209369568,8.772956825019635e-12,0.8712074008820339,0.0413758375752307,True,0.4179278877467363,0.5059929403270326,,,,,"{""G_DoF"": 9}",,,,,False,0.5689413959272501,"{""harmonic_anchor"": 45, ""motion_timing_track_preserved"": 18}","{""harmonic_anchor"": 45, ""motion_timing_track_preserved"": 18}",{},{},0.03342891757389568,2.005735054433741,0.1815873328872989,0.3684699950709847,1.0,0.8712074008820339,0.999999999991227,0.5445483729506798,0.0413758375752307,0.6000891959045557,source_selection_room_posterior_available
mahnob_2874,3.69,3.94,3.53,4.0,4.53,4.36,3.48,0.2582065082472853,0.2516926899872895,0.2658024958422549,0.2534153216437986,0.251980614105686,0.2509834316142969,0.2512915547912034,state_freq_t,3.48,4.0,0.52,mahnob_2874.pkl,parh_ossm,True,False,,False,candidate_rate_posterior_final,bounded_correction_to_existing_readout,target_computable_downshift_specificity,1.0,0.242271206368748,0.2376349049766861,1.0,0.0,0.0,0.0,0.0,2.58171946075341e-06,0.856309233884763,2.58171946075341e-06,0.0550167613669743,0.0,0.0,0.0,0.0,0.2970047661712748,0.824104766681367,0.2347937510245384,1.0,1.0,0.9021342911445308,1.5330821466104568e-11,0.9882978647864026,0.3499202484147031,1.5330821466104568e-11,0.873217944203399,0.0540690596990513,True,0.4163742398654318,0.5760032789220034,,,,,"{""G_DoF"": 7, ""G_DoF_bridge"": 5, ""G_OF"": 1}",,,,,False,0.6751493693294977,"{""harmonic_anchor"": 64, ""motion_timing_track_preserved"": 26}","{""harmonic_anchor"": 64, ""motion_timing_track_preserved"": 26}",{},{},0.007223076632988379,0.43338459797930273,0.242271206368748,0.6409790018703686,1.0,0.873217944203399,0.9999999999846692,0.8769295100602876,0.0540690596990513,0.7020323386305946,bounded_or_no_clear_room
mahnob_2876,4.39,4.11,4.7,4.32,5.33,4.37,3.96,0.2573312595066275,0.262924398504081,0.2526919334116575,0.2557939884140805,0.2462395259957473,0.2555502341307169,0.2660648425698737,state_freq_t,3.96,4.32,0.3600000000000003,mahnob_2876.pkl,parh_ossm,True,False,,False,candidate_rate_posterior_final,bounded_correction_to_existing_readout,target_computable_downshift_specificity,1.0,0.1770760207421197,0.2025831122751517,1.0,0.1289861970490242,0.0,0.0,0.1289861970490242,4.023855320355081e-09,0.7752285574276294,4.023855320355081e-09,0.1108945853939158,0.0,0.0,0.0,0.0,0.1889454168472317,0.9342973077978614,0.1551752458491169,0.6666666666666666,0.6666666666666666,0.602542670565234,3.311722803505691e-11,0.8968928458564707,0.0575125421891743,3.311722803505691e-11,0.7677384838889224,0.1196784548333474,True,0.4086071122633259,0.6627363226828744,,,,,"{""G_DoF"": 5}",,,,,False,0.5806758686339838,"{""harmonic_anchor"": 25, ""motion_timing_track_preserved"": 10}","{""harmonic_anchor"": 25, ""motion_timing_track_preserved"": 10}",{},{},0.010514608439156803,0.6308765063494082,0.1770760207421197,0.2902237016566565,0.6666666666666666,0.7677384838889224,0.9999999999668828,0.8259882763078714,0.1196784548333474,0.5381055002426844,bounded_or_no_clear_room
mahnob_2878,0.87,0.85,1.35,1.01,1.19,1.36,0.94,0.2640845851227724,0.2404756473403931,0.2493331646150417,0.2438653929308119,0.2301814883777047,0.2275913718529167,0.2438600076430067,external_rate_posterior_mean_t,0.85,1.01,0.16000000000000003,mahnob_2878.pkl,parh_ossm,True,False,,False,candidate_rate_posterior_final,bounded_correction_to_existing_readout,target_computable_downshift_specificity,1.0,0.1675726077187914,0.1981243252548093,1.0,0.087757157243562,0.0,0.0,0.1224284275643792,4.96255303219385e-10,0.8475272064000127,4.96255303219385e-10,0.08537746963455,0.1224284275643792,0.0,0.1224284275643792,0.0,0.182514482109517,0.9367970425823048,0.1425683840027021,0.6666666666666666,0.6666666666666666,0.6156247710004337,1.0664229200806061e-12,0.992430985702736,0.2711350083485493,1.0664229200806061e-12,0.8640615499549266,0.0945205173473996,True,0.3877074498775593,0.4182758196762207,,,,,"{""G_DoF"": 3, ""G_DoF_bridge"": 4, ""G_OF"": 3}",,,,,False,0.2632714717306862,"{""harmonic_anchor"": 50, ""motion_timing_track_preserved"": 20}","{""harmonic_anchor"": 50, ""motion_timing_track_preserved"": 20}",{},{},0.03649321326985569,2.1895927961913415,0.1675726077187914,0.2517689098470294,0.6666666666666666,0.8640615499549266,0.9999999999989336,0.5150388374987638,0.0945205173473996,0.5139079984073192,bounded_or_no_clear_room
mahnob_288,1.2,1.38,1.1,1.02,1.09,1.31,1.37,0.267254925124857,0.2565680578182243,0.2726077987128111,0.2794208754966273,0.2776497357287507,0.2823021945263809,0.2795759444059741,final_track_hz,1.02,1.02,0.0,mahnob_288.pkl,parh_ossm,True,False,,False,candidate_rate_posterior_final,bounded_correction_to_existing_readout,target_computable_downshift_specificity,1.0,0.1720005321151048,0.1913142764454425,1.0,0.1236278097229482,0.0,0.0,0.0,2.276751192227278e-06,0.8062070245627502,2.276751192227278e-06,0.0893587549487179,0.0433873497124934,0.0,0.0433873497124934,0.0,0.1910849641243749,0.9261611976126732,0.1663978172489575,0.6666666666666666,0.6666666666666666,0.573228486347035,2.673144365632152e-13,0.9793867666812106,0.0199436635519226,2.673144365632152e-13,0.8159093475062367,0.0982152973407645,True,0.4608978433508521,0.6559965059036476,,,,,"{""G_DoF"": 4, ""G_DoF_bridge"": 5, ""G_OF"": 2}",,,,,False,0.1231050705697856,"{""harmonic_anchor"": 55, ""motion_timing_track_preserved"": 22}","{""harmonic_anchor"": 55, ""motion_timing_track_preserved"": 22}",{},{},0.025734136708156607,1.5440482024893964,0.1720005321151048,0.3296497926468348,0.6666666666666666,0.8159093475062367,0.9999999999997327,0.626320289164947,0.0982152973407645,0.5341269928664568,bounded_or_no_clear_room
mahnob_2880,4.87,4.09,5.91,4.64,4.84,4.61,4.18,0.2612043356711523,0.2422899065295789,0.2865539651987585,0.2598065870980903,0.258776725420394,0.2515980683651701,0.2474800443335471,external_rate_posterior_mean_t,4.09,4.64,0.5499999999999998,mahnob_2880.pkl,parh_ossm,True,False,,False,candidate_rate_posterior_final,bounded_correction_to_existing_readout,target_computable_downshift_specificity,1.0,0.1648159255268727,0.2142227067040416,1.0,0.0,0.0,0.0,0.0,3.197442396576165e-06,0.8130530991010937,3.197442396576165e-06,0.0625395920317418,0.3077032203149383,0.0,0.3077032203149383,0.0,0.2108642633943824,0.9090791352766012,0.2414954554182158,1.0,1.0,0.5929549359585087,2.5978803938483193e-09,0.9840202307688448,0.030130282834878,2.5978803938483193e-09,0.8260525053712602,0.0521842512271889,True,0.3715997548913097,0.4838142377520377,,,,,"{""G_OF"": 9, ""G_OF_bridge"": 1}",,,,,False,0.6922967796850618,"{""harmonic_anchor"": 50, ""motion_timing_track_preserved"": 20}","{""harmonic_anchor"": 50, ""motion_timing_track_preserved"": 20}",{},{},0.018914429141573402,1.1348657484944042,0.1648159255268727,0.5572062198023687,1.0,0.8260525053712602,0.9999999974021196,0.7090007379169764,0.0521842512271889,0.6422347494271776,bounded_or_no_clear_room
mahnob_2882,2.43,3.15,2.02,2.91,3.66,3.54,2.27,0.2694632641340263,0.2569433314882236,0.2801938073566206,0.2548321907020886,0.2517037478960645,0.2533728278555639,0.2822137209052732,state_freq_t,2.27,2.91,0.6400000000000001,mahnob_2882.pkl,parh_ossm,True,False,,False,candidate_rate_posterior_final,bounded_correction_to_existing_readout,target_computable_downshift_specificity,1.0,0.2478725699316111,0.2460232297255109,1.0,0.0,0.0,0.0,0.0,4.5310662262470754e-07,0.8495520073539543,4.5310662262470754e-07,0.0511444001192779,0.0,0.0,0.0,0.0,0.2942988347920339,0.8084972708227987,0.2520041575698178,1.0,1.0,0.8640707450072991,5.6481718983183394e-08,0.984931648816959,0.2794826569489372,5.6481718983183394e-08,0.8579475001370994,0.045040932594716,True,0.4903066482672089,0.5354845050764349,,,,,"{""G_DoF"": 10}",,,,,False,0.9254307374224672,"{""harmonic_anchor"": 50, ""motion_timing_track_preserved"": 20}","{""harmonic_anchor"": 50, ""motion_timing_track_preserved"": 20}",{},{},0.02884089304970927,1.7304535829825562,0.2478725699316111,0.7033739294526071,1.0,0.8579475001370994,0.999999943518281,0.5919223172137452,0.045040932594716,0.6860231833836341,bounded_or_no_clear_room
mahnob_2884,3.26,2.97,4.56,3.1,3.17,3.19,3.88,0.2517922733897158,0.2507509712723512,0.2783736054370948,0.2505094542197322,0.261674752095024,0.2563378234842463,0.262180100923214,external_rate_posterior_mean_t,2.97,3.1,0.1299999999999999,mahnob_2884.pkl,parh_ossm,True,False,,False,candidate_rate_posterior_final,bounded_correction_to_existing_readout,target_computable_downshift_specificity,1.0,0.1960874409026074,0.2173883106942063,1.0,0.088023088023088,0.0,0.0,0.0,1.2078113099637915e-06,0.7928108932742667,1.2078113099637915e-06,0.0863234918204423,0.0,0.0,0.0,0.0,0.2060943085346482,0.9164273693161806,0.2157951449477291,0.8333333333333333,0.8333333333333333,0.6403319244974837,1.9564416503234687e-10,0.9287514207740014,0.0673790889343322,1.9564416503234687e-10,0.8130734124768033,0.0869073028666085,True,0.4134540943168591,0.7247713993684544,,,,,"{""G_DoF"": 8, ""G_DoF_bridge"": 2}",,,,,False,0.5281385281385281,"{""harmonic_anchor"": 49, ""motion_timing_track_preserved"": 20}","{""harmonic_anchor"": 49, ""motion_timing_track_preserved"": 20}",{},{},0.01167064670348178,0.7002388022089068,0.1960874409026074,0.478228140997004,0.8333333333333333,0.8130734124768033,0.9999999998043558,0.8088081162265403,0.0869073028666085,0.6138185816032197,bounded_or_no_clear_room
mahnob_2886,2.86,1.99,3.17,2.35,2.12,1.8,2.84,0.2567177144864605,0.2468533746565899,0.2627157765899336,0.2428834426835389,0.2445359545709033,0.2400991591941197,0.2669073431786934,native_smoothed_track_hz,1.8,2.35,0.55,mahnob_2886.pkl,parh_ossm,True,False,,False,candidate_rate_posterior_final,bounded_correction_to_existing_readout,target_computable_downshift_specificity,1.0,0.1801807697341017,0.1810220875012036,1.0,0.0,0.0,0.0,0.0,7.692695301549092e-16,0.7693378536852294,7.692695301549092e-16,0.1066200218405901,0.0,0.0,0.0,0.0,0.163333228696402,0.921194877861214,0.1417531403108286,0.6666666666666666,0.6666666666666666,0.8194999359074746,3.752630022457869e-21,0.7936811085244773,0.2774774323265347,3.752630022457869e-21,0.7554963046467533,0.0983096801743586,True,0.4479457980572688,0.4578842891256541,,,,,"{""G_DoF"": 1, ""G_DoF_bridge"": 4}",,,,,False,0.0,"{""harmonic_anchor"": 25, ""motion_timing_track_preserved"": 10}","{""harmonic_anchor"": 25, ""motion_timing_track_preserved"": 10}",{},{},0.026808183984573714,1.6084910390744227,0.1801807697341017,0.261292903732845,0.6666666666666666,0.7554963046467533,1.0,0.6142080730875166,0.0983096801743586,0.5122180581684231,bounded_or_no_clear_room
mahnob_2888,1.6,2.13,1.86,1.03,0.92,0.67,1.13,0.2681754613060384,0.2569616362049605,0.2667538924411324,0.2830263536979862,0.2721619231204415,0.2840255850990201,0.276690879146348,native_smoothed_track_hz,0.67,1.03,0.36,mahnob_2888.pkl,parh_ossm,True,False,,False,candidate_rate_posterior_final,bounded_correction_to_existing_readout,target_computable_downshift_specificity,1.0,0.186929312954946,0.2210004840760469,1.0,0.0,0.0,0.0,0.0,1.881072211499334e-07,0.8443885253956421,1.881072211499334e-07,0.057191596194494,0.2536382536382536,0.0,0.2536382536382536,0.0,0.2403941300592584,0.8383208663833022,0.2415225461007398,1.0,1.0,0.7949390132686891,1.0157442610600119e-10,0.9868346798246612,0.1635163395742002,1.0157442610600119e-10,0.8401551301352472,0.0484468214402939,True,0.460741495865379,0.5999816974506741,,,,,"{""G_DoF"": 10}",,,,,False,0.7460845460845461,"{""harmonic_anchor"": 50, ""motion_timing_track_preserved"": 20}","{""harmonic_anchor"": 50, ""motion_timing_track_preserved"": 20}",{},{},0.02706394889405961,1.6238369336435765,0.186929312954946,0.6339449614055839,1.0,0.8401551301352472,0.9999999998984256,0.611358469896059,0.0484468214402939,0.6558357548704806,bounded_or_no_clear_room
mahnob_2890,2.93,2.6,3.14,2.93,3.23,2.83,2.9,0.2758550746263865,0.2589472350766879,0.2865492251118516,0.2713690326192988,0.26009460733083,0.2703040634491254,0.271802882136955,external_rate_posterior_mean_t,2.6,2.93,0.33000000000000007,mahnob_2890.pkl,parh_ossm,True,False,,False,candidate_rate_posterior_final,bounded_correction_to_existing_readout,target_computable_downshift_specificity,1.0,0.2052166026621504,0.2056015251015407,1.0,0.0,0.0,0.0,0.0,0.0010576013601976,0.8067458325405189,0.0010576013601976,0.0983498906698304,0.0646117995975002,0.0,0.0646117995975002,0.0,0.2342739414479601,0.8315705750464,0.36786640095473,0.6666666666666666,0.6666666666666666,0.7889251812344402,4.3695672146506125e-09,0.9785486863896742,0.05490241282253,4.3695672146506125e-09,0.8208632245647238,0.0985222023959825,True,0.4359754883860014,0.4728207513375886,,,,,"{""G_DoF_bridge"": 6, ""G_OF"": 8}",,,,,False,0.5168943967800022,"{""harmonic_anchor"": 69, ""motion_timing_track_preserved"": 28}","{""harmonic_anchor"": 69, ""motion_timing_track_preserved"": 28}",{},{},0.0169078395496986,1.014470372981916,0.2052166026621504,0.745284213243192,0.6666666666666666,0.8208632245647238,0.9999999956304327,0.7353451747196074,0.0985222023959825,0.6371727735758119,bounded_or_no_clear_room
mahnob_2892,1.31,1.62,1.4,1.46,1.71,1.71,1.37,0.2541220509743867,0.2464638291940414,0.2642236941030815,0.2545405867901179,0.2553734460621072,0.2550671502732385,0.268551751544475,external_output_rate_t,1.31,1.46,0.1499999999999999,mahnob_2892.pkl,parh_ossm,True,False,,False,candidate_rate_posterior_final,bounded_correction_to_existing_readout,target_computable_downshift_specificity,1.0,0.2037588209977935,0.2193779737119877,1.0,0.0908143516450796,0.0,0.0,0.0,7.026279747579286e-08,0.846694127255497,7.026279747579286e-08,0.0497469183630181,0.0,0.0,0.0,0.0,0.2189260150286309,0.9254713857114782,0.1451703816921193,1.0,1.0,0.6005752075154466,6.080847042954455e-08,0.995912295318481,0.0996900616283122,6.080847042954455e-08,0.8349730935537293,0.0495081145932242,True,0.4048349774831087,0.3690154482490425,,,,,"{""G_DoF"": 6, ""G_DoF_bridge"": 2, ""G_OF_bridge"": 2}",,,,,False,0.2724430549352389,"{""harmonic_anchor"": 50, ""motion_timing_track_preserved"": 20}","{""harmonic_anchor"": 50, ""motion_timing_track_preserved"": 20}",{},{},0.022087922350433636,1.325275341026018,0.2037588209977935,0.27753236694757594,1.0,0.8349730935537293,0.9999999391915295,0.6692493363666567,0.0495081145932242,0.5936662557280956,bounded_or_no_clear_room
mahnob_2894,2.81,3.21,2.62,2.23,1.53,1.57,1.73,0.2310372475699478,0.2038054171827956,0.2218675734562014,0.2346493202515873,0.2433242836582587,0.250488698702499,0.2508710756748155,native_smoothed_track_hz,1.57,2.23,0.6599999999999999,mahnob_2894.pkl,parh_ossm,True,False,,False,candidate_rate_posterior_final,bounded_correction_to_existing_readout,target_computable_downshift_specificity,1.0,0.1617393106426375,0.1807392000366924,1.0,0.0647283531409168,0.0,0.0,0.0,6.524366262039299e-09,0.7519955420010465,6.524366262039299e-09,0.1262514200891023,0.1294567062818336,0.0,0.1294567062818336,0.0,0.1525730270318278,0.9015281190570072,0.1954763632513519,0.6666666666666666,0.6666666666666666,0.7743490438599513,4.4996743760041616e-15,0.9341675041883128,0.1181433837660813,4.4996743760041616e-15,0.7746850061096264,0.1144705877259384,True,0.4519671070365175,0.8130512975906034,,,,,"{""G_DoF"": 12, ""G_OF_bridge"": 2}",,,,,False,0.1941850594227504,"{""harmonic_anchor"": 69, ""motion_timing_track_preserved"": 28}","{""harmonic_anchor"": 69, ""motion_timing_track_preserved"": 28}",{},{},0.04706565849201988,2.8239395095211925,0.1617393106426375,0.42654648529057604,0.6666666666666666,0.7746850061096264,0.9999999999999954,0.42496891865459874,0.1144705877259384,0.5229967087280838,bounded_or_no_clear_room
mahnob_2896,1.03,1.28,1.14,1.24,2.11,1.73,1.0,0.2779098898649512,0.2628611688432818,0.2977303943943081,0.2788373979145476,0.2690565288552226,0.2790383366417137,0.2843477420810074,state_freq_t,1.0,1.24,0.24,mahnob_2896.pkl,parh_ossm,True,False,,False,candidate_rate_posterior_final,bounded_correction_to_existing_readout,target_computable_downshift_specificity,1.0,0.1831247518679667,0.1777400999512748,1.0,0.0,0.0,0.0,0.0825886812889249,2.667232225988304e-08,0.8286847249666587,2.667232225988304e-08,0.0979071403799243,0.091524505821825,0.0,0.091524505821825,0.0,0.2033107256187113,0.9007798103778358,0.2415823665655147,0.6666666666666666,0.6666666666666666,0.524138692648524,3.786811742475015e-10,0.9916901704183352,0.1669310558988112,3.786811742475015e-10,0.8458697636433008,0.1022822969201525,True,0.3864281364119586,0.5120439006811731,,,,,"{""G_DoF"": 4, ""G_DoF_bridge"": 3, ""G_OF"": 4}",,,,,False,0.4129434064446249,"{""harmonic_anchor"": 55, ""motion_timing_track_preserved"": 22}","{""harmonic_anchor"": 55, ""motion_timing_track_preserved"": 22}",{},{},0.02148657323772557,1.2891943942635342,0.1831247518679667,0.5642338428010719,0.6666666666666666,0.8458697636433008,0.9999999996213188,0.6766068030285796,0.1022822969201525,0.5929408716277418,bounded_or_no_clear_room
mahnob_2898,3.03,3.71,3.02,3.28,3.94,3.24,3.41,0.2779428104081888,0.2681863402185132,0.2734528891010563,0.2713285816782668,0.2584947686760401,0.2707348846535903,0.2784228403188462,external_output_rate_t,3.03,3.28,0.25,mahnob_2898.pkl,parh_ossm,True,False,,False,candidate_rate_posterior_final,bounded_correction_to_existing_readout,target_computable_downshift_specificity,1.0,0.2008458842783543,0.2206398971069186,1.0,0.0,0.0,0.0,0.0,1.478616811287323e-07,0.8349893641197149,1.478616811287323e-07,0.0606668361437107,0.2598210222963749,0.0925223722129531,0.1672986500834218,0.0,0.2348834679103023,0.8242639682085515,0.3063249023831165,1.0,1.0,0.6087821474173776,9.141340271172205e-09,0.9767113563208036,0.2480481017119969,9.141340271172205e-09,0.856611492324892,0.0441722232050009,True,0.4004814993155742,0.3029147071724369,,,,,"{""G_DoF"": 4, ""G_DoF_bridge"": 5}",,,,,False,0.7401789777036251,"{""harmonic_anchor"": 45, ""motion_timing_track_preserved"": 18}","{""harmonic_anchor"": 45, ""motion_timing_track_preserved"": 18}",{},{},0.010236500100333001,0.6141900060199801,0.2008458842783543,0.752712725373509,1.0,0.856611492324892,0.9999999908586598,0.8301754760224163,0.0441722232050009,0.7078460639035646,bounded_or_no_clear_room
mahnob_290,4.77,4.09,4.65,5.19,5.58,5.82,4.97,0.234007073208566,0.2246288316512241,0.2377363945474058,0.2492955753816204,0.2434402647753211,0.2620265485541089,0.2366699217466626,external_rate_posterior_mean_t,4.09,5.19,1.1000000000000005,mahnob_290.pkl,parh_ossm,True,False,,False,candidate_rate_posterior_final,bounded_correction_to_existing_readout,target_computable_downshift_specificity,1.0,0.170203032875652,0.1742285156183699,1.0,0.057390158998965,0.0,0.0,0.0,4.410075449510456e-07,0.707013936853305,4.410075449510456e-07,0.1481920615736924,0.0,0.0,0.0,0.0,0.1526485327538564,0.9033857425760328,0.2122574107537657,0.6666666666666666,0.6666666666666666,0.6975134304450965,5.3509660942186106e-15,0.7570487580505425,0.0682390816578544,5.3509660942186106e-15,0.697791875315684,0.1499230112398478,True,0.4105876453195566,0.5618043270428754,,,,,"{""G_DoF_bridge"": 5, ""G_OF"": 11}",,,,,False,0.1721704769968952,"{""harmonic_anchor"": 80, ""motion_timing_track_preserved"": 32}","{""harmonic_anchor"": 80, ""motion_timing_track_preserved"": 32}",{},{},0.03739771690288479,2.2438630141730878,0.170203032875652,0.47085184354759413,0.6666666666666666,0.697791875315684,0.9999999999999947,0.506638022907426,0.1499230112398478,0.5270614093925414,source_selection_room_posterior_available
mahnob_2900,2.12,2.06,2.5,1.94,1.67,1.92,1.93,0.2583193421060094,0.2483147105341412,0.2655195401340536,0.2704713880276039,0.2651907168093084,0.2637963466901181,0.2711594756396435,native_smoothed_track_hz,1.92,1.94,0.020000000000000018,mahnob_2900.pkl,parh_ossm,True,False,,False,candidate_rate_posterior_final,bounded_correction_to_existing_readout,target_computable_downshift_specificity,1.0,0.1945978730933242,0.2020554392154518,1.0,0.024346898880398,0.0,0.0,0.024346898880398,3.725207591110549e-07,0.8032744457411705,3.725207591110549e-07,0.1073526520214202,0.0,0.0,0.0,0.0,0.1887133238673377,0.8289459908359184,0.1393111298889274,0.6666666666666666,0.6666666666666666,0.7686210143372518,8.930477064189144e-14,0.9772793738879642,0.1558395435085737,8.930477064189144e-14,0.8147978525128434,0.1055611918571304,True,0.3628871871369921,0.6118133185264387,,,,,"{""G_DoF"": 6, ""G_DoF_bridge"": 2}",,,,,False,0.6504354007464013,"{""harmonic_anchor"": 39, ""motion_timing_track_preserved"": 16}","{""harmonic_anchor"": 39, ""motion_timing_track_preserved"": 16}",{},{},0.02284476510550229,1.3706859063301375,0.1945978730933242,0.35190228113209954,0.6666666666666666,0.8147978525128434,0.9999999999999107,0.6601030197880451,0.1055611918571304,0.5467037851697555,bounded_or_no_clear_room
mahnob_292,1.93,1.64,2.19,1.92,2.93,3.26,3.44,0.2411714932823007,0.2466950165027123,0.2731258321772639,0.2645504061019353,0.2754366719956605,0.2838655436250199,0.3005593495350671,external_rate_posterior_mean_t,1.64,1.92,0.28,mahnob_292.pkl,parh_ossm,True,False,,False,candidate_rate_posterior_final,bounded_correction_to_existing_readout,target_computable_downshift_specificity,1.0,0.1154572912347025,0.164967876856256,1.0,0.424419701830534,0.0,0.0,0.0,1.5363041274554292e-13,0.7921394608678474,1.5363041274554292e-13,0.1123581617397303,0.0,0.0,0.0,0.0,0.1417424244715069,0.9518463741076488,0.128083318649391,0.6666666666666666,0.6666666666666666,0.6052762509104616,1.5359247231361688e-15,0.95776562088533,0.0081570020035566,1.5359247231361688e-15,0.7960702660538627,0.1111789201838678,True,0.4132703543251576,0.6451813718908387,,,,,"{""G_DoF"": 5, ""G_DoF_bridge"": 2}",,,,,False,0.0,"{""harmonic_anchor"": 35, ""motion_timing_track_preserved"": 14}","{""harmonic_anchor"": 35, ""motion_timing_track_preserved"": 14}",{},{},0.05938785625276638,3.563271375165983,0.1154572912347025,0.18873123707247774,0.6666666666666666,0.7960702660538627,0.9999999999999984,0.33967051505465845,0.1111789201838678,0.45887026961832944,bounded_or_no_clear_room
mahnob_294,4.62,4.11,5.08,4.97,4.6,5.45,4.92,0.2800369313836524,0.2679511588579611,0.2851159549652101,0.285097700866471,0.269479384673512,0.2874367485612098,0.2784143755295135,external_rate_posterior_mean_t,4.11,4.97,0.8599999999999994,mahnob_294.pkl,parh_ossm,True,False,,False,candidate_rate_posterior_final,bounded_correction_to_existing_readout,target_computable_downshift_specificity,1.0,0.2324427097886846,0.2453523656688142,1.0,0.0,0.0,0.0,0.0,9.144456234981801e-10,0.8103042175172901,9.144456234981801e-10,0.0761869597366977,0.0,0.0,0.0,0.0,0.268290789800668,0.8382190827897834,0.3684272705023617,1.0,1.0,0.7278630302339629,1.3227953914626819e-11,0.9713660928155584,0.0272008945057903,1.3227953914626819e-11,0.808231886705222,0.0605830534446248,True,0.3826344354510601,0.7835582399997942,,,,,"{""G_DoF_bridge"": 6, ""G_OF"": 2}",,,,,False,0.8889899909008189,"{""harmonic_anchor"": 38, ""motion_timing_track_preserved"": 16}","{""harmonic_anchor"": 38, ""motion_timing_track_preserved"": 16}",{},{},0.019485589703248707,1.1691353821949224,0.2324427097886846,0.7454390751703502,1.0,0.808231886705222,0.999999999986772,0.7016760496853615,0.0605830534446248,0.692542575109114,source_selection_room_posterior_available
mahnob_2992,2.96,3.54,2.97,2.13,1.59,1.29,1.84,0.261115216384425,0.249546332475493,0.2758495857957381,0.2794596874736815,0.2817664885333107,0.2877795691292463,0.2810549432868154,native_smoothed_track_hz,1.29,2.13,0.8399999999999999,mahnob_2992.pkl,parh_ossm,True,False,,False,candidate_rate_posterior_final,bounded_correction_to_existing_readout,target_computable_downshift_specificity,1.0,0.1400256624923703,0.1826098628130953,1.0,0.1604629751413915,0.0,0.0,0.0,8.939793606907157e-14,0.8236158831075149,8.939793606907157e-14,0.088715322668675,0.1604629751413915,0.0,0.1604629751413915,0.0,0.1640626153421155,0.93109164126464,0.2131548061683656,0.6666666666666666,0.6666666666666666,0.7174716851879916,3.520401479242534e-17,0.9873813133516868,0.2416550437628535,3.520401479242534e-17,0.8172656925892166,0.1016315946516898,True,0.3719581009071372,0.5344468843472971,,,,,"{""G_DoF"": 9, ""G_DoF_bridge"": 2}",,,,,False,0.0,"{""harmonic_anchor"": 55, ""motion_timing_track_preserved"": 22}","{""harmonic_anchor"": 55, ""motion_timing_track_preserved"": 22}",{},{},0.038233236653753305,2.293994199225198,0.1400256624923703,0.4478965987667886,0.6666666666666666,0.8172656925892166,1.0,0.4989997135190172,0.1016315946516898,0.5369124011515655,source_selection_room_posterior_available
mahnob_2994,1.36,1.38,1.58,1.17,1.76,1.11,1.1,0.2537212111398165,0.2365923664547608,0.2637021383288874,0.2450554724734138,0.2424977909741181,0.2450262382734267,0.2457050465799183,state_freq_t,1.1,1.17,0.06999999999999984,mahnob_2994.pkl,parh_ossm,True,False,,False,candidate_rate_posterior_final,bounded_correction_to_existing_readout,target_computable_downshift_specificity,1.0,0.214833518744061,0.22306402275189,1.0,0.0341823940873696,0.0,0.0,0.0,6.490244172192959e-08,0.8504534792813959,6.490244172192959e-08,0.0547568730174454,0.0,0.0,0.0,0.0,0.225512834423221,0.8897877459001657,0.166912249158271,1.0,1.0,0.83220075188486,1.2060601070134038e-12,0.9815109006416638,0.3054838334885902,1.2060601070134038e-12,0.8406386861333623,0.0517767197387162,True,0.4061135210343826,0.5698171529956487,,,,,"{""G_DoF"": 11}",,,,,False,0.7242972152566979,"{""harmonic_anchor"": 54, ""motion_timing_track_preserved"": 22}","{""harmonic_anchor"": 54, ""motion_timing_track_preserved"": 22}",{},{},0.017128844685055683,1.0277306811033409,0.214833518744061,0.37432350616972365,1.0,0.8406386861333623,0.999999999998794,0.732396284143967,0.0517767197387162,0.6227308402803085,bounded_or_no_clear_room
mahnob_2996,3.39,3.23,3.9,2.86,2.29,2.38,2.2,0.2417905695411237,0.2392109288898157,0.2288359411242386,0.2437994963448621,0.251081070741766,0.2679776279313054,0.2645607167530743,state_freq_t,2.2,2.86,0.6599999999999997,mahnob_2996.pkl,parh_ossm,True,False,,False,candidate_rate_posterior_final,bounded_correction_to_existing_readout,target_computable_downshift_specificity,1.0,0.1572940632339455,0.168492374850402,1.0,0.1461602971127351,0.0,0.0,0.0730801485563675,2.018882314003945e-09,0.7742926620609146,2.018882314003945e-09,0.1164836475015305,0.0,0.0,0.0,0.0,0.144549669290338,0.9683267853538516,0.1427353490036902,0.6666666666666666,0.6666666666666666,0.5618334475929248,3.0728010766244894e-11,0.9720562930931508,0.1494137194767892,3.0728010766244894e-11,0.8041455698990512,0.1066787824010154,True,0.3992754190776316,0.465194593827162,,,,,"{""G_DoF"": 10, ""G_DoF_bridge"": 1, ""G_OF"": 1}",,,,,False,0.0730801485563675,"{""harmonic_anchor"": 60, ""motion_timing_track_preserved"": 24}","{""harmonic_anchor"": 60, ""motion_timing_track_preserved"": 24}",{},{},0.028766699041489707,1.7260019424893824,0.1572940632339455,0.213105358264364,0.6666666666666666,0.8041455698990512,0.999999999969272,0.5927213485641751,0.1066787824010154,0.5011706795579236,bounded_or_no_clear_room
mahnob_2998,1.81,2.21,1.81,2.22,2.17,2.82,1.84,0.2660338749037361,0.246359911381798,0.2697974162080314,0.249708836786797,0.2596367147563904,0.2548445162478459,0.2762861582513405,external_output_rate_t,1.81,2.22,0.41000000000000014,mahnob_2998.pkl,parh_ossm,True,False,,False,candidate_rate_posterior_final,bounded_correction_to_existing_readout,target_computable_downshift_specificity,1.0,0.184247301174323,0.2166663832614172,1.0,0.2035029190992493,0.0,0.0,0.1017514595496246,1.3348868932102215e-09,0.8263777593314656,1.3348868932102215e-09,0.0871364212497046,0.0,0.0,0.0,0.0,0.2175496974270287,0.8962040277497723,0.3324311120096316,0.6666666666666666,0.6666666666666666,0.7975847817624843,4.289341058739785e-14,0.9691003850202192,0.2581838743174949,4.289341058739785e-14,0.8290007317289093,0.1012997804813272,True,0.4957739614939432,0.4460761990461636,,,,,"{""G_DoF"": 4, ""G_DoF_bridge"": 4}",,,,,False,0.5087572977481234,"{""harmonic_anchor"": 39, ""motion_timing_track_preserved"": 16}","{""harmonic_anchor"": 39, ""motion_timing_track_preserved"": 16}",{},{},0.02992624686954251,1.7955748121725508,0.184247301174323,0.6773059117356335,0.6666666666666666,0.8290007317289093,0.9999999999999571,0.5803559948847063,0.1012997804813272,0.6037787388403753,bounded_or_no_clear_room
mahnob_30,1.35,0.66,1.72,1.66,1.61,2.17,1.52,0.2715565103714357,0.2441603945558238,0.2854542890674452,0.2766486484944388,0.27157417190971,0.2784678371710115,0.2785042918785539,external_rate_posterior_mean_t,0.66,1.66,0.9999999999999999,mahnob_30.pkl,parh_ossm,True,False,,False,candidate_rate_posterior_final,bounded_correction_to_existing_readout,target_computable_downshift_specificity,1.0,0.1358095677013895,0.1998626436483143,1.0,0.0,0.0,0.0,0.0,2.1570589759287584e-10,0.8159779243095255,2.1570589759287584e-10,0.0619235902930054,0.475448168355417,0.0,0.475448168355417,0.0,0.1937426022121514,0.9102188306201904,0.1889745121257806,1.0,1.0,0.6387327849735686,1.0063945412893042e-12,0.9901010963931048,0.0692727732760295,1.0063945412893042e-12,0.8375019573732899,0.0487494127887021,True,0.4929071755771619,0.5268941423710375,,,,,"{""G_DoF"": 8, ""G_DoF_bridge"": 3}",,,,,False,0.316965445570278,"{""harmonic_anchor"": 51, ""motion_timing_track_preserved"": 22}","{""harmonic_anchor"": 51, ""motion_timing_track_preserved"": 22}",{},{},0.034343897322730105,2.060633839363806,0.1358095677013895,0.40820959816813646,1.0,0.8375019573732899,0.9999999999989936,0.535564206184817,0.0487494127887021,0.5899010845044286,source_selection_room_posterior_available
mahnob_3000,1.43,1.47,1.16,0.99,0.94,1.2,1.25,0.2566290120627755,0.254856244738153,0.2581453072952238,0.2733391510573166,0.2732960921481481,0.2768816572405919,0.279046906197568,final_track_hz,0.99,0.99,0.0,mahnob_3000.pkl,parh_ossm,True,False,,False,candidate_rate_posterior_final,bounded_correction_to_existing_readout,target_computable_downshift_specificity,1.0,0.1672695813311218,0.1861291774205253,1.0,0.0,0.0,0.0,0.1836431226765799,4.6194769694104575e-11,0.7864090930200398,4.6194769694104575e-11,0.1161131303068116,0.0,0.0,0.0,0.0,0.1715020707602697,0.9303429036502784,0.2507427772047439,0.6666666666666666,0.6666666666666666,0.6571486245647509,3.2725357489865814e-16,0.9845768587834872,0.0619134440238759,3.2725357489865814e-16,0.7952230884563547,0.1114330734630938,True,0.4751333240708164,0.613236684882676,,,,,"{""G_DoF"": 9, ""G_DoF_bridge"": 1}",,,,,False,0.0907063197026022,"{""harmonic_anchor"": 50, ""motion_timing_track_preserved"": 20}","{""harmonic_anchor"": 50, ""motion_timing_track_preserved"": 20}",{},{},0.024190661459415008,1.4514396875649005,0.1672695813311218,0.5535001478148214,0.6666666666666666,0.7952230884563547,0.9999999999999997,0.6441457823718589,0.1114330734630938,0.5750721590550743,bounded_or_no_clear_room
mahnob_3002,3.09,2.98,1.74,2.85,3.17,3.11,2.27,0.2735253199615397,0.2500958990667245,0.2755779538443821,0.2998283519308792,0.306994469410033,0.3139168915877732,0.2991339881766549,state_freq_t,2.27,2.85,0.5800000000000001,mahnob_3002.pkl,parh_ossm,True,False,,False,candidate_rate_posterior_final,bounded_correction_to_existing_readout,target_computable_downshift_specificity,1.0,0.1193189979609252,0.1535718796287494,1.0,0.3248577524893314,0.0,0.0,0.0,1.5046993618023745e-13,0.7587390418942567,1.5046993618023745e-13,0.1325224080820889,0.0,0.0,0.0,0.0,0.1211137484366191,0.963637775287396,0.0805082355139955,0.6666666666666666,0.6666666666666666,0.6090552907218486,1.410739454620704e-20,0.8768290003925234,0.1642429845940812,1.410739454620704e-20,0.7659772437515379,0.1304148342098328,True,0.3734066501246594,0.3949582919968964,,,,,"{""G_DoF"": 8}",,,,,False,0.0,"{""harmonic_anchor"": 40, ""motion_timing_track_preserved"": 16}","{""harmonic_anchor"": 40, ""motion_timing_track_preserved"": 16}",{},{},0.06382099252104867,3.82925955126292,0.1193189979609252,0.04198262206341539,0.6666666666666666,0.7659772437515379,1.0,0.31336655161877164,0.1304148342098328,0.42141803220653895,bounded_or_no_clear_room
mahnob_3004,2.38,1.62,2.61,2.64,2.63,3.01,2.47,0.2962218268132876,0.2798075545722661,0.3152339272658108,0.3067305798665197,0.3050208178700656,0.3069879541901166,0.309593640474305,external_rate_posterior_mean_t,1.62,2.64,1.02,mahnob_3004.pkl,parh_ossm,True,False,,False,candidate_rate_posterior_final,bounded_correction_to_existing_readout,target_computable_downshift_specificity,1.0,0.1246871093172856,0.0561595768066224,1.0,0.2649006622516556,0.0,0.0,0.0,1.7419311325126047e-06,0.7837503519598411,1.7419311325126047e-06,0.1031188540439753,0.2649006622516556,0.0,0.2649006622516556,0.0,0.1780845259843992,0.9443401924256506,0.1640307897982291,0.6666666666666666,0.6666666666666666,0.6453974319239759,1.0152398394399096e-16,0.8772233798418141,0.0624335366975109,1.0152398394399096e-16,0.7684735386842547,0.1068219440444175,True,0.4756142387003124,0.6132406282500467,,,,,"{""G_DoF"": 6, ""G_DoF_bridge"": 2, ""G_OF"": 5, ""G_P1D_cons"": 1}",,,,,False,0.3311258278145695,"{""harmonic_anchor"": 70, ""motion_timing_track_preserved"": 28}","{""harmonic_anchor"": 70, ""motion_timing_track_preserved"": 28}",{},{},0.029786085902038906,1.7871651541223343,0.1246871093172856,0.30236138471635926,0.6666666666666666,0.7684735386842547,0.9999999999999999,0.5818368492966162,0.1068219440444175,0.5044165756004513,source_selection_room_agreement_available
mahnob_3006,1.43,0.99,1.96,1.98,1.75,2.56,1.48,0.2626415127781964,0.248739976055943,0.2730732563833808,0.2767910431749085,0.2645974479545689,0.2797216058861461,0.2480811808090624,external_rate_posterior_mean_t,0.99,1.98,0.99,mahnob_3006.pkl,parh_ossm,True,False,,False,candidate_rate_posterior_final,bounded_correction_to_existing_readout,target_computable_downshift_specificity,1.0,0.1852535315601014,0.174697592953369,1.0,0.0982761398421137,0.0,0.0,0.0,3.9340910453962485e-09,0.7834303725058143,3.9340910453962485e-09,0.1046953665130649,0.0,0.0,0.0,0.0,0.2032287478479472,0.950508532964368,0.095932683691405,0.6666666666666666,0.6666666666666666,0.7417636317347658,9.373439099127146e-16,0.8234153780650185,0.2995868986490901,9.373439099127146e-16,0.7783421872284717,0.1152093709445286,True,0.411386805236757,0.4752235903293246,,,,,"{""G_DoF"": 6, ""G_DoF_bridge"": 3}",,,,,False,0.2948284195263412,"{""harmonic_anchor"": 45, ""motion_timing_track_preserved"": 18}","{""harmonic_anchor"": 45, ""motion_timing_track_preserved"": 18}",{},{},0.03164042507708367,1.8984255046250205,0.1852535315601014,0.11395209675658516,0.6666666666666666,0.7783421872284717,0.9999999999999991,0.562547077007965,0.1152093709445286,0.4805889009319566,source_selection_room_agreement_available
mahnob_3008,1.38,1.27,0.83,0.72,0.99,1.52,1.07,0.2771274749591487,0.2594231544746461,0.2786543414073069,0.2801420374509185,0.2732090442968244,0.2844276489653971,0.2842813322400069,final_track_hz,0.72,0.72,0.0,mahnob_3008.pkl,parh_ossm,True,False,,False,candidate_rate_posterior_final,bounded_correction_to_existing_readout,target_computable_downshift_specificity,1.0,0.1383216640422267,0.1701030152139611,1.0,0.1487442087295781,0.0,0.0,0.1819068519873201,2.5527829026059432e-09,0.7341933870273144,2.5527829026059432e-09,0.1409846362555094,0.2231163130943672,0.0,0.2231163130943672,0.0,0.130905197221994,0.9505697707716148,0.114721480662332,0.6666666666666666,0.6666666666666666,0.418947077640394,8.869445443042764e-11,0.9120376880268596,0.0603183654271812,8.869445443042764e-11,0.7676023399327147,0.1423416808098958,True,0.410344552398824,0.6458633545323218,,,,,"{""G_DoF"": 1, ""G_DoF_bridge"": 7, ""G_OF"": 4}",,,,,False,0.0,"{""harmonic_anchor"": 60, ""motion_timing_track_preserved"": 24}","{""harmonic_anchor"": 60, ""motion_timing_track_preserved"": 24}",{},{},0.025004494490750984,1.500269669445059,0.1383216640422267,0.15109534049419704,0.6666666666666666,0.7676023399327147,0.9999999999113055,0.6346845516602064,0.1423416808098958,0.4791741221710302,bounded_or_no_clear_room
mahnob_3010,0.67,1.55,0.7,0.55,0.86,0.61,0.62,0.2872911936054044,0.2613431508080078,0.2955614230241864,0.2887213075052853,0.2877151689587081,0.2889818991533048,0.286579171658577,final_track_hz,0.55,0.55,0.0,mahnob_3010.pkl,parh_ossm,True,False,,False,candidate_rate_posterior_final,bounded_correction_to_existing_readout,target_computable_downshift_specificity,1.0,0.1846208704164495,0.2093139450760353,1.0,0.0,0.0,0.0,0.0,2.26509837492654e-08,0.8352009031931057,2.26509837492654e-08,0.0690797318960414,0.2514081604616018,0.0,0.2514081604616018,0.0,0.2337099234453357,0.8713620536507857,0.2436690760011702,1.0,1.0,0.782107729144416,6.278783530004103e-14,0.9884353775677234,0.2461012159399511,6.278783530004103e-14,0.8327827308920686,0.0556243433258489,True,0.4359717583765037,0.4977300030493617,,,,,"{""G_DoF"": 2, ""G_DoF_bridge"": 4, ""G_OF"": 4}",,,,,False,0.5866190410770711,"{""harmonic_anchor"": 50, ""motion_timing_track_preserved"": 20}","{""harmonic_anchor"": 50, ""motion_timing_track_preserved"": 20}",{},{},0.027638748345297004,1.6583249007178202,0.1846208704164495,0.6054698900414994,1.0,0.8327827308920686,0.9999999999999372,0.605002494882411,0.0556243433258489,0.6471044204018693,bounded_or_no_clear_room
mahnob_3012,0.98,1.03,1.3,1.33,1.6,1.68,0.87,0.2454793075801381,0.2418435763086638,0.2649710704807283,0.2379386603360454,0.2388655035184539,0.2354135070063358,0.237209043305602,state_freq_t,0.87,1.33,0.4600000000000001,mahnob_3012.pkl,parh_ossm,True,False,,False,candidate_rate_posterior_final,bounded_correction_to_existing_readout,target_computable_downshift_specificity,1.0,0.1753978086648813,0.1875829888172298,1.0,0.0466240227434257,0.0,0.0,0.0,1.1836933833005615e-11,0.8050380703497022,1.1836933833005615e-11,0.1098790251060689,0.0,0.0,0.0,0.0,0.1623994304826035,0.928744813338158,0.1871253139971451,0.6666666666666666,0.6666666666666666,0.6483392775715655,4.124181982362136e-14,0.9617114957285948,0.0970981804332519,4.124181982362136e-14,0.8102036262949487,0.1095331875533534,True,0.3928099214953722,0.4637378884002052,,,,,"{""G_DoF"": 3, ""G_DoF_bridge"": 6, ""G_OF"": 1}",,,,,False,0.3063255152807391,"{""harmonic_anchor"": 50, ""motion_timing_track_preserved"": 20}","{""harmonic_anchor"": 50, ""motion_timing_track_preserved"": 20}",{},{},0.010065800573802325,0.6039480344281395,0.1753978086648813,0.3783296862505117,0.6666666666666666,0.8102036262949487,0.9999999999999588,0.832756034145877,0.1095331875533534,0.5633682180198111,bounded_or_no_clear_room
mahnob_3014,2.92,2.83,2.6,2.33,1.75,1.8,1.93,0.2398018741855646,0.2331137176352474,0.2547931058194073,0.257028086112131,0.265761807332082,0.2706711627855063,0.2628667631535942,native_smoothed_track_hz,1.8,2.33,0.53,mahnob_3014.pkl,parh_ossm,True,False,,False,candidate_rate_posterior_final,bounded_correction_to_existing_readout,target_computable_downshift_specificity,1.0,0.1096738850419552,0.0787757748000384,1.0,0.0783960930471661,0.0,0.0,0.5296234417170029,1.3319203477628239e-11,0.7423360193300819,1.3319203477628239e-11,0.1653826177947041,0.0,0.0,0.0,0.0,0.1204896014726694,0.9562445527237424,0.1226966059679137,0.3333333333333333,0.3333333333333333,0.6702065544624678,1.9424653750949553e-14,0.7505585088949157,0.2219024385785905,1.9424653750949553e-14,0.7318325769583233,0.180450226912503,True,0.4716352100537641,0.4616967315338762,,,,,"{""G_DoF"": 7, ""G_DoF_bridge"": 4}",,,,,False,0.0,"{""harmonic_anchor"": 55, ""motion_timing_track_preserved"": 22}","{""harmonic_anchor"": 55, ""motion_timing_track_preserved"": 22}",{},{},0.037557445150258884,2.253446709015533,0.1096738850419552,0.1652690339825541,0.3333333333333333,0.7318325769583233,0.9999999999999806,0.5051688045652036,0.180450226912503,0.40271902236601526,bounded_or_no_clear_room
mahnob_3016,2.55,2.41,2.73,2.28,2.08,1.92,2.11,0.240855531446538,0.2368133635639286,0.2434750692154348,0.2427391156044181,0.2369803758457768,0.2428333281546167,0.2378048456892471,native_smoothed_track_hz,1.92,2.28,0.3599999999999999,mahnob_3016.pkl,parh_ossm,True,False,,False,candidate_rate_posterior_final,bounded_correction_to_existing_readout,target_computable_downshift_specificity,1.0,0.2122655478625895,0.2227256523191402,1.0,0.0,0.0,0.0,0.0,2.5919885837561616e-07,0.8142456424640794,2.5919885837561616e-07,0.0704616244750591,0.0318740907287395,0.0318740907287395,0.0,0.0,0.2182448102453022,0.8848256368680832,0.1734114464219519,1.0,1.0,0.7331894046181492,1.0154088060003937e-11,0.9797711203757892,0.1062306721382351,1.0154088060003937e-11,0.8225502522751088,0.0699883069487582,True,0.4629383361806349,0.5525887617705085,,,,,"{""G_DoF"": 8, ""G_DoF_bridge"": 3}",,,,,False,0.5159370453643698,"{""harmonic_anchor"": 54, ""motion_timing_track_preserved"": 22}","{""harmonic_anchor"": 54, ""motion_timing_track_preserved"": 22}",{},{},0.006019964590688098,0.3611978754412859,0.2122655478625895,0.39570480284134485,1.0,0.8225502522751088,0.9999999999898459,0.8963234824443697,0.0699883069487582,0.6382234029232207,bounded_or_no_clear_room
mahnob_3018,1.44,1.09,1.69,1.48,1.57,1.49,1.75,0.2853402116946719,0.2589552969904315,0.2896984792718097,0.2865974598475725,0.2872890454349335,0.287805519886983,0.2731373044374076,external_rate_posterior_mean_t,1.09,1.48,0.3899999999999999,mahnob_3018.pkl,parh_ossm,True,False,,False,candidate_rate_posterior_final,bounded_correction_to_existing_readout,target_computable_downshift_specificity,1.0,0.1725045625997348,0.2063108463244159,1.0,0.1687646977451929,0.0,0.0,0.0,5.8193588182035364e-12,0.7730864251620827,5.8193588182035364e-12,0.0871177103121376,0.1687646977451929,0.0843823488725964,0.0843823488725964,0.0,0.2153414873834277,0.9570053162147916,0.2598591611520681,1.0,1.0,0.6328734816358024,3.7340349528826606e-17,0.8239876541952552,0.2038471098942565,3.7340349528826606e-17,0.7585233034585879,0.0838361449835592,True,0.4459855497373938,0.4640558375710313,,,,,"{""G_DoF"": 2, ""G_DoF_bridge"": 8}",,,,,False,0.2531470466177895,"{""harmonic_anchor"": 50, ""motion_timing_track_preserved"": 20}","{""harmonic_anchor"": 50, ""motion_timing_track_preserved"": 20}",{},{},0.02885022289655148,1.7310133737930888,0.1725045625997348,0.560675674430081,1.0,0.7585233034585879,1.0,0.5918219158285801,0.0838361449835592,0.6198383481392402,bounded_or_no_clear_room
mahnob_3020,1.47,1.17,2.18,2.21,2.11,3.47,1.72,0.2710430498354205,0.2498709010437486,0.2878387338365664,0.2860453621456164,0.2776474165219733,0.2906119952219638,0.2797187035618904,external_rate_posterior_mean_t,1.17,2.21,1.04,mahnob_3020.pkl,parh_ossm,True,False,,False,candidate_rate_posterior_final,bounded_correction_to_existing_readout,target_computable_downshift_specificity,1.0,0.1899147489399103,0.2091147084183643,1.0,0.0,0.0,0.0,0.0,1.3109253209123336e-12,0.8245538028609948,1.3109253209123336e-12,0.0624588390156614,0.1582771146860404,0.0,0.1582771146860404,0.0,0.2182667398084748,0.8635336478780353,0.2062684301395866,1.0,1.0,0.6709295103402764,1.4386893613511952e-13,0.9981076398637154,0.0119565194077899,1.4386893613511952e-13,0.825026702812163,0.0538830248445549,True,0.3952574653831972,0.4037435339526373,,,,,"{""G_DoF_bridge"": 3, ""G_OF"": 1, ""G_P1D_cons"": 1}",,,,,False,0.524390243902439,"{""harmonic_anchor"": 25, ""motion_timing_track_preserved"": 10}","{""harmonic_anchor"": 25, ""motion_timing_track_preserved"": 10}",{},{},0.0407410941782152,2.444465650692912,0.1899147489399103,0.5073578829675228,1.0,0.825026702812163,0.9999999999998561,0.47675756495022253,0.0538830248445549,0.6149917232608516,source_selection_room_posterior_available
mahnob_3022,0.89,0.9,1.62,1.11,1.62,1.56,0.85,0.2701842125142217,0.2621375806841642,0.2762849405528839,0.2659670548939171,0.2595435789539772,0.2659349368376471,0.2691591299667184,state_freq_t,0.85,1.11,0.2600000000000001,mahnob_3022.pkl,parh_ossm,True,False,,False,candidate_rate_posterior_final,bounded_correction_to_existing_readout,target_computable_downshift_specificity,1.0,0.1993746901321366,0.188236577788699,1.0,0.0,0.0,0.0,0.0,5.551651224011835e-06,0.8385483904272725,5.551651224011835e-06,0.0797556668482956,0.0,0.0,0.0,0.0,0.1980817863948616,0.8796460726000849,0.2072941866580686,0.6666666666666666,0.6666666666666666,0.7519839765190248,1.3358590879300558e-10,0.9860977491234176,0.0531630687969876,1.3358590879300558e-10,0.8252103990455197,0.0927997013705232,True,0.4095221117051215,0.4497308837097573,,,,,"{""G_DoF"": 1, ""G_DoF_bridge"": 4, ""G_OF"": 7}",,,,,False,0.337436640115858,"{""harmonic_anchor"": 58, ""motion_timing_track_preserved"": 24}","{""harmonic_anchor"": 58, ""motion_timing_track_preserved"": 24}",{},{},0.008046631830057493,0.4827979098034496,0.1993746901321366,0.4900292979885761,0.6666666666666666,0.8252103990455197,0.9999999998664141,0.8638964240723185,0.0927997013705232,0.5987407642377189,bounded_or_no_clear_room
mahnob_3024,2.32,1.47,2.74,2.73,3.18,3.46,2.81,0.2708002270887727,0.2661328982492712,0.2817859071697438,0.283874895960869,0.2937410206078687,0.2909197549883855,0.2773808933698345,external_rate_posterior_mean_t,1.47,2.73,1.26,mahnob_3024.pkl,parh_ossm,True,False,,False,candidate_rate_posterior_final,bounded_correction_to_existing_readout,target_computable_downshift_specificity,1.0,0.1936902423113059,0.2002751830343881,1.0,0.0,0.0,0.0,0.0,2.5725694849460875e-11,0.8162409780509349,2.5725694849460875e-11,0.0820549879636306,0.194391332058636,0.064797110686212,0.129594221372424,0.0,0.2103177578884855,0.9184413857561116,0.2632592556695066,0.6666666666666666,0.6666666666666666,0.6693482600326948,2.4214038779784433e-14,0.9725893361757224,0.1311911490803586,2.4214038779784433e-14,0.820644187353454,0.0976118058974327,True,0.4026542947606331,0.5388804991369294,,,,,"{""G_DoF_bridge"": 8, ""G_OF"": 5, ""G_P1D_cons"": 1}",,,,,False,0.582855321861058,"{""harmonic_anchor"": 70, ""motion_timing_track_preserved"": 28}","{""harmonic_anchor"": 70, ""motion_timing_track_preserved"": 28}",{},{},0.024786856739114294,1.4872114043468576,0.1936902423113059,0.6075851189127286,0.6666666666666666,0.820644187353454,0.9999999999999758,0.6372010057680378,0.0976118058974327,0.5969951324504471,source_selection_room_posterior_available
mahnob_3026,2.14,1.33,2.55,1.69,1.75,1.69,2.13,0.2896104215210879,0.2770343863053708,0.2976357501269636,0.2850885629151387,0.2855008818070109,0.2841808854157851,0.2905018270084962,external_rate_posterior_mean_t,1.33,1.69,0.3599999999999999,mahnob_3026.pkl,parh_ossm,True,False,,False,candidate_rate_posterior_final,bounded_correction_to_existing_readout,target_computable_downshift_specificity,1.0,0.1299572280193085,0.1592909054362211,1.0,0.0,0.0,0.0,0.4571987898202527,1.9025425234936768e-10,0.6951483118811596,1.9025425234936768e-10,0.1731276979926489,0.0229578216764548,0.0,0.0229578216764548,0.0,0.1388954065326034,0.894518421338125,0.0968129623470086,0.3333333333333333,0.3333333333333333,0.5597346892428867,1.2541634865235891e-14,0.8378532249891296,0.0453893926138806,1.2541634865235891e-14,0.7009721940617004,0.1634833900326179,True,0.4877161563663783,0.6322012584293111,,,,,"{""G_DoF_bridge"": 7, ""G_P1D_cons"": 1}",,,,,False,0.1085602420359494,"{""harmonic_anchor"": 39, ""motion_timing_track_preserved"": 16}","{""harmonic_anchor"": 39, ""motion_timing_track_preserved"": 16}",{},{},0.013467440703125388,0.8080464421875233,0.1299572280193085,0.15949630642266935,0.3333333333333333,0.7009721940617004,0.9999999999999875,0.782812121925302,0.1634833900326179,0.4314672705878826,bounded_or_no_clear_room
mahnob_3028,2.61,1.55,3.29,2.15,2.23,1.82,2.33,0.2676682529436436,0.2527407590642041,0.27023521598947,0.260986571607822,0.2602650513118496,0.2536369980673033,0.2736617656969561,external_rate_posterior_mean_t,1.55,2.15,0.5999999999999999,mahnob_3028.pkl,parh_ossm,True,False,,False,candidate_rate_posterior_final,bounded_correction_to_existing_readout,target_computable_downshift_specificity,1.0,0.1537529082250608,0.1814090870648901,1.0,0.0702926941691634,0.0,0.0,0.0,2.5109304491692484e-13,0.810756924676513,2.5109304491692484e-13,0.1093272495224206,0.1405853883383268,0.0,0.1405853883383268,0.0,0.1638631893927983,0.9371495577628318,0.2366571943939375,0.6666666666666666,0.6666666666666666,0.7181218523832641,7.242562841821187e-16,0.9682143654852496,0.2364979884857571,7.242562841821187e-16,0.8223233690214514,0.1033029892935645,True,0.4019268762529864,0.4539413220906999,,,,,"{""G_DoF"": 9, ""G_DoF_bridge"": 2, ""G_OF"": 2}",,,,,False,0.2108780825074902,"{""harmonic_anchor"": 65, ""motion_timing_track_preserved"": 26}","{""harmonic_anchor"": 65, ""motion_timing_track_preserved"": 26}",{},{},0.02092100663275198,1.255260397965119,0.1537529082250608,0.5064303646990559,0.6666666666666666,0.8223233690214514,0.9999999999999992,0.6836002658954268,0.1033029892935645,0.5711025330094802,bounded_or_no_clear_room
mahnob_3030,1.23,1.5,1.9,1.9,2.13,2.97,1.94,0.2596862971508501,0.2411685730702482,0.27675203975425,0.2674441444181427,0.2607032496971355,0.2663755345678338,0.2647717978606309,external_output_rate_t,1.23,1.9,0.6699999999999999,mahnob_3030.pkl,parh_ossm,True,False,,False,candidate_rate_posterior_final,bounded_correction_to_existing_readout,target_computable_downshift_specificity,1.0,0.1907148555051543,0.2020490413993635,1.0,0.0,0.0,0.0,0.0,3.0923361774015122e-09,0.8332153626530957,3.0923361774015122e-09,0.0767622897572507,0.1734417344173441,0.0,0.1734417344173441,0.0,0.2224505980394379,0.9016432536888956,0.3007427247342298,0.6666666666666666,0.6666666666666666,0.7750726452905108,2.572444161089997e-12,0.9939988276646292,0.2942702542924191,2.572444161089997e-12,0.8515204736434177,0.0877626518845867,True,0.3829788425253612,0.344204714599516,,,,,"{""G_DoF"": 3, ""G_DoF_bridge"": 6, ""G_OF"": 2}",,,,,False,0.4959349593495935,"{""harmonic_anchor"": 55, ""motion_timing_track_preserved"": 22}","{""harmonic_anchor"": 55, ""motion_timing_track_preserved"": 22}",{},{},0.02627557134789449,1.5765342808736693,0.1907148555051543,0.672846865918992,0.6666666666666666,0.8515204736434177,0.9999999999974275,0.6201848744026228,0.0877626518845867,0.6132183803580173,bounded_or_no_clear_room
mahnob_3122,3.0,3.34,2.27,3.77,4.68,4.37,3.22,0.2865711564359888,0.2807187265636593,0.3033529463199845,0.2714088265572054,0.2631211244512835,0.2616790744672339,0.289185221499059,external_output_rate_t,3.0,3.77,0.77,mahnob_3122.pkl,parh_ossm,True,False,,False,candidate_rate_posterior_final,bounded_correction_to_existing_readout,target_computable_downshift_specificity,1.0,0.2219038899196299,0.2287938159180076,1.0,0.0,0.0,0.0,0.0,5.335397558983614e-06,0.8004735746070364,5.335397558983614e-06,0.0739965735873183,0.0,0.0,0.0,0.0,0.2323228346433091,0.8507709441369966,0.175818085218545,1.0,1.0,0.7262142939354856,6.471646363607656e-11,0.9824537947928242,0.0011543736358102,6.471646363607656e-11,0.814603011672749,0.0646854798906,True,0.3918520951875117,0.5520956860344166,,,,,"{""G_DoF_bridge"": 5, ""G_OF"": 5}",,,,,False,0.6078291814946619,"{""harmonic_anchor"": 50, ""motion_timing_track_preserved"": 20}","{""harmonic_anchor"": 50, ""motion_timing_track_preserved"": 20}",{},{},0.027506147031825134,1.650368821909508,0.2219038899196299,0.43919335714266394,1.0,0.814603011672749,0.9999999999352835,0.6064628750775946,0.0646854798906,0.6196828351683447,source_selection_room_posterior_available
mahnob_3124,3.54,3.43,3.59,3.42,3.64,3.3,3.75,0.2396163210327369,0.2381667600062647,0.2384378440917771,0.2128760515577267,0.2003219683340362,0.1845088152677384,0.2067632465186086,native_smoothed_track_hz,3.3,3.42,0.1200000000000001,mahnob_3124.pkl,parh_ossm,True,False,,False,candidate_rate_posterior_final,bounded_correction_to_existing_readout,target_computable_downshift_specificity,1.0,0.2342523774288744,0.2280120242950889,1.0,0.0,0.0,0.0,0.0,0.0,0.5185113931485159,0.0,0.1444465820554452,0.0,0.0,0.0,0.0,0.285990498664971,0.8175049880535045,0.2758216372299779,1.0,1.0,0.7290819151193152,0.0,0.35,0.2309703763185926,0.0,0.5072649639741608,0.1478205108077517,True,0.3927649798514178,0.8771722076762654,,,,,"{""G_DoF"": 8}",,,,,False,0.8915897799858056,"{""motion_timing_track_preserved"": 16}","{""motion_timing_track_preserved"": 16}",{},{},0.05510750576499848,3.306450345899909,0.2342523774288744,0.7582026140619288,1.0,0.5072649639741608,1.0,0.367161067834477,0.1478205108077517,0.608227417468401,bounded_or_no_clear_room
mahnob_3126,4.74,5.05,4.47,4.94,5.22,5.28,4.83,0.2359880551191654,0.2428155932279283,0.260776280883053,0.2427434128341221,0.2316410476958818,0.2438133902047137,0.2422861058201818,external_output_rate_t,4.74,4.94,0.20000000000000018,mahnob_3126.pkl,parh_ossm,True,False,,False,candidate_rate_posterior_final,bounded_correction_to_existing_readout,target_computable_downshift_specificity,1.0,0.2089389808271024,0.2131834185518373,1.0,0.0,0.0,0.0,0.0,7.270834489977621e-06,0.8183701514856867,7.270834489977621e-06,0.0625314509429016,0.0,0.0,0.0,0.0,0.1979680449434166,0.9448885612713556,0.1865266522734483,1.0,1.0,0.6467678151858166,1.1654221094892088e-10,0.9771103269680996,0.1201571645665792,1.1654221094892088e-10,0.8306592229664215,0.0517722769186882,True,0.4069566907220168,0.4340356874498945,,,,,"{""G_DoF"": 14}",,,,,False,0.3660640066500416,"{""harmonic_anchor"": 69, ""motion_timing_track_preserved"": 28}","{""harmonic_anchor"": 69, ""motion_timing_track_preserved"": 28}",{},{},0.007825335085548307,0.46952010513289844,0.2089389808271024,0.3676533414693106,1.0,0.8306592229664215,0.9999999998834578,0.8673793802766526,0.0517722769186882,0.6319250072639161,likely_video_or_reference_limited
mahnob_3128,3.15,3.67,2.65,3.53,3.75,3.83,3.14,0.2645268252780887,0.2426234397181006,0.2766988117435763,0.2635386818419186,0.2597871578133437,0.2633342754314333,0.2689126585809601,state_freq_t,3.14,3.53,0.3899999999999997,mahnob_3128.pkl,parh_ossm,True,False,,False,candidate_rate_posterior_final,bounded_correction_to_existing_readout,target_computable_downshift_specificity,1.0,0.21543935810589,0.2157345036139234,1.0,0.0,0.0,0.0,0.0,2.001975915115693e-07,0.8406552296716413,2.001975915115693e-07,0.0680230146813859,0.0,0.0,0.0,0.0,0.223776185086453,0.940066526622486,0.3273576342971381,0.6666666666666666,0.6666666666666666,0.5923732812061814,2.349643003971256e-10,0.9781443573502878,0.149138332830338,2.349643003971256e-10,0.8360663266278965,0.0991801020583401,True,0.4120636150699227,0.505265742866994,,,,,"{""G_DoF"": 1, ""G_DoF_bridge"": 3, ""G_OF"": 3}",,,,,False,0.4697728147862918,"{""harmonic_anchor"": 35, ""motion_timing_track_preserved"": 14}","{""harmonic_anchor"": 35, ""motion_timing_track_preserved"": 14}",{},{},0.02628921886285948,1.5773531317715688,0.21543935810589,0.6346887103948046,0.6666666666666666,0.8360663266278965,0.9999999997650357,0.620031002905727,0.0991801020583401,0.6082926206491118,bounded_or_no_clear_room
mahnob_3130,2.42,1.85,3.49,2.41,2.37,2.36,2.48,0.2198926274830239,0.2081903692476453,0.2378783874649637,0.2076711965298843,0.2030844781513658,0.2038427413968911,0.214005614499317,external_rate_posterior_mean_t,1.85,2.41,0.56,mahnob_3130.pkl,parh_ossm,True,False,,False,candidate_rate_posterior_final,bounded_correction_to_existing_readout,target_computable_downshift_specificity,1.0,0.1656455334927416,0.1814047287665256,1.0,0.0,0.0,0.0,0.2813004380908462,0.0019477432098527,0.8618884690964483,0.0019477432098527,0.1092852040471969,0.0,0.0,0.0,0.0,0.1846030429187836,0.8985854276504978,0.2828085985562254,0.6666666666666666,0.6666666666666666,0.6743661548348844,1.0794499085499096e-06,0.9870416637775268,0.2160483202598915,1.0794499085499096e-06,0.8475455653353285,0.1067614747904007,True,0.3803324716107469,0.6183347087998792,,,,,"{""G_DoF"": 10, ""G_DoF_bridge"": 3}",,,,,False,0.2967489047728844,"{""harmonic_anchor"": 65, ""motion_timing_track_preserved"": 26}","{""harmonic_anchor"": 65, ""motion_timing_track_preserved"": 26}",{},{},0.01604988608613281,0.9629931651679685,0.1656455334927416,0.6683351809332589,0.6666666666666666,0.8475455653353285,0.9999989205500914,0.7469058713757115,0.1067614747904007,0.6162245321011812,bounded_or_no_clear_room
mahnob_3132,2.46,1.86,2.45,2.86,2.1,2.83,2.96,0.2085149853824547,0.2310990873300242,0.2037053642494944,0.1831207204772154,0.1881151216421862,0.1815337294544485,0.184537796232093,external_rate_posterior_mean_t,1.86,2.86,0.9999999999999998,mahnob_3132.pkl,parh_ossm,True,False,,False,candidate_rate_posterior_final,bounded_correction_to_existing_readout,target_computable_downshift_specificity,1.0,0.2411367052958208,0.2354672576858642,1.0,0.0,0.0,0.0,0.0,0.0,0.4687057258063247,0.0,0.1593882822581026,0.0,0.0,0.0,0.0,0.3008085800190678,0.8308782955630083,0.2788422592739313,1.0,1.0,0.5840586965416588,0.0,0.35,0.0048683162355519,0.0,0.4688276137600438,0.1593517158719868,True,0.398492671353521,0.997008575969074,,,,,"{""G_DoF"": 9, ""G_DoF_bridge"": 1}",,,,,False,0.9154462558717876,"{""motion_timing_track_preserved"": 20}","{""motion_timing_track_preserved"": 20}",{},{},0.0495653578755757,2.973921472534542,0.2411367052958208,0.7560996334441163,1.0,0.4688276137600438,1.0,0.40608680979358636,0.1593517158719868,0.6065017544689449,source_selection_room_posterior_available
mahnob_3134,5.39,5.64,4.87,6.34,5.8,6.3,6.87,0.2597660041005717,0.2544715441187201,0.2603231118919616,0.2366917343594483,0.2334230359065493,0.2376824233189025,0.2379591516389054,external_output_rate_t,5.39,6.34,0.9500000000000002,mahnob_3134.pkl,parh_ossm,True,False,,False,candidate_rate_posterior_final,bounded_correction_to_existing_readout,target_computable_downshift_specificity,1.0,0.2365401148524367,0.2424720520103777,1.0,0.0,0.0,0.0,0.0,0.0,0.492488566139392,0.0,0.1522534301581823,0.0,0.0,0.0,0.0,0.2927348032596883,0.8854287640106435,0.3191460196030313,1.0,1.0,0.6606742686887925,0.0,0.35,0.0888899147937615,0.0,0.4831112855149394,0.1550666143455181,True,0.329975308670468,0.930169778945088,,,,,"{""G_DoF"": 8, ""G_DoF_bridge"": 1}",,,,,False,0.8999836307087903,"{""motion_timing_track_preserved"": 18}","{""motion_timing_track_preserved"": 18}",{},{},0.02307426974112342,1.3844561844674053,0.2365401148524367,0.7031181966412942,1.0,0.4831112855149394,1.0,0.6573542732675646,0.1550666143455181,0.6224541267608136,source_selection_room_posterior_available
mahnob_3136,2.75,2.45,3.25,2.39,2.69,2.71,1.55,0.203212017077209,0.2196762537764483,0.2118996479872979,0.2079739034403628,0.2055125771995413,0.2297748472109061,0.2194438173958497,state_freq_t,1.55,2.39,0.8400000000000001,mahnob_3136.pkl,parh_ossm,True,False,,False,candidate_rate_posterior_final,bounded_correction_to_existing_readout,target_computable_downshift_specificity,1.0,0.1542317590677063,0.159830512623922,1.0,0.0851360781577111,0.0,0.2337752965806001,0.0,0.1371500209088753,0.6792288319825028,0.1371500209088753,0.2162168193589463,0.0851360781577111,0.0,0.0851360781577111,0.0,0.12126221922061,0.9825569974650707,0.1016795049806993,0.6666666666666666,0.6666666666666666,0.4552097977660784,0.109352301952397,0.7824808944440065,0.0500150819128879,0.109352301952397,0.6418839162787261,0.2128145013882263,True,0.5044508719083559,0.6255869135785237,,,,,"{""G_DoF"": 9, ""G_OF_bridge"": 1}",,,,,False,0.0,"{""harmonic_anchor"": 50, ""motion_timing_track_preserved"": 20}","{""harmonic_anchor"": 50, ""motion_timing_track_preserved"": 20}",{},{},0.02656283013369709,1.5937698080218254,0.1542317590677063,0.08387108254104508,0.6666666666666666,0.6418839162787261,0.890647698047603,0.6169541630397608,0.2128145013882263,0.42562586458923835,source_selection_room_agreement_available
mahnob_3138,3.02,3.74,3.07,2.85,4.01,2.62,3.32,0.2598381993095519,0.2491542060858181,0.2705869447990917,0.2559291698383446,0.2349283323972289,0.2594092755676199,0.2643667948285682,native_smoothed_track_hz,2.62,2.85,0.22999999999999998,mahnob_3138.pkl,parh_ossm,True,False,,False,candidate_rate_posterior_final,bounded_correction_to_existing_readout,target_computable_downshift_specificity,1.0,0.1764886857401299,0.1844082102589457,1.0,0.0,0.0,0.0,0.1441170575265584,7.566778962709501e-07,0.7936783723977198,7.566778962709501e-07,0.1180078342403304,0.0,0.0,0.0,0.0,0.1750698133799133,0.9169553056342996,0.2126583314762589,0.6666666666666666,0.6666666666666666,0.6290518336394637,6.524062589976301e-10,0.9742547583230002,0.1470387927483122,6.524062589976301e-10,0.8214809977346589,0.1226784511409176,True,0.3718253208640996,0.5203085516955589,,,,,"{""G_OF"": 14, ""G_P1D_cons"": 1}",,,,,False,0.2445379835638404,"{""harmonic_anchor"": 74, ""motion_timing_track_preserved"": 30}","{""harmonic_anchor"": 74, ""motion_timing_track_preserved"": 30}",{},{},0.015212588742750083,0.912755324565005,0.1764886857401299,0.462869068601395,0.6666666666666666,0.8214809977346589,0.9999999993475938,0.7583634501309064,0.1226784511409176,0.5734866346166483,bounded_or_no_clear_room
mahnob_3140,,9.55,9.9,11.52,10.86,11.39,12.08,,0.1902677753502039,0.1887730200524543,0.1442642550111547,0.1386378177424037,0.1499625146840218,0.1351369276626707,external_rate_posterior_mean_t,9.55,11.52,1.9699999999999989,mahnob_3140.pkl,parh_ossm,False,True,no_supported_readout_windows,True,abstained_no_supported_readout_windows,none,no_supported_readout_windows,0.0,,,,,,,,,,,,,,,,,,,,,,,,,,,,False,,,,,,,{},,,,,False,,{},{},{},{},0.05513084768753321,3.3078508612519926,0.0,0.0,0.0,0.0,1.0,0.3670052782551969,0.0,0.18670052782551969,source_selection_room_agreement_available
mahnob_3142,5.57,4.85,6.17,5.91,6.46,6.06,5.92,0.2044312676642519,0.2177267979758493,0.2195312162426776,0.1862567925231129,0.1651583306032815,0.1749312755120623,0.1800390004739669,external_rate_posterior_mean_t,4.85,5.91,1.0600000000000005,mahnob_3142.pkl,parh_ossm,True,False,,False,candidate_rate_posterior_final,bounded_correction_to_existing_readout,target_computable_downshift_specificity,1.0,0.1450588901492916,0.1793039681416538,1.0,0.1836188436830835,0.0,0.0,0.1019807280513918,0.1057201709441019,0.7250620685947626,0.1057201709441019,0.2107940502995046,0.0816381156316916,0.0,0.0816381156316916,0.0,0.1462370050807675,0.9685186642810176,0.2033836883038679,0.6666666666666666,0.6666666666666666,0.708067865635025,0.0798337876265484,0.8484426840064575,0.2808217588202797,0.0798337876265484,0.7075275784767953,0.2273912730330652,True,0.4215548600156254,0.5607348647879795,,,,,"{""G_DoF"": 10, ""G_OF"": 1}",,,,,False,0.0,"{""harmonic_anchor"": 50, ""motion_timing_track_preserved"": 22, ""stable_track_blend"": 5}","{""harmonic_anchor"": 50, ""motion_timing_track_preserved"": 22, ""stable_track_blend"": 5}",{},{},0.042795522463786984,2.567731347827219,0.1450588901492916,0.3800338795707726,0.6666666666666666,0.7075275784767953,0.9201662123734516,0.45927762308989556,0.2273912730330652,0.4796142020846975,source_selection_room_posterior_available
mahnob_3144,7.29,7.78,7.01,8.49,8.55,9.2,9.16,0.2224077793912619,0.212547286531661,0.2250371883573438,0.195420270060561,0.1864214322049928,0.1867266619931535,0.2057680355228569,external_output_rate_t,7.29,8.49,1.2000000000000002,mahnob_3144.pkl,parh_ossm,True,False,,False,candidate_rate_posterior_final,bounded_correction_to_existing_readout,target_computable_downshift_specificity,1.0,0.2708927165593697,0.2446555972581455,1.0,0.0,0.0,0.0,0.0,0.0,0.5683901957674223,0.0,0.1294829412697732,0.1548419850234801,0.1548419850234801,0.0,0.0,0.3834781819903556,0.7539699214001931,0.318326846980653,1.0,1.0,0.9062825255358072,0.0,0.35,0.6045889674100142,0.0,0.5707801244597024,0.1287659626620892,True,0.3904463129689675,0.9455992144742864,,,,,"{""G_DoF"": 11}",,,,,False,0.9997461606802894,"{""motion_timing_track_preserved"": 22}","{""motion_timing_track_preserved"": 22}",{},{},0.03568111739810842,2.140867043886505,0.2708927165593697,0.852725714997878,1.0,0.5707801244597024,1.0,0.5227000021988651,0.1287659626620892,0.6632787447620508,source_selection_room_posterior_available
mahnob_3146,9.15,8.33,7.0,9.07,9.19,8.79,9.31,0.2405483894357385,0.2317337278063039,0.2795560267116646,0.2201529695676178,0.2039227285453157,0.21415314531947,0.2044295607666307,external_rate_posterior_mean_t,8.33,9.07,0.7400000000000002,mahnob_3146.pkl,parh_ossm,True,False,,False,candidate_rate_posterior_final,bounded_correction_to_existing_readout,target_computable_downshift_specificity,1.0,0.1808672259680601,0.1839318540376208,1.0,0.0904373610081542,0.0,0.0,0.0,0.0136202592450058,0.8059477110987071,0.0136202592450058,0.0977686603917074,0.1860637509266123,0.0904373610081542,0.0956263899184581,0.0,0.2090560918693991,0.8941439515724727,0.1802510383850033,0.6666666666666666,0.6666666666666666,0.6722563496130797,0.004290606427587,0.9870665664251884,0.1734004013343154,0.004290606427587,0.8136810054120545,0.1084312745772619,True,0.3733571626364061,0.4130310082965771,,,,,"{""G_DoF"": 4, ""G_DoF_bridge"": 3, ""G_OF"": 3}",,,,,False,0.4521868050407709,"{""harmonic_anchor"": 47, ""motion_timing_track_preserved"": 20, ""stable_track_blend"": 3}","{""harmonic_anchor"": 47, ""motion_timing_track_preserved"": 20, ""stable_track_blend"": 3}",{},{},0.03611882866910779,2.1671297201464674,0.1808672259680601,0.40335762236016626,0.6666666666666666,0.8136810054120545,0.995709393572413,0.5185566624480963,0.1084312745772619,0.5383094295988018,bounded_or_no_clear_room
mahnob_3148,9.46,9.21,9.65,10.07,10.11,10.16,10.95,0.1858279333345227,0.1913056071579732,0.182889506942212,0.1689044122168336,0.1480745647019545,0.1673756221510303,0.1672936516840564,external_rate_posterior_mean_t,9.21,10.07,0.8599999999999994,mahnob_3148.pkl,parh_ossm,True,False,,False,candidate_rate_posterior_final,bounded_correction_to_existing_readout,target_computable_downshift_specificity,1.0,0.2758031403258232,0.2613136460123212,1.0,0.0,0.0,0.0,0.0,0.0,0.5642621990796057,0.0,0.1307213402761183,0.0,0.0,0.0,0.0,0.3944719072760951,0.7330123941574882,0.2759767142679783,1.0,1.0,0.8771925669949652,0.0,0.35,0.5336178950584034,0.0,0.5587150421599285,0.1323854873520214,True,0.3873084411732632,0.8490536486781419,,,,,"{""G_DoF"": 10}",,,,,False,0.9152189020152884,"{""motion_timing_track_preserved"": 20}","{""motion_timing_track_preserved"": 20}",{},{},0.024011955473916796,1.4407173284350079,0.2758031403258232,0.8648179515346711,1.0,0.5587150421599285,1.0,0.6462421445835465,0.1323854873520214,0.6771072974355318,source_selection_room_posterior_available
mahnob_3150,2.62,3.62,3.31,2.64,3.08,2.75,2.74,0.2528021411615954,0.2447130201188447,0.2488072483421124,0.2552780862750078,0.2495391039022749,0.2543827317112787,0.2479783209667406,external_output_rate_t,2.62,2.64,0.020000000000000018,mahnob_3150.pkl,parh_ossm,True,False,,False,candidate_rate_posterior_final,bounded_correction_to_existing_readout,target_computable_downshift_specificity,1.0,0.1560753987350777,0.1886396824846057,1.0,0.0,0.0,0.0,0.0,1.3097359315501496e-05,0.8078288687723294,1.3097359315501496e-05,0.0782254819579813,0.2624032119300258,0.0,0.2624032119300258,0.0,0.1747923313583428,0.9553889932293376,0.2313526589634567,0.8333333333333333,0.8333333333333333,0.7368114904886832,2.363111048323011e-09,0.9433451174411676,0.2403737630819053,2.363111048323011e-09,0.8045241474192084,0.0848316582981111,True,0.3633304599845597,0.5171213199159749,,,,,"{""G_DoF"": 5, ""G_DoF_bridge"": 5}",,,,,False,0.0378548895899053,"{""harmonic_anchor"": 48, ""motion_timing_track_preserved"": 20}","{""harmonic_anchor"": 48, ""motion_timing_track_preserved"": 20}",{},{},0.010565066156163122,0.6339039693697873,0.1560753987350777,0.47578928519183683,0.8333333333333333,0.8045241474192084,0.999999997636889,0.8252308513840815,0.0848316582981111,0.6038952477891484,bounded_or_no_clear_room
mahnob_3152,3.82,3.84,3.69,4.3,3.92,4.49,4.9,0.2346563000588663,0.2348931268041141,0.2348979375485372,0.2108630722967803,0.2128736807248174,0.2088193423771785,0.2181305305452944,external_output_rate_t,3.82,4.3,0.48,mahnob_3152.pkl,parh_ossm,True,False,,False,candidate_rate_posterior_final,bounded_correction_to_existing_readout,target_computable_downshift_specificity,1.0,0.2398830330885053,0.2428674746470837,1.0,0.0,0.0,0.0,0.0,0.0,0.5080344607251979,0.0,0.1475896617824406,0.0,0.0,0.0,0.0,0.2983804919284421,0.8188551398902166,0.2283746191080397,1.0,1.0,0.7290517841120769,0.0,0.35,0.110783679772233,0.0,0.4868332255612796,0.1539500323316161,True,0.3894169076956232,0.9793540068968998,,,,,"{""G_DoF"": 8}",,,,,False,0.8719185423365488,"{""motion_timing_track_preserved"": 16}","{""motion_timing_track_preserved"": 16}",{},{},0.026073784426935587,1.5644270656161352,0.2398830330885053,0.6288511610425809,1.0,0.4868332255612796,1.0,0.6224644207101182,0.1539500323316161,0.6056174131526847,bounded_or_no_clear_room
mahnob_3154,13.2,12.96,13.3,13.28,12.99,13.23,13.18,0.0847592470875259,0.087757111734086,0.0827551835841322,0.086532903958911,0.0817442687309486,0.0863548134690832,0.0829680447358993,external_rate_posterior_mean_t,12.96,13.28,0.3199999999999985,mahnob_3154.pkl,parh_ossm,True,False,,False,candidate_rate_posterior_final,bounded_correction_to_existing_readout,target_computable_downshift_specificity,1.0,0.3873043736792905,0.3868934670748716,1.0,0.0,0.0,0.0,0.0,0.0,0.6207507472338721,0.0,0.1137747758298383,0.0,0.0,0.0,0.0,0.7601747413384224,0.3377588811415473,0.9349370064332416,1.0,1.0,0.9999810765475984,0.0,0.3499986674309543,0.8766688596241897,0.0,0.6170337059543776,0.1148898882136867,True,0.656892514210995,0.9238621122571682,,,,,"{""G_DoF"": 6, ""G_DoF_bridge"": 1}",,,,,False,1.0,"{""motion_timing_track_preserved"": 14}","{""motion_timing_track_preserved"": 14}",{},{},0.004789066998186695,0.2873440198912017,0.3873043736792905,0.9520349482676845,1.0,0.6170337059543776,1.0,0.9166093140649656,0.1148898882136867,0.7599600815516441,likely_video_or_reference_limited
mahnob_3156,3.51,5.02,3.5,3.57,3.87,3.5,4.0,0.2850357266974927,0.2695356060010757,0.2942069918833305,0.2873688140821517,0.2797822854516681,0.2867719603346982,0.275903908343532,native_smoothed_track_hz,3.5,3.57,0.06999999999999984,mahnob_3156.pkl,parh_ossm,True,False,,False,candidate_rate_posterior_final,bounded_correction_to_existing_readout,target_computable_downshift_specificity,1.0,0.1818856962231215,0.1932101719292742,1.0,0.0,0.0,0.0,0.0,2.842476874590169e-10,0.8052629787390045,2.842476874590169e-10,0.0987166725204492,0.276268115942029,0.0920893719806763,0.1841787439613526,0.0,0.2060672667213675,0.8859144837183685,0.2762904814173205,0.6666666666666666,0.6666666666666666,0.5737600309282068,1.8063768291175617e-12,0.9740860135241476,0.0583278303713849,1.8063768291175617e-12,0.8195250830580068,0.1041424751130925,True,0.3935376526283763,0.4689136811879484,,,,,"{""G_DoF"": 1, ""G_DoF_bridge"": 4, ""G_OF"": 4}",,,,,False,0.552536231884058,"{""harmonic_anchor"": 45, ""motion_timing_track_preserved"": 18}","{""harmonic_anchor"": 45, ""motion_timing_track_preserved"": 18}",{},{},0.017833208081076024,1.0699924848645614,0.1818856962231215,0.6750977935235364,0.6666666666666666,0.8195250830580068,0.9999999999981937,0.7230765769089352,0.1041424751130925,0.615313155398502,likely_video_or_reference_limited
mahnob_3158,3.83,4.22,3.37,3.27,2.69,2.55,3.52,0.2759291130012536,0.2659739304719388,0.2932774229560097,0.2865254500595521,0.283049739625725,0.2909688106556096,0.2830779652891119,native_smoothed_track_hz,2.55,3.27,0.7200000000000002,mahnob_3158.pkl,parh_ossm,True,False,,False,candidate_rate_posterior_final,bounded_correction_to_existing_readout,target_computable_downshift_specificity,1.0,0.2150247715526053,0.2165914352613061,1.0,0.0,0.0,0.0,0.0,2.388350822019352e-06,0.8462678227362531,2.388350822019352e-06,0.0659989090739284,0.0,0.0,0.0,0.0,0.2304287745137539,0.8442174047715684,0.2586534541426381,1.0,1.0,0.783097117672871,6.300693448966073e-14,0.980008310595928,0.2491869476147468,6.300693448966073e-14,0.8521735461828179,0.0478699299664805,True,0.40693519332229,0.6310226412056151,,,,,"{""G_DoF"": 10, ""G_DoF_bridge"": 3}",,,,,False,0.5699602896519504,"{""harmonic_anchor"": 65, ""motion_timing_track_preserved"": 26}","{""harmonic_anchor"": 65, ""motion_timing_track_preserved"": 26}",{},{},0.024994880183670798,1.4996928110202479,0.2150247715526053,0.673165349023437,1.0,0.8521735461828179,0.9999999999999369,0.6347955077610462,0.0478699299664805,0.6749078523997084,bounded_or_no_clear_room
mahnob_3160,6.24,7.02,6.45,6.62,7.53,6.79,6.5,0.2201243942225048,0.2041644045367802,0.218485282114145,0.2041568853586066,0.1854850978597582,0.2020695581189704,0.2154749736028135,external_output_rate_t,6.24,6.62,0.3799999999999999,mahnob_3160.pkl,parh_ossm,True,False,,False,candidate_rate_posterior_final,bounded_correction_to_existing_readout,target_computable_downshift_specificity,1.0,0.1569310280542361,0.1804201429599926,1.0,0.0,0.0,0.0,0.2260934025203854,0.0006381597247458,0.796116046908807,0.0006381597247458,0.1305817218954942,0.0,0.0,0.0,0.0,0.1503114037350301,0.9071876626810352,0.2552505420584401,0.5,0.5,0.6735365958245365,1.1629352132054648e-06,0.9782724185254278,0.1699108392755769,1.1629352132054648e-06,0.8273337547672655,0.1280490492131343,True,0.4094091857199458,0.5431502684318554,,,,,"{""G_DoF"": 11, ""G_OF_bridge"": 1}",,,,,False,0.0956263899184581,"{""harmonic_anchor"": 59, ""motion_timing_track_preserved"": 24}","{""harmonic_anchor"": 59, ""motion_timing_track_preserved"": 24}",{},{},0.018054836103534394,1.0832901662120635,0.1569310280542361,0.584813608726681,0.5,0.8273337547672655,0.9999988370647868,0.7201687299048267,0.1280490492131343,0.5645073356028723,bounded_or_no_clear_room
mahnob_32,1.25,1.31,1.36,1.28,1.38,1.54,1.51,0.2755873846465719,0.2641543477621234,0.2812203087981501,0.2748406443134087,0.2679296820731897,0.2753481107734218,0.2824636094417828,external_output_rate_t,1.25,1.28,0.030000000000000027,mahnob_32.pkl,parh_ossm,True,False,,False,candidate_rate_posterior_final,bounded_correction_to_existing_readout,target_computable_downshift_specificity,1.0,0.2385948099595189,0.2310110474857078,1.0,0.0,0.0,0.0,0.0,1.983224032475634e-09,0.8463136842887112,1.983224032475634e-09,0.0613626979903726,0.0,0.0,0.0,0.0,0.2862978779516045,0.8541226985442406,0.4084801934822308,1.0,1.0,0.8313400510074498,1.4772399896465606e-11,0.9841221306827233,0.3002618387539642,1.4772399896465606e-11,0.8635377117186521,0.0527036022182128,True,0.509285197028777,0.6411635145839278,,,,,"{""G_DoF"": 10, ""G_DoF_bridge"": 3}",,,,,False,0.9320788330920832,"{""harmonic_anchor"": 65, ""motion_timing_track_preserved"": 26}","{""harmonic_anchor"": 65, ""motion_timing_track_preserved"": 26}",{},{},0.018309261679659405,1.0985557007795643,0.2385948099595189,0.7331368770460803,1.0,0.8635377117186521,0.9999999999852276,0.7168449809112645,0.0527036022182128,0.7022208725239829,bounded_or_no_clear_room
mahnob_3382,1.06,2.46,1.53,1.52,2.78,2.1,2.21,0.242574784082079,0.2182568847376983,0.2410476626979401,0.2311237089147146,0.2016549433376447,0.2032077584396576,0.2138166076581188,external_output_rate_t,1.06,1.52,0.45999999999999996,mahnob_3382.pkl,parh_ossm,True,False,,False,candidate_rate_posterior_final,bounded_correction_to_existing_readout,target_computable_downshift_specificity,1.0,0.1191415862609306,0.1778528119183344,1.0,0.0,0.0,0.1648738509681205,0.0,0.0285093563684331,0.7800495612246493,0.0285093563684331,0.135157847441547,0.4772149423039311,0.0,0.4772149423039311,0.0,0.1714254968163529,0.9320306496533556,0.2072142188885731,0.6666666666666666,0.6666666666666666,0.6102651066223361,2.294200954826125e-05,0.973743092280246,0.0955815953320483,2.294200954826125e-05,0.8144200330124343,0.1275724106050614,True,0.3611918580483313,0.5844449228290846,,,,,"{""G_DoF"": 6, ""G_DoF_bridge"": 1}",,,,,False,0.1648738509681205,"{""harmonic_anchor"": 35, ""motion_timing_track_preserved"": 14}","{""harmonic_anchor"": 35, ""motion_timing_track_preserved"": 14}",{},{},0.039367025642421394,2.3620215385452834,0.1191415862609306,0.432093551653491,0.6666666666666666,0.8144200330124343,0.9999770579904518,0.48881846160867254,0.1275724106050614,0.5244882756467248,bounded_or_no_clear_room
mahnob_3384,2.82,2.87,2.9,3.52,3.62,3.92,3.19,0.2613658739045914,0.2515493811477308,0.2672740536000875,0.2485478188358716,0.2490174883650202,0.2451190033094745,0.2574735661185546,external_output_rate_t,2.82,3.52,0.7000000000000002,mahnob_3384.pkl,parh_ossm,True,False,,False,candidate_rate_posterior_final,bounded_correction_to_existing_readout,target_computable_downshift_specificity,1.0,0.220037887363804,0.2162967139516705,1.0,0.0,0.0,0.0,0.0,0.0055492976978383,0.8049471264789069,0.0055492976978383,0.0712588687572209,0.0,0.0,0.0,0.0,0.2311724613890587,0.900592891349887,0.2800464294014957,1.0,1.0,0.7366881450900618,2.932274976801915e-06,0.9806878001461108,0.1645516086268501,2.932274976801915e-06,0.8225539700239792,0.0532338091048722,True,0.4225519644370317,0.6400542594461317,,,,,"{""G_DoF_bridge"": 8, ""G_OF"": 3}",,,,,False,0.579690469725767,"{""harmonic_anchor"": 55, ""motion_timing_track_preserved"": 22}","{""harmonic_anchor"": 55, ""motion_timing_track_preserved"": 22}",{},{},0.01624687059511687,0.9748122357070121,0.220037887363804,0.6756416009279248,1.0,0.8225539700239792,0.9999970677250232,0.7442355854328847,0.0532338091048722,0.6826206253216874,bounded_or_no_clear_room
mahnob_3386,0.92,1.51,1.73,1.21,1.17,1.59,0.93,0.2953609620057564,0.2799925639758742,0.3026528065034334,0.3084539046129041,0.2959975532062202,0.3092091366510672,0.2980791735435101,external_output_rate_t,0.92,1.21,0.2899999999999999,mahnob_3386.pkl,parh_ossm,True,False,,False,candidate_rate_posterior_final,bounded_correction_to_existing_readout,target_computable_downshift_specificity,1.0,0.1639553023570895,0.2010272565329509,1.0,0.0,0.0,0.0,0.217391304347826,1.9190984897434615e-08,0.7907704739031116,1.9190984897434615e-08,0.1133948140342897,0.217391304347826,0.0,0.217391304347826,0.0,0.1851473562211218,0.8524965443612208,0.2831449588183652,0.6666666666666666,0.6666666666666666,0.7701536827577149,4.311219310957029e-09,0.9731144481777758,0.0589937793974778,4.311219310957029e-09,0.8158041433134612,0.1042338146452091,True,0.4056115616212691,0.7665448005731572,,,,,"{""G_DoF_bridge"": 3, ""G_OF"": 5}",,,,,False,0.6521739130434783,"{""harmonic_anchor"": 40, ""motion_timing_track_preserved"": 16}","{""harmonic_anchor"": 40, ""motion_timing_track_preserved"": 16}",{},{},0.02921657267519301,1.7529943605115805,0.1639553023570895,0.7145329268830036,0.6666666666666666,0.8158041433134612,0.9999999956887807,0.5878929460052321,0.1042338146452091,0.6046319449522116,bounded_or_no_clear_room
mahnob_3388,1.98,1.69,1.63,2.05,2.43,2.01,1.49,0.2749860464230643,0.2574017980585154,0.2800460927239607,0.2619039035608194,0.2556866498729438,0.2617602396151862,0.2754216439332707,state_freq_t,1.49,2.05,0.5599999999999998,mahnob_3388.pkl,parh_ossm,True,False,,False,candidate_rate_posterior_final,bounded_correction_to_existing_readout,target_computable_downshift_specificity,1.0,0.1491873849856504,0.1800691980704964,1.0,0.2544847726324572,0.0,0.0,0.0,0.0001462067212105,0.8452546015744501,0.0001462067212105,0.0789551620172103,0.0,0.0,0.0,0.0,0.165559294722889,0.9423165746454704,0.1490326024898593,0.6666666666666666,0.6666666666666666,0.6131235784946334,2.53407309494406e-07,0.9926761764145484,0.0890940459177892,2.53407309494406e-07,0.8391106895461462,0.0975006570714353,True,0.4667803639189671,0.3727529569397492,,,,,"{""G_DoF"": 10}",,,,,False,0.0,"{""harmonic_anchor"": 50, ""motion_timing_track_preserved"": 20}","{""harmonic_anchor"": 50, ""motion_timing_track_preserved"": 20}",{},{},0.018019845874755303,1.0811907524853182,0.1491873849856504,0.2606349411462205,0.6666666666666666,0.8391106895461462,0.9999997465926905,0.7206270369212344,0.0975006570714353,0.5276030378814621,bounded_or_no_clear_room
mahnob_3390,2.97,2.53,2.04,2.31,2.2,1.85,2.08,0.2334276255677613,0.2417893192316815,0.2611693598164923,0.2475284903097493,0.2509798850350129,0.2666667961589652,0.2539319975178741,native_smoothed_track_hz,1.85,2.31,0.45999999999999996,mahnob_3390.pkl,parh_ossm,True,False,,False,candidate_rate_posterior_final,bounded_correction_to_existing_readout,target_computable_downshift_specificity,1.0,0.1595082798714466,0.1750523031985085,1.0,0.0757858119020996,0.0,0.0,0.1663560690769039,1.7038015891643788e-10,0.8054002775384271,1.7038015891643788e-10,0.1215796755647791,0.0,0.0,0.0,0.0,0.1622410191071285,0.9253589855299186,0.21290463778552,0.6666666666666666,0.6666666666666666,0.5326773816174364,8.030910297999653e-12,0.9736750828087892,0.0225565685308884,8.030910297999653e-12,0.808430842487248,0.1159282438619595,True,0.4130952547524229,0.7892922771739239,,,,,"{""G_DoF"": 11, ""G_DoF_bridge"": 1}",,,,,False,0.0757858119020996,"{""harmonic_anchor"": 60, ""motion_timing_track_preserved"": 24}","{""harmonic_anchor"": 60, ""motion_timing_track_preserved"": 24}",{},{},0.033239170591203904,1.9943502354722342,0.1595082798714466,0.4525769722016871,0.6666666666666666,0.808430842487248,0.9999999999919691,0.5464302793336882,0.1159282438619595,0.5447072943272545,bounded_or_no_clear_room
mahnob_3392,1.14,1.36,0.9,1.0,0.94,1.05,0.77,0.2407330695248869,0.2410674774598565,0.2461234581698052,0.2500032291832486,0.2452391557335045,0.249938227752674,0.2421790585605942,state_freq_t,0.77,1.0,0.22999999999999998,mahnob_3392.pkl,parh_ossm,True,False,,False,candidate_rate_posterior_final,bounded_correction_to_existing_readout,target_computable_downshift_specificity,1.0,0.2022105088839292,0.2138165180348636,1.0,0.0872467771639042,0.0,0.0,0.0,2.948488107751851e-07,0.8425457539724727,2.948488107751851e-07,0.062375726219522,0.0,0.0,0.0,0.0,0.2243912274358726,0.8997391655116673,0.3026941506242722,1.0,1.0,0.7651291383396746,1.1456186798373644e-09,0.991764898345874,0.1952485974950426,1.1456186798373644e-09,0.8393197871975292,0.048748250831729,True,0.4324493863834244,0.4700918521534266,,,,,"{""G_DoF"": 11, ""G_DoF_bridge"": 2}",,,,,False,0.6319060773480663,"{""harmonic_anchor"": 65, ""motion_timing_track_preserved"": 26}","{""harmonic_anchor"": 65, ""motion_timing_track_preserved"": 26}",{},{},0.00927015965836167,0.5562095795017002,0.2022105088839292,0.6751390799755073,1.0,0.8393197871975292,0.9999999988543813,0.844890405706835,0.048748250831729,0.6910926266113809,bounded_or_no_clear_room
mahnob_3394,1.86,1.71,2.75,2.25,2.23,2.75,2.37,0.2743671011071007,0.2631153216718204,0.2899175272512467,0.2621150545391233,0.2563641563988216,0.2639248959429278,0.2691852976077081,external_rate_posterior_mean_t,1.71,2.25,0.54,mahnob_3394.pkl,parh_ossm,True,False,,False,candidate_rate_posterior_final,bounded_correction_to_existing_readout,target_computable_downshift_specificity,1.0,0.1937716912658913,0.2023855293322921,1.0,0.0,0.0,0.0,0.1026417634191485,3.944924318141335e-09,0.821795331820037,3.944924318141335e-09,0.1064683692062878,0.0,0.0,0.0,0.0,0.2091302274041066,0.8524018793573962,0.3096628968244288,0.6666666666666666,0.6666666666666666,0.630919892856547,9.45876761731632e-10,0.9785941447551296,0.1790679955709933,9.45876761731632e-10,0.8396627012868934,0.098101190936468,True,0.4622883602354631,0.6054640800313738,,,,,"{""G_DoF"": 6, ""G_DoF_bridge"": 2}",,,,,False,0.4105670536765943,"{""harmonic_anchor"": 40, ""motion_timing_track_preserved"": 16}","{""harmonic_anchor"": 40, ""motion_timing_track_preserved"": 16}",{},{},0.012252046567977404,0.7351227940786442,0.1937716912658913,0.7194241661234252,0.6666666666666666,0.8396627012868934,0.9999999990541233,0.8003033120924217,0.098101190936468,0.6384973732079057,bounded_or_no_clear_room
mahnob_3396,2.05,1.72,1.29,2.17,2.47,2.28,1.61,0.2353686794138391,0.228864116631486,0.2773719031263942,0.2502171364530274,0.242784253321492,0.2475052573174442,0.2357848734659208,state_freq_t,1.61,2.17,0.5599999999999998,mahnob_3396.pkl,parh_ossm,True,False,,False,candidate_rate_posterior_final,bounded_correction_to_existing_readout,target_computable_downshift_specificity,1.0,0.1621880897003395,0.1712772310494218,1.0,0.0834701696770662,0.0,0.0,0.0,0.0324231464486675,0.8031126333931103,0.0324231464486675,0.1338515095403356,0.0,0.0,0.0,0.0,0.1476336953589813,0.9336442091193816,0.0950652220519878,0.6666666666666666,0.6666666666666666,0.5922323293338807,2.829904327173963e-07,0.9844126806113624,0.1568464260512103,2.829904327173963e-07,0.8347390902837668,0.1008808701776917,True,0.4200945358759178,0.5956085122291432,,,,,"{""G_DoF"": 6, ""G_DoF_bridge"": 4}",,,,,False,0.0,"{""harmonic_anchor"": 50, ""motion_timing_track_preserved"": 20}","{""harmonic_anchor"": 50, ""motion_timing_track_preserved"": 20}",{},{},0.02135301982154139,1.2811811892924836,0.1621880897003395,0.11731189059538105,0.6666666666666666,0.8347390902837668,0.9999997170095672,0.6782517657685702,0.1008808701776917,0.49695731119724895,bounded_or_no_clear_room
mahnob_3398,2.33,2.35,2.11,2.03,2.05,1.97,2.58,0.2753217076450931,0.2660612164045934,0.2804453597702808,0.2713368476997922,0.2639706369494553,0.2719666233175031,0.266847592869781,native_smoothed_track_hz,1.97,2.03,0.05999999999999983,mahnob_3398.pkl,parh_ossm,True,False,,False,candidate_rate_posterior_final,bounded_correction_to_existing_readout,target_computable_downshift_specificity,1.0,0.2127435310679365,0.2157887794096154,1.0,0.0,0.0,0.0,0.0,4.017680654843092e-09,0.851203801988558,4.017680654843092e-09,0.0635449984243503,0.0,0.0,0.0,0.0,0.2283973976399886,0.901782688731266,0.3418656380844175,1.0,1.0,0.7333377975665839,1.1709483349837495e-10,0.9901154280589596,0.1016713439750978,1.1709483349837495e-10,0.8324774824739491,0.0527741728274169,True,0.4401752849648636,0.563694017476923,,,,,"{""G_DoF"": 9, ""G_DoF_bridge"": 1, ""G_OF"": 1}",,,,,False,0.5892255892255892,"{""harmonic_anchor"": 55, ""motion_timing_track_preserved"": 22}","{""harmonic_anchor"": 55, ""motion_timing_track_preserved"": 22}",{},{},0.009260491240499713,0.5556294744299828,0.2127435310679365,0.6738967907967317,1.0,0.8324774824739491,0.9999999998829052,0.8450389415526933,0.0527741728274169,0.6920633401523864,bounded_or_no_clear_room
mahnob_34,1.57,2.32,1.46,1.36,1.6,1.39,1.23,0.2356792210262237,0.2237335838149495,0.2400569978638573,0.2492666343581533,0.2617328210342428,0.2567208889323324,0.2547616946217435,state_freq_t,1.23,1.36,0.13000000000000012,mahnob_34.pkl,parh_ossm,True,False,,False,candidate_rate_posterior_final,bounded_correction_to_existing_readout,target_computable_downshift_specificity,1.0,0.1477664021235573,0.1799479749940434,1.0,0.0,0.0,0.0,0.1668033907574514,3.4023308103467145e-20,0.7408402432662435,3.4023308103467145e-20,0.1431585221878228,0.0834016953787257,0.0,0.0834016953787257,0.0,0.1432553255052341,0.9130515437675436,0.1333512522457721,0.6666666666666666,0.6666666666666666,0.7121468964080802,3.413040106906891e-25,0.8160486519066539,0.2987282749815194,3.413040106906891e-25,0.7623268705487902,0.1213019388353629,True,0.4702187198549453,0.4211774020658277,,,,,"{""G_DoF"": 6, ""G_DoF_bridge"": 3, ""G_OF"": 1}",,,,,False,0.1668033907574514,"{""harmonic_anchor"": 50, ""motion_timing_track_preserved"": 20}","{""harmonic_anchor"": 50, ""motion_timing_track_preserved"": 20}",{},{},0.032987305117382903,1.9792383070429742,0.1477664021235573,0.24231546500937648,0.6666666666666666,0.7623268705487902,1.0,0.5489383252471198,0.1213019388353629,0.4925173627562589,bounded_or_no_clear_room
mahnob_3400,1.62,1.84,1.1,1.99,2.48,2.52,1.87,0.267109650902061,0.2615404528870821,0.2811136504075244,0.2507336571718825,0.2453843303152579,0.2485522165943198,0.2572052918970378,external_output_rate_t,1.62,1.99,0.3699999999999999,mahnob_3400.pkl,parh_ossm,True,False,,False,candidate_rate_posterior_final,bounded_correction_to_existing_readout,target_computable_downshift_specificity,1.0,0.1992997508750266,0.1973180927453822,1.0,0.121224060940373,0.0,0.0,0.0,3.334884688972204e-07,0.8311987533349138,3.334884688972204e-07,0.0690737369058918,0.0,0.0,0.0,0.0,0.2290095045567449,0.9355988169387645,0.223222204256732,1.0,1.0,0.6771753615545956,8.923842329123339e-09,0.9752006658711954,0.2050927370362903,8.923842329123339e-09,0.8432411016579923,0.0589143225003379,True,0.4443318978583034,0.5344358934525432,,,,,"{""G_DoF"": 10, ""G_OF"": 1}",,,,,False,0.4005778828473864,"{""harmonic_anchor"": 55, ""motion_timing_track_preserved"": 22}","{""harmonic_anchor"": 55, ""motion_timing_track_preserved"": 22}",{},{},0.018557434307741205,1.1134460584644723,0.1992997508750266,0.4840641456785975,1.0,0.8432411016579923,0.9999999910761577,0.7136176983643184,0.0589143225003379,0.6385942683509968,bounded_or_no_clear_room
mahnob_3402,3.26,3.46,3.32,3.18,3.27,3.05,3.54,0.2955398880500118,0.2777484479171243,0.3287209978786326,0.2937710720376247,0.2911961039261685,0.2913456787968838,0.2992027779214207,native_smoothed_track_hz,3.05,3.18,0.13000000000000034,mahnob_3402.pkl,parh_ossm,True,False,,False,candidate_rate_posterior_final,bounded_correction_to_existing_readout,target_computable_downshift_specificity,1.0,0.1648796024781283,0.1966427339815208,1.0,0.0,0.0,0.0,0.2355667117204093,1.3787564262682274e-12,0.8556824181067203,1.3787564262682274e-12,0.1089494250225545,0.2355667117204093,0.0,0.2355667117204093,0.0,0.21554946934766,0.9065312132176908,0.3332442237738491,0.6666666666666666,0.6666666666666666,0.628796953087954,1.9481266666656577e-13,0.9955890439125308,0.1974381483997032,1.9481266666656577e-13,0.8615570559895747,0.0942949848123373,True,0.4084507750374676,0.4045503501112796,,,,,"{""G_DoF"": 4, ""G_DoF_bridge"": 3}",,,,,False,0.41069704576173,"{""harmonic_anchor"": 35, ""motion_timing_track_preserved"": 14}","{""harmonic_anchor"": 35, ""motion_timing_track_preserved"": 14}",{},{},0.021454330004296418,1.287259800257785,0.1648796024781283,0.6665786806518412,0.6666666666666666,0.8615570559895747,0.9999999999998052,0.6770035737022075,0.0942949848123373,0.6120400540372942,bounded_or_no_clear_room
mahnob_3404,1.07,1.37,1.62,1.32,2.33,2.18,2.55,0.22307405104694,0.2347705385777547,0.2643361754717749,0.2543161536151128,0.2599912808721257,0.2675375526563304,0.2756440799017152,external_output_rate_t,1.07,1.32,0.25,mahnob_3404.pkl,parh_ossm,True,False,,False,candidate_rate_posterior_final,bounded_correction_to_existing_readout,target_computable_downshift_specificity,1.0,0.1613782024152442,0.1810709524976265,1.0,0.1742409591955134,0.0,0.0,0.0,1.0860943043733982e-10,0.8312777590963659,1.0860943043733982e-10,0.091850977403403,0.0,0.0,0.0,0.0,0.159698777495687,0.9453192443485214,0.2501581215003616,0.6666666666666666,0.6666666666666666,0.6022252024553271,9.235535875322987e-12,0.99403337847815,0.1269444091944625,9.235535875322987e-12,0.8312684227828223,0.1006194733162467,True,0.4837616620203023,0.6268768121878608,,,,,"{""G_DoF"": 1, ""G_DoF_bridge"": 2, ""G_OF"": 2, ""G_OF_bridge"": 2}",,,,,False,0.1179655772577838,"{""harmonic_anchor"": 35, ""motion_timing_track_preserved"": 14}","{""harmonic_anchor"": 35, ""motion_timing_track_preserved"": 14}",{},{},0.052570028854775186,3.154201731286511,0.1613782024152442,0.5345553452766103,0.6666666666666666,0.8312684227828223,0.9999999999907645,0.3844972252988212,0.1006194733162467,0.5503336582734285,bounded_or_no_clear_room
mahnob_3406,1.42,1.31,1.69,1.42,1.89,1.68,1.78,0.2748707917539242,0.2611059745688948,0.2797747950065888,0.2650196056655404,0.2614940424002391,0.2677912248684092,0.2851367356028264,external_rate_posterior_mean_t,1.31,1.42,0.10999999999999988,mahnob_3406.pkl,parh_ossm,True,False,,False,candidate_rate_posterior_final,bounded_correction_to_existing_readout,target_computable_downshift_specificity,1.0,0.2127567786097554,0.2148123833325109,1.0,0.0,0.0,0.0,0.0,0.0014334892402569,0.8427006286227214,0.0014334892402569,0.0736753835176566,0.0,0.0,0.0,0.0,0.2260197030487896,0.8880960483135676,0.1919571654189202,0.6666666666666666,0.6666666666666666,0.7552853038156164,1.2730191962357498e-09,0.9691687369550328,0.3687907281882905,1.2730191962357498e-09,0.8572978607892388,0.0827199060190236,True,0.4613223490949332,0.493390897803008,,,,,"{""G_DoF_bridge"": 10, ""G_OF"": 3}",,,,,False,0.6181736290958225,"{""harmonic_anchor"": 65, ""motion_timing_track_preserved"": 26}","{""harmonic_anchor"": 65, ""motion_timing_track_preserved"": 26}",{},{},0.02403076103393159,1.4418456620358955,0.2127567786097554,0.4449900971982208,0.6666666666666666,0.8572978607892388,0.9999999987269808,0.6460212197106793,0.0827199060190236,0.5771120243886816,bounded_or_no_clear_room
mahnob_3408,0.59,0.83,0.73,0.87,0.72,0.85,0.56,0.2576048702619533,0.2473649464428871,0.2782893612770737,0.2525361345208174,0.2520417940451823,0.2512996150967863,0.2657192096516059,state_freq_t,0.56,0.87,0.30999999999999994,mahnob_3408.pkl,parh_ossm,True,False,,False,candidate_rate_posterior_final,bounded_correction_to_existing_readout,target_computable_downshift_specificity,1.0,0.2070329336159738,0.2140812565184613,1.0,0.0,0.0,0.0,0.0,8.727360895722302e-11,0.8663429567410857,8.727360895722302e-11,0.0635882747033533,0.0887401803898748,0.0,0.0887401803898748,0.0,0.2303428358449763,0.8791355982531595,0.2984309608912355,0.8333333333333333,0.8333333333333333,0.834609822604924,1.9157743690536163e-11,0.9893207908323848,0.3518827383024303,1.9157743690536163e-11,0.8784824076603164,0.0776316980553915,True,0.5865012377530097,0.5532209784333506,,,,,"{""G_DoF"": 10}",,,,,False,0.8225196392202502,"{""harmonic_anchor"": 49, ""motion_timing_track_preserved"": 20}","{""harmonic_anchor"": 49, ""motion_timing_track_preserved"": 20}",{},{},0.018354263208718802,1.101255792523128,0.2070329336159738,0.6969329689158359,0.8333333333333333,0.8784824076603164,0.9999999999808422,0.7162586913389557,0.0776316980553915,0.6617798876616908,bounded_or_no_clear_room
mahnob_3410,2.18,2.02,2.49,2.2,2.22,2.46,2.47,0.277923039286666,0.2602265704181687,0.2845085887897583,0.2655696256799366,0.2485542496160692,0.2691221619464388,0.271567936224115,external_rate_posterior_mean_t,2.02,2.2,0.18000000000000016,mahnob_3410.pkl,parh_ossm,True,False,,False,candidate_rate_posterior_final,bounded_correction_to_existing_readout,target_computable_downshift_specificity,1.0,0.2230758859556845,0.2092008925382074,1.0,0.0,0.0,0.0,0.0,2.5552095378573327e-06,0.8550893072817549,2.5552095378573327e-06,0.0661019864519476,0.0,0.0,0.0,0.0,0.2472207692060377,0.8953825118918473,0.2509416385513233,0.8333333333333333,0.8333333333333333,0.7793119058172724,1.699281763865548e-07,0.9951522921416728,0.3061172324431971,1.699281763865548e-07,0.8755099654586571,0.0754839037614888,True,0.4566580398145057,0.5782547806616529,,,,,"{""G_DoF"": 10}",,,,,False,0.5900234903965732,"{""harmonic_anchor"": 50, ""motion_timing_track_preserved"": 20}","{""harmonic_anchor"": 50, ""motion_timing_track_preserved"": 20}",{},{},0.017696468868497295,1.0617881321098377,0.2230758859556845,0.6041511479654993,0.8333333333333333,0.8755099654586571,0.9999998300718236,0.7248765029271622,0.0754839037614888,0.6478649303281604,bounded_or_no_clear_room
mahnob_3412,1.04,1.77,1.36,0.84,1.79,1.49,0.89,0.2677870419235651,0.251892027311665,0.2666551294385302,0.2617988238960871,0.2701576227008153,0.2835292872879316,0.2721649584850293,final_track_hz,0.84,0.84,0.0,mahnob_3412.pkl,parh_ossm,True,False,,False,candidate_rate_posterior_final,bounded_correction_to_existing_readout,target_computable_downshift_specificity,1.0,0.1562037049260383,0.1796523944675473,1.0,0.0752065096782147,0.0,0.0,0.2256195290346443,5.55988462016319e-10,0.8351966869851893,5.55988462016319e-10,0.1217920554974184,0.0,0.0,0.0,0.0,0.1714031368464097,0.9175398261026948,0.2115243675006685,0.5,0.5,0.658857675015776,2.44816325652031e-12,0.9818176161341188,0.3098976763905939,2.44816325652031e-12,0.8484162632551461,0.1297076263983791,True,0.5396677132162095,0.4761446584057455,,,,,"{""G_DoF"": 12}",,,,,False,0.0,"{""harmonic_anchor"": 60, ""motion_timing_track_preserved"": 24}","{""harmonic_anchor"": 60, ""motion_timing_track_preserved"": 24}",{},{},0.031637259976266596,1.8982355985759958,0.1562037049260383,0.45843281189342544,0.5,0.8484162632551461,0.9999999999975518,0.5625794509978934,0.1297076263983791,0.5262871105580508,bounded_or_no_clear_room
mahnob_3414,0.52,1.01,1.83,0.98,1.44,1.54,0.95,0.2810414987166431,0.2474167342005354,0.2917165965743603,0.2794238403907614,0.271364604385128,0.2807333565088058,0.2761816730891117,external_output_rate_t,0.52,0.98,0.45999999999999996,mahnob_3414.pkl,parh_ossm,True,False,,False,candidate_rate_posterior_final,bounded_correction_to_existing_readout,target_computable_downshift_specificity,1.0,0.1306011032048428,0.1745209574413381,1.0,0.0,0.0,0.0,0.0,9.55262940941843e-12,0.821885818636519,9.55262940941843e-12,0.0714430457164633,0.4482134780642243,0.0,0.4482134780642243,0.0,0.1912894656667745,0.9574719430011592,0.1795322645956872,1.0,1.0,0.6068203004499267,5.967349608984944e-14,0.9472134782475354,0.2780055325288035,5.967349608984944e-14,0.8267106428269435,0.059740737625394,True,0.508285486304186,0.4430634660225402,,,,,"{""G_DoF"": 7, ""G_DoF_bridge"": 1, ""G_OF"": 1}",,,,,False,0.0,"{""harmonic_anchor"": 45, ""motion_timing_track_preserved"": 18}","{""harmonic_anchor"": 45, ""motion_timing_track_preserved"": 18}",{},{},0.033624764516107686,2.0174858709664614,0.1306011032048428,0.3344996777703354,1.0,0.8267106428269435,0.9999999999999404,0.5426127642285725,0.059740737625394,0.5718440104396282,bounded_or_no_clear_room
mahnob_3416,2.24,2.27,3.64,2.35,2.38,2.68,2.81,0.2857773287144625,0.2675947482059176,0.3066066211572511,0.2744099937187603,0.2711783351998417,0.2820802879451257,0.2803170101675249,external_output_rate_t,2.24,2.35,0.10999999999999988,mahnob_3416.pkl,parh_ossm,True,False,,False,candidate_rate_posterior_final,bounded_correction_to_existing_readout,target_computable_downshift_specificity,1.0,0.2041611698430985,0.2305431949192516,1.0,0.1069903623276808,0.0,0.0,0.0,6.944078777268591e-06,0.8327681730552513,6.944078777268591e-06,0.0683828805140439,0.1488349396120531,0.1488349396120531,0.0,0.0,0.2315584442685589,0.9314654215810242,0.2735878703505395,1.0,1.0,0.5763895709953641,1.430616859859893e-07,0.9849407691880714,0.0566762569618103,1.430616859859893e-07,0.8312346834657749,0.0603185964470541,True,0.4219588719257576,0.5413260989369902,,,,,"{""G_DoF"": 11, ""G_DoF_bridge"": 1}",,,,,False,0.5209222886421861,"{""harmonic_anchor"": 60, ""motion_timing_track_preserved"": 24}","{""harmonic_anchor"": 60, ""motion_timing_track_preserved"": 24}",{},{},0.018182580508544877,1.0909548305126926,0.2041611698430985,0.6272129107366713,1.0,0.8312346834657749,0.9999998569383141,0.7184979886198495,0.0603185964470541,0.6669859948860017,bounded_or_no_clear_room
mahnob_3418,1.47,1.75,2.24,2.01,2.82,2.61,2.0,0.2595007230284048,0.254977648926354,0.2837070096692474,0.2617633387296073,0.2690243874347059,0.2806364769540446,0.2612272926847514,external_output_rate_t,1.47,2.01,0.5399999999999998,mahnob_3418.pkl,parh_ossm,True,False,,False,candidate_rate_posterior_final,bounded_correction_to_existing_readout,target_computable_downshift_specificity,1.0,0.1954975130451238,0.1896199011070835,1.0,0.0,0.0,0.0,0.0,3.7164420326467737e-10,0.7501947621290166,3.7164420326467737e-10,0.0964099596266802,0.0,0.0,0.0,0.0,0.1721450890195517,0.947898507829367,0.2519903699009791,0.8333333333333333,0.8333333333333333,0.5394121852977407,1.1678493521453104e-12,0.93967823954992,0.0381186197490399,1.1678493521453104e-12,0.7786402344806485,0.0952915869114708,True,0.4290259303959465,0.4983352234902574,,,,,"{""G_DoF"": 7, ""G_DoF_bridge"": 2, ""G_OF"": 1}",,,,,False,0.2722404046414757,"{""harmonic_anchor"": 50, ""motion_timing_track_preserved"": 20}","{""harmonic_anchor"": 50, ""motion_timing_track_preserved"": 20}",{},{},0.025658828027690594,1.5395296816614357,0.1954975130451238,0.5395040272022359,0.8333333333333333,0.7786402344806485,0.9999999999988322,0.6271784648229467,0.0952915869114708,0.6017599066647977,bounded_or_no_clear_room
mahnob_3420,1.6,2.1,1.3,1.23,0.88,1.06,1.28,0.2721987437431469,0.2560355794377872,0.2857801045655364,0.2834006911940267,0.2775436847514122,0.2842877151906021,0.285291298711483,native_smoothed_track_hz,1.06,1.23,0.16999999999999993,mahnob_3420.pkl,parh_ossm,True,False,,False,candidate_rate_posterior_final,bounded_correction_to_existing_readout,target_computable_downshift_specificity,1.0,0.209970365069903,0.2187683264238537,1.0,0.0,0.0,0.0,0.0,5.952740608672108e-08,0.8544447488529987,5.952740608672108e-08,0.0936666080841737,0.0,0.0,0.0,0.0,0.2378249424221214,0.8400791744418531,0.467312782258632,0.6666666666666666,0.6666666666666666,0.7847089931398388,3.119722650484323e-09,0.9903472582757477,0.219704573050382,3.119722650484323e-09,0.8502471878718679,0.0949258436525081,True,0.3474662969147744,0.7354180396079627,,,,,"{""G_DoF"": 4, ""G_DoF_bridge"": 1}",,,,,False,0.852621406136748,"{""harmonic_anchor"": 25, ""motion_timing_track_preserved"": 10}","{""harmonic_anchor"": 25, ""motion_timing_track_preserved"": 10}",{},{},0.0292557192736958,1.755343156421748,0.209970365069903,0.7374858140425712,0.6666666666666666,0.8502471878718679,0.9999999968802773,0.5874746583528817,0.0949258436525081,0.6267817132588492,bounded_or_no_clear_room
mahnob_3512,1.33,2.22,1.98,1.45,2.27,1.62,1.35,0.2731509458415159,0.2573456805474553,0.2656580834919763,0.2780704765327006,0.2602287931795635,0.2785369562438639,0.287083993702444,external_output_rate_t,1.33,1.45,0.11999999999999988,mahnob_3512.pkl,parh_ossm,True,False,,False,candidate_rate_posterior_final,bounded_correction_to_existing_readout,target_computable_downshift_specificity,1.0,0.1913922745610191,0.1915564164894643,1.0,0.0,0.0,0.0,0.1068814055636896,1.4990991392463098e-07,0.8269583861075536,1.4990991392463098e-07,0.0903144014696182,0.0,0.0,0.0,0.0,0.2032636407061955,0.8464387895070746,0.247817581374355,0.6666666666666666,0.6666666666666666,0.8012289915821112,1.2295203688834469e-08,0.986525744915678,0.2757927648001465,1.2295203688834469e-08,0.8695553450383765,0.0887047568915411,True,0.4213973302256122,0.5477594150409313,,,,,"{""G_DoF"": 10, ""G_OF"": 1}",,,,,False,0.4871555969652602,"{""harmonic_anchor"": 54, ""motion_timing_track_preserved"": 22}","{""harmonic_anchor"": 54, ""motion_timing_track_preserved"": 22}",{},{},0.02973831315498865,1.784298789299319,0.1913922745610191,0.6357122874136407,0.6666666666666666,0.8695553450383765,0.9999999877047963,0.5823424496572834,0.0887047568915411,0.6047875953110331,bounded_or_no_clear_room
mahnob_3514,1.68,1.73,1.75,1.81,2.27,2.0,1.47,0.270772043798298,0.2670144712985625,0.2835366987980752,0.2647473791360371,0.2579086158627764,0.2612423025289979,0.2747677286493366,state_freq_t,1.47,1.81,0.3400000000000001,mahnob_3514.pkl,parh_ossm,True,False,,False,candidate_rate_posterior_final,bounded_correction_to_existing_readout,target_computable_downshift_specificity,1.0,0.2247762449700746,0.2294964702603663,1.0,0.0561260374173582,0.0,0.0,0.0,1.5169187406291586e-05,0.8458903288791857,1.5169187406291586e-05,0.0620834058722801,0.0,0.0,0.0,0.0,0.259988478859593,0.8403098168059216,0.2657351029482773,1.0,1.0,0.8075827031167806,2.777313554082901e-09,0.9899330578915244,0.1445906581907048,2.777313554082901e-09,0.8422811955486635,0.0505241452090257,True,0.3391456480627652,0.4680417127374322,,,,,"{""G_DoF_bridge"": 8, ""G_OF"": 2}",,,,,False,0.8580672387114925,"{""harmonic_anchor"": 50, ""motion_timing_track_preserved"": 20}","{""harmonic_anchor"": 50, ""motion_timing_track_preserved"": 20}",{},{},0.01352542612033869,0.8115255672203214,0.2247762449700746,0.7024594120737594,1.0,0.8422811955486635,0.9999999972226864,0.7819872534141226,0.0505241452090257,0.6961744333934827,bounded_or_no_clear_room
mahnob_3516,1.88,3.03,1.81,2.14,2.46,2.37,1.85,0.2962500071371157,0.2561727990824214,0.294092858064868,0.2717767193395747,0.2817989292711405,0.267654576448516,0.2861809919288959,state_freq_t,1.85,2.14,0.29000000000000004,mahnob_3516.pkl,parh_ossm,True,False,,False,candidate_rate_posterior_final,bounded_correction_to_existing_readout,target_computable_downshift_specificity,1.0,0.1696827618835514,0.1854695315881618,1.0,0.0,0.0,0.0,0.145933014354067,1.3647967714719256e-11,0.7962831149952777,1.3647967714719256e-11,0.1027926722977845,0.145933014354067,0.0,0.145933014354067,0.0,0.1833232809928646,0.9198075531127484,0.1738608864624988,0.6666666666666666,0.6666666666666666,0.7312331688515653,1.1457945226559476e-14,0.9823813423405394,0.3228344810449131,1.1457945226559476e-14,0.8365062904580381,0.0845446988125186,True,0.5004215428583009,0.5934960487393173,,,,,"{""G_DoF"": 5}",,,,,False,0.4377990430622009,"{""harmonic_anchor"": 25, ""motion_timing_track_preserved"": 10}","{""harmonic_anchor"": 25, ""motion_timing_track_preserved"": 10}",{},{},0.04007720805469428,2.404632483281657,0.1696827618835514,0.3549745408576962,0.6666666666666666,0.8365062904580381,0.9999999999999886,0.48254721402667655,0.0845446988125186,0.5286917937325468,bounded_or_no_clear_room
mahnob_3518,0.96,1.08,0.94,0.66,0.85,0.65,1.08,0.2740092839824261,0.276167713167757,0.2869794433933188,0.2885253624947895,0.2889797779080901,0.2924406357933657,0.2755711075183709,native_smoothed_track_hz,0.65,0.66,0.010000000000000009,mahnob_3518.pkl,parh_ossm,True,False,,False,candidate_rate_posterior_final,bounded_correction_to_existing_readout,target_computable_downshift_specificity,1.0,0.2143620279136817,0.2189027061216739,1.0,0.0,0.0,0.0,0.0,3.720913439247923e-12,0.8893205958743048,3.720913439247923e-12,0.0555336797444569,0.0,0.0,0.0,0.0,0.23325136472069,0.8174512669377251,0.1684848064417738,1.0,1.0,0.927748329002702,2.8738296625723963e-16,0.9954532375777104,0.4260679781439958,2.8738296625723963e-16,0.8949822564234655,0.037026463895098,True,0.5339409560463069,0.5610893447501375,,,,,"{""G_DoF"": 10}",,,,,False,0.5474105950437751,"{""harmonic_anchor"": 47, ""motion_timing_track_preserved"": 20}","{""harmonic_anchor"": 47, ""motion_timing_track_preserved"": 20}",{},{},0.018431351810939633,1.105881108656378,0.2143620279136817,0.4525322237212908,1.0,0.8949822564234655,0.9999999999999997,0.7152554785357824,0.037026463895098,0.6461671916502668,bounded_or_no_clear_room
mahnob_3520,2.16,2.85,2.03,2.39,3.42,2.84,2.6,0.27232459922375,0.2702195369900588,0.2758864848995565,0.2762402428939585,0.2609667677420321,0.2763808247472651,0.2819997729701051,external_output_rate_t,2.16,2.39,0.22999999999999998,mahnob_3520.pkl,parh_ossm,True,False,,False,candidate_rate_posterior_final,bounded_correction_to_existing_readout,target_computable_downshift_specificity,1.0,0.1741457608476143,0.1933379507813092,1.0,0.0,0.0,0.0,0.0,0.0251294288574467,0.8299590901118336,0.0251294288574467,0.0925917896398859,0.129814854224303,0.0,0.129814854224303,0.0,0.1812110475838956,0.9065185319233118,0.1856327950545932,0.8333333333333333,0.8333333333333333,0.8658061518985352,5.623394478000002e-06,0.9429130865104132,0.3404422600649737,5.623394478000002e-06,0.8478730201049023,0.070651519663628,True,0.4881426411403616,0.584627193384661,,,,,"{""G_DoF"": 3, ""G_DoF_bridge"": 3}",,,,,False,0.2206852521813151,"{""harmonic_anchor"": 30, ""motion_timing_track_preserved"": 12}","{""harmonic_anchor"": 30, ""motion_timing_track_preserved"": 12}",{},{},0.011780235980046294,0.7068141588027776,0.1741457608476143,0.40021386399359865,0.8333333333333333,0.8478730201049023,0.999994376605522,0.8071981444225768,0.070651519663628,0.5994139849930818,bounded_or_no_clear_room
mahnob_3522,0.94,1.2,0.83,0.97,1.54,1.71,1.21,0.2584457501046051,0.2575391982292735,0.2502986139309084,0.2767396859223196,0.2772802263642868,0.2866801523996523,0.26245611634987,external_output_rate_t,0.94,0.97,0.030000000000000027,mahnob_3522.pkl,parh_ossm,True,False,,False,candidate_rate_posterior_final,bounded_correction_to_existing_readout,target_computable_downshift_specificity,1.0,0.2366789815930796,0.2434945681258507,1.0,0.0,0.0,0.0,0.0,1.038853806822016e-11,0.8257327316763983,1.038853806822016e-11,0.0773458666740346,0.0,0.0,0.0,0.0,0.2861460512203457,0.8259067871436708,0.2454818300282942,0.6666666666666666,0.6666666666666666,0.9177363480011578,8.9813497387216e-16,0.8116625942967564,0.3641703623238275,8.9813497387216e-16,0.8000505440294327,0.1099848367911706,True,0.5307163662150031,0.6327652301098976,,,,,"{""G_DoF"": 11}",,,,,False,0.7539991934399785,"{""harmonic_anchor"": 54, ""motion_timing_track_preserved"": 22}","{""harmonic_anchor"": 54, ""motion_timing_track_preserved"": 22}",{},{},0.029140954170378763,1.7484572502227258,0.2366789815930796,0.6663974556782074,0.6666666666666666,0.8000505440294327,0.9999999999999991,0.5887017852810215,0.1099848367911706,0.6103285129873112,bounded_or_no_clear_room
mahnob_3524,1.31,2.03,1.09,1.48,1.67,1.64,1.5,0.266450095187566,0.2451268006077997,0.2730167131781447,0.2614803397147198,0.261934089597873,0.2649132323565942,0.2591592058056485,external_output_rate_t,1.31,1.48,0.16999999999999993,mahnob_3524.pkl,parh_ossm,True,False,,False,candidate_rate_posterior_final,bounded_correction_to_existing_readout,target_computable_downshift_specificity,1.0,0.2079103226287764,0.2225023546344978,1.0,0.0,0.0,0.0,0.0,3.2898732679386426e-11,0.8372043094175088,3.2898732679386426e-11,0.0787959782384163,0.1826713591419473,0.1022289257583375,0.0804424333836098,0.0,0.247495777057696,0.8692071920240519,0.4331092878203874,0.8333333333333333,0.8333333333333333,0.903651563871821,1.6351743982157446e-14,0.9360601821041068,0.3959965630237574,1.6351743982157446e-14,0.8554211422334796,0.0728434922699922,True,0.688362196584649,0.7992603089327674,,,,,"{""G_DoF"": 7, ""G_DoF_bridge"": 1}",,,,,False,0.8173286408580526,"{""harmonic_anchor"": 40, ""motion_timing_track_preserved"": 16}","{""harmonic_anchor"": 40, ""motion_timing_track_preserved"": 16}",{},{},0.02132329457976631,1.2793976747859785,0.2079103226287764,0.7102919633874872,0.8333333333333333,0.8554211422334796,0.9999999999999837,0.6786184320749932,0.0728434922699922,0.6579266386502112,bounded_or_no_clear_room
mahnob_3526,0.81,1.03,0.93,0.76,1.01,0.95,1.07,0.2657903533216867,0.2535704611501808,0.27338434146488,0.2631622763558191,0.2644945730597053,0.2631406266019918,0.2712277653077027,final_track_hz,0.76,0.76,0.0,mahnob_3526.pkl,parh_ossm,True,False,,False,candidate_rate_posterior_final,bounded_correction_to_existing_readout,target_computable_downshift_specificity,1.0,0.2370486776134838,0.2416040069226276,1.0,0.0,0.0,0.0,0.0,4.155594581344585e-09,0.8650604489169358,4.155594581344585e-09,0.058375857116582,0.0,0.0,0.0,0.0,0.2815600995785355,0.8380895870841676,0.4784841548356278,1.0,1.0,0.9072786083248108,1.0250634333982269e-11,0.9753742652036688,0.3885421303679127,1.0250634333982269e-11,0.867184423888374,0.0446204340353017,True,0.4781603082258663,0.6268485873695976,,,,,"{""G_DoF"": 8, ""G_DoF_bridge"": 3}",,,,,False,0.8835923097181986,"{""harmonic_anchor"": 55, ""motion_timing_track_preserved"": 22}","{""harmonic_anchor"": 55, ""motion_timing_track_preserved"": 22}",{},{},0.017657304157521925,1.0594382494513155,0.2370486776134838,0.7482224328315396,1.0,0.867184423888374,0.9999999999897493,0.725392860909626,0.0446204340353017,0.7070615622388298,bounded_or_no_clear_room
mahnob_3528,1.6,2.03,1.87,1.71,2.02,1.65,1.94,0.2663569457184886,0.2621068736712642,0.2851559613313228,0.2753184447352634,0.2696529308870833,0.2759218975912051,0.2818544746284947,external_output_rate_t,1.6,1.71,0.10999999999999988,mahnob_3528.pkl,parh_ossm,True,False,,False,candidate_rate_posterior_final,bounded_correction_to_existing_readout,target_computable_downshift_specificity,1.0,0.1951494329251557,0.1971317769799322,1.0,0.0,0.0,0.0,0.1039182282793867,7.948679269029691e-12,0.8384201019300399,7.948679269029691e-12,0.0999423150801622,0.0,0.0,0.0,0.0,0.2180007664512278,0.875105077694446,0.1858595655632131,0.6666666666666666,0.6666666666666666,0.8210363672274616,2.451423139330256e-14,0.9735355129664618,0.3491086842101027,2.451423139330256e-14,0.8590633673601527,0.0922809898070544,True,0.6093361956558904,0.7351528633768472,,,,,"{""G_DoF"": 8}",,,,,False,0.5195911413969335,"{""harmonic_anchor"": 40, ""motion_timing_track_preserved"": 16}","{""harmonic_anchor"": 40, ""motion_timing_track_preserved"": 16}",{},{},0.01974760095723055,1.184856057433833,0.1951494329251557,0.4396088808946355,0.6666666666666666,0.8590633673601527,0.9999999999999755,0.6983413259175815,0.0922809898070544,0.5761746731252879,bounded_or_no_clear_room
mahnob_3530,1.49,1.54,1.03,1.28,1.38,1.12,1.44,0.2822893732426401,0.2743824013282748,0.2954609451504158,0.2741433044288289,0.2734993839198787,0.2740179948814769,0.2798081156264855,native_smoothed_track_hz,1.12,1.28,0.15999999999999992,mahnob_3530.pkl,parh_ossm,True,False,,False,candidate_rate_posterior_final,bounded_correction_to_existing_readout,target_computable_downshift_specificity,1.0,0.1929570696101266,0.2036093294744733,1.0,0.0,0.0,0.0,0.0,1.47700003413549e-07,0.8552281678597236,1.47700003413549e-07,0.0934316308770848,0.0,0.0,0.0,0.0,0.187487717515511,0.8814923686898253,0.3296203138933707,0.6666666666666666,0.6666666666666666,0.7992013281345928,9.398354240570916e-11,0.922476217875966,0.3884110230404135,9.398354240570916e-11,0.8433614528685783,0.0969918740737141,True,0.5438158671629093,0.8257375779900471,,,,,"{""G_DoF"": 6, ""G_DoF_bridge"": 1}",,,,,False,0.6055191582291046,"{""harmonic_anchor"": 33, ""motion_timing_track_preserved"": 14}","{""harmonic_anchor"": 33, ""motion_timing_track_preserved"": 14}",{},{},0.008271378361163206,0.4962827016697924,0.1929570696101266,0.6860051748132769,0.6666666666666666,0.8433614528685783,0.9999999999060165,0.860373486419233,0.0969918740737141,0.638282681515928,bounded_or_no_clear_room
mahnob_3532,1.02,2.05,0.64,0.65,0.85,0.77,0.79,0.2883629654859933,0.2655367494705642,0.2991093806615947,0.2910229612640631,0.2882662477411418,0.2946068607829212,0.2849918426624133,final_track_hz,0.65,0.65,0.0,mahnob_3532.pkl,parh_ossm,True,False,,False,candidate_rate_posterior_final,bounded_correction_to_existing_readout,target_computable_downshift_specificity,1.0,0.1663940839509673,0.1897309913547124,1.0,0.0,0.0,0.0,0.1696329254727475,1.2475795419823892e-06,0.8457338547785501,1.2475795419823892e-06,0.0999151794013854,0.1696329254727475,0.0,0.1696329254727475,0.0,0.1867468336556531,0.9054450510931248,0.2543384607098236,0.6666666666666666,0.6666666666666666,0.7642142423338598,9.424583064919822e-12,0.9817655811443384,0.3780106358311497,9.424583064919822e-12,0.8730640750429739,0.0856107346272651,True,0.5430395346486354,0.4065074411761158,,,,,"{""G_DoF"": 8, ""G_DoF_bridge"": 2}",,,,,False,0.339265850945495,"{""harmonic_anchor"": 50, ""motion_timing_track_preserved"": 20}","{""harmonic_anchor"": 50, ""motion_timing_track_preserved"": 20}",{},{},0.029070111312356983,1.744206678741419,0.1663940839509673,0.5913350825900207,0.6666666666666666,0.8730640750429739,0.9999999999905754,0.589460552332573,0.0856107346272651,0.5912101305313092,bounded_or_no_clear_room
mahnob_3534,0.91,1.42,0.86,1.12,1.19,1.25,1.33,0.2726880854842218,0.2696667915878904,0.2795344227750546,0.2759949442964912,0.2704325398208544,0.2743939655908289,0.2855772802549186,external_output_rate_t,0.91,1.12,0.21000000000000008,mahnob_3534.pkl,parh_ossm,True,False,,False,candidate_rate_posterior_final,bounded_correction_to_existing_readout,target_computable_downshift_specificity,1.0,0.1963114860838721,0.1983417729339504,1.0,0.0,0.0,0.0,0.0,7.675041782658324e-07,0.8583439978445577,7.675041782658324e-07,0.0719469211042038,0.0,0.0,0.0,0.0,0.1936648296348276,0.9081977301777646,0.2168454067128617,0.6666666666666666,0.6666666666666666,0.8549430948215724,1.7985079599172437e-12,0.9873659695647315,0.3433797846555803,1.7985079599172437e-12,0.8722668692898581,0.0869495825099952,True,0.5305769115788947,0.503737067421501,,,,,"{""G_DoF"": 8, ""G_DoF_bridge"": 2}",,,,,False,0.5179000990519315,"{""harmonic_anchor"": 50, ""motion_timing_track_preserved"": 20}","{""harmonic_anchor"": 50, ""motion_timing_track_preserved"": 20}",{},{},0.015910488667028155,0.9546293200216893,0.1963114860838721,0.48686010420957065,0.6666666666666666,0.8722668692898581,0.9999999999982014,0.7488013041793342,0.0869495825099952,0.593475094923025,bounded_or_no_clear_room
mahnob_3536,0.91,1.72,0.42,0.9,0.81,0.77,1.16,0.2504216399924391,0.2322391583508577,0.2672112106112993,0.2477143638302725,0.242241206141103,0.2475397163601471,0.2456466008642156,native_smoothed_track_hz,0.77,0.9,0.13,mahnob_3536.pkl,parh_ossm,True,False,,False,candidate_rate_posterior_final,bounded_correction_to_existing_readout,target_computable_downshift_specificity,1.0,0.1967716542673749,0.2022742073485791,1.0,0.1258955987717502,0.0,0.0,0.0,1.3556403422620987e-10,0.8400818311544828,1.3556403422620987e-10,0.0896222865899191,0.0,0.0,0.0,0.0,0.2444368644510069,0.8693465972701878,0.3449184167783182,0.6666666666666666,0.6666666666666666,0.7442087585108219,1.4682553729832688e-12,0.976195096933449,0.2040767114415799,1.4682553729832688e-12,0.8390630111969402,0.0962910631239598,True,0.5783330241716155,0.8112084280410948,,,,,"{""G_DoF"": 5, ""G_DoF_bridge"": 2}",,,,,False,0.3746161719549641,"{""harmonic_anchor"": 35, ""motion_timing_track_preserved"": 14}","{""harmonic_anchor"": 35, ""motion_timing_track_preserved"": 14}",{},{},0.0181824816415814,1.0909488984948839,0.1967716542673749,0.7095407756200136,0.6666666666666666,0.8390630111969402,0.9999999999985317,0.718499280179454,0.0962910631239598,0.6291813420757166,bounded_or_no_clear_room
mahnob_3538,1.18,1.3,1.12,1.2,2.28,0.98,1.34,0.2814299406827174,0.2706557175554496,0.2841163943701908,0.2658015884146371,0.2586288284941621,0.2726475321487086,0.2697855078437171,native_smoothed_track_hz,0.98,1.2,0.21999999999999997,mahnob_3538.pkl,parh_ossm,True,False,,False,candidate_rate_posterior_final,bounded_correction_to_existing_readout,target_computable_downshift_specificity,1.0,0.2034296698206964,0.2078882546230675,1.0,0.0,0.0,0.0,0.0796032885292966,3.886339790011291e-09,0.8244844362084657,3.886339790011291e-09,0.0983302785249578,0.0,0.0,0.0,0.0,0.2283437795805737,0.8936206967871483,0.3306002859026556,0.6666666666666666,0.6666666666666666,0.8275408459527693,5.2688826608335215e-15,0.983145566584031,0.2678435698391541,5.2688826608335215e-15,0.8552102136563079,0.096840977044206,True,0.5879469199541631,0.6097008210994621,,,,,"{""G_DoF"": 10, ""G_DoF_bridge"": 1}",,,,,False,0.5572230197050764,"{""harmonic_anchor"": 55, ""motion_timing_track_preserved"": 22}","{""harmonic_anchor"": 55, ""motion_timing_track_preserved"": 22}",{},{},0.015628352268080348,0.9377011360848209,0.2034296698206964,0.6820480591289665,0.6666666666666666,0.8552102136563079,0.9999999999999948,0.7526523386798478,0.096840977044206,0.631129697492977,bounded_or_no_clear_room
mahnob_3540,0.94,0.81,1.39,0.89,1.24,1.02,0.71,0.2638239544676574,0.2502630609969259,0.2766987450428588,0.2592923032571275,0.2601343061291844,0.2594213513675876,0.2649834995446742,state_freq_t,0.71,0.89,0.18000000000000005,mahnob_3540.pkl,parh_ossm,True,False,,False,candidate_rate_posterior_final,bounded_correction_to_existing_readout,target_computable_downshift_specificity,1.0,0.176792059957956,0.184982766767493,1.0,0.0,0.0,0.0,0.0727402814214166,6.431048177532619e-11,0.830615519051652,6.431048177532619e-11,0.1012089860942722,0.0,0.0,0.0,0.0,0.1739998713102316,0.9103151553799544,0.2060675120161912,0.6666666666666666,0.6666666666666666,0.7472315377949355,1.6146172172099215e-11,0.9702563376964104,0.3250604905932897,1.6146172172099215e-11,0.8420877832556484,0.1032313832232662,True,0.6091133462742766,0.5597890170090727,,,,,"{""G_DoF"": 7, ""G_DoF_bridge"": 5}",,,,,False,0.0727402814214166,"{""harmonic_anchor"": 60, ""motion_timing_track_preserved"": 24}","{""harmonic_anchor"": 60, ""motion_timing_track_preserved"": 24}",{},{},0.014720438547748294,0.8832263128648976,0.176792059957956,0.4511704769266177,0.6666666666666666,0.8420877832556484,0.9999999999838538,0.7651798787063437,0.1032313832232662,0.5769401274090455,bounded_or_no_clear_room
mahnob_3542,2.7,2.28,3.3,3.0,3.6,3.49,3.07,0.2741186642417037,0.2552604572606064,0.2874366709516491,0.2774174357801692,0.2823131648934134,0.2856603294452117,0.2833884847909576,external_rate_posterior_mean_t,2.28,3.0,0.7200000000000002,mahnob_3542.pkl,parh_ossm,True,False,,False,candidate_rate_posterior_final,bounded_correction_to_existing_readout,target_computable_downshift_specificity,1.0,0.1958263641532775,0.2023489010420417,1.0,0.0750215225679498,0.0,0.0,0.0,4.518665534519002e-09,0.7751566234973343,4.518665534519002e-09,0.092914282491672,0.1500430451358996,0.1500430451358996,0.0,0.0,0.1964140081954231,0.9342701494451462,0.160511584295858,0.8333333333333333,0.8333333333333333,0.6751963275623221,1.5096616274380068e-11,0.8730143675534096,0.1498546775837706,1.5096616274380068e-11,0.7781393037543762,0.07970923072149,True,0.4907747080909036,0.4272584052760026,,,,,"{""G_DoF"": 11, ""G_DoF_bridge"": 1}",,,,,False,0.4501291354076989,"{""harmonic_anchor"": 60, ""motion_timing_track_preserved"": 24}","{""harmonic_anchor"": 60, ""motion_timing_track_preserved"": 24}",{},{},0.03039987218460527,1.8239923310763162,0.1958263641532775,0.3064195090075479,0.8333333333333333,0.7781393037543762,0.9999999999849034,0.5753797917623584,0.07970923072149,0.5515284445048078,bounded_or_no_clear_room
mahnob_3544,1.34,1.15,1.66,1.81,1.77,2.44,1.6,0.2808318708577246,0.2675839780924531,0.2930294746194482,0.2911604296682171,0.2844999530474664,0.2935505811175573,0.276930401979358,external_rate_posterior_mean_t,1.15,1.81,0.6600000000000001,mahnob_3544.pkl,parh_ossm,True,False,,False,candidate_rate_posterior_final,bounded_correction_to_existing_readout,target_computable_downshift_specificity,1.0,0.2379952439179998,0.2436389313887198,1.0,0.0,0.0,0.0,0.0,1.182984610303372e-12,0.8565782728066561,1.182984610303372e-12,0.0657720490861177,0.0,0.0,0.0,0.0,0.282038009900316,0.8187839507581389,0.3846163085831715,1.0,1.0,0.8585452821338884,7.018548121173316e-15,0.992598952919945,0.2448283250446493,7.018548121173316e-15,0.8496009150576663,0.0486444126908705,True,0.4848353319445593,0.4539056671958179,,,,,"{""G_DoF"": 10}",,,,,False,0.716920045045045,"{""harmonic_anchor"": 48, ""motion_timing_track_preserved"": 20}","{""harmonic_anchor"": 48, ""motion_timing_track_preserved"": 20}",{},{},0.025966603025104174,1.5579961815062504,0.2379952439179998,0.7676236512219243,1.0,0.8496009150576663,0.999999999999993,0.6236786326835406,0.0486444126908705,0.6979671004818008,bounded_or_no_clear_room
mahnob_3546,1.55,2.44,1.38,1.63,1.59,1.82,1.39,0.2684806874241072,0.2439007593236705,0.2916760652394189,0.254820700473704,0.2625726108541938,0.2539008261556295,0.2694181926016827,state_freq_t,1.39,1.63,0.24,mahnob_3546.pkl,parh_ossm,True,False,,False,candidate_rate_posterior_final,bounded_correction_to_existing_readout,target_computable_downshift_specificity,1.0,0.1384082734084759,0.1807776765756762,1.0,0.0,0.0,0.0,0.0,3.996119832185089e-07,0.8463362811851769,3.996119832185089e-07,0.1022448591294155,0.3208837453971594,0.0,0.3208837453971594,0.0,0.1744936861188021,0.968653990458932,0.324632202829602,0.6666666666666666,0.6666666666666666,0.6467095331963486,1.157691935911777e-13,0.968412238773499,0.2626404291484778,1.157691935911777e-13,0.8566332397932069,0.1036638713437934,True,0.3989665293748528,0.592987748928368,,,,,"{""G_DoF"": 5}",,,,,False,0.1604418726985797,"{""harmonic_anchor"": 24, ""motion_timing_track_preserved"": 10}","{""harmonic_anchor"": 24, ""motion_timing_track_preserved"": 10}",{},{},0.025517433278012203,1.5310459966807322,0.1384082734084759,0.5962447467648285,0.6666666666666666,0.8566332397932069,0.9999999999998842,0.6287928980834354,0.1036638713437934,0.5848589063480125,bounded_or_no_clear_room
mahnob_3548,0.82,1.32,0.79,0.61,1.08,1.56,0.62,0.259447833439188,0.2427227198172515,0.2677557366240308,0.2630646082203015,0.2624875722123918,0.265381639426584,0.2738342982522775,final_track_hz,0.61,0.61,0.0,mahnob_3548.pkl,parh_ossm,True,False,,False,candidate_rate_posterior_final,bounded_correction_to_existing_readout,target_computable_downshift_specificity,1.0,0.1606624745180123,0.2017353791466624,1.0,0.2870588235294117,0.0,0.0,0.0,2.708343096272019e-16,0.8158034563266504,2.708343096272019e-16,0.0993393917458348,0.0,0.0,0.0,0.0,0.200229584856855,0.8869983895119528,0.3311003067366996,0.6666666666666666,0.6666666666666666,0.8893907206626213,3.1688585975797605e-18,0.9746147058261,0.4108422515929066,3.1688585975797605e-18,0.8371900103907295,0.0977925203833437,True,0.651633194124056,0.5632566923279455,,,,,"{""G_DoF"": 8, ""G_DoF_bridge"": 1}",,,,,False,0.6172549019607844,"{""harmonic_anchor"": 45, ""motion_timing_track_preserved"": 18}","{""harmonic_anchor"": 45, ""motion_timing_track_preserved"": 18}",{},{},0.031111578435026016,1.866694706101561,0.1606624745180123,0.6830475274594183,0.6666666666666666,0.8371900103907295,1.0,0.5679822774302824,0.0977925203833437,0.59937260138469,bounded_or_no_clear_room
mahnob_3550,2.68,2.59,3.02,2.86,2.95,3.14,2.37,0.2622467480114585,0.2592209478039999,0.2705378631477999,0.2636919520919154,0.2564264059112638,0.2636614180585185,0.2543731827528114,state_freq_t,2.37,2.86,0.48999999999999977,mahnob_3550.pkl,parh_ossm,True,False,,False,candidate_rate_posterior_final,bounded_correction_to_existing_readout,target_computable_downshift_specificity,1.0,0.1999193240475149,0.1926265858451787,1.0,0.0,0.0,0.0,0.0,3.445195856567055e-07,0.8442761393734802,3.445195856567055e-07,0.0865319898017204,0.0,0.0,0.0,0.0,0.1935083111771962,0.8684539285906994,0.268991553604653,0.6666666666666666,0.6666666666666666,0.6896236094286203,1.5031220064698472e-10,0.991248583507468,0.3134823768921853,1.5031220064698472e-10,0.8439411865674573,0.1004740878328706,True,0.4488709876154847,0.4052552244213794,,,,,"{""G_DoF"": 8, ""G_DoF_bridge"": 2}",,,,,False,0.4378409417169107,"{""harmonic_anchor"": 48, ""motion_timing_track_preserved"": 20}","{""harmonic_anchor"": 48, ""motion_timing_track_preserved"": 20}",{},{},0.009318769339104027,0.5591261603462416,0.1999193240475149,0.6699745060575355,0.6666666666666666,0.8439411865674573,0.9999999998496878,0.8441440109939781,0.1004740878328706,0.6349329025020684,bounded_or_no_clear_room
mahnob_36,3.64,3.02,3.96,3.48,2.72,3.33,3.42,0.2815650262649374,0.2729117981905203,0.2840880624681384,0.2775990145525455,0.2693925002999716,0.2773555371282316,0.2756762022298116,external_rate_posterior_mean_t,3.02,3.48,0.45999999999999996,mahnob_36.pkl,parh_ossm,True,False,,False,candidate_rate_posterior_final,bounded_correction_to_existing_readout,target_computable_downshift_specificity,1.0,0.2339228894358337,0.2297459622624361,1.0,0.0,0.0,0.0,0.0,1.4043347273033054e-09,0.8218897058479504,1.4043347273033054e-09,0.0637222226614726,0.0,0.0,0.0,0.0,0.2622510680081138,0.7933346437524051,0.2322063936966721,1.0,1.0,0.7646572211298489,8.106892690323948e-11,0.9773677274524318,0.0185092278471323,8.106892690323948e-11,0.8172559699980703,0.0560787998888734,True,0.4334329210630838,0.4558981621205655,,,,,"{""G_DoF_bridge"": 7, ""G_OF"": 4}",,,,,False,0.7583201267828843,"{""harmonic_anchor"": 53, ""motion_timing_track_preserved"": 22}","{""harmonic_anchor"": 53, ""motion_timing_track_preserved"": 22}",{},{},0.008653228074417096,0.5191936844650258,0.2339228894358337,0.6576831525150659,1.0,0.8172559699980703,0.9999999999189311,0.854420840130767,0.0560787998888734,0.6924399523737113,bounded_or_no_clear_room
mahnob_3642,2.85,3.61,2.69,3.27,3.81,3.93,3.59,0.2808967205273119,0.2575410836303447,0.2815873245421942,0.2839454417165254,0.290492036947551,0.2906302124340363,0.294839578632294,external_output_rate_t,2.85,3.27,0.41999999999999993,mahnob_3642.pkl,parh_ossm,True,False,,False,candidate_rate_posterior_final,bounded_correction_to_existing_readout,target_computable_downshift_specificity,1.0,0.1508047494524526,0.1848441407479543,1.0,0.2567320579992689,0.0,0.0,0.0,3.633301396788461e-12,0.7837527286790789,3.633301396788461e-12,0.1081578081598886,0.0,0.0,0.0,0.0,0.1671726658467817,0.9416154221355688,0.1750796837184852,0.6666666666666666,0.6666666666666666,0.6005846640397062,2.8161788052333004e-16,0.9660853353763436,0.064532203493095,2.8161788052333004e-16,0.807957497729811,0.1076127506810568,True,0.3820205555753362,0.515752402742256,,,,,"{""G_DoF"": 8, ""G_OF"": 4}",,,,,False,0.0743267942000731,"{""harmonic_anchor"": 60, ""motion_timing_track_preserved"": 24}","{""harmonic_anchor"": 60, ""motion_timing_track_preserved"": 24}",{},{},0.03729849500194926,2.2379097001169557,0.1508047494524526,0.3332882412596218,0.6666666666666666,0.807957497729811,0.9999999999999997,0.5075528403444377,0.1076127506810568,0.5155464692408471,bounded_or_no_clear_room
mahnob_3644,1.29,0.75,1.43,1.75,2.66,2.54,2.32,0.2488757937429258,0.2380453904971204,0.2422882551259577,0.261219283932633,0.2676047888845307,0.266766779647364,0.2727940057567907,external_rate_posterior_mean_t,0.75,1.75,1.0,mahnob_3644.pkl,parh_ossm,True,False,,False,candidate_rate_posterior_final,bounded_correction_to_existing_readout,target_computable_downshift_specificity,1.0,0.1490507106947538,0.1744770142173762,1.0,0.0,0.0,0.0,0.0719225449515905,1.0984207051083244e-11,0.8148443880820577,1.0984207051083244e-11,0.123798268827168,0.1687413554633471,0.0,0.1687413554633471,0.0,0.1622648280006311,0.9488292634628752,0.3001631304426224,0.6666666666666666,0.6666666666666666,0.7068315162067593,1.9031362004543252e-17,0.9842682231759572,0.277308226684458,1.9031362004543252e-17,0.8356709012450545,0.1246503082427891,True,0.4787407164291867,0.34331329073002,,,,,"{""G_DoF"": 7, ""G_DoF_bridge"": 3}",,,,,False,0.0,"{""harmonic_anchor"": 50, ""motion_timing_track_preserved"": 20}","{""harmonic_anchor"": 50, ""motion_timing_track_preserved"": 20}",{},{},0.034748615259670296,2.0849169155802176,0.1490507106947538,0.613623702137251,0.6666666666666666,0.8356709012450545,1.0,0.531637716987358,0.1246503082427891,0.5760367941623536,source_selection_room_posterior_available
mahnob_3646,6.65,6.28,7.02,6.64,6.81,6.59,6.66,0.2820347801126168,0.2698689224908617,0.2966566315384736,0.2637531448625119,0.2522929234096312,0.2485881598574477,0.245888052553708,external_rate_posterior_mean_t,6.28,6.64,0.35999999999999943,mahnob_3646.pkl,parh_ossm,True,False,,False,candidate_rate_posterior_final,bounded_correction_to_existing_readout,target_computable_downshift_specificity,1.0,0.1722524541172591,0.2036662520495584,1.0,0.1921867240523092,0.0,0.0,0.0,9.83930079519502e-08,0.8113028990501591,9.83930079519502e-08,0.0647468101659768,0.0,0.0,0.0,0.0,0.1844921606655346,0.9081137331486066,0.1083508561820097,1.0,1.0,0.5756427983154986,4.8490416637127936e-09,0.9923107296699184,0.021508963198241,4.8490416637127936e-09,0.8281591223124067,0.0521555028768475,True,0.410125245805563,0.4526080108515206,,,,,"{""G_DoF_bridge"": 3, ""G_OF"": 4, ""G_P1D_cons"": 1}",,,,,False,0.2928323125310379,"{""harmonic_anchor"": 40, ""motion_timing_track_preserved"": 16}","{""harmonic_anchor"": 40, ""motion_timing_track_preserved"": 16}",{},{},0.0361467275589088,2.168803653534528,0.1722524541172591,0.186749553485027,1.0,0.8281591223124067,0.9999999951509584,0.518293689965352,0.0521555028768475,0.5512507105546754,bounded_or_no_clear_room
mahnob_3648,1.99,2.41,2.12,2.97,3.53,4.18,3.24,0.2664182736828084,0.265472206498992,0.2968388754894758,0.2677590423613146,0.2638971662526358,0.2791145616933457,0.2792281110836048,external_output_rate_t,1.99,2.97,0.9800000000000002,mahnob_3648.pkl,parh_ossm,True,False,,False,candidate_rate_posterior_final,bounded_correction_to_existing_readout,target_computable_downshift_specificity,1.0,0.1625775119909122,0.192115897974663,1.0,0.1815742397137746,0.0,0.0,0.1815742397137746,2.0582541207037403e-10,0.72629913721121,2.0582541207037403e-10,0.1247426664535474,0.0,0.0,0.0,0.0,0.1637439853199709,0.9484912569131192,0.2192112402963853,0.6666666666666666,0.6666666666666666,0.5157439293074425,1.967613181101825e-14,0.9721463092838498,0.0298133729607501,1.967613181101825e-14,0.7918310139042146,0.1124506958287356,True,0.4260069968029593,0.5813398873171234,,,,,"{""G_DoF"": 6, ""G_DoF_bridge"": 3}",,,,,False,0.0,"{""harmonic_anchor"": 45, ""motion_timing_track_preserved"": 18}","{""harmonic_anchor"": 45, ""motion_timing_track_preserved"": 18}",{},{},0.013755904584612788,0.8253542750767673,0.1625775119909122,0.44708845096593464,0.6666666666666666,0.7918310139042146,0.9999999999999803,0.7787171785570273,0.1124506958287356,0.5654633685493734,source_selection_room_posterior_available
mahnob_3650,3.89,3.39,3.84,3.4,3.32,2.93,4.11,0.2405666149400139,0.2256088767640584,0.2386523342350638,0.241194804919761,0.2403859399290725,0.238515182489693,0.2480164723079075,native_smoothed_track_hz,2.93,3.4,0.46999999999999975,mahnob_3650.pkl,parh_ossm,True,False,,False,candidate_rate_posterior_final,bounded_correction_to_existing_readout,target_computable_downshift_specificity,1.0,0.1768072914746465,0.1792167749129289,1.0,0.0,0.0,0.0,0.0,4.334130690689261e-09,0.8039692091344339,4.334130690689261e-09,0.1147333660673897,0.0,0.0,0.0,0.0,0.1607978642061128,0.8872089153163791,0.1447306452852875,0.6666666666666666,0.6666666666666666,0.7870141472375408,2.8685530723363842e-15,0.9649826421887704,0.1646798456846223,2.8685530723363842e-15,0.8266301682466946,0.1020109499037363,True,0.3769734473352626,0.5887639509078609,,,,,"{""G_DoF"": 6}",,,,,False,0.1738541431474373,"{""harmonic_anchor"": 30, ""motion_timing_track_preserved"": 12}","{""harmonic_anchor"": 30, ""motion_timing_track_preserved"": 12}",{},{},0.02240759554384908,1.3444557326309448,0.1768072914746465,0.30295993205938404,0.6666666666666666,0.8266301682466946,0.9999999999999971,0.6653707811494467,0.1020109499037363,0.5351243176421132,bounded_or_no_clear_room
mahnob_3652,1.91,2.13,2.07,1.98,1.78,2.06,1.74,0.278579345432107,0.2664569308726174,0.2979032852050053,0.2844271657763735,0.2822323931358693,0.2840102609612805,0.2872225215296634,state_freq_t,1.74,1.98,0.24,mahnob_3652.pkl,parh_ossm,True,False,,False,candidate_rate_posterior_final,bounded_correction_to_existing_readout,target_computable_downshift_specificity,1.0,0.2140630995315852,0.2080486234047339,1.0,0.0,0.0,0.0,0.0,9.712660984849746e-10,0.8569029322364972,9.712660984849746e-10,0.0568491007808619,0.1133720930232558,0.0327695560253699,0.0806025369978858,0.0,0.2517673509536838,0.8542798974211789,0.2705078493397375,1.0,1.0,0.8050945302559493,1.4898387899783216e-14,0.97292301635451,0.3700778745682481,1.4898387899783216e-14,0.8368431963606472,0.0582456174752216,True,0.3725992053166107,0.4236210181998527,,,,,"{""G_DoF"": 9, ""G_DoF_bridge"": 2}",,,,,False,0.7581923890063424,"{""harmonic_anchor"": 54, ""motion_timing_track_preserved"": 22}","{""harmonic_anchor"": 54, ""motion_timing_track_preserved"": 22}",{},{},0.020765590657045974,1.2459354394227584,0.2140630995315852,0.6999701584538358,1.0,0.8368431963606472,0.9999999999999851,0.6855346777276853,0.0582456174752216,0.6817651920530047,bounded_or_no_clear_room
mahnob_3654,1.19,1.02,0.9,1.17,1.63,1.24,1.41,0.2417543729466515,0.2285887089649534,0.2298647708608147,0.2486896078746658,0.248924255281575,0.249449228103455,0.2551382185641045,external_rate_posterior_mean_t,1.02,1.17,0.1499999999999999,mahnob_3654.pkl,parh_ossm,True,False,,False,candidate_rate_posterior_final,bounded_correction_to_existing_readout,target_computable_downshift_specificity,1.0,0.1555997633147524,0.1783941339173567,1.0,0.1300639658848614,0.0,0.0,0.0895522388059701,5.135429678655901e-16,0.7858567765459523,5.135429678655901e-16,0.1308373930589473,0.0,0.0,0.0,0.0,0.1596676352025911,0.9273121536535704,0.2443918090212131,0.6666666666666666,0.6666666666666666,0.8405332920488242,1.8224229309281592e-20,0.9728377089044532,0.4080523176241839,1.8224229309281592e-20,0.8471391396884504,0.1147059844945526,True,0.4057818360302312,0.6847344060744486,,,,,"{""G_DoF"": 6}",,,,,False,0.1300639658848614,"{""harmonic_anchor"": 30, ""motion_timing_track_preserved"": 12}","{""harmonic_anchor"": 30, ""motion_timing_track_preserved"": 12}",{},{},0.026549509599151117,1.5929705759490669,0.1555997633147524,0.5366988481952838,0.6666666666666666,0.8471391396884504,1.0,0.6171036022126101,0.1147059844945526,0.5735503431928181,bounded_or_no_clear_room
mahnob_3656,2.5,2.59,2.51,1.96,1.53,1.3,1.64,0.2604208267674847,0.2585048408064787,0.2650658662876866,0.2718033362622081,0.2717507743291923,0.2746438741302321,0.2883201507851995,native_smoothed_track_hz,1.3,1.96,0.6599999999999999,mahnob_3656.pkl,parh_ossm,True,False,,False,candidate_rate_posterior_final,bounded_correction_to_existing_readout,target_computable_downshift_specificity,1.0,0.2138872640002439,0.2079334302548154,1.0,0.0,0.0,0.0,0.0,1.3304351209232491e-09,0.856541094929499,1.3304351209232491e-09,0.0549907129736153,0.0,0.0,0.0,0.0,0.2259225313166226,0.8199523490891462,0.1576743285323738,1.0,1.0,0.7814320773400029,4.097865479669245e-11,0.9758196188686272,0.1658448376764578,4.097865479669245e-11,0.8247400401665418,0.0525779880873925,True,0.432552781468429,0.6593447449851316,,,,,"{""G_DoF"": 6, ""G_DoF_bridge"": 1}",,,,,False,0.6539334341906202,"{""harmonic_anchor"": 35, ""motion_timing_track_preserved"": 14}","{""harmonic_anchor"": 35, ""motion_timing_track_preserved"": 14}",{},{},0.02981530997872084,1.7889185987232503,0.2138872640002439,0.4188365606382063,1.0,0.8247400401665418,0.9999999999590213,0.5815277742405489,0.0525779880873925,0.6138451127618524,bounded_or_no_clear_room
mahnob_3658,1.88,1.76,2.33,1.84,1.85,2.06,1.77,0.2853803533502462,0.2700556798501258,0.2903304029282766,0.2675063320624313,0.2637741097906273,0.2662556327053647,0.269757477012832,external_rate_posterior_mean_t,1.76,1.84,0.08000000000000007,mahnob_3658.pkl,parh_ossm,True,False,,False,candidate_rate_posterior_final,bounded_correction_to_existing_readout,target_computable_downshift_specificity,1.0,0.2174490545793433,0.219477485108446,1.0,0.0,0.0,0.0,0.0,7.328655832039064e-05,0.8250420408912351,7.328655832039064e-05,0.0729248855391782,0.0,0.0,0.0,0.0,0.2298465213357617,0.8555984738705235,0.3262881668783479,1.0,1.0,0.7803931590759202,3.987518359945879e-09,0.9484837816060028,0.1705647493210652,3.987518359945879e-09,0.8276476421466775,0.0640210551980963,True,0.3835946008127732,0.4903003106361467,,,,,"{""G_DoF"": 4, ""G_DoF_bridge"": 5}",,,,,False,0.800620509470934,"{""harmonic_anchor"": 45, ""motion_timing_track_preserved"": 18}","{""harmonic_anchor"": 45, ""motion_timing_track_preserved"": 18}",{},{},0.01912472064488152,1.1474832386928913,0.2174490545793433,0.720370830396629,1.0,0.8276476421466775,0.9999999960124817,0.7062950622908828,0.0640210551980963,0.6868109761573142,bounded_or_no_clear_room
mahnob_3660,1.2,1.22,2.19,1.36,1.81,2.2,1.7,0.2612180806678165,0.2552734462683572,0.2677737358702903,0.269038229867065,0.2794847078058731,0.2908846262180083,0.262960566252508,external_output_rate_t,1.2,1.36,0.16000000000000014,mahnob_3660.pkl,parh_ossm,True,False,,False,candidate_rate_posterior_final,bounded_correction_to_existing_readout,target_computable_downshift_specificity,1.0,0.133623728343282,0.1541033701100363,1.0,0.0876185004309106,0.0,0.0,0.1238149956908934,4.35684515121345e-06,0.7912568734014029,4.35684515121345e-06,0.1379226723104525,0.0876185004309106,0.0,0.0876185004309106,0.0,0.1459862105557312,0.9472414018555032,0.1484127720656936,0.3333333333333333,0.3333333333333333,0.6310033794571162,3.761203813152893e-13,0.9813459472281972,0.0351482323797307,3.761203813152893e-13,0.8117504354098048,0.14434947919958,True,0.373898599771427,0.6399500788020398,,,,,"{""G_DoF"": 7, ""G_DoF_bridge"": 3}",,,,,False,0.0,"{""harmonic_anchor"": 50, ""motion_timing_track_preserved"": 20}","{""harmonic_anchor"": 50, ""motion_timing_track_preserved"": 20}",{},{},0.03561117994965113,2.1366707969790677,0.133623728343282,0.2500909634363004,0.3333333333333333,0.8117504354098048,0.9999999999996239,0.5233650850467232,0.14434947919958,0.4430882506692092,bounded_or_no_clear_room
mahnob_3662,2.92,3.97,5.17,2.61,2.13,2.54,2.51,0.2497345448009985,0.2511894952246098,0.2866505068596013,0.2322979051453733,0.2182090587654625,0.2162862074695103,0.241223938180301,state_freq_t,2.51,2.61,0.10000000000000009,mahnob_3662.pkl,parh_ossm,True,False,,False,candidate_rate_posterior_final,bounded_correction_to_existing_readout,target_computable_downshift_specificity,1.0,0.2005032656613915,0.1961869528870909,1.0,0.0,0.0,0.3175643279526929,0.0,0.0602286978931627,0.7423018104467317,0.0602286978931627,0.16043524070722,0.0974908102924724,0.0,0.0974908102924724,0.0,0.1786980332542292,0.9240446254391184,0.2054516094010912,0.6666666666666666,0.6666666666666666,0.6640946782868211,0.0009091201187786,0.9817921717392812,0.0794641084324475,0.0009091201187786,0.7497751440430264,0.1496006815070284,True,0.4395908117099331,0.9336235825843712,,,,,"{""G_DoF"": 2, ""G_DoF_bridge"": 7}",,,,,False,0.0974908102924724,"{""harmonic_anchor"": 45, ""motion_timing_track_preserved"": 18}","{""harmonic_anchor"": 45, ""motion_timing_track_preserved"": 18}",{},{},0.034903287755099516,2.094197265305971,0.2005032656613915,0.43668690706472824,0.6666666666666666,0.7497751440430264,0.9990908798812214,0.5301447312361339,0.1496006815070284,0.5378475063898412,bounded_or_no_clear_room
mahnob_3664,2.29,3.66,3.1,2.84,3.35,3.06,2.67,0.2317270569102766,0.2061787440885388,0.2074603302603762,0.2203988844861923,0.2053022860483906,0.2158890194657824,0.2194378227300376,external_output_rate_t,2.29,2.84,0.5499999999999998,mahnob_3664.pkl,parh_ossm,True,False,,False,candidate_rate_posterior_final,bounded_correction_to_existing_readout,target_computable_downshift_specificity,1.0,0.1553071168822591,0.1899566061214208,1.0,0.0,0.0,0.1434771508807761,0.077865713556293,0.1071020189891092,0.7508203714746906,0.1071020189891092,0.1816666615288167,0.2335971406688792,0.0,0.2335971406688792,0.0,0.141174483972625,0.9719944022909844,0.1401073304749927,0.6666666666666666,0.6666666666666666,0.6450214076192042,0.0538650532431996,0.865659243583369,0.1952543589306421,0.0538650532431996,0.7454762388831336,0.1719097876339039,True,0.4076995015322567,0.5271571067261692,,,,,"{""G_DoF"": 8, ""G_DoF_bridge"": 3}",,,,,False,0.077865713556293,"{""harmonic_anchor"": 55, ""motion_timing_track_preserved"": 22}","{""harmonic_anchor"": 55, ""motion_timing_track_preserved"": 22}",{},{},0.02554831282173778,1.5328987693042668,0.1553071168822591,0.20153565330977044,0.6666666666666666,0.7454762388831336,0.9461349467568004,0.6284399637551576,0.1719097876339039,0.47852860534063435,bounded_or_no_clear_room
mahnob_3666,1.22,1.14,0.97,1.9,1.9,2.79,2.54,0.2425892443666658,0.2413230675004,0.2590260755013058,0.2225848885936985,0.2194868444799203,0.2135121838577181,0.2060632020113013,external_rate_posterior_mean_t,1.14,1.9,0.76,mahnob_3666.pkl,parh_ossm,True,False,,False,candidate_rate_posterior_final,bounded_correction_to_existing_readout,target_computable_downshift_specificity,1.0,0.2527587611039947,0.2594576855267317,1.0,0.0,0.0,0.0,0.0,0.0,0.5640768367832856,0.0,0.1307769489650143,0.0,0.0,0.0,0.0,0.331593061293105,0.7875397779514722,0.2420464493269872,1.0,1.0,0.9371997791030876,0.0,0.35,0.7160802033593585,0.0,0.5854889020923622,0.1243533293722913,True,0.5287590828931044,0.9596531011253754,,,,,"{""G_DoF"": 11}",,,,,False,0.6680272108843538,"{""motion_timing_track_preserved"": 22}","{""motion_timing_track_preserved"": 22}",{},{},0.036526042355364496,2.19156254132187,0.2527587611039947,0.7044065699563635,1.0,0.5854889020923622,1.0,0.5147315064290227,0.1243533293722913,0.6309321572867989,source_selection_room_posterior_available
mahnob_3668,1.61,2.05,1.54,1.75,1.99,2.21,2.0,0.2671716362065808,0.2662562378890743,0.2697055315960525,0.2806218875747798,0.2793050808527273,0.2874579858999614,0.2721234175007341,external_output_rate_t,1.61,1.75,0.1399999999999999,mahnob_3668.pkl,parh_ossm,True,False,,False,candidate_rate_posterior_final,bounded_correction_to_existing_readout,target_computable_downshift_specificity,1.0,0.2091208017770197,0.2074793983630453,1.0,0.0,0.0,0.0,0.0,3.64143582900744e-05,0.8247120659003211,3.64143582900744e-05,0.0722520852160691,0.0,0.0,0.0,0.0,0.209823158923489,0.8972116543317593,0.2290054228752885,1.0,1.0,0.628232488553847,9.92801145206414e-10,0.9638574936922888,0.0771129884755591,9.92801145206414e-10,0.8269543915811863,0.064068199613391,True,0.3585718625977165,0.5879041297185572,,,,,"{""G_DoF"": 11, ""G_DoF_bridge"": 1}",,,,,False,0.4475421863536317,"{""harmonic_anchor"": 60, ""motion_timing_track_preserved"": 24}","{""harmonic_anchor"": 60, ""motion_timing_track_preserved"": 24}",{},{},0.02120174801088709,1.2721048806532254,0.2091208017770197,0.5345178903599819,1.0,0.8269543915811863,0.9999999990071988,0.6801197948229104,0.064068199613391,0.6448320966254611,bounded_or_no_clear_room
mahnob_3670,2.9,2.91,3.26,2.91,3.46,3.11,3.41,0.2698253592685825,0.2575623074651256,0.2802428139848181,0.2567281709068114,0.2647111712049546,0.2769399609957882,0.2663163035190065,external_output_rate_t,2.9,2.91,0.010000000000000231,mahnob_3670.pkl,parh_ossm,True,False,,False,candidate_rate_posterior_final,bounded_correction_to_existing_readout,target_computable_downshift_specificity,1.0,0.1654862621959874,0.1835012707348259,1.0,0.1275350198620113,0.0,0.0,0.0,4.412238319454006e-06,0.7883122238792415,4.412238319454006e-06,0.1135087595673032,0.0,0.0,0.0,0.0,0.1678118885406839,0.9300838561701557,0.2216715133632928,0.6666666666666666,0.6666666666666666,0.6191278946908767,8.58329331535801e-08,0.9594778752734056,0.0986133618978645,8.58329331535801e-08,0.8143949415446141,0.1056881659285323,True,0.3754682544665163,0.4656456664330989,,,,,"{""G_DoF"": 4, ""G_DoF_bridge"": 2}",,,,,False,0.1275350198620113,"{""harmonic_anchor"": 30, ""motion_timing_track_preserved"": 12}","{""harmonic_anchor"": 30, ""motion_timing_track_preserved"": 12}",{},{},0.020211790088976833,1.21270740533861,0.1654862621959874,0.47307518328703635,0.6666666666666666,0.8143949415446141,0.9999999141670668,0.692472264818124,0.1056881659285323,0.5668242404521153,bounded_or_no_clear_room
mahnob_3672,2.73,2.49,2.95,2.41,1.79,2.3,3.05,0.2681460322272878,0.2641936052408652,0.2732152145669689,0.2537672247232735,0.2442422129662225,0.2486388691093399,0.2712242888864604,native_smoothed_track_hz,2.3,2.41,0.11000000000000032,mahnob_3672.pkl,parh_ossm,True,False,,False,candidate_rate_posterior_final,bounded_correction_to_existing_readout,target_computable_downshift_specificity,1.0,0.2331226766619297,0.2423086711000423,1.0,0.0,0.0,0.0,0.0,1.7307201131636042e-08,0.8458480297879456,1.7307201131636042e-08,0.0462456005825769,0.0,0.0,0.0,0.0,0.2597900024484149,0.867632820371139,0.2348022722060421,1.0,1.0,0.917465389712935,1.1270972082028897e-12,0.9237014418154028,0.4006882366351209,1.1270972082028897e-12,0.8502740015589079,0.0449177995323424,True,0.3884615806994482,0.6525996885581993,,,,,"{""G_DoF"": 3, ""G_DoF_bridge"": 1}",,,,,False,0.523006573306659,"{""harmonic_anchor"": 20, ""motion_timing_track_preserved"": 8}","{""harmonic_anchor"": 20, ""motion_timing_track_preserved"": 8}",{},{},0.022585419777120475,1.3551251866272285,0.2331226766619297,0.5900314286851598,1.0,0.8502740015589079,0.9999999999988729,0.663222999653134,0.0449177995323424,0.6656585751482605,bounded_or_no_clear_room
mahnob_3674,1.88,1.77,1.0,1.9,1.66,1.85,1.34,0.2591651474467383,0.2638026778922516,0.2724694585306132,0.2514930734215428,0.2566187437142745,0.2507720197087779,0.2622941277205881,state_freq_t,1.34,1.9,0.5599999999999998,mahnob_3674.pkl,parh_ossm,True,False,,False,candidate_rate_posterior_final,bounded_correction_to_existing_readout,target_computable_downshift_specificity,1.0,0.2092514390739552,0.2211999929148826,1.0,0.0495025770106676,0.0,0.0,0.0,1.118240337628642e-06,0.8221299438063688,1.118240337628642e-06,0.06172518470486,0.0,0.0,0.0,0.0,0.2151906638091058,0.9201442405055796,0.2362452012383188,1.0,1.0,0.684891176166043,7.694438467511818e-09,0.9791661725274432,0.1457014951994921,7.694438467511818e-09,0.8307883913996106,0.0514526365866161,True,0.4150514495212839,0.4807649673522264,,,,,"{""G_DoF"": 10, ""G_DoF_bridge"": 2}",,,,,False,0.5118063046865636,"{""harmonic_anchor"": 59, ""motion_timing_track_preserved"": 24}","{""harmonic_anchor"": 59, ""motion_timing_track_preserved"": 24}",{},{},0.013030658183473709,0.7818394910084225,0.2092514390739552,0.5325681956616182,1.0,0.8307883913996106,0.9999999923055616,0.7890535751199955,0.0514526365866161,0.6572048503099261,bounded_or_no_clear_room
mahnob_3676,2.34,1.98,2.7,2.21,2.0,1.92,2.61,0.2338380567572121,0.2235617089749975,0.2532965181403662,0.219240175934189,0.2014932444900194,0.2158981521168883,0.2261984936333819,native_smoothed_track_hz,1.92,2.21,0.29000000000000004,mahnob_3676.pkl,parh_ossm,True,False,,False,candidate_rate_posterior_final,bounded_correction_to_existing_readout,target_computable_downshift_specificity,1.0,0.2240426245868182,0.2264906761224367,1.0,0.0,0.0,0.1862311097542359,0.0,0.0203898161452278,0.8447689256780191,0.0203898161452278,0.0845264608630601,0.0,0.0,0.0,0.0,0.2417572765385339,0.8612106966586922,0.3204966756122179,0.6666666666666666,0.6666666666666666,0.8641029931318792,1.250989538091874e-08,0.9535064960740396,0.3946254624977757,1.250989538091874e-08,0.8627273246486017,0.086276836465003,True,0.3725454823400601,0.3939603860712524,,,,,"{""G_DoF"": 6, ""G_DoF_bridge"": 3}",,,,,False,0.838039993894062,"{""harmonic_anchor"": 43, ""motion_timing_track_preserved"": 18, ""stable_track_blend"": 1}","{""harmonic_anchor"": 43, ""motion_timing_track_preserved"": 18, ""stable_track_blend"": 1}",{},{},0.0179399046403238,1.076394278419428,0.2240426245868182,0.7171407586490146,0.6666666666666666,0.8627273246486017,0.9999999874901047,0.721675213303124,0.086276836465003,0.6423877423811254,bounded_or_no_clear_room
mahnob_3678,3.52,3.63,3.74,3.38,3.16,3.18,3.15,0.2536910297175372,0.2359826109768947,0.2367378841027232,0.2478672771718832,0.2483046806987821,0.2437420027260176,0.2468988604691538,state_freq_t,3.15,3.38,0.22999999999999998,mahnob_3678.pkl,parh_ossm,True,False,,False,candidate_rate_posterior_final,bounded_correction_to_existing_readout,target_computable_downshift_specificity,1.0,0.1754440349562375,0.1862384026464205,1.0,0.0831289179612973,0.0,0.0,0.0,7.825726441650814e-09,0.8305871401434913,7.825726441650814e-09,0.0940692935756451,0.1687108203870264,0.0,0.1687108203870264,0.0,0.2206715156469723,0.9212956441279306,0.2365689770507066,0.6666666666666666,0.6666666666666666,0.7062262706968315,2.815367537150487e-17,0.9902492652211806,0.1822330644819628,2.815367537150487e-17,0.8316509754999502,0.1040311532306057,True,0.4136115517999499,0.6592376715659534,,,,,"{""G_DoF"": 10, ""G_DoF_bridge"": 1}",,,,,False,0.4156445898064868,"{""harmonic_anchor"": 55, ""motion_timing_track_preserved"": 22}","{""harmonic_anchor"": 55, ""motion_timing_track_preserved"": 22}",{},{},0.017708418740642495,1.0625051244385497,0.1754440349562375,0.533403345890907,0.6666666666666666,0.8316509754999502,1.0,0.724719025825683,0.1040311532306057,0.587358111501741,bounded_or_no_clear_room
mahnob_3680,3.18,2.38,3.41,2.42,2.71,2.62,2.15,0.2540926981611465,0.2353879268124048,0.2564790494116922,0.233409211342891,0.2212514166145376,0.2312922827890592,0.2346014342733127,state_freq_t,2.15,2.42,0.27,mahnob_3680.pkl,parh_ossm,True,False,,False,candidate_rate_posterior_final,bounded_correction_to_existing_readout,target_computable_downshift_specificity,1.0,0.2612856745921108,0.2659268929359991,1.0,0.0,0.0,0.0,0.0,0.0,0.5678396750526336,0.0,0.1296480974842099,0.0,0.0,0.0,0.0,0.3545740123812813,0.7796929461356227,0.4458335395848937,1.0,1.0,0.8796402452711953,0.0,0.35,0.5871785990687083,0.0,0.5678203618416804,0.1296538914474958,True,0.4427487393921125,0.7767824061400106,,,,,"{""G_DoF"": 9}",,,,,False,0.9241024087259506,"{""motion_timing_track_preserved"": 18}","{""motion_timing_track_preserved"": 18}",{},{},0.022800415372087296,1.3680249223252376,0.2612856745921108,0.8212218563406336,1.0,0.5678203618416804,1.0,0.6606355143219074,0.1296538914474958,0.6678370064798477,bounded_or_no_clear_room
mahnob_3772,3.03,2.61,3.12,2.78,2.95,2.45,2.68,0.2930012875495594,0.2835885931594722,0.3139954498502507,0.2952334137584183,0.3033252788916511,0.3058937748962095,0.305532493253125,native_smoothed_track_hz,2.45,2.78,0.3299999999999996,mahnob_3772.pkl,parh_ossm,True,False,,False,candidate_rate_posterior_final,bounded_correction_to_existing_readout,target_computable_downshift_specificity,1.0,0.2192085072867845,0.2211788263556651,1.0,0.0,0.0,0.0,0.0,1.59248686638982e-07,0.8328773130006719,1.59248686638982e-07,0.0677757915408455,0.0,0.0,0.0,0.0,0.2391249864582364,0.930199011914224,0.3310517928173549,1.0,1.0,0.6908844984539503,3.742315644439229e-09,0.988631391499206,0.1060199288884137,3.742315644439229e-09,0.8277531215219867,0.0516845265467524,True,0.4624878633537094,0.4821418723151224,,,,,"{""G_DoF_bridge"": 6, ""G_OF"": 5}",,,,,False,0.546664959672257,"{""harmonic_anchor"": 55, ""motion_timing_track_preserved"": 22}","{""harmonic_anchor"": 55, ""motion_timing_track_preserved"": 22}",{},{},0.02230518173673729,1.3383109042042374,0.2192085072867845,0.6476259853774232,1.0,0.8277531215219867,0.9999999962576843,0.6666109018380142,0.0516845265467524,0.6699829290932575,bounded_or_no_clear_room
mahnob_3774,3.31,3.43,3.83,2.95,2.69,2.88,3.5,0.2717777373866153,0.2581238612402678,0.2723899897245979,0.26852429732883,0.2603111642417718,0.2691019131082643,0.2687451979392647,native_smoothed_track_hz,2.88,2.95,0.07000000000000028,mahnob_3774.pkl,parh_ossm,True,False,,False,candidate_rate_posterior_final,bounded_correction_to_existing_readout,target_computable_downshift_specificity,1.0,0.1987048166643624,0.201660208646975,1.0,0.0,0.0,0.0,0.0,2.6456146787771088e-11,0.8281815836247196,2.6456146787771088e-11,0.0759132493564179,0.0,0.0,0.0,0.0,0.1924325702245344,0.9188295170346652,0.2339191088066857,1.0,1.0,0.7315506795159771,4.476448769567428e-16,0.9851494592060028,0.1659624566748614,4.476448769567428e-16,0.8315210756290209,0.0649622244326496,True,0.424289639551308,0.4784744742034456,,,,,"{""G_DoF"": 11}",,,,,False,0.2391531625718766,"{""harmonic_anchor"": 55, ""motion_timing_track_preserved"": 22}","{""harmonic_anchor"": 55, ""motion_timing_track_preserved"": 22}",{},{},0.013653876146347499,0.8192325687808499,0.1987048166643624,0.5229345462286273,1.0,0.8315210756290209,0.9999999999999996,0.78016308831576,0.0649622244326496,0.6505113611444802,bounded_or_no_clear_room
mahnob_3776,3.02,3.53,2.94,2.9,3.18,2.84,2.89,0.2775205800296673,0.2642110218336542,0.2743820751563918,0.2708131229748668,0.2687310090759341,0.2818130975404885,0.2847075714893098,native_smoothed_track_hz,2.84,2.9,0.06000000000000005,mahnob_3776.pkl,parh_ossm,True,False,,False,candidate_rate_posterior_final,bounded_correction_to_existing_readout,target_computable_downshift_specificity,1.0,0.1618243426497876,0.1821950366281172,1.0,0.1971571466175309,0.0,0.0,0.0365885759410371,2.8267088525414462e-06,0.8041600051174967,2.8267088525414462e-06,0.106243586761523,0.0,0.0,0.0,0.0,0.1753901053228908,0.91094007475112,0.1382593035092797,0.6666666666666666,0.6666666666666666,0.7676265070600656,4.819586499964588e-10,0.9888044329450412,0.2400381391166601,4.819586499964588e-10,0.8342839118488675,0.0888927603956309,True,0.425530222811239,0.5911251350482906,,,,,"{""G_DoF"": 7, ""G_DoF_bridge"": 3, ""G_OF"": 1}",,,,,False,0.3211371413529876,"{""harmonic_anchor"": 55, ""motion_timing_track_preserved"": 22}","{""harmonic_anchor"": 55, ""motion_timing_track_preserved"": 22}",{},{},0.020496549655655616,1.229792979339337,0.1618243426497876,0.2643510309639773,0.6666666666666666,0.8342839118488675,0.9999999995180413,0.6888962917916536,0.0888927603956309,0.5284692316998809,bounded_or_no_clear_room
mahnob_3778,2.31,2.46,1.26,2.69,3.7,2.78,2.3,0.2854066667805497,0.2830462084535377,0.3152021971999124,0.2802620335899866,0.2647290640990972,0.2813735824701903,0.2942716717337651,state_freq_t,2.3,2.69,0.3900000000000001,mahnob_3778.pkl,parh_ossm,True,False,,False,candidate_rate_posterior_final,bounded_correction_to_existing_readout,target_computable_downshift_specificity,1.0,0.178425159557886,0.1797809752458153,1.0,0.0,0.0,0.0,0.0716550412175015,6.789010450270241e-06,0.7896218395056945,6.789010450270241e-06,0.1008478668906319,0.0,0.0,0.0,0.0,0.1665072329294546,0.9055265239199574,0.2021320176194729,0.6666666666666666,0.6666666666666666,0.645270146006971,1.0837280209312377e-07,0.979721113139652,0.0606956216084219,1.0837280209312377e-07,0.8252448814992368,0.0939527213231283,True,0.4029528234160001,0.5609354017042096,,,,,"{""G_DoF"": 2, ""G_DoF_bridge"": 5, ""G_OF"": 4}",,,,,False,0.0773620798985415,"{""harmonic_anchor"": 55, ""motion_timing_track_preserved"": 22}","{""harmonic_anchor"": 55, ""motion_timing_track_preserved"": 22}",{},{},0.014009638143778536,0.8405782886267121,0.178425159557886,0.44363797111948394,0.6666666666666666,0.8252448814992368,0.9999998916271979,0.775132967387154,0.0939527213231283,0.5752386246887361,bounded_or_no_clear_room
mahnob_3780,2.98,3.31,4.26,3.38,3.47,3.91,3.33,0.2690101384900643,0.2562846749011889,0.2783143344311382,0.2529898813706343,0.2616807695204178,0.2641511000278934,0.2745973987004759,external_output_rate_t,2.98,3.38,0.3999999999999999,mahnob_3780.pkl,parh_ossm,True,False,,False,candidate_rate_posterior_final,bounded_correction_to_existing_readout,target_computable_downshift_specificity,1.0,0.1472800951389244,0.1852771595801893,1.0,0.2650602409638554,0.0,0.0,0.1180722891566265,2.5641104093470384e-11,0.7600760094375029,2.5641104093470384e-11,0.1073697516747769,0.0,0.0,0.0,0.0,0.1498620689156097,0.9535122564627596,0.1659477393142297,0.6666666666666666,0.6666666666666666,0.5768399094802181,7.461911479021779e-16,0.8765438288278865,0.0067199055725793,7.461911479021779e-16,0.7501680333026057,0.1028342847933645,True,0.457377354689173,0.7240548966628086,,,,,"{""G_DoF"": 11, ""G_OF"": 1}",,,,,False,0.0734939759036144,"{""harmonic_anchor"": 59, ""motion_timing_track_preserved"": 24}","{""harmonic_anchor"": 59, ""motion_timing_track_preserved"": 24}",{},{},0.02160751732984162,1.2964510397904971,0.1472800951389244,0.292816440434494,0.6666666666666666,0.7501680333026057,0.9999999999999992,0.675120590514733,0.1028342847933645,0.5151371474391574,bounded_or_no_clear_room
mahnob_3782,2.4,2.0,2.67,2.68,3.18,3.2,2.64,0.2581197825936028,0.2561287636864079,0.2798980208170225,0.2808238117840357,0.2851505840346248,0.2862572126739318,0.2756603011660679,external_rate_posterior_mean_t,2.0,2.68,0.6800000000000002,mahnob_3782.pkl,parh_ossm,True,False,,False,candidate_rate_posterior_final,bounded_correction_to_existing_readout,target_computable_downshift_specificity,1.0,0.0832668712973954,0.0365697055290852,1.0,0.6484762579730687,0.0,0.0,0.0,8.17031530684923e-05,0.7600816511226752,8.17031530684923e-05,0.0914051358696862,0.2161587526576895,0.0,0.2161587526576895,0.0,0.1358715086237575,0.9466674776273352,0.081633383557192,1.0,1.0,0.548590986081549,1.58804215550775e-11,0.9240650529136334,0.0341018254102001,1.58804215550775e-11,0.793608334480297,0.0619871275142473,True,0.4889188685296234,0.6682892450362117,,,,,"{""G_DoF"": 7, ""G_OF"": 1}",,,,,False,0.0,"{""harmonic_anchor"": 40, ""motion_timing_track_preserved"": 16}","{""harmonic_anchor"": 40, ""motion_timing_track_preserved"": 16}",{},{},0.03012844898752387,1.8077069392514322,0.0832668712973954,0.06499862887969432,1.0,0.793608334480297,0.9999999999841196,0.5782262900845744,0.0619871275142473,0.5044816100269829,bounded_or_no_clear_room
mahnob_3784,4.95,2.63,2.49,2.68,3.3,2.88,3.52,0.1810452924646066,0.2608732038484985,0.2065323103106829,0.2333574687329714,0.3034642744492762,0.3017271228199948,0.293544556231711,external_rate_posterior_mean_t,2.63,2.68,0.050000000000000266,mahnob_3784.pkl,parh_ossm,True,False,,False,candidate_rate_posterior_final,bounded_correction_to_existing_readout,target_computable_downshift_specificity,1.0,0.1529178250591635,0.1662357481371718,1.0,0.0931615460852329,0.0,0.0,0.0,1.7144278820465196e-12,0.7399286334312468,1.7144278820465196e-12,0.1342844685437186,0.0,0.0,0.0,0.0,0.1265116092934073,0.973534260352628,0.0942678442841759,0.6666666666666666,0.6666666666666666,0.539652748388263,2.242763794271064e-22,0.9001741324953688,0.015028459183599,2.242763794271064e-22,0.7501153649322895,0.1249653905204211,True,0.5002691557221209,0.5552317057550521,,,,,"{""G_DoF"": 3, ""G_DoF_bridge"": 2}",,,,,False,0.0,"{""harmonic_anchor"": 25, ""motion_timing_track_preserved"": 10}","{""harmonic_anchor"": 25, ""motion_timing_track_preserved"": 10}",{},{},0.12068183035538821,7.240909821323292,0.1529178250591635,0.07100463328753713,0.6666666666666666,0.7501153649322895,1.0,0.11144600144406341,0.1249653905204211,0.41359574875450594,bounded_or_no_clear_room
mahnob_3786,5.91,4.46,6.31,5.24,4.92,4.48,6.04,0.3103170161293587,0.2683342040087234,0.297964356457106,0.2945257428477199,0.3034616585089876,0.2928445841735761,0.315048133037845,external_rate_posterior_mean_t,4.46,5.24,0.7800000000000002,mahnob_3786.pkl,parh_ossm,True,False,,False,candidate_rate_posterior_final,bounded_correction_to_existing_readout,target_computable_downshift_specificity,1.0,0.1453964430407192,0.1707203025225285,1.0,0.0,0.0,0.0,0.0,1.309399697273779e-11,0.7882148684746983,1.309399697273779e-11,0.0950636317059063,0.3635415114025935,0.0,0.3635415114025935,0.0,0.189700533983216,0.9074861248097014,0.1538985715068991,1.0,1.0,0.56285226824493,2.9291720300049285e-14,0.8862692038719947,0.0521716939978743,2.9291720300049285e-14,0.7803110890369516,0.076726256730174,True,0.4217428624999143,0.5777163627383437,,,,,"{""G_DoF"": 3, ""G_DoF_bridge"": 6}",,,,,False,0.2727679236846028,"{""harmonic_anchor"": 45, ""motion_timing_track_preserved"": 18}","{""harmonic_anchor"": 45, ""motion_timing_track_preserved"": 18}",{},{},0.04671392902912164,2.802835741747298,0.1453964430407192,0.31367505363091436,1.0,0.7803110890369516,0.9999999999999707,0.42769533791724074,0.076726256730174,0.5512276929606077,source_selection_room_agreement_available
mahnob_3788,3.68,2.52,2.13,2.92,2.14,2.67,2.43,0.2721905826306386,0.2894110804456595,0.3259046326671649,0.2929346051984413,0.3145739866257677,0.3229389107441835,0.3163013353622958,state_freq_t,2.43,2.92,0.48999999999999977,mahnob_3788.pkl,parh_ossm,True,False,,False,candidate_rate_posterior_final,bounded_correction_to_existing_readout,target_computable_downshift_specificity,1.0,0.1986981575198483,0.2085053280839869,1.0,0.0,0.0,0.0,0.1114348142753095,1.3056140716967044e-10,0.8001280877077251,1.3056140716967044e-10,0.0851496637043481,0.0,0.0,0.0,0.0,0.2147123317221729,0.9130525529957446,0.1814271920082032,1.0,1.0,0.5095401884509833,3.5394565591090683e-13,0.9851924779503036,0.0066109738109408,3.5394565591090683e-13,0.8219725864820016,0.0541819541821607,True,0.3717294478480604,0.549182840466417,,,,,"{""G_DoF"": 4, ""G_DoF_bridge"": 3}",,,,,False,0.3332119446467589,"{""harmonic_anchor"": 35, ""motion_timing_track_preserved"": 14}","{""harmonic_anchor"": 35, ""motion_timing_track_preserved"": 14}",{},{},0.050748328113544905,3.0448996868126943,0.1986981575198483,0.3888146913712488,1.0,0.8219725864820016,0.9999999999996461,0.3974457330677837,0.0541819541821607,0.5850597435150213,bounded_or_no_clear_room
mahnob_3790,2.28,2.19,4.66,1.91,1.85,1.8,2.64,0.2683248389845522,0.2663241232514798,0.3213045209498021,0.269692137816713,0.2600283681325406,0.2675767492231788,0.2804052304525989,native_smoothed_track_hz,1.8,1.91,0.10999999999999988,mahnob_3790.pkl,parh_ossm,True,False,,False,candidate_rate_posterior_final,bounded_correction_to_existing_readout,target_computable_downshift_specificity,1.0,0.1491564954800256,0.1825238912300079,1.0,0.1072835753686817,0.0,0.2060114826072273,0.0,0.053217294204933,0.744605859706093,0.053217294204933,0.1496197834633662,0.2060114826072273,0.0,0.2060114826072273,0.0,0.1457776388662453,0.9562501326556876,0.0991645808446912,0.6666666666666666,0.6666666666666666,0.5026615507309284,2.6178006240159258e-08,0.8999900521033175,0.0004698600159204,2.6178006240159258e-08,0.7051230244872412,0.1388986101722573,True,0.4259820766868598,0.5650672033555987,,,,,"{""G_DoF"": 2, ""G_DoF_bridge"": 4, ""G_OF"": 7}",,,,,False,0.0686704942024091,"{""harmonic_anchor"": 65, ""motion_timing_track_preserved"": 26}","{""harmonic_anchor"": 65, ""motion_timing_track_preserved"": 26}",{},{},0.014081107201119103,0.8448664320671462,0.1491564954800256,0.10560799244046223,0.6666666666666666,0.7051230244872412,0.9999999738219938,0.7741263847517605,0.1388986101722573,0.4777019495624344,bounded_or_no_clear_room
mahnob_3792,2.37,3.52,2.71,2.26,1.91,2.55,2.9,0.2932887417955706,0.2786607248566672,0.3265329458483994,0.2967867801927522,0.3089159800308882,0.3216892593865068,0.3098686014047947,final_track_hz,2.26,2.26,0.0,mahnob_3792.pkl,parh_ossm,True,False,,False,candidate_rate_posterior_final,bounded_correction_to_existing_readout,target_computable_downshift_specificity,1.0,0.182933686017374,0.1864364627344398,1.0,0.1009432401125269,0.0,0.0,0.0,1.9716206670569693e-09,0.8127657883619466,1.9716206670569693e-09,0.0846549122120819,0.0,0.0,0.0,0.0,0.1868114089120148,0.9429008232218956,0.2048644208925814,0.8333333333333333,0.8333333333333333,0.5094600106320523,8.177943210533097e-10,0.9876235533729452,0.0127610516513898,8.177943210533097e-10,0.8253665217690898,0.0993007631917606,True,0.581771977062133,0.7164164527957366,,,,,"{""G_DoF"": 5, ""G_DoF_bridge"": 3}",,,,,False,0.2018864802250538,"{""harmonic_anchor"": 40, ""motion_timing_track_preserved"": 16}","{""harmonic_anchor"": 40, ""motion_timing_track_preserved"": 16}",{},{},0.04302853452983957,2.581712071790374,0.182933686017374,0.4178386160151062,0.8333333333333333,0.8253665217690898,0.9999999991822057,0.4573359711997224,0.0993007631917606,0.5639096436508553,bounded_or_no_clear_room
mahnob_3794,3.05,2.8,2.82,3.68,4.5,5.23,5.24,0.2198893847573983,0.218102793024326,0.2203709943946866,0.1876863365220816,0.155893355295654,0.1567539239674253,0.1578894239704427,external_rate_posterior_mean_t,2.8,3.68,0.8800000000000003,mahnob_3794.pkl,parh_ossm,True,False,,False,candidate_rate_posterior_final,bounded_correction_to_existing_readout,target_computable_downshift_specificity,1.0,0.1770039237797401,0.1817797313697464,1.0,0.0,0.0,0.0,0.0,0.0467057593315192,0.7342134836556441,0.0467057593315192,0.1412473877316243,0.0,0.0,0.0,0.0,0.1418162450616036,0.9623380439422492,0.1705322755060146,0.6666666666666666,0.6666666666666666,0.4842254630377915,2.856478476887564e-05,0.9438262088331713,0.0076183408398879,2.856478476887564e-05,0.7504279766339622,0.1146388039377421,True,0.393795081635393,0.5895545871757985,,,,,"{""G_DoF"": 7, ""G_OF_bridge"": 6}",,,,,False,0.0,"{""harmonic_anchor"": 64, ""motion_timing_track_preserved"": 26, ""stable_track_blend"": 1}","{""harmonic_anchor"": 64, ""motion_timing_track_preserved"": 26, ""stable_track_blend"": 1}",{},{},0.06313546078997301,3.7881276473983805,0.1770039237797401,0.2949889627116117,0.6666666666666666,0.7504279766339622,0.9999714352152311,0.31729686238950916,0.1146388039377421,0.486074491109813,oracle_room_but_gtfree_evidence_weak
mahnob_3796,4.11,1.77,2.16,2.52,2.13,3.11,3.14,0.2084022608797884,0.2472658077546514,0.2882498265308794,0.2464722905417038,0.262018683559808,0.2736069250701992,0.2816583951563228,external_rate_posterior_mean_t,1.77,2.52,0.75,mahnob_3796.pkl,parh_ossm,True,False,,False,candidate_rate_posterior_final,bounded_correction_to_existing_readout,target_computable_downshift_specificity,1.0,0.1470369251642108,0.1822677150338462,1.0,0.1852132989221193,0.0,0.0,0.0,3.6297807972531446e-08,0.7982519921334532,3.6297807972531446e-08,0.0932458047535518,0.0739335053894033,0.0,0.0739335053894033,0.0,0.1553907909370545,0.962210512448212,0.2142537578527011,0.6666666666666666,0.6666666666666666,0.4795272919562064,8.89641617929294e-13,0.9802250793308436,0.0025975624994982,8.89641617929294e-13,0.8206472783443485,0.1015176190094993,True,0.4713827808601939,0.6520451759671159,,,,,"{""G_DoF"": 9}",,,,,False,0.0,"{""harmonic_anchor"": 45, ""motion_timing_track_preserved"": 18}","{""harmonic_anchor"": 45, ""motion_timing_track_preserved"": 18}",{},{},0.07325613427653441,4.395368056592065,0.1470369251642108,0.41806547983412695,0.6666666666666666,0.8206472783443485,0.9999999999991104,0.263967387907754,0.1015176190094993,0.5097143958992224,source_selection_room_posterior_available
mahnob_3798,4.32,3.27,4.81,3.47,2.4,2.39,4.66,0.2862009172181833,0.2698940718565625,0.2922404870560519,0.2789390273927037,0.2759729287574083,0.2761526389115564,0.2930346798201261,native_smoothed_track_hz,2.39,3.47,1.08,mahnob_3798.pkl,parh_ossm,True,False,,False,candidate_rate_posterior_final,bounded_correction_to_existing_readout,target_computable_downshift_specificity,1.0,0.1743181584761093,0.1738793174744876,1.0,0.0,0.0,0.0,0.0,2.4350801861862077e-09,0.8435817773808165,2.4350801861862077e-09,0.107050565493923,0.0,0.0,0.0,0.0,0.1617476079096703,0.9301562491334884,0.2324245927569351,0.6666666666666666,0.6666666666666666,0.6840714232804965,2.614998416943847e-11,0.9915635543232936,0.2085555217801627,2.614998416943847e-11,0.834892302537499,0.1011857762502947,True,0.4157987764226631,0.6915303336582971,,,,,"{""G_DoF"": 4}",,,,,False,0.0,"{""harmonic_anchor"": 20, ""motion_timing_track_preserved"": 8}","{""harmonic_anchor"": 20, ""motion_timing_track_preserved"": 8}",{},{},0.023140607963563598,1.3884364778138159,0.1743181584761093,0.5013609025300172,0.6666666666666666,0.834892302537499,0.99999999997385,0.656561883706455,0.1011857762502947,0.5746231762473492,source_selection_room_posterior_available
mahnob_38,1.32,1.16,0.39,1.82,1.78,2.3,1.81,0.2580871917783613,0.2406130292248388,0.2486774361721922,0.2645383101794034,0.2609053469153017,0.2687276492449216,0.2496809250375471,external_rate_posterior_mean_t,1.16,1.82,0.6600000000000001,mahnob_38.pkl,parh_ossm,True,False,,False,candidate_rate_posterior_final,bounded_correction_to_existing_readout,target_computable_downshift_specificity,1.0,0.1252832373367701,0.1509268328930029,1.0,0.1111405484170088,0.0,0.0,0.1111405484170088,3.4743028356278397e-12,0.7465566202933516,3.4743028356278397e-12,0.1502605019943827,0.1111405484170088,0.0,0.1111405484170088,0.0,0.1156576460842996,0.9776279621847006,0.0542257636825817,0.3333333333333333,0.3333333333333333,0.5910212142875066,2.6809091463909765e-17,0.8757917028643586,0.1682371535728783,2.6809091463909765e-17,0.7907142243945868,0.1602731128760797,True,0.5144140817576099,0.3270297758074951,,,,,"{""G_DoF"": 7, ""G_DoF_bridge"": 1, ""G_OF"": 3}",,,,,False,0.0,"{""harmonic_anchor"": 55, ""motion_timing_track_preserved"": 22}","{""harmonic_anchor"": 55, ""motion_timing_track_preserved"": 22}",{},{},0.028114620020082803,1.6868772012049682,0.1252832373367701,0.025503567032159297,0.3333333333333333,0.7907142243945868,1.0,0.5997904651818509,0.1602731128760797,0.3989803916303895,bounded_or_no_clear_room
mahnob_3800,6.55,5.86,7.51,6.78,5.97,6.79,6.63,0.2886130406050649,0.2761458658036201,0.3082054701365642,0.2867212658178546,0.2731660245093972,0.2856073416469417,0.3022440621125591,external_rate_posterior_mean_t,5.86,6.78,0.9199999999999999,mahnob_3800.pkl,parh_ossm,True,False,,False,candidate_rate_posterior_final,bounded_correction_to_existing_readout,target_computable_downshift_specificity,1.0,0.1472676013549207,0.1672302808185286,1.0,0.1675133873403817,0.0,0.0,0.0786763696279005,3.2303503571479776e-11,0.7989641391819018,3.2303503571479776e-11,0.1109006646629225,0.0837566936701908,0.0,0.0837566936701908,0.0,0.1787663241770369,0.958840709985878,0.2980142648634697,0.6666666666666666,0.6666666666666666,0.5668269690843869,8.687563843414656e-15,0.9892793402695998,0.0353096351150394,8.687563843414656e-15,0.8075942283321567,0.1088729019341599,True,0.4818600821709201,0.6076922792097023,,,,,"{""G_DoF"": 1, ""G_DoF_bridge"": 5, ""G_OF"": 4}",,,,,False,0.3350267746807634,"{""harmonic_anchor"": 50, ""motion_timing_track_preserved"": 20}","{""harmonic_anchor"": 50, ""motion_timing_track_preserved"": 20}",{},{},0.026098196308939003,1.5658917785363402,0.1472676013549207,0.6069125548495294,0.6666666666666666,0.8075942283321567,0.9999999999999913,0.6221881996882492,0.1088729019341599,0.5806700753338673,source_selection_room_posterior_available
mahnob_3802,1.67,2.11,1.03,1.55,1.71,1.55,2.07,0.2821379201391411,0.282321068343463,0.2985067958747162,0.2966890103680895,0.2861298542366572,0.2971112533354388,0.2764850900284475,final_track_hz,1.55,1.55,0.0,mahnob_3802.pkl,parh_ossm,True,False,,False,candidate_rate_posterior_final,bounded_correction_to_existing_readout,target_computable_downshift_specificity,1.0,0.2284267760272951,0.2135624717601353,1.0,0.0,0.0,0.0,0.0,5.171614022308919e-10,0.8582725307293593,5.171614022308919e-10,0.0691116997159895,0.0,0.0,0.0,0.0,0.2692995799398214,0.8694623087199883,0.2804565733002803,0.6666666666666666,0.6666666666666666,0.7669586948456133,2.9947516893073163e-13,0.9786403766024624,0.2539523510097824,2.9947516893073163e-13,0.8717713603711505,0.083449763966459,True,0.5556075437004073,0.5706840523225296,,,,,"{""G_DoF"": 7, ""G_DoF_bridge"": 3}",,,,,False,0.8252788104089219,"{""harmonic_anchor"": 50, ""motion_timing_track_preserved"": 20}","{""harmonic_anchor"": 50, ""motion_timing_track_preserved"": 20}",{},{},0.020626163306991296,1.2375697984194778,0.2284267760272951,0.714397607267976,0.6666666666666666,0.8717713603711505,0.9999999999997006,0.6872747420642868,0.083449763966459,0.6411344173258294,bounded_or_no_clear_room
mahnob_3804,5.05,4.53,4.38,5.47,6.27,5.5,5.78,0.1961820598801406,0.2201873467667125,0.1973458811879982,0.1953595057298061,0.1636173994815358,0.1951932305494093,0.1845149012243478,external_rate_posterior_mean_t,4.53,5.47,0.9399999999999995,mahnob_3804.pkl,parh_ossm,True,False,,False,candidate_rate_posterior_final,bounded_correction_to_existing_readout,target_computable_downshift_specificity,1.0,0.1505185085965347,0.1530431838303987,1.0,0.0,0.0,0.0,0.1891766165296945,0.1954408559772353,0.6434590146700874,0.1954408559772353,0.2845352982526459,0.0,0.0,0.0,0.0,0.1246169738322156,0.9256420046160704,0.0433329065715935,0.6666666666666666,0.6666666666666666,0.5518008804963027,0.1742221632176275,0.8454861598367491,0.0098128389836675,0.1742221632176275,0.6228520924185128,0.2726041293879147,True,0.3973448157728824,0.6172745107978858,,,,,"{""G_DoF"": 5, ""G_DoF_bridge"": 3, ""G_OF"": 1}",,,,,False,0.2837649247945418,"{""harmonic_anchor"": 45, ""motion_timing_track_preserved"": 18}","{""harmonic_anchor"": 45, ""motion_timing_track_preserved"": 18}",{},{},0.035672445542364706,2.1403467325418823,0.1505185085965347,0.07928139015037272,0.6666666666666666,0.6228520924185128,0.8257778367823725,0.5227824228602644,0.2726041293879147,0.395798223906576,source_selection_room_agreement_available
mahnob_3806,2.22,2.23,2.2,2.34,2.78,2.83,2.53,0.21941425601533,0.2125006793943038,0.2272527113581811,0.1996653247847236,0.1679366150575451,0.1849468308450838,0.1907076519006295,external_output_rate_t,2.22,2.34,0.11999999999999966,mahnob_3806.pkl,parh_ossm,True,False,,False,candidate_rate_posterior_final,bounded_correction_to_existing_readout,target_computable_downshift_specificity,1.0,0.1787333242727678,0.1726535911645691,1.0,0.0423861852433281,0.0,0.3035535892678749,0.0870558013415156,0.1525403446849236,0.6937048996558351,0.1525403446849236,0.2364634870537912,0.0,0.0,0.0,0.0,0.1236088878817115,0.9663501947664864,0.099073070667261,0.6666666666666666,0.6666666666666666,0.5557436607253364,0.124871461185347,0.8375912813532798,0.0123240888297938,0.124871461185347,0.715356545735256,0.2230915662046006,True,0.440084268496631,0.6655681120326129,,,,,"{""G_DoF"": 9, ""G_OF_bridge"": 1}",,,,,False,0.0,"{""harmonic_anchor"": 50, ""motion_timing_track_preserved"": 20}","{""harmonic_anchor"": 50, ""motion_timing_track_preserved"": 20}",{},{},0.0344674251702462,2.0680455102147723,0.1787333242727678,0.09082252714482361,0.6666666666666666,0.715356545735256,0.875128538814653,0.534362699710931,0.2230915662046006,0.432547712530276,bounded_or_no_clear_room
mahnob_3808,5.4,3.7,1.51,5.64,6.88,5.96,6.23,0.1793305765446367,0.2351878098934688,0.2856126954674658,0.1957361234134902,0.1514130831087386,0.1866916107645793,0.1670911073029446,external_rate_posterior_mean_t,3.7,5.64,1.9399999999999995,mahnob_3808.pkl,parh_ossm,True,False,,False,candidate_rate_posterior_final,bounded_correction_to_existing_readout,target_computable_downshift_specificity,1.0,0.2076923010536051,0.2050249068605334,1.0,0.0,0.0,0.4453284837463059,0.0,0.0753756069281282,0.7356996520674633,0.0753756069281282,0.1696938877917615,0.0693339395317117,0.0,0.0693339395317117,0.0,0.1791694744427668,0.9162546141046484,0.2992816662769951,0.6666666666666666,0.6666666666666666,0.8139502979883686,0.0739879592008334,0.9840425011351078,0.0238410309373099,0.0739879592008334,0.7606086982628154,0.1452971365866663,True,0.5204315244305054,0.6895401753628903,,,,,"{""G_DoF_bridge"": 8, ""G_OF"": 5}",,,,,False,0.4160036371902705,"{""harmonic_anchor"": 63, ""motion_timing_track_preserved"": 26}","{""harmonic_anchor"": 63, ""motion_timing_track_preserved"": 26}",{},{},0.0680967025905242,4.085802155431452,0.2076923010536051,0.649579280783905,0.6666666666666666,0.7606086982628154,0.9260120407991665,0.28992823119070377,0.1452971365866663,0.5492951517398833,source_selection_room_posterior_available
mahnob_3810,3.23,4.28,3.27,3.85,5.0,4.32,3.76,0.2452490752154137,0.2283459846341177,0.2530145643644484,0.2415145829133265,0.2290752481420394,0.2414305354001832,0.2433035652053387,external_output_rate_t,3.23,3.85,0.6200000000000001,mahnob_3810.pkl,parh_ossm,True,False,,False,candidate_rate_posterior_final,bounded_correction_to_existing_readout,target_computable_downshift_specificity,1.0,0.1942405951093851,0.1853506011284111,1.0,0.0,0.0,0.1146589259796806,0.0,0.0411190173506551,0.7525802558432667,0.0411190173506551,0.1400980302164035,0.0804855521836653,0.0,0.0804855521836653,0.0,0.1908425525357877,0.9314834997839948,0.2105159563771648,0.6666666666666666,0.6666666666666666,0.7564686513485089,0.0070814093728079,0.8939018245814392,0.0803268515426919,0.0070814093728079,0.760839488452604,0.1223001813994545,True,0.3827705865984068,0.6535193978098048,,,,,"{""G_DoF"": 11}",,,,,False,0.2414566565509961,"{""harmonic_anchor"": 55, ""motion_timing_track_preserved"": 22}","{""harmonic_anchor"": 55, ""motion_timing_track_preserved"": 22}",{},{},0.016903090581295993,1.0141854348777595,0.1942405951093851,0.4456038907603659,0.6666666666666666,0.760839488452604,0.9929185906271921,0.7354086707517511,0.1223001813994545,0.5620554877266186,bounded_or_no_clear_room
mahnob_392,4.76,4.3,4.99,4.55,5.15,4.3,4.5,0.272836083119892,0.2542993210452566,0.2727461744079604,0.2622119614066366,0.2530432749307263,0.254295549865176,0.2623373767894672,external_rate_posterior_mean_t,4.3,4.55,0.25,mahnob_392.pkl,parh_ossm,True,False,,False,candidate_rate_posterior_final,bounded_correction_to_existing_readout,target_computable_downshift_specificity,1.0,0.1627594897692574,0.1760858089591572,1.0,0.0685470277559276,0.0,0.0,0.0,2.831850187847025e-06,0.8440806857693385,2.831850187847025e-06,0.0870388641624175,0.0685470277559276,0.0,0.0685470277559276,0.0,0.1650558526628365,0.9434685296602324,0.1427151572128076,0.6666666666666666,0.6666666666666666,0.6519234554209672,6.328817133209993e-11,0.9956961443998432,0.1204152779491387,6.328817133209993e-11,0.8470299229531749,0.0958913311500902,True,0.4105684274199936,0.5299081297227747,,,,,"{""G_DoF"": 8, ""G_DoF_bridge"": 3, ""G_OF"": 2}",,,,,False,0.040229239240364,"{""harmonic_anchor"": 65, ""motion_timing_track_preserved"": 26}","{""harmonic_anchor"": 65, ""motion_timing_track_preserved"": 26}",{},{},0.018540533254715996,1.1124319952829598,0.1627594897692574,0.24200932320755572,0.6666666666666666,0.8470299229531749,0.9999999999367118,0.71383702097989,0.0958913311500902,0.5279407945002885,likely_video_or_reference_limited
mahnob_394,1.97,2.29,1.75,1.83,1.61,1.92,1.61,0.285358000205349,0.2671972915997715,0.3048636548678211,0.2778894356160216,0.2702575383635721,0.2866062729811094,0.2859819977125613,state_freq_t,1.61,1.83,0.21999999999999997,mahnob_394.pkl,parh_ossm,True,False,,False,candidate_rate_posterior_final,bounded_correction_to_existing_readout,target_computable_downshift_specificity,1.0,0.2183557900910731,0.2210063517451267,1.0,0.0,0.0,0.0,0.0,2.3141763289699945e-07,0.8214394455151235,2.3141763289699945e-07,0.0749791942320369,0.0,0.0,0.0,0.0,0.2342353905452296,0.8762433014352533,0.3804543286206919,0.8333333333333333,0.8333333333333333,0.5720224723345375,8.660159253268724e-12,0.9628044736180974,0.085126446210501,8.660159253268724e-12,0.81318058196335,0.0835144151537305,True,0.510210056422121,0.545611011168094,,,,,"{""G_DoF_bridge"": 6, ""G_OF"": 2}",,,,,False,0.6151260504201681,"{""harmonic_anchor"": 40, ""motion_timing_track_preserved"": 16}","{""harmonic_anchor"": 40, ""motion_timing_track_preserved"": 16}",{},{},0.019408981381337898,1.1645388828802739,0.2183557900910731,0.7006037766737927,0.8333333333333333,0.81318058196335,0.9999999999913398,0.7026540802059625,0.0835144151537305,0.6536007566559534,bounded_or_no_clear_room
mahnob_396,2.52,2.65,1.98,2.75,2.69,2.93,2.26,0.2642450656878026,0.2644041816684297,0.2934874555046422,0.26637721248904,0.2642555825212187,0.2667975544974242,0.2688292295958284,state_freq_t,2.26,2.75,0.4900000000000002,mahnob_396.pkl,parh_ossm,True,False,,False,candidate_rate_posterior_final,bounded_correction_to_existing_readout,target_computable_downshift_specificity,1.0,0.2088428172065594,0.1941310596545693,1.0,0.0,0.0,0.0,0.061177375913813,2.50377170584047e-05,0.8338081099453034,2.50377170584047e-05,0.0875677125063539,0.0,0.0,0.0,0.0,0.2331650597165909,0.855523133763078,0.295002543671323,0.6666666666666666,0.6666666666666666,0.7433688006263514,1.9784327069644173e-11,0.9877219239922111,0.2555245921137894,1.9784327069644173e-11,0.8457622522635703,0.096271324321244,True,0.4880364039504167,0.6013442761343923,,,,,"{""G_DoF"": 8, ""G_DoF_bridge"": 3}",,,,,False,0.5309734513274337,"{""harmonic_anchor"": 55, ""motion_timing_track_preserved"": 22}","{""harmonic_anchor"": 55, ""motion_timing_track_preserved"": 22}",{},{},0.004584163908025796,0.27504983448154774,0.2088428172065594,0.7211098781802402,0.6666666666666666,0.8457622522635703,0.9999999999802157,0.9200305208141089,0.096271324321244,0.6556729374235423,bounded_or_no_clear_room
mahnob_398,2.44,2.37,2.63,2.24,2.18,2.19,2.34,0.2774264180123396,0.2683850562261119,0.2865755064788352,0.2785878197222488,0.2633727697387615,0.2770430007353107,0.2887282131895134,native_smoothed_track_hz,2.19,2.24,0.050000000000000266,mahnob_398.pkl,parh_ossm,True,False,,False,candidate_rate_posterior_final,bounded_correction_to_existing_readout,target_computable_downshift_specificity,1.0,0.2143241621332881,0.2023072569518841,1.0,0.0,0.0,0.0,0.0,1.7113701417773568e-05,0.8639178715853288,1.7113701417773568e-05,0.0624864640189977,0.0706181986570965,0.0,0.0706181986570965,0.0,0.2464748468831818,0.8747973379843434,0.2245550966731338,1.0,1.0,0.8101943162731607,2.441716634347211e-10,0.9953906918035592,0.2535027154514892,2.441716634347211e-10,0.8727810090367162,0.0505573615980671,True,0.3950411599707881,0.3571587105670079,,,,,"{""G_DoF"": 2, ""G_DoF_bridge"": 6, ""G_OF"": 5}",,,,,False,0.4237091919425793,"{""harmonic_anchor"": 63, ""motion_timing_track_preserved"": 26}","{""harmonic_anchor"": 63, ""motion_timing_track_preserved"": 26}",{},{},0.0203431569634015,1.22058941780409,0.2143241621332881,0.552024147243411,1.0,0.8727810090367162,0.9999999997558283,0.690820276353048,0.0505573615980671,0.6589293127763839,bounded_or_no_clear_room
mahnob_4,1.58,0.96,2.67,1.32,1.19,1.24,1.96,0.299310484320903,0.2701795726972715,0.3118876891341714,0.2827449166317209,0.2830240642371623,0.2853993150017236,0.2991585739344083,external_rate_posterior_mean_t,0.96,1.32,0.3600000000000001,mahnob_4.pkl,parh_ossm,True,False,,False,candidate_rate_posterior_final,bounded_correction_to_existing_readout,target_computable_downshift_specificity,1.0,0.1738258427565116,0.1999698520600303,1.0,0.0,0.0,0.0,0.0,7.344617173361006e-10,0.8280361881448378,7.344617173361006e-10,0.0548936681825916,0.2358855375096674,0.0,0.2358855375096674,0.0,0.2117583263897658,0.905443416494858,0.2217223876998409,1.0,1.0,0.6536870344924174,2.8510901133596765e-11,0.9916501295685752,0.1009460465069691,2.8510901133596765e-11,0.826097735666833,0.0529297748605386,True,0.4753607131685697,0.4293026022524535,,,,,"{""G_DoF"": 4, ""G_DoF_bridge"": 6, ""G_OF"": 1}",,,,,False,0.337071410157257,"{""harmonic_anchor"": 55, ""motion_timing_track_preserved"": 22}","{""harmonic_anchor"": 55, ""motion_timing_track_preserved"": 22}",{},{},0.029130911623631517,1.747854697417891,0.1738258427565116,0.5066448149576577,1.0,0.826097735666833,0.9999999999714891,0.588809287189729,0.0529297748605386,0.6222880352593267,bounded_or_no_clear_room
mahnob_40,1.99,1.44,2.04,2.3,2.69,2.88,2.72,0.2785263988757131,0.2576727016108228,0.2857094819747111,0.2944354502483677,0.2888450372537128,0.2956313467012617,0.2903001945975297,external_rate_posterior_mean_t,1.44,2.3,0.8599999999999999,mahnob_40.pkl,parh_ossm,True,False,,False,candidate_rate_posterior_final,bounded_correction_to_existing_readout,target_computable_downshift_specificity,1.0,0.1647499216002705,0.1930853040221803,1.0,0.0,0.0,0.0,0.0,2.502561523012149e-11,0.7881196142963478,2.502561523012149e-11,0.1007500156366076,0.2969891095451633,0.0781550288276745,0.2188340807174887,0.0,0.1799652890372255,0.9253445336613776,0.2473740027671244,0.6666666666666666,0.6666666666666666,0.6768013136658627,6.413798992639007e-13,0.8868316649171817,0.0224404024184993,6.413798992639007e-13,0.7432363639373232,0.1013207054801336,True,0.4016350243038892,0.7216186391954863,,,,,"{""G_DoF_bridge"": 7, ""G_OF"": 4}",,,,,False,0.171941063420884,"{""harmonic_anchor"": 51, ""motion_timing_track_preserved"": 22}","{""harmonic_anchor"": 51, ""motion_timing_track_preserved"": 22}",{},{},0.03795864509043889,2.2775187054263335,0.1647499216002705,0.5509270317556595,0.6666666666666666,0.7432363639373232,0.9999999999993586,0.5014972357986052,0.1013207054801336,0.5528759943735488,source_selection_room_posterior_available
mahnob_400,2.3,2.14,3.0,2.12,1.95,2.14,2.1,0.264470123330096,0.2566211860095161,0.2827193034342931,0.2599476037373257,0.2514792319764217,0.2605888009279368,0.261584940688112,state_freq_t,2.1,2.12,0.020000000000000018,mahnob_400.pkl,parh_ossm,True,False,,False,candidate_rate_posterior_final,bounded_correction_to_existing_readout,target_computable_downshift_specificity,1.0,0.2245704979917255,0.2110716273647322,1.0,0.0,0.0,0.0,0.0,1.3696387262513836e-06,0.8346803980063797,1.3696387262513836e-06,0.0704798818348565,0.0,0.0,0.0,0.0,0.2469025703667917,0.862440231226532,0.3173290836835731,1.0,1.0,0.7042135417435715,1.057117884302288e-08,0.9834234768510424,0.1194209508055401,1.057117884302288e-08,0.8396791400644463,0.0480979391777718,True,0.4564551747303441,0.4835710019242277,,,,,"{""G_DoF"": 1, ""G_DoF_bridge"": 5, ""G_OF"": 4}",,,,,False,0.6679901423877328,"{""harmonic_anchor"": 49, ""motion_timing_track_preserved"": 20}","{""harmonic_anchor"": 49, ""motion_timing_track_preserved"": 20}",{},{},0.007848937320579896,0.4709362392347938,0.2245704979917255,0.7169402828468263,1.0,0.8396791400644463,0.9999999894288212,0.8670072402764186,0.0480979391777718,0.7073734806011515,bounded_or_no_clear_room
mahnob_402,0.91,1.02,1.46,1.09,1.25,1.22,1.2,0.2782407308404095,0.2576952447156854,0.2895185301087362,0.2757599117325067,0.2650549571819703,0.2759612744165481,0.2833994510068628,external_output_rate_t,0.91,1.09,0.18000000000000005,mahnob_402.pkl,parh_ossm,True,False,,False,candidate_rate_posterior_final,bounded_correction_to_existing_readout,target_computable_downshift_specificity,1.0,0.2277422896816473,0.2183915057723577,1.0,0.0,0.0,0.0,0.0,9.588741150310709e-09,0.842834604995678,9.588741150310709e-09,0.0559886793587176,0.2072774528914879,0.2072774528914879,0.0,0.0,0.2498563663043386,0.8278281160623975,0.2735718929701267,1.0,1.0,0.7810604214756804,7.71148188509835e-10,0.9801572066806375,0.1678929757486406,7.71148188509835e-10,0.83590699979944,0.0507768873151151,True,0.4291046663635257,0.6316946319314354,,,,,"{""G_DoF"": 11, ""G_DoF_bridge"": 3}",,,,,False,0.801819363222872,"{""harmonic_anchor"": 69, ""motion_timing_track_preserved"": 28}","{""harmonic_anchor"": 69, ""motion_timing_track_preserved"": 28}",{},{},0.025704206291177423,1.5422523774706454,0.2277422896816473,0.7344658628663185,1.0,0.83590699979944,0.9999999992288519,0.6266612187838071,0.0507768873151151,0.6868032279947885,bounded_or_no_clear_room
mahnob_404,3.79,3.41,4.05,3.85,4.52,3.94,3.51,0.2588880684210644,0.2431458164780423,0.2607558776384152,0.2660784506919327,0.2503869994563444,0.2577701512129136,0.2698563856742036,external_rate_posterior_mean_t,3.41,3.85,0.43999999999999995,mahnob_404.pkl,parh_ossm,True,False,,False,candidate_rate_posterior_final,bounded_correction_to_existing_readout,target_computable_downshift_specificity,1.0,0.1658632545612151,0.1875207780569602,1.0,0.0,0.0,0.0,0.0,0.0071925720725809,0.8384923573745058,0.0071925720725809,0.0863379311338069,0.2760805612129441,0.0,0.2760805612129441,0.0,0.1943862292964821,0.8953298884984486,0.1989751629690989,0.6666666666666666,0.6666666666666666,0.6340648203638427,2.275121350205192e-07,0.9804192933713874,0.1337840264322181,2.275121350205192e-07,0.8310208137431219,0.0965190578471411,True,0.4450709623221801,0.6117985360807567,,,,,"{""G_DoF_bridge"": 12, ""G_OF"": 1}",,,,,False,0.4831409821226521,"{""harmonic_anchor"": 65, ""motion_timing_track_preserved"": 26}","{""harmonic_anchor"": 65, ""motion_timing_track_preserved"": 26}",{},{},0.026710569196161327,1.6026341517696796,0.1658632545612151,0.4507290555258697,0.6666666666666666,0.8310208137431219,0.999999772487865,0.6152991463199672,0.0965190578471411,0.5581427215274084,bounded_or_no_clear_room
mahnob_406,1.5,1.71,1.67,1.65,1.91,1.79,1.41,0.2783247096227538,0.2637532117927958,0.283229345434607,0.2742999535942809,0.268324130384465,0.2741620261722371,0.2752855457198511,state_freq_t,1.41,1.65,0.24,mahnob_406.pkl,parh_ossm,True,False,,False,candidate_rate_posterior_final,bounded_correction_to_existing_readout,target_computable_downshift_specificity,1.0,0.233582850360417,0.2578396167865607,1.0,0.0,0.0,0.0,0.0247801758593125,4.768834619803609e-07,0.8187270829098691,4.768834619803609e-07,0.0696157103284751,0.0247801758593125,0.0,0.0247801758593125,0.0,0.2724818298890994,0.8624232391710973,0.2902863228353112,1.0,1.0,0.8054333074046188,5.610707985653938e-11,0.9859455395230304,0.1653266267862702,5.610707985653938e-11,0.8388229728499731,0.0495331940641912,True,0.5273360641925346,0.7024670836497449,,,,,"{""G_DoF_bridge"": 9, ""G_OF"": 2}",,,,,False,0.5688782307487343,"{""harmonic_anchor"": 55, ""motion_timing_track_preserved"": 22}","{""harmonic_anchor"": 55, ""motion_timing_track_preserved"": 22}",{},{},0.01457149782995798,0.8742898697974788,0.233582850360417,0.7220731268067226,1.0,0.8388229728499731,0.9999999999438929,0.767254803998414,0.0495331940641912,0.700405944863951,bounded_or_no_clear_room
mahnob_408,1.1,1.21,0.88,1.19,1.25,1.19,0.91,0.2709671242638919,0.263643997095042,0.2850878577295149,0.2797600943777196,0.2743682106825642,0.2801436952941611,0.2819260647594597,state_freq_t,0.91,1.19,0.2799999999999999,mahnob_408.pkl,parh_ossm,True,False,,False,candidate_rate_posterior_final,bounded_correction_to_existing_readout,target_computable_downshift_specificity,1.0,0.2125974236935283,0.2118388420776927,1.0,0.0,0.0,0.0,0.1154613014319376,2.9674258385501586e-06,0.8546727522238545,2.9674258385501586e-06,0.0772908598179085,0.0,0.0,0.0,0.0,0.2383661776453206,0.8799797838637796,0.2559573968204007,0.8333333333333333,0.8333333333333333,0.8156999992183002,7.0382911408516166e-09,0.984376759525731,0.2556915954899052,7.0382911408516166e-09,0.8531444813502973,0.0725890141051259,True,0.504748839009225,0.489594324536613,,,,,"{""G_DoF"": 4, ""G_DoF_bridge"": 4}",,,,,False,0.6634040239260468,"{""harmonic_anchor"": 40, ""motion_timing_track_preserved"": 16}","{""harmonic_anchor"": 40, ""motion_timing_track_preserved"": 16}",{},{},0.0182820676644177,1.096924059865062,0.2125974236935283,0.6315762929213864,0.8333333333333333,0.8531444813502973,0.9999999929617088,0.7171995029726969,0.0725890141051259,0.6468973345412173,bounded_or_no_clear_room
mahnob_410,2.66,3.08,2.94,2.15,2.25,1.86,2.18,0.2518346540434089,0.227512309651308,0.241838059490194,0.2558165632895341,0.2471168818851759,0.2641141898540344,0.2532360850210826,native_smoothed_track_hz,1.86,2.15,0.2899999999999998,mahnob_410.pkl,parh_ossm,True,False,,False,candidate_rate_posterior_final,bounded_correction_to_existing_readout,target_computable_downshift_specificity,1.0,0.1888370075953561,0.1897029567394073,1.0,0.0687556357078449,0.0,0.0,0.0,0.0002622353137787,0.8077854737510166,0.0002622353137787,0.0779378384137195,0.0,0.0,0.0,0.0,0.1881519570617887,0.9154392182767972,0.1549869948799609,1.0,1.0,0.7110124862712444,7.350792900517613e-08,0.9631083342009404,0.1485998569805445,7.350792900517613e-08,0.8343036568598549,0.0814560969778013,True,0.428153839205039,0.408176653534179,,,,,"{""G_DoF"": 12, ""G_DoF_bridge"": 1}",,,,,False,0.2750225428313796,"{""harmonic_anchor"": 65, ""motion_timing_track_preserved"": 26}","{""harmonic_anchor"": 65, ""motion_timing_track_preserved"": 26}",{},{},0.036601880202726395,2.196112812163584,0.1888370075953561,0.308405409055453,1.0,0.8343036568598549,0.999999926492071,0.5140222477215772,0.0814560969778013,0.5772924862870961,bounded_or_no_clear_room
mahnob_412,1.86,1.75,1.7,1.92,1.85,2.09,1.65,0.270049412640983,0.2573761452367065,0.273506426573228,0.2637048187851125,0.2586542288610811,0.2626244459076753,0.2741649964515146,state_freq_t,1.65,1.92,0.27,mahnob_412.pkl,parh_ossm,True,False,,False,candidate_rate_posterior_final,bounded_correction_to_existing_readout,target_computable_downshift_specificity,1.0,0.1890861628856908,0.1792383571210115,1.0,0.0,0.0,0.0,0.0,0.0001891983671784,0.8504470320806096,0.0001891983671784,0.0910452939791728,0.0,0.0,0.0,0.0,0.1793813304995649,0.9446475073139478,0.2602903804308641,0.6666666666666666,0.6666666666666666,0.7187911328670203,7.676247725622617e-06,0.9838217242593243,0.2361341859276933,7.676247725622617e-06,0.8586530125050537,0.0899796166827297,True,0.4888503561040418,0.58446379201172,,,,,"{""G_DoF"": 12, ""G_DoF_bridge"": 2}",,,,,False,0.230041022404544,"{""harmonic_anchor"": 70, ""motion_timing_track_preserved"": 28}","{""harmonic_anchor"": 70, ""motion_timing_track_preserved"": 28}",{},{},0.01678885121480811,1.0073310728884866,0.1890861628856908,0.5670273049708415,0.6666666666666666,0.8586530125050537,0.9999923237522744,0.7369377604160768,0.0899796166827297,0.6041696165275249,bounded_or_no_clear_room
mahnob_414,1.98,2.1,2.2,1.87,2.07,1.96,2.02,0.2692577502385814,0.2587074619963238,0.281755034269573,0.2696301051003777,0.2511513569912543,0.2694137800293007,0.2748175404640969,final_track_hz,1.87,1.87,0.0,mahnob_414.pkl,parh_ossm,True,False,,False,candidate_rate_posterior_final,bounded_correction_to_existing_readout,target_computable_downshift_specificity,1.0,0.212601281077381,0.2153251418332958,1.0,0.0,0.0,0.0,0.0,1.0299245609505105e-05,0.8397098454890864,1.0299245609505105e-05,0.0652065838985171,0.0,0.0,0.0,0.0,0.2211290551932204,0.8669407625762385,0.1984830828880469,1.0,1.0,0.7220702953990036,2.322233892117359e-09,0.9873996705600776,0.0688573551173974,2.322233892117359e-09,0.8317367836186216,0.0548636508405027,True,0.4498831759739353,0.3861717702705354,,,,,"{""G_DoF_bridge"": 7, ""G_OF"": 6}",,,,,False,0.5022149685241315,"{""harmonic_anchor"": 65, ""motion_timing_track_preserved"": 26}","{""harmonic_anchor"": 65, ""motion_timing_track_preserved"": 26}",{},{},0.016110078467773126,0.9666047080663875,0.212601281077381,0.4831135264045345,1.0,0.8317367836186216,0.9999999976777662,0.7460888995387278,0.0548636508405027,0.6436560676145328,bounded_or_no_clear_room
mahnob_416,3.7,3.69,2.11,3.18,2.82,2.57,2.83,0.2399421127817641,0.2314900555956574,0.2627609684352176,0.2389131386121319,0.2412329557188571,0.248977690602193,0.2435428576579574,native_smoothed_track_hz,2.57,3.18,0.6100000000000003,mahnob_416.pkl,parh_ossm,True,False,,False,candidate_rate_posterior_final,bounded_correction_to_existing_readout,target_computable_downshift_specificity,1.0,0.1889017813085065,0.1995725616057445,1.0,0.0689811150062196,0.0,0.4138866900373176,0.0,0.0564972887205802,0.755877330299423,0.0564972887205802,0.1277403891108625,0.0689811150062196,0.0,0.0689811150062196,0.0,0.1782922983138063,0.9265071123919004,0.1770592351973998,0.6666666666666666,0.6666666666666666,0.7198538891685737,0.0316435987576254,0.9288947873854368,0.0494969606123121,0.0316435987576254,0.7130690852257728,0.119583684852607,True,0.4812183253039446,0.4156492375263508,,,,,"{""G_DoF_bridge"": 8, ""G_OF"": 5}",,,,,False,0.2069433450186588,"{""harmonic_anchor"": 63, ""motion_timing_track_preserved"": 26}","{""harmonic_anchor"": 63, ""motion_timing_track_preserved"": 26}",{},{},0.01748763500653558,1.0492581003921346,0.1889017813085065,0.3560642440637103,0.6666666666666666,0.7130690852257728,0.9683564012423747,0.7276340759207119,0.119583684852607,0.5314571562169014,bounded_or_no_clear_room
mahnob_418,2.43,3.28,0.85,3.39,4.25,3.98,3.0,0.2707526017014613,0.2441944653808364,0.2892884789919752,0.2442716448748,0.2197481618724744,0.2329122061015729,0.2459004136385711,external_output_rate_t,2.43,3.39,0.96,mahnob_418.pkl,parh_ossm,True,False,,False,candidate_rate_posterior_final,bounded_correction_to_existing_readout,target_computable_downshift_specificity,1.0,0.139538629918718,0.1708858890736283,1.0,0.0,0.0,0.7833806818181818,0.0,0.1104701574816548,0.7964793998076852,0.1104701574816548,0.1718147666726046,0.3243963068181818,0.0,0.3243963068181818,0.0,0.1679437324823207,0.9593875347928564,0.2661654985052948,0.6666666666666666,0.6666666666666666,0.7191947403001445,0.10896726657713,0.9822504891558628,0.2841425783014308,0.10896726657713,0.8003141861486807,0.1672160533410952,True,0.5298986522934295,0.6974973742002554,,,,,"{""G_DoF"": 3, ""G_DoF_bridge"": 3, ""G_OF"": 2}",,,,,False,0.108309659090909,"{""harmonic_anchor"": 40, ""motion_timing_track_preserved"": 16}","{""harmonic_anchor"": 40, ""motion_timing_track_preserved"": 16}",{},{},0.037840395599888416,2.270423735993305,0.139538629918718,0.5661563325931683,0.6666666666666666,0.8003141861486807,0.89103273342287,0.5025766101169573,0.1672160533410952,0.5353540176116319,source_selection_room_posterior_available
mahnob_420,1.33,1.57,1.13,0.94,2.04,0.96,1.2,0.2668626136295737,0.2562407186366799,0.2775373588308896,0.2640020302660364,0.2510178303467391,0.2753924929483824,0.2577968683402333,final_track_hz,0.94,0.94,0.0,mahnob_420.pkl,parh_ossm,True,False,,False,candidate_rate_posterior_final,bounded_correction_to_existing_readout,target_computable_downshift_specificity,1.0,0.1530607243392957,0.16537831933199,1.0,0.1032049397236107,0.0,0.0,0.0,0.0273473116541548,0.7924120505219308,0.0273473116541548,0.1342588023831013,0.0,0.0,0.0,0.0,0.1430148597335738,0.949554534580964,0.1258457025332084,0.6666666666666666,0.6666666666666666,0.7293191932957701,0.0032954042979004,0.8951783443095802,0.2927218060483838,0.0032954042979004,0.7671843930602751,0.1425219563288056,True,0.5481522236104255,0.4078413794366212,,,,,"{""G_DoF"": 9, ""G_OF"": 1}",,,,,False,0.0,"{""harmonic_anchor"": 50, ""motion_timing_track_preserved"": 20}","{""harmonic_anchor"": 50, ""motion_timing_track_preserved"": 20}",{},{},0.019151774311702507,1.1491064587021504,0.1530607243392957,0.1851241193320739,0.6666666666666666,0.7671843930602751,0.9967045957020996,0.7059477318794873,0.1425219563288056,0.4962159308206631,bounded_or_no_clear_room
mahnob_422,2.04,2.63,2.64,2.04,2.28,2.32,1.91,0.2649844831737153,0.231767697873095,0.2534731164214628,0.2627996353293934,0.2552032256663864,0.2654055749369856,0.2666773772511632,state_freq_t,1.91,2.04,0.13000000000000012,mahnob_422.pkl,parh_ossm,True,False,,False,candidate_rate_posterior_final,bounded_correction_to_existing_readout,target_computable_downshift_specificity,1.0,0.143541253782563,0.1851842846698715,1.0,0.0,0.0,0.0,0.0,2.162384028101398e-09,0.8221149899156978,2.162384028101398e-09,0.084102054011227,0.3676913803496082,0.0,0.3676913803496082,0.0,0.1907384236143065,0.9151494324868724,0.252810621583649,0.6666666666666666,0.6666666666666666,0.7306351798288151,3.344223531841521e-13,0.9796218237086524,0.1777326522460121,3.344223531841521e-13,0.8211553082898191,0.0859674953031581,True,0.4614418759609319,0.4761982277030454,,,,,"{""G_DoF"": 10, ""G_DoF_bridge"": 2}",,,,,False,0.3676913803496082,"{""harmonic_anchor"": 59, ""motion_timing_track_preserved"": 24}","{""harmonic_anchor"": 59, ""motion_timing_track_preserved"": 24}",{},{},0.03490967937806819,2.094580762684091,0.143541253782563,0.5782274615910236,0.6666666666666666,0.8211553082898191,0.9999999999996656,0.5300831259932551,0.0859674953031581,0.5691156650762778,bounded_or_no_clear_room
mahnob_424,2.28,2.03,0.91,1.59,1.54,1.16,1.38,0.2483823561114408,0.2530054053811623,0.2877406068340401,0.2611922075150577,0.2542404743294312,0.2637019208506047,0.2543596832939848,native_smoothed_track_hz,1.16,1.59,0.43000000000000016,mahnob_424.pkl,parh_ossm,True,False,,False,candidate_rate_posterior_final,bounded_correction_to_existing_readout,target_computable_downshift_specificity,1.0,0.1660629618897837,0.1833058446964447,1.0,0.1605051966846467,0.0,0.0,0.0,0.0192556915790891,0.7546695595773637,0.0192556915790891,0.1381205354273628,0.0,0.0,0.0,0.0,0.1763677769814851,0.96125482997578,0.1608793213099458,0.6666666666666666,0.6666666666666666,0.6531141833262848,0.0014810371075085,0.9774437585844744,0.0641866842527499,0.0014810371075085,0.7787148130288246,0.1285467204072706,True,0.5877437591003685,0.540573864043356,,,,,"{""G_DoF"": 1, ""G_DoF_bridge"": 10}",,,,,False,0.4012629917116169,"{""harmonic_anchor"": 55, ""motion_timing_track_preserved"": 22}","{""harmonic_anchor"": 55, ""motion_timing_track_preserved"": 22}",{},{},0.015319564739163877,0.9191738843498326,0.1660629618897837,0.27643685902286796,0.6666666666666666,0.7787148130288246,0.9985189628924915,0.7568898530325132,0.1285467204072706,0.5262224919277412,bounded_or_no_clear_room
mahnob_426,1.94,2.3,1.53,1.64,2.49,1.39,1.39,0.2844312602621844,0.2583776073795752,0.2973371864368202,0.2811629598665804,0.2685646064889907,0.2899179744044775,0.2818777407751237,native_smoothed_track_hz,1.39,1.64,0.25,mahnob_426.pkl,parh_ossm,True,False,,False,candidate_rate_posterior_final,bounded_correction_to_existing_readout,target_computable_downshift_specificity,1.0,0.1998617551260244,0.2215644183260699,1.0,0.0,0.0,0.0,0.0,3.5662303851121617e-05,0.8591775612959,3.5662303851121617e-05,0.0784800610530764,0.0904572564612326,0.0,0.0904572564612326,0.0,0.2249955038329129,0.8793449032427169,0.2340289802749478,0.6666666666666666,0.6666666666666666,0.8518771940831925,2.3927377388544096e-06,0.9828288863545792,0.331816697247582,2.3927377388544096e-06,0.8627267637776459,0.0955955067024606,True,0.58981185687015,0.5934914658312812,,,,,"{""G_DoF"": 9, ""G_DoF_bridge"": 3}",,,,,False,0.5305666003976143,"{""harmonic_anchor"": 59, ""motion_timing_track_preserved"": 24}","{""harmonic_anchor"": 59, ""motion_timing_track_preserved"": 24}",{},{},0.03154036702490226,1.8924220214941356,0.1998617551260244,0.5692338932799722,0.6666666666666666,0.8627267637776459,0.9999976072622612,0.5635714151149713,0.0955955067024606,0.5900184639347378,bounded_or_no_clear_room
mahnob_428,1.15,1.13,1.5,1.03,1.14,1.04,1.75,0.2746192767492599,0.2736239747870501,0.2861113887200682,0.2813636893028806,0.2737461140338265,0.2815275720088456,0.2924082208591887,final_track_hz,1.03,1.03,0.0,mahnob_428.pkl,parh_ossm,True,False,,False,candidate_rate_posterior_final,bounded_correction_to_existing_readout,target_computable_downshift_specificity,1.0,0.1956674930897059,0.2041322118785588,1.0,0.0,0.0,0.0,0.0,3.1234904702776173e-09,0.8666462145271143,3.1234904702776173e-09,0.0900061373597854,0.0,0.0,0.0,0.0,0.1963193230200931,0.8565137309451858,0.1265171543075238,0.6666666666666666,0.6666666666666666,0.8235503924379108,4.1046222647586887e-11,0.996318271424982,0.3152037713165554,4.1046222647586887e-11,0.8720377948415587,0.0883886615701078,True,0.4933505267511642,0.6790205351501565,,,,,"{""G_DoF"": 5}",,,,,False,0.6186612576064908,"{""harmonic_anchor"": 25, ""motion_timing_track_preserved"": 10}","{""harmonic_anchor"": 25, ""motion_timing_track_preserved"": 10}",{},{},0.018784246072138633,1.127054764328318,0.1956674930897059,0.29067230800452326,0.6666666666666666,0.8720377948415587,0.9999999999589537,0.7106809054412048,0.0883886615701078,0.5500862284805176,bounded_or_no_clear_room
mahnob_430,2.07,2.09,2.0,2.23,3.14,2.34,1.92,0.2877716669027507,0.2775127364476208,0.2918498028486442,0.2727638383923051,0.2653034961316859,0.272209034927745,0.2937190781834884,state_freq_t,1.92,2.23,0.31000000000000005,mahnob_430.pkl,parh_ossm,True,False,,False,candidate_rate_posterior_final,bounded_correction_to_existing_readout,target_computable_downshift_specificity,1.0,0.2139551949343315,0.2159230409771104,1.0,0.0,0.0,0.0,0.0,2.789772705364413e-06,0.8217317370662888,2.789772705364413e-06,0.0762946511322937,0.0,0.0,0.0,0.0,0.2183310229445209,0.8759275533060218,0.1512745645319295,1.0,1.0,0.7868567940780454,1.2876384037200755e-10,0.9753632281171334,0.2435440812384092,1.2876384037200755e-10,0.8396576716257289,0.0653748938819273,True,0.4908712090183466,0.4904358921805782,,,,,"{""G_DoF"": 1, ""G_DoF_bridge"": 11, ""G_OF"": 1}",,,,,False,0.5911528150134048,"{""harmonic_anchor"": 64, ""motion_timing_track_preserved"": 26}","{""harmonic_anchor"": 64, ""motion_timing_track_preserved"": 26}",{},{},0.021510043255743405,1.2906025953446043,0.2139551949343315,0.3437437037456885,1.0,0.8396576716257289,0.9999999998712361,0.6763181378262451,0.0653748938819273,0.6092805146016971,bounded_or_no_clear_room
mahnob_522,4.21,3.24,4.65,4.3,4.69,4.34,5.03,0.2182071351915953,0.2343360089266974,0.2739220422516557,0.2001159244375528,0.1856956270422299,0.1987972623403238,0.2086023929949991,external_rate_posterior_mean_t,3.24,4.3,1.0599999999999996,mahnob_522.pkl,parh_ossm,True,False,,False,candidate_rate_posterior_final,bounded_correction_to_existing_readout,target_computable_downshift_specificity,1.0,0.1922597272088222,0.1917912080930752,1.0,0.0335255719627352,0.0,0.3865897712149059,0.0,0.0759554782402812,0.7241760447939574,0.0759554782402812,0.1594720480105848,0.0,0.0,0.0,0.0,0.1478807125232369,0.9352800831770848,0.1130573931214107,0.6666666666666666,0.6666666666666666,0.7273532575750233,0.0544260288940326,0.8284605698987525,0.0786349118329026,0.0544260288940326,0.7297540486086589,0.1633880759119252,True,0.3559284362377636,0.566742810230292,,,,,"{""G_DoF"": 6, ""G_DoF_bridge"": 12, ""G_OF"": 6}",,,,,False,0.0773179542429811,"{""harmonic_anchor"": 118, ""motion_timing_track_preserved"": 48}","{""harmonic_anchor"": 118, ""motion_timing_track_preserved"": 48}",{},{},0.0355387465863736,2.132324795182416,0.1922597272088222,0.16520389041144198,0.6666666666666666,0.7297540486086589,0.9455739711059674,0.5240547953534104,0.1633880759119252,0.4684715847858364,source_selection_room_agreement_available
mahnob_524,2.35,2.86,2.54,2.91,2.93,3.13,3.03,0.2201849725995038,0.2238152764352513,0.2326228991948669,0.1974164792222068,0.1833212176754138,0.1872217126631253,0.19232278410265,external_output_rate_t,2.35,2.91,0.56,mahnob_524.pkl,parh_ossm,True,False,,False,candidate_rate_posterior_final,bounded_correction_to_existing_readout,target_computable_downshift_specificity,1.0,0.2504580066935775,0.2578403084640696,1.0,0.0,0.0,0.0,0.0,0.0,0.5206233346388762,0.0,0.1524615036040982,0.0,0.0,0.0,0.0,0.3290873922202115,0.7439979970323771,0.3926578281173237,1.0,1.0,0.7481350123665432,0.0,0.35,0.1717969070170142,0.0,0.4972054741928924,0.1508383577421322,True,0.3846706614336871,0.8803511440153433,,,,,"{""G_DoF"": 12}",,,,,False,0.8702809482001755,"{""motion_timing_track_preserved"": 26}","{""motion_timing_track_preserved"": 26}",{},{},0.036593563772126,2.19561382632756,0.2504580066935775,0.8518194814116652,1.0,0.4972054741928924,1.0,0.5140999777863124,0.1508383577421322,0.6438853810890792,bounded_or_no_clear_room
mahnob_526,3.08,2.52,3.34,3.56,3.1,3.41,4.18,0.2184079168426407,0.2259362863343529,0.2183270970624332,0.1962859890001044,0.1973371505311324,0.1975027689074882,0.1986997717071374,external_rate_posterior_mean_t,2.52,3.56,1.04,mahnob_526.pkl,parh_ossm,True,False,,False,candidate_rate_posterior_final,bounded_correction_to_existing_readout,target_computable_downshift_specificity,1.0,0.2606901038597184,0.2558936633690439,1.0,0.0,0.0,0.0,0.0,0.0,0.513675711607621,0.0,0.1458972865177137,0.0,0.0,0.0,0.0,0.3593284219213477,0.7484889330519924,0.340942626615626,1.0,1.0,0.7090353524978633,0.0,0.35,0.1558464816495826,0.0,0.494493901880429,0.1516518294358712,True,0.4419056676428337,0.9056154949389488,,,,,"{""G_DoF"": 13, ""G_DoF_bridge"": 1}",,,,,False,1.0,"{""motion_timing_track_preserved"": 32}","{""motion_timing_track_preserved"": 32}",{},{},0.029650297334248482,1.7790178400549088,0.2606901038597184,0.8533767513322772,1.0,0.494493901880429,1.0,0.5832751111517329,0.1516518294358712,0.6531842896850356,source_selection_room_posterior_available
mahnob_528,1.69,2.04,4.21,2.04,2.79,2.65,2.62,0.2511563583045617,0.258317023171135,0.2877992975728982,0.2493470517946536,0.2499113766470059,0.2510186747587956,0.2586521790316581,external_output_rate_t,1.69,2.04,0.3500000000000001,mahnob_528.pkl,parh_ossm,True,False,,False,candidate_rate_posterior_final,bounded_correction_to_existing_readout,target_computable_downshift_specificity,1.0,0.1456995447927127,0.1828545112650515,1.0,0.1961596385542168,0.0,0.0,0.0574171686746987,0.0147645966397163,0.7682522119053738,0.0147645966397163,0.1025655041665358,0.0574171686746987,0.0,0.0574171686746987,0.0,0.1410683468155825,0.9597350070882108,0.1151432235120249,1.0,1.0,0.5271517845468092,1.7053723302296536e-09,0.9532384823656002,0.0774435718338484,1.7053723302296536e-09,0.7958739554151699,0.0707144423343786,True,0.3530027488556478,0.496481695874104,,,,,"{""G_DoF"": 13, ""G_DoF_bridge"": 3}",,,,,False,0.0,"{""harmonic_anchor"": 79, ""motion_timing_track_preserved"": 32}","{""harmonic_anchor"": 79, ""motion_timing_track_preserved"": 32}",{},{},0.009305127237004496,0.5583076342202697,0.1456995447927127,0.14512252693297414,1.0,0.7958739554151699,0.9999999982946277,0.8443534169411471,0.0707144423343786,0.5621943821019195,bounded_or_no_clear_room
mahnob_530,2.01,1.05,3.3,1.86,1.3,1.21,1.6,0.2696980376814238,0.2525993265143946,0.2891961002616526,0.2630907732352653,0.248363734634942,0.2638213727726745,0.2485595703549495,external_rate_posterior_mean_t,1.05,1.86,0.81,mahnob_530.pkl,parh_ossm,True,False,,False,candidate_rate_posterior_final,bounded_correction_to_existing_readout,target_computable_downshift_specificity,1.0,0.153571112754211,0.173326628513308,1.0,0.083504449007529,0.0,0.2505133470225872,0.1649555099247091,0.0279619910881328,0.7678514533891101,0.0279619910881328,0.1516672046930769,0.0,0.0,0.0,0.0,0.1506529758817016,0.9360898494886076,0.2000299198732854,0.6666666666666666,0.6666666666666666,0.6636250712116465,0.0071801693018692,0.9237247067742428,0.2736808292384217,0.0071801693018692,0.7692541914502926,0.14697632977607,True,0.4448416745879346,0.5987811964326137,,,,,"{""G_DoF"": 7, ""G_DoF_bridge"": 3}",,,,,False,0.0,"{""harmonic_anchor"": 49, ""motion_timing_track_preserved"": 20, ""stable_track_blend"": 1}","{""harmonic_anchor"": 49, ""motion_timing_track_preserved"": 20, ""stable_track_blend"": 1}",{},{},0.021138467326474314,1.268308039588459,0.153571112754211,0.40412302533926747,0.6666666666666666,0.7692541914502926,0.9928198306981308,0.6809027623630822,0.14697632977607,0.5369211298373711,source_selection_room_posterior_available
mahnob_532,1.83,3.24,1.72,2.03,3.15,1.99,2.44,0.2201994796680277,0.1944452313438893,0.2357386855063664,0.2123800559041714,0.1882398340826821,0.2114864984059433,0.217102096690976,external_output_rate_t,1.83,2.03,0.19999999999999973,mahnob_532.pkl,parh_ossm,True,False,,False,candidate_rate_posterior_final,bounded_correction_to_existing_readout,target_computable_downshift_specificity,1.0,0.1960779036279334,0.1824692447604907,1.0,0.0,0.0,0.6948092557848655,0.0,0.0951284913207097,0.8046658807947015,0.0951284913207097,0.1558321292763426,0.3051907442151345,0.0,0.3051907442151345,0.0,0.1732261922832971,0.8876434895094947,0.2135733114041087,0.6666666666666666,0.6666666666666666,0.829027252506159,0.0688006579064084,0.9685823586777907,0.4263276041239306,0.0688006579064084,0.8128548112854804,0.1437966291524722,True,0.4407778930724838,0.523134159332115,,,,,"{""G_DoF"": 11, ""G_DoF_bridge"": 1}",,,,,False,0.3133208255159475,"{""harmonic_anchor"": 60, ""motion_timing_track_preserved"": 24}","{""harmonic_anchor"": 60, ""motion_timing_track_preserved"": 24}",{},{},0.02575424832413839,1.5452548994483033,0.1960779036279334,0.4943283553084637,0.6666666666666666,0.8128548112854804,0.9311993420935916,0.6260913071577132,0.1437966291524722,0.5577227377760611,bounded_or_no_clear_room
mahnob_534,2.8,2.82,2.62,3.17,3.23,3.48,2.48,0.2136054900167966,0.205824217224549,0.2135083397326431,0.2009010602217643,0.1839701652646098,0.1912148121473819,0.2163083306796341,state_freq_t,2.48,3.17,0.69,mahnob_534.pkl,parh_ossm,True,False,,False,candidate_rate_posterior_final,bounded_correction_to_existing_readout,target_computable_downshift_specificity,1.0,0.1671310990767892,0.1869485169634192,1.0,0.0753644675067951,0.0,0.3217197924388436,0.171485050654806,0.1064523168738532,0.7247111111686912,0.1064523168738532,0.2060897431213084,0.0,0.0,0.0,0.0,0.1519826765724893,0.946247302207482,0.1166279391012443,0.6666666666666666,0.6666666666666666,0.6804266038167104,0.0488076565996919,0.9670943683107678,0.1857976963682843,0.0488076565996919,0.760165435264301,0.1853103697192686,True,0.4122573864367549,0.6086649079960467,,,,,"{""G_DoF"": 12}",,,,,False,0.0202619224116629,"{""harmonic_anchor"": 60, ""motion_timing_track_preserved"": 24}","{""harmonic_anchor"": 60, ""motion_timing_track_preserved"": 24}",{},{},0.025093518532252196,1.5056111119351319,0.1671310990767892,0.16487606563543772,0.6666666666666666,0.760165435264301,0.9511923434003081,0.6336580701915382,0.1853103697192686,0.47629642474320316,bounded_or_no_clear_room
mahnob_536,3.57,3.52,4.13,3.24,3.06,3.2,4.12,0.2778442882619678,0.2754561746524173,0.2815073606168132,0.2666774763392844,0.2622984210599933,0.2603140283296778,0.2723314642067602,native_smoothed_track_hz,3.2,3.24,0.040000000000000036,mahnob_536.pkl,parh_ossm,True,False,,False,candidate_rate_posterior_final,bounded_correction_to_existing_readout,target_computable_downshift_specificity,1.0,0.2069653866090812,0.2016980800679791,1.0,0.0318740907287395,0.0,0.0,0.0,1.420473970168387e-10,0.8016491878267419,1.420473970168387e-10,0.0653471207242568,0.0,0.0,0.0,0.0,0.2038853040431512,0.9304847213471544,0.2051132917144122,1.0,1.0,0.6671316324068091,4.480182787453224e-12,0.990682768488186,0.2803616224522622,4.480182787453224e-12,0.8514112344580183,0.0497350174342312,True,0.4761800387154902,0.5657864609060901,,,,,"{""G_DoF"": 9, ""G_DoF_bridge"": 2}",,,,,False,0.4840629546356302,"{""harmonic_anchor"": 55, ""motion_timing_track_preserved"": 22}","{""harmonic_anchor"": 55, ""motion_timing_track_preserved"": 22}",{},{},0.01753025993228996,1.0518155959373976,0.2069653866090812,0.43435389167610944,1.0,0.8514112344580183,0.9999999999955198,0.7270703789545294,0.0497350174342312,0.6340573463075527,bounded_or_no_clear_room
mahnob_538,2.77,2.07,2.95,2.49,2.33,2.12,2.4,0.1945717475164013,0.2082544825998462,0.1977190204868164,0.187323313443446,0.1736661440337134,0.1882404254754815,0.1962730600750268,external_rate_posterior_mean_t,2.07,2.49,0.4200000000000004,mahnob_538.pkl,parh_ossm,True,False,,False,candidate_rate_posterior_final,bounded_correction_to_existing_readout,target_computable_downshift_specificity,1.0,0.2348371836274126,0.1964843576482031,1.0,0.0,0.0,0.4169374880519977,0.0,0.1321634195412901,0.7534325348975215,0.1321634195412901,0.192036240207638,0.0,0.0,0.0,0.0,0.1473412857765147,0.9491720452610636,0.1614420891898483,0.6666666666666666,0.6666666666666666,0.6320285198258316,0.0515805889848209,0.8944232251943588,0.136824584665173,0.0515805889848209,0.7789160508987157,0.1946945086720367,True,0.4646537629566369,0.5555789227462623,,,,,"{""G_DoF"": 3, ""G_DoF_bridge"": 2, ""G_OF"": 1, ""G_OF_bridge"": 1}",,,,,False,0.3003249856623972,"{""harmonic_anchor"": 35, ""motion_timing_track_preserved"": 14}","{""harmonic_anchor"": 35, ""motion_timing_track_preserved"": 14}",{},{},0.020931169156400198,1.2558701493840119,0.2348371836274126,0.28426195716632213,0.6666666666666666,0.7789160508987157,0.9484194110151791,0.6834739665847276,0.1946945086720367,0.523539952418471,bounded_or_no_clear_room
mahnob_540,3.81,3.45,6.05,3.29,3.68,4.07,4.81,0.2483888607322007,0.2538204655100012,0.298318293111762,0.2458552904220884,0.262375668092041,0.259828734730411,0.2736008611151887,final_track_hz,3.29,3.29,0.0,mahnob_540.pkl,parh_ossm,True,False,,False,candidate_rate_posterior_final,bounded_correction_to_existing_readout,target_computable_downshift_specificity,1.0,0.1410098775784012,0.1869987160113145,1.0,0.0938028602183607,0.0,0.0,0.0,1.3008399184338411e-09,0.8025030313393395,1.3008399184338411e-09,0.0915302585163082,0.2814085806550823,0.0,0.2814085806550823,0.0,0.1742315064300167,0.9013141081389888,0.2546602055836472,0.6666666666666666,0.6666666666666666,0.5016076662971302,3.669380890143505e-13,0.9792298458709648,0.002502616718653,3.669380890143505e-13,0.8120457075923453,0.1027918126292175,True,0.4456002365136608,0.735852985043255,,,,,"{""G_DoF"": 7, ""G_OF"": 2}",,,,,False,0.1876057204367215,"{""harmonic_anchor"": 45, ""motion_timing_track_preserved"": 18}","{""harmonic_anchor"": 45, ""motion_timing_track_preserved"": 18}",{},{},0.027745570693100324,1.6647342415860193,0.1410098775784012,0.5938477585020442,0.6666666666666666,0.8120457075923453,0.9999999999996331,0.6038285845786545,0.1027918126292175,0.5759325544287497,bounded_or_no_clear_room
mahnob_542,1.26,0.96,2.35,1.54,1.85,2.03,1.7,0.2610816692602553,0.2505235637789661,0.2847568893722227,0.2679192376735286,0.267267189895271,0.2695055104427859,0.2589029296435687,external_rate_posterior_mean_t,0.96,1.54,0.5800000000000001,mahnob_542.pkl,parh_ossm,True,False,,False,candidate_rate_posterior_final,bounded_correction_to_existing_readout,target_computable_downshift_specificity,1.0,0.2082087684404865,0.2094667736642878,1.0,0.0,0.0,0.0,0.0,1.4443682623270765e-07,0.8443754156519105,1.4443682623270765e-07,0.0523051794188534,0.0,0.0,0.0,0.0,0.1940277481066604,0.9105199274279212,0.2229290434090577,1.0,1.0,0.7235130691982072,2.980246435144016e-10,0.98262843676887,0.3162396914520127,2.980246435144016e-10,0.8610469292055366,0.0416872685201685,True,0.3540155602047764,0.4303900756610424,,,,,"{""G_DoF"": 13}",,,,,False,0.4740230905861456,"{""harmonic_anchor"": 65, ""motion_timing_track_preserved"": 26}","{""harmonic_anchor"": 65, ""motion_timing_track_preserved"": 26}",{},{},0.018981946663819804,1.1389167998291883,0.2082087684404865,0.5013404915683195,1.0,0.8610469292055366,0.9999999997019754,0.7081309087763774,0.0416872685201685,0.6481216937855332,bounded_or_no_clear_room
mahnob_544,4.06,3.96,4.52,4.62,5.47,4.81,4.1,0.1877333070028864,0.1906633700885417,0.1810107131112206,0.1749426186086948,0.1479384869860411,0.1698829932348182,0.1798557691402214,external_rate_posterior_mean_t,3.96,4.62,0.6600000000000001,mahnob_544.pkl,parh_ossm,True,False,,False,candidate_rate_posterior_final,bounded_correction_to_existing_readout,target_computable_downshift_specificity,1.0,0.2475868195370255,0.2027396472498182,1.0,0.1147479307750188,0.0,0.4262603461249059,0.0,0.1294862686727239,0.6946048275976563,0.1294862686727239,0.1703775674245851,0.0,0.0,0.0,0.0,0.1699314152568011,0.9645250032274828,0.1624336129120394,1.0,1.0,0.6311543110353751,0.0450192768425626,0.9434090304309718,0.0609039155206871,0.0450192768425626,0.7265667896550102,0.1517897873599268,True,0.4609762106142964,0.4975515887347065,,,,,"{""G_DoF"": 7}",,,,,False,0.0,"{""harmonic_anchor"": 35, ""motion_timing_track_preserved"": 14}","{""harmonic_anchor"": 35, ""motion_timing_track_preserved"": 14}",{},{},0.020780376853723498,1.24682261122341,0.2475868195370255,0.27615371533198574,1.0,0.7265667896550102,0.9549807231574374,0.685350403397597,0.1517897873599268,0.5727156364762875,bounded_or_no_clear_room
mahnob_546,2.42,3.34,3.61,3.18,4.21,3.95,3.31,0.2215116154860699,0.2032421463281196,0.1972593877441351,0.1947314275763805,0.1821560587008967,0.1815888888353434,0.2024186461365921,external_output_rate_t,2.42,3.18,0.7600000000000002,mahnob_546.pkl,parh_ossm,True,False,,False,candidate_rate_posterior_final,bounded_correction_to_existing_readout,target_computable_downshift_specificity,1.0,0.1730850380249199,0.186417397519866,1.0,0.0,0.0,0.0579022306597057,0.1314665401044138,0.0578787763497376,0.7927867959652694,0.0578787763497376,0.138271875033399,0.0,0.0,0.0,0.0,0.1615733086301977,0.9206485225851032,0.1661949329944135,0.6666666666666666,0.6666666666666666,0.6453948762732461,0.0147285990967217,0.9755794025015332,0.2231451933109096,0.0147285990967217,0.798979582610156,0.1153212294872519,True,0.4036878149095393,0.5225227162304283,,,,,"{""G_DoF"": 16}",,,,,False,0.1158044613194114,"{""harmonic_anchor"": 80, ""motion_timing_track_preserved"": 32}","{""harmonic_anchor"": 80, ""motion_timing_track_preserved"": 32}",{},{},0.03992272665072649,2.3953635990435895,0.1730850380249199,0.3287022048755735,0.6666666666666666,0.798979582610156,0.9852714009032782,0.4839044750780159,0.1153212294872519,0.5135076725674362,source_selection_room_agreement_available
mahnob_548,2.05,2.73,2.05,3.0,3.4,3.76,1.99,0.185267118461635,0.1725222209403605,0.1849648290019886,0.1607665334631285,0.1529178790863085,0.1534782295908459,0.1744875045396323,state_freq_t,1.99,3.0,1.01,mahnob_548.pkl,parh_ossm,True,False,,False,candidate_rate_posterior_final,bounded_correction_to_existing_readout,target_computable_downshift_specificity,1.0,0.1975393338126888,0.2160471562923971,1.0,0.0868451025056947,0.0,0.0,0.0,0.0002854928147207,0.8334712559749954,0.0002854928147207,0.0765652920819416,0.0,0.0,0.0,0.0,0.2110253880199357,0.9003626548277841,0.271635895792237,0.8333333333333333,0.8333333333333333,0.7747715879299611,9.217200313394774e-05,0.9876634748413916,0.1695054093339737,9.217200313394774e-05,0.8412550822456493,0.0724803671149989,True,0.4954790195048488,0.6623921944655284,,,,,"{""G_DoF"": 10}",,,,,False,0.7816059225512528,"{""harmonic_anchor"": 50, ""motion_timing_track_preserved"": 20}","{""harmonic_anchor"": 50, ""motion_timing_track_preserved"": 20}",{},{},0.031788888870789095,1.9073333322473456,0.1975393338126888,0.6488411362048548,0.8333333333333333,0.8412550822456493,0.9999078279968661,0.5610306178641872,0.0724803671149989,0.6291825223054394,source_selection_room_posterior_available
mahnob_550,1.72,1.85,1.8,2.0,1.84,2.18,1.54,0.2300266053399737,0.222930712236895,0.2263836938323075,0.2192943230651791,0.2109408648981602,0.2129294481640396,0.2282326457401062,state_freq_t,1.54,2.0,0.45999999999999996,mahnob_550.pkl,parh_ossm,True,False,,False,candidate_rate_posterior_final,bounded_correction_to_existing_readout,target_computable_downshift_specificity,1.0,0.2354535874492724,0.2458490402312005,1.0,0.0,0.0,0.0,0.0,1.2885648317059549e-08,0.8343067217853589,1.2885648317059549e-08,0.0735341704928008,0.0,0.0,0.0,0.0,0.2814846011940315,0.7999202812666948,0.4490936312416186,0.6666666666666666,0.6666666666666666,0.7973590137011826,4.5277455403694656e-11,0.9861920680321626,0.1960492622941473,4.5277455403694656e-11,0.8393707416431093,0.0832004747808157,True,0.4020306007346419,0.5680956129044392,,,,,"{""G_DoF"": 10, ""G_DoF_bridge"": 2}",,,,,False,1.0,"{""harmonic_anchor"": 60, ""motion_timing_track_preserved"": 24}","{""harmonic_anchor"": 60, ""motion_timing_track_preserved"": 24}",{},{},0.017097157175934102,1.0258294305560463,0.2354535874492724,0.7863766389721115,0.6666666666666666,0.8393707416431093,0.9999999999547226,0.7328183659740253,0.0832004747808157,0.6570061250157361,bounded_or_no_clear_room
mahnob_552,2.84,2.77,3.06,3.64,3.99,4.22,3.78,0.2041205414499909,0.1958099391395738,0.2101020175286778,0.1885861276514789,0.1686164270541243,0.1829729428052941,0.175213886913281,external_rate_posterior_mean_t,2.77,3.64,0.8700000000000001,mahnob_552.pkl,parh_ossm,True,False,,False,candidate_rate_posterior_final,bounded_correction_to_existing_readout,target_computable_downshift_specificity,1.0,0.176202793101741,0.1953912584531609,1.0,0.0,0.0,0.0,0.0,0.0254618730096138,0.8258380340187925,0.0254618730096138,0.0813507641382875,0.1391476150155235,0.0,0.1391476150155235,0.0,0.1815314063333389,0.9022560043642502,0.1446939660690936,1.0,1.0,0.7511516445033202,0.0145861881804825,0.9860722020557008,0.2679592428889596,0.0145861881804825,0.8382717684769532,0.0713351824325771,True,0.4366745945470586,0.6540469057354824,,,,,"{""G_DoF"": 2, ""G_OF"": 8}",,,,,False,0.1721704769968952,"{""harmonic_anchor"": 50, ""motion_timing_track_preserved"": 20}","{""harmonic_anchor"": 50, ""motion_timing_track_preserved"": 20}",{},{},0.028906654536709903,1.734399272202594,0.176202793101741,0.29195868359242494,1.0,0.8382717684769532,0.9854138118195175,0.5912150003041389,0.0713351824325771,0.5779832538255472,source_selection_room_agreement_available
mahnob_554,2.06,1.9,2.26,2.21,2.38,2.66,3.52,0.230519570221583,0.2254495508107464,0.2372816918207993,0.2022480516824479,0.1808745671207517,0.1846517173907519,0.1829410977870811,external_rate_posterior_mean_t,1.9,2.21,0.31000000000000005,mahnob_554.pkl,parh_ossm,True,False,,False,candidate_rate_posterior_final,bounded_correction_to_existing_readout,target_computable_downshift_specificity,1.0,0.0808969041679602,0.089005336381034,1.0,0.0,0.0,0.0,1.0,0.0,0.5656112919702067,0.0,0.2803166124089379,0.1041488816800409,0.0,0.1041488816800409,0.0,0.1922260031353795,0.7939234195316467,0.3255216796945726,0.0,0.0,0.8884186302295164,0.0,0.35,0.5806609007267103,0.0,0.5667123531235407,0.2799862940629378,True,0.483153879672125,0.9852474316719252,,,,,"{""G_DoF"": 2}",,,,,False,0.0,"{""motion_timing_track_preserved"": 16}","{""motion_timing_track_preserved"": 16}",{},{},0.04757847243450192,2.8547083460701153,0.0808969041679602,0.7745217810954292,0.0,0.5667123531235407,1.0,0.4210249703039529,0.2799862940629378,0.4242393028537086,bounded_or_no_clear_room
mahnob_556,1.43,0.95,1.56,1.31,1.54,1.44,1.5,0.2577530261965533,0.2506714118700159,0.2614279223220959,0.2515058980554868,0.2508119598710477,0.2533620687678464,0.2528489398606781,external_rate_posterior_mean_t,0.95,1.31,0.3600000000000001,mahnob_556.pkl,parh_ossm,True,False,,False,candidate_rate_posterior_final,bounded_correction_to_existing_readout,target_computable_downshift_specificity,1.0,0.2089553512814412,0.2317824887853102,1.0,0.0,0.0,0.0,0.0,0.0,0.7386819177144185,0.0,0.0890316909248395,0.0839526562069914,0.0,0.0839526562069914,0.0,0.2487514549021737,0.8701442016718672,0.323641260587131,1.0,1.0,0.7295926961954671,0.0,0.9438109508523806,0.1235826924380032,0.0,0.7825701700765076,0.0687447239924087,True,0.4179499883224617,0.6532349559064622,,,,,"{""G_DoF"": 7, ""G_DoF_bridge"": 3}",,,,,False,0.6643270024772915,"{""harmonic_anchor"": 19, ""motion_timing_track_preserved"": 20}","{""harmonic_anchor"": 19, ""motion_timing_track_preserved"": 20}",{},{},0.007081614326537422,0.4248968595922453,0.2089553512814412,0.7096060893085675,1.0,0.7825701700765076,1.0,0.8791879126426706,0.0687447239924087,0.692589900058576,bounded_or_no_clear_room
mahnob_558,2.35,1.56,2.63,2.16,3.13,2.36,2.56,0.2428116874752112,0.2397474339917354,0.281906262552345,0.2315618076446645,0.2045801456032296,0.2303752218938107,0.2225838384823163,external_rate_posterior_mean_t,1.56,2.16,0.6000000000000001,mahnob_558.pkl,parh_ossm,True,False,,False,candidate_rate_posterior_final,bounded_correction_to_existing_readout,target_computable_downshift_specificity,1.0,0.1734248653552612,0.1899202941288998,1.0,0.0712283979448855,0.0,0.0712283979448855,0.0,0.0741950432008228,0.7704728256941453,0.0741950432008228,0.1361725777600842,0.0,0.0,0.0,0.0,0.1553046573128589,0.969310399609966,0.1466353655537943,0.6666666666666666,0.6666666666666666,0.5256618113219933,0.0037938300054358,0.9883066956519404,0.0140123000355714,0.0037938300054358,0.7726697247063887,0.1202856890910731,True,0.4403699697159367,0.5267626894949791,,,,,"{""G_DoF"": 7, ""G_DoF_bridge"": 4, ""G_OF"": 2}",,,,,False,0.0,"{""harmonic_anchor"": 65, ""motion_timing_track_preserved"": 26}","{""harmonic_anchor"": 65, ""motion_timing_track_preserved"": 26}",{},{},0.020227848992894898,1.213670939573694,0.1734248653552612,0.22499778712554008,0.6666666666666666,0.7726697247063887,0.9962061699945642,0.6922701062314878,0.1202856890910731,0.5108855996831078,bounded_or_no_clear_room
mahnob_560,2.25,2.81,1.62,2.16,2.14,2.07,2.22,0.2441226022099773,0.2322143898524346,0.2532349086063842,0.2403410831811612,0.2369861380357464,0.241116513166688,0.243138971914057,native_smoothed_track_hz,2.07,2.16,0.0900000000000003,mahnob_560.pkl,parh_ossm,True,False,,False,candidate_rate_posterior_final,bounded_correction_to_existing_readout,target_computable_downshift_specificity,1.0,0.2525582880551328,0.2528252871232289,1.0,0.0,0.0,0.0,0.0,0.0,0.7984335716414246,0.0,0.0604699285075726,0.0,0.0,0.0,0.0,0.3197939001884681,0.7984064889697104,0.3766030660142261,1.0,1.0,0.8599742854299854,0.0,0.9733173383338226,0.3711619581877516,0.0,0.8146301622581161,0.0556109513225651,True,0.3964978330215151,0.5058370467840592,,,,,"{""G_DoF"": 5, ""G_DoF_bridge"": 6}",,,,,False,0.8347555194365434,"{""harmonic_anchor"": 22, ""motion_timing_track_preserved"": 22}","{""harmonic_anchor"": 22, ""motion_timing_track_preserved"": 22}",{},{},0.011908212357542719,0.7144927414525631,0.2525582880551328,0.7955522910679832,1.0,0.8146301622581161,1.0,0.805322104359208,0.0556109513225651,0.7194156698697616,bounded_or_no_clear_room
mahnob_6,4.0,3.39,4.39,4.17,4.16,4.51,3.97,0.2739452554469933,0.2694053839318041,0.276289001559779,0.2832276897734973,0.2820426364192876,0.2828927087140841,0.2751744526685399,external_rate_posterior_mean_t,3.39,4.17,0.7799999999999998,mahnob_6.pkl,parh_ossm,True,False,,False,candidate_rate_posterior_final,bounded_correction_to_existing_readout,target_computable_downshift_specificity,1.0,0.2016142745975405,0.202470829024878,1.0,0.0,0.0,0.0,0.0,3.7625417819881755e-10,0.8401284163716551,3.7625417819881755e-10,0.0685992209838136,0.0,0.0,0.0,0.0,0.1991706729414374,0.8776115703398819,0.1758586503510253,0.8333333333333333,0.8333333333333333,0.8245407442739889,4.1090643318695705e-12,0.9856124599534484,0.3248962682466786,4.1090643318695705e-12,0.8314869534510692,0.0710724652971624,True,0.37279791603971,0.6077742830359767,,,,,"{""G_DoF"": 2, ""G_DoF_bridge"": 6}",,,,,False,0.4303350970017636,"{""harmonic_anchor"": 40, ""motion_timing_track_preserved"": 16}","{""harmonic_anchor"": 40, ""motion_timing_track_preserved"": 16}",{},{},0.01382230584169325,0.829338350501595,0.2016142745975405,0.40583385271372513,0.8333333333333333,0.8314869534510692,0.999999999995891,0.7777776040329408,0.0710724652971624,0.6019638960827519,source_selection_room_posterior_available
mahnob_652,1.8,1.61,2.94,1.55,2.03,1.93,1.45,0.2629544645914471,0.2475344305974864,0.2774916028084204,0.2396052962135423,0.230851519998605,0.2396314950965342,0.2487309214561154,state_freq_t,1.45,1.55,0.10000000000000009,mahnob_652.pkl,parh_ossm,True,False,,False,candidate_rate_posterior_final,bounded_correction_to_existing_readout,target_computable_downshift_specificity,1.0,0.1933405163074893,0.1794009974508447,1.0,0.0,0.0,0.3879419994912236,0.0775883998982447,0.0876626557299048,0.7088808984105388,0.0876626557299048,0.1922156532090248,0.0,0.0,0.0,0.0,0.1651516314058152,0.9019674129156376,0.2251186445198235,0.6666666666666666,0.6666666666666666,0.8170025284960529,0.0721659508746624,0.9715509663918744,0.0368552059776345,0.0721659508746624,0.751582991326986,0.1597101669869243,True,0.5148711409670499,0.5830840296741228,,,,,"{""G_DoF_bridge"": 2, ""G_OF"": 9}",,,,,False,0.2327651996947341,"{""harmonic_anchor"": 54, ""motion_timing_track_preserved"": 22}","{""harmonic_anchor"": 54, ""motion_timing_track_preserved"": 22}",{},{},0.023349168377904822,1.4009501026742894,0.1933405163074893,0.51013918579504,0.6666666666666666,0.751582991326986,0.9278340491253376,0.6540769105933139,0.1597101669869243,0.5517121966643679,bounded_or_no_clear_room
mahnob_654,2.59,2.02,2.2,1.74,2.87,2.35,1.84,0.2390065303878997,0.2296382429269829,0.2857329958730096,0.2252058755559377,0.2023590621040056,0.212368322585971,0.2180487103667738,final_track_hz,1.74,1.74,0.0,mahnob_654.pkl,parh_ossm,True,False,,False,candidate_rate_posterior_final,bounded_correction_to_existing_readout,target_computable_downshift_specificity,1.0,0.146545010807294,0.1694812224105502,1.0,0.1127272727272727,0.0,0.1267532467532467,0.0,0.0907385244095603,0.7290918850216813,0.0907385244095603,0.168828961516626,0.3662337662337662,0.1267532467532467,0.2394805194805195,0.0,0.1524297953876974,0.9633047530650726,0.1448222048241174,0.6666666666666666,0.6666666666666666,0.5523184934281724,0.0527177225623797,0.966550562159085,0.0095527712582731,0.0527177225623797,0.7649720532634258,0.1488935576177336,True,0.421297788877498,0.6551184257474818,,,,,"{""G_OF"": 13, ""G_OF_bridge"": 1}",,,,,False,0.1901298701298701,"{""harmonic_anchor"": 69, ""motion_timing_track_preserved"": 28}","{""harmonic_anchor"": 69, ""motion_timing_track_preserved"": 28}",{},{},0.026638207801928715,1.598292468115723,0.146545010807294,0.22544226927878974,0.6666666666666666,0.7649720532634258,0.9472822774376203,0.6161092046135115,0.1488935576177336,0.4852844208623161,bounded_or_no_clear_room
mahnob_656,3.08,2.64,3.67,3.05,3.2,3.16,3.0,0.2838284019122904,0.272641683819747,0.291659446464441,0.2785857995108962,0.2710840825660421,0.2796719793437679,0.2787500425421848,external_rate_posterior_mean_t,2.64,3.05,0.4099999999999997,mahnob_656.pkl,parh_ossm,True,False,,False,candidate_rate_posterior_final,bounded_correction_to_existing_readout,target_computable_downshift_specificity,1.0,0.220650177620385,0.2235634059998978,1.0,0.0213380394673511,0.0,0.0214182576608374,0.0213380394673511,0.0124101819852799,0.813205721762894,0.0124101819852799,0.0836131456765773,0.0,0.0,0.0,0.0,0.2468177913217008,0.8399224683096406,0.2145521473662121,1.0,1.0,0.7136724251380243,1.305326522952586e-07,0.9809371351261544,0.1560615993581346,1.305326522952586e-07,0.8247534735807976,0.0732015147935315,True,0.4587821977436148,0.4724727425593057,,,,,"{""G_DoF"": 1, ""G_DoF_bridge"": 10, ""G_OF"": 8}",,,,,False,0.6850633723728542,"{""harmonic_anchor"": 94, ""motion_timing_track_preserved"": 38}","{""harmonic_anchor"": 94, ""motion_timing_track_preserved"": 38}",{},{},0.011186718092543402,0.6712030855526041,0.220650177620385,0.5594594952117827,1.0,0.8247534735807976,0.9999998694673478,0.8159559776677722,0.0732015147935315,0.6650428911920988,bounded_or_no_clear_room
mahnob_658,3.8,3.48,4.27,3.67,3.36,3.74,3.87,0.2822357926977119,0.2690046495793461,0.296700795280287,0.2736659166775919,0.270997177788653,0.2734866772245116,0.2691253889919629,external_rate_posterior_mean_t,3.48,3.67,0.18999999999999995,mahnob_658.pkl,parh_ossm,True,False,,False,candidate_rate_posterior_final,bounded_correction_to_existing_readout,target_computable_downshift_specificity,1.0,0.2029211601112591,0.1983698966158197,1.0,0.0,0.0,0.0,0.0,0.0022161277419593,0.80746542284018,0.0022161277419593,0.0835418975235846,0.0,0.0,0.0,0.0,0.1984261449215278,0.878317289897147,0.1187451010674683,0.8333333333333333,0.8333333333333333,0.6404560849367811,3.9726197493662353e-07,0.9818845999386294,0.01784326214083,3.9726197493662353e-07,0.8191148709843051,0.1042009933281551,True,0.4624560313388023,0.5179484598938704,,,,,"{""G_DoF_bridge"": 7, ""G_OF"": 7}",,,,,False,0.3935483870967742,"{""harmonic_anchor"": 68, ""motion_timing_track_preserved"": 28}","{""harmonic_anchor"": 68, ""motion_timing_track_preserved"": 28}",{},{},0.013231143118365762,0.7938685871019457,0.2029211601112591,0.24791696702269642,0.8333333333333333,0.8191148709843051,0.999999602738025,0.7861825681569583,0.1042009933281551,0.5663790119735839,bounded_or_no_clear_room
mahnob_660,0.79,1.3,1.61,1.09,1.82,1.41,0.89,0.2650433061301473,0.2529930323687975,0.2866667546552025,0.2466744259514366,0.2464459793425533,0.2453953678598983,0.2719610995930784,external_output_rate_t,0.79,1.09,0.30000000000000004,mahnob_660.pkl,parh_ossm,True,False,,False,candidate_rate_posterior_final,bounded_correction_to_existing_readout,target_computable_downshift_specificity,1.0,0.1816717729998617,0.2013556417323889,1.0,0.0864171122994652,0.0,0.0,0.0,1.8503631307261704e-06,0.847439230800368,1.8503631307261704e-06,0.0768619074981088,0.0652406417112299,0.0,0.0652406417112299,0.0,0.2082747120460271,0.9185670652396524,0.2766327755829962,0.6666666666666666,0.6666666666666666,0.6573768877395425,2.3187907107544747e-10,0.9874596979080932,0.1180241519607486,2.3187907107544747e-10,0.8371824445168443,0.0961041246812523,True,0.4205173801643797,0.4881415245008215,,,,,"{""G_DoF"": 3, ""G_DoF_bridge"": 7, ""G_OF"": 4}",,,,,False,0.4566844919786096,"{""harmonic_anchor"": 70, ""motion_timing_track_preserved"": 28}","{""harmonic_anchor"": 70, ""motion_timing_track_preserved"": 28}",{},{},0.02656573173318011,1.5939439039908065,0.1816717729998617,0.6438280100227926,0.6666666666666666,0.8371824445168443,0.9999999997681209,0.6169216156459362,0.0961041246812523,0.601842660993737,bounded_or_no_clear_room
mahnob_662,2.23,1.92,1.09,1.77,1.91,1.51,1.29,0.2285063761220642,0.2396956149699428,0.2378171576526336,0.2294803934939474,0.24540996634478,0.2523711783007276,0.2434701678612212,state_freq_t,1.29,1.77,0.48,mahnob_662.pkl,parh_ossm,True,False,,False,candidate_rate_posterior_final,bounded_correction_to_existing_readout,target_computable_downshift_specificity,1.0,0.1902037506554116,0.2156052940161394,1.0,0.1383219954648526,0.0,0.0,0.0,0.0005242958522439,0.815958280081396,0.0005242958522439,0.0779232118455627,0.0,0.0,0.0,0.0,0.2025165380455379,0.9638469756087296,0.1962426314787108,1.0,1.0,0.5533731067511658,9.11529245452482e-07,0.9885495765859388,0.0604884398618187,9.11529245452482e-07,0.8262155266937407,0.0843278503418271,True,0.3683315299075272,0.3989534118370477,,,,,"{""G_DoF_bridge"": 5, ""G_OF"": 8}",,,,,False,0.4149659863945578,"{""harmonic_anchor"": 65, ""motion_timing_track_preserved"": 26}","{""harmonic_anchor"": 65, ""motion_timing_track_preserved"": 26}",{},{},0.02386480217866338,1.4318881307198028,0.1902037506554116,0.3763235685668327,1.0,0.8262155266937407,0.9999990884707546,0.647973489872369,0.0843278503418271,0.6031124076049479,bounded_or_no_clear_room
mahnob_664,3.46,3.13,4.47,3.55,3.63,3.56,3.54,0.2581653019560145,0.2423411324494279,0.2754780352663658,0.2617380890031102,0.2618250458602056,0.2618130170636266,0.2554987918802139,external_rate_posterior_mean_t,3.13,3.55,0.41999999999999993,mahnob_664.pkl,parh_ossm,True,False,,False,candidate_rate_posterior_final,bounded_correction_to_existing_readout,target_computable_downshift_specificity,1.0,0.2105896235061511,0.2109547593048646,1.0,0.0,0.0,0.0,0.0,4.576260679367076e-07,0.8227168191718102,4.576260679367076e-07,0.0837265356674899,0.0,0.0,0.0,0.0,0.2170974259275201,0.8910887796583997,0.2374918442411699,0.6666666666666666,0.6666666666666666,0.659892933935711,1.5380138012522736e-10,0.9887661435471876,0.0706703778650969,1.5380138012522736e-10,0.8257738051469682,0.1001306972063274,True,0.4018312611837821,0.4297581644445566,,,,,"{""G_DoF_bridge"": 7, ""G_OF"": 8}",,,,,False,0.5544334477883256,"{""harmonic_anchor"": 75, ""motion_timing_track_preserved"": 30}","{""harmonic_anchor"": 75, ""motion_timing_track_preserved"": 30}",{},{},0.019471884614198687,1.1683130768519212,0.2105896235061511,0.5654332771903215,0.6666666666666666,0.8257738051469682,0.9999999998461986,0.7018509175214537,0.1001306972063274,0.5997721540950898,bounded_or_no_clear_room
mahnob_666,3.73,3.33,4.6,2.92,2.49,2.52,3.38,0.2542295467919439,0.2551825197049105,0.2715720223029547,0.2385307819667528,0.2329678099241726,0.2357450126114367,0.2552982072217665,native_smoothed_track_hz,2.52,2.92,0.3999999999999999,mahnob_666.pkl,parh_ossm,True,False,,False,candidate_rate_posterior_final,bounded_correction_to_existing_readout,target_computable_downshift_specificity,1.0,0.2233375648038102,0.2138460636183656,1.0,0.0,0.0,0.0,0.0,0.0122616012471542,0.7433564768129141,0.0122616012471542,0.1015782521574873,0.0,0.0,0.0,0.0,0.2376002440359503,0.8621219913902596,0.3449337073961221,1.0,1.0,0.7414768264779122,0.0005405172904617,0.95163538767138,0.00459259343023,0.0005405172904617,0.7769463762058103,0.1048830896135478,True,0.4010453263843256,0.5185223502833599,,,,,"{""G_DoF_bridge"": 5, ""G_OF"": 5}",,,,,False,0.7860824742268041,"{""harmonic_anchor"": 49, ""motion_timing_track_preserved"": 20}","{""harmonic_anchor"": 49, ""motion_timing_track_preserved"": 20}",{},{},0.019553194610329783,1.173191676619787,0.2233375648038102,0.7153980574169305,1.0,0.7769463762058103,0.9994594827095383,0.7008140932866355,0.1048830896135478,0.6749679818889497,bounded_or_no_clear_room
mahnob_668,3.71,2.78,4.25,3.15,2.9,2.86,3.46,0.2854698254188484,0.2635015585906166,0.2958266902841923,0.2819432638950997,0.2775098268998743,0.2813360301687524,0.2978798073452905,external_rate_posterior_mean_t,2.78,3.15,0.3700000000000001,mahnob_668.pkl,parh_ossm,True,False,,False,candidate_rate_posterior_final,bounded_correction_to_existing_readout,target_computable_downshift_specificity,1.0,0.1728883151713307,0.1947185487009602,1.0,0.0369688198921194,0.0,0.0,0.0,1.2659869681513542e-10,0.7578816960957675,1.2659869681513542e-10,0.0980140235854684,0.3210103933692935,0.0802525983423233,0.2407577950269701,0.0,0.2085866577170531,0.9110503155846436,0.2753008351151771,0.6666666666666666,0.6666666666666666,0.636381357633578,7.321579907739953e-13,0.8846933949465037,0.0139853620865498,7.321579907739953e-13,0.7528267353441535,0.1014911984523181,True,0.3637478264717692,0.541554591831062,,,,,"{""G_DoF_bridge"": 1, ""G_OF"": 10}",,,,,False,0.2778581765557164,"{""harmonic_anchor"": 54, ""motion_timing_track_preserved"": 22}","{""harmonic_anchor"": 54, ""motion_timing_track_preserved"": 22}",{},{},0.034378248754673935,2.062694925280436,0.1728883151713307,0.647744312525504,0.6666666666666666,0.7528267353441535,0.9999999999992678,0.5352298124878846,0.1014911984523181,0.5790688130030034,bounded_or_no_clear_room
mahnob_670,2.43,2.87,2.11,2.28,2.11,2.11,2.37,0.2729659880080765,0.2629644417355716,0.2842572217689771,0.2815686388352536,0.2749814785092278,0.2819504988742506,0.2706783945171083,native_smoothed_track_hz,2.11,2.28,0.16999999999999993,mahnob_670.pkl,parh_ossm,True,False,,False,candidate_rate_posterior_final,bounded_correction_to_existing_readout,target_computable_downshift_specificity,1.0,0.1867931547455212,0.199904747802819,1.0,0.0905716406829992,0.0,0.0,0.0,1.0760269054796401e-07,0.8444170095147971,1.0760269054796401e-07,0.0506186296628492,0.0,0.0,0.0,0.0,0.1923253632242383,0.9169971844951076,0.1511926318356112,1.0,1.0,0.6477820620737718,1.3608220866852778e-08,0.988167009173873,0.1662067000807634,1.3608220866852778e-08,0.8373603444216609,0.0487918966858712,True,0.495961350163931,0.5481022379716107,,,,,"{""G_OF"": 1, ""G_OF_bridge"": 9}",,,,,False,0.0,"{""harmonic_anchor"": 50, ""motion_timing_track_preserved"": 20}","{""harmonic_anchor"": 50, ""motion_timing_track_preserved"": 20}",{},{},0.018986057138679013,1.1391634283207408,0.1867931547455212,0.29724762569767094,1.0,0.8373603444216609,0.9999999863917791,0.7080779879485349,0.0487918966858712,0.5976804725741969,bounded_or_no_clear_room
mahnob_672,2.3,2.11,2.25,2.31,2.04,2.43,2.24,0.2136368037913844,0.1979533424900789,0.2098881724809951,0.1998064744717328,0.182606108075141,0.1984950401948412,0.2160517347308152,external_rate_posterior_mean_t,2.11,2.31,0.20000000000000018,mahnob_672.pkl,parh_ossm,True,False,,False,candidate_rate_posterior_final,bounded_correction_to_existing_readout,target_computable_downshift_specificity,1.0,0.1465991624599946,0.1709044108195807,1.0,0.0,0.0,0.0,0.2520661157024793,0.1432681990397298,0.671742998632701,0.1432681990397298,0.2441531210333147,0.0,0.0,0.0,0.0,0.1327020880958665,0.9552612763593992,0.0428325624843647,0.6666666666666666,0.6666666666666666,0.6676314988687847,0.1470675429210065,0.8059311406048095,0.1018334789359429,0.1470675429210065,0.6349251153504936,0.2801928940427948,True,0.4264178082047768,0.7962972609508432,,,,,"{""G_DoF"": 5, ""G_DoF_bridge"": 1}",,,,,False,0.1181818181818181,"{""harmonic_anchor"": 29, ""motion_timing_track_preserved"": 12}","{""harmonic_anchor"": 29, ""motion_timing_track_preserved"": 12}",{},{},0.01809839224073631,1.0859035344441788,0.1465991624599946,0.05127914125977412,0.6666666666666666,0.6349251153504936,0.8529324570789936,0.7195986326184315,0.2801928940427948,0.4140248285889402,bounded_or_no_clear_room
mahnob_674,,2.85,3.21,2.74,2.39,2.7,3.1,,0.1898962595851158,0.1393047437967235,0.1348625218066989,0.1312272843057689,0.1350659653584818,0.1309017656071645,native_smoothed_track_hz,2.7,2.74,0.040000000000000036,mahnob_674.pkl,parh_ossm,False,True,no_supported_readout_windows,True,abstained_no_supported_readout_windows,none,no_supported_readout_windows,0.0,,,,,,,,,,,,,,,,,,,,,,,,,,,,False,,,,,,,{},,,,,False,,{},{},{},{},0.05899449397795131,3.5396696386770787,0.0,0.0,0.0,0.0,1.0,0.34210856073646684,0.0,0.18421085607364668,bounded_or_no_clear_room
mahnob_676,2.6,2.05,3.41,2.97,3.34,3.37,2.65,0.2689775885821217,0.2680375215302095,0.2973877670396508,0.2537990772770558,0.262437649880482,0.26261475857539,0.262342375273234,external_rate_posterior_mean_t,2.05,2.97,0.9200000000000004,mahnob_676.pkl,parh_ossm,True,False,,False,candidate_rate_posterior_final,bounded_correction_to_existing_readout,target_computable_downshift_specificity,1.0,0.1650664663640134,0.1642628510731547,1.0,0.0,0.0,0.0774548989953548,0.0115588203521659,0.0915159590981964,0.7563196708522613,0.0915159590981964,0.1798050125323044,0.0,0.0,0.0,0.0,0.1264056113840532,0.975372962915868,0.1304438996687802,0.6666666666666666,0.6666666666666666,0.5376250147362513,0.0389195726126015,0.950382501172895,0.06646693774297,0.0389195726126015,0.7538675247111662,0.1820067538753051,True,0.442696689708293,0.6112996682505223,,,,,"{""G_DoF"": 10, ""G_DoF_bridge"": 3, ""G_OF_bridge"": 1}",,,,,False,0.0,"{""harmonic_anchor"": 70, ""motion_timing_track_preserved"": 28}","{""harmonic_anchor"": 70, ""motion_timing_track_preserved"": 28}",{},{},0.015178511305065867,0.910710678303952,0.1650664663640134,0.16862888345008822,0.6666666666666666,0.7538675247111662,0.9610804273873985,0.7588334699658635,0.1820067538753051,0.48991725770486155,source_selection_room_agreement_available
mahnob_678,3.83,3.98,3.96,3.67,4.14,3.3,3.49,0.1914615111898976,0.1812815712504364,0.1982450780521701,0.191101745209289,0.1765923114693092,0.1949787523958578,0.2004936850048777,native_smoothed_track_hz,3.3,3.67,0.3700000000000001,mahnob_678.pkl,parh_ossm,True,False,,False,candidate_rate_posterior_final,bounded_correction_to_existing_readout,target_computable_downshift_specificity,1.0,0.1807097569964928,0.2015919759195767,1.0,0.0,0.0,0.0828016831817564,0.1656033663635129,0.1064062514221035,0.7193161430054381,0.1064062514221035,0.1893760813832014,0.0,0.0,0.0,0.0,0.1723652604302914,0.9153348997324384,0.2999814913854747,0.6666666666666666,0.6666666666666666,0.567033058845314,1.3142278258568848e-05,0.9535955017569548,0.0179408949272863,1.3142278258568848e-05,0.7812872547657267,0.1156138266308288,True,0.349790987809711,0.6702932152736739,,,,,"{""G_DoF"": 11}",,,,,False,0.2484050495452694,"{""harmonic_anchor"": 55, ""motion_timing_track_preserved"": 22}","{""harmonic_anchor"": 55, ""motion_timing_track_preserved"": 22}",{},{},0.01921211375444129,1.1527268252664773,0.1807097569964928,0.6491381523536199,0.6666666666666666,0.7812872547657267,0.9999868577217415,0.7051736748723956,0.1156138266308288,0.601152171417124,bounded_or_no_clear_room
mahnob_680,2.46,3.09,3.29,2.36,2.73,2.65,2.51,0.1804883287961678,0.2285679547126613,0.258510253726364,0.2104184780010733,0.2404680589704428,0.24628228903815,0.2321789304345012,final_track_hz,2.36,2.36,0.0,mahnob_680.pkl,parh_ossm,True,False,,False,candidate_rate_posterior_final,bounded_correction_to_existing_readout,target_computable_downshift_specificity,1.0,0.1559611841874227,0.1843161660208902,1.0,0.2633591627251685,0.0,0.0613867364395692,0.0613867364395692,0.0193656174013422,0.8118824437052545,0.0193656174013422,0.1170348264919202,0.0,0.0,0.0,0.0,0.1747015850293722,0.9343779075499242,0.2318981382664602,0.6666666666666666,0.6666666666666666,0.6199724767982117,1.5617357096610506e-07,0.9824098452529711,0.1526320043870056,1.5617357096610506e-07,0.8252894494886056,0.102413165156094,True,0.3969896388322191,0.6061660181745033,,,,,"{""G_DoF"": 3, ""G_DoF_bridge"": 5, ""G_OF"": 7}",,,,,False,0.2455469457582771,"{""harmonic_anchor"": 75, ""motion_timing_track_preserved"": 30}","{""harmonic_anchor"": 75, ""motion_timing_track_preserved"": 30}",{},{},0.0657939602419822,3.947637614518932,0.1559611841874227,0.4982822896887158,0.6666666666666666,0.8252894494886056,0.999999843826429,0.3023246549655335,0.102413165156094,0.5324312969627979,bounded_or_no_clear_room
mahnob_682,2.92,2.35,3.6,3.03,3.77,2.97,3.14,0.1890403212008921,0.2061131175667259,0.1693863954579718,0.1922084938913374,0.1711252162409094,0.1939248488906996,0.1943859033079831,external_rate_posterior_mean_t,2.35,3.03,0.6799999999999997,mahnob_682.pkl,parh_ossm,True,False,,False,candidate_rate_posterior_final,bounded_correction_to_existing_readout,target_computable_downshift_specificity,1.0,0.2099445815200858,0.2112761507488005,1.0,0.0,0.0,0.563175943022949,0.0,0.2031152641848662,0.6805268023503629,0.2031152641848662,0.2575553545965675,0.0,0.0,0.0,0.0,0.1307898870313089,0.97393294135027,0.0906784747223134,0.6666666666666666,0.6666666666666666,0.4973561770835868,0.1554593144500883,0.8764548009869629,0.0434177031125348,0.1554593144500883,0.6667129797142146,0.2563589535721342,True,0.3777657176368597,0.5862225990424837,,,,,"{""G_DoF"": 7, ""G_DoF_bridge"": 4}",,,,,False,0.0,"{""harmonic_anchor"": 54, ""motion_timing_track_preserved"": 22}","{""harmonic_anchor"": 54, ""motion_timing_track_preserved"": 22}",{},{},0.01707279636583381,1.0243677819500285,0.2099445815200858,0.061590841542353635,0.6666666666666666,0.6667129797142146,0.8445406855499117,0.7331430205773735,0.2563589535721342,0.43917077017863504,low_target_observability
mahnob_684,3.53,3.65,3.57,4.71,5.97,6.07,5.13,0.1829441608650819,0.1941561166393306,0.1713970587176906,0.1705292540412246,0.1431257746958156,0.1608291167057915,0.1736496037814175,external_output_rate_t,3.53,4.71,1.1800000000000002,mahnob_684.pkl,parh_ossm,True,False,,False,candidate_rate_posterior_final,bounded_correction_to_existing_readout,target_computable_downshift_specificity,1.0,0.2049594815060832,0.1895241910734449,1.0,0.0,0.0,0.3563500408926276,0.0,0.1216266224505277,0.7696687845932461,0.1216266224505277,0.1859940069698164,0.0,0.0,0.0,0.0,0.1632871032699645,0.9115720769035648,0.1623644331514049,0.6666666666666666,0.6666666666666666,0.5888598852086797,0.1160331647433952,0.970103803673528,0.0590295431143536,0.1160331647433952,0.7753921764686393,0.1739363703653678,True,0.4288417738014564,0.6860026480968513,,,,,"{""G_DoF"": 6, ""G_OF"": 5, ""G_OF_bridge"": 2}",,,,,False,0.142540016357051,"{""harmonic_anchor"": 64, ""motion_timing_track_preserved"": 26, ""stable_track_blend"": 1}","{""harmonic_anchor"": 64, ""motion_timing_track_preserved"": 26, ""stable_track_blend"": 1}",{},{},0.0333269999335391,1.9996199960123462,0.2049594815060832,0.32758753491679155,0.6666666666666666,0.7753921764686393,0.8839668352566048,0.5455583827369069,0.1739363703653678,0.5028234303558197,source_selection_room_agreement_available
mahnob_686,,2.21,2.08,2.3,1.99,2.23,1.58,,0.1857120668333214,0.1623117156468196,0.1385385514389193,0.1421577080190285,0.1388097119901034,0.1550196826619302,state_freq_t,1.58,2.3,0.7199999999999998,mahnob_686.pkl,parh_ossm,False,True,no_supported_readout_windows,True,abstained_no_supported_readout_windows,none,no_supported_readout_windows,0.0,,,,,,,,,,,,,,,,,,,,,,,,,,,,False,,,,,,,{},,,,,False,,{},{},{},{},0.047173515394402094,2.8304109236641257,0.0,0.0,0.0,0.0,1.0,0.4241363565143554,0.0,0.19241363565143554,bounded_or_no_clear_room
mahnob_688,4.11,2.94,3.76,3.84,3.34,3.61,3.3,0.2122448405872383,0.2333949750784759,0.2665769112979343,0.1959833651393744,0.1832410233694979,0.2028606789918565,0.1971267633179077,external_rate_posterior_mean_t,2.94,3.84,0.8999999999999999,mahnob_688.pkl,parh_ossm,True,False,,False,candidate_rate_posterior_final,bounded_correction_to_existing_readout,target_computable_downshift_specificity,1.0,0.0963320606466234,0.0677781660331789,1.0,0.3401486988847583,0.0,0.0,0.4535315985130111,0.0750097645273243,0.6196128863166683,0.0750097645273243,0.2285776658438107,0.0,0.0,0.0,0.0,0.1079937038218977,0.9676528353120256,0.0806145227039293,0.3333333333333333,0.3333333333333333,0.6077725832941387,0.0379812879670212,0.5911441441748629,0.19267627871559,0.0379812879670212,0.6032841566149675,0.238475983979834,True,0.3943862402036911,0.6717507318006054,,,,,"{""G_DoF_bridge"": 4, ""G_OF"": 3}",,,,,False,0.0,"{""harmonic_anchor"": 34, ""motion_timing_track_preserved"": 14, ""stable_track_blend"": 1}","{""harmonic_anchor"": 34, ""motion_timing_track_preserved"": 14, ""stable_track_blend"": 1}",{},{},0.0374116099391015,2.24469659634609,0.0963320606466234,0.03563584288815947,0.3333333333333333,0.6032841566149675,0.9620187120329788,0.5065100619714145,0.238475983979834,0.3428090218356377,source_selection_room_agreement_available
mahnob_690,1.53,1.24,1.63,1.57,2.27,1.8,1.83,0.2437009693518242,0.2326360982319277,0.2599388317249209,0.2358692308459311,0.2130865396353913,0.2227287734755276,0.234523769415761,external_rate_posterior_mean_t,1.24,1.57,0.33000000000000007,mahnob_690.pkl,parh_ossm,True,False,,False,candidate_rate_posterior_final,bounded_correction_to_existing_readout,target_computable_downshift_specificity,1.0,0.2069347491132137,0.2446832684708844,1.0,0.0,0.0,0.0,0.0,0.0001862221656464,0.8283700457208566,0.0001862221656464,0.0612412048546478,0.1913031950152459,0.0,0.1913031950152459,0.0,0.2607827679475351,0.8266849109747814,0.242292401906142,1.0,1.0,0.7148244674199187,1.0291261059477282e-06,0.9913683480350792,0.1428838852811612,1.0291261059477282e-06,0.8367907836261778,0.0489641894413122,True,0.3876131474055458,0.4899216021227935,,,,,"{""G_DoF"": 9, ""G_DoF_bridge"": 2}",,,,,False,0.808696804984754,"{""harmonic_anchor"": 55, ""motion_timing_track_preserved"": 22}","{""harmonic_anchor"": 55, ""motion_timing_track_preserved"": 22}",{},{},0.02097219587629659,1.2583317525777953,0.2069347491132137,0.6517757478566162,1.0,0.8367907836261778,0.999998970873894,0.6829643258712654,0.0489641894413122,0.6710073136676328,bounded_or_no_clear_room
mahnob_782,3.0,3.43,2.49,2.5,2.63,2.09,2.61,0.2542702010588368,0.2441312237866542,0.2695073396323776,0.2504072467767316,0.2389866657089803,0.2500072870773271,0.2491623460229093,native_smoothed_track_hz,2.09,2.5,0.41000000000000014,mahnob_782.pkl,parh_ossm,True,False,,False,candidate_rate_posterior_final,bounded_correction_to_existing_readout,target_computable_downshift_specificity,1.0,0.1596942208960475,0.1733721237909375,1.0,0.1531316681310405,0.0,0.0,0.0765658340655202,0.000399760369533,0.8177365076154482,0.000399760369533,0.1165124311515437,0.0,0.0,0.0,0.0,0.1636442001488813,0.9619528726763432,0.1673564017436971,0.6666666666666666,0.6666666666666666,0.6107293519740902,4.120391107236751e-06,0.9654011102651812,0.111035282439778,4.120391107236751e-06,0.8391362959405886,0.1162115139730191,True,0.4203784409403375,0.6407244533953431,,,,,"{""G_DoF"": 7, ""G_OF"": 5}",,,,,False,0.2296975021965608,"{""harmonic_anchor"": 60, ""motion_timing_track_preserved"": 24}","{""harmonic_anchor"": 60, ""motion_timing_track_preserved"": 24}",{},{},0.010138977272182603,0.6083386363309562,0.1596942208960475,0.2910060721486001,0.6666666666666666,0.8391362959405886,0.9999958796088928,0.83164880112182,0.1162115139730191,0.5455383247010341,bounded_or_no_clear_room
mahnob_784,2.57,2.88,1.96,3.07,3.36,3.5,2.56,0.270307049050658,0.2784677619087313,0.3042094499319108,0.2631789594057838,0.2639940631089805,0.2622956058909444,0.2759988697689128,state_freq_t,2.56,3.07,0.5099999999999998,mahnob_784.pkl,parh_ossm,True,False,,False,candidate_rate_posterior_final,bounded_correction_to_existing_readout,target_computable_downshift_specificity,1.0,0.1766074031841717,0.1908253262922209,1.0,0.09482119008755,0.0,0.0,0.0,0.0002697882038766,0.7666209080656233,0.0002697882038766,0.0881537534392283,0.0,0.0,0.0,0.0,0.1628837009741992,0.9379028748859226,0.1211022240818014,1.0,1.0,0.6229654789427501,9.345338534393204e-05,0.870203123767141,0.0566482354319337,9.345338534393204e-05,0.7739336052452063,0.0844334140199633,True,0.3734793154332071,0.5232024144409811,,,,,"{""G_DoF"": 10}",,,,,False,0.0,"{""harmonic_anchor"": 50, ""motion_timing_track_preserved"": 20}","{""harmonic_anchor"": 50, ""motion_timing_track_preserved"": 20}",{},{},0.016172156017786876,0.9703293610672126,0.1766074031841717,0.18770498153387105,1.0,0.7739336052452063,0.999906546614656,0.7452472769364161,0.0844334140199633,0.5638502561734418,bounded_or_no_clear_room
mahnob_786,5.35,5.55,5.23,4.94,5.4,4.21,4.96,0.2222921120742113,0.2273514219432308,0.2278301656412102,0.2228096791042183,0.2113142894773568,0.2242547340560604,0.2264828695319591,native_smoothed_track_hz,4.21,4.94,0.7300000000000004,mahnob_786.pkl,parh_ossm,True,False,,False,candidate_rate_posterior_final,bounded_correction_to_existing_readout,target_computable_downshift_specificity,1.0,0.1667313027137694,0.1831340970545107,1.0,0.0976156184989598,0.0,0.1214594335093615,0.0,0.030021797133788,0.834509151340835,0.030021797133788,0.1199701498985038,0.0,0.0,0.0,0.0,0.1637676938002293,0.927344094936639,0.1210877274879409,0.6666666666666666,0.6666666666666666,0.7073988435358899,1.864078833422692e-05,0.98558412062956,0.2181042170095681,1.864078833422692e-05,0.8513722689592678,0.1100781060671438,True,0.4272421028545149,0.6153279937294204,,,,,"{""G_DoF"": 9}",,,,,False,0.0,"{""harmonic_anchor"": 45, ""motion_timing_track_preserved"": 18}","{""harmonic_anchor"": 45, ""motion_timing_track_preserved"": 18}",{},{},0.005059309869019507,0.3035585921411704,0.1667313027137694,0.19840069441524427,0.6666666666666666,0.8513722689592678,0.9999813592116658,0.9121165945627348,0.1100781060671438,0.5392698576366903,bounded_or_no_clear_room
mahnob_788,3.72,3.8,3.73,3.34,3.26,3.17,3.64,0.2691181021953754,0.2587945901082524,0.2779160338494827,0.263254734654279,0.2661655470315528,0.2644061913506734,0.275690083876419,native_smoothed_track_hz,3.17,3.34,0.16999999999999993,mahnob_788.pkl,parh_ossm,True,False,,False,candidate_rate_posterior_final,bounded_correction_to_existing_readout,target_computable_downshift_specificity,1.0,0.1377582090702507,0.1630060609090893,1.0,0.2157279489904357,0.0,0.0,0.0,8.690932285888542e-11,0.8113671464082701,8.690932285888542e-11,0.1099102191666264,0.0,0.0,0.0,0.0,0.1398746532412616,0.9420976335188624,0.0930438145368928,0.6666666666666666,0.6666666666666666,0.6818797606716392,4.2851734920807136e-11,0.991361341056794,0.082117680004193,4.2851734920807136e-11,0.8347502320690379,0.099574930407009,True,0.4025312164666409,0.4253213110229126,,,,,"{""G_DoF"": 7, ""G_DoF_bridge"": 4}",,,,,False,0.0,"{""harmonic_anchor"": 55, ""motion_timing_track_preserved"": 22}","{""harmonic_anchor"": 55, ""motion_timing_track_preserved"": 22}",{},{},0.016895493768166625,1.0137296260899975,0.1377582090702507,0.10174778710584505,0.6666666666666666,0.8347502320690379,0.9999999999571483,0.735510255262584,0.099574930407009,0.4935951769782171,bounded_or_no_clear_room
mahnob_790,3.28,3.67,3.02,3.66,4.23,3.86,3.27,0.2479361283212397,0.2402962112373025,0.2457170677260792,0.2331419783154551,0.2279651204680038,0.2316136397396853,0.2421741699657286,state_freq_t,3.27,3.66,0.3900000000000001,mahnob_790.pkl,parh_ossm,True,False,,False,candidate_rate_posterior_final,bounded_correction_to_existing_readout,target_computable_downshift_specificity,1.0,0.190183748177434,0.1919170517894471,1.0,0.0,0.0,0.0,0.0,4.6201537202406894e-05,0.8493417835144,4.6201537202406894e-05,0.0928905392649501,0.0,0.0,0.0,0.0,0.1856744572638407,0.8823245306824026,0.2121851810413505,0.6666666666666666,0.6666666666666666,0.7271167186358052,2.4255463010400207e-12,0.9866962999604866,0.2821634928878096,2.4255463010400207e-12,0.8501124735304418,0.0950571814426575,True,0.4647738816638309,0.4427915700706338,,,,,"{""G_DoF"": 3, ""G_DoF_bridge"": 8, ""G_OF"": 2}",,,,,False,0.3556851311953353,"{""harmonic_anchor"": 64, ""motion_timing_track_preserved"": 26}","{""harmonic_anchor"": 64, ""motion_timing_track_preserved"": 26}",{},{},0.016322488581554412,0.9793493148932647,0.190183748177434,0.4983196086340795,0.6666666666666666,0.8501124735304418,0.9999999999975745,0.7432130594897896,0.0950571814426575,0.58954231760509,bounded_or_no_clear_room
mahnob_792,2.42,2.31,2.56,2.34,2.35,2.52,2.28,0.2527778418665128,0.2534926010238238,0.2604761211865427,0.2585531051103853,0.254185643505149,0.2585078334863994,0.2771645475966696,state_freq_t,2.28,2.34,0.06000000000000005,mahnob_792.pkl,parh_ossm,True,False,,False,candidate_rate_posterior_final,bounded_correction_to_existing_readout,target_computable_downshift_specificity,1.0,0.22663717390989,0.2222480480491525,1.0,0.0,0.0,0.0,0.0,2.3184735580185355e-06,0.8785159507677455,2.3184735580185355e-06,0.0565238427754813,0.0,0.0,0.0,0.0,0.2613233205273667,0.8996816804153619,0.4301262742189297,1.0,1.0,0.8804436980791969,2.2739615663033564e-09,0.9886177682370114,0.3637011385585875,2.2739615663033564e-09,0.881733174328716,0.043187331388426,True,0.4532955111143264,0.4409286309608027,,,,,"{""G_DoF"": 7}",,,,,False,0.5743879472693032,"{""harmonic_anchor"": 35, ""motion_timing_track_preserved"": 14}","{""harmonic_anchor"": 35, ""motion_timing_track_preserved"": 14}",{},{},0.024386705730156777,1.4632023438094066,0.22663717390989,0.6825829836901115,1.0,0.881733174328716,0.9999999977260384,0.6418538497071691,0.043187331388426,0.6853025178555823,bounded_or_no_clear_room
mahnob_794,3.23,3.38,3.19,3.4,3.68,3.55,3.39,0.2885321821960949,0.2754167517050438,0.2966259751725879,0.2648032179149528,0.2447502166030949,0.255473275379069,0.259803106019333,external_output_rate_t,3.23,3.4,0.16999999999999993,mahnob_794.pkl,parh_ossm,True,False,,False,candidate_rate_posterior_final,bounded_correction_to_existing_readout,target_computable_downshift_specificity,1.0,0.1483312122710069,0.1930428055708296,1.0,0.3068496600352556,0.0,0.0,0.0,0.0059963960426178,0.7705695805750709,0.0059963960426178,0.0972550635131323,0.1551246537396121,0.0,0.1551246537396121,0.0,0.1800535948452095,0.951479762381437,0.1319582686277108,0.6666666666666666,0.6666666666666666,0.6312735772435647,1.7211770941598417e-05,0.8592072066912974,0.0751181188906298,1.7211770941598417e-05,0.7617312847684304,0.1066518154605686,True,0.4024933945578042,0.4942274339018045,,,,,"{""G_DoF"": 1, ""G_DoF_bridge"": 5, ""G_OF"": 6}",,,,,False,0.3840342483001763,"{""harmonic_anchor"": 60, ""motion_timing_track_preserved"": 24}","{""harmonic_anchor"": 60, ""motion_timing_track_preserved"": 24}",{},{},0.03305890681702589,1.9835344090215534,0.1483312122710069,0.20741619531380948,0.6666666666666666,0.7617312847684304,0.9999827882290584,0.5482241553625654,0.1066518154605686,0.4869803870703367,bounded_or_no_clear_room
mahnob_796,1.85,1.24,2.62,2.38,2.34,3.05,2.13,0.2484858043519168,0.2515874676675146,0.2777027927785938,0.2217017487156969,0.2163923116952117,0.2158799205594039,0.2289923367643815,external_rate_posterior_mean_t,1.24,2.38,1.14,mahnob_796.pkl,parh_ossm,True,False,,False,candidate_rate_posterior_final,bounded_correction_to_existing_readout,target_computable_downshift_specificity,1.0,0.1422279791620351,0.1747284791436195,1.0,0.2416708105420189,0.0,0.0,0.0,5.123749751524051e-10,0.7216420526096549,5.123749751524051e-10,0.1151835217978967,0.0,0.0,0.0,0.0,0.139407833396097,0.9543846517281186,0.1103956308659164,0.6666666666666666,0.6666666666666666,0.4336301695118878,1.0441228914320606e-10,0.7942069805400831,0.0078062893439425,1.0441228914320606e-10,0.7249976781788312,0.1050025679267644,True,0.3802608460141845,0.5630429421467754,,,,,"{""G_DoF"": 4, ""G_DoF_bridge"": 1}",,,,,False,0.0,"{""harmonic_anchor"": 23, ""motion_timing_track_preserved"": 10}","{""harmonic_anchor"": 23, ""motion_timing_track_preserved"": 10}",{},{},0.03570754710811072,2.142452826486643,0.1422279791620351,0.13708489983237088,0.6666666666666666,0.7249976781788312,0.9999999998955877,0.5224488841857305,0.1050025679267644,0.46346825809404235,source_selection_room_agreement_available
mahnob_798,4.52,4.95,3.41,5.04,5.09,5.57,4.8,0.228794953712961,0.2248306039837153,0.2538824871396336,0.2212771132581291,0.2229628795652695,0.2169118201007986,0.2224079545939944,external_output_rate_t,4.52,5.04,0.5200000000000005,mahnob_798.pkl,parh_ossm,True,False,,False,candidate_rate_posterior_final,bounded_correction_to_existing_readout,target_computable_downshift_specificity,1.0,0.1930578016025544,0.2266504030517376,1.0,0.1598953312215948,0.0,0.0,0.0,0.0019646055924761,0.8266187402249391,0.0019646055924761,0.0758279273769424,0.0,0.0,0.0,0.0,0.2113236076348305,0.9081461736313932,0.2354549235081922,0.8333333333333333,0.8333333333333333,0.7745666532643691,7.643251937879891e-09,0.9789139397996396,0.3341271441137762,7.643251937879891e-09,0.8551664281067954,0.0881795613973177,True,0.4145334181164344,0.5056726302618068,,,,,"{""G_DoF"": 9, ""G_DoF_bridge"": 1}",,,,,False,0.6720837350227241,"{""harmonic_anchor"": 50, ""motion_timing_track_preserved"": 20}","{""harmonic_anchor"": 50, ""motion_timing_track_preserved"": 20}",{},{},0.011883133612162394,0.7129880167297437,0.1930578016025544,0.5416195875431015,0.8333333333333333,0.8551664281067954,0.9999999923567481,0.8056893966004565,0.0881795613973177,0.6316143144991042,bounded_or_no_clear_room
mahnob_8,3.38,3.08,4.22,3.09,2.49,2.99,3.5,0.2582141831699186,0.247701323626141,0.2653234873283533,0.2489909369662947,0.2399760563639918,0.24881424871003,0.2499542650994817,native_smoothed_track_hz,2.99,3.09,0.09999999999999964,mahnob_8.pkl,parh_ossm,True,False,,False,candidate_rate_posterior_final,bounded_correction_to_existing_readout,target_computable_downshift_specificity,1.0,0.1811012889792956,0.1889619531446695,1.0,0.0,0.0,0.0,0.1054078826764436,1.318659796695529e-07,0.8314493967803117,1.318659796695529e-07,0.1204327815005074,0.0,0.0,0.0,0.0,0.2019972878054054,0.8681935305669696,0.3147031267006339,0.6666666666666666,0.6666666666666666,0.5725080366871175,4.033394216668798e-09,0.9785169664557586,0.0344612188618416,4.033394216668798e-09,0.8269809623282615,0.1078835597730245,True,0.4109029019785143,0.684448572117477,,,,,"{""G_DoF"": 4, ""G_DoF_bridge"": 3}",,,,,False,0.2236480293308891,"{""harmonic_anchor"": 35, ""motion_timing_track_preserved"": 14}","{""harmonic_anchor"": 35, ""motion_timing_track_preserved"": 14}",{},{},0.01051285954377762,0.6307715726266572,0.1811012889792956,0.7022059269941116,0.6666666666666666,0.8269809623282615,0.9999999959666058,0.8260145415814565,0.1078835597730245,0.6315767495687196,bounded_or_no_clear_room
mahnob_800,3.33,3.04,2.82,2.98,3.72,2.87,2.89,0.2332087502671735,0.2313478605274272,0.2641453738241196,0.2362911234553399,0.2312096067615003,0.2408797038748164,0.2526466131107142,native_smoothed_track_hz,2.87,2.98,0.10999999999999988,mahnob_800.pkl,parh_ossm,True,False,,False,candidate_rate_posterior_final,bounded_correction_to_existing_readout,target_computable_downshift_specificity,1.0,0.1402269459387505,0.1705150977836196,1.0,0.0987214759669849,0.0,0.0,0.0,2.20729949551433e-06,0.814627420744408,2.20729949551433e-06,0.0978285771502519,0.2102281922641204,0.0,0.2102281922641204,0.0,0.1636711059921115,0.962349310029906,0.1688255107320987,0.6666666666666666,0.6666666666666666,0.511477429416509,4.0746009633023155e-10,0.9771037838887802,0.0902857026784015,4.0746009633023155e-10,0.8263880584229505,0.1002888858711326,True,0.3546438248083802,0.5019405351802089,,,,,"{""G_DoF"": 6, ""G_DoF_bridge"": 3}",,,,,False,0.0987214759669849,"{""harmonic_anchor"": 45, ""motion_timing_track_preserved"": 18}","{""harmonic_anchor"": 45, ""motion_timing_track_preserved"": 18}",{},{},0.02129875258328698,1.2779251549972188,0.1402269459387505,0.2946550656817877,0.6666666666666666,0.8263880584229505,0.9999999995925399,0.6789213114845767,0.1002888858711326,0.5258092008847132,bounded_or_no_clear_room
mahnob_802,2.84,2.92,2.57,2.74,3.11,2.73,2.91,0.2530038058154737,0.2539084510074733,0.260563003995634,0.2587309516238268,0.2577353587490428,0.2570910279769812,0.2433652369777446,native_smoothed_track_hz,2.73,2.74,0.010000000000000231,mahnob_802.pkl,parh_ossm,True,False,,False,candidate_rate_posterior_final,bounded_correction_to_existing_readout,target_computable_downshift_specificity,1.0,0.1688964397957625,0.1848184064582228,1.0,0.1333333333333333,0.0,0.0,0.0,4.493871041775073e-07,0.82934853655052,4.493871041775073e-07,0.0826105725035868,0.0,0.0,0.0,0.0,0.1678162669354091,0.9562157260424932,0.1238841470714339,0.6666666666666666,0.6666666666666666,0.715230435788548,6.553176929854566e-09,0.9260678160649446,0.3014678363443404,6.553176929854566e-09,0.811065903808019,0.0926770861890327,True,0.3851188099524815,0.6105166619968125,,,,,"{""G_DoF"": 9, ""G_DoF_bridge"": 1}",,,,,False,0.2601279317697228,"{""harmonic_anchor"": 50, ""motion_timing_track_preserved"": 20}","{""harmonic_anchor"": 50, ""motion_timing_track_preserved"": 20}",{},{},0.015365714646082218,0.9219428787649331,0.1688964397957625,0.17802893179103188,0.6666666666666666,0.811065903808019,0.9999999934468231,0.7562550212960856,0.0926770861890327,0.5158475744060786,bounded_or_no_clear_room
mahnob_804,5.09,5.59,4.73,5.03,5.08,4.97,4.66,0.2435289183423478,0.2318986810062039,0.261098590237561,0.2522827227461771,0.2517978910703671,0.2513275407675303,0.2335161395878871,state_freq_t,4.66,5.03,0.3700000000000001,mahnob_804.pkl,parh_ossm,True,False,,False,candidate_rate_posterior_final,bounded_correction_to_existing_readout,target_computable_downshift_specificity,1.0,0.1762949315315021,0.1909373915008254,1.0,0.0832537191210591,0.0,0.0,0.0832537191210591,3.572102729228767e-07,0.8258611770245967,3.572102729228767e-07,0.0951730173426254,0.0,0.0,0.0,0.0,0.167674887868884,0.8941425600669114,0.1519386375693635,0.6666666666666666,0.6666666666666666,0.6187276593287514,9.520961462663589e-14,0.9677296579145744,0.1915132545993868,9.520961462663589e-14,0.835411687387343,0.0993764937838494,True,0.4331422731744342,0.4946694071674505,,,,,"{""G_DoF"": 4, ""G_DoF_bridge"": 7}",,,,,False,0.2496246758564214,"{""harmonic_anchor"": 55, ""motion_timing_track_preserved"": 22}","{""harmonic_anchor"": 55, ""motion_timing_track_preserved"": 22}",{},{},0.020384041739973185,1.223042504398391,0.1762949315315021,0.31722367082261493,0.6666666666666666,0.835411687387343,0.9999999999999047,0.6903069393073288,0.0993764937838494,0.5419232647078336,bounded_or_no_clear_room
mahnob_806,2.4,1.96,2.66,1.78,2.37,2.17,1.78,0.2252883275192827,0.2613068748928693,0.296887610980568,0.2441700634600037,0.2601325316333962,0.2650789310843165,0.248293906091296,final_track_hz,1.78,1.78,0.0,mahnob_806.pkl,parh_ossm,True,False,,False,candidate_rate_posterior_final,bounded_correction_to_existing_readout,target_computable_downshift_specificity,1.0,0.0427813123176554,0.033540311957886,1.0,0.7484662576687117,0.0,0.0,0.1496932515337423,1.8249238044274653e-12,0.7292917234566887,1.8249238044274653e-12,0.1353301735556593,0.1496932515337423,0.0,0.1496932515337423,0.0,0.1225159886818087,0.956580389852256,0.0391097743182856,0.6666666666666666,0.6666666666666666,0.4870109904315873,1.3738408895143537e-12,0.9619730057344844,0.0051176535464219,1.3738408895143537e-12,0.8000156967837763,0.1041759569122545,True,0.4294376142267887,0.694475290999665,,,,,"{""G_DoF"": 4, ""G_DoF_bridge"": 1}",,,,,False,0.0,"{""harmonic_anchor"": 25, ""motion_timing_track_preserved"": 10}","{""harmonic_anchor"": 25, ""motion_timing_track_preserved"": 10}",{},{},0.039790603565033805,2.387436213902028,0.0427813123176554,0.0479228078841057,0.6666666666666666,0.8000156967837763,0.9999999999986262,0.48506832612238776,0.1041759569122545,0.42837148109460865,bounded_or_no_clear_room
mahnob_808,3.94,4.23,3.4,4.32,4.3,4.87,4.05,0.2611495008106495,0.2471905787287353,0.2627992392605704,0.2544756869041637,0.2508614838902442,0.2543896134885043,0.246498592710355,external_output_rate_t,3.94,4.32,0.38000000000000034,mahnob_808.pkl,parh_ossm,True,False,,False,candidate_rate_posterior_final,bounded_correction_to_existing_readout,target_computable_downshift_specificity,1.0,0.2034466021902679,0.2048370568856216,1.0,0.0,0.0,0.0,0.0,6.350756973754368e-06,0.8012649697950415,6.350756973754368e-06,0.0719097206951135,0.0,0.0,0.0,0.0,0.18773964743511,0.9029166789929716,0.1654663808686974,1.0,1.0,0.6216091991442114,1.168150594832969e-09,0.9874807283545856,0.1541863304486905,1.168150594832969e-09,0.8354651315280556,0.0516810508309355,True,0.4310905954140109,0.5253276355804629,,,,,"{""G_DoF"": 10}",,,,,False,0.4204576785221947,"{""harmonic_anchor"": 49, ""motion_timing_track_preserved"": 20}","{""harmonic_anchor"": 49, ""motion_timing_track_preserved"": 20}",{},{},0.014650908100294513,0.8790544860176708,0.2034466021902679,0.3496637978829682,1.0,0.8354651315280556,0.9999999988318494,0.7661478231256748,0.0516810508309355,0.6175608569076203,bounded_or_no_clear_room
mahnob_810,4.57,4.6,4.55,4.7,4.99,4.77,4.52,0.259514111905578,0.2492595612066332,0.2520309433319373,0.2466908838228629,0.2451416474129432,0.247169680959616,0.260850644958575,state_freq_t,4.52,4.7,0.1800000000000006,mahnob_810.pkl,parh_ossm,True,False,,False,candidate_rate_posterior_final,bounded_correction_to_existing_readout,target_computable_downshift_specificity,1.0,0.1616554038072888,0.1935509068190261,1.0,0.0646186440677966,0.0,0.0,0.0646186440677966,5.453812543872553e-07,0.8148382961988004,5.453812543872553e-07,0.080867805828815,0.1292372881355932,0.0,0.1292372881355932,0.0,0.1733157484981475,0.9292176722441474,0.1404521814293706,1.0,1.0,0.675224292962454,6.668434953229858e-10,0.987277227386449,0.0850520931762966,6.668434953229858e-10,0.8307400096909112,0.0554207370432995,True,0.4289180415399665,0.5698678797250529,,,,,"{""G_DoF"": 13, ""G_DoF_bridge"": 1}",,,,,False,0.2891949152542373,"{""harmonic_anchor"": 70, ""motion_timing_track_preserved"": 28}","{""harmonic_anchor"": 70, ""motion_timing_track_preserved"": 28}",{},{},0.014159761135712129,0.8495856681427277,0.1616554038072888,0.2516889763862512,1.0,0.8307400096909112,0.9999999993331565,0.7730201198495803,0.0554207370432995,0.5871225858633107,likely_video_or_reference_limited
mahnob_812,1.75,1.74,2.17,1.33,1.85,1.62,1.65,0.2922079469356476,0.2670198827990283,0.2777869795690423,0.2681909447861109,0.2739732045164953,0.2629591983664996,0.2779112520460985,final_track_hz,1.33,1.33,0.0,mahnob_812.pkl,parh_ossm,True,False,,False,candidate_rate_posterior_final,bounded_correction_to_existing_readout,target_computable_downshift_specificity,1.0,0.1770193711138005,0.2086235329857391,1.0,0.0350877192982456,0.0,0.0,0.0,1.333577611629186e-08,0.8124445293673125,1.333577611629186e-08,0.0699937552559801,0.175438596491228,0.0,0.175438596491228,0.0,0.204553711142358,0.9202467600849704,0.2225579146370123,1.0,1.0,0.5591674870556353,3.2081470123160094e-12,0.9779717389015544,0.1269347899672976,3.2081470123160094e-12,0.8225672218762567,0.0616415118896419,True,0.4089519127512832,0.4000808344229568,,,,,"{""G_DoF"": 2, ""G_DoF_bridge"": 5, ""G_OF"": 3}",,,,,False,0.5263157894736842,"{""harmonic_anchor"": 50, ""motion_timing_track_preserved"": 20}","{""harmonic_anchor"": 50, ""motion_timing_track_preserved"": 20}",{},{},0.029248748569147998,1.7549249141488799,0.1770193711138005,0.492698247395285,1.0,0.8225672218762567,0.9999999999967919,0.5875491196581744,0.0616415118896419,0.6187703363153175,bounded_or_no_clear_room
mahnob_814,3.17,4.27,3.62,3.49,3.86,3.51,3.23,0.2704614908093266,0.2445964159073937,0.2654105851405405,0.2588683856671575,0.2533334761490819,0.2581949586133076,0.2781373378402489,external_output_rate_t,3.17,3.49,0.3200000000000003,mahnob_814.pkl,parh_ossm,True,False,,False,candidate_rate_posterior_final,bounded_correction_to_existing_readout,target_computable_downshift_specificity,1.0,0.1707188057502674,0.1902221417716989,1.0,0.0,0.0,0.0,0.0,4.493427568611953e-07,0.812796933410339,4.493427568611953e-07,0.0791202472523192,0.1462303727675896,0.0,0.1462303727675896,0.0,0.1760845823120644,0.864493225549934,0.118670957457557,0.8333333333333333,0.8333333333333333,0.7726112174176573,1.1990308765760068e-10,0.9461596519811238,0.2159757970245393,1.1990308765760068e-10,0.8441653698648649,0.0826536425371327,True,0.4067407692158933,0.5587625317397604,,,,,"{""G_DoF"": 9, ""G_DoF_bridge"": 3}",,,,,False,0.2193455591513844,"{""harmonic_anchor"": 59, ""motion_timing_track_preserved"": 24}","{""harmonic_anchor"": 59, ""motion_timing_track_preserved"": 24}",{},{},0.03354092193285521,2.0124553159713128,0.1707188057502674,0.2570688239207606,0.8333333333333333,0.8441653698648649,0.9999999998800969,0.5434405596703191,0.0826536425371327,0.5417969633967818,bounded_or_no_clear_room
mahnob_816,4.7,5.08,4.35,4.74,4.99,4.6,4.66,0.2657697743146022,0.2556086515097726,0.2699555723507073,0.2637173169749639,0.2649955470118765,0.263855871142042,0.2564197157180078,native_smoothed_track_hz,4.6,4.74,0.14000000000000057,mahnob_816.pkl,parh_ossm,True,False,,False,candidate_rate_posterior_final,bounded_correction_to_existing_readout,target_computable_downshift_specificity,1.0,0.2291845577833941,0.2326532408508848,1.0,0.0,0.0,0.0,0.0,5.0504415436089874e-08,0.859485525390111,5.0504415436089874e-08,0.0421543701603951,0.0,0.0,0.0,0.0,0.2466254224885049,0.8913122646645719,0.2219963318657961,1.0,1.0,0.828615297396397,7.456040490963325e-10,0.992825420254478,0.2545221382583754,7.456040490963325e-10,0.8609951117486835,0.0417014672676842,True,0.3736913455369289,0.624934577318755,,,,,"{""G_DoF"": 5, ""G_DoF_bridge"": 6}",,,,,False,0.575782092772384,"{""harmonic_anchor"": 55, ""motion_timing_track_preserved"": 22}","{""harmonic_anchor"": 55, ""motion_timing_track_preserved"": 22}",{},{},0.010161122804829614,0.6096673682897769,0.2291845577833941,0.5285027324640683,1.0,0.8609951117486835,0.999999999254396,0.8313140084246198,0.0417014672676842,0.6711072067048176,likely_video_or_reference_limited
mahnob_818,4.95,6.0,4.82,4.96,4.91,4.78,4.58,0.2592188725091059,0.2430183053304777,0.2753144427212295,0.2671565470747628,0.2636971860712125,0.2686463851288041,0.2698092863407634,state_freq_t,4.58,4.96,0.3799999999999999,mahnob_818.pkl,parh_ossm,True,False,,False,candidate_rate_posterior_final,bounded_correction_to_existing_readout,target_computable_downshift_specificity,1.0,0.179770607585765,0.2053930739024515,1.0,0.1780761932564589,0.0,0.0,0.0,8.328403812010262e-09,0.8004539202408038,8.328403812010262e-09,0.0772912152139823,0.0890380966282294,0.0,0.0890380966282294,0.0,0.1883897030389555,0.933240166992018,0.1199691940501883,1.0,1.0,0.6806624536375303,5.453051365689216e-12,0.977192821479974,0.0499109631639889,5.453051365689216e-12,0.817863557510788,0.0546409327570482,True,0.4271849013940643,0.4775163443830519,,,,,"{""G_DoF"": 9, ""G_OF"": 1}",,,,,False,0.4457743395124799,"{""harmonic_anchor"": 50, ""motion_timing_track_preserved"": 20}","{""harmonic_anchor"": 50, ""motion_timing_track_preserved"": 20}",{},{},0.026790981010285708,1.6074588606171425,0.179770607585765,0.19435305725379098,1.0,0.817863557510788,0.9999999999945469,0.6144002159660102,0.0546409327570482,0.5624687252938958,bounded_or_no_clear_room
mahnob_820,4.0,3.92,3.95,4.13,4.49,4.44,3.77,0.2526877720159506,0.2395895694465807,0.2600373710603378,0.2321779711342362,0.2218020550508865,0.2303260144902327,0.2399887637808893,state_freq_t,3.77,4.13,0.3599999999999999,mahnob_820.pkl,parh_ossm,True,False,,False,candidate_rate_posterior_final,bounded_correction_to_existing_readout,target_computable_downshift_specificity,1.0,0.2134835723156425,0.2233569840381036,1.0,0.0,0.0,0.0,0.0,3.242717103348575e-06,0.8515386274416564,3.242717103348575e-06,0.047395099507821,0.2072714916751614,0.1036357458375807,0.1036357458375807,0.0,0.2560130827600927,0.9022142580508872,0.2830396229721132,1.0,1.0,0.7482602795359082,8.14521983549705e-08,0.9926671016240852,0.2044203317674853,8.14521983549705e-08,0.842107470028106,0.0473678037902772,True,0.4843269073873502,0.565859615744489,,,,,"{""G_DoF"": 7, ""G_DoF_bridge"": 1}",,,,,False,0.6218144750254841,"{""harmonic_anchor"": 40, ""motion_timing_track_preserved"": 16}","{""harmonic_anchor"": 40, ""motion_timing_track_preserved"": 16}",{},{},0.022361757525717896,1.3417054515430737,0.2134835723156425,0.6789883585011314,1.0,0.842107470028106,0.9999999185478017,0.6659255446184132,0.0473678037902772,0.6773404471483367,bounded_or_no_clear_room
mahnob_912,1.26,2.5,1.15,1.31,2.01,1.53,1.3,0.301106844296279,0.2762712510995313,0.3258960540715155,0.3045961430694653,0.2895456599685361,0.3067185881031981,0.299504616794087,external_output_rate_t,1.26,1.31,0.050000000000000044,mahnob_912.pkl,parh_ossm,True,False,,False,candidate_rate_posterior_final,bounded_correction_to_existing_readout,target_computable_downshift_specificity,1.0,0.2092501726746964,0.1965642656477201,1.0,0.0,0.0,0.0,0.0,6.860584393711484e-05,0.8434425996910816,6.860584393711484e-05,0.0883603033189387,0.5107451855986603,0.4256209879988836,0.0851241975997767,0.0,0.2566894385761686,0.8599466115265603,0.2781782508385889,0.6666666666666666,0.6666666666666666,0.8146808429651845,6.806802433468119e-07,0.98817121754452,0.3128243030974701,6.806802433468119e-07,0.8502928050790376,0.0949141050235488,True,0.5664542885796984,0.6157483756323869,,,,,"{""G_DoF"": 10}",,,,,False,0.5958693831984371,"{""harmonic_anchor"": 50, ""motion_timing_track_preserved"": 20}","{""harmonic_anchor"": 50, ""motion_timing_track_preserved"": 20}",{},{},0.030447337003666752,1.8268402202200051,0.2092501726746964,0.7163814659947929,0.6666666666666666,0.8502928050790376,0.9999993193197566,0.5748834550942072,0.0949141050235488,0.6211295900345176,bounded_or_no_clear_room
mahnob_914,0.81,1.26,1.26,1.03,1.4,1.26,1.21,0.2760776657571879,0.2650595267888408,0.2833496229289581,0.2805606308474742,0.2766743387243074,0.2806980122027455,0.2727296088293246,external_output_rate_t,0.81,1.03,0.21999999999999997,mahnob_914.pkl,parh_ossm,True,False,,False,candidate_rate_posterior_final,bounded_correction_to_existing_readout,target_computable_downshift_specificity,1.0,0.1720097318151277,0.1861333733519917,1.0,0.0,0.0,0.0,0.0,1.5416477381118508e-05,0.8179926090611551,1.5416477381118508e-05,0.100437292469473,0.0916741809437932,0.0,0.0916741809437932,0.0,0.166806778106216,0.9295190322377792,0.2399588825922025,0.6666666666666666,0.6666666666666666,0.7905219608882762,1.9364426593346096e-11,0.8729615854469406,0.3801856356840341,1.9364426593346096e-11,0.8097045418833232,0.0826387409223906,True,0.6977712752567269,0.718429425225216,,,,,"{""G_DoF"": 9}",,,,,False,0.0916741809437932,"{""harmonic_anchor"": 45, ""motion_timing_track_preserved"": 18}","{""harmonic_anchor"": 45, ""motion_timing_track_preserved"": 18}",{},{},0.015638485413904668,0.9383091248342801,0.1720097318151277,0.5237292505120208,0.6666666666666666,0.8097045418833232,0.9999999999806356,0.7525136835275779,0.0826387409223906,0.5861914585962986,bounded_or_no_clear_room
mahnob_916,1.74,1.44,1.84,1.81,1.84,2.2,2.03,0.2567948605996191,0.25594224257068,0.2635546577127594,0.2653674054643233,0.2585926074041032,0.2613316385894348,0.2567868774488973,external_rate_posterior_mean_t,1.44,1.81,0.3700000000000001,mahnob_916.pkl,parh_ossm,True,False,,False,candidate_rate_posterior_final,bounded_correction_to_existing_readout,target_computable_downshift_specificity,1.0,0.2224405061946803,0.2260251743025286,1.0,0.0,0.0,0.0,0.0,1.7090543842933822e-09,0.8474886113218701,1.7090543842933822e-09,0.0714158597479461,0.012453300124533,0.0,0.012453300124533,0.0,0.2549992185039968,0.8077520215434509,0.3916287024401795,0.8333333333333333,0.8333333333333333,0.7950617541548108,1.1554553448471071e-10,0.9920610095934436,0.2707899771907605,1.1554553448471071e-10,0.8548411238158111,0.068175730903528,True,0.3714896851517592,0.5100618080731256,,,,,"{""G_DoF_bridge"": 10, ""G_OF"": 2}",,,,,False,0.6200498132004981,"{""harmonic_anchor"": 60, ""motion_timing_track_preserved"": 24}","{""harmonic_anchor"": 60, ""motion_timing_track_preserved"": 24}",{},{},0.009425162893643313,0.5655097736185988,0.2224405061946803,0.7732478221573484,0.8333333333333333,0.8548411238158111,0.9999999998844544,0.8425126533408192,0.068175730903528,0.6909195517789086,bounded_or_no_clear_room
mahnob_918,2.18,2.39,2.84,2.36,2.64,2.45,2.24,0.2678484078236047,0.2649106714646828,0.2497035627774948,0.2481586716398721,0.2431786779935462,0.2462553760459906,0.2661539880262838,external_output_rate_t,2.18,2.36,0.17999999999999972,mahnob_918.pkl,parh_ossm,True,False,,False,candidate_rate_posterior_final,bounded_correction_to_existing_readout,target_computable_downshift_specificity,1.0,0.1031231025043253,0.1461582517445704,1.0,0.4862495017935432,0.0,0.0,0.0,5.8541961641343445e-15,0.7408674594790047,5.8541961641343445e-15,0.1446436621566677,0.0,0.0,0.0,0.0,0.1383063249511167,0.9771327985882506,0.1537742905148305,0.6666666666666666,0.6666666666666666,0.6017625632850071,1.396604667321648e-15,0.860429471804969,0.0508886571014691,1.396604667321648e-15,0.7430367635997709,0.1345810407539271,True,0.4416446781872767,0.5989577886533061,,,,,"{""G_DoF"": 6, ""G_DoF_bridge"": 1}",,,,,False,0.0273017138302112,"{""harmonic_anchor"": 35, ""motion_timing_track_preserved"": 14}","{""harmonic_anchor"": 35, ""motion_timing_track_preserved"": 14}",{},{},0.021593031777614097,1.295581906656846,0.1031231025043253,0.23340776531775653,0.6666666666666666,0.7430367635997709,0.9999999999999986,0.6752984229241433,0.1345810407539271,0.48798958144661964,bounded_or_no_clear_room
mahnob_920,1.91,1.72,2.72,2.38,1.83,2.51,2.41,0.2947029225395178,0.2881354230014757,0.3073880809915621,0.2990819461732766,0.2929344851924831,0.2998778213312422,0.3096498188762734,external_rate_posterior_mean_t,1.72,2.38,0.6599999999999999,mahnob_920.pkl,parh_ossm,True,False,,False,candidate_rate_posterior_final,bounded_correction_to_existing_readout,target_computable_downshift_specificity,1.0,0.2317943027065515,0.2261124993787507,1.0,0.0,0.0,0.0,0.0,1.7015269626929892e-09,0.8649197700026384,1.7015269626929892e-09,0.0488143295162829,0.0,0.0,0.0,0.0,0.2602831941295483,0.9033923502574028,0.3098808767498681,1.0,1.0,0.7887721138122707,3.939885868128335e-11,0.9890799184076908,0.3363948095900942,3.939885868128335e-11,0.8804766439933316,0.0358570076812258,True,0.6126076746971464,0.7669767211718277,,,,,"{""G_DoF"": 6, ""G_DoF_bridge"": 1}",,,,,False,0.8825335892514395,"{""harmonic_anchor"": 35, ""motion_timing_track_preserved"": 14}","{""harmonic_anchor"": 35, ""motion_timing_track_preserved"": 14}",{},{},0.021514395874797698,1.290863752487862,0.2317943027065515,0.6786642885685068,1.0,0.8804766439933316,0.9999999999606012,0.6762646171219848,0.0358570076812258,0.689793690927505,bounded_or_no_clear_room
mahnob_922,4.83,3.75,5.59,5.2,4.68,5.69,5.02,0.3143456802381421,0.2933357656049485,0.3266976256972694,0.3241364720686159,0.3039057346868176,0.3243997511744051,0.3169292727792155,external_rate_posterior_mean_t,3.75,5.2,1.4500000000000002,mahnob_922.pkl,parh_ossm,True,False,,False,candidate_rate_posterior_final,bounded_correction_to_existing_readout,target_computable_downshift_specificity,1.0,0.1893240341730597,0.2178841741662193,1.0,0.0560928433268858,0.0,0.0,0.0,1.2272750069891914e-06,0.8653868643057102,1.2272750069891914e-06,0.0660337743045378,0.1179883945841392,0.0,0.1179883945841392,0.0,0.2305532283100263,0.921658287622416,0.4724114143264711,0.6666666666666666,0.6666666666666666,0.8101560859475413,1.6784169941028563e-10,0.9950998178212336,0.3659315358440515,1.6784169941028563e-10,0.8710215741172839,0.0777264156178803,True,0.465473783615038,0.6900201571886071,,,,,"{""G_DoF"": 5, ""G_DoF_bridge"": 2}",,,,,False,0.0,"{""harmonic_anchor"": 35, ""motion_timing_track_preserved"": 14}","{""harmonic_anchor"": 35, ""motion_timing_track_preserved"": 14}",{},{},0.03106398556945661,1.8638391341673965,0.1893240341730597,0.6544523580395893,0.6666666666666666,0.8710215741172839,0.9999999998321583,0.56847397930735,0.0777264156178803,0.6079494726125461,source_selection_room_posterior_available
mahnob_924,0.75,0.75,0.96,1.1,1.7,1.53,0.99,0.2718775978677615,0.2563970932128122,0.2767341668908801,0.2568029894846999,0.2611342988582662,0.2630364530946887,0.2693504459757314,external_output_rate_t,0.75,1.1,0.3500000000000001,mahnob_924.pkl,parh_ossm,True,False,,False,candidate_rate_posterior_final,bounded_correction_to_existing_readout,target_computable_downshift_specificity,1.0,0.1984331609742645,0.1990204667990958,1.0,0.0,0.0,0.0,0.0,8.965127705333904e-08,0.8490917966821612,8.965127705333904e-08,0.077111071765316,0.0663548352006961,0.0,0.0663548352006961,0.0,0.2220781433743658,0.8802900433386989,0.2192613724803277,0.6666666666666666,0.6666666666666666,0.8212567591834294,1.0830032293364954e-11,0.9907104306921573,0.2988876736812049,1.0830032293364954e-11,0.8459721512571046,0.0849240054974902,True,0.4679616942788452,0.5876038059429454,,,,,"{""G_DoF"": 2, ""G_DoF_bridge"": 10, ""G_OF"": 2}",,,,,False,0.5971935168062656,"{""harmonic_anchor"": 70, ""motion_timing_track_preserved"": 28}","{""harmonic_anchor"": 70, ""motion_timing_track_preserved"": 28}",{},{},0.015480504654949323,0.9288302792969594,0.1984331609742645,0.5270943596570755,0.6666666666666666,0.8459721512571046,0.99999999998917,0.754678294153176,0.0849240054974902,0.5988984137274911,bounded_or_no_clear_room
mahnob_926,1.91,1.84,1.61,1.43,1.27,0.82,1.48,0.2708955332938679,0.2537859902635391,0.2724931837463684,0.2649762309135334,0.2500191057179597,0.258918859060244,0.2738976049067505,native_smoothed_track_hz,0.82,1.43,0.61,mahnob_926.pkl,parh_ossm,True,False,,False,candidate_rate_posterior_final,bounded_correction_to_existing_readout,target_computable_downshift_specificity,1.0,0.1881179968968302,0.1918811443412253,1.0,0.0,0.0,0.0,0.0218088518280949,1.3880685300088857e-05,0.8335439841475887,1.3880685300088857e-05,0.0701856697244539,0.0978191148171905,0.0,0.0978191148171905,0.0,0.1906998528113796,0.9208523661883384,0.2411393960567599,1.0,1.0,0.783629121510879,1.644583400217983e-08,0.9804540393731724,0.4067081039033802,1.644583400217983e-08,0.8773458839920748,0.0444661005781345,True,0.4171026732641387,0.4089699870989355,,,,,"{""G_DoF"": 6, ""G_DoF_bridge"": 3}",,,,,False,0.2934573444515715,"{""harmonic_anchor"": 44, ""motion_timing_track_preserved"": 18}","{""harmonic_anchor"": 44, ""motion_timing_track_preserved"": 18}",{},{},0.02011161464321143,1.2066968785926857,0.1881179968968302,0.5404209435300272,1.0,0.8773458839920748,0.999999983554166,0.6937346635325036,0.0444661005781345,0.651642424357586,bounded_or_no_clear_room
mahnob_928,1.57,2.05,1.81,1.45,1.38,1.41,1.86,0.2738852039848602,0.256555776159307,0.283660025066272,0.2821317714192218,0.2727229700768784,0.28240880865062,0.2839428196400951,native_smoothed_track_hz,1.41,1.45,0.040000000000000036,mahnob_928.pkl,parh_ossm,True,False,,False,candidate_rate_posterior_final,bounded_correction_to_existing_readout,target_computable_downshift_specificity,1.0,0.2137782522423598,0.227705683331154,1.0,0.0,0.0,0.0,0.0,3.2368340535897656e-06,0.8700577159391438,3.2368340535897656e-06,0.0637857283177063,0.2428021759320684,0.1618681172880456,0.0809340586440228,0.0,0.2576311785112136,0.7845960178509916,0.2682597471444312,1.0,1.0,0.8167681062954207,3.453615839318226e-09,0.9867951790095448,0.3584475983885659,3.453615839318226e-09,0.8796833982453306,0.0657407253154825,True,0.4826500037306921,0.5404053985121775,,,,,"{""G_DoF"": 9, ""G_DoF_bridge"": 2}",,,,,False,0.9190659413559772,"{""harmonic_anchor"": 55, ""motion_timing_track_preserved"": 22}","{""harmonic_anchor"": 55, ""motion_timing_track_preserved"": 22}",{},{},0.027387043480788076,1.6432226088472845,0.2137782522423598,0.7646445224984367,1.0,0.8796833982453306,0.9999999965463842,0.6077776050455903,0.0657407253154825,0.6925296647520454,bounded_or_no_clear_room
mahnob_930,2.54,2.27,2.8,1.99,1.89,1.78,2.57,0.2708958294524944,0.2751132327368079,0.2764612561990043,0.2618180787205704,0.2617833251471137,0.2575818132349698,0.2645355635268693,native_smoothed_track_hz,1.78,1.99,0.20999999999999996,mahnob_930.pkl,parh_ossm,True,False,,False,candidate_rate_posterior_final,bounded_correction_to_existing_readout,target_computable_downshift_specificity,1.0,0.1856961899634668,0.1810576716165107,1.0,0.0,0.0,0.0,0.0,6.6234768600213765e-09,0.8197160249371092,6.6234768600213765e-09,0.0793916106464932,0.0,0.0,0.0,0.0,0.16655779072449,0.9181024114683652,0.1020250044669196,0.6666666666666666,0.6666666666666666,0.6882556185775196,6.125255044588212e-12,0.9700437960742208,0.0764253993001655,6.125255044588212e-12,0.819033645645296,0.0901767311939815,True,0.4010376583835989,0.4669442197703284,,,,,"{""G_DoF"": 9, ""G_DoF_bridge"": 1}",,,,,False,0.2648719062092922,"{""harmonic_anchor"": 49, ""motion_timing_track_preserved"": 20}","{""harmonic_anchor"": 49, ""motion_timing_track_preserved"": 20}",{},{},0.017531419501838064,1.0518851701102838,0.1856961899634668,0.15577790896056165,0.6666666666666666,0.819033645645296,0.9999999999938748,0.7270550502311953,0.0901767311939815,0.514122508032576,bounded_or_no_clear_room
mahnob_932,3.09,3.19,3.71,3.07,3.55,3.24,2.84,0.2414575869812073,0.2518009527313536,0.253886045364334,0.2507229055626703,0.257293869106874,0.248742833567789,0.2379674303148372,state_freq_t,2.84,3.07,0.22999999999999998,mahnob_932.pkl,parh_ossm,True,False,,False,candidate_rate_posterior_final,bounded_correction_to_existing_readout,target_computable_downshift_specificity,1.0,0.1653217203111772,0.1762831202092342,1.0,0.1835966892400301,0.0,0.0,0.0,6.747501416994914e-11,0.8335176475255048,6.747501416994914e-11,0.0924389243467744,0.0,0.0,0.0,0.0,0.1788265011783371,0.937108107220396,0.1925594567209248,0.6666666666666666,0.6666666666666666,0.7818083150158736,3.7147654751763744e-11,0.9727289558783256,0.2270494224396634,3.7147654751763744e-11,0.8407363472552687,0.0977790958314313,True,0.380027917065001,0.518694317020003,,,,,"{""G_DoF"": 5, ""G_DoF_bridge"": 4}",,,,,False,0.2753950338600451,"{""harmonic_anchor"": 45, ""motion_timing_track_preserved"": 18}","{""harmonic_anchor"": 45, ""motion_timing_track_preserved"": 18}",{},{},0.01383352241651642,0.8300113449909852,0.1653217203111772,0.3881956989978147,0.6666666666666666,0.8407363472552687,0.9999999999628524,0.7776190020115686,0.0977790958314313,0.563064012578089,bounded_or_no_clear_room
mahnob_934,1.05,1.06,1.32,1.38,1.74,1.62,1.33,0.2829100803883038,0.2801914246063252,0.294017096987995,0.276078010769359,0.2732206897283423,0.2758305729978039,0.2737674907373665,external_output_rate_t,1.05,1.38,0.32999999999999985,mahnob_934.pkl,parh_ossm,True,False,,False,candidate_rate_posterior_final,bounded_correction_to_existing_readout,target_computable_downshift_specificity,1.0,0.2200420688461964,0.2153463613091964,1.0,0.0,0.0,0.0,0.0,5.144951466635314e-08,0.8564917139501567,5.144951466635314e-08,0.061583130844288,0.0,0.0,0.0,0.0,0.2364084731559605,0.877910105057362,0.2589945472628454,1.0,1.0,0.8599210054558875,1.2576562538102986e-11,0.9716235360973394,0.3563446507429151,1.2576562538102986e-11,0.866159140583257,0.0600931207215321,True,0.5865059075705212,0.3658215973795469,,,,,"{""G_DoF"": 8, ""G_DoF_bridge"": 2}",,,,,False,0.6880022557451008,"{""harmonic_anchor"": 50, ""motion_timing_track_preserved"": 20}","{""harmonic_anchor"": 50, ""motion_timing_track_preserved"": 20}",{},{},0.009142589650937283,0.548555379056237,0.2200420688461964,0.6416065945466549,1.0,0.866159140583257,0.9999999999874234,0.8468523651712543,0.0600931207215321,0.6919316316514544,bounded_or_no_clear_room
mahnob_936,1.11,1.45,0.71,0.77,0.86,0.7,0.91,0.2915511727933812,0.2835389444947456,0.2991998379341956,0.2940042611290502,0.2944810317026134,0.2939875488235346,0.3002559953492922,native_smoothed_track_hz,0.7,0.77,0.07000000000000006,mahnob_936.pkl,parh_ossm,True,False,,False,candidate_rate_posterior_final,bounded_correction_to_existing_readout,target_computable_downshift_specificity,1.0,0.2102721558740822,0.222192014380961,1.0,0.0,0.0,0.0,0.0,5.665361061835535e-09,0.8221655588206829,5.665361061835535e-09,0.0825749535591154,0.0,0.0,0.0,0.0,0.2257642545116788,0.8599768103809654,0.2634046879822709,0.6666666666666666,0.6666666666666666,0.852620228560721,1.6259420775393314e-12,0.9461746709186728,0.3431883664156753,1.6259420775393314e-12,0.8669723663660903,0.0851989173177311,True,0.5684686672480158,0.5350780895818991,,,,,"{""G_DoF"": 7, ""G_DoF_bridge"": 2}",,,,,False,0.633688635340039,"{""harmonic_anchor"": 45, ""motion_timing_track_preserved"": 18}","{""harmonic_anchor"": 45, ""motion_timing_track_preserved"": 18}",{},{},0.01671705085454661,1.0030230512727967,0.2102721558740822,0.6695389324726153,0.6666666666666666,0.8669723663660903,0.9999999999983741,0.7379004322208023,0.0851989173177311,0.6317918319080205,bounded_or_no_clear_room
mahnob_938,1.33,1.58,1.38,1.59,2.06,2.23,1.33,0.2925704009641906,0.2797725169066345,0.3058673364005542,0.3009920943148909,0.2858435317129622,0.3012838736506237,0.2974374514748606,external_output_rate_t,1.33,1.59,0.26,mahnob_938.pkl,parh_ossm,True,False,,False,candidate_rate_posterior_final,bounded_correction_to_existing_readout,target_computable_downshift_specificity,1.0,0.1908542884255468,0.197570603422105,1.0,0.0,0.0,0.0,0.0,1.2606685507357746e-06,0.8681683132806162,1.2606685507357746e-06,0.0965853016733809,0.0,0.0,0.0,0.0,0.1990912070166133,0.8857911542306746,0.2295546107377002,0.6666666666666666,0.6666666666666666,0.8138703995006008,7.324893444956298e-10,0.9950298040625156,0.3708739745219236,7.324893444956298e-10,0.8607640841923725,0.0935603793883316,True,0.5741521107356847,0.5650143913745772,,,,,"{""G_DoF"": 6, ""G_DoF_bridge"": 3}",,,,,False,0.6362009840465186,"{""harmonic_anchor"": 45, ""motion_timing_track_preserved"": 18}","{""harmonic_anchor"": 45, ""motion_timing_track_preserved"": 18}",{},{},0.021511356743989185,1.290681404639351,0.1908542884255468,0.5453022667013238,0.6666666666666666,0.8607640841923725,0.9999999992675107,0.6763019864568436,0.0935603793883316,0.5941627986724851,bounded_or_no_clear_room
mahnob_940,1.84,1.53,2.34,1.98,1.29,2.59,1.66,0.2755569674342414,0.2594766158686581,0.2897121366612813,0.2800894832936261,0.262988580574035,0.2799230405470669,0.2751177357694175,external_rate_posterior_mean_t,1.53,1.98,0.44999999999999996,mahnob_940.pkl,parh_ossm,True,False,,False,candidate_rate_posterior_final,bounded_correction_to_existing_readout,target_computable_downshift_specificity,1.0,0.1847977857405383,0.1897050916512878,1.0,0.0,0.0,0.0,0.0,1.9680564906712843e-08,0.8394870002626993,1.9680564906712843e-08,0.1058885078311846,0.0327695560253699,0.0,0.0327695560253699,0.0,0.1897901101185811,0.89103671867858,0.2731222528358785,0.6666666666666666,0.6666666666666666,0.5955355858626363,9.755112627072318e-10,0.9891298024928922,0.0904819026214561,9.755112627072318e-10,0.8425244726399979,0.0972426721250443,True,0.3971777239978948,0.4076245399418243,,,,,"{""G_DoF_bridge"": 3, ""G_OF"": 2}",,,,,False,0.483615221987315,"{""harmonic_anchor"": 25, ""motion_timing_track_preserved"": 10}","{""harmonic_anchor"": 25, ""motion_timing_track_preserved"": 10}",{},{},0.020612867424967984,1.236772045498079,0.1847977857405383,0.658007498643802,0.6666666666666666,0.8425244726399979,0.9999999990244888,0.6874409062187065,0.0972426721250443,0.6131994403229342,bounded_or_no_clear_room
mahnob_942,2.91,2.99,2.56,2.9,2.61,3.1,2.97,0.2971378755054716,0.279944495752863,0.2989687765170936,0.2991235756339666,0.2839574572666237,0.3001698829919986,0.2895492011906472,final_track_hz,2.9,2.9,0.0,mahnob_942.pkl,parh_ossm,True,False,,False,candidate_rate_posterior_final,bounded_correction_to_existing_readout,target_computable_downshift_specificity,1.0,0.2048319715822758,0.2182545807731638,1.0,0.0,0.0,0.0,0.0840799448656099,1.6823948848302105e-06,0.8504678699766711,1.6823948848302105e-06,0.0702942698993475,0.0,0.0,0.0,0.0,0.2251018930074929,0.8698522670559652,0.2514284416581129,1.0,1.0,0.8426129100956681,5.0556413551920875e-09,0.9822300071843212,0.3667433736465425,5.0556413551920875e-09,0.8824607760819854,0.0664549661671281,True,0.4246593107592714,0.3673061059390817,,,,,"{""G_DoF"": 7, ""G_DoF_bridge"": 3}",,,,,False,0.8312887663680221,"{""harmonic_anchor"": 49, ""motion_timing_track_preserved"": 20}","{""harmonic_anchor"": 49, ""motion_timing_track_preserved"": 20}",{},{},0.020225387239135584,1.213523234348135,0.2048319715822758,0.6265963261053439,1.0,0.8824607760819854,0.9999999949443586,0.692301092352875,0.0664549661671281,0.671480986389164,bounded_or_no_clear_room
mahnob_944,1.7,1.85,1.94,1.96,2.32,2.14,2.46,0.2568215787349236,0.2618060605759765,0.2935128711629307,0.2599640227545853,0.2650203694590243,0.267781264900133,0.2689050926903489,external_output_rate_t,1.7,1.96,0.26,mahnob_944.pkl,parh_ossm,True,False,,False,candidate_rate_posterior_final,bounded_correction_to_existing_readout,target_computable_downshift_specificity,1.0,0.1995566533993971,0.2029161875982996,1.0,0.0717647058823529,0.0,0.0,0.0,7.138801642850158e-06,0.8421860438096606,7.138801642850158e-06,0.06659665644237,0.0,0.0,0.0,0.0,0.2145994075766237,0.8823362317205101,0.1668200908789537,0.8333333333333333,0.8333333333333333,0.7629614101291962,2.3798635897312856e-09,0.9925912906975736,0.3035077950706971,2.3798635897312856e-09,0.8522971104073515,0.0758147425568331,True,0.4558326690479056,0.5807366500450328,,,,,"{""G_DoF"": 8, ""G_DoF_bridge"": 4}",,,,,False,0.6411764705882353,"{""harmonic_anchor"": 60, ""motion_timing_track_preserved"": 24}","{""harmonic_anchor"": 60, ""motion_timing_track_preserved"": 24}",{},{},0.012083513955425285,0.7250108373255171,0.1995566533993971,0.37933889971193724,0.8333333333333333,0.8522971104073515,0.9999999976201364,0.8027593860306419,0.0758147425568331,0.6012959738437408,bounded_or_no_clear_room
mahnob_946,1.15,1.25,1.97,1.27,1.53,1.49,1.24,0.2634618678493061,0.2701106059330681,0.2834479786645197,0.2622629124161518,0.2520249841448517,0.2629081553868094,0.2706731222653597,external_output_rate_t,1.15,1.27,0.1200000000000001,mahnob_946.pkl,parh_ossm,True,False,,False,candidate_rate_posterior_final,bounded_correction_to_existing_readout,target_computable_downshift_specificity,1.0,0.2251221846675005,0.2242591382378813,1.0,0.0,0.0,0.0,0.0,2.6847514337225805e-07,0.8329315807412183,2.6847514337225805e-07,0.0572912952142128,0.0,0.0,0.0,0.0,0.2368960321316384,0.8828151339928084,0.1948438056510602,1.0,1.0,0.6823679494461531,2.662214558021358e-09,0.9758346123763284,0.2146671547430045,2.662214558021358e-09,0.8351550554859558,0.0510145675867834,True,0.4389456093501713,0.494422168176645,,,,,"{""G_DoF_bridge"": 3, ""G_OF"": 4}",,,,,False,0.7283041401273885,"{""harmonic_anchor"": 35, ""motion_timing_track_preserved"": 14}","{""harmonic_anchor"": 35, ""motion_timing_track_preserved"": 14}",{},{},0.008410209849207928,0.5046125909524757,0.2251221846675005,0.4603845379739348,1.0,0.8351550554859558,0.9999999973377854,0.8582044627163782,0.0510145675867834,0.6543497011981828,bounded_or_no_clear_room
mahnob_948,0.94,1.27,1.51,1.02,1.32,1.34,1.08,0.2834698075210972,0.2697505309574862,0.3061014597374425,0.3006275237247914,0.2923329074025532,0.3043392164619959,0.2923546890777014,external_output_rate_t,0.94,1.02,0.08000000000000007,mahnob_948.pkl,parh_ossm,True,False,,False,candidate_rate_posterior_final,bounded_correction_to_existing_readout,target_computable_downshift_specificity,1.0,0.2302918844153016,0.2298495434777628,1.0,0.0,0.0,0.0,0.0,2.0518550875466282e-07,0.8643904294747357,2.0518550875466282e-07,0.0502592095623004,0.0784666838178543,0.0,0.0784666838178543,0.0,0.2840704188351699,0.8564883629634945,0.4536486717660606,1.0,1.0,0.8220513737878016,1.1198136522310108e-08,0.9919639166690094,0.3235676479934477,1.1198136522310108e-08,0.8680974636665223,0.0420404746916621,True,0.4740852515065026,0.5162429694582901,,,,,"{""G_DoF"": 9, ""G_DoF_bridge"": 2}",,,,,False,0.6861332647285825,"{""harmonic_anchor"": 55, ""motion_timing_track_preserved"": 22}","{""harmonic_anchor"": 55, ""motion_timing_track_preserved"": 22}",{},{},0.03458868550450972,2.0753211302705834,0.2302918844153016,0.7303257208035395,1.0,0.8680974636665223,0.9999999888018635,0.5331858702200631,0.0420404746916621,0.6829672726876312,bounded_or_no_clear_room
mahnob_950,1.16,1.23,1.64,1.26,1.07,1.51,1.45,0.2407119523403463,0.206865981802205,0.2480663823137853,0.2271431201262019,0.217943613280608,0.2243518218904354,0.2390232625926125,external_output_rate_t,1.16,1.26,0.10000000000000009,mahnob_950.pkl,parh_ossm,True,False,,False,candidate_rate_posterior_final,bounded_correction_to_existing_readout,target_computable_downshift_specificity,1.0,0.0818017165347267,0.0320117670876867,1.0,0.4006176305446378,0.0,0.0,0.1712521055586749,6.765414759525762e-10,0.8031279770028293,6.765414759525762e-10,0.1219528747839989,0.2568781583380123,0.0,0.2568781583380123,0.0,0.1367541693341827,0.9625930331674768,0.089836852916777,0.6666666666666666,0.6666666666666666,0.672580295518319,9.863814159591706e-15,0.94386143927181,0.2201452012096631,9.863814159591706e-15,0.8190288003366523,0.1068298555542447,True,0.4487044170878597,0.5670122461940034,,,,,"{""G_DoF"": 4, ""G_DoF_bridge"": 1, ""G_OF"": 4, ""G_OF_bridge"": 1}",,,,,False,0.0,"{""harmonic_anchor"": 50, ""motion_timing_track_preserved"": 20}","{""harmonic_anchor"": 50, ""motion_timing_track_preserved"": 20}",{},{},0.03384597053814131,2.0307582322884787,0.0818017165347267,0.07180914622049646,0.6666666666666666,0.8190288003366523,0.9999999999999901,0.5404347976840537,0.1068298555542447,0.4510270726412582,bounded_or_no_clear_room
