dataset,trial_id,mat_path,n_frames,d_br_peak_bpm,duration_sec_assumed,fps_assumed,read_error
SCAMPS,P000001,dataset/SCAMPS/scamps_videos/P000001.mat,,,,30.000000,"FileNotFoundError: [Errno 2] Unable to synchronously open file (unable to open file: name = 'dataset/SCAMPS/scamps_videos/P000001.mat', errno = 2, error message = 'No such file or directory', flags = 0, o_flags = 0)"
SCAMPS,P000002,dataset/SCAMPS/scamps_videos/P000002.mat,,,,30.000000,"FileNotFoundError: [Errno 2] Unable to synchronously open file (unable to open file: name = 'dataset/SCAMPS/scamps_videos/P000002.mat', errno = 2, error message = 'No such file or directory', flags = 0, o_flags = 0)"
SCAMPS,P000003,dataset/SCAMPS/scamps_videos/P000003.mat,,,,30.000000,"FileNotFoundError: [Errno 2] Unable to synchronously open file (unable to open file: name = 'dataset/SCAMPS/scamps_videos/P000003.mat', errno = 2, error message = 'No such file or directory', flags = 0, o_flags = 0)"
SCAMPS,P000004,dataset/SCAMPS/scamps_videos/P000004.mat,,,,30.000000,"FileNotFoundError: [Errno 2] Unable to synchronously open file (unable to open file: name = 'dataset/SCAMPS/scamps_videos/P000004.mat', errno = 2, error message = 'No such file or directory', flags = 0, o_flags = 0)"
SCAMPS,P000005,dataset/SCAMPS/scamps_videos/P000005.mat,,,,30.000000,"FileNotFoundError: [Errno 2] Unable to synchronously open file (unable to open file: name = 'dataset/SCAMPS/scamps_videos/P000005.mat', errno = 2, error message = 'No such file or directory', flags = 0, o_flags = 0)"
SCAMPS,P000006,dataset/SCAMPS/scamps_videos/P000006.mat,,,,30.000000,"FileNotFoundError: [Errno 2] Unable to synchronously open file (unable to open file: name = 'dataset/SCAMPS/scamps_videos/P000006.mat', errno = 2, error message = 'No such file or directory', flags = 0, o_flags = 0)"
SCAMPS,P000007,dataset/SCAMPS/scamps_videos/P000007.mat,,,,30.000000,"FileNotFoundError: [Errno 2] Unable to synchronously open file (unable to open file: name = 'dataset/SCAMPS/scamps_videos/P000007.mat', errno = 2, error message = 'No such file or directory', flags = 0, o_flags = 0)"
SCAMPS,P000008,dataset/SCAMPS/scamps_videos/P000008.mat,,,,30.000000,"FileNotFoundError: [Errno 2] Unable to synchronously open file (unable to open file: name = 'dataset/SCAMPS/scamps_videos/P000008.mat', errno = 2, error message = 'No such file or directory', flags = 0, o_flags = 0)"
SCAMPS,P000009,dataset/SCAMPS/scamps_videos/P000009.mat,,,,30.000000,"FileNotFoundError: [Errno 2] Unable to synchronously open file (unable to open file: name = 'dataset/SCAMPS/scamps_videos/P000009.mat', errno = 2, error message = 'No such file or directory', flags = 0, o_flags = 0)"
SCAMPS,P000010,dataset/SCAMPS/scamps_videos/P000010.mat,,,,30.000000,"FileNotFoundError: [Errno 2] Unable to synchronously open file (unable to open file: name = 'dataset/SCAMPS/scamps_videos/P000010.mat', errno = 2, error message = 'No such file or directory', flags = 0, o_flags = 0)"
SCAMPS,P000011,dataset/SCAMPS/scamps_videos/P000011.mat,,,,30.000000,"FileNotFoundError: [Errno 2] Unable to synchronously open file (unable to open file: name = 'dataset/SCAMPS/scamps_videos/P000011.mat', errno = 2, error message = 'No such file or directory', flags = 0, o_flags = 0)"
SCAMPS,P000012,dataset/SCAMPS/scamps_videos/P000012.mat,,,,30.000000,"FileNotFoundError: [Errno 2] Unable to synchronously open file (unable to open file: name = 'dataset/SCAMPS/scamps_videos/P000012.mat', errno = 2, error message = 'No such file or directory', flags = 0, o_flags = 0)"
SCAMPS,P000013,dataset/SCAMPS/scamps_videos/P000013.mat,,,,30.000000,"FileNotFoundError: [Errno 2] Unable to synchronously open file (unable to open file: name = 'dataset/SCAMPS/scamps_videos/P000013.mat', errno = 2, error message = 'No such file or directory', flags = 0, o_flags = 0)"
SCAMPS,P000014,dataset/SCAMPS/scamps_videos/P000014.mat,,,,30.000000,"FileNotFoundError: [Errno 2] Unable to synchronously open file (unable to open file: name = 'dataset/SCAMPS/scamps_videos/P000014.mat', errno = 2, error message = 'No such file or directory', flags = 0, o_flags = 0)"
SCAMPS,P000015,dataset/SCAMPS/scamps_videos/P000015.mat,,,,30.000000,"FileNotFoundError: [Errno 2] Unable to synchronously open file (unable to open file: name = 'dataset/SCAMPS/scamps_videos/P000015.mat', errno = 2, error message = 'No such file or directory', flags = 0, o_flags = 0)"
SCAMPS,P000016,dataset/SCAMPS/scamps_videos/P000016.mat,,,,30.000000,"FileNotFoundError: [Errno 2] Unable to synchronously open file (unable to open file: name = 'dataset/SCAMPS/scamps_videos/P000016.mat', errno = 2, error message = 'No such file or directory', flags = 0, o_flags = 0)"
SCAMPS,P000017,dataset/SCAMPS/scamps_videos/P000017.mat,,,,30.000000,"FileNotFoundError: [Errno 2] Unable to synchronously open file (unable to open file: name = 'dataset/SCAMPS/scamps_videos/P000017.mat', errno = 2, error message = 'No such file or directory', flags = 0, o_flags = 0)"
SCAMPS,P000018,dataset/SCAMPS/scamps_videos/P000018.mat,,,,30.000000,"FileNotFoundError: [Errno 2] Unable to synchronously open file (unable to open file: name = 'dataset/SCAMPS/scamps_videos/P000018.mat', errno = 2, error message = 'No such file or directory', flags = 0, o_flags = 0)"
SCAMPS,P000019,dataset/SCAMPS/scamps_videos/P000019.mat,,,,30.000000,"FileNotFoundError: [Errno 2] Unable to synchronously open file (unable to open file: name = 'dataset/SCAMPS/scamps_videos/P000019.mat', errno = 2, error message = 'No such file or directory', flags = 0, o_flags = 0)"
SCAMPS,P000020,dataset/SCAMPS/scamps_videos/P000020.mat,,,,30.000000,"FileNotFoundError: [Errno 2] Unable to synchronously open file (unable to open file: name = 'dataset/SCAMPS/scamps_videos/P000020.mat', errno = 2, error message = 'No such file or directory', flags = 0, o_flags = 0)"
SCAMPS,P000021,dataset/SCAMPS/scamps_videos/P000021.mat,,,,30.000000,"FileNotFoundError: [Errno 2] Unable to synchronously open file (unable to open file: name = 'dataset/SCAMPS/scamps_videos/P000021.mat', errno = 2, error message = 'No such file or directory', flags = 0, o_flags = 0)"
SCAMPS,P000022,dataset/SCAMPS/scamps_videos/P000022.mat,,,,30.000000,"FileNotFoundError: [Errno 2] Unable to synchronously open file (unable to open file: name = 'dataset/SCAMPS/scamps_videos/P000022.mat', errno = 2, error message = 'No such file or directory', flags = 0, o_flags = 0)"
SCAMPS,P000023,dataset/SCAMPS/scamps_videos/P000023.mat,,,,30.000000,"FileNotFoundError: [Errno 2] Unable to synchronously open file (unable to open file: name = 'dataset/SCAMPS/scamps_videos/P000023.mat', errno = 2, error message = 'No such file or directory', flags = 0, o_flags = 0)"
SCAMPS,P000024,dataset/SCAMPS/scamps_videos/P000024.mat,,,,30.000000,"FileNotFoundError: [Errno 2] Unable to synchronously open file (unable to open file: name = 'dataset/SCAMPS/scamps_videos/P000024.mat', errno = 2, error message = 'No such file or directory', flags = 0, o_flags = 0)"
SCAMPS,P000025,dataset/SCAMPS/scamps_videos/P000025.mat,,,,30.000000,"FileNotFoundError: [Errno 2] Unable to synchronously open file (unable to open file: name = 'dataset/SCAMPS/scamps_videos/P000025.mat', errno = 2, error message = 'No such file or directory', flags = 0, o_flags = 0)"
SCAMPS,P000026,dataset/SCAMPS/scamps_videos/P000026.mat,,,,30.000000,"FileNotFoundError: [Errno 2] Unable to synchronously open file (unable to open file: name = 'dataset/SCAMPS/scamps_videos/P000026.mat', errno = 2, error message = 'No such file or directory', flags = 0, o_flags = 0)"
SCAMPS,P000027,dataset/SCAMPS/scamps_videos/P000027.mat,,,,30.000000,"FileNotFoundError: [Errno 2] Unable to synchronously open file (unable to open file: name = 'dataset/SCAMPS/scamps_videos/P000027.mat', errno = 2, error message = 'No such file or directory', flags = 0, o_flags = 0)"
SCAMPS,P000028,dataset/SCAMPS/scamps_videos/P000028.mat,,,,30.000000,"FileNotFoundError: [Errno 2] Unable to synchronously open file (unable to open file: name = 'dataset/SCAMPS/scamps_videos/P000028.mat', errno = 2, error message = 'No such file or directory', flags = 0, o_flags = 0)"
SCAMPS,P000029,dataset/SCAMPS/scamps_videos/P000029.mat,,,,30.000000,"FileNotFoundError: [Errno 2] Unable to synchronously open file (unable to open file: name = 'dataset/SCAMPS/scamps_videos/P000029.mat', errno = 2, error message = 'No such file or directory', flags = 0, o_flags = 0)"
SCAMPS,P000030,dataset/SCAMPS/scamps_videos/P000030.mat,,,,30.000000,"FileNotFoundError: [Errno 2] Unable to synchronously open file (unable to open file: name = 'dataset/SCAMPS/scamps_videos/P000030.mat', errno = 2, error message = 'No such file or directory', flags = 0, o_flags = 0)"
SCAMPS,P000031,dataset/SCAMPS/scamps_videos/P000031.mat,,,,30.000000,"FileNotFoundError: [Errno 2] Unable to synchronously open file (unable to open file: name = 'dataset/SCAMPS/scamps_videos/P000031.mat', errno = 2, error message = 'No such file or directory', flags = 0, o_flags = 0)"
SCAMPS,P000032,dataset/SCAMPS/scamps_videos/P000032.mat,,,,30.000000,"FileNotFoundError: [Errno 2] Unable to synchronously open file (unable to open file: name = 'dataset/SCAMPS/scamps_videos/P000032.mat', errno = 2, error message = 'No such file or directory', flags = 0, o_flags = 0)"
SCAMPS,P000033,dataset/SCAMPS/scamps_videos/P000033.mat,,,,30.000000,"FileNotFoundError: [Errno 2] Unable to synchronously open file (unable to open file: name = 'dataset/SCAMPS/scamps_videos/P000033.mat', errno = 2, error message = 'No such file or directory', flags = 0, o_flags = 0)"
SCAMPS,P000034,dataset/SCAMPS/scamps_videos/P000034.mat,,,,30.000000,"FileNotFoundError: [Errno 2] Unable to synchronously open file (unable to open file: name = 'dataset/SCAMPS/scamps_videos/P000034.mat', errno = 2, error message = 'No such file or directory', flags = 0, o_flags = 0)"
SCAMPS,P000035,dataset/SCAMPS/scamps_videos/P000035.mat,,,,30.000000,"FileNotFoundError: [Errno 2] Unable to synchronously open file (unable to open file: name = 'dataset/SCAMPS/scamps_videos/P000035.mat', errno = 2, error message = 'No such file or directory', flags = 0, o_flags = 0)"
SCAMPS,P000036,dataset/SCAMPS/scamps_videos/P000036.mat,,,,30.000000,"FileNotFoundError: [Errno 2] Unable to synchronously open file (unable to open file: name = 'dataset/SCAMPS/scamps_videos/P000036.mat', errno = 2, error message = 'No such file or directory', flags = 0, o_flags = 0)"
SCAMPS,P000037,dataset/SCAMPS/scamps_videos/P000037.mat,,,,30.000000,"FileNotFoundError: [Errno 2] Unable to synchronously open file (unable to open file: name = 'dataset/SCAMPS/scamps_videos/P000037.mat', errno = 2, error message = 'No such file or directory', flags = 0, o_flags = 0)"
SCAMPS,P000038,dataset/SCAMPS/scamps_videos/P000038.mat,,,,30.000000,"FileNotFoundError: [Errno 2] Unable to synchronously open file (unable to open file: name = 'dataset/SCAMPS/scamps_videos/P000038.mat', errno = 2, error message = 'No such file or directory', flags = 0, o_flags = 0)"
SCAMPS,P000039,dataset/SCAMPS/scamps_videos/P000039.mat,,,,30.000000,"FileNotFoundError: [Errno 2] Unable to synchronously open file (unable to open file: name = 'dataset/SCAMPS/scamps_videos/P000039.mat', errno = 2, error message = 'No such file or directory', flags = 0, o_flags = 0)"
SCAMPS,P000040,dataset/SCAMPS/scamps_videos/P000040.mat,,,,30.000000,"FileNotFoundError: [Errno 2] Unable to synchronously open file (unable to open file: name = 'dataset/SCAMPS/scamps_videos/P000040.mat', errno = 2, error message = 'No such file or directory', flags = 0, o_flags = 0)"
SCAMPS,P000041,dataset/SCAMPS/scamps_videos/P000041.mat,,,,30.000000,"FileNotFoundError: [Errno 2] Unable to synchronously open file (unable to open file: name = 'dataset/SCAMPS/scamps_videos/P000041.mat', errno = 2, error message = 'No such file or directory', flags = 0, o_flags = 0)"
SCAMPS,P000042,dataset/SCAMPS/scamps_videos/P000042.mat,,,,30.000000,"FileNotFoundError: [Errno 2] Unable to synchronously open file (unable to open file: name = 'dataset/SCAMPS/scamps_videos/P000042.mat', errno = 2, error message = 'No such file or directory', flags = 0, o_flags = 0)"
SCAMPS,P000043,dataset/SCAMPS/scamps_videos/P000043.mat,,,,30.000000,"FileNotFoundError: [Errno 2] Unable to synchronously open file (unable to open file: name = 'dataset/SCAMPS/scamps_videos/P000043.mat', errno = 2, error message = 'No such file or directory', flags = 0, o_flags = 0)"
SCAMPS,P000044,dataset/SCAMPS/scamps_videos/P000044.mat,,,,30.000000,"FileNotFoundError: [Errno 2] Unable to synchronously open file (unable to open file: name = 'dataset/SCAMPS/scamps_videos/P000044.mat', errno = 2, error message = 'No such file or directory', flags = 0, o_flags = 0)"
SCAMPS,P000045,dataset/SCAMPS/scamps_videos/P000045.mat,,,,30.000000,"FileNotFoundError: [Errno 2] Unable to synchronously open file (unable to open file: name = 'dataset/SCAMPS/scamps_videos/P000045.mat', errno = 2, error message = 'No such file or directory', flags = 0, o_flags = 0)"
SCAMPS,P000046,dataset/SCAMPS/scamps_videos/P000046.mat,,,,30.000000,"FileNotFoundError: [Errno 2] Unable to synchronously open file (unable to open file: name = 'dataset/SCAMPS/scamps_videos/P000046.mat', errno = 2, error message = 'No such file or directory', flags = 0, o_flags = 0)"
SCAMPS,P000047,dataset/SCAMPS/scamps_videos/P000047.mat,,,,30.000000,"FileNotFoundError: [Errno 2] Unable to synchronously open file (unable to open file: name = 'dataset/SCAMPS/scamps_videos/P000047.mat', errno = 2, error message = 'No such file or directory', flags = 0, o_flags = 0)"
SCAMPS,P000048,dataset/SCAMPS/scamps_videos/P000048.mat,,,,30.000000,"FileNotFoundError: [Errno 2] Unable to synchronously open file (unable to open file: name = 'dataset/SCAMPS/scamps_videos/P000048.mat', errno = 2, error message = 'No such file or directory', flags = 0, o_flags = 0)"
SCAMPS,P000049,dataset/SCAMPS/scamps_videos/P000049.mat,,,,30.000000,"FileNotFoundError: [Errno 2] Unable to synchronously open file (unable to open file: name = 'dataset/SCAMPS/scamps_videos/P000049.mat', errno = 2, error message = 'No such file or directory', flags = 0, o_flags = 0)"
SCAMPS,P000050,dataset/SCAMPS/scamps_videos/P000050.mat,,,,30.000000,"FileNotFoundError: [Errno 2] Unable to synchronously open file (unable to open file: name = 'dataset/SCAMPS/scamps_videos/P000050.mat', errno = 2, error message = 'No such file or directory', flags = 0, o_flags = 0)"
SCAMPS,P000051,dataset/SCAMPS/scamps_videos/P000051.mat,,,,30.000000,"FileNotFoundError: [Errno 2] Unable to synchronously open file (unable to open file: name = 'dataset/SCAMPS/scamps_videos/P000051.mat', errno = 2, error message = 'No such file or directory', flags = 0, o_flags = 0)"
SCAMPS,P000052,dataset/SCAMPS/scamps_videos/P000052.mat,,,,30.000000,"FileNotFoundError: [Errno 2] Unable to synchronously open file (unable to open file: name = 'dataset/SCAMPS/scamps_videos/P000052.mat', errno = 2, error message = 'No such file or directory', flags = 0, o_flags = 0)"
SCAMPS,P000053,dataset/SCAMPS/scamps_videos/P000053.mat,,,,30.000000,"FileNotFoundError: [Errno 2] Unable to synchronously open file (unable to open file: name = 'dataset/SCAMPS/scamps_videos/P000053.mat', errno = 2, error message = 'No such file or directory', flags = 0, o_flags = 0)"
SCAMPS,P000054,dataset/SCAMPS/scamps_videos/P000054.mat,,,,30.000000,"FileNotFoundError: [Errno 2] Unable to synchronously open file (unable to open file: name = 'dataset/SCAMPS/scamps_videos/P000054.mat', errno = 2, error message = 'No such file or directory', flags = 0, o_flags = 0)"
SCAMPS,P000055,dataset/SCAMPS/scamps_videos/P000055.mat,,,,30.000000,"FileNotFoundError: [Errno 2] Unable to synchronously open file (unable to open file: name = 'dataset/SCAMPS/scamps_videos/P000055.mat', errno = 2, error message = 'No such file or directory', flags = 0, o_flags = 0)"
SCAMPS,P000056,dataset/SCAMPS/scamps_videos/P000056.mat,,,,30.000000,"FileNotFoundError: [Errno 2] Unable to synchronously open file (unable to open file: name = 'dataset/SCAMPS/scamps_videos/P000056.mat', errno = 2, error message = 'No such file or directory', flags = 0, o_flags = 0)"
SCAMPS,P000057,dataset/SCAMPS/scamps_videos/P000057.mat,,,,30.000000,"FileNotFoundError: [Errno 2] Unable to synchronously open file (unable to open file: name = 'dataset/SCAMPS/scamps_videos/P000057.mat', errno = 2, error message = 'No such file or directory', flags = 0, o_flags = 0)"
SCAMPS,P000058,dataset/SCAMPS/scamps_videos/P000058.mat,,,,30.000000,"FileNotFoundError: [Errno 2] Unable to synchronously open file (unable to open file: name = 'dataset/SCAMPS/scamps_videos/P000058.mat', errno = 2, error message = 'No such file or directory', flags = 0, o_flags = 0)"
SCAMPS,P000059,dataset/SCAMPS/scamps_videos/P000059.mat,,,,30.000000,"FileNotFoundError: [Errno 2] Unable to synchronously open file (unable to open file: name = 'dataset/SCAMPS/scamps_videos/P000059.mat', errno = 2, error message = 'No such file or directory', flags = 0, o_flags = 0)"
SCAMPS,P000060,dataset/SCAMPS/scamps_videos/P000060.mat,,,,30.000000,"FileNotFoundError: [Errno 2] Unable to synchronously open file (unable to open file: name = 'dataset/SCAMPS/scamps_videos/P000060.mat', errno = 2, error message = 'No such file or directory', flags = 0, o_flags = 0)"
SCAMPS,P000061,dataset/SCAMPS/scamps_videos/P000061.mat,,,,30.000000,"FileNotFoundError: [Errno 2] Unable to synchronously open file (unable to open file: name = 'dataset/SCAMPS/scamps_videos/P000061.mat', errno = 2, error message = 'No such file or directory', flags = 0, o_flags = 0)"
SCAMPS,P000062,dataset/SCAMPS/scamps_videos/P000062.mat,,,,30.000000,"FileNotFoundError: [Errno 2] Unable to synchronously open file (unable to open file: name = 'dataset/SCAMPS/scamps_videos/P000062.mat', errno = 2, error message = 'No such file or directory', flags = 0, o_flags = 0)"
SCAMPS,P000063,dataset/SCAMPS/scamps_videos/P000063.mat,,,,30.000000,"FileNotFoundError: [Errno 2] Unable to synchronously open file (unable to open file: name = 'dataset/SCAMPS/scamps_videos/P000063.mat', errno = 2, error message = 'No such file or directory', flags = 0, o_flags = 0)"
SCAMPS,P000064,dataset/SCAMPS/scamps_videos/P000064.mat,,,,30.000000,"FileNotFoundError: [Errno 2] Unable to synchronously open file (unable to open file: name = 'dataset/SCAMPS/scamps_videos/P000064.mat', errno = 2, error message = 'No such file or directory', flags = 0, o_flags = 0)"
SCAMPS,P000065,dataset/SCAMPS/scamps_videos/P000065.mat,,,,30.000000,"FileNotFoundError: [Errno 2] Unable to synchronously open file (unable to open file: name = 'dataset/SCAMPS/scamps_videos/P000065.mat', errno = 2, error message = 'No such file or directory', flags = 0, o_flags = 0)"
SCAMPS,P000066,dataset/SCAMPS/scamps_videos/P000066.mat,,,,30.000000,"FileNotFoundError: [Errno 2] Unable to synchronously open file (unable to open file: name = 'dataset/SCAMPS/scamps_videos/P000066.mat', errno = 2, error message = 'No such file or directory', flags = 0, o_flags = 0)"
SCAMPS,P000067,dataset/SCAMPS/scamps_videos/P000067.mat,,,,30.000000,"FileNotFoundError: [Errno 2] Unable to synchronously open file (unable to open file: name = 'dataset/SCAMPS/scamps_videos/P000067.mat', errno = 2, error message = 'No such file or directory', flags = 0, o_flags = 0)"
SCAMPS,P000068,dataset/SCAMPS/scamps_videos/P000068.mat,,,,30.000000,"FileNotFoundError: [Errno 2] Unable to synchronously open file (unable to open file: name = 'dataset/SCAMPS/scamps_videos/P000068.mat', errno = 2, error message = 'No such file or directory', flags = 0, o_flags = 0)"
SCAMPS,P000069,dataset/SCAMPS/scamps_videos/P000069.mat,,,,30.000000,"FileNotFoundError: [Errno 2] Unable to synchronously open file (unable to open file: name = 'dataset/SCAMPS/scamps_videos/P000069.mat', errno = 2, error message = 'No such file or directory', flags = 0, o_flags = 0)"
SCAMPS,P000070,dataset/SCAMPS/scamps_videos/P000070.mat,,,,30.000000,"FileNotFoundError: [Errno 2] Unable to synchronously open file (unable to open file: name = 'dataset/SCAMPS/scamps_videos/P000070.mat', errno = 2, error message = 'No such file or directory', flags = 0, o_flags = 0)"
SCAMPS,P000071,dataset/SCAMPS/scamps_videos/P000071.mat,,,,30.000000,"FileNotFoundError: [Errno 2] Unable to synchronously open file (unable to open file: name = 'dataset/SCAMPS/scamps_videos/P000071.mat', errno = 2, error message = 'No such file or directory', flags = 0, o_flags = 0)"
SCAMPS,P000072,dataset/SCAMPS/scamps_videos/P000072.mat,,,,30.000000,"FileNotFoundError: [Errno 2] Unable to synchronously open file (unable to open file: name = 'dataset/SCAMPS/scamps_videos/P000072.mat', errno = 2, error message = 'No such file or directory', flags = 0, o_flags = 0)"
SCAMPS,P000073,dataset/SCAMPS/scamps_videos/P000073.mat,,,,30.000000,"FileNotFoundError: [Errno 2] Unable to synchronously open file (unable to open file: name = 'dataset/SCAMPS/scamps_videos/P000073.mat', errno = 2, error message = 'No such file or directory', flags = 0, o_flags = 0)"
SCAMPS,P000074,dataset/SCAMPS/scamps_videos/P000074.mat,,,,30.000000,"FileNotFoundError: [Errno 2] Unable to synchronously open file (unable to open file: name = 'dataset/SCAMPS/scamps_videos/P000074.mat', errno = 2, error message = 'No such file or directory', flags = 0, o_flags = 0)"
SCAMPS,P000075,dataset/SCAMPS/scamps_videos/P000075.mat,,,,30.000000,"FileNotFoundError: [Errno 2] Unable to synchronously open file (unable to open file: name = 'dataset/SCAMPS/scamps_videos/P000075.mat', errno = 2, error message = 'No such file or directory', flags = 0, o_flags = 0)"
SCAMPS,P000076,dataset/SCAMPS/scamps_videos/P000076.mat,,,,30.000000,"FileNotFoundError: [Errno 2] Unable to synchronously open file (unable to open file: name = 'dataset/SCAMPS/scamps_videos/P000076.mat', errno = 2, error message = 'No such file or directory', flags = 0, o_flags = 0)"
SCAMPS,P000077,dataset/SCAMPS/scamps_videos/P000077.mat,,,,30.000000,"FileNotFoundError: [Errno 2] Unable to synchronously open file (unable to open file: name = 'dataset/SCAMPS/scamps_videos/P000077.mat', errno = 2, error message = 'No such file or directory', flags = 0, o_flags = 0)"
SCAMPS,P000078,dataset/SCAMPS/scamps_videos/P000078.mat,,,,30.000000,"FileNotFoundError: [Errno 2] Unable to synchronously open file (unable to open file: name = 'dataset/SCAMPS/scamps_videos/P000078.mat', errno = 2, error message = 'No such file or directory', flags = 0, o_flags = 0)"
SCAMPS,P000079,dataset/SCAMPS/scamps_videos/P000079.mat,,,,30.000000,"FileNotFoundError: [Errno 2] Unable to synchronously open file (unable to open file: name = 'dataset/SCAMPS/scamps_videos/P000079.mat', errno = 2, error message = 'No such file or directory', flags = 0, o_flags = 0)"
SCAMPS,P000080,dataset/SCAMPS/scamps_videos/P000080.mat,,,,30.000000,"FileNotFoundError: [Errno 2] Unable to synchronously open file (unable to open file: name = 'dataset/SCAMPS/scamps_videos/P000080.mat', errno = 2, error message = 'No such file or directory', flags = 0, o_flags = 0)"
SCAMPS,P000081,dataset/SCAMPS/scamps_videos/P000081.mat,,,,30.000000,"FileNotFoundError: [Errno 2] Unable to synchronously open file (unable to open file: name = 'dataset/SCAMPS/scamps_videos/P000081.mat', errno = 2, error message = 'No such file or directory', flags = 0, o_flags = 0)"
SCAMPS,P000082,dataset/SCAMPS/scamps_videos/P000082.mat,,,,30.000000,"FileNotFoundError: [Errno 2] Unable to synchronously open file (unable to open file: name = 'dataset/SCAMPS/scamps_videos/P000082.mat', errno = 2, error message = 'No such file or directory', flags = 0, o_flags = 0)"
SCAMPS,P000083,dataset/SCAMPS/scamps_videos/P000083.mat,,,,30.000000,"FileNotFoundError: [Errno 2] Unable to synchronously open file (unable to open file: name = 'dataset/SCAMPS/scamps_videos/P000083.mat', errno = 2, error message = 'No such file or directory', flags = 0, o_flags = 0)"
SCAMPS,P000084,dataset/SCAMPS/scamps_videos/P000084.mat,,,,30.000000,"FileNotFoundError: [Errno 2] Unable to synchronously open file (unable to open file: name = 'dataset/SCAMPS/scamps_videos/P000084.mat', errno = 2, error message = 'No such file or directory', flags = 0, o_flags = 0)"
SCAMPS,P000085,dataset/SCAMPS/scamps_videos/P000085.mat,,,,30.000000,"FileNotFoundError: [Errno 2] Unable to synchronously open file (unable to open file: name = 'dataset/SCAMPS/scamps_videos/P000085.mat', errno = 2, error message = 'No such file or directory', flags = 0, o_flags = 0)"
SCAMPS,P000086,dataset/SCAMPS/scamps_videos/P000086.mat,,,,30.000000,"FileNotFoundError: [Errno 2] Unable to synchronously open file (unable to open file: name = 'dataset/SCAMPS/scamps_videos/P000086.mat', errno = 2, error message = 'No such file or directory', flags = 0, o_flags = 0)"
SCAMPS,P000087,dataset/SCAMPS/scamps_videos/P000087.mat,,,,30.000000,"FileNotFoundError: [Errno 2] Unable to synchronously open file (unable to open file: name = 'dataset/SCAMPS/scamps_videos/P000087.mat', errno = 2, error message = 'No such file or directory', flags = 0, o_flags = 0)"
SCAMPS,P000088,dataset/SCAMPS/scamps_videos/P000088.mat,,,,30.000000,"FileNotFoundError: [Errno 2] Unable to synchronously open file (unable to open file: name = 'dataset/SCAMPS/scamps_videos/P000088.mat', errno = 2, error message = 'No such file or directory', flags = 0, o_flags = 0)"
SCAMPS,P000089,dataset/SCAMPS/scamps_videos/P000089.mat,,,,30.000000,"FileNotFoundError: [Errno 2] Unable to synchronously open file (unable to open file: name = 'dataset/SCAMPS/scamps_videos/P000089.mat', errno = 2, error message = 'No such file or directory', flags = 0, o_flags = 0)"
SCAMPS,P000090,dataset/SCAMPS/scamps_videos/P000090.mat,,,,30.000000,"FileNotFoundError: [Errno 2] Unable to synchronously open file (unable to open file: name = 'dataset/SCAMPS/scamps_videos/P000090.mat', errno = 2, error message = 'No such file or directory', flags = 0, o_flags = 0)"
SCAMPS,P000091,dataset/SCAMPS/scamps_videos/P000091.mat,,,,30.000000,"FileNotFoundError: [Errno 2] Unable to synchronously open file (unable to open file: name = 'dataset/SCAMPS/scamps_videos/P000091.mat', errno = 2, error message = 'No such file or directory', flags = 0, o_flags = 0)"
SCAMPS,P000092,dataset/SCAMPS/scamps_videos/P000092.mat,,,,30.000000,"FileNotFoundError: [Errno 2] Unable to synchronously open file (unable to open file: name = 'dataset/SCAMPS/scamps_videos/P000092.mat', errno = 2, error message = 'No such file or directory', flags = 0, o_flags = 0)"
SCAMPS,P000093,dataset/SCAMPS/scamps_videos/P000093.mat,,,,30.000000,"FileNotFoundError: [Errno 2] Unable to synchronously open file (unable to open file: name = 'dataset/SCAMPS/scamps_videos/P000093.mat', errno = 2, error message = 'No such file or directory', flags = 0, o_flags = 0)"
SCAMPS,P000094,dataset/SCAMPS/scamps_videos/P000094.mat,,,,30.000000,"FileNotFoundError: [Errno 2] Unable to synchronously open file (unable to open file: name = 'dataset/SCAMPS/scamps_videos/P000094.mat', errno = 2, error message = 'No such file or directory', flags = 0, o_flags = 0)"
SCAMPS,P000095,dataset/SCAMPS/scamps_videos/P000095.mat,,,,30.000000,"FileNotFoundError: [Errno 2] Unable to synchronously open file (unable to open file: name = 'dataset/SCAMPS/scamps_videos/P000095.mat', errno = 2, error message = 'No such file or directory', flags = 0, o_flags = 0)"
SCAMPS,P000096,dataset/SCAMPS/scamps_videos/P000096.mat,,,,30.000000,"FileNotFoundError: [Errno 2] Unable to synchronously open file (unable to open file: name = 'dataset/SCAMPS/scamps_videos/P000096.mat', errno = 2, error message = 'No such file or directory', flags = 0, o_flags = 0)"
SCAMPS,P000097,dataset/SCAMPS/scamps_videos/P000097.mat,,,,30.000000,"FileNotFoundError: [Errno 2] Unable to synchronously open file (unable to open file: name = 'dataset/SCAMPS/scamps_videos/P000097.mat', errno = 2, error message = 'No such file or directory', flags = 0, o_flags = 0)"
SCAMPS,P000098,dataset/SCAMPS/scamps_videos/P000098.mat,,,,30.000000,"FileNotFoundError: [Errno 2] Unable to synchronously open file (unable to open file: name = 'dataset/SCAMPS/scamps_videos/P000098.mat', errno = 2, error message = 'No such file or directory', flags = 0, o_flags = 0)"
SCAMPS,P000099,dataset/SCAMPS/scamps_videos/P000099.mat,,,,30.000000,"FileNotFoundError: [Errno 2] Unable to synchronously open file (unable to open file: name = 'dataset/SCAMPS/scamps_videos/P000099.mat', errno = 2, error message = 'No such file or directory', flags = 0, o_flags = 0)"
SCAMPS,P000100,dataset/SCAMPS/scamps_videos/P000100.mat,,,,30.000000,"FileNotFoundError: [Errno 2] Unable to synchronously open file (unable to open file: name = 'dataset/SCAMPS/scamps_videos/P000100.mat', errno = 2, error message = 'No such file or directory', flags = 0, o_flags = 0)"
SCAMPS,P000101,dataset/SCAMPS/scamps_videos/P000101.mat,,,,30.000000,"FileNotFoundError: [Errno 2] Unable to synchronously open file (unable to open file: name = 'dataset/SCAMPS/scamps_videos/P000101.mat', errno = 2, error message = 'No such file or directory', flags = 0, o_flags = 0)"
SCAMPS,P000102,dataset/SCAMPS/scamps_videos/P000102.mat,,,,30.000000,"FileNotFoundError: [Errno 2] Unable to synchronously open file (unable to open file: name = 'dataset/SCAMPS/scamps_videos/P000102.mat', errno = 2, error message = 'No such file or directory', flags = 0, o_flags = 0)"
SCAMPS,P000103,dataset/SCAMPS/scamps_videos/P000103.mat,,,,30.000000,"FileNotFoundError: [Errno 2] Unable to synchronously open file (unable to open file: name = 'dataset/SCAMPS/scamps_videos/P000103.mat', errno = 2, error message = 'No such file or directory', flags = 0, o_flags = 0)"
SCAMPS,P000104,dataset/SCAMPS/scamps_videos/P000104.mat,,,,30.000000,"FileNotFoundError: [Errno 2] Unable to synchronously open file (unable to open file: name = 'dataset/SCAMPS/scamps_videos/P000104.mat', errno = 2, error message = 'No such file or directory', flags = 0, o_flags = 0)"
SCAMPS,P000105,dataset/SCAMPS/scamps_videos/P000105.mat,,,,30.000000,"FileNotFoundError: [Errno 2] Unable to synchronously open file (unable to open file: name = 'dataset/SCAMPS/scamps_videos/P000105.mat', errno = 2, error message = 'No such file or directory', flags = 0, o_flags = 0)"
SCAMPS,P000106,dataset/SCAMPS/scamps_videos/P000106.mat,,,,30.000000,"FileNotFoundError: [Errno 2] Unable to synchronously open file (unable to open file: name = 'dataset/SCAMPS/scamps_videos/P000106.mat', errno = 2, error message = 'No such file or directory', flags = 0, o_flags = 0)"
SCAMPS,P000107,dataset/SCAMPS/scamps_videos/P000107.mat,,,,30.000000,"FileNotFoundError: [Errno 2] Unable to synchronously open file (unable to open file: name = 'dataset/SCAMPS/scamps_videos/P000107.mat', errno = 2, error message = 'No such file or directory', flags = 0, o_flags = 0)"
SCAMPS,P000108,dataset/SCAMPS/scamps_videos/P000108.mat,,,,30.000000,"FileNotFoundError: [Errno 2] Unable to synchronously open file (unable to open file: name = 'dataset/SCAMPS/scamps_videos/P000108.mat', errno = 2, error message = 'No such file or directory', flags = 0, o_flags = 0)"
SCAMPS,P000109,dataset/SCAMPS/scamps_videos/P000109.mat,,,,30.000000,"FileNotFoundError: [Errno 2] Unable to synchronously open file (unable to open file: name = 'dataset/SCAMPS/scamps_videos/P000109.mat', errno = 2, error message = 'No such file or directory', flags = 0, o_flags = 0)"
SCAMPS,P000110,dataset/SCAMPS/scamps_videos/P000110.mat,,,,30.000000,"FileNotFoundError: [Errno 2] Unable to synchronously open file (unable to open file: name = 'dataset/SCAMPS/scamps_videos/P000110.mat', errno = 2, error message = 'No such file or directory', flags = 0, o_flags = 0)"
SCAMPS,P000111,dataset/SCAMPS/scamps_videos/P000111.mat,,,,30.000000,"FileNotFoundError: [Errno 2] Unable to synchronously open file (unable to open file: name = 'dataset/SCAMPS/scamps_videos/P000111.mat', errno = 2, error message = 'No such file or directory', flags = 0, o_flags = 0)"
SCAMPS,P000112,dataset/SCAMPS/scamps_videos/P000112.mat,,,,30.000000,"FileNotFoundError: [Errno 2] Unable to synchronously open file (unable to open file: name = 'dataset/SCAMPS/scamps_videos/P000112.mat', errno = 2, error message = 'No such file or directory', flags = 0, o_flags = 0)"
SCAMPS,P000113,dataset/SCAMPS/scamps_videos/P000113.mat,,,,30.000000,"FileNotFoundError: [Errno 2] Unable to synchronously open file (unable to open file: name = 'dataset/SCAMPS/scamps_videos/P000113.mat', errno = 2, error message = 'No such file or directory', flags = 0, o_flags = 0)"
SCAMPS,P000114,dataset/SCAMPS/scamps_videos/P000114.mat,,,,30.000000,"FileNotFoundError: [Errno 2] Unable to synchronously open file (unable to open file: name = 'dataset/SCAMPS/scamps_videos/P000114.mat', errno = 2, error message = 'No such file or directory', flags = 0, o_flags = 0)"
SCAMPS,P000115,dataset/SCAMPS/scamps_videos/P000115.mat,,,,30.000000,"FileNotFoundError: [Errno 2] Unable to synchronously open file (unable to open file: name = 'dataset/SCAMPS/scamps_videos/P000115.mat', errno = 2, error message = 'No such file or directory', flags = 0, o_flags = 0)"
SCAMPS,P000116,dataset/SCAMPS/scamps_videos/P000116.mat,,,,30.000000,"FileNotFoundError: [Errno 2] Unable to synchronously open file (unable to open file: name = 'dataset/SCAMPS/scamps_videos/P000116.mat', errno = 2, error message = 'No such file or directory', flags = 0, o_flags = 0)"
SCAMPS,P000117,dataset/SCAMPS/scamps_videos/P000117.mat,,,,30.000000,"FileNotFoundError: [Errno 2] Unable to synchronously open file (unable to open file: name = 'dataset/SCAMPS/scamps_videos/P000117.mat', errno = 2, error message = 'No such file or directory', flags = 0, o_flags = 0)"
SCAMPS,P000118,dataset/SCAMPS/scamps_videos/P000118.mat,,,,30.000000,"FileNotFoundError: [Errno 2] Unable to synchronously open file (unable to open file: name = 'dataset/SCAMPS/scamps_videos/P000118.mat', errno = 2, error message = 'No such file or directory', flags = 0, o_flags = 0)"
SCAMPS,P000119,dataset/SCAMPS/scamps_videos/P000119.mat,,,,30.000000,"FileNotFoundError: [Errno 2] Unable to synchronously open file (unable to open file: name = 'dataset/SCAMPS/scamps_videos/P000119.mat', errno = 2, error message = 'No such file or directory', flags = 0, o_flags = 0)"
SCAMPS,P000120,dataset/SCAMPS/scamps_videos/P000120.mat,,,,30.000000,"FileNotFoundError: [Errno 2] Unable to synchronously open file (unable to open file: name = 'dataset/SCAMPS/scamps_videos/P000120.mat', errno = 2, error message = 'No such file or directory', flags = 0, o_flags = 0)"
SCAMPS,P000121,dataset/SCAMPS/scamps_videos/P000121.mat,,,,30.000000,"FileNotFoundError: [Errno 2] Unable to synchronously open file (unable to open file: name = 'dataset/SCAMPS/scamps_videos/P000121.mat', errno = 2, error message = 'No such file or directory', flags = 0, o_flags = 0)"
SCAMPS,P000122,dataset/SCAMPS/scamps_videos/P000122.mat,,,,30.000000,"FileNotFoundError: [Errno 2] Unable to synchronously open file (unable to open file: name = 'dataset/SCAMPS/scamps_videos/P000122.mat', errno = 2, error message = 'No such file or directory', flags = 0, o_flags = 0)"
SCAMPS,P000123,dataset/SCAMPS/scamps_videos/P000123.mat,,,,30.000000,"FileNotFoundError: [Errno 2] Unable to synchronously open file (unable to open file: name = 'dataset/SCAMPS/scamps_videos/P000123.mat', errno = 2, error message = 'No such file or directory', flags = 0, o_flags = 0)"
SCAMPS,P000124,dataset/SCAMPS/scamps_videos/P000124.mat,,,,30.000000,"FileNotFoundError: [Errno 2] Unable to synchronously open file (unable to open file: name = 'dataset/SCAMPS/scamps_videos/P000124.mat', errno = 2, error message = 'No such file or directory', flags = 0, o_flags = 0)"
SCAMPS,P000125,dataset/SCAMPS/scamps_videos/P000125.mat,,,,30.000000,"FileNotFoundError: [Errno 2] Unable to synchronously open file (unable to open file: name = 'dataset/SCAMPS/scamps_videos/P000125.mat', errno = 2, error message = 'No such file or directory', flags = 0, o_flags = 0)"
SCAMPS,P000126,dataset/SCAMPS/scamps_videos/P000126.mat,,,,30.000000,"FileNotFoundError: [Errno 2] Unable to synchronously open file (unable to open file: name = 'dataset/SCAMPS/scamps_videos/P000126.mat', errno = 2, error message = 'No such file or directory', flags = 0, o_flags = 0)"
SCAMPS,P000127,dataset/SCAMPS/scamps_videos/P000127.mat,,,,30.000000,"FileNotFoundError: [Errno 2] Unable to synchronously open file (unable to open file: name = 'dataset/SCAMPS/scamps_videos/P000127.mat', errno = 2, error message = 'No such file or directory', flags = 0, o_flags = 0)"
SCAMPS,P000128,dataset/SCAMPS/scamps_videos/P000128.mat,,,,30.000000,"FileNotFoundError: [Errno 2] Unable to synchronously open file (unable to open file: name = 'dataset/SCAMPS/scamps_videos/P000128.mat', errno = 2, error message = 'No such file or directory', flags = 0, o_flags = 0)"
SCAMPS,P000129,dataset/SCAMPS/scamps_videos/P000129.mat,,,,30.000000,"FileNotFoundError: [Errno 2] Unable to synchronously open file (unable to open file: name = 'dataset/SCAMPS/scamps_videos/P000129.mat', errno = 2, error message = 'No such file or directory', flags = 0, o_flags = 0)"
SCAMPS,P000130,dataset/SCAMPS/scamps_videos/P000130.mat,,,,30.000000,"FileNotFoundError: [Errno 2] Unable to synchronously open file (unable to open file: name = 'dataset/SCAMPS/scamps_videos/P000130.mat', errno = 2, error message = 'No such file or directory', flags = 0, o_flags = 0)"
SCAMPS,P000131,dataset/SCAMPS/scamps_videos/P000131.mat,,,,30.000000,"FileNotFoundError: [Errno 2] Unable to synchronously open file (unable to open file: name = 'dataset/SCAMPS/scamps_videos/P000131.mat', errno = 2, error message = 'No such file or directory', flags = 0, o_flags = 0)"
SCAMPS,P000132,dataset/SCAMPS/scamps_videos/P000132.mat,,,,30.000000,"FileNotFoundError: [Errno 2] Unable to synchronously open file (unable to open file: name = 'dataset/SCAMPS/scamps_videos/P000132.mat', errno = 2, error message = 'No such file or directory', flags = 0, o_flags = 0)"
SCAMPS,P000133,dataset/SCAMPS/scamps_videos/P000133.mat,,,,30.000000,"FileNotFoundError: [Errno 2] Unable to synchronously open file (unable to open file: name = 'dataset/SCAMPS/scamps_videos/P000133.mat', errno = 2, error message = 'No such file or directory', flags = 0, o_flags = 0)"
SCAMPS,P000134,dataset/SCAMPS/scamps_videos/P000134.mat,,,,30.000000,"FileNotFoundError: [Errno 2] Unable to synchronously open file (unable to open file: name = 'dataset/SCAMPS/scamps_videos/P000134.mat', errno = 2, error message = 'No such file or directory', flags = 0, o_flags = 0)"
SCAMPS,P000135,dataset/SCAMPS/scamps_videos/P000135.mat,,,,30.000000,"FileNotFoundError: [Errno 2] Unable to synchronously open file (unable to open file: name = 'dataset/SCAMPS/scamps_videos/P000135.mat', errno = 2, error message = 'No such file or directory', flags = 0, o_flags = 0)"
SCAMPS,P000136,dataset/SCAMPS/scamps_videos/P000136.mat,,,,30.000000,"FileNotFoundError: [Errno 2] Unable to synchronously open file (unable to open file: name = 'dataset/SCAMPS/scamps_videos/P000136.mat', errno = 2, error message = 'No such file or directory', flags = 0, o_flags = 0)"
SCAMPS,P000137,dataset/SCAMPS/scamps_videos/P000137.mat,,,,30.000000,"FileNotFoundError: [Errno 2] Unable to synchronously open file (unable to open file: name = 'dataset/SCAMPS/scamps_videos/P000137.mat', errno = 2, error message = 'No such file or directory', flags = 0, o_flags = 0)"
SCAMPS,P000138,dataset/SCAMPS/scamps_videos/P000138.mat,,,,30.000000,"FileNotFoundError: [Errno 2] Unable to synchronously open file (unable to open file: name = 'dataset/SCAMPS/scamps_videos/P000138.mat', errno = 2, error message = 'No such file or directory', flags = 0, o_flags = 0)"
SCAMPS,P000139,dataset/SCAMPS/scamps_videos/P000139.mat,,,,30.000000,"FileNotFoundError: [Errno 2] Unable to synchronously open file (unable to open file: name = 'dataset/SCAMPS/scamps_videos/P000139.mat', errno = 2, error message = 'No such file or directory', flags = 0, o_flags = 0)"
SCAMPS,P000140,dataset/SCAMPS/scamps_videos/P000140.mat,,,,30.000000,"FileNotFoundError: [Errno 2] Unable to synchronously open file (unable to open file: name = 'dataset/SCAMPS/scamps_videos/P000140.mat', errno = 2, error message = 'No such file or directory', flags = 0, o_flags = 0)"
SCAMPS,P000141,dataset/SCAMPS/scamps_videos/P000141.mat,,,,30.000000,"FileNotFoundError: [Errno 2] Unable to synchronously open file (unable to open file: name = 'dataset/SCAMPS/scamps_videos/P000141.mat', errno = 2, error message = 'No such file or directory', flags = 0, o_flags = 0)"
SCAMPS,P000142,dataset/SCAMPS/scamps_videos/P000142.mat,,,,30.000000,"FileNotFoundError: [Errno 2] Unable to synchronously open file (unable to open file: name = 'dataset/SCAMPS/scamps_videos/P000142.mat', errno = 2, error message = 'No such file or directory', flags = 0, o_flags = 0)"
SCAMPS,P000143,dataset/SCAMPS/scamps_videos/P000143.mat,,,,30.000000,"FileNotFoundError: [Errno 2] Unable to synchronously open file (unable to open file: name = 'dataset/SCAMPS/scamps_videos/P000143.mat', errno = 2, error message = 'No such file or directory', flags = 0, o_flags = 0)"
SCAMPS,P000144,dataset/SCAMPS/scamps_videos/P000144.mat,,,,30.000000,"FileNotFoundError: [Errno 2] Unable to synchronously open file (unable to open file: name = 'dataset/SCAMPS/scamps_videos/P000144.mat', errno = 2, error message = 'No such file or directory', flags = 0, o_flags = 0)"
SCAMPS,P000145,dataset/SCAMPS/scamps_videos/P000145.mat,,,,30.000000,"FileNotFoundError: [Errno 2] Unable to synchronously open file (unable to open file: name = 'dataset/SCAMPS/scamps_videos/P000145.mat', errno = 2, error message = 'No such file or directory', flags = 0, o_flags = 0)"
SCAMPS,P000146,dataset/SCAMPS/scamps_videos/P000146.mat,,,,30.000000,"FileNotFoundError: [Errno 2] Unable to synchronously open file (unable to open file: name = 'dataset/SCAMPS/scamps_videos/P000146.mat', errno = 2, error message = 'No such file or directory', flags = 0, o_flags = 0)"
SCAMPS,P000147,dataset/SCAMPS/scamps_videos/P000147.mat,,,,30.000000,"FileNotFoundError: [Errno 2] Unable to synchronously open file (unable to open file: name = 'dataset/SCAMPS/scamps_videos/P000147.mat', errno = 2, error message = 'No such file or directory', flags = 0, o_flags = 0)"
SCAMPS,P000148,dataset/SCAMPS/scamps_videos/P000148.mat,,,,30.000000,"FileNotFoundError: [Errno 2] Unable to synchronously open file (unable to open file: name = 'dataset/SCAMPS/scamps_videos/P000148.mat', errno = 2, error message = 'No such file or directory', flags = 0, o_flags = 0)"
SCAMPS,P000149,dataset/SCAMPS/scamps_videos/P000149.mat,,,,30.000000,"FileNotFoundError: [Errno 2] Unable to synchronously open file (unable to open file: name = 'dataset/SCAMPS/scamps_videos/P000149.mat', errno = 2, error message = 'No such file or directory', flags = 0, o_flags = 0)"
SCAMPS,P000150,dataset/SCAMPS/scamps_videos/P000150.mat,,,,30.000000,"FileNotFoundError: [Errno 2] Unable to synchronously open file (unable to open file: name = 'dataset/SCAMPS/scamps_videos/P000150.mat', errno = 2, error message = 'No such file or directory', flags = 0, o_flags = 0)"
SCAMPS,P000151,dataset/SCAMPS/scamps_videos/P000151.mat,,,,30.000000,"FileNotFoundError: [Errno 2] Unable to synchronously open file (unable to open file: name = 'dataset/SCAMPS/scamps_videos/P000151.mat', errno = 2, error message = 'No such file or directory', flags = 0, o_flags = 0)"
SCAMPS,P000152,dataset/SCAMPS/scamps_videos/P000152.mat,,,,30.000000,"FileNotFoundError: [Errno 2] Unable to synchronously open file (unable to open file: name = 'dataset/SCAMPS/scamps_videos/P000152.mat', errno = 2, error message = 'No such file or directory', flags = 0, o_flags = 0)"
SCAMPS,P000153,dataset/SCAMPS/scamps_videos/P000153.mat,,,,30.000000,"FileNotFoundError: [Errno 2] Unable to synchronously open file (unable to open file: name = 'dataset/SCAMPS/scamps_videos/P000153.mat', errno = 2, error message = 'No such file or directory', flags = 0, o_flags = 0)"
SCAMPS,P000154,dataset/SCAMPS/scamps_videos/P000154.mat,,,,30.000000,"FileNotFoundError: [Errno 2] Unable to synchronously open file (unable to open file: name = 'dataset/SCAMPS/scamps_videos/P000154.mat', errno = 2, error message = 'No such file or directory', flags = 0, o_flags = 0)"
SCAMPS,P000155,dataset/SCAMPS/scamps_videos/P000155.mat,,,,30.000000,"FileNotFoundError: [Errno 2] Unable to synchronously open file (unable to open file: name = 'dataset/SCAMPS/scamps_videos/P000155.mat', errno = 2, error message = 'No such file or directory', flags = 0, o_flags = 0)"
SCAMPS,P000156,dataset/SCAMPS/scamps_videos/P000156.mat,,,,30.000000,"FileNotFoundError: [Errno 2] Unable to synchronously open file (unable to open file: name = 'dataset/SCAMPS/scamps_videos/P000156.mat', errno = 2, error message = 'No such file or directory', flags = 0, o_flags = 0)"
SCAMPS,P000157,dataset/SCAMPS/scamps_videos/P000157.mat,,,,30.000000,"FileNotFoundError: [Errno 2] Unable to synchronously open file (unable to open file: name = 'dataset/SCAMPS/scamps_videos/P000157.mat', errno = 2, error message = 'No such file or directory', flags = 0, o_flags = 0)"
SCAMPS,P000158,dataset/SCAMPS/scamps_videos/P000158.mat,,,,30.000000,"FileNotFoundError: [Errno 2] Unable to synchronously open file (unable to open file: name = 'dataset/SCAMPS/scamps_videos/P000158.mat', errno = 2, error message = 'No such file or directory', flags = 0, o_flags = 0)"
SCAMPS,P000159,dataset/SCAMPS/scamps_videos/P000159.mat,,,,30.000000,"FileNotFoundError: [Errno 2] Unable to synchronously open file (unable to open file: name = 'dataset/SCAMPS/scamps_videos/P000159.mat', errno = 2, error message = 'No such file or directory', flags = 0, o_flags = 0)"
SCAMPS,P000160,dataset/SCAMPS/scamps_videos/P000160.mat,,,,30.000000,"FileNotFoundError: [Errno 2] Unable to synchronously open file (unable to open file: name = 'dataset/SCAMPS/scamps_videos/P000160.mat', errno = 2, error message = 'No such file or directory', flags = 0, o_flags = 0)"
SCAMPS,P000161,dataset/SCAMPS/scamps_videos/P000161.mat,,,,30.000000,"FileNotFoundError: [Errno 2] Unable to synchronously open file (unable to open file: name = 'dataset/SCAMPS/scamps_videos/P000161.mat', errno = 2, error message = 'No such file or directory', flags = 0, o_flags = 0)"
SCAMPS,P000162,dataset/SCAMPS/scamps_videos/P000162.mat,,,,30.000000,"FileNotFoundError: [Errno 2] Unable to synchronously open file (unable to open file: name = 'dataset/SCAMPS/scamps_videos/P000162.mat', errno = 2, error message = 'No such file or directory', flags = 0, o_flags = 0)"
SCAMPS,P000163,dataset/SCAMPS/scamps_videos/P000163.mat,,,,30.000000,"FileNotFoundError: [Errno 2] Unable to synchronously open file (unable to open file: name = 'dataset/SCAMPS/scamps_videos/P000163.mat', errno = 2, error message = 'No such file or directory', flags = 0, o_flags = 0)"
SCAMPS,P000164,dataset/SCAMPS/scamps_videos/P000164.mat,,,,30.000000,"FileNotFoundError: [Errno 2] Unable to synchronously open file (unable to open file: name = 'dataset/SCAMPS/scamps_videos/P000164.mat', errno = 2, error message = 'No such file or directory', flags = 0, o_flags = 0)"
SCAMPS,P000165,dataset/SCAMPS/scamps_videos/P000165.mat,,,,30.000000,"FileNotFoundError: [Errno 2] Unable to synchronously open file (unable to open file: name = 'dataset/SCAMPS/scamps_videos/P000165.mat', errno = 2, error message = 'No such file or directory', flags = 0, o_flags = 0)"
SCAMPS,P000166,dataset/SCAMPS/scamps_videos/P000166.mat,,,,30.000000,"FileNotFoundError: [Errno 2] Unable to synchronously open file (unable to open file: name = 'dataset/SCAMPS/scamps_videos/P000166.mat', errno = 2, error message = 'No such file or directory', flags = 0, o_flags = 0)"
SCAMPS,P000167,dataset/SCAMPS/scamps_videos/P000167.mat,,,,30.000000,"FileNotFoundError: [Errno 2] Unable to synchronously open file (unable to open file: name = 'dataset/SCAMPS/scamps_videos/P000167.mat', errno = 2, error message = 'No such file or directory', flags = 0, o_flags = 0)"
SCAMPS,P000168,dataset/SCAMPS/scamps_videos/P000168.mat,,,,30.000000,"FileNotFoundError: [Errno 2] Unable to synchronously open file (unable to open file: name = 'dataset/SCAMPS/scamps_videos/P000168.mat', errno = 2, error message = 'No such file or directory', flags = 0, o_flags = 0)"
SCAMPS,P000169,dataset/SCAMPS/scamps_videos/P000169.mat,,,,30.000000,"FileNotFoundError: [Errno 2] Unable to synchronously open file (unable to open file: name = 'dataset/SCAMPS/scamps_videos/P000169.mat', errno = 2, error message = 'No such file or directory', flags = 0, o_flags = 0)"
SCAMPS,P000170,dataset/SCAMPS/scamps_videos/P000170.mat,,,,30.000000,"FileNotFoundError: [Errno 2] Unable to synchronously open file (unable to open file: name = 'dataset/SCAMPS/scamps_videos/P000170.mat', errno = 2, error message = 'No such file or directory', flags = 0, o_flags = 0)"
SCAMPS,P000171,dataset/SCAMPS/scamps_videos/P000171.mat,,,,30.000000,"FileNotFoundError: [Errno 2] Unable to synchronously open file (unable to open file: name = 'dataset/SCAMPS/scamps_videos/P000171.mat', errno = 2, error message = 'No such file or directory', flags = 0, o_flags = 0)"
SCAMPS,P000172,dataset/SCAMPS/scamps_videos/P000172.mat,,,,30.000000,"FileNotFoundError: [Errno 2] Unable to synchronously open file (unable to open file: name = 'dataset/SCAMPS/scamps_videos/P000172.mat', errno = 2, error message = 'No such file or directory', flags = 0, o_flags = 0)"
SCAMPS,P000173,dataset/SCAMPS/scamps_videos/P000173.mat,,,,30.000000,"FileNotFoundError: [Errno 2] Unable to synchronously open file (unable to open file: name = 'dataset/SCAMPS/scamps_videos/P000173.mat', errno = 2, error message = 'No such file or directory', flags = 0, o_flags = 0)"
SCAMPS,P000174,dataset/SCAMPS/scamps_videos/P000174.mat,,,,30.000000,"FileNotFoundError: [Errno 2] Unable to synchronously open file (unable to open file: name = 'dataset/SCAMPS/scamps_videos/P000174.mat', errno = 2, error message = 'No such file or directory', flags = 0, o_flags = 0)"
SCAMPS,P000175,dataset/SCAMPS/scamps_videos/P000175.mat,,,,30.000000,"FileNotFoundError: [Errno 2] Unable to synchronously open file (unable to open file: name = 'dataset/SCAMPS/scamps_videos/P000175.mat', errno = 2, error message = 'No such file or directory', flags = 0, o_flags = 0)"
SCAMPS,P000176,dataset/SCAMPS/scamps_videos/P000176.mat,,,,30.000000,"FileNotFoundError: [Errno 2] Unable to synchronously open file (unable to open file: name = 'dataset/SCAMPS/scamps_videos/P000176.mat', errno = 2, error message = 'No such file or directory', flags = 0, o_flags = 0)"
SCAMPS,P000177,dataset/SCAMPS/scamps_videos/P000177.mat,,,,30.000000,"FileNotFoundError: [Errno 2] Unable to synchronously open file (unable to open file: name = 'dataset/SCAMPS/scamps_videos/P000177.mat', errno = 2, error message = 'No such file or directory', flags = 0, o_flags = 0)"
SCAMPS,P000178,dataset/SCAMPS/scamps_videos/P000178.mat,,,,30.000000,"FileNotFoundError: [Errno 2] Unable to synchronously open file (unable to open file: name = 'dataset/SCAMPS/scamps_videos/P000178.mat', errno = 2, error message = 'No such file or directory', flags = 0, o_flags = 0)"
SCAMPS,P000179,dataset/SCAMPS/scamps_videos/P000179.mat,,,,30.000000,"FileNotFoundError: [Errno 2] Unable to synchronously open file (unable to open file: name = 'dataset/SCAMPS/scamps_videos/P000179.mat', errno = 2, error message = 'No such file or directory', flags = 0, o_flags = 0)"
SCAMPS,P000180,dataset/SCAMPS/scamps_videos/P000180.mat,,,,30.000000,"FileNotFoundError: [Errno 2] Unable to synchronously open file (unable to open file: name = 'dataset/SCAMPS/scamps_videos/P000180.mat', errno = 2, error message = 'No such file or directory', flags = 0, o_flags = 0)"
SCAMPS,P000181,dataset/SCAMPS/scamps_videos/P000181.mat,,,,30.000000,"FileNotFoundError: [Errno 2] Unable to synchronously open file (unable to open file: name = 'dataset/SCAMPS/scamps_videos/P000181.mat', errno = 2, error message = 'No such file or directory', flags = 0, o_flags = 0)"
SCAMPS,P000182,dataset/SCAMPS/scamps_videos/P000182.mat,,,,30.000000,"FileNotFoundError: [Errno 2] Unable to synchronously open file (unable to open file: name = 'dataset/SCAMPS/scamps_videos/P000182.mat', errno = 2, error message = 'No such file or directory', flags = 0, o_flags = 0)"
SCAMPS,P000183,dataset/SCAMPS/scamps_videos/P000183.mat,,,,30.000000,"FileNotFoundError: [Errno 2] Unable to synchronously open file (unable to open file: name = 'dataset/SCAMPS/scamps_videos/P000183.mat', errno = 2, error message = 'No such file or directory', flags = 0, o_flags = 0)"
SCAMPS,P000184,dataset/SCAMPS/scamps_videos/P000184.mat,,,,30.000000,"FileNotFoundError: [Errno 2] Unable to synchronously open file (unable to open file: name = 'dataset/SCAMPS/scamps_videos/P000184.mat', errno = 2, error message = 'No such file or directory', flags = 0, o_flags = 0)"
SCAMPS,P000185,dataset/SCAMPS/scamps_videos/P000185.mat,,,,30.000000,"FileNotFoundError: [Errno 2] Unable to synchronously open file (unable to open file: name = 'dataset/SCAMPS/scamps_videos/P000185.mat', errno = 2, error message = 'No such file or directory', flags = 0, o_flags = 0)"
SCAMPS,P000186,dataset/SCAMPS/scamps_videos/P000186.mat,,,,30.000000,"FileNotFoundError: [Errno 2] Unable to synchronously open file (unable to open file: name = 'dataset/SCAMPS/scamps_videos/P000186.mat', errno = 2, error message = 'No such file or directory', flags = 0, o_flags = 0)"
SCAMPS,P000187,dataset/SCAMPS/scamps_videos/P000187.mat,,,,30.000000,"FileNotFoundError: [Errno 2] Unable to synchronously open file (unable to open file: name = 'dataset/SCAMPS/scamps_videos/P000187.mat', errno = 2, error message = 'No such file or directory', flags = 0, o_flags = 0)"
SCAMPS,P000188,dataset/SCAMPS/scamps_videos/P000188.mat,,,,30.000000,"FileNotFoundError: [Errno 2] Unable to synchronously open file (unable to open file: name = 'dataset/SCAMPS/scamps_videos/P000188.mat', errno = 2, error message = 'No such file or directory', flags = 0, o_flags = 0)"
SCAMPS,P000189,dataset/SCAMPS/scamps_videos/P000189.mat,,,,30.000000,"FileNotFoundError: [Errno 2] Unable to synchronously open file (unable to open file: name = 'dataset/SCAMPS/scamps_videos/P000189.mat', errno = 2, error message = 'No such file or directory', flags = 0, o_flags = 0)"
SCAMPS,P000190,dataset/SCAMPS/scamps_videos/P000190.mat,,,,30.000000,"FileNotFoundError: [Errno 2] Unable to synchronously open file (unable to open file: name = 'dataset/SCAMPS/scamps_videos/P000190.mat', errno = 2, error message = 'No such file or directory', flags = 0, o_flags = 0)"
SCAMPS,P000191,dataset/SCAMPS/scamps_videos/P000191.mat,,,,30.000000,"FileNotFoundError: [Errno 2] Unable to synchronously open file (unable to open file: name = 'dataset/SCAMPS/scamps_videos/P000191.mat', errno = 2, error message = 'No such file or directory', flags = 0, o_flags = 0)"
SCAMPS,P000192,dataset/SCAMPS/scamps_videos/P000192.mat,,,,30.000000,"FileNotFoundError: [Errno 2] Unable to synchronously open file (unable to open file: name = 'dataset/SCAMPS/scamps_videos/P000192.mat', errno = 2, error message = 'No such file or directory', flags = 0, o_flags = 0)"
SCAMPS,P000193,dataset/SCAMPS/scamps_videos/P000193.mat,,,,30.000000,"FileNotFoundError: [Errno 2] Unable to synchronously open file (unable to open file: name = 'dataset/SCAMPS/scamps_videos/P000193.mat', errno = 2, error message = 'No such file or directory', flags = 0, o_flags = 0)"
SCAMPS,P000194,dataset/SCAMPS/scamps_videos/P000194.mat,,,,30.000000,"FileNotFoundError: [Errno 2] Unable to synchronously open file (unable to open file: name = 'dataset/SCAMPS/scamps_videos/P000194.mat', errno = 2, error message = 'No such file or directory', flags = 0, o_flags = 0)"
SCAMPS,P000195,dataset/SCAMPS/scamps_videos/P000195.mat,,,,30.000000,"FileNotFoundError: [Errno 2] Unable to synchronously open file (unable to open file: name = 'dataset/SCAMPS/scamps_videos/P000195.mat', errno = 2, error message = 'No such file or directory', flags = 0, o_flags = 0)"
SCAMPS,P000196,dataset/SCAMPS/scamps_videos/P000196.mat,,,,30.000000,"FileNotFoundError: [Errno 2] Unable to synchronously open file (unable to open file: name = 'dataset/SCAMPS/scamps_videos/P000196.mat', errno = 2, error message = 'No such file or directory', flags = 0, o_flags = 0)"
SCAMPS,P000197,dataset/SCAMPS/scamps_videos/P000197.mat,,,,30.000000,"FileNotFoundError: [Errno 2] Unable to synchronously open file (unable to open file: name = 'dataset/SCAMPS/scamps_videos/P000197.mat', errno = 2, error message = 'No such file or directory', flags = 0, o_flags = 0)"
SCAMPS,P000198,dataset/SCAMPS/scamps_videos/P000198.mat,,,,30.000000,"FileNotFoundError: [Errno 2] Unable to synchronously open file (unable to open file: name = 'dataset/SCAMPS/scamps_videos/P000198.mat', errno = 2, error message = 'No such file or directory', flags = 0, o_flags = 0)"
SCAMPS,P000199,dataset/SCAMPS/scamps_videos/P000199.mat,,,,30.000000,"FileNotFoundError: [Errno 2] Unable to synchronously open file (unable to open file: name = 'dataset/SCAMPS/scamps_videos/P000199.mat', errno = 2, error message = 'No such file or directory', flags = 0, o_flags = 0)"
SCAMPS,P000200,dataset/SCAMPS/scamps_videos/P000200.mat,,,,30.000000,"FileNotFoundError: [Errno 2] Unable to synchronously open file (unable to open file: name = 'dataset/SCAMPS/scamps_videos/P000200.mat', errno = 2, error message = 'No such file or directory', flags = 0, o_flags = 0)"
SCAMPS,P000201,dataset/SCAMPS/scamps_videos/P000201.mat,,,,30.000000,"FileNotFoundError: [Errno 2] Unable to synchronously open file (unable to open file: name = 'dataset/SCAMPS/scamps_videos/P000201.mat', errno = 2, error message = 'No such file or directory', flags = 0, o_flags = 0)"
SCAMPS,P000202,dataset/SCAMPS/scamps_videos/P000202.mat,,,,30.000000,"FileNotFoundError: [Errno 2] Unable to synchronously open file (unable to open file: name = 'dataset/SCAMPS/scamps_videos/P000202.mat', errno = 2, error message = 'No such file or directory', flags = 0, o_flags = 0)"
SCAMPS,P000203,dataset/SCAMPS/scamps_videos/P000203.mat,,,,30.000000,"FileNotFoundError: [Errno 2] Unable to synchronously open file (unable to open file: name = 'dataset/SCAMPS/scamps_videos/P000203.mat', errno = 2, error message = 'No such file or directory', flags = 0, o_flags = 0)"
SCAMPS,P000204,dataset/SCAMPS/scamps_videos/P000204.mat,,,,30.000000,"FileNotFoundError: [Errno 2] Unable to synchronously open file (unable to open file: name = 'dataset/SCAMPS/scamps_videos/P000204.mat', errno = 2, error message = 'No such file or directory', flags = 0, o_flags = 0)"
SCAMPS,P000205,dataset/SCAMPS/scamps_videos/P000205.mat,,,,30.000000,"FileNotFoundError: [Errno 2] Unable to synchronously open file (unable to open file: name = 'dataset/SCAMPS/scamps_videos/P000205.mat', errno = 2, error message = 'No such file or directory', flags = 0, o_flags = 0)"
SCAMPS,P000206,dataset/SCAMPS/scamps_videos/P000206.mat,,,,30.000000,"FileNotFoundError: [Errno 2] Unable to synchronously open file (unable to open file: name = 'dataset/SCAMPS/scamps_videos/P000206.mat', errno = 2, error message = 'No such file or directory', flags = 0, o_flags = 0)"
SCAMPS,P000207,dataset/SCAMPS/scamps_videos/P000207.mat,,,,30.000000,"FileNotFoundError: [Errno 2] Unable to synchronously open file (unable to open file: name = 'dataset/SCAMPS/scamps_videos/P000207.mat', errno = 2, error message = 'No such file or directory', flags = 0, o_flags = 0)"
SCAMPS,P000208,dataset/SCAMPS/scamps_videos/P000208.mat,,,,30.000000,"FileNotFoundError: [Errno 2] Unable to synchronously open file (unable to open file: name = 'dataset/SCAMPS/scamps_videos/P000208.mat', errno = 2, error message = 'No such file or directory', flags = 0, o_flags = 0)"
SCAMPS,P000209,dataset/SCAMPS/scamps_videos/P000209.mat,,,,30.000000,"FileNotFoundError: [Errno 2] Unable to synchronously open file (unable to open file: name = 'dataset/SCAMPS/scamps_videos/P000209.mat', errno = 2, error message = 'No such file or directory', flags = 0, o_flags = 0)"
SCAMPS,P000210,dataset/SCAMPS/scamps_videos/P000210.mat,,,,30.000000,"FileNotFoundError: [Errno 2] Unable to synchronously open file (unable to open file: name = 'dataset/SCAMPS/scamps_videos/P000210.mat', errno = 2, error message = 'No such file or directory', flags = 0, o_flags = 0)"
SCAMPS,P000211,dataset/SCAMPS/scamps_videos/P000211.mat,,,,30.000000,"FileNotFoundError: [Errno 2] Unable to synchronously open file (unable to open file: name = 'dataset/SCAMPS/scamps_videos/P000211.mat', errno = 2, error message = 'No such file or directory', flags = 0, o_flags = 0)"
SCAMPS,P000212,dataset/SCAMPS/scamps_videos/P000212.mat,,,,30.000000,"FileNotFoundError: [Errno 2] Unable to synchronously open file (unable to open file: name = 'dataset/SCAMPS/scamps_videos/P000212.mat', errno = 2, error message = 'No such file or directory', flags = 0, o_flags = 0)"
SCAMPS,P000213,dataset/SCAMPS/scamps_videos/P000213.mat,,,,30.000000,"FileNotFoundError: [Errno 2] Unable to synchronously open file (unable to open file: name = 'dataset/SCAMPS/scamps_videos/P000213.mat', errno = 2, error message = 'No such file or directory', flags = 0, o_flags = 0)"
SCAMPS,P000214,dataset/SCAMPS/scamps_videos/P000214.mat,,,,30.000000,"FileNotFoundError: [Errno 2] Unable to synchronously open file (unable to open file: name = 'dataset/SCAMPS/scamps_videos/P000214.mat', errno = 2, error message = 'No such file or directory', flags = 0, o_flags = 0)"
SCAMPS,P000215,dataset/SCAMPS/scamps_videos/P000215.mat,,,,30.000000,"FileNotFoundError: [Errno 2] Unable to synchronously open file (unable to open file: name = 'dataset/SCAMPS/scamps_videos/P000215.mat', errno = 2, error message = 'No such file or directory', flags = 0, o_flags = 0)"
SCAMPS,P000216,dataset/SCAMPS/scamps_videos/P000216.mat,,,,30.000000,"FileNotFoundError: [Errno 2] Unable to synchronously open file (unable to open file: name = 'dataset/SCAMPS/scamps_videos/P000216.mat', errno = 2, error message = 'No such file or directory', flags = 0, o_flags = 0)"
SCAMPS,P000217,dataset/SCAMPS/scamps_videos/P000217.mat,,,,30.000000,"FileNotFoundError: [Errno 2] Unable to synchronously open file (unable to open file: name = 'dataset/SCAMPS/scamps_videos/P000217.mat', errno = 2, error message = 'No such file or directory', flags = 0, o_flags = 0)"
SCAMPS,P000218,dataset/SCAMPS/scamps_videos/P000218.mat,,,,30.000000,"FileNotFoundError: [Errno 2] Unable to synchronously open file (unable to open file: name = 'dataset/SCAMPS/scamps_videos/P000218.mat', errno = 2, error message = 'No such file or directory', flags = 0, o_flags = 0)"
SCAMPS,P000219,dataset/SCAMPS/scamps_videos/P000219.mat,,,,30.000000,"FileNotFoundError: [Errno 2] Unable to synchronously open file (unable to open file: name = 'dataset/SCAMPS/scamps_videos/P000219.mat', errno = 2, error message = 'No such file or directory', flags = 0, o_flags = 0)"
SCAMPS,P000220,dataset/SCAMPS/scamps_videos/P000220.mat,,,,30.000000,"FileNotFoundError: [Errno 2] Unable to synchronously open file (unable to open file: name = 'dataset/SCAMPS/scamps_videos/P000220.mat', errno = 2, error message = 'No such file or directory', flags = 0, o_flags = 0)"
SCAMPS,P000221,dataset/SCAMPS/scamps_videos/P000221.mat,,,,30.000000,"FileNotFoundError: [Errno 2] Unable to synchronously open file (unable to open file: name = 'dataset/SCAMPS/scamps_videos/P000221.mat', errno = 2, error message = 'No such file or directory', flags = 0, o_flags = 0)"
SCAMPS,P000222,dataset/SCAMPS/scamps_videos/P000222.mat,,,,30.000000,"FileNotFoundError: [Errno 2] Unable to synchronously open file (unable to open file: name = 'dataset/SCAMPS/scamps_videos/P000222.mat', errno = 2, error message = 'No such file or directory', flags = 0, o_flags = 0)"
SCAMPS,P000223,dataset/SCAMPS/scamps_videos/P000223.mat,,,,30.000000,"FileNotFoundError: [Errno 2] Unable to synchronously open file (unable to open file: name = 'dataset/SCAMPS/scamps_videos/P000223.mat', errno = 2, error message = 'No such file or directory', flags = 0, o_flags = 0)"
SCAMPS,P000224,dataset/SCAMPS/scamps_videos/P000224.mat,,,,30.000000,"FileNotFoundError: [Errno 2] Unable to synchronously open file (unable to open file: name = 'dataset/SCAMPS/scamps_videos/P000224.mat', errno = 2, error message = 'No such file or directory', flags = 0, o_flags = 0)"
SCAMPS,P000225,dataset/SCAMPS/scamps_videos/P000225.mat,,,,30.000000,"FileNotFoundError: [Errno 2] Unable to synchronously open file (unable to open file: name = 'dataset/SCAMPS/scamps_videos/P000225.mat', errno = 2, error message = 'No such file or directory', flags = 0, o_flags = 0)"
SCAMPS,P000226,dataset/SCAMPS/scamps_videos/P000226.mat,,,,30.000000,"FileNotFoundError: [Errno 2] Unable to synchronously open file (unable to open file: name = 'dataset/SCAMPS/scamps_videos/P000226.mat', errno = 2, error message = 'No such file or directory', flags = 0, o_flags = 0)"
SCAMPS,P000227,dataset/SCAMPS/scamps_videos/P000227.mat,,,,30.000000,"FileNotFoundError: [Errno 2] Unable to synchronously open file (unable to open file: name = 'dataset/SCAMPS/scamps_videos/P000227.mat', errno = 2, error message = 'No such file or directory', flags = 0, o_flags = 0)"
SCAMPS,P000228,dataset/SCAMPS/scamps_videos/P000228.mat,,,,30.000000,"FileNotFoundError: [Errno 2] Unable to synchronously open file (unable to open file: name = 'dataset/SCAMPS/scamps_videos/P000228.mat', errno = 2, error message = 'No such file or directory', flags = 0, o_flags = 0)"
SCAMPS,P000229,dataset/SCAMPS/scamps_videos/P000229.mat,,,,30.000000,"FileNotFoundError: [Errno 2] Unable to synchronously open file (unable to open file: name = 'dataset/SCAMPS/scamps_videos/P000229.mat', errno = 2, error message = 'No such file or directory', flags = 0, o_flags = 0)"
SCAMPS,P000230,dataset/SCAMPS/scamps_videos/P000230.mat,,,,30.000000,"FileNotFoundError: [Errno 2] Unable to synchronously open file (unable to open file: name = 'dataset/SCAMPS/scamps_videos/P000230.mat', errno = 2, error message = 'No such file or directory', flags = 0, o_flags = 0)"
SCAMPS,P000231,dataset/SCAMPS/scamps_videos/P000231.mat,,,,30.000000,"FileNotFoundError: [Errno 2] Unable to synchronously open file (unable to open file: name = 'dataset/SCAMPS/scamps_videos/P000231.mat', errno = 2, error message = 'No such file or directory', flags = 0, o_flags = 0)"
SCAMPS,P000232,dataset/SCAMPS/scamps_videos/P000232.mat,,,,30.000000,"FileNotFoundError: [Errno 2] Unable to synchronously open file (unable to open file: name = 'dataset/SCAMPS/scamps_videos/P000232.mat', errno = 2, error message = 'No such file or directory', flags = 0, o_flags = 0)"
SCAMPS,P000233,dataset/SCAMPS/scamps_videos/P000233.mat,,,,30.000000,"FileNotFoundError: [Errno 2] Unable to synchronously open file (unable to open file: name = 'dataset/SCAMPS/scamps_videos/P000233.mat', errno = 2, error message = 'No such file or directory', flags = 0, o_flags = 0)"
SCAMPS,P000234,dataset/SCAMPS/scamps_videos/P000234.mat,,,,30.000000,"FileNotFoundError: [Errno 2] Unable to synchronously open file (unable to open file: name = 'dataset/SCAMPS/scamps_videos/P000234.mat', errno = 2, error message = 'No such file or directory', flags = 0, o_flags = 0)"
SCAMPS,P000235,dataset/SCAMPS/scamps_videos/P000235.mat,,,,30.000000,"FileNotFoundError: [Errno 2] Unable to synchronously open file (unable to open file: name = 'dataset/SCAMPS/scamps_videos/P000235.mat', errno = 2, error message = 'No such file or directory', flags = 0, o_flags = 0)"
SCAMPS,P000236,dataset/SCAMPS/scamps_videos/P000236.mat,,,,30.000000,"FileNotFoundError: [Errno 2] Unable to synchronously open file (unable to open file: name = 'dataset/SCAMPS/scamps_videos/P000236.mat', errno = 2, error message = 'No such file or directory', flags = 0, o_flags = 0)"
SCAMPS,P000237,dataset/SCAMPS/scamps_videos/P000237.mat,,,,30.000000,"FileNotFoundError: [Errno 2] Unable to synchronously open file (unable to open file: name = 'dataset/SCAMPS/scamps_videos/P000237.mat', errno = 2, error message = 'No such file or directory', flags = 0, o_flags = 0)"
SCAMPS,P000238,dataset/SCAMPS/scamps_videos/P000238.mat,,,,30.000000,"FileNotFoundError: [Errno 2] Unable to synchronously open file (unable to open file: name = 'dataset/SCAMPS/scamps_videos/P000238.mat', errno = 2, error message = 'No such file or directory', flags = 0, o_flags = 0)"
SCAMPS,P000239,dataset/SCAMPS/scamps_videos/P000239.mat,,,,30.000000,"FileNotFoundError: [Errno 2] Unable to synchronously open file (unable to open file: name = 'dataset/SCAMPS/scamps_videos/P000239.mat', errno = 2, error message = 'No such file or directory', flags = 0, o_flags = 0)"
SCAMPS,P000240,dataset/SCAMPS/scamps_videos/P000240.mat,,,,30.000000,"FileNotFoundError: [Errno 2] Unable to synchronously open file (unable to open file: name = 'dataset/SCAMPS/scamps_videos/P000240.mat', errno = 2, error message = 'No such file or directory', flags = 0, o_flags = 0)"
SCAMPS,P000241,dataset/SCAMPS/scamps_videos/P000241.mat,,,,30.000000,"FileNotFoundError: [Errno 2] Unable to synchronously open file (unable to open file: name = 'dataset/SCAMPS/scamps_videos/P000241.mat', errno = 2, error message = 'No such file or directory', flags = 0, o_flags = 0)"
SCAMPS,P000242,dataset/SCAMPS/scamps_videos/P000242.mat,,,,30.000000,"FileNotFoundError: [Errno 2] Unable to synchronously open file (unable to open file: name = 'dataset/SCAMPS/scamps_videos/P000242.mat', errno = 2, error message = 'No such file or directory', flags = 0, o_flags = 0)"
SCAMPS,P000243,dataset/SCAMPS/scamps_videos/P000243.mat,,,,30.000000,"FileNotFoundError: [Errno 2] Unable to synchronously open file (unable to open file: name = 'dataset/SCAMPS/scamps_videos/P000243.mat', errno = 2, error message = 'No such file or directory', flags = 0, o_flags = 0)"
SCAMPS,P000244,dataset/SCAMPS/scamps_videos/P000244.mat,,,,30.000000,"FileNotFoundError: [Errno 2] Unable to synchronously open file (unable to open file: name = 'dataset/SCAMPS/scamps_videos/P000244.mat', errno = 2, error message = 'No such file or directory', flags = 0, o_flags = 0)"
SCAMPS,P000245,dataset/SCAMPS/scamps_videos/P000245.mat,,,,30.000000,"FileNotFoundError: [Errno 2] Unable to synchronously open file (unable to open file: name = 'dataset/SCAMPS/scamps_videos/P000245.mat', errno = 2, error message = 'No such file or directory', flags = 0, o_flags = 0)"
SCAMPS,P000246,dataset/SCAMPS/scamps_videos/P000246.mat,,,,30.000000,"FileNotFoundError: [Errno 2] Unable to synchronously open file (unable to open file: name = 'dataset/SCAMPS/scamps_videos/P000246.mat', errno = 2, error message = 'No such file or directory', flags = 0, o_flags = 0)"
SCAMPS,P000247,dataset/SCAMPS/scamps_videos/P000247.mat,,,,30.000000,"FileNotFoundError: [Errno 2] Unable to synchronously open file (unable to open file: name = 'dataset/SCAMPS/scamps_videos/P000247.mat', errno = 2, error message = 'No such file or directory', flags = 0, o_flags = 0)"
SCAMPS,P000248,dataset/SCAMPS/scamps_videos/P000248.mat,,,,30.000000,"FileNotFoundError: [Errno 2] Unable to synchronously open file (unable to open file: name = 'dataset/SCAMPS/scamps_videos/P000248.mat', errno = 2, error message = 'No such file or directory', flags = 0, o_flags = 0)"
SCAMPS,P000249,dataset/SCAMPS/scamps_videos/P000249.mat,,,,30.000000,"FileNotFoundError: [Errno 2] Unable to synchronously open file (unable to open file: name = 'dataset/SCAMPS/scamps_videos/P000249.mat', errno = 2, error message = 'No such file or directory', flags = 0, o_flags = 0)"
SCAMPS,P000250,dataset/SCAMPS/scamps_videos/P000250.mat,,,,30.000000,"FileNotFoundError: [Errno 2] Unable to synchronously open file (unable to open file: name = 'dataset/SCAMPS/scamps_videos/P000250.mat', errno = 2, error message = 'No such file or directory', flags = 0, o_flags = 0)"
SCAMPS,P000251,dataset/SCAMPS/scamps_videos/P000251.mat,,,,30.000000,"FileNotFoundError: [Errno 2] Unable to synchronously open file (unable to open file: name = 'dataset/SCAMPS/scamps_videos/P000251.mat', errno = 2, error message = 'No such file or directory', flags = 0, o_flags = 0)"
SCAMPS,P000252,dataset/SCAMPS/scamps_videos/P000252.mat,,,,30.000000,"FileNotFoundError: [Errno 2] Unable to synchronously open file (unable to open file: name = 'dataset/SCAMPS/scamps_videos/P000252.mat', errno = 2, error message = 'No such file or directory', flags = 0, o_flags = 0)"
SCAMPS,P000253,dataset/SCAMPS/scamps_videos/P000253.mat,,,,30.000000,"FileNotFoundError: [Errno 2] Unable to synchronously open file (unable to open file: name = 'dataset/SCAMPS/scamps_videos/P000253.mat', errno = 2, error message = 'No such file or directory', flags = 0, o_flags = 0)"
SCAMPS,P000254,dataset/SCAMPS/scamps_videos/P000254.mat,,,,30.000000,"FileNotFoundError: [Errno 2] Unable to synchronously open file (unable to open file: name = 'dataset/SCAMPS/scamps_videos/P000254.mat', errno = 2, error message = 'No such file or directory', flags = 0, o_flags = 0)"
SCAMPS,P000255,dataset/SCAMPS/scamps_videos/P000255.mat,,,,30.000000,"FileNotFoundError: [Errno 2] Unable to synchronously open file (unable to open file: name = 'dataset/SCAMPS/scamps_videos/P000255.mat', errno = 2, error message = 'No such file or directory', flags = 0, o_flags = 0)"
SCAMPS,P000256,dataset/SCAMPS/scamps_videos/P000256.mat,,,,30.000000,"FileNotFoundError: [Errno 2] Unable to synchronously open file (unable to open file: name = 'dataset/SCAMPS/scamps_videos/P000256.mat', errno = 2, error message = 'No such file or directory', flags = 0, o_flags = 0)"
SCAMPS,P000257,dataset/SCAMPS/scamps_videos/P000257.mat,,,,30.000000,"FileNotFoundError: [Errno 2] Unable to synchronously open file (unable to open file: name = 'dataset/SCAMPS/scamps_videos/P000257.mat', errno = 2, error message = 'No such file or directory', flags = 0, o_flags = 0)"
SCAMPS,P000258,dataset/SCAMPS/scamps_videos/P000258.mat,,,,30.000000,"FileNotFoundError: [Errno 2] Unable to synchronously open file (unable to open file: name = 'dataset/SCAMPS/scamps_videos/P000258.mat', errno = 2, error message = 'No such file or directory', flags = 0, o_flags = 0)"
SCAMPS,P000259,dataset/SCAMPS/scamps_videos/P000259.mat,,,,30.000000,"FileNotFoundError: [Errno 2] Unable to synchronously open file (unable to open file: name = 'dataset/SCAMPS/scamps_videos/P000259.mat', errno = 2, error message = 'No such file or directory', flags = 0, o_flags = 0)"
SCAMPS,P000260,dataset/SCAMPS/scamps_videos/P000260.mat,,,,30.000000,"FileNotFoundError: [Errno 2] Unable to synchronously open file (unable to open file: name = 'dataset/SCAMPS/scamps_videos/P000260.mat', errno = 2, error message = 'No such file or directory', flags = 0, o_flags = 0)"
SCAMPS,P000261,dataset/SCAMPS/scamps_videos/P000261.mat,,,,30.000000,"FileNotFoundError: [Errno 2] Unable to synchronously open file (unable to open file: name = 'dataset/SCAMPS/scamps_videos/P000261.mat', errno = 2, error message = 'No such file or directory', flags = 0, o_flags = 0)"
SCAMPS,P000262,dataset/SCAMPS/scamps_videos/P000262.mat,,,,30.000000,"FileNotFoundError: [Errno 2] Unable to synchronously open file (unable to open file: name = 'dataset/SCAMPS/scamps_videos/P000262.mat', errno = 2, error message = 'No such file or directory', flags = 0, o_flags = 0)"
SCAMPS,P000263,dataset/SCAMPS/scamps_videos/P000263.mat,,,,30.000000,"FileNotFoundError: [Errno 2] Unable to synchronously open file (unable to open file: name = 'dataset/SCAMPS/scamps_videos/P000263.mat', errno = 2, error message = 'No such file or directory', flags = 0, o_flags = 0)"
SCAMPS,P000264,dataset/SCAMPS/scamps_videos/P000264.mat,,,,30.000000,"FileNotFoundError: [Errno 2] Unable to synchronously open file (unable to open file: name = 'dataset/SCAMPS/scamps_videos/P000264.mat', errno = 2, error message = 'No such file or directory', flags = 0, o_flags = 0)"
SCAMPS,P000265,dataset/SCAMPS/scamps_videos/P000265.mat,,,,30.000000,"FileNotFoundError: [Errno 2] Unable to synchronously open file (unable to open file: name = 'dataset/SCAMPS/scamps_videos/P000265.mat', errno = 2, error message = 'No such file or directory', flags = 0, o_flags = 0)"
SCAMPS,P000266,dataset/SCAMPS/scamps_videos/P000266.mat,,,,30.000000,"FileNotFoundError: [Errno 2] Unable to synchronously open file (unable to open file: name = 'dataset/SCAMPS/scamps_videos/P000266.mat', errno = 2, error message = 'No such file or directory', flags = 0, o_flags = 0)"
SCAMPS,P000267,dataset/SCAMPS/scamps_videos/P000267.mat,,,,30.000000,"FileNotFoundError: [Errno 2] Unable to synchronously open file (unable to open file: name = 'dataset/SCAMPS/scamps_videos/P000267.mat', errno = 2, error message = 'No such file or directory', flags = 0, o_flags = 0)"
SCAMPS,P000268,dataset/SCAMPS/scamps_videos/P000268.mat,,,,30.000000,"FileNotFoundError: [Errno 2] Unable to synchronously open file (unable to open file: name = 'dataset/SCAMPS/scamps_videos/P000268.mat', errno = 2, error message = 'No such file or directory', flags = 0, o_flags = 0)"
SCAMPS,P000269,dataset/SCAMPS/scamps_videos/P000269.mat,,,,30.000000,"FileNotFoundError: [Errno 2] Unable to synchronously open file (unable to open file: name = 'dataset/SCAMPS/scamps_videos/P000269.mat', errno = 2, error message = 'No such file or directory', flags = 0, o_flags = 0)"
SCAMPS,P000270,dataset/SCAMPS/scamps_videos/P000270.mat,,,,30.000000,"FileNotFoundError: [Errno 2] Unable to synchronously open file (unable to open file: name = 'dataset/SCAMPS/scamps_videos/P000270.mat', errno = 2, error message = 'No such file or directory', flags = 0, o_flags = 0)"
SCAMPS,P000271,dataset/SCAMPS/scamps_videos/P000271.mat,,,,30.000000,"FileNotFoundError: [Errno 2] Unable to synchronously open file (unable to open file: name = 'dataset/SCAMPS/scamps_videos/P000271.mat', errno = 2, error message = 'No such file or directory', flags = 0, o_flags = 0)"
SCAMPS,P000272,dataset/SCAMPS/scamps_videos/P000272.mat,,,,30.000000,"FileNotFoundError: [Errno 2] Unable to synchronously open file (unable to open file: name = 'dataset/SCAMPS/scamps_videos/P000272.mat', errno = 2, error message = 'No such file or directory', flags = 0, o_flags = 0)"
SCAMPS,P000273,dataset/SCAMPS/scamps_videos/P000273.mat,,,,30.000000,"FileNotFoundError: [Errno 2] Unable to synchronously open file (unable to open file: name = 'dataset/SCAMPS/scamps_videos/P000273.mat', errno = 2, error message = 'No such file or directory', flags = 0, o_flags = 0)"
SCAMPS,P000274,dataset/SCAMPS/scamps_videos/P000274.mat,,,,30.000000,"FileNotFoundError: [Errno 2] Unable to synchronously open file (unable to open file: name = 'dataset/SCAMPS/scamps_videos/P000274.mat', errno = 2, error message = 'No such file or directory', flags = 0, o_flags = 0)"
SCAMPS,P000275,dataset/SCAMPS/scamps_videos/P000275.mat,,,,30.000000,"FileNotFoundError: [Errno 2] Unable to synchronously open file (unable to open file: name = 'dataset/SCAMPS/scamps_videos/P000275.mat', errno = 2, error message = 'No such file or directory', flags = 0, o_flags = 0)"
SCAMPS,P000276,dataset/SCAMPS/scamps_videos/P000276.mat,,,,30.000000,"FileNotFoundError: [Errno 2] Unable to synchronously open file (unable to open file: name = 'dataset/SCAMPS/scamps_videos/P000276.mat', errno = 2, error message = 'No such file or directory', flags = 0, o_flags = 0)"
SCAMPS,P000277,dataset/SCAMPS/scamps_videos/P000277.mat,,,,30.000000,"FileNotFoundError: [Errno 2] Unable to synchronously open file (unable to open file: name = 'dataset/SCAMPS/scamps_videos/P000277.mat', errno = 2, error message = 'No such file or directory', flags = 0, o_flags = 0)"
SCAMPS,P000278,dataset/SCAMPS/scamps_videos/P000278.mat,,,,30.000000,"FileNotFoundError: [Errno 2] Unable to synchronously open file (unable to open file: name = 'dataset/SCAMPS/scamps_videos/P000278.mat', errno = 2, error message = 'No such file or directory', flags = 0, o_flags = 0)"
SCAMPS,P000279,dataset/SCAMPS/scamps_videos/P000279.mat,,,,30.000000,"FileNotFoundError: [Errno 2] Unable to synchronously open file (unable to open file: name = 'dataset/SCAMPS/scamps_videos/P000279.mat', errno = 2, error message = 'No such file or directory', flags = 0, o_flags = 0)"
SCAMPS,P000280,dataset/SCAMPS/scamps_videos/P000280.mat,,,,30.000000,"FileNotFoundError: [Errno 2] Unable to synchronously open file (unable to open file: name = 'dataset/SCAMPS/scamps_videos/P000280.mat', errno = 2, error message = 'No such file or directory', flags = 0, o_flags = 0)"
SCAMPS,P000281,dataset/SCAMPS/scamps_videos/P000281.mat,,,,30.000000,"FileNotFoundError: [Errno 2] Unable to synchronously open file (unable to open file: name = 'dataset/SCAMPS/scamps_videos/P000281.mat', errno = 2, error message = 'No such file or directory', flags = 0, o_flags = 0)"
SCAMPS,P000282,dataset/SCAMPS/scamps_videos/P000282.mat,,,,30.000000,"FileNotFoundError: [Errno 2] Unable to synchronously open file (unable to open file: name = 'dataset/SCAMPS/scamps_videos/P000282.mat', errno = 2, error message = 'No such file or directory', flags = 0, o_flags = 0)"
SCAMPS,P000283,dataset/SCAMPS/scamps_videos/P000283.mat,,,,30.000000,"FileNotFoundError: [Errno 2] Unable to synchronously open file (unable to open file: name = 'dataset/SCAMPS/scamps_videos/P000283.mat', errno = 2, error message = 'No such file or directory', flags = 0, o_flags = 0)"
SCAMPS,P000284,dataset/SCAMPS/scamps_videos/P000284.mat,,,,30.000000,"FileNotFoundError: [Errno 2] Unable to synchronously open file (unable to open file: name = 'dataset/SCAMPS/scamps_videos/P000284.mat', errno = 2, error message = 'No such file or directory', flags = 0, o_flags = 0)"
SCAMPS,P000285,dataset/SCAMPS/scamps_videos/P000285.mat,,,,30.000000,"FileNotFoundError: [Errno 2] Unable to synchronously open file (unable to open file: name = 'dataset/SCAMPS/scamps_videos/P000285.mat', errno = 2, error message = 'No such file or directory', flags = 0, o_flags = 0)"
SCAMPS,P000286,dataset/SCAMPS/scamps_videos/P000286.mat,,,,30.000000,"FileNotFoundError: [Errno 2] Unable to synchronously open file (unable to open file: name = 'dataset/SCAMPS/scamps_videos/P000286.mat', errno = 2, error message = 'No such file or directory', flags = 0, o_flags = 0)"
SCAMPS,P000287,dataset/SCAMPS/scamps_videos/P000287.mat,,,,30.000000,"FileNotFoundError: [Errno 2] Unable to synchronously open file (unable to open file: name = 'dataset/SCAMPS/scamps_videos/P000287.mat', errno = 2, error message = 'No such file or directory', flags = 0, o_flags = 0)"
SCAMPS,P000288,dataset/SCAMPS/scamps_videos/P000288.mat,,,,30.000000,"FileNotFoundError: [Errno 2] Unable to synchronously open file (unable to open file: name = 'dataset/SCAMPS/scamps_videos/P000288.mat', errno = 2, error message = 'No such file or directory', flags = 0, o_flags = 0)"
SCAMPS,P000289,dataset/SCAMPS/scamps_videos/P000289.mat,,,,30.000000,"FileNotFoundError: [Errno 2] Unable to synchronously open file (unable to open file: name = 'dataset/SCAMPS/scamps_videos/P000289.mat', errno = 2, error message = 'No such file or directory', flags = 0, o_flags = 0)"
SCAMPS,P000290,dataset/SCAMPS/scamps_videos/P000290.mat,,,,30.000000,"FileNotFoundError: [Errno 2] Unable to synchronously open file (unable to open file: name = 'dataset/SCAMPS/scamps_videos/P000290.mat', errno = 2, error message = 'No such file or directory', flags = 0, o_flags = 0)"
SCAMPS,P000291,dataset/SCAMPS/scamps_videos/P000291.mat,,,,30.000000,"FileNotFoundError: [Errno 2] Unable to synchronously open file (unable to open file: name = 'dataset/SCAMPS/scamps_videos/P000291.mat', errno = 2, error message = 'No such file or directory', flags = 0, o_flags = 0)"
SCAMPS,P000292,dataset/SCAMPS/scamps_videos/P000292.mat,,,,30.000000,"FileNotFoundError: [Errno 2] Unable to synchronously open file (unable to open file: name = 'dataset/SCAMPS/scamps_videos/P000292.mat', errno = 2, error message = 'No such file or directory', flags = 0, o_flags = 0)"
SCAMPS,P000293,dataset/SCAMPS/scamps_videos/P000293.mat,,,,30.000000,"FileNotFoundError: [Errno 2] Unable to synchronously open file (unable to open file: name = 'dataset/SCAMPS/scamps_videos/P000293.mat', errno = 2, error message = 'No such file or directory', flags = 0, o_flags = 0)"
SCAMPS,P000294,dataset/SCAMPS/scamps_videos/P000294.mat,,,,30.000000,"FileNotFoundError: [Errno 2] Unable to synchronously open file (unable to open file: name = 'dataset/SCAMPS/scamps_videos/P000294.mat', errno = 2, error message = 'No such file or directory', flags = 0, o_flags = 0)"
SCAMPS,P000295,dataset/SCAMPS/scamps_videos/P000295.mat,,,,30.000000,"FileNotFoundError: [Errno 2] Unable to synchronously open file (unable to open file: name = 'dataset/SCAMPS/scamps_videos/P000295.mat', errno = 2, error message = 'No such file or directory', flags = 0, o_flags = 0)"
SCAMPS,P000296,dataset/SCAMPS/scamps_videos/P000296.mat,,,,30.000000,"FileNotFoundError: [Errno 2] Unable to synchronously open file (unable to open file: name = 'dataset/SCAMPS/scamps_videos/P000296.mat', errno = 2, error message = 'No such file or directory', flags = 0, o_flags = 0)"
SCAMPS,P000297,dataset/SCAMPS/scamps_videos/P000297.mat,,,,30.000000,"FileNotFoundError: [Errno 2] Unable to synchronously open file (unable to open file: name = 'dataset/SCAMPS/scamps_videos/P000297.mat', errno = 2, error message = 'No such file or directory', flags = 0, o_flags = 0)"
SCAMPS,P000298,dataset/SCAMPS/scamps_videos/P000298.mat,,,,30.000000,"FileNotFoundError: [Errno 2] Unable to synchronously open file (unable to open file: name = 'dataset/SCAMPS/scamps_videos/P000298.mat', errno = 2, error message = 'No such file or directory', flags = 0, o_flags = 0)"
SCAMPS,P000299,dataset/SCAMPS/scamps_videos/P000299.mat,,,,30.000000,"FileNotFoundError: [Errno 2] Unable to synchronously open file (unable to open file: name = 'dataset/SCAMPS/scamps_videos/P000299.mat', errno = 2, error message = 'No such file or directory', flags = 0, o_flags = 0)"
SCAMPS,P000300,dataset/SCAMPS/scamps_videos/P000300.mat,,,,30.000000,"FileNotFoundError: [Errno 2] Unable to synchronously open file (unable to open file: name = 'dataset/SCAMPS/scamps_videos/P000300.mat', errno = 2, error message = 'No such file or directory', flags = 0, o_flags = 0)"
SCAMPS,P000301,dataset/SCAMPS/scamps_videos/P000301.mat,,,,30.000000,"FileNotFoundError: [Errno 2] Unable to synchronously open file (unable to open file: name = 'dataset/SCAMPS/scamps_videos/P000301.mat', errno = 2, error message = 'No such file or directory', flags = 0, o_flags = 0)"
SCAMPS,P000302,dataset/SCAMPS/scamps_videos/P000302.mat,,,,30.000000,"FileNotFoundError: [Errno 2] Unable to synchronously open file (unable to open file: name = 'dataset/SCAMPS/scamps_videos/P000302.mat', errno = 2, error message = 'No such file or directory', flags = 0, o_flags = 0)"
SCAMPS,P000303,dataset/SCAMPS/scamps_videos/P000303.mat,,,,30.000000,"FileNotFoundError: [Errno 2] Unable to synchronously open file (unable to open file: name = 'dataset/SCAMPS/scamps_videos/P000303.mat', errno = 2, error message = 'No such file or directory', flags = 0, o_flags = 0)"
SCAMPS,P000304,dataset/SCAMPS/scamps_videos/P000304.mat,,,,30.000000,"FileNotFoundError: [Errno 2] Unable to synchronously open file (unable to open file: name = 'dataset/SCAMPS/scamps_videos/P000304.mat', errno = 2, error message = 'No such file or directory', flags = 0, o_flags = 0)"
SCAMPS,P000305,dataset/SCAMPS/scamps_videos/P000305.mat,,,,30.000000,"FileNotFoundError: [Errno 2] Unable to synchronously open file (unable to open file: name = 'dataset/SCAMPS/scamps_videos/P000305.mat', errno = 2, error message = 'No such file or directory', flags = 0, o_flags = 0)"
SCAMPS,P000306,dataset/SCAMPS/scamps_videos/P000306.mat,,,,30.000000,"FileNotFoundError: [Errno 2] Unable to synchronously open file (unable to open file: name = 'dataset/SCAMPS/scamps_videos/P000306.mat', errno = 2, error message = 'No such file or directory', flags = 0, o_flags = 0)"
SCAMPS,P000307,dataset/SCAMPS/scamps_videos/P000307.mat,,,,30.000000,"FileNotFoundError: [Errno 2] Unable to synchronously open file (unable to open file: name = 'dataset/SCAMPS/scamps_videos/P000307.mat', errno = 2, error message = 'No such file or directory', flags = 0, o_flags = 0)"
SCAMPS,P000308,dataset/SCAMPS/scamps_videos/P000308.mat,,,,30.000000,"FileNotFoundError: [Errno 2] Unable to synchronously open file (unable to open file: name = 'dataset/SCAMPS/scamps_videos/P000308.mat', errno = 2, error message = 'No such file or directory', flags = 0, o_flags = 0)"
SCAMPS,P000309,dataset/SCAMPS/scamps_videos/P000309.mat,,,,30.000000,"FileNotFoundError: [Errno 2] Unable to synchronously open file (unable to open file: name = 'dataset/SCAMPS/scamps_videos/P000309.mat', errno = 2, error message = 'No such file or directory', flags = 0, o_flags = 0)"
SCAMPS,P000310,dataset/SCAMPS/scamps_videos/P000310.mat,,,,30.000000,"FileNotFoundError: [Errno 2] Unable to synchronously open file (unable to open file: name = 'dataset/SCAMPS/scamps_videos/P000310.mat', errno = 2, error message = 'No such file or directory', flags = 0, o_flags = 0)"
SCAMPS,P000311,dataset/SCAMPS/scamps_videos/P000311.mat,,,,30.000000,"FileNotFoundError: [Errno 2] Unable to synchronously open file (unable to open file: name = 'dataset/SCAMPS/scamps_videos/P000311.mat', errno = 2, error message = 'No such file or directory', flags = 0, o_flags = 0)"
SCAMPS,P000312,dataset/SCAMPS/scamps_videos/P000312.mat,,,,30.000000,"FileNotFoundError: [Errno 2] Unable to synchronously open file (unable to open file: name = 'dataset/SCAMPS/scamps_videos/P000312.mat', errno = 2, error message = 'No such file or directory', flags = 0, o_flags = 0)"
SCAMPS,P000313,dataset/SCAMPS/scamps_videos/P000313.mat,,,,30.000000,"FileNotFoundError: [Errno 2] Unable to synchronously open file (unable to open file: name = 'dataset/SCAMPS/scamps_videos/P000313.mat', errno = 2, error message = 'No such file or directory', flags = 0, o_flags = 0)"
SCAMPS,P000314,dataset/SCAMPS/scamps_videos/P000314.mat,,,,30.000000,"FileNotFoundError: [Errno 2] Unable to synchronously open file (unable to open file: name = 'dataset/SCAMPS/scamps_videos/P000314.mat', errno = 2, error message = 'No such file or directory', flags = 0, o_flags = 0)"
SCAMPS,P000315,dataset/SCAMPS/scamps_videos/P000315.mat,,,,30.000000,"FileNotFoundError: [Errno 2] Unable to synchronously open file (unable to open file: name = 'dataset/SCAMPS/scamps_videos/P000315.mat', errno = 2, error message = 'No such file or directory', flags = 0, o_flags = 0)"
SCAMPS,P000316,dataset/SCAMPS/scamps_videos/P000316.mat,,,,30.000000,"FileNotFoundError: [Errno 2] Unable to synchronously open file (unable to open file: name = 'dataset/SCAMPS/scamps_videos/P000316.mat', errno = 2, error message = 'No such file or directory', flags = 0, o_flags = 0)"
SCAMPS,P000317,dataset/SCAMPS/scamps_videos/P000317.mat,,,,30.000000,"FileNotFoundError: [Errno 2] Unable to synchronously open file (unable to open file: name = 'dataset/SCAMPS/scamps_videos/P000317.mat', errno = 2, error message = 'No such file or directory', flags = 0, o_flags = 0)"
SCAMPS,P000318,dataset/SCAMPS/scamps_videos/P000318.mat,,,,30.000000,"FileNotFoundError: [Errno 2] Unable to synchronously open file (unable to open file: name = 'dataset/SCAMPS/scamps_videos/P000318.mat', errno = 2, error message = 'No such file or directory', flags = 0, o_flags = 0)"
SCAMPS,P000319,dataset/SCAMPS/scamps_videos/P000319.mat,,,,30.000000,"FileNotFoundError: [Errno 2] Unable to synchronously open file (unable to open file: name = 'dataset/SCAMPS/scamps_videos/P000319.mat', errno = 2, error message = 'No such file or directory', flags = 0, o_flags = 0)"
SCAMPS,P000320,dataset/SCAMPS/scamps_videos/P000320.mat,,,,30.000000,"FileNotFoundError: [Errno 2] Unable to synchronously open file (unable to open file: name = 'dataset/SCAMPS/scamps_videos/P000320.mat', errno = 2, error message = 'No such file or directory', flags = 0, o_flags = 0)"
SCAMPS,P000321,dataset/SCAMPS/scamps_videos/P000321.mat,,,,30.000000,"FileNotFoundError: [Errno 2] Unable to synchronously open file (unable to open file: name = 'dataset/SCAMPS/scamps_videos/P000321.mat', errno = 2, error message = 'No such file or directory', flags = 0, o_flags = 0)"
SCAMPS,P000322,dataset/SCAMPS/scamps_videos/P000322.mat,,,,30.000000,"FileNotFoundError: [Errno 2] Unable to synchronously open file (unable to open file: name = 'dataset/SCAMPS/scamps_videos/P000322.mat', errno = 2, error message = 'No such file or directory', flags = 0, o_flags = 0)"
SCAMPS,P000323,dataset/SCAMPS/scamps_videos/P000323.mat,,,,30.000000,"FileNotFoundError: [Errno 2] Unable to synchronously open file (unable to open file: name = 'dataset/SCAMPS/scamps_videos/P000323.mat', errno = 2, error message = 'No such file or directory', flags = 0, o_flags = 0)"
SCAMPS,P000324,dataset/SCAMPS/scamps_videos/P000324.mat,,,,30.000000,"FileNotFoundError: [Errno 2] Unable to synchronously open file (unable to open file: name = 'dataset/SCAMPS/scamps_videos/P000324.mat', errno = 2, error message = 'No such file or directory', flags = 0, o_flags = 0)"
SCAMPS,P000325,dataset/SCAMPS/scamps_videos/P000325.mat,,,,30.000000,"FileNotFoundError: [Errno 2] Unable to synchronously open file (unable to open file: name = 'dataset/SCAMPS/scamps_videos/P000325.mat', errno = 2, error message = 'No such file or directory', flags = 0, o_flags = 0)"
SCAMPS,P000326,dataset/SCAMPS/scamps_videos/P000326.mat,,,,30.000000,"FileNotFoundError: [Errno 2] Unable to synchronously open file (unable to open file: name = 'dataset/SCAMPS/scamps_videos/P000326.mat', errno = 2, error message = 'No such file or directory', flags = 0, o_flags = 0)"
SCAMPS,P000327,dataset/SCAMPS/scamps_videos/P000327.mat,,,,30.000000,"FileNotFoundError: [Errno 2] Unable to synchronously open file (unable to open file: name = 'dataset/SCAMPS/scamps_videos/P000327.mat', errno = 2, error message = 'No such file or directory', flags = 0, o_flags = 0)"
SCAMPS,P000328,dataset/SCAMPS/scamps_videos/P000328.mat,,,,30.000000,"FileNotFoundError: [Errno 2] Unable to synchronously open file (unable to open file: name = 'dataset/SCAMPS/scamps_videos/P000328.mat', errno = 2, error message = 'No such file or directory', flags = 0, o_flags = 0)"
SCAMPS,P000329,dataset/SCAMPS/scamps_videos/P000329.mat,,,,30.000000,"FileNotFoundError: [Errno 2] Unable to synchronously open file (unable to open file: name = 'dataset/SCAMPS/scamps_videos/P000329.mat', errno = 2, error message = 'No such file or directory', flags = 0, o_flags = 0)"
SCAMPS,P000330,dataset/SCAMPS/scamps_videos/P000330.mat,,,,30.000000,"FileNotFoundError: [Errno 2] Unable to synchronously open file (unable to open file: name = 'dataset/SCAMPS/scamps_videos/P000330.mat', errno = 2, error message = 'No such file or directory', flags = 0, o_flags = 0)"
SCAMPS,P000331,dataset/SCAMPS/scamps_videos/P000331.mat,,,,30.000000,"FileNotFoundError: [Errno 2] Unable to synchronously open file (unable to open file: name = 'dataset/SCAMPS/scamps_videos/P000331.mat', errno = 2, error message = 'No such file or directory', flags = 0, o_flags = 0)"
SCAMPS,P000332,dataset/SCAMPS/scamps_videos/P000332.mat,,,,30.000000,"FileNotFoundError: [Errno 2] Unable to synchronously open file (unable to open file: name = 'dataset/SCAMPS/scamps_videos/P000332.mat', errno = 2, error message = 'No such file or directory', flags = 0, o_flags = 0)"
SCAMPS,P000333,dataset/SCAMPS/scamps_videos/P000333.mat,,,,30.000000,"FileNotFoundError: [Errno 2] Unable to synchronously open file (unable to open file: name = 'dataset/SCAMPS/scamps_videos/P000333.mat', errno = 2, error message = 'No such file or directory', flags = 0, o_flags = 0)"
SCAMPS,P000334,dataset/SCAMPS/scamps_videos/P000334.mat,,,,30.000000,"FileNotFoundError: [Errno 2] Unable to synchronously open file (unable to open file: name = 'dataset/SCAMPS/scamps_videos/P000334.mat', errno = 2, error message = 'No such file or directory', flags = 0, o_flags = 0)"
SCAMPS,P000335,dataset/SCAMPS/scamps_videos/P000335.mat,,,,30.000000,"FileNotFoundError: [Errno 2] Unable to synchronously open file (unable to open file: name = 'dataset/SCAMPS/scamps_videos/P000335.mat', errno = 2, error message = 'No such file or directory', flags = 0, o_flags = 0)"
SCAMPS,P000336,dataset/SCAMPS/scamps_videos/P000336.mat,,,,30.000000,"FileNotFoundError: [Errno 2] Unable to synchronously open file (unable to open file: name = 'dataset/SCAMPS/scamps_videos/P000336.mat', errno = 2, error message = 'No such file or directory', flags = 0, o_flags = 0)"
SCAMPS,P000337,dataset/SCAMPS/scamps_videos/P000337.mat,,,,30.000000,"FileNotFoundError: [Errno 2] Unable to synchronously open file (unable to open file: name = 'dataset/SCAMPS/scamps_videos/P000337.mat', errno = 2, error message = 'No such file or directory', flags = 0, o_flags = 0)"
SCAMPS,P000338,dataset/SCAMPS/scamps_videos/P000338.mat,,,,30.000000,"FileNotFoundError: [Errno 2] Unable to synchronously open file (unable to open file: name = 'dataset/SCAMPS/scamps_videos/P000338.mat', errno = 2, error message = 'No such file or directory', flags = 0, o_flags = 0)"
SCAMPS,P000339,dataset/SCAMPS/scamps_videos/P000339.mat,,,,30.000000,"FileNotFoundError: [Errno 2] Unable to synchronously open file (unable to open file: name = 'dataset/SCAMPS/scamps_videos/P000339.mat', errno = 2, error message = 'No such file or directory', flags = 0, o_flags = 0)"
SCAMPS,P000340,dataset/SCAMPS/scamps_videos/P000340.mat,,,,30.000000,"FileNotFoundError: [Errno 2] Unable to synchronously open file (unable to open file: name = 'dataset/SCAMPS/scamps_videos/P000340.mat', errno = 2, error message = 'No such file or directory', flags = 0, o_flags = 0)"
SCAMPS,P000341,dataset/SCAMPS/scamps_videos/P000341.mat,,,,30.000000,"FileNotFoundError: [Errno 2] Unable to synchronously open file (unable to open file: name = 'dataset/SCAMPS/scamps_videos/P000341.mat', errno = 2, error message = 'No such file or directory', flags = 0, o_flags = 0)"
SCAMPS,P000342,dataset/SCAMPS/scamps_videos/P000342.mat,,,,30.000000,"FileNotFoundError: [Errno 2] Unable to synchronously open file (unable to open file: name = 'dataset/SCAMPS/scamps_videos/P000342.mat', errno = 2, error message = 'No such file or directory', flags = 0, o_flags = 0)"
SCAMPS,P000343,dataset/SCAMPS/scamps_videos/P000343.mat,,,,30.000000,"FileNotFoundError: [Errno 2] Unable to synchronously open file (unable to open file: name = 'dataset/SCAMPS/scamps_videos/P000343.mat', errno = 2, error message = 'No such file or directory', flags = 0, o_flags = 0)"
SCAMPS,P000344,dataset/SCAMPS/scamps_videos/P000344.mat,,,,30.000000,"FileNotFoundError: [Errno 2] Unable to synchronously open file (unable to open file: name = 'dataset/SCAMPS/scamps_videos/P000344.mat', errno = 2, error message = 'No such file or directory', flags = 0, o_flags = 0)"
SCAMPS,P000345,dataset/SCAMPS/scamps_videos/P000345.mat,,,,30.000000,"FileNotFoundError: [Errno 2] Unable to synchronously open file (unable to open file: name = 'dataset/SCAMPS/scamps_videos/P000345.mat', errno = 2, error message = 'No such file or directory', flags = 0, o_flags = 0)"
SCAMPS,P000346,dataset/SCAMPS/scamps_videos/P000346.mat,,,,30.000000,"FileNotFoundError: [Errno 2] Unable to synchronously open file (unable to open file: name = 'dataset/SCAMPS/scamps_videos/P000346.mat', errno = 2, error message = 'No such file or directory', flags = 0, o_flags = 0)"
SCAMPS,P000347,dataset/SCAMPS/scamps_videos/P000347.mat,,,,30.000000,"FileNotFoundError: [Errno 2] Unable to synchronously open file (unable to open file: name = 'dataset/SCAMPS/scamps_videos/P000347.mat', errno = 2, error message = 'No such file or directory', flags = 0, o_flags = 0)"
SCAMPS,P000348,dataset/SCAMPS/scamps_videos/P000348.mat,,,,30.000000,"FileNotFoundError: [Errno 2] Unable to synchronously open file (unable to open file: name = 'dataset/SCAMPS/scamps_videos/P000348.mat', errno = 2, error message = 'No such file or directory', flags = 0, o_flags = 0)"
SCAMPS,P000349,dataset/SCAMPS/scamps_videos/P000349.mat,,,,30.000000,"FileNotFoundError: [Errno 2] Unable to synchronously open file (unable to open file: name = 'dataset/SCAMPS/scamps_videos/P000349.mat', errno = 2, error message = 'No such file or directory', flags = 0, o_flags = 0)"
SCAMPS,P000350,dataset/SCAMPS/scamps_videos/P000350.mat,,,,30.000000,"FileNotFoundError: [Errno 2] Unable to synchronously open file (unable to open file: name = 'dataset/SCAMPS/scamps_videos/P000350.mat', errno = 2, error message = 'No such file or directory', flags = 0, o_flags = 0)"
SCAMPS,P000351,dataset/SCAMPS/scamps_videos/P000351.mat,,,,30.000000,"FileNotFoundError: [Errno 2] Unable to synchronously open file (unable to open file: name = 'dataset/SCAMPS/scamps_videos/P000351.mat', errno = 2, error message = 'No such file or directory', flags = 0, o_flags = 0)"
SCAMPS,P000352,dataset/SCAMPS/scamps_videos/P000352.mat,,,,30.000000,"FileNotFoundError: [Errno 2] Unable to synchronously open file (unable to open file: name = 'dataset/SCAMPS/scamps_videos/P000352.mat', errno = 2, error message = 'No such file or directory', flags = 0, o_flags = 0)"
SCAMPS,P000353,dataset/SCAMPS/scamps_videos/P000353.mat,,,,30.000000,"FileNotFoundError: [Errno 2] Unable to synchronously open file (unable to open file: name = 'dataset/SCAMPS/scamps_videos/P000353.mat', errno = 2, error message = 'No such file or directory', flags = 0, o_flags = 0)"
SCAMPS,P000354,dataset/SCAMPS/scamps_videos/P000354.mat,,,,30.000000,"FileNotFoundError: [Errno 2] Unable to synchronously open file (unable to open file: name = 'dataset/SCAMPS/scamps_videos/P000354.mat', errno = 2, error message = 'No such file or directory', flags = 0, o_flags = 0)"
SCAMPS,P000355,dataset/SCAMPS/scamps_videos/P000355.mat,,,,30.000000,"FileNotFoundError: [Errno 2] Unable to synchronously open file (unable to open file: name = 'dataset/SCAMPS/scamps_videos/P000355.mat', errno = 2, error message = 'No such file or directory', flags = 0, o_flags = 0)"
SCAMPS,P000356,dataset/SCAMPS/scamps_videos/P000356.mat,,,,30.000000,"FileNotFoundError: [Errno 2] Unable to synchronously open file (unable to open file: name = 'dataset/SCAMPS/scamps_videos/P000356.mat', errno = 2, error message = 'No such file or directory', flags = 0, o_flags = 0)"
SCAMPS,P000357,dataset/SCAMPS/scamps_videos/P000357.mat,,,,30.000000,"FileNotFoundError: [Errno 2] Unable to synchronously open file (unable to open file: name = 'dataset/SCAMPS/scamps_videos/P000357.mat', errno = 2, error message = 'No such file or directory', flags = 0, o_flags = 0)"
SCAMPS,P000358,dataset/SCAMPS/scamps_videos/P000358.mat,,,,30.000000,"FileNotFoundError: [Errno 2] Unable to synchronously open file (unable to open file: name = 'dataset/SCAMPS/scamps_videos/P000358.mat', errno = 2, error message = 'No such file or directory', flags = 0, o_flags = 0)"
SCAMPS,P000359,dataset/SCAMPS/scamps_videos/P000359.mat,,,,30.000000,"FileNotFoundError: [Errno 2] Unable to synchronously open file (unable to open file: name = 'dataset/SCAMPS/scamps_videos/P000359.mat', errno = 2, error message = 'No such file or directory', flags = 0, o_flags = 0)"
SCAMPS,P000360,dataset/SCAMPS/scamps_videos/P000360.mat,,,,30.000000,"FileNotFoundError: [Errno 2] Unable to synchronously open file (unable to open file: name = 'dataset/SCAMPS/scamps_videos/P000360.mat', errno = 2, error message = 'No such file or directory', flags = 0, o_flags = 0)"
SCAMPS,P000361,dataset/SCAMPS/scamps_videos/P000361.mat,,,,30.000000,"FileNotFoundError: [Errno 2] Unable to synchronously open file (unable to open file: name = 'dataset/SCAMPS/scamps_videos/P000361.mat', errno = 2, error message = 'No such file or directory', flags = 0, o_flags = 0)"
SCAMPS,P000362,dataset/SCAMPS/scamps_videos/P000362.mat,,,,30.000000,"FileNotFoundError: [Errno 2] Unable to synchronously open file (unable to open file: name = 'dataset/SCAMPS/scamps_videos/P000362.mat', errno = 2, error message = 'No such file or directory', flags = 0, o_flags = 0)"
SCAMPS,P000363,dataset/SCAMPS/scamps_videos/P000363.mat,,,,30.000000,"FileNotFoundError: [Errno 2] Unable to synchronously open file (unable to open file: name = 'dataset/SCAMPS/scamps_videos/P000363.mat', errno = 2, error message = 'No such file or directory', flags = 0, o_flags = 0)"
SCAMPS,P000364,dataset/SCAMPS/scamps_videos/P000364.mat,,,,30.000000,"FileNotFoundError: [Errno 2] Unable to synchronously open file (unable to open file: name = 'dataset/SCAMPS/scamps_videos/P000364.mat', errno = 2, error message = 'No such file or directory', flags = 0, o_flags = 0)"
SCAMPS,P000365,dataset/SCAMPS/scamps_videos/P000365.mat,,,,30.000000,"FileNotFoundError: [Errno 2] Unable to synchronously open file (unable to open file: name = 'dataset/SCAMPS/scamps_videos/P000365.mat', errno = 2, error message = 'No such file or directory', flags = 0, o_flags = 0)"
SCAMPS,P000366,dataset/SCAMPS/scamps_videos/P000366.mat,,,,30.000000,"FileNotFoundError: [Errno 2] Unable to synchronously open file (unable to open file: name = 'dataset/SCAMPS/scamps_videos/P000366.mat', errno = 2, error message = 'No such file or directory', flags = 0, o_flags = 0)"
SCAMPS,P000367,dataset/SCAMPS/scamps_videos/P000367.mat,,,,30.000000,"FileNotFoundError: [Errno 2] Unable to synchronously open file (unable to open file: name = 'dataset/SCAMPS/scamps_videos/P000367.mat', errno = 2, error message = 'No such file or directory', flags = 0, o_flags = 0)"
SCAMPS,P000368,dataset/SCAMPS/scamps_videos/P000368.mat,,,,30.000000,"FileNotFoundError: [Errno 2] Unable to synchronously open file (unable to open file: name = 'dataset/SCAMPS/scamps_videos/P000368.mat', errno = 2, error message = 'No such file or directory', flags = 0, o_flags = 0)"
SCAMPS,P000369,dataset/SCAMPS/scamps_videos/P000369.mat,,,,30.000000,"FileNotFoundError: [Errno 2] Unable to synchronously open file (unable to open file: name = 'dataset/SCAMPS/scamps_videos/P000369.mat', errno = 2, error message = 'No such file or directory', flags = 0, o_flags = 0)"
SCAMPS,P000370,dataset/SCAMPS/scamps_videos/P000370.mat,,,,30.000000,"FileNotFoundError: [Errno 2] Unable to synchronously open file (unable to open file: name = 'dataset/SCAMPS/scamps_videos/P000370.mat', errno = 2, error message = 'No such file or directory', flags = 0, o_flags = 0)"
SCAMPS,P000371,dataset/SCAMPS/scamps_videos/P000371.mat,,,,30.000000,"FileNotFoundError: [Errno 2] Unable to synchronously open file (unable to open file: name = 'dataset/SCAMPS/scamps_videos/P000371.mat', errno = 2, error message = 'No such file or directory', flags = 0, o_flags = 0)"
SCAMPS,P000372,dataset/SCAMPS/scamps_videos/P000372.mat,,,,30.000000,"FileNotFoundError: [Errno 2] Unable to synchronously open file (unable to open file: name = 'dataset/SCAMPS/scamps_videos/P000372.mat', errno = 2, error message = 'No such file or directory', flags = 0, o_flags = 0)"
SCAMPS,P000373,dataset/SCAMPS/scamps_videos/P000373.mat,,,,30.000000,"FileNotFoundError: [Errno 2] Unable to synchronously open file (unable to open file: name = 'dataset/SCAMPS/scamps_videos/P000373.mat', errno = 2, error message = 'No such file or directory', flags = 0, o_flags = 0)"
SCAMPS,P000374,dataset/SCAMPS/scamps_videos/P000374.mat,,,,30.000000,"FileNotFoundError: [Errno 2] Unable to synchronously open file (unable to open file: name = 'dataset/SCAMPS/scamps_videos/P000374.mat', errno = 2, error message = 'No such file or directory', flags = 0, o_flags = 0)"
SCAMPS,P000375,dataset/SCAMPS/scamps_videos/P000375.mat,,,,30.000000,"FileNotFoundError: [Errno 2] Unable to synchronously open file (unable to open file: name = 'dataset/SCAMPS/scamps_videos/P000375.mat', errno = 2, error message = 'No such file or directory', flags = 0, o_flags = 0)"
SCAMPS,P000376,dataset/SCAMPS/scamps_videos/P000376.mat,,,,30.000000,"FileNotFoundError: [Errno 2] Unable to synchronously open file (unable to open file: name = 'dataset/SCAMPS/scamps_videos/P000376.mat', errno = 2, error message = 'No such file or directory', flags = 0, o_flags = 0)"
SCAMPS,P000377,dataset/SCAMPS/scamps_videos/P000377.mat,,,,30.000000,"FileNotFoundError: [Errno 2] Unable to synchronously open file (unable to open file: name = 'dataset/SCAMPS/scamps_videos/P000377.mat', errno = 2, error message = 'No such file or directory', flags = 0, o_flags = 0)"
SCAMPS,P000378,dataset/SCAMPS/scamps_videos/P000378.mat,,,,30.000000,"FileNotFoundError: [Errno 2] Unable to synchronously open file (unable to open file: name = 'dataset/SCAMPS/scamps_videos/P000378.mat', errno = 2, error message = 'No such file or directory', flags = 0, o_flags = 0)"
SCAMPS,P000379,dataset/SCAMPS/scamps_videos/P000379.mat,,,,30.000000,"FileNotFoundError: [Errno 2] Unable to synchronously open file (unable to open file: name = 'dataset/SCAMPS/scamps_videos/P000379.mat', errno = 2, error message = 'No such file or directory', flags = 0, o_flags = 0)"
SCAMPS,P000380,dataset/SCAMPS/scamps_videos/P000380.mat,,,,30.000000,"FileNotFoundError: [Errno 2] Unable to synchronously open file (unable to open file: name = 'dataset/SCAMPS/scamps_videos/P000380.mat', errno = 2, error message = 'No such file or directory', flags = 0, o_flags = 0)"
SCAMPS,P000381,dataset/SCAMPS/scamps_videos/P000381.mat,,,,30.000000,"FileNotFoundError: [Errno 2] Unable to synchronously open file (unable to open file: name = 'dataset/SCAMPS/scamps_videos/P000381.mat', errno = 2, error message = 'No such file or directory', flags = 0, o_flags = 0)"
SCAMPS,P000382,dataset/SCAMPS/scamps_videos/P000382.mat,,,,30.000000,"FileNotFoundError: [Errno 2] Unable to synchronously open file (unable to open file: name = 'dataset/SCAMPS/scamps_videos/P000382.mat', errno = 2, error message = 'No such file or directory', flags = 0, o_flags = 0)"
SCAMPS,P000383,dataset/SCAMPS/scamps_videos/P000383.mat,,,,30.000000,"FileNotFoundError: [Errno 2] Unable to synchronously open file (unable to open file: name = 'dataset/SCAMPS/scamps_videos/P000383.mat', errno = 2, error message = 'No such file or directory', flags = 0, o_flags = 0)"
SCAMPS,P000384,dataset/SCAMPS/scamps_videos/P000384.mat,,,,30.000000,"FileNotFoundError: [Errno 2] Unable to synchronously open file (unable to open file: name = 'dataset/SCAMPS/scamps_videos/P000384.mat', errno = 2, error message = 'No such file or directory', flags = 0, o_flags = 0)"
SCAMPS,P000385,dataset/SCAMPS/scamps_videos/P000385.mat,,,,30.000000,"FileNotFoundError: [Errno 2] Unable to synchronously open file (unable to open file: name = 'dataset/SCAMPS/scamps_videos/P000385.mat', errno = 2, error message = 'No such file or directory', flags = 0, o_flags = 0)"
SCAMPS,P000386,dataset/SCAMPS/scamps_videos/P000386.mat,,,,30.000000,"FileNotFoundError: [Errno 2] Unable to synchronously open file (unable to open file: name = 'dataset/SCAMPS/scamps_videos/P000386.mat', errno = 2, error message = 'No such file or directory', flags = 0, o_flags = 0)"
SCAMPS,P000387,dataset/SCAMPS/scamps_videos/P000387.mat,,,,30.000000,"FileNotFoundError: [Errno 2] Unable to synchronously open file (unable to open file: name = 'dataset/SCAMPS/scamps_videos/P000387.mat', errno = 2, error message = 'No such file or directory', flags = 0, o_flags = 0)"
SCAMPS,P000388,dataset/SCAMPS/scamps_videos/P000388.mat,,,,30.000000,"FileNotFoundError: [Errno 2] Unable to synchronously open file (unable to open file: name = 'dataset/SCAMPS/scamps_videos/P000388.mat', errno = 2, error message = 'No such file or directory', flags = 0, o_flags = 0)"
SCAMPS,P000389,dataset/SCAMPS/scamps_videos/P000389.mat,,,,30.000000,"FileNotFoundError: [Errno 2] Unable to synchronously open file (unable to open file: name = 'dataset/SCAMPS/scamps_videos/P000389.mat', errno = 2, error message = 'No such file or directory', flags = 0, o_flags = 0)"
SCAMPS,P000390,dataset/SCAMPS/scamps_videos/P000390.mat,,,,30.000000,"FileNotFoundError: [Errno 2] Unable to synchronously open file (unable to open file: name = 'dataset/SCAMPS/scamps_videos/P000390.mat', errno = 2, error message = 'No such file or directory', flags = 0, o_flags = 0)"
SCAMPS,P000391,dataset/SCAMPS/scamps_videos/P000391.mat,,,,30.000000,"FileNotFoundError: [Errno 2] Unable to synchronously open file (unable to open file: name = 'dataset/SCAMPS/scamps_videos/P000391.mat', errno = 2, error message = 'No such file or directory', flags = 0, o_flags = 0)"
SCAMPS,P000392,dataset/SCAMPS/scamps_videos/P000392.mat,,,,30.000000,"FileNotFoundError: [Errno 2] Unable to synchronously open file (unable to open file: name = 'dataset/SCAMPS/scamps_videos/P000392.mat', errno = 2, error message = 'No such file or directory', flags = 0, o_flags = 0)"
SCAMPS,P000393,dataset/SCAMPS/scamps_videos/P000393.mat,,,,30.000000,"FileNotFoundError: [Errno 2] Unable to synchronously open file (unable to open file: name = 'dataset/SCAMPS/scamps_videos/P000393.mat', errno = 2, error message = 'No such file or directory', flags = 0, o_flags = 0)"
SCAMPS,P000394,dataset/SCAMPS/scamps_videos/P000394.mat,,,,30.000000,"FileNotFoundError: [Errno 2] Unable to synchronously open file (unable to open file: name = 'dataset/SCAMPS/scamps_videos/P000394.mat', errno = 2, error message = 'No such file or directory', flags = 0, o_flags = 0)"
SCAMPS,P000395,dataset/SCAMPS/scamps_videos/P000395.mat,,,,30.000000,"FileNotFoundError: [Errno 2] Unable to synchronously open file (unable to open file: name = 'dataset/SCAMPS/scamps_videos/P000395.mat', errno = 2, error message = 'No such file or directory', flags = 0, o_flags = 0)"
SCAMPS,P000396,dataset/SCAMPS/scamps_videos/P000396.mat,,,,30.000000,"FileNotFoundError: [Errno 2] Unable to synchronously open file (unable to open file: name = 'dataset/SCAMPS/scamps_videos/P000396.mat', errno = 2, error message = 'No such file or directory', flags = 0, o_flags = 0)"
SCAMPS,P000397,dataset/SCAMPS/scamps_videos/P000397.mat,,,,30.000000,"FileNotFoundError: [Errno 2] Unable to synchronously open file (unable to open file: name = 'dataset/SCAMPS/scamps_videos/P000397.mat', errno = 2, error message = 'No such file or directory', flags = 0, o_flags = 0)"
SCAMPS,P000398,dataset/SCAMPS/scamps_videos/P000398.mat,,,,30.000000,"FileNotFoundError: [Errno 2] Unable to synchronously open file (unable to open file: name = 'dataset/SCAMPS/scamps_videos/P000398.mat', errno = 2, error message = 'No such file or directory', flags = 0, o_flags = 0)"
SCAMPS,P000399,dataset/SCAMPS/scamps_videos/P000399.mat,,,,30.000000,"FileNotFoundError: [Errno 2] Unable to synchronously open file (unable to open file: name = 'dataset/SCAMPS/scamps_videos/P000399.mat', errno = 2, error message = 'No such file or directory', flags = 0, o_flags = 0)"
SCAMPS,P000400,dataset/SCAMPS/scamps_videos/P000400.mat,,,,30.000000,"FileNotFoundError: [Errno 2] Unable to synchronously open file (unable to open file: name = 'dataset/SCAMPS/scamps_videos/P000400.mat', errno = 2, error message = 'No such file or directory', flags = 0, o_flags = 0)"
SCAMPS,P000401,dataset/SCAMPS/scamps_videos/P000401.mat,,,,30.000000,"FileNotFoundError: [Errno 2] Unable to synchronously open file (unable to open file: name = 'dataset/SCAMPS/scamps_videos/P000401.mat', errno = 2, error message = 'No such file or directory', flags = 0, o_flags = 0)"
SCAMPS,P000402,dataset/SCAMPS/scamps_videos/P000402.mat,,,,30.000000,"FileNotFoundError: [Errno 2] Unable to synchronously open file (unable to open file: name = 'dataset/SCAMPS/scamps_videos/P000402.mat', errno = 2, error message = 'No such file or directory', flags = 0, o_flags = 0)"
SCAMPS,P000403,dataset/SCAMPS/scamps_videos/P000403.mat,,,,30.000000,"FileNotFoundError: [Errno 2] Unable to synchronously open file (unable to open file: name = 'dataset/SCAMPS/scamps_videos/P000403.mat', errno = 2, error message = 'No such file or directory', flags = 0, o_flags = 0)"
SCAMPS,P000404,dataset/SCAMPS/scamps_videos/P000404.mat,,,,30.000000,"FileNotFoundError: [Errno 2] Unable to synchronously open file (unable to open file: name = 'dataset/SCAMPS/scamps_videos/P000404.mat', errno = 2, error message = 'No such file or directory', flags = 0, o_flags = 0)"
SCAMPS,P000405,dataset/SCAMPS/scamps_videos/P000405.mat,,,,30.000000,"FileNotFoundError: [Errno 2] Unable to synchronously open file (unable to open file: name = 'dataset/SCAMPS/scamps_videos/P000405.mat', errno = 2, error message = 'No such file or directory', flags = 0, o_flags = 0)"
SCAMPS,P000406,dataset/SCAMPS/scamps_videos/P000406.mat,,,,30.000000,"FileNotFoundError: [Errno 2] Unable to synchronously open file (unable to open file: name = 'dataset/SCAMPS/scamps_videos/P000406.mat', errno = 2, error message = 'No such file or directory', flags = 0, o_flags = 0)"
SCAMPS,P000407,dataset/SCAMPS/scamps_videos/P000407.mat,,,,30.000000,"FileNotFoundError: [Errno 2] Unable to synchronously open file (unable to open file: name = 'dataset/SCAMPS/scamps_videos/P000407.mat', errno = 2, error message = 'No such file or directory', flags = 0, o_flags = 0)"
SCAMPS,P000408,dataset/SCAMPS/scamps_videos/P000408.mat,,,,30.000000,"FileNotFoundError: [Errno 2] Unable to synchronously open file (unable to open file: name = 'dataset/SCAMPS/scamps_videos/P000408.mat', errno = 2, error message = 'No such file or directory', flags = 0, o_flags = 0)"
SCAMPS,P000409,dataset/SCAMPS/scamps_videos/P000409.mat,,,,30.000000,"FileNotFoundError: [Errno 2] Unable to synchronously open file (unable to open file: name = 'dataset/SCAMPS/scamps_videos/P000409.mat', errno = 2, error message = 'No such file or directory', flags = 0, o_flags = 0)"
SCAMPS,P000410,dataset/SCAMPS/scamps_videos/P000410.mat,,,,30.000000,"FileNotFoundError: [Errno 2] Unable to synchronously open file (unable to open file: name = 'dataset/SCAMPS/scamps_videos/P000410.mat', errno = 2, error message = 'No such file or directory', flags = 0, o_flags = 0)"
SCAMPS,P000411,dataset/SCAMPS/scamps_videos/P000411.mat,,,,30.000000,"FileNotFoundError: [Errno 2] Unable to synchronously open file (unable to open file: name = 'dataset/SCAMPS/scamps_videos/P000411.mat', errno = 2, error message = 'No such file or directory', flags = 0, o_flags = 0)"
SCAMPS,P000412,dataset/SCAMPS/scamps_videos/P000412.mat,,,,30.000000,"FileNotFoundError: [Errno 2] Unable to synchronously open file (unable to open file: name = 'dataset/SCAMPS/scamps_videos/P000412.mat', errno = 2, error message = 'No such file or directory', flags = 0, o_flags = 0)"
SCAMPS,P000413,dataset/SCAMPS/scamps_videos/P000413.mat,,,,30.000000,"FileNotFoundError: [Errno 2] Unable to synchronously open file (unable to open file: name = 'dataset/SCAMPS/scamps_videos/P000413.mat', errno = 2, error message = 'No such file or directory', flags = 0, o_flags = 0)"
SCAMPS,P000414,dataset/SCAMPS/scamps_videos/P000414.mat,,,,30.000000,"FileNotFoundError: [Errno 2] Unable to synchronously open file (unable to open file: name = 'dataset/SCAMPS/scamps_videos/P000414.mat', errno = 2, error message = 'No such file or directory', flags = 0, o_flags = 0)"
SCAMPS,P000415,dataset/SCAMPS/scamps_videos/P000415.mat,,,,30.000000,"FileNotFoundError: [Errno 2] Unable to synchronously open file (unable to open file: name = 'dataset/SCAMPS/scamps_videos/P000415.mat', errno = 2, error message = 'No such file or directory', flags = 0, o_flags = 0)"
SCAMPS,P000416,dataset/SCAMPS/scamps_videos/P000416.mat,,,,30.000000,"FileNotFoundError: [Errno 2] Unable to synchronously open file (unable to open file: name = 'dataset/SCAMPS/scamps_videos/P000416.mat', errno = 2, error message = 'No such file or directory', flags = 0, o_flags = 0)"
SCAMPS,P000417,dataset/SCAMPS/scamps_videos/P000417.mat,,,,30.000000,"FileNotFoundError: [Errno 2] Unable to synchronously open file (unable to open file: name = 'dataset/SCAMPS/scamps_videos/P000417.mat', errno = 2, error message = 'No such file or directory', flags = 0, o_flags = 0)"
SCAMPS,P000418,dataset/SCAMPS/scamps_videos/P000418.mat,,,,30.000000,"FileNotFoundError: [Errno 2] Unable to synchronously open file (unable to open file: name = 'dataset/SCAMPS/scamps_videos/P000418.mat', errno = 2, error message = 'No such file or directory', flags = 0, o_flags = 0)"
SCAMPS,P000419,dataset/SCAMPS/scamps_videos/P000419.mat,,,,30.000000,"FileNotFoundError: [Errno 2] Unable to synchronously open file (unable to open file: name = 'dataset/SCAMPS/scamps_videos/P000419.mat', errno = 2, error message = 'No such file or directory', flags = 0, o_flags = 0)"
SCAMPS,P000420,dataset/SCAMPS/scamps_videos/P000420.mat,,,,30.000000,"FileNotFoundError: [Errno 2] Unable to synchronously open file (unable to open file: name = 'dataset/SCAMPS/scamps_videos/P000420.mat', errno = 2, error message = 'No such file or directory', flags = 0, o_flags = 0)"
SCAMPS,P000421,dataset/SCAMPS/scamps_videos/P000421.mat,,,,30.000000,"FileNotFoundError: [Errno 2] Unable to synchronously open file (unable to open file: name = 'dataset/SCAMPS/scamps_videos/P000421.mat', errno = 2, error message = 'No such file or directory', flags = 0, o_flags = 0)"
SCAMPS,P000422,dataset/SCAMPS/scamps_videos/P000422.mat,,,,30.000000,"FileNotFoundError: [Errno 2] Unable to synchronously open file (unable to open file: name = 'dataset/SCAMPS/scamps_videos/P000422.mat', errno = 2, error message = 'No such file or directory', flags = 0, o_flags = 0)"
SCAMPS,P000423,dataset/SCAMPS/scamps_videos/P000423.mat,,,,30.000000,"FileNotFoundError: [Errno 2] Unable to synchronously open file (unable to open file: name = 'dataset/SCAMPS/scamps_videos/P000423.mat', errno = 2, error message = 'No such file or directory', flags = 0, o_flags = 0)"
SCAMPS,P000424,dataset/SCAMPS/scamps_videos/P000424.mat,,,,30.000000,"FileNotFoundError: [Errno 2] Unable to synchronously open file (unable to open file: name = 'dataset/SCAMPS/scamps_videos/P000424.mat', errno = 2, error message = 'No such file or directory', flags = 0, o_flags = 0)"
SCAMPS,P000425,dataset/SCAMPS/scamps_videos/P000425.mat,,,,30.000000,"FileNotFoundError: [Errno 2] Unable to synchronously open file (unable to open file: name = 'dataset/SCAMPS/scamps_videos/P000425.mat', errno = 2, error message = 'No such file or directory', flags = 0, o_flags = 0)"
SCAMPS,P000426,dataset/SCAMPS/scamps_videos/P000426.mat,,,,30.000000,"FileNotFoundError: [Errno 2] Unable to synchronously open file (unable to open file: name = 'dataset/SCAMPS/scamps_videos/P000426.mat', errno = 2, error message = 'No such file or directory', flags = 0, o_flags = 0)"
SCAMPS,P000427,dataset/SCAMPS/scamps_videos/P000427.mat,,,,30.000000,"FileNotFoundError: [Errno 2] Unable to synchronously open file (unable to open file: name = 'dataset/SCAMPS/scamps_videos/P000427.mat', errno = 2, error message = 'No such file or directory', flags = 0, o_flags = 0)"
SCAMPS,P000428,dataset/SCAMPS/scamps_videos/P000428.mat,,,,30.000000,"FileNotFoundError: [Errno 2] Unable to synchronously open file (unable to open file: name = 'dataset/SCAMPS/scamps_videos/P000428.mat', errno = 2, error message = 'No such file or directory', flags = 0, o_flags = 0)"
SCAMPS,P000429,dataset/SCAMPS/scamps_videos/P000429.mat,,,,30.000000,"FileNotFoundError: [Errno 2] Unable to synchronously open file (unable to open file: name = 'dataset/SCAMPS/scamps_videos/P000429.mat', errno = 2, error message = 'No such file or directory', flags = 0, o_flags = 0)"
SCAMPS,P000430,dataset/SCAMPS/scamps_videos/P000430.mat,,,,30.000000,"FileNotFoundError: [Errno 2] Unable to synchronously open file (unable to open file: name = 'dataset/SCAMPS/scamps_videos/P000430.mat', errno = 2, error message = 'No such file or directory', flags = 0, o_flags = 0)"
SCAMPS,P000431,dataset/SCAMPS/scamps_videos/P000431.mat,,,,30.000000,"FileNotFoundError: [Errno 2] Unable to synchronously open file (unable to open file: name = 'dataset/SCAMPS/scamps_videos/P000431.mat', errno = 2, error message = 'No such file or directory', flags = 0, o_flags = 0)"
SCAMPS,P000432,dataset/SCAMPS/scamps_videos/P000432.mat,,,,30.000000,"FileNotFoundError: [Errno 2] Unable to synchronously open file (unable to open file: name = 'dataset/SCAMPS/scamps_videos/P000432.mat', errno = 2, error message = 'No such file or directory', flags = 0, o_flags = 0)"
SCAMPS,P000433,dataset/SCAMPS/scamps_videos/P000433.mat,,,,30.000000,"FileNotFoundError: [Errno 2] Unable to synchronously open file (unable to open file: name = 'dataset/SCAMPS/scamps_videos/P000433.mat', errno = 2, error message = 'No such file or directory', flags = 0, o_flags = 0)"
SCAMPS,P000434,dataset/SCAMPS/scamps_videos/P000434.mat,,,,30.000000,"FileNotFoundError: [Errno 2] Unable to synchronously open file (unable to open file: name = 'dataset/SCAMPS/scamps_videos/P000434.mat', errno = 2, error message = 'No such file or directory', flags = 0, o_flags = 0)"
SCAMPS,P000435,dataset/SCAMPS/scamps_videos/P000435.mat,,,,30.000000,"FileNotFoundError: [Errno 2] Unable to synchronously open file (unable to open file: name = 'dataset/SCAMPS/scamps_videos/P000435.mat', errno = 2, error message = 'No such file or directory', flags = 0, o_flags = 0)"
SCAMPS,P000436,dataset/SCAMPS/scamps_videos/P000436.mat,,,,30.000000,"FileNotFoundError: [Errno 2] Unable to synchronously open file (unable to open file: name = 'dataset/SCAMPS/scamps_videos/P000436.mat', errno = 2, error message = 'No such file or directory', flags = 0, o_flags = 0)"
SCAMPS,P000437,dataset/SCAMPS/scamps_videos/P000437.mat,,,,30.000000,"FileNotFoundError: [Errno 2] Unable to synchronously open file (unable to open file: name = 'dataset/SCAMPS/scamps_videos/P000437.mat', errno = 2, error message = 'No such file or directory', flags = 0, o_flags = 0)"
SCAMPS,P000438,dataset/SCAMPS/scamps_videos/P000438.mat,,,,30.000000,"FileNotFoundError: [Errno 2] Unable to synchronously open file (unable to open file: name = 'dataset/SCAMPS/scamps_videos/P000438.mat', errno = 2, error message = 'No such file or directory', flags = 0, o_flags = 0)"
SCAMPS,P000439,dataset/SCAMPS/scamps_videos/P000439.mat,,,,30.000000,"FileNotFoundError: [Errno 2] Unable to synchronously open file (unable to open file: name = 'dataset/SCAMPS/scamps_videos/P000439.mat', errno = 2, error message = 'No such file or directory', flags = 0, o_flags = 0)"
SCAMPS,P000440,dataset/SCAMPS/scamps_videos/P000440.mat,,,,30.000000,"FileNotFoundError: [Errno 2] Unable to synchronously open file (unable to open file: name = 'dataset/SCAMPS/scamps_videos/P000440.mat', errno = 2, error message = 'No such file or directory', flags = 0, o_flags = 0)"
SCAMPS,P000441,dataset/SCAMPS/scamps_videos/P000441.mat,,,,30.000000,"FileNotFoundError: [Errno 2] Unable to synchronously open file (unable to open file: name = 'dataset/SCAMPS/scamps_videos/P000441.mat', errno = 2, error message = 'No such file or directory', flags = 0, o_flags = 0)"
SCAMPS,P000442,dataset/SCAMPS/scamps_videos/P000442.mat,,,,30.000000,"FileNotFoundError: [Errno 2] Unable to synchronously open file (unable to open file: name = 'dataset/SCAMPS/scamps_videos/P000442.mat', errno = 2, error message = 'No such file or directory', flags = 0, o_flags = 0)"
SCAMPS,P000443,dataset/SCAMPS/scamps_videos/P000443.mat,,,,30.000000,"FileNotFoundError: [Errno 2] Unable to synchronously open file (unable to open file: name = 'dataset/SCAMPS/scamps_videos/P000443.mat', errno = 2, error message = 'No such file or directory', flags = 0, o_flags = 0)"
SCAMPS,P000444,dataset/SCAMPS/scamps_videos/P000444.mat,,,,30.000000,"FileNotFoundError: [Errno 2] Unable to synchronously open file (unable to open file: name = 'dataset/SCAMPS/scamps_videos/P000444.mat', errno = 2, error message = 'No such file or directory', flags = 0, o_flags = 0)"
SCAMPS,P000445,dataset/SCAMPS/scamps_videos/P000445.mat,,,,30.000000,"FileNotFoundError: [Errno 2] Unable to synchronously open file (unable to open file: name = 'dataset/SCAMPS/scamps_videos/P000445.mat', errno = 2, error message = 'No such file or directory', flags = 0, o_flags = 0)"
SCAMPS,P000446,dataset/SCAMPS/scamps_videos/P000446.mat,,,,30.000000,"FileNotFoundError: [Errno 2] Unable to synchronously open file (unable to open file: name = 'dataset/SCAMPS/scamps_videos/P000446.mat', errno = 2, error message = 'No such file or directory', flags = 0, o_flags = 0)"
SCAMPS,P000447,dataset/SCAMPS/scamps_videos/P000447.mat,,,,30.000000,"FileNotFoundError: [Errno 2] Unable to synchronously open file (unable to open file: name = 'dataset/SCAMPS/scamps_videos/P000447.mat', errno = 2, error message = 'No such file or directory', flags = 0, o_flags = 0)"
SCAMPS,P000448,dataset/SCAMPS/scamps_videos/P000448.mat,,,,30.000000,"FileNotFoundError: [Errno 2] Unable to synchronously open file (unable to open file: name = 'dataset/SCAMPS/scamps_videos/P000448.mat', errno = 2, error message = 'No such file or directory', flags = 0, o_flags = 0)"
SCAMPS,P000449,dataset/SCAMPS/scamps_videos/P000449.mat,,,,30.000000,"FileNotFoundError: [Errno 2] Unable to synchronously open file (unable to open file: name = 'dataset/SCAMPS/scamps_videos/P000449.mat', errno = 2, error message = 'No such file or directory', flags = 0, o_flags = 0)"
SCAMPS,P000450,dataset/SCAMPS/scamps_videos/P000450.mat,,,,30.000000,"FileNotFoundError: [Errno 2] Unable to synchronously open file (unable to open file: name = 'dataset/SCAMPS/scamps_videos/P000450.mat', errno = 2, error message = 'No such file or directory', flags = 0, o_flags = 0)"
SCAMPS,P000451,dataset/SCAMPS/scamps_videos/P000451.mat,,,,30.000000,"FileNotFoundError: [Errno 2] Unable to synchronously open file (unable to open file: name = 'dataset/SCAMPS/scamps_videos/P000451.mat', errno = 2, error message = 'No such file or directory', flags = 0, o_flags = 0)"
SCAMPS,P000452,dataset/SCAMPS/scamps_videos/P000452.mat,,,,30.000000,"FileNotFoundError: [Errno 2] Unable to synchronously open file (unable to open file: name = 'dataset/SCAMPS/scamps_videos/P000452.mat', errno = 2, error message = 'No such file or directory', flags = 0, o_flags = 0)"
SCAMPS,P000453,dataset/SCAMPS/scamps_videos/P000453.mat,,,,30.000000,"FileNotFoundError: [Errno 2] Unable to synchronously open file (unable to open file: name = 'dataset/SCAMPS/scamps_videos/P000453.mat', errno = 2, error message = 'No such file or directory', flags = 0, o_flags = 0)"
SCAMPS,P000454,dataset/SCAMPS/scamps_videos/P000454.mat,,,,30.000000,"FileNotFoundError: [Errno 2] Unable to synchronously open file (unable to open file: name = 'dataset/SCAMPS/scamps_videos/P000454.mat', errno = 2, error message = 'No such file or directory', flags = 0, o_flags = 0)"
SCAMPS,P000455,dataset/SCAMPS/scamps_videos/P000455.mat,,,,30.000000,"FileNotFoundError: [Errno 2] Unable to synchronously open file (unable to open file: name = 'dataset/SCAMPS/scamps_videos/P000455.mat', errno = 2, error message = 'No such file or directory', flags = 0, o_flags = 0)"
SCAMPS,P000456,dataset/SCAMPS/scamps_videos/P000456.mat,,,,30.000000,"FileNotFoundError: [Errno 2] Unable to synchronously open file (unable to open file: name = 'dataset/SCAMPS/scamps_videos/P000456.mat', errno = 2, error message = 'No such file or directory', flags = 0, o_flags = 0)"
SCAMPS,P000457,dataset/SCAMPS/scamps_videos/P000457.mat,,,,30.000000,"FileNotFoundError: [Errno 2] Unable to synchronously open file (unable to open file: name = 'dataset/SCAMPS/scamps_videos/P000457.mat', errno = 2, error message = 'No such file or directory', flags = 0, o_flags = 0)"
SCAMPS,P000458,dataset/SCAMPS/scamps_videos/P000458.mat,,,,30.000000,"FileNotFoundError: [Errno 2] Unable to synchronously open file (unable to open file: name = 'dataset/SCAMPS/scamps_videos/P000458.mat', errno = 2, error message = 'No such file or directory', flags = 0, o_flags = 0)"
SCAMPS,P000459,dataset/SCAMPS/scamps_videos/P000459.mat,,,,30.000000,"FileNotFoundError: [Errno 2] Unable to synchronously open file (unable to open file: name = 'dataset/SCAMPS/scamps_videos/P000459.mat', errno = 2, error message = 'No such file or directory', flags = 0, o_flags = 0)"
SCAMPS,P000460,dataset/SCAMPS/scamps_videos/P000460.mat,,,,30.000000,"FileNotFoundError: [Errno 2] Unable to synchronously open file (unable to open file: name = 'dataset/SCAMPS/scamps_videos/P000460.mat', errno = 2, error message = 'No such file or directory', flags = 0, o_flags = 0)"
SCAMPS,P000461,dataset/SCAMPS/scamps_videos/P000461.mat,,,,30.000000,"FileNotFoundError: [Errno 2] Unable to synchronously open file (unable to open file: name = 'dataset/SCAMPS/scamps_videos/P000461.mat', errno = 2, error message = 'No such file or directory', flags = 0, o_flags = 0)"
SCAMPS,P000462,dataset/SCAMPS/scamps_videos/P000462.mat,,,,30.000000,"FileNotFoundError: [Errno 2] Unable to synchronously open file (unable to open file: name = 'dataset/SCAMPS/scamps_videos/P000462.mat', errno = 2, error message = 'No such file or directory', flags = 0, o_flags = 0)"
SCAMPS,P000463,dataset/SCAMPS/scamps_videos/P000463.mat,,,,30.000000,"FileNotFoundError: [Errno 2] Unable to synchronously open file (unable to open file: name = 'dataset/SCAMPS/scamps_videos/P000463.mat', errno = 2, error message = 'No such file or directory', flags = 0, o_flags = 0)"
SCAMPS,P000464,dataset/SCAMPS/scamps_videos/P000464.mat,,,,30.000000,"FileNotFoundError: [Errno 2] Unable to synchronously open file (unable to open file: name = 'dataset/SCAMPS/scamps_videos/P000464.mat', errno = 2, error message = 'No such file or directory', flags = 0, o_flags = 0)"
SCAMPS,P000465,dataset/SCAMPS/scamps_videos/P000465.mat,,,,30.000000,"FileNotFoundError: [Errno 2] Unable to synchronously open file (unable to open file: name = 'dataset/SCAMPS/scamps_videos/P000465.mat', errno = 2, error message = 'No such file or directory', flags = 0, o_flags = 0)"
SCAMPS,P000466,dataset/SCAMPS/scamps_videos/P000466.mat,,,,30.000000,"FileNotFoundError: [Errno 2] Unable to synchronously open file (unable to open file: name = 'dataset/SCAMPS/scamps_videos/P000466.mat', errno = 2, error message = 'No such file or directory', flags = 0, o_flags = 0)"
SCAMPS,P000467,dataset/SCAMPS/scamps_videos/P000467.mat,,,,30.000000,"FileNotFoundError: [Errno 2] Unable to synchronously open file (unable to open file: name = 'dataset/SCAMPS/scamps_videos/P000467.mat', errno = 2, error message = 'No such file or directory', flags = 0, o_flags = 0)"
SCAMPS,P000468,dataset/SCAMPS/scamps_videos/P000468.mat,,,,30.000000,"FileNotFoundError: [Errno 2] Unable to synchronously open file (unable to open file: name = 'dataset/SCAMPS/scamps_videos/P000468.mat', errno = 2, error message = 'No such file or directory', flags = 0, o_flags = 0)"
SCAMPS,P000469,dataset/SCAMPS/scamps_videos/P000469.mat,,,,30.000000,"FileNotFoundError: [Errno 2] Unable to synchronously open file (unable to open file: name = 'dataset/SCAMPS/scamps_videos/P000469.mat', errno = 2, error message = 'No such file or directory', flags = 0, o_flags = 0)"
SCAMPS,P000470,dataset/SCAMPS/scamps_videos/P000470.mat,,,,30.000000,"FileNotFoundError: [Errno 2] Unable to synchronously open file (unable to open file: name = 'dataset/SCAMPS/scamps_videos/P000470.mat', errno = 2, error message = 'No such file or directory', flags = 0, o_flags = 0)"
SCAMPS,P000471,dataset/SCAMPS/scamps_videos/P000471.mat,,,,30.000000,"FileNotFoundError: [Errno 2] Unable to synchronously open file (unable to open file: name = 'dataset/SCAMPS/scamps_videos/P000471.mat', errno = 2, error message = 'No such file or directory', flags = 0, o_flags = 0)"
SCAMPS,P000472,dataset/SCAMPS/scamps_videos/P000472.mat,,,,30.000000,"FileNotFoundError: [Errno 2] Unable to synchronously open file (unable to open file: name = 'dataset/SCAMPS/scamps_videos/P000472.mat', errno = 2, error message = 'No such file or directory', flags = 0, o_flags = 0)"
SCAMPS,P000473,dataset/SCAMPS/scamps_videos/P000473.mat,,,,30.000000,"FileNotFoundError: [Errno 2] Unable to synchronously open file (unable to open file: name = 'dataset/SCAMPS/scamps_videos/P000473.mat', errno = 2, error message = 'No such file or directory', flags = 0, o_flags = 0)"
SCAMPS,P000474,dataset/SCAMPS/scamps_videos/P000474.mat,,,,30.000000,"FileNotFoundError: [Errno 2] Unable to synchronously open file (unable to open file: name = 'dataset/SCAMPS/scamps_videos/P000474.mat', errno = 2, error message = 'No such file or directory', flags = 0, o_flags = 0)"
SCAMPS,P000475,dataset/SCAMPS/scamps_videos/P000475.mat,,,,30.000000,"FileNotFoundError: [Errno 2] Unable to synchronously open file (unable to open file: name = 'dataset/SCAMPS/scamps_videos/P000475.mat', errno = 2, error message = 'No such file or directory', flags = 0, o_flags = 0)"
SCAMPS,P000476,dataset/SCAMPS/scamps_videos/P000476.mat,,,,30.000000,"FileNotFoundError: [Errno 2] Unable to synchronously open file (unable to open file: name = 'dataset/SCAMPS/scamps_videos/P000476.mat', errno = 2, error message = 'No such file or directory', flags = 0, o_flags = 0)"
SCAMPS,P000477,dataset/SCAMPS/scamps_videos/P000477.mat,,,,30.000000,"FileNotFoundError: [Errno 2] Unable to synchronously open file (unable to open file: name = 'dataset/SCAMPS/scamps_videos/P000477.mat', errno = 2, error message = 'No such file or directory', flags = 0, o_flags = 0)"
SCAMPS,P000478,dataset/SCAMPS/scamps_videos/P000478.mat,,,,30.000000,"FileNotFoundError: [Errno 2] Unable to synchronously open file (unable to open file: name = 'dataset/SCAMPS/scamps_videos/P000478.mat', errno = 2, error message = 'No such file or directory', flags = 0, o_flags = 0)"
SCAMPS,P000479,dataset/SCAMPS/scamps_videos/P000479.mat,,,,30.000000,"FileNotFoundError: [Errno 2] Unable to synchronously open file (unable to open file: name = 'dataset/SCAMPS/scamps_videos/P000479.mat', errno = 2, error message = 'No such file or directory', flags = 0, o_flags = 0)"
SCAMPS,P000480,dataset/SCAMPS/scamps_videos/P000480.mat,,,,30.000000,"FileNotFoundError: [Errno 2] Unable to synchronously open file (unable to open file: name = 'dataset/SCAMPS/scamps_videos/P000480.mat', errno = 2, error message = 'No such file or directory', flags = 0, o_flags = 0)"
SCAMPS,P000481,dataset/SCAMPS/scamps_videos/P000481.mat,,,,30.000000,"FileNotFoundError: [Errno 2] Unable to synchronously open file (unable to open file: name = 'dataset/SCAMPS/scamps_videos/P000481.mat', errno = 2, error message = 'No such file or directory', flags = 0, o_flags = 0)"
SCAMPS,P000482,dataset/SCAMPS/scamps_videos/P000482.mat,,,,30.000000,"FileNotFoundError: [Errno 2] Unable to synchronously open file (unable to open file: name = 'dataset/SCAMPS/scamps_videos/P000482.mat', errno = 2, error message = 'No such file or directory', flags = 0, o_flags = 0)"
SCAMPS,P000483,dataset/SCAMPS/scamps_videos/P000483.mat,,,,30.000000,"FileNotFoundError: [Errno 2] Unable to synchronously open file (unable to open file: name = 'dataset/SCAMPS/scamps_videos/P000483.mat', errno = 2, error message = 'No such file or directory', flags = 0, o_flags = 0)"
SCAMPS,P000484,dataset/SCAMPS/scamps_videos/P000484.mat,,,,30.000000,"FileNotFoundError: [Errno 2] Unable to synchronously open file (unable to open file: name = 'dataset/SCAMPS/scamps_videos/P000484.mat', errno = 2, error message = 'No such file or directory', flags = 0, o_flags = 0)"
SCAMPS,P000485,dataset/SCAMPS/scamps_videos/P000485.mat,,,,30.000000,"FileNotFoundError: [Errno 2] Unable to synchronously open file (unable to open file: name = 'dataset/SCAMPS/scamps_videos/P000485.mat', errno = 2, error message = 'No such file or directory', flags = 0, o_flags = 0)"
SCAMPS,P000486,dataset/SCAMPS/scamps_videos/P000486.mat,,,,30.000000,"FileNotFoundError: [Errno 2] Unable to synchronously open file (unable to open file: name = 'dataset/SCAMPS/scamps_videos/P000486.mat', errno = 2, error message = 'No such file or directory', flags = 0, o_flags = 0)"
SCAMPS,P000487,dataset/SCAMPS/scamps_videos/P000487.mat,,,,30.000000,"FileNotFoundError: [Errno 2] Unable to synchronously open file (unable to open file: name = 'dataset/SCAMPS/scamps_videos/P000487.mat', errno = 2, error message = 'No such file or directory', flags = 0, o_flags = 0)"
SCAMPS,P000488,dataset/SCAMPS/scamps_videos/P000488.mat,,,,30.000000,"FileNotFoundError: [Errno 2] Unable to synchronously open file (unable to open file: name = 'dataset/SCAMPS/scamps_videos/P000488.mat', errno = 2, error message = 'No such file or directory', flags = 0, o_flags = 0)"
SCAMPS,P000489,dataset/SCAMPS/scamps_videos/P000489.mat,,,,30.000000,"FileNotFoundError: [Errno 2] Unable to synchronously open file (unable to open file: name = 'dataset/SCAMPS/scamps_videos/P000489.mat', errno = 2, error message = 'No such file or directory', flags = 0, o_flags = 0)"
SCAMPS,P000490,dataset/SCAMPS/scamps_videos/P000490.mat,,,,30.000000,"FileNotFoundError: [Errno 2] Unable to synchronously open file (unable to open file: name = 'dataset/SCAMPS/scamps_videos/P000490.mat', errno = 2, error message = 'No such file or directory', flags = 0, o_flags = 0)"
SCAMPS,P000491,dataset/SCAMPS/scamps_videos/P000491.mat,,,,30.000000,"FileNotFoundError: [Errno 2] Unable to synchronously open file (unable to open file: name = 'dataset/SCAMPS/scamps_videos/P000491.mat', errno = 2, error message = 'No such file or directory', flags = 0, o_flags = 0)"
SCAMPS,P000492,dataset/SCAMPS/scamps_videos/P000492.mat,,,,30.000000,"FileNotFoundError: [Errno 2] Unable to synchronously open file (unable to open file: name = 'dataset/SCAMPS/scamps_videos/P000492.mat', errno = 2, error message = 'No such file or directory', flags = 0, o_flags = 0)"
SCAMPS,P000493,dataset/SCAMPS/scamps_videos/P000493.mat,,,,30.000000,"FileNotFoundError: [Errno 2] Unable to synchronously open file (unable to open file: name = 'dataset/SCAMPS/scamps_videos/P000493.mat', errno = 2, error message = 'No such file or directory', flags = 0, o_flags = 0)"
SCAMPS,P000494,dataset/SCAMPS/scamps_videos/P000494.mat,,,,30.000000,"FileNotFoundError: [Errno 2] Unable to synchronously open file (unable to open file: name = 'dataset/SCAMPS/scamps_videos/P000494.mat', errno = 2, error message = 'No such file or directory', flags = 0, o_flags = 0)"
SCAMPS,P000495,dataset/SCAMPS/scamps_videos/P000495.mat,,,,30.000000,"FileNotFoundError: [Errno 2] Unable to synchronously open file (unable to open file: name = 'dataset/SCAMPS/scamps_videos/P000495.mat', errno = 2, error message = 'No such file or directory', flags = 0, o_flags = 0)"
SCAMPS,P000496,dataset/SCAMPS/scamps_videos/P000496.mat,,,,30.000000,"FileNotFoundError: [Errno 2] Unable to synchronously open file (unable to open file: name = 'dataset/SCAMPS/scamps_videos/P000496.mat', errno = 2, error message = 'No such file or directory', flags = 0, o_flags = 0)"
SCAMPS,P000497,dataset/SCAMPS/scamps_videos/P000497.mat,,,,30.000000,"FileNotFoundError: [Errno 2] Unable to synchronously open file (unable to open file: name = 'dataset/SCAMPS/scamps_videos/P000497.mat', errno = 2, error message = 'No such file or directory', flags = 0, o_flags = 0)"
SCAMPS,P000498,dataset/SCAMPS/scamps_videos/P000498.mat,,,,30.000000,"FileNotFoundError: [Errno 2] Unable to synchronously open file (unable to open file: name = 'dataset/SCAMPS/scamps_videos/P000498.mat', errno = 2, error message = 'No such file or directory', flags = 0, o_flags = 0)"
SCAMPS,P000499,dataset/SCAMPS/scamps_videos/P000499.mat,,,,30.000000,"FileNotFoundError: [Errno 2] Unable to synchronously open file (unable to open file: name = 'dataset/SCAMPS/scamps_videos/P000499.mat', errno = 2, error message = 'No such file or directory', flags = 0, o_flags = 0)"
SCAMPS,P000500,dataset/SCAMPS/scamps_videos/P000500.mat,,,,30.000000,"FileNotFoundError: [Errno 2] Unable to synchronously open file (unable to open file: name = 'dataset/SCAMPS/scamps_videos/P000500.mat', errno = 2, error message = 'No such file or directory', flags = 0, o_flags = 0)"
SCAMPS,P000501,dataset/SCAMPS/scamps_videos/P000501.mat,,,,30.000000,"FileNotFoundError: [Errno 2] Unable to synchronously open file (unable to open file: name = 'dataset/SCAMPS/scamps_videos/P000501.mat', errno = 2, error message = 'No such file or directory', flags = 0, o_flags = 0)"
SCAMPS,P000502,dataset/SCAMPS/scamps_videos/P000502.mat,,,,30.000000,"FileNotFoundError: [Errno 2] Unable to synchronously open file (unable to open file: name = 'dataset/SCAMPS/scamps_videos/P000502.mat', errno = 2, error message = 'No such file or directory', flags = 0, o_flags = 0)"
SCAMPS,P000503,dataset/SCAMPS/scamps_videos/P000503.mat,,,,30.000000,"FileNotFoundError: [Errno 2] Unable to synchronously open file (unable to open file: name = 'dataset/SCAMPS/scamps_videos/P000503.mat', errno = 2, error message = 'No such file or directory', flags = 0, o_flags = 0)"
SCAMPS,P000504,dataset/SCAMPS/scamps_videos/P000504.mat,,,,30.000000,"FileNotFoundError: [Errno 2] Unable to synchronously open file (unable to open file: name = 'dataset/SCAMPS/scamps_videos/P000504.mat', errno = 2, error message = 'No such file or directory', flags = 0, o_flags = 0)"
SCAMPS,P000505,dataset/SCAMPS/scamps_videos/P000505.mat,,,,30.000000,"FileNotFoundError: [Errno 2] Unable to synchronously open file (unable to open file: name = 'dataset/SCAMPS/scamps_videos/P000505.mat', errno = 2, error message = 'No such file or directory', flags = 0, o_flags = 0)"
SCAMPS,P000506,dataset/SCAMPS/scamps_videos/P000506.mat,,,,30.000000,"FileNotFoundError: [Errno 2] Unable to synchronously open file (unable to open file: name = 'dataset/SCAMPS/scamps_videos/P000506.mat', errno = 2, error message = 'No such file or directory', flags = 0, o_flags = 0)"
SCAMPS,P000507,dataset/SCAMPS/scamps_videos/P000507.mat,,,,30.000000,"FileNotFoundError: [Errno 2] Unable to synchronously open file (unable to open file: name = 'dataset/SCAMPS/scamps_videos/P000507.mat', errno = 2, error message = 'No such file or directory', flags = 0, o_flags = 0)"
SCAMPS,P000508,dataset/SCAMPS/scamps_videos/P000508.mat,,,,30.000000,"FileNotFoundError: [Errno 2] Unable to synchronously open file (unable to open file: name = 'dataset/SCAMPS/scamps_videos/P000508.mat', errno = 2, error message = 'No such file or directory', flags = 0, o_flags = 0)"
SCAMPS,P000509,dataset/SCAMPS/scamps_videos/P000509.mat,,,,30.000000,"FileNotFoundError: [Errno 2] Unable to synchronously open file (unable to open file: name = 'dataset/SCAMPS/scamps_videos/P000509.mat', errno = 2, error message = 'No such file or directory', flags = 0, o_flags = 0)"
SCAMPS,P000510,dataset/SCAMPS/scamps_videos/P000510.mat,,,,30.000000,"FileNotFoundError: [Errno 2] Unable to synchronously open file (unable to open file: name = 'dataset/SCAMPS/scamps_videos/P000510.mat', errno = 2, error message = 'No such file or directory', flags = 0, o_flags = 0)"
SCAMPS,P000511,dataset/SCAMPS/scamps_videos/P000511.mat,,,,30.000000,"FileNotFoundError: [Errno 2] Unable to synchronously open file (unable to open file: name = 'dataset/SCAMPS/scamps_videos/P000511.mat', errno = 2, error message = 'No such file or directory', flags = 0, o_flags = 0)"
SCAMPS,P000512,dataset/SCAMPS/scamps_videos/P000512.mat,,,,30.000000,"FileNotFoundError: [Errno 2] Unable to synchronously open file (unable to open file: name = 'dataset/SCAMPS/scamps_videos/P000512.mat', errno = 2, error message = 'No such file or directory', flags = 0, o_flags = 0)"
SCAMPS,P000513,dataset/SCAMPS/scamps_videos/P000513.mat,,,,30.000000,"FileNotFoundError: [Errno 2] Unable to synchronously open file (unable to open file: name = 'dataset/SCAMPS/scamps_videos/P000513.mat', errno = 2, error message = 'No such file or directory', flags = 0, o_flags = 0)"
SCAMPS,P000514,dataset/SCAMPS/scamps_videos/P000514.mat,,,,30.000000,"FileNotFoundError: [Errno 2] Unable to synchronously open file (unable to open file: name = 'dataset/SCAMPS/scamps_videos/P000514.mat', errno = 2, error message = 'No such file or directory', flags = 0, o_flags = 0)"
SCAMPS,P000515,dataset/SCAMPS/scamps_videos/P000515.mat,,,,30.000000,"FileNotFoundError: [Errno 2] Unable to synchronously open file (unable to open file: name = 'dataset/SCAMPS/scamps_videos/P000515.mat', errno = 2, error message = 'No such file or directory', flags = 0, o_flags = 0)"
SCAMPS,P000516,dataset/SCAMPS/scamps_videos/P000516.mat,,,,30.000000,"FileNotFoundError: [Errno 2] Unable to synchronously open file (unable to open file: name = 'dataset/SCAMPS/scamps_videos/P000516.mat', errno = 2, error message = 'No such file or directory', flags = 0, o_flags = 0)"
SCAMPS,P000517,dataset/SCAMPS/scamps_videos/P000517.mat,,,,30.000000,"FileNotFoundError: [Errno 2] Unable to synchronously open file (unable to open file: name = 'dataset/SCAMPS/scamps_videos/P000517.mat', errno = 2, error message = 'No such file or directory', flags = 0, o_flags = 0)"
SCAMPS,P000518,dataset/SCAMPS/scamps_videos/P000518.mat,,,,30.000000,"FileNotFoundError: [Errno 2] Unable to synchronously open file (unable to open file: name = 'dataset/SCAMPS/scamps_videos/P000518.mat', errno = 2, error message = 'No such file or directory', flags = 0, o_flags = 0)"
SCAMPS,P000519,dataset/SCAMPS/scamps_videos/P000519.mat,,,,30.000000,"FileNotFoundError: [Errno 2] Unable to synchronously open file (unable to open file: name = 'dataset/SCAMPS/scamps_videos/P000519.mat', errno = 2, error message = 'No such file or directory', flags = 0, o_flags = 0)"
SCAMPS,P000520,dataset/SCAMPS/scamps_videos/P000520.mat,,,,30.000000,"FileNotFoundError: [Errno 2] Unable to synchronously open file (unable to open file: name = 'dataset/SCAMPS/scamps_videos/P000520.mat', errno = 2, error message = 'No such file or directory', flags = 0, o_flags = 0)"
SCAMPS,P000521,dataset/SCAMPS/scamps_videos/P000521.mat,,,,30.000000,"FileNotFoundError: [Errno 2] Unable to synchronously open file (unable to open file: name = 'dataset/SCAMPS/scamps_videos/P000521.mat', errno = 2, error message = 'No such file or directory', flags = 0, o_flags = 0)"
SCAMPS,P000522,dataset/SCAMPS/scamps_videos/P000522.mat,,,,30.000000,"FileNotFoundError: [Errno 2] Unable to synchronously open file (unable to open file: name = 'dataset/SCAMPS/scamps_videos/P000522.mat', errno = 2, error message = 'No such file or directory', flags = 0, o_flags = 0)"
SCAMPS,P000523,dataset/SCAMPS/scamps_videos/P000523.mat,,,,30.000000,"FileNotFoundError: [Errno 2] Unable to synchronously open file (unable to open file: name = 'dataset/SCAMPS/scamps_videos/P000523.mat', errno = 2, error message = 'No such file or directory', flags = 0, o_flags = 0)"
SCAMPS,P000524,dataset/SCAMPS/scamps_videos/P000524.mat,,,,30.000000,"FileNotFoundError: [Errno 2] Unable to synchronously open file (unable to open file: name = 'dataset/SCAMPS/scamps_videos/P000524.mat', errno = 2, error message = 'No such file or directory', flags = 0, o_flags = 0)"
SCAMPS,P000525,dataset/SCAMPS/scamps_videos/P000525.mat,,,,30.000000,"FileNotFoundError: [Errno 2] Unable to synchronously open file (unable to open file: name = 'dataset/SCAMPS/scamps_videos/P000525.mat', errno = 2, error message = 'No such file or directory', flags = 0, o_flags = 0)"
SCAMPS,P000526,dataset/SCAMPS/scamps_videos/P000526.mat,,,,30.000000,"FileNotFoundError: [Errno 2] Unable to synchronously open file (unable to open file: name = 'dataset/SCAMPS/scamps_videos/P000526.mat', errno = 2, error message = 'No such file or directory', flags = 0, o_flags = 0)"
SCAMPS,P000527,dataset/SCAMPS/scamps_videos/P000527.mat,,,,30.000000,"FileNotFoundError: [Errno 2] Unable to synchronously open file (unable to open file: name = 'dataset/SCAMPS/scamps_videos/P000527.mat', errno = 2, error message = 'No such file or directory', flags = 0, o_flags = 0)"
SCAMPS,P000528,dataset/SCAMPS/scamps_videos/P000528.mat,,,,30.000000,"FileNotFoundError: [Errno 2] Unable to synchronously open file (unable to open file: name = 'dataset/SCAMPS/scamps_videos/P000528.mat', errno = 2, error message = 'No such file or directory', flags = 0, o_flags = 0)"
SCAMPS,P000529,dataset/SCAMPS/scamps_videos/P000529.mat,,,,30.000000,"FileNotFoundError: [Errno 2] Unable to synchronously open file (unable to open file: name = 'dataset/SCAMPS/scamps_videos/P000529.mat', errno = 2, error message = 'No such file or directory', flags = 0, o_flags = 0)"
SCAMPS,P000530,dataset/SCAMPS/scamps_videos/P000530.mat,,,,30.000000,"FileNotFoundError: [Errno 2] Unable to synchronously open file (unable to open file: name = 'dataset/SCAMPS/scamps_videos/P000530.mat', errno = 2, error message = 'No such file or directory', flags = 0, o_flags = 0)"
SCAMPS,P000531,dataset/SCAMPS/scamps_videos/P000531.mat,,,,30.000000,"FileNotFoundError: [Errno 2] Unable to synchronously open file (unable to open file: name = 'dataset/SCAMPS/scamps_videos/P000531.mat', errno = 2, error message = 'No such file or directory', flags = 0, o_flags = 0)"
SCAMPS,P000532,dataset/SCAMPS/scamps_videos/P000532.mat,,,,30.000000,"FileNotFoundError: [Errno 2] Unable to synchronously open file (unable to open file: name = 'dataset/SCAMPS/scamps_videos/P000532.mat', errno = 2, error message = 'No such file or directory', flags = 0, o_flags = 0)"
SCAMPS,P000533,dataset/SCAMPS/scamps_videos/P000533.mat,,,,30.000000,"FileNotFoundError: [Errno 2] Unable to synchronously open file (unable to open file: name = 'dataset/SCAMPS/scamps_videos/P000533.mat', errno = 2, error message = 'No such file or directory', flags = 0, o_flags = 0)"
SCAMPS,P000534,dataset/SCAMPS/scamps_videos/P000534.mat,,,,30.000000,"FileNotFoundError: [Errno 2] Unable to synchronously open file (unable to open file: name = 'dataset/SCAMPS/scamps_videos/P000534.mat', errno = 2, error message = 'No such file or directory', flags = 0, o_flags = 0)"
SCAMPS,P000535,dataset/SCAMPS/scamps_videos/P000535.mat,,,,30.000000,"FileNotFoundError: [Errno 2] Unable to synchronously open file (unable to open file: name = 'dataset/SCAMPS/scamps_videos/P000535.mat', errno = 2, error message = 'No such file or directory', flags = 0, o_flags = 0)"
SCAMPS,P000536,dataset/SCAMPS/scamps_videos/P000536.mat,,,,30.000000,"FileNotFoundError: [Errno 2] Unable to synchronously open file (unable to open file: name = 'dataset/SCAMPS/scamps_videos/P000536.mat', errno = 2, error message = 'No such file or directory', flags = 0, o_flags = 0)"
SCAMPS,P000537,dataset/SCAMPS/scamps_videos/P000537.mat,,,,30.000000,"FileNotFoundError: [Errno 2] Unable to synchronously open file (unable to open file: name = 'dataset/SCAMPS/scamps_videos/P000537.mat', errno = 2, error message = 'No such file or directory', flags = 0, o_flags = 0)"
SCAMPS,P000538,dataset/SCAMPS/scamps_videos/P000538.mat,,,,30.000000,"FileNotFoundError: [Errno 2] Unable to synchronously open file (unable to open file: name = 'dataset/SCAMPS/scamps_videos/P000538.mat', errno = 2, error message = 'No such file or directory', flags = 0, o_flags = 0)"
SCAMPS,P000539,dataset/SCAMPS/scamps_videos/P000539.mat,,,,30.000000,"FileNotFoundError: [Errno 2] Unable to synchronously open file (unable to open file: name = 'dataset/SCAMPS/scamps_videos/P000539.mat', errno = 2, error message = 'No such file or directory', flags = 0, o_flags = 0)"
SCAMPS,P000540,dataset/SCAMPS/scamps_videos/P000540.mat,,,,30.000000,"FileNotFoundError: [Errno 2] Unable to synchronously open file (unable to open file: name = 'dataset/SCAMPS/scamps_videos/P000540.mat', errno = 2, error message = 'No such file or directory', flags = 0, o_flags = 0)"
SCAMPS,P000541,dataset/SCAMPS/scamps_videos/P000541.mat,,,,30.000000,"FileNotFoundError: [Errno 2] Unable to synchronously open file (unable to open file: name = 'dataset/SCAMPS/scamps_videos/P000541.mat', errno = 2, error message = 'No such file or directory', flags = 0, o_flags = 0)"
SCAMPS,P000542,dataset/SCAMPS/scamps_videos/P000542.mat,,,,30.000000,"FileNotFoundError: [Errno 2] Unable to synchronously open file (unable to open file: name = 'dataset/SCAMPS/scamps_videos/P000542.mat', errno = 2, error message = 'No such file or directory', flags = 0, o_flags = 0)"
SCAMPS,P000543,dataset/SCAMPS/scamps_videos/P000543.mat,,,,30.000000,"FileNotFoundError: [Errno 2] Unable to synchronously open file (unable to open file: name = 'dataset/SCAMPS/scamps_videos/P000543.mat', errno = 2, error message = 'No such file or directory', flags = 0, o_flags = 0)"
SCAMPS,P000544,dataset/SCAMPS/scamps_videos/P000544.mat,,,,30.000000,"FileNotFoundError: [Errno 2] Unable to synchronously open file (unable to open file: name = 'dataset/SCAMPS/scamps_videos/P000544.mat', errno = 2, error message = 'No such file or directory', flags = 0, o_flags = 0)"
SCAMPS,P000545,dataset/SCAMPS/scamps_videos/P000545.mat,,,,30.000000,"FileNotFoundError: [Errno 2] Unable to synchronously open file (unable to open file: name = 'dataset/SCAMPS/scamps_videos/P000545.mat', errno = 2, error message = 'No such file or directory', flags = 0, o_flags = 0)"
SCAMPS,P000546,dataset/SCAMPS/scamps_videos/P000546.mat,,,,30.000000,"FileNotFoundError: [Errno 2] Unable to synchronously open file (unable to open file: name = 'dataset/SCAMPS/scamps_videos/P000546.mat', errno = 2, error message = 'No such file or directory', flags = 0, o_flags = 0)"
SCAMPS,P000547,dataset/SCAMPS/scamps_videos/P000547.mat,,,,30.000000,"FileNotFoundError: [Errno 2] Unable to synchronously open file (unable to open file: name = 'dataset/SCAMPS/scamps_videos/P000547.mat', errno = 2, error message = 'No such file or directory', flags = 0, o_flags = 0)"
SCAMPS,P000548,dataset/SCAMPS/scamps_videos/P000548.mat,,,,30.000000,"FileNotFoundError: [Errno 2] Unable to synchronously open file (unable to open file: name = 'dataset/SCAMPS/scamps_videos/P000548.mat', errno = 2, error message = 'No such file or directory', flags = 0, o_flags = 0)"
SCAMPS,P000549,dataset/SCAMPS/scamps_videos/P000549.mat,,,,30.000000,"FileNotFoundError: [Errno 2] Unable to synchronously open file (unable to open file: name = 'dataset/SCAMPS/scamps_videos/P000549.mat', errno = 2, error message = 'No such file or directory', flags = 0, o_flags = 0)"
SCAMPS,P000550,dataset/SCAMPS/scamps_videos/P000550.mat,,,,30.000000,"FileNotFoundError: [Errno 2] Unable to synchronously open file (unable to open file: name = 'dataset/SCAMPS/scamps_videos/P000550.mat', errno = 2, error message = 'No such file or directory', flags = 0, o_flags = 0)"
SCAMPS,P000551,dataset/SCAMPS/scamps_videos/P000551.mat,,,,30.000000,"FileNotFoundError: [Errno 2] Unable to synchronously open file (unable to open file: name = 'dataset/SCAMPS/scamps_videos/P000551.mat', errno = 2, error message = 'No such file or directory', flags = 0, o_flags = 0)"
SCAMPS,P000552,dataset/SCAMPS/scamps_videos/P000552.mat,,,,30.000000,"FileNotFoundError: [Errno 2] Unable to synchronously open file (unable to open file: name = 'dataset/SCAMPS/scamps_videos/P000552.mat', errno = 2, error message = 'No such file or directory', flags = 0, o_flags = 0)"
SCAMPS,P000553,dataset/SCAMPS/scamps_videos/P000553.mat,,,,30.000000,"FileNotFoundError: [Errno 2] Unable to synchronously open file (unable to open file: name = 'dataset/SCAMPS/scamps_videos/P000553.mat', errno = 2, error message = 'No such file or directory', flags = 0, o_flags = 0)"
SCAMPS,P000554,dataset/SCAMPS/scamps_videos/P000554.mat,,,,30.000000,"FileNotFoundError: [Errno 2] Unable to synchronously open file (unable to open file: name = 'dataset/SCAMPS/scamps_videos/P000554.mat', errno = 2, error message = 'No such file or directory', flags = 0, o_flags = 0)"
SCAMPS,P000555,dataset/SCAMPS/scamps_videos/P000555.mat,,,,30.000000,"FileNotFoundError: [Errno 2] Unable to synchronously open file (unable to open file: name = 'dataset/SCAMPS/scamps_videos/P000555.mat', errno = 2, error message = 'No such file or directory', flags = 0, o_flags = 0)"
SCAMPS,P000556,dataset/SCAMPS/scamps_videos/P000556.mat,,,,30.000000,"FileNotFoundError: [Errno 2] Unable to synchronously open file (unable to open file: name = 'dataset/SCAMPS/scamps_videos/P000556.mat', errno = 2, error message = 'No such file or directory', flags = 0, o_flags = 0)"
SCAMPS,P000557,dataset/SCAMPS/scamps_videos/P000557.mat,,,,30.000000,"FileNotFoundError: [Errno 2] Unable to synchronously open file (unable to open file: name = 'dataset/SCAMPS/scamps_videos/P000557.mat', errno = 2, error message = 'No such file or directory', flags = 0, o_flags = 0)"
SCAMPS,P000558,dataset/SCAMPS/scamps_videos/P000558.mat,,,,30.000000,"FileNotFoundError: [Errno 2] Unable to synchronously open file (unable to open file: name = 'dataset/SCAMPS/scamps_videos/P000558.mat', errno = 2, error message = 'No such file or directory', flags = 0, o_flags = 0)"
SCAMPS,P000559,dataset/SCAMPS/scamps_videos/P000559.mat,,,,30.000000,"FileNotFoundError: [Errno 2] Unable to synchronously open file (unable to open file: name = 'dataset/SCAMPS/scamps_videos/P000559.mat', errno = 2, error message = 'No such file or directory', flags = 0, o_flags = 0)"
SCAMPS,P000560,dataset/SCAMPS/scamps_videos/P000560.mat,,,,30.000000,"FileNotFoundError: [Errno 2] Unable to synchronously open file (unable to open file: name = 'dataset/SCAMPS/scamps_videos/P000560.mat', errno = 2, error message = 'No such file or directory', flags = 0, o_flags = 0)"
SCAMPS,P000561,dataset/SCAMPS/scamps_videos/P000561.mat,,,,30.000000,"FileNotFoundError: [Errno 2] Unable to synchronously open file (unable to open file: name = 'dataset/SCAMPS/scamps_videos/P000561.mat', errno = 2, error message = 'No such file or directory', flags = 0, o_flags = 0)"
SCAMPS,P000562,dataset/SCAMPS/scamps_videos/P000562.mat,,,,30.000000,"FileNotFoundError: [Errno 2] Unable to synchronously open file (unable to open file: name = 'dataset/SCAMPS/scamps_videos/P000562.mat', errno = 2, error message = 'No such file or directory', flags = 0, o_flags = 0)"
SCAMPS,P000563,dataset/SCAMPS/scamps_videos/P000563.mat,,,,30.000000,"FileNotFoundError: [Errno 2] Unable to synchronously open file (unable to open file: name = 'dataset/SCAMPS/scamps_videos/P000563.mat', errno = 2, error message = 'No such file or directory', flags = 0, o_flags = 0)"
SCAMPS,P000564,dataset/SCAMPS/scamps_videos/P000564.mat,,,,30.000000,"FileNotFoundError: [Errno 2] Unable to synchronously open file (unable to open file: name = 'dataset/SCAMPS/scamps_videos/P000564.mat', errno = 2, error message = 'No such file or directory', flags = 0, o_flags = 0)"
SCAMPS,P000565,dataset/SCAMPS/scamps_videos/P000565.mat,,,,30.000000,"FileNotFoundError: [Errno 2] Unable to synchronously open file (unable to open file: name = 'dataset/SCAMPS/scamps_videos/P000565.mat', errno = 2, error message = 'No such file or directory', flags = 0, o_flags = 0)"
SCAMPS,P000566,dataset/SCAMPS/scamps_videos/P000566.mat,,,,30.000000,"FileNotFoundError: [Errno 2] Unable to synchronously open file (unable to open file: name = 'dataset/SCAMPS/scamps_videos/P000566.mat', errno = 2, error message = 'No such file or directory', flags = 0, o_flags = 0)"
SCAMPS,P000567,dataset/SCAMPS/scamps_videos/P000567.mat,,,,30.000000,"FileNotFoundError: [Errno 2] Unable to synchronously open file (unable to open file: name = 'dataset/SCAMPS/scamps_videos/P000567.mat', errno = 2, error message = 'No such file or directory', flags = 0, o_flags = 0)"
SCAMPS,P000568,dataset/SCAMPS/scamps_videos/P000568.mat,,,,30.000000,"FileNotFoundError: [Errno 2] Unable to synchronously open file (unable to open file: name = 'dataset/SCAMPS/scamps_videos/P000568.mat', errno = 2, error message = 'No such file or directory', flags = 0, o_flags = 0)"
SCAMPS,P000569,dataset/SCAMPS/scamps_videos/P000569.mat,,,,30.000000,"FileNotFoundError: [Errno 2] Unable to synchronously open file (unable to open file: name = 'dataset/SCAMPS/scamps_videos/P000569.mat', errno = 2, error message = 'No such file or directory', flags = 0, o_flags = 0)"
SCAMPS,P000570,dataset/SCAMPS/scamps_videos/P000570.mat,,,,30.000000,"FileNotFoundError: [Errno 2] Unable to synchronously open file (unable to open file: name = 'dataset/SCAMPS/scamps_videos/P000570.mat', errno = 2, error message = 'No such file or directory', flags = 0, o_flags = 0)"
SCAMPS,P000571,dataset/SCAMPS/scamps_videos/P000571.mat,,,,30.000000,"FileNotFoundError: [Errno 2] Unable to synchronously open file (unable to open file: name = 'dataset/SCAMPS/scamps_videos/P000571.mat', errno = 2, error message = 'No such file or directory', flags = 0, o_flags = 0)"
SCAMPS,P000572,dataset/SCAMPS/scamps_videos/P000572.mat,,,,30.000000,"FileNotFoundError: [Errno 2] Unable to synchronously open file (unable to open file: name = 'dataset/SCAMPS/scamps_videos/P000572.mat', errno = 2, error message = 'No such file or directory', flags = 0, o_flags = 0)"
SCAMPS,P000573,dataset/SCAMPS/scamps_videos/P000573.mat,,,,30.000000,"FileNotFoundError: [Errno 2] Unable to synchronously open file (unable to open file: name = 'dataset/SCAMPS/scamps_videos/P000573.mat', errno = 2, error message = 'No such file or directory', flags = 0, o_flags = 0)"
SCAMPS,P000574,dataset/SCAMPS/scamps_videos/P000574.mat,,,,30.000000,"FileNotFoundError: [Errno 2] Unable to synchronously open file (unable to open file: name = 'dataset/SCAMPS/scamps_videos/P000574.mat', errno = 2, error message = 'No such file or directory', flags = 0, o_flags = 0)"
SCAMPS,P000575,dataset/SCAMPS/scamps_videos/P000575.mat,,,,30.000000,"FileNotFoundError: [Errno 2] Unable to synchronously open file (unable to open file: name = 'dataset/SCAMPS/scamps_videos/P000575.mat', errno = 2, error message = 'No such file or directory', flags = 0, o_flags = 0)"
SCAMPS,P000576,dataset/SCAMPS/scamps_videos/P000576.mat,,,,30.000000,"FileNotFoundError: [Errno 2] Unable to synchronously open file (unable to open file: name = 'dataset/SCAMPS/scamps_videos/P000576.mat', errno = 2, error message = 'No such file or directory', flags = 0, o_flags = 0)"
SCAMPS,P000577,dataset/SCAMPS/scamps_videos/P000577.mat,,,,30.000000,"FileNotFoundError: [Errno 2] Unable to synchronously open file (unable to open file: name = 'dataset/SCAMPS/scamps_videos/P000577.mat', errno = 2, error message = 'No such file or directory', flags = 0, o_flags = 0)"
SCAMPS,P000578,dataset/SCAMPS/scamps_videos/P000578.mat,,,,30.000000,"FileNotFoundError: [Errno 2] Unable to synchronously open file (unable to open file: name = 'dataset/SCAMPS/scamps_videos/P000578.mat', errno = 2, error message = 'No such file or directory', flags = 0, o_flags = 0)"
SCAMPS,P000579,dataset/SCAMPS/scamps_videos/P000579.mat,,,,30.000000,"FileNotFoundError: [Errno 2] Unable to synchronously open file (unable to open file: name = 'dataset/SCAMPS/scamps_videos/P000579.mat', errno = 2, error message = 'No such file or directory', flags = 0, o_flags = 0)"
SCAMPS,P000580,dataset/SCAMPS/scamps_videos/P000580.mat,,,,30.000000,"FileNotFoundError: [Errno 2] Unable to synchronously open file (unable to open file: name = 'dataset/SCAMPS/scamps_videos/P000580.mat', errno = 2, error message = 'No such file or directory', flags = 0, o_flags = 0)"
SCAMPS,P000581,dataset/SCAMPS/scamps_videos/P000581.mat,,,,30.000000,"FileNotFoundError: [Errno 2] Unable to synchronously open file (unable to open file: name = 'dataset/SCAMPS/scamps_videos/P000581.mat', errno = 2, error message = 'No such file or directory', flags = 0, o_flags = 0)"
SCAMPS,P000582,dataset/SCAMPS/scamps_videos/P000582.mat,,,,30.000000,"FileNotFoundError: [Errno 2] Unable to synchronously open file (unable to open file: name = 'dataset/SCAMPS/scamps_videos/P000582.mat', errno = 2, error message = 'No such file or directory', flags = 0, o_flags = 0)"
SCAMPS,P000583,dataset/SCAMPS/scamps_videos/P000583.mat,,,,30.000000,"FileNotFoundError: [Errno 2] Unable to synchronously open file (unable to open file: name = 'dataset/SCAMPS/scamps_videos/P000583.mat', errno = 2, error message = 'No such file or directory', flags = 0, o_flags = 0)"
SCAMPS,P000584,dataset/SCAMPS/scamps_videos/P000584.mat,,,,30.000000,"FileNotFoundError: [Errno 2] Unable to synchronously open file (unable to open file: name = 'dataset/SCAMPS/scamps_videos/P000584.mat', errno = 2, error message = 'No such file or directory', flags = 0, o_flags = 0)"
SCAMPS,P000585,dataset/SCAMPS/scamps_videos/P000585.mat,,,,30.000000,"FileNotFoundError: [Errno 2] Unable to synchronously open file (unable to open file: name = 'dataset/SCAMPS/scamps_videos/P000585.mat', errno = 2, error message = 'No such file or directory', flags = 0, o_flags = 0)"
SCAMPS,P000586,dataset/SCAMPS/scamps_videos/P000586.mat,,,,30.000000,"FileNotFoundError: [Errno 2] Unable to synchronously open file (unable to open file: name = 'dataset/SCAMPS/scamps_videos/P000586.mat', errno = 2, error message = 'No such file or directory', flags = 0, o_flags = 0)"
SCAMPS,P000587,dataset/SCAMPS/scamps_videos/P000587.mat,,,,30.000000,"FileNotFoundError: [Errno 2] Unable to synchronously open file (unable to open file: name = 'dataset/SCAMPS/scamps_videos/P000587.mat', errno = 2, error message = 'No such file or directory', flags = 0, o_flags = 0)"
SCAMPS,P000588,dataset/SCAMPS/scamps_videos/P000588.mat,,,,30.000000,"FileNotFoundError: [Errno 2] Unable to synchronously open file (unable to open file: name = 'dataset/SCAMPS/scamps_videos/P000588.mat', errno = 2, error message = 'No such file or directory', flags = 0, o_flags = 0)"
SCAMPS,P000589,dataset/SCAMPS/scamps_videos/P000589.mat,,,,30.000000,"FileNotFoundError: [Errno 2] Unable to synchronously open file (unable to open file: name = 'dataset/SCAMPS/scamps_videos/P000589.mat', errno = 2, error message = 'No such file or directory', flags = 0, o_flags = 0)"
SCAMPS,P000590,dataset/SCAMPS/scamps_videos/P000590.mat,,,,30.000000,"FileNotFoundError: [Errno 2] Unable to synchronously open file (unable to open file: name = 'dataset/SCAMPS/scamps_videos/P000590.mat', errno = 2, error message = 'No such file or directory', flags = 0, o_flags = 0)"
SCAMPS,P000591,dataset/SCAMPS/scamps_videos/P000591.mat,,,,30.000000,"FileNotFoundError: [Errno 2] Unable to synchronously open file (unable to open file: name = 'dataset/SCAMPS/scamps_videos/P000591.mat', errno = 2, error message = 'No such file or directory', flags = 0, o_flags = 0)"
SCAMPS,P000592,dataset/SCAMPS/scamps_videos/P000592.mat,,,,30.000000,"FileNotFoundError: [Errno 2] Unable to synchronously open file (unable to open file: name = 'dataset/SCAMPS/scamps_videos/P000592.mat', errno = 2, error message = 'No such file or directory', flags = 0, o_flags = 0)"
SCAMPS,P000593,dataset/SCAMPS/scamps_videos/P000593.mat,,,,30.000000,"FileNotFoundError: [Errno 2] Unable to synchronously open file (unable to open file: name = 'dataset/SCAMPS/scamps_videos/P000593.mat', errno = 2, error message = 'No such file or directory', flags = 0, o_flags = 0)"
SCAMPS,P000594,dataset/SCAMPS/scamps_videos/P000594.mat,,,,30.000000,"FileNotFoundError: [Errno 2] Unable to synchronously open file (unable to open file: name = 'dataset/SCAMPS/scamps_videos/P000594.mat', errno = 2, error message = 'No such file or directory', flags = 0, o_flags = 0)"
SCAMPS,P000595,dataset/SCAMPS/scamps_videos/P000595.mat,,,,30.000000,"FileNotFoundError: [Errno 2] Unable to synchronously open file (unable to open file: name = 'dataset/SCAMPS/scamps_videos/P000595.mat', errno = 2, error message = 'No such file or directory', flags = 0, o_flags = 0)"
SCAMPS,P000596,dataset/SCAMPS/scamps_videos/P000596.mat,,,,30.000000,"FileNotFoundError: [Errno 2] Unable to synchronously open file (unable to open file: name = 'dataset/SCAMPS/scamps_videos/P000596.mat', errno = 2, error message = 'No such file or directory', flags = 0, o_flags = 0)"
SCAMPS,P000597,dataset/SCAMPS/scamps_videos/P000597.mat,,,,30.000000,"FileNotFoundError: [Errno 2] Unable to synchronously open file (unable to open file: name = 'dataset/SCAMPS/scamps_videos/P000597.mat', errno = 2, error message = 'No such file or directory', flags = 0, o_flags = 0)"
SCAMPS,P000598,dataset/SCAMPS/scamps_videos/P000598.mat,,,,30.000000,"FileNotFoundError: [Errno 2] Unable to synchronously open file (unable to open file: name = 'dataset/SCAMPS/scamps_videos/P000598.mat', errno = 2, error message = 'No such file or directory', flags = 0, o_flags = 0)"
SCAMPS,P000599,dataset/SCAMPS/scamps_videos/P000599.mat,,,,30.000000,"FileNotFoundError: [Errno 2] Unable to synchronously open file (unable to open file: name = 'dataset/SCAMPS/scamps_videos/P000599.mat', errno = 2, error message = 'No such file or directory', flags = 0, o_flags = 0)"
SCAMPS,P000600,dataset/SCAMPS/scamps_videos/P000600.mat,,,,30.000000,"FileNotFoundError: [Errno 2] Unable to synchronously open file (unable to open file: name = 'dataset/SCAMPS/scamps_videos/P000600.mat', errno = 2, error message = 'No such file or directory', flags = 0, o_flags = 0)"
SCAMPS,P000601,dataset/SCAMPS/scamps_videos/P000601.mat,,,,30.000000,"FileNotFoundError: [Errno 2] Unable to synchronously open file (unable to open file: name = 'dataset/SCAMPS/scamps_videos/P000601.mat', errno = 2, error message = 'No such file or directory', flags = 0, o_flags = 0)"
SCAMPS,P000602,dataset/SCAMPS/scamps_videos/P000602.mat,,,,30.000000,"FileNotFoundError: [Errno 2] Unable to synchronously open file (unable to open file: name = 'dataset/SCAMPS/scamps_videos/P000602.mat', errno = 2, error message = 'No such file or directory', flags = 0, o_flags = 0)"
SCAMPS,P000603,dataset/SCAMPS/scamps_videos/P000603.mat,,,,30.000000,"FileNotFoundError: [Errno 2] Unable to synchronously open file (unable to open file: name = 'dataset/SCAMPS/scamps_videos/P000603.mat', errno = 2, error message = 'No such file or directory', flags = 0, o_flags = 0)"
SCAMPS,P000604,dataset/SCAMPS/scamps_videos/P000604.mat,,,,30.000000,"FileNotFoundError: [Errno 2] Unable to synchronously open file (unable to open file: name = 'dataset/SCAMPS/scamps_videos/P000604.mat', errno = 2, error message = 'No such file or directory', flags = 0, o_flags = 0)"
SCAMPS,P000605,dataset/SCAMPS/scamps_videos/P000605.mat,,,,30.000000,"FileNotFoundError: [Errno 2] Unable to synchronously open file (unable to open file: name = 'dataset/SCAMPS/scamps_videos/P000605.mat', errno = 2, error message = 'No such file or directory', flags = 0, o_flags = 0)"
SCAMPS,P000606,dataset/SCAMPS/scamps_videos/P000606.mat,,,,30.000000,"FileNotFoundError: [Errno 2] Unable to synchronously open file (unable to open file: name = 'dataset/SCAMPS/scamps_videos/P000606.mat', errno = 2, error message = 'No such file or directory', flags = 0, o_flags = 0)"
SCAMPS,P000607,dataset/SCAMPS/scamps_videos/P000607.mat,,,,30.000000,"FileNotFoundError: [Errno 2] Unable to synchronously open file (unable to open file: name = 'dataset/SCAMPS/scamps_videos/P000607.mat', errno = 2, error message = 'No such file or directory', flags = 0, o_flags = 0)"
SCAMPS,P000608,dataset/SCAMPS/scamps_videos/P000608.mat,,,,30.000000,"FileNotFoundError: [Errno 2] Unable to synchronously open file (unable to open file: name = 'dataset/SCAMPS/scamps_videos/P000608.mat', errno = 2, error message = 'No such file or directory', flags = 0, o_flags = 0)"
SCAMPS,P000609,dataset/SCAMPS/scamps_videos/P000609.mat,,,,30.000000,"FileNotFoundError: [Errno 2] Unable to synchronously open file (unable to open file: name = 'dataset/SCAMPS/scamps_videos/P000609.mat', errno = 2, error message = 'No such file or directory', flags = 0, o_flags = 0)"
SCAMPS,P000610,dataset/SCAMPS/scamps_videos/P000610.mat,,,,30.000000,"FileNotFoundError: [Errno 2] Unable to synchronously open file (unable to open file: name = 'dataset/SCAMPS/scamps_videos/P000610.mat', errno = 2, error message = 'No such file or directory', flags = 0, o_flags = 0)"
SCAMPS,P000611,dataset/SCAMPS/scamps_videos/P000611.mat,,,,30.000000,"FileNotFoundError: [Errno 2] Unable to synchronously open file (unable to open file: name = 'dataset/SCAMPS/scamps_videos/P000611.mat', errno = 2, error message = 'No such file or directory', flags = 0, o_flags = 0)"
SCAMPS,P000612,dataset/SCAMPS/scamps_videos/P000612.mat,,,,30.000000,"FileNotFoundError: [Errno 2] Unable to synchronously open file (unable to open file: name = 'dataset/SCAMPS/scamps_videos/P000612.mat', errno = 2, error message = 'No such file or directory', flags = 0, o_flags = 0)"
SCAMPS,P000613,dataset/SCAMPS/scamps_videos/P000613.mat,,,,30.000000,"FileNotFoundError: [Errno 2] Unable to synchronously open file (unable to open file: name = 'dataset/SCAMPS/scamps_videos/P000613.mat', errno = 2, error message = 'No such file or directory', flags = 0, o_flags = 0)"
SCAMPS,P000614,dataset/SCAMPS/scamps_videos/P000614.mat,,,,30.000000,"FileNotFoundError: [Errno 2] Unable to synchronously open file (unable to open file: name = 'dataset/SCAMPS/scamps_videos/P000614.mat', errno = 2, error message = 'No such file or directory', flags = 0, o_flags = 0)"
SCAMPS,P000615,dataset/SCAMPS/scamps_videos/P000615.mat,,,,30.000000,"FileNotFoundError: [Errno 2] Unable to synchronously open file (unable to open file: name = 'dataset/SCAMPS/scamps_videos/P000615.mat', errno = 2, error message = 'No such file or directory', flags = 0, o_flags = 0)"
SCAMPS,P000616,dataset/SCAMPS/scamps_videos/P000616.mat,,,,30.000000,"FileNotFoundError: [Errno 2] Unable to synchronously open file (unable to open file: name = 'dataset/SCAMPS/scamps_videos/P000616.mat', errno = 2, error message = 'No such file or directory', flags = 0, o_flags = 0)"
SCAMPS,P000617,dataset/SCAMPS/scamps_videos/P000617.mat,,,,30.000000,"FileNotFoundError: [Errno 2] Unable to synchronously open file (unable to open file: name = 'dataset/SCAMPS/scamps_videos/P000617.mat', errno = 2, error message = 'No such file or directory', flags = 0, o_flags = 0)"
SCAMPS,P000618,dataset/SCAMPS/scamps_videos/P000618.mat,,,,30.000000,"FileNotFoundError: [Errno 2] Unable to synchronously open file (unable to open file: name = 'dataset/SCAMPS/scamps_videos/P000618.mat', errno = 2, error message = 'No such file or directory', flags = 0, o_flags = 0)"
SCAMPS,P000619,dataset/SCAMPS/scamps_videos/P000619.mat,,,,30.000000,"FileNotFoundError: [Errno 2] Unable to synchronously open file (unable to open file: name = 'dataset/SCAMPS/scamps_videos/P000619.mat', errno = 2, error message = 'No such file or directory', flags = 0, o_flags = 0)"
SCAMPS,P000620,dataset/SCAMPS/scamps_videos/P000620.mat,,,,30.000000,"FileNotFoundError: [Errno 2] Unable to synchronously open file (unable to open file: name = 'dataset/SCAMPS/scamps_videos/P000620.mat', errno = 2, error message = 'No such file or directory', flags = 0, o_flags = 0)"
SCAMPS,P000621,dataset/SCAMPS/scamps_videos/P000621.mat,,,,30.000000,"FileNotFoundError: [Errno 2] Unable to synchronously open file (unable to open file: name = 'dataset/SCAMPS/scamps_videos/P000621.mat', errno = 2, error message = 'No such file or directory', flags = 0, o_flags = 0)"
SCAMPS,P000622,dataset/SCAMPS/scamps_videos/P000622.mat,,,,30.000000,"FileNotFoundError: [Errno 2] Unable to synchronously open file (unable to open file: name = 'dataset/SCAMPS/scamps_videos/P000622.mat', errno = 2, error message = 'No such file or directory', flags = 0, o_flags = 0)"
SCAMPS,P000623,dataset/SCAMPS/scamps_videos/P000623.mat,,,,30.000000,"FileNotFoundError: [Errno 2] Unable to synchronously open file (unable to open file: name = 'dataset/SCAMPS/scamps_videos/P000623.mat', errno = 2, error message = 'No such file or directory', flags = 0, o_flags = 0)"
SCAMPS,P000624,dataset/SCAMPS/scamps_videos/P000624.mat,,,,30.000000,"FileNotFoundError: [Errno 2] Unable to synchronously open file (unable to open file: name = 'dataset/SCAMPS/scamps_videos/P000624.mat', errno = 2, error message = 'No such file or directory', flags = 0, o_flags = 0)"
SCAMPS,P000625,dataset/SCAMPS/scamps_videos/P000625.mat,,,,30.000000,"FileNotFoundError: [Errno 2] Unable to synchronously open file (unable to open file: name = 'dataset/SCAMPS/scamps_videos/P000625.mat', errno = 2, error message = 'No such file or directory', flags = 0, o_flags = 0)"
SCAMPS,P000626,dataset/SCAMPS/scamps_videos/P000626.mat,,,,30.000000,"FileNotFoundError: [Errno 2] Unable to synchronously open file (unable to open file: name = 'dataset/SCAMPS/scamps_videos/P000626.mat', errno = 2, error message = 'No such file or directory', flags = 0, o_flags = 0)"
SCAMPS,P000627,dataset/SCAMPS/scamps_videos/P000627.mat,,,,30.000000,"FileNotFoundError: [Errno 2] Unable to synchronously open file (unable to open file: name = 'dataset/SCAMPS/scamps_videos/P000627.mat', errno = 2, error message = 'No such file or directory', flags = 0, o_flags = 0)"
SCAMPS,P000628,dataset/SCAMPS/scamps_videos/P000628.mat,,,,30.000000,"FileNotFoundError: [Errno 2] Unable to synchronously open file (unable to open file: name = 'dataset/SCAMPS/scamps_videos/P000628.mat', errno = 2, error message = 'No such file or directory', flags = 0, o_flags = 0)"
SCAMPS,P000629,dataset/SCAMPS/scamps_videos/P000629.mat,,,,30.000000,"FileNotFoundError: [Errno 2] Unable to synchronously open file (unable to open file: name = 'dataset/SCAMPS/scamps_videos/P000629.mat', errno = 2, error message = 'No such file or directory', flags = 0, o_flags = 0)"
SCAMPS,P000630,dataset/SCAMPS/scamps_videos/P000630.mat,,,,30.000000,"FileNotFoundError: [Errno 2] Unable to synchronously open file (unable to open file: name = 'dataset/SCAMPS/scamps_videos/P000630.mat', errno = 2, error message = 'No such file or directory', flags = 0, o_flags = 0)"
SCAMPS,P000631,dataset/SCAMPS/scamps_videos/P000631.mat,,,,30.000000,"FileNotFoundError: [Errno 2] Unable to synchronously open file (unable to open file: name = 'dataset/SCAMPS/scamps_videos/P000631.mat', errno = 2, error message = 'No such file or directory', flags = 0, o_flags = 0)"
SCAMPS,P000632,dataset/SCAMPS/scamps_videos/P000632.mat,,,,30.000000,"FileNotFoundError: [Errno 2] Unable to synchronously open file (unable to open file: name = 'dataset/SCAMPS/scamps_videos/P000632.mat', errno = 2, error message = 'No such file or directory', flags = 0, o_flags = 0)"
SCAMPS,P000633,dataset/SCAMPS/scamps_videos/P000633.mat,,,,30.000000,"FileNotFoundError: [Errno 2] Unable to synchronously open file (unable to open file: name = 'dataset/SCAMPS/scamps_videos/P000633.mat', errno = 2, error message = 'No such file or directory', flags = 0, o_flags = 0)"
SCAMPS,P000634,dataset/SCAMPS/scamps_videos/P000634.mat,,,,30.000000,"FileNotFoundError: [Errno 2] Unable to synchronously open file (unable to open file: name = 'dataset/SCAMPS/scamps_videos/P000634.mat', errno = 2, error message = 'No such file or directory', flags = 0, o_flags = 0)"
SCAMPS,P000635,dataset/SCAMPS/scamps_videos/P000635.mat,,,,30.000000,"FileNotFoundError: [Errno 2] Unable to synchronously open file (unable to open file: name = 'dataset/SCAMPS/scamps_videos/P000635.mat', errno = 2, error message = 'No such file or directory', flags = 0, o_flags = 0)"
SCAMPS,P000636,dataset/SCAMPS/scamps_videos/P000636.mat,,,,30.000000,"FileNotFoundError: [Errno 2] Unable to synchronously open file (unable to open file: name = 'dataset/SCAMPS/scamps_videos/P000636.mat', errno = 2, error message = 'No such file or directory', flags = 0, o_flags = 0)"
SCAMPS,P000637,dataset/SCAMPS/scamps_videos/P000637.mat,,,,30.000000,"FileNotFoundError: [Errno 2] Unable to synchronously open file (unable to open file: name = 'dataset/SCAMPS/scamps_videos/P000637.mat', errno = 2, error message = 'No such file or directory', flags = 0, o_flags = 0)"
SCAMPS,P000638,dataset/SCAMPS/scamps_videos/P000638.mat,,,,30.000000,"FileNotFoundError: [Errno 2] Unable to synchronously open file (unable to open file: name = 'dataset/SCAMPS/scamps_videos/P000638.mat', errno = 2, error message = 'No such file or directory', flags = 0, o_flags = 0)"
SCAMPS,P000639,dataset/SCAMPS/scamps_videos/P000639.mat,,,,30.000000,"FileNotFoundError: [Errno 2] Unable to synchronously open file (unable to open file: name = 'dataset/SCAMPS/scamps_videos/P000639.mat', errno = 2, error message = 'No such file or directory', flags = 0, o_flags = 0)"
SCAMPS,P000640,dataset/SCAMPS/scamps_videos/P000640.mat,,,,30.000000,"FileNotFoundError: [Errno 2] Unable to synchronously open file (unable to open file: name = 'dataset/SCAMPS/scamps_videos/P000640.mat', errno = 2, error message = 'No such file or directory', flags = 0, o_flags = 0)"
SCAMPS,P000641,dataset/SCAMPS/scamps_videos/P000641.mat,,,,30.000000,"FileNotFoundError: [Errno 2] Unable to synchronously open file (unable to open file: name = 'dataset/SCAMPS/scamps_videos/P000641.mat', errno = 2, error message = 'No such file or directory', flags = 0, o_flags = 0)"
SCAMPS,P000642,dataset/SCAMPS/scamps_videos/P000642.mat,,,,30.000000,"FileNotFoundError: [Errno 2] Unable to synchronously open file (unable to open file: name = 'dataset/SCAMPS/scamps_videos/P000642.mat', errno = 2, error message = 'No such file or directory', flags = 0, o_flags = 0)"
SCAMPS,P000643,dataset/SCAMPS/scamps_videos/P000643.mat,,,,30.000000,"FileNotFoundError: [Errno 2] Unable to synchronously open file (unable to open file: name = 'dataset/SCAMPS/scamps_videos/P000643.mat', errno = 2, error message = 'No such file or directory', flags = 0, o_flags = 0)"
SCAMPS,P000644,dataset/SCAMPS/scamps_videos/P000644.mat,,,,30.000000,"FileNotFoundError: [Errno 2] Unable to synchronously open file (unable to open file: name = 'dataset/SCAMPS/scamps_videos/P000644.mat', errno = 2, error message = 'No such file or directory', flags = 0, o_flags = 0)"
SCAMPS,P000645,dataset/SCAMPS/scamps_videos/P000645.mat,,,,30.000000,"FileNotFoundError: [Errno 2] Unable to synchronously open file (unable to open file: name = 'dataset/SCAMPS/scamps_videos/P000645.mat', errno = 2, error message = 'No such file or directory', flags = 0, o_flags = 0)"
SCAMPS,P000646,dataset/SCAMPS/scamps_videos/P000646.mat,,,,30.000000,"FileNotFoundError: [Errno 2] Unable to synchronously open file (unable to open file: name = 'dataset/SCAMPS/scamps_videos/P000646.mat', errno = 2, error message = 'No such file or directory', flags = 0, o_flags = 0)"
SCAMPS,P000647,dataset/SCAMPS/scamps_videos/P000647.mat,,,,30.000000,"FileNotFoundError: [Errno 2] Unable to synchronously open file (unable to open file: name = 'dataset/SCAMPS/scamps_videos/P000647.mat', errno = 2, error message = 'No such file or directory', flags = 0, o_flags = 0)"
SCAMPS,P000648,dataset/SCAMPS/scamps_videos/P000648.mat,,,,30.000000,"FileNotFoundError: [Errno 2] Unable to synchronously open file (unable to open file: name = 'dataset/SCAMPS/scamps_videos/P000648.mat', errno = 2, error message = 'No such file or directory', flags = 0, o_flags = 0)"
SCAMPS,P000649,dataset/SCAMPS/scamps_videos/P000649.mat,,,,30.000000,"FileNotFoundError: [Errno 2] Unable to synchronously open file (unable to open file: name = 'dataset/SCAMPS/scamps_videos/P000649.mat', errno = 2, error message = 'No such file or directory', flags = 0, o_flags = 0)"
SCAMPS,P000650,dataset/SCAMPS/scamps_videos/P000650.mat,,,,30.000000,"FileNotFoundError: [Errno 2] Unable to synchronously open file (unable to open file: name = 'dataset/SCAMPS/scamps_videos/P000650.mat', errno = 2, error message = 'No such file or directory', flags = 0, o_flags = 0)"
SCAMPS,P000651,dataset/SCAMPS/scamps_videos/P000651.mat,,,,30.000000,"FileNotFoundError: [Errno 2] Unable to synchronously open file (unable to open file: name = 'dataset/SCAMPS/scamps_videos/P000651.mat', errno = 2, error message = 'No such file or directory', flags = 0, o_flags = 0)"
SCAMPS,P000652,dataset/SCAMPS/scamps_videos/P000652.mat,,,,30.000000,"FileNotFoundError: [Errno 2] Unable to synchronously open file (unable to open file: name = 'dataset/SCAMPS/scamps_videos/P000652.mat', errno = 2, error message = 'No such file or directory', flags = 0, o_flags = 0)"
SCAMPS,P000653,dataset/SCAMPS/scamps_videos/P000653.mat,,,,30.000000,"FileNotFoundError: [Errno 2] Unable to synchronously open file (unable to open file: name = 'dataset/SCAMPS/scamps_videos/P000653.mat', errno = 2, error message = 'No such file or directory', flags = 0, o_flags = 0)"
SCAMPS,P000654,dataset/SCAMPS/scamps_videos/P000654.mat,,,,30.000000,"FileNotFoundError: [Errno 2] Unable to synchronously open file (unable to open file: name = 'dataset/SCAMPS/scamps_videos/P000654.mat', errno = 2, error message = 'No such file or directory', flags = 0, o_flags = 0)"
SCAMPS,P000655,dataset/SCAMPS/scamps_videos/P000655.mat,,,,30.000000,"FileNotFoundError: [Errno 2] Unable to synchronously open file (unable to open file: name = 'dataset/SCAMPS/scamps_videos/P000655.mat', errno = 2, error message = 'No such file or directory', flags = 0, o_flags = 0)"
SCAMPS,P000656,dataset/SCAMPS/scamps_videos/P000656.mat,,,,30.000000,"FileNotFoundError: [Errno 2] Unable to synchronously open file (unable to open file: name = 'dataset/SCAMPS/scamps_videos/P000656.mat', errno = 2, error message = 'No such file or directory', flags = 0, o_flags = 0)"
SCAMPS,P000657,dataset/SCAMPS/scamps_videos/P000657.mat,,,,30.000000,"FileNotFoundError: [Errno 2] Unable to synchronously open file (unable to open file: name = 'dataset/SCAMPS/scamps_videos/P000657.mat', errno = 2, error message = 'No such file or directory', flags = 0, o_flags = 0)"
SCAMPS,P000658,dataset/SCAMPS/scamps_videos/P000658.mat,,,,30.000000,"FileNotFoundError: [Errno 2] Unable to synchronously open file (unable to open file: name = 'dataset/SCAMPS/scamps_videos/P000658.mat', errno = 2, error message = 'No such file or directory', flags = 0, o_flags = 0)"
SCAMPS,P000659,dataset/SCAMPS/scamps_videos/P000659.mat,,,,30.000000,"FileNotFoundError: [Errno 2] Unable to synchronously open file (unable to open file: name = 'dataset/SCAMPS/scamps_videos/P000659.mat', errno = 2, error message = 'No such file or directory', flags = 0, o_flags = 0)"
SCAMPS,P000660,dataset/SCAMPS/scamps_videos/P000660.mat,,,,30.000000,"FileNotFoundError: [Errno 2] Unable to synchronously open file (unable to open file: name = 'dataset/SCAMPS/scamps_videos/P000660.mat', errno = 2, error message = 'No such file or directory', flags = 0, o_flags = 0)"
SCAMPS,P000661,dataset/SCAMPS/scamps_videos/P000661.mat,,,,30.000000,"FileNotFoundError: [Errno 2] Unable to synchronously open file (unable to open file: name = 'dataset/SCAMPS/scamps_videos/P000661.mat', errno = 2, error message = 'No such file or directory', flags = 0, o_flags = 0)"
SCAMPS,P000662,dataset/SCAMPS/scamps_videos/P000662.mat,,,,30.000000,"FileNotFoundError: [Errno 2] Unable to synchronously open file (unable to open file: name = 'dataset/SCAMPS/scamps_videos/P000662.mat', errno = 2, error message = 'No such file or directory', flags = 0, o_flags = 0)"
SCAMPS,P000663,dataset/SCAMPS/scamps_videos/P000663.mat,,,,30.000000,"FileNotFoundError: [Errno 2] Unable to synchronously open file (unable to open file: name = 'dataset/SCAMPS/scamps_videos/P000663.mat', errno = 2, error message = 'No such file or directory', flags = 0, o_flags = 0)"
SCAMPS,P000664,dataset/SCAMPS/scamps_videos/P000664.mat,,,,30.000000,"FileNotFoundError: [Errno 2] Unable to synchronously open file (unable to open file: name = 'dataset/SCAMPS/scamps_videos/P000664.mat', errno = 2, error message = 'No such file or directory', flags = 0, o_flags = 0)"
SCAMPS,P000665,dataset/SCAMPS/scamps_videos/P000665.mat,,,,30.000000,"FileNotFoundError: [Errno 2] Unable to synchronously open file (unable to open file: name = 'dataset/SCAMPS/scamps_videos/P000665.mat', errno = 2, error message = 'No such file or directory', flags = 0, o_flags = 0)"
SCAMPS,P000666,dataset/SCAMPS/scamps_videos/P000666.mat,,,,30.000000,"FileNotFoundError: [Errno 2] Unable to synchronously open file (unable to open file: name = 'dataset/SCAMPS/scamps_videos/P000666.mat', errno = 2, error message = 'No such file or directory', flags = 0, o_flags = 0)"
SCAMPS,P000667,dataset/SCAMPS/scamps_videos/P000667.mat,,,,30.000000,"FileNotFoundError: [Errno 2] Unable to synchronously open file (unable to open file: name = 'dataset/SCAMPS/scamps_videos/P000667.mat', errno = 2, error message = 'No such file or directory', flags = 0, o_flags = 0)"
SCAMPS,P000668,dataset/SCAMPS/scamps_videos/P000668.mat,,,,30.000000,"FileNotFoundError: [Errno 2] Unable to synchronously open file (unable to open file: name = 'dataset/SCAMPS/scamps_videos/P000668.mat', errno = 2, error message = 'No such file or directory', flags = 0, o_flags = 0)"
SCAMPS,P000669,dataset/SCAMPS/scamps_videos/P000669.mat,,,,30.000000,"FileNotFoundError: [Errno 2] Unable to synchronously open file (unable to open file: name = 'dataset/SCAMPS/scamps_videos/P000669.mat', errno = 2, error message = 'No such file or directory', flags = 0, o_flags = 0)"
SCAMPS,P000670,dataset/SCAMPS/scamps_videos/P000670.mat,,,,30.000000,"FileNotFoundError: [Errno 2] Unable to synchronously open file (unable to open file: name = 'dataset/SCAMPS/scamps_videos/P000670.mat', errno = 2, error message = 'No such file or directory', flags = 0, o_flags = 0)"
SCAMPS,P000671,dataset/SCAMPS/scamps_videos/P000671.mat,,,,30.000000,"FileNotFoundError: [Errno 2] Unable to synchronously open file (unable to open file: name = 'dataset/SCAMPS/scamps_videos/P000671.mat', errno = 2, error message = 'No such file or directory', flags = 0, o_flags = 0)"
SCAMPS,P000672,dataset/SCAMPS/scamps_videos/P000672.mat,,,,30.000000,"FileNotFoundError: [Errno 2] Unable to synchronously open file (unable to open file: name = 'dataset/SCAMPS/scamps_videos/P000672.mat', errno = 2, error message = 'No such file or directory', flags = 0, o_flags = 0)"
SCAMPS,P000673,dataset/SCAMPS/scamps_videos/P000673.mat,,,,30.000000,"FileNotFoundError: [Errno 2] Unable to synchronously open file (unable to open file: name = 'dataset/SCAMPS/scamps_videos/P000673.mat', errno = 2, error message = 'No such file or directory', flags = 0, o_flags = 0)"
SCAMPS,P000674,dataset/SCAMPS/scamps_videos/P000674.mat,,,,30.000000,"FileNotFoundError: [Errno 2] Unable to synchronously open file (unable to open file: name = 'dataset/SCAMPS/scamps_videos/P000674.mat', errno = 2, error message = 'No such file or directory', flags = 0, o_flags = 0)"
SCAMPS,P000675,dataset/SCAMPS/scamps_videos/P000675.mat,,,,30.000000,"FileNotFoundError: [Errno 2] Unable to synchronously open file (unable to open file: name = 'dataset/SCAMPS/scamps_videos/P000675.mat', errno = 2, error message = 'No such file or directory', flags = 0, o_flags = 0)"
SCAMPS,P000676,dataset/SCAMPS/scamps_videos/P000676.mat,,,,30.000000,"FileNotFoundError: [Errno 2] Unable to synchronously open file (unable to open file: name = 'dataset/SCAMPS/scamps_videos/P000676.mat', errno = 2, error message = 'No such file or directory', flags = 0, o_flags = 0)"
SCAMPS,P000677,dataset/SCAMPS/scamps_videos/P000677.mat,,,,30.000000,"FileNotFoundError: [Errno 2] Unable to synchronously open file (unable to open file: name = 'dataset/SCAMPS/scamps_videos/P000677.mat', errno = 2, error message = 'No such file or directory', flags = 0, o_flags = 0)"
SCAMPS,P000678,dataset/SCAMPS/scamps_videos/P000678.mat,,,,30.000000,"FileNotFoundError: [Errno 2] Unable to synchronously open file (unable to open file: name = 'dataset/SCAMPS/scamps_videos/P000678.mat', errno = 2, error message = 'No such file or directory', flags = 0, o_flags = 0)"
SCAMPS,P000679,dataset/SCAMPS/scamps_videos/P000679.mat,,,,30.000000,"FileNotFoundError: [Errno 2] Unable to synchronously open file (unable to open file: name = 'dataset/SCAMPS/scamps_videos/P000679.mat', errno = 2, error message = 'No such file or directory', flags = 0, o_flags = 0)"
SCAMPS,P000680,dataset/SCAMPS/scamps_videos/P000680.mat,,,,30.000000,"FileNotFoundError: [Errno 2] Unable to synchronously open file (unable to open file: name = 'dataset/SCAMPS/scamps_videos/P000680.mat', errno = 2, error message = 'No such file or directory', flags = 0, o_flags = 0)"
SCAMPS,P000681,dataset/SCAMPS/scamps_videos/P000681.mat,,,,30.000000,"FileNotFoundError: [Errno 2] Unable to synchronously open file (unable to open file: name = 'dataset/SCAMPS/scamps_videos/P000681.mat', errno = 2, error message = 'No such file or directory', flags = 0, o_flags = 0)"
SCAMPS,P000682,dataset/SCAMPS/scamps_videos/P000682.mat,,,,30.000000,"FileNotFoundError: [Errno 2] Unable to synchronously open file (unable to open file: name = 'dataset/SCAMPS/scamps_videos/P000682.mat', errno = 2, error message = 'No such file or directory', flags = 0, o_flags = 0)"
SCAMPS,P000683,dataset/SCAMPS/scamps_videos/P000683.mat,,,,30.000000,"FileNotFoundError: [Errno 2] Unable to synchronously open file (unable to open file: name = 'dataset/SCAMPS/scamps_videos/P000683.mat', errno = 2, error message = 'No such file or directory', flags = 0, o_flags = 0)"
SCAMPS,P000684,dataset/SCAMPS/scamps_videos/P000684.mat,,,,30.000000,"FileNotFoundError: [Errno 2] Unable to synchronously open file (unable to open file: name = 'dataset/SCAMPS/scamps_videos/P000684.mat', errno = 2, error message = 'No such file or directory', flags = 0, o_flags = 0)"
SCAMPS,P000685,dataset/SCAMPS/scamps_videos/P000685.mat,,,,30.000000,"FileNotFoundError: [Errno 2] Unable to synchronously open file (unable to open file: name = 'dataset/SCAMPS/scamps_videos/P000685.mat', errno = 2, error message = 'No such file or directory', flags = 0, o_flags = 0)"
SCAMPS,P000686,dataset/SCAMPS/scamps_videos/P000686.mat,,,,30.000000,"FileNotFoundError: [Errno 2] Unable to synchronously open file (unable to open file: name = 'dataset/SCAMPS/scamps_videos/P000686.mat', errno = 2, error message = 'No such file or directory', flags = 0, o_flags = 0)"
SCAMPS,P000687,dataset/SCAMPS/scamps_videos/P000687.mat,,,,30.000000,"FileNotFoundError: [Errno 2] Unable to synchronously open file (unable to open file: name = 'dataset/SCAMPS/scamps_videos/P000687.mat', errno = 2, error message = 'No such file or directory', flags = 0, o_flags = 0)"
SCAMPS,P000688,dataset/SCAMPS/scamps_videos/P000688.mat,,,,30.000000,"FileNotFoundError: [Errno 2] Unable to synchronously open file (unable to open file: name = 'dataset/SCAMPS/scamps_videos/P000688.mat', errno = 2, error message = 'No such file or directory', flags = 0, o_flags = 0)"
SCAMPS,P000689,dataset/SCAMPS/scamps_videos/P000689.mat,,,,30.000000,"FileNotFoundError: [Errno 2] Unable to synchronously open file (unable to open file: name = 'dataset/SCAMPS/scamps_videos/P000689.mat', errno = 2, error message = 'No such file or directory', flags = 0, o_flags = 0)"
SCAMPS,P000690,dataset/SCAMPS/scamps_videos/P000690.mat,,,,30.000000,"FileNotFoundError: [Errno 2] Unable to synchronously open file (unable to open file: name = 'dataset/SCAMPS/scamps_videos/P000690.mat', errno = 2, error message = 'No such file or directory', flags = 0, o_flags = 0)"
SCAMPS,P000691,dataset/SCAMPS/scamps_videos/P000691.mat,,,,30.000000,"FileNotFoundError: [Errno 2] Unable to synchronously open file (unable to open file: name = 'dataset/SCAMPS/scamps_videos/P000691.mat', errno = 2, error message = 'No such file or directory', flags = 0, o_flags = 0)"
SCAMPS,P000692,dataset/SCAMPS/scamps_videos/P000692.mat,,,,30.000000,"FileNotFoundError: [Errno 2] Unable to synchronously open file (unable to open file: name = 'dataset/SCAMPS/scamps_videos/P000692.mat', errno = 2, error message = 'No such file or directory', flags = 0, o_flags = 0)"
SCAMPS,P000693,dataset/SCAMPS/scamps_videos/P000693.mat,,,,30.000000,"FileNotFoundError: [Errno 2] Unable to synchronously open file (unable to open file: name = 'dataset/SCAMPS/scamps_videos/P000693.mat', errno = 2, error message = 'No such file or directory', flags = 0, o_flags = 0)"
SCAMPS,P000694,dataset/SCAMPS/scamps_videos/P000694.mat,,,,30.000000,"FileNotFoundError: [Errno 2] Unable to synchronously open file (unable to open file: name = 'dataset/SCAMPS/scamps_videos/P000694.mat', errno = 2, error message = 'No such file or directory', flags = 0, o_flags = 0)"
SCAMPS,P000695,dataset/SCAMPS/scamps_videos/P000695.mat,,,,30.000000,"FileNotFoundError: [Errno 2] Unable to synchronously open file (unable to open file: name = 'dataset/SCAMPS/scamps_videos/P000695.mat', errno = 2, error message = 'No such file or directory', flags = 0, o_flags = 0)"
SCAMPS,P000696,dataset/SCAMPS/scamps_videos/P000696.mat,,,,30.000000,"FileNotFoundError: [Errno 2] Unable to synchronously open file (unable to open file: name = 'dataset/SCAMPS/scamps_videos/P000696.mat', errno = 2, error message = 'No such file or directory', flags = 0, o_flags = 0)"
SCAMPS,P000697,dataset/SCAMPS/scamps_videos/P000697.mat,,,,30.000000,"FileNotFoundError: [Errno 2] Unable to synchronously open file (unable to open file: name = 'dataset/SCAMPS/scamps_videos/P000697.mat', errno = 2, error message = 'No such file or directory', flags = 0, o_flags = 0)"
SCAMPS,P000698,dataset/SCAMPS/scamps_videos/P000698.mat,,,,30.000000,"FileNotFoundError: [Errno 2] Unable to synchronously open file (unable to open file: name = 'dataset/SCAMPS/scamps_videos/P000698.mat', errno = 2, error message = 'No such file or directory', flags = 0, o_flags = 0)"
SCAMPS,P000699,dataset/SCAMPS/scamps_videos/P000699.mat,,,,30.000000,"FileNotFoundError: [Errno 2] Unable to synchronously open file (unable to open file: name = 'dataset/SCAMPS/scamps_videos/P000699.mat', errno = 2, error message = 'No such file or directory', flags = 0, o_flags = 0)"
SCAMPS,P000700,dataset/SCAMPS/scamps_videos/P000700.mat,,,,30.000000,"FileNotFoundError: [Errno 2] Unable to synchronously open file (unable to open file: name = 'dataset/SCAMPS/scamps_videos/P000700.mat', errno = 2, error message = 'No such file or directory', flags = 0, o_flags = 0)"
SCAMPS,P000701,dataset/SCAMPS/scamps_videos/P000701.mat,,,,30.000000,"FileNotFoundError: [Errno 2] Unable to synchronously open file (unable to open file: name = 'dataset/SCAMPS/scamps_videos/P000701.mat', errno = 2, error message = 'No such file or directory', flags = 0, o_flags = 0)"
SCAMPS,P000702,dataset/SCAMPS/scamps_videos/P000702.mat,,,,30.000000,"FileNotFoundError: [Errno 2] Unable to synchronously open file (unable to open file: name = 'dataset/SCAMPS/scamps_videos/P000702.mat', errno = 2, error message = 'No such file or directory', flags = 0, o_flags = 0)"
SCAMPS,P000703,dataset/SCAMPS/scamps_videos/P000703.mat,,,,30.000000,"FileNotFoundError: [Errno 2] Unable to synchronously open file (unable to open file: name = 'dataset/SCAMPS/scamps_videos/P000703.mat', errno = 2, error message = 'No such file or directory', flags = 0, o_flags = 0)"
SCAMPS,P000704,dataset/SCAMPS/scamps_videos/P000704.mat,,,,30.000000,"FileNotFoundError: [Errno 2] Unable to synchronously open file (unable to open file: name = 'dataset/SCAMPS/scamps_videos/P000704.mat', errno = 2, error message = 'No such file or directory', flags = 0, o_flags = 0)"
SCAMPS,P000705,dataset/SCAMPS/scamps_videos/P000705.mat,,,,30.000000,"FileNotFoundError: [Errno 2] Unable to synchronously open file (unable to open file: name = 'dataset/SCAMPS/scamps_videos/P000705.mat', errno = 2, error message = 'No such file or directory', flags = 0, o_flags = 0)"
SCAMPS,P000706,dataset/SCAMPS/scamps_videos/P000706.mat,,,,30.000000,"FileNotFoundError: [Errno 2] Unable to synchronously open file (unable to open file: name = 'dataset/SCAMPS/scamps_videos/P000706.mat', errno = 2, error message = 'No such file or directory', flags = 0, o_flags = 0)"
SCAMPS,P000707,dataset/SCAMPS/scamps_videos/P000707.mat,,,,30.000000,"FileNotFoundError: [Errno 2] Unable to synchronously open file (unable to open file: name = 'dataset/SCAMPS/scamps_videos/P000707.mat', errno = 2, error message = 'No such file or directory', flags = 0, o_flags = 0)"
SCAMPS,P000708,dataset/SCAMPS/scamps_videos/P000708.mat,,,,30.000000,"FileNotFoundError: [Errno 2] Unable to synchronously open file (unable to open file: name = 'dataset/SCAMPS/scamps_videos/P000708.mat', errno = 2, error message = 'No such file or directory', flags = 0, o_flags = 0)"
SCAMPS,P000709,dataset/SCAMPS/scamps_videos/P000709.mat,,,,30.000000,"FileNotFoundError: [Errno 2] Unable to synchronously open file (unable to open file: name = 'dataset/SCAMPS/scamps_videos/P000709.mat', errno = 2, error message = 'No such file or directory', flags = 0, o_flags = 0)"
SCAMPS,P000710,dataset/SCAMPS/scamps_videos/P000710.mat,,,,30.000000,"FileNotFoundError: [Errno 2] Unable to synchronously open file (unable to open file: name = 'dataset/SCAMPS/scamps_videos/P000710.mat', errno = 2, error message = 'No such file or directory', flags = 0, o_flags = 0)"
SCAMPS,P000711,dataset/SCAMPS/scamps_videos/P000711.mat,,,,30.000000,"FileNotFoundError: [Errno 2] Unable to synchronously open file (unable to open file: name = 'dataset/SCAMPS/scamps_videos/P000711.mat', errno = 2, error message = 'No such file or directory', flags = 0, o_flags = 0)"
SCAMPS,P000712,dataset/SCAMPS/scamps_videos/P000712.mat,,,,30.000000,"FileNotFoundError: [Errno 2] Unable to synchronously open file (unable to open file: name = 'dataset/SCAMPS/scamps_videos/P000712.mat', errno = 2, error message = 'No such file or directory', flags = 0, o_flags = 0)"
SCAMPS,P000713,dataset/SCAMPS/scamps_videos/P000713.mat,,,,30.000000,"FileNotFoundError: [Errno 2] Unable to synchronously open file (unable to open file: name = 'dataset/SCAMPS/scamps_videos/P000713.mat', errno = 2, error message = 'No such file or directory', flags = 0, o_flags = 0)"
SCAMPS,P000714,dataset/SCAMPS/scamps_videos/P000714.mat,,,,30.000000,"FileNotFoundError: [Errno 2] Unable to synchronously open file (unable to open file: name = 'dataset/SCAMPS/scamps_videos/P000714.mat', errno = 2, error message = 'No such file or directory', flags = 0, o_flags = 0)"
SCAMPS,P000715,dataset/SCAMPS/scamps_videos/P000715.mat,,,,30.000000,"FileNotFoundError: [Errno 2] Unable to synchronously open file (unable to open file: name = 'dataset/SCAMPS/scamps_videos/P000715.mat', errno = 2, error message = 'No such file or directory', flags = 0, o_flags = 0)"
SCAMPS,P000716,dataset/SCAMPS/scamps_videos/P000716.mat,,,,30.000000,"FileNotFoundError: [Errno 2] Unable to synchronously open file (unable to open file: name = 'dataset/SCAMPS/scamps_videos/P000716.mat', errno = 2, error message = 'No such file or directory', flags = 0, o_flags = 0)"
SCAMPS,P000717,dataset/SCAMPS/scamps_videos/P000717.mat,,,,30.000000,"FileNotFoundError: [Errno 2] Unable to synchronously open file (unable to open file: name = 'dataset/SCAMPS/scamps_videos/P000717.mat', errno = 2, error message = 'No such file or directory', flags = 0, o_flags = 0)"
SCAMPS,P000718,dataset/SCAMPS/scamps_videos/P000718.mat,,,,30.000000,"FileNotFoundError: [Errno 2] Unable to synchronously open file (unable to open file: name = 'dataset/SCAMPS/scamps_videos/P000718.mat', errno = 2, error message = 'No such file or directory', flags = 0, o_flags = 0)"
SCAMPS,P000719,dataset/SCAMPS/scamps_videos/P000719.mat,,,,30.000000,"FileNotFoundError: [Errno 2] Unable to synchronously open file (unable to open file: name = 'dataset/SCAMPS/scamps_videos/P000719.mat', errno = 2, error message = 'No such file or directory', flags = 0, o_flags = 0)"
SCAMPS,P000720,dataset/SCAMPS/scamps_videos/P000720.mat,,,,30.000000,"FileNotFoundError: [Errno 2] Unable to synchronously open file (unable to open file: name = 'dataset/SCAMPS/scamps_videos/P000720.mat', errno = 2, error message = 'No such file or directory', flags = 0, o_flags = 0)"
SCAMPS,P000721,dataset/SCAMPS/scamps_videos/P000721.mat,,,,30.000000,"FileNotFoundError: [Errno 2] Unable to synchronously open file (unable to open file: name = 'dataset/SCAMPS/scamps_videos/P000721.mat', errno = 2, error message = 'No such file or directory', flags = 0, o_flags = 0)"
SCAMPS,P000722,dataset/SCAMPS/scamps_videos/P000722.mat,,,,30.000000,"FileNotFoundError: [Errno 2] Unable to synchronously open file (unable to open file: name = 'dataset/SCAMPS/scamps_videos/P000722.mat', errno = 2, error message = 'No such file or directory', flags = 0, o_flags = 0)"
SCAMPS,P000723,dataset/SCAMPS/scamps_videos/P000723.mat,,,,30.000000,"FileNotFoundError: [Errno 2] Unable to synchronously open file (unable to open file: name = 'dataset/SCAMPS/scamps_videos/P000723.mat', errno = 2, error message = 'No such file or directory', flags = 0, o_flags = 0)"
SCAMPS,P000724,dataset/SCAMPS/scamps_videos/P000724.mat,,,,30.000000,"FileNotFoundError: [Errno 2] Unable to synchronously open file (unable to open file: name = 'dataset/SCAMPS/scamps_videos/P000724.mat', errno = 2, error message = 'No such file or directory', flags = 0, o_flags = 0)"
SCAMPS,P000725,dataset/SCAMPS/scamps_videos/P000725.mat,,,,30.000000,"FileNotFoundError: [Errno 2] Unable to synchronously open file (unable to open file: name = 'dataset/SCAMPS/scamps_videos/P000725.mat', errno = 2, error message = 'No such file or directory', flags = 0, o_flags = 0)"
SCAMPS,P000726,dataset/SCAMPS/scamps_videos/P000726.mat,,,,30.000000,"FileNotFoundError: [Errno 2] Unable to synchronously open file (unable to open file: name = 'dataset/SCAMPS/scamps_videos/P000726.mat', errno = 2, error message = 'No such file or directory', flags = 0, o_flags = 0)"
SCAMPS,P000727,dataset/SCAMPS/scamps_videos/P000727.mat,,,,30.000000,"FileNotFoundError: [Errno 2] Unable to synchronously open file (unable to open file: name = 'dataset/SCAMPS/scamps_videos/P000727.mat', errno = 2, error message = 'No such file or directory', flags = 0, o_flags = 0)"
SCAMPS,P000728,dataset/SCAMPS/scamps_videos/P000728.mat,,,,30.000000,"FileNotFoundError: [Errno 2] Unable to synchronously open file (unable to open file: name = 'dataset/SCAMPS/scamps_videos/P000728.mat', errno = 2, error message = 'No such file or directory', flags = 0, o_flags = 0)"
SCAMPS,P000729,dataset/SCAMPS/scamps_videos/P000729.mat,,,,30.000000,"FileNotFoundError: [Errno 2] Unable to synchronously open file (unable to open file: name = 'dataset/SCAMPS/scamps_videos/P000729.mat', errno = 2, error message = 'No such file or directory', flags = 0, o_flags = 0)"
SCAMPS,P000730,dataset/SCAMPS/scamps_videos/P000730.mat,,,,30.000000,"FileNotFoundError: [Errno 2] Unable to synchronously open file (unable to open file: name = 'dataset/SCAMPS/scamps_videos/P000730.mat', errno = 2, error message = 'No such file or directory', flags = 0, o_flags = 0)"
SCAMPS,P000731,dataset/SCAMPS/scamps_videos/P000731.mat,,,,30.000000,"FileNotFoundError: [Errno 2] Unable to synchronously open file (unable to open file: name = 'dataset/SCAMPS/scamps_videos/P000731.mat', errno = 2, error message = 'No such file or directory', flags = 0, o_flags = 0)"
SCAMPS,P000732,dataset/SCAMPS/scamps_videos/P000732.mat,,,,30.000000,"FileNotFoundError: [Errno 2] Unable to synchronously open file (unable to open file: name = 'dataset/SCAMPS/scamps_videos/P000732.mat', errno = 2, error message = 'No such file or directory', flags = 0, o_flags = 0)"
SCAMPS,P000733,dataset/SCAMPS/scamps_videos/P000733.mat,,,,30.000000,"FileNotFoundError: [Errno 2] Unable to synchronously open file (unable to open file: name = 'dataset/SCAMPS/scamps_videos/P000733.mat', errno = 2, error message = 'No such file or directory', flags = 0, o_flags = 0)"
SCAMPS,P000734,dataset/SCAMPS/scamps_videos/P000734.mat,,,,30.000000,"FileNotFoundError: [Errno 2] Unable to synchronously open file (unable to open file: name = 'dataset/SCAMPS/scamps_videos/P000734.mat', errno = 2, error message = 'No such file or directory', flags = 0, o_flags = 0)"
SCAMPS,P000735,dataset/SCAMPS/scamps_videos/P000735.mat,,,,30.000000,"FileNotFoundError: [Errno 2] Unable to synchronously open file (unable to open file: name = 'dataset/SCAMPS/scamps_videos/P000735.mat', errno = 2, error message = 'No such file or directory', flags = 0, o_flags = 0)"
SCAMPS,P000736,dataset/SCAMPS/scamps_videos/P000736.mat,,,,30.000000,"FileNotFoundError: [Errno 2] Unable to synchronously open file (unable to open file: name = 'dataset/SCAMPS/scamps_videos/P000736.mat', errno = 2, error message = 'No such file or directory', flags = 0, o_flags = 0)"
SCAMPS,P000737,dataset/SCAMPS/scamps_videos/P000737.mat,,,,30.000000,"FileNotFoundError: [Errno 2] Unable to synchronously open file (unable to open file: name = 'dataset/SCAMPS/scamps_videos/P000737.mat', errno = 2, error message = 'No such file or directory', flags = 0, o_flags = 0)"
SCAMPS,P000738,dataset/SCAMPS/scamps_videos/P000738.mat,,,,30.000000,"FileNotFoundError: [Errno 2] Unable to synchronously open file (unable to open file: name = 'dataset/SCAMPS/scamps_videos/P000738.mat', errno = 2, error message = 'No such file or directory', flags = 0, o_flags = 0)"
SCAMPS,P000739,dataset/SCAMPS/scamps_videos/P000739.mat,,,,30.000000,"FileNotFoundError: [Errno 2] Unable to synchronously open file (unable to open file: name = 'dataset/SCAMPS/scamps_videos/P000739.mat', errno = 2, error message = 'No such file or directory', flags = 0, o_flags = 0)"
SCAMPS,P000740,dataset/SCAMPS/scamps_videos/P000740.mat,,,,30.000000,"FileNotFoundError: [Errno 2] Unable to synchronously open file (unable to open file: name = 'dataset/SCAMPS/scamps_videos/P000740.mat', errno = 2, error message = 'No such file or directory', flags = 0, o_flags = 0)"
SCAMPS,P000741,dataset/SCAMPS/scamps_videos/P000741.mat,,,,30.000000,"FileNotFoundError: [Errno 2] Unable to synchronously open file (unable to open file: name = 'dataset/SCAMPS/scamps_videos/P000741.mat', errno = 2, error message = 'No such file or directory', flags = 0, o_flags = 0)"
SCAMPS,P000742,dataset/SCAMPS/scamps_videos/P000742.mat,,,,30.000000,"FileNotFoundError: [Errno 2] Unable to synchronously open file (unable to open file: name = 'dataset/SCAMPS/scamps_videos/P000742.mat', errno = 2, error message = 'No such file or directory', flags = 0, o_flags = 0)"
SCAMPS,P000743,dataset/SCAMPS/scamps_videos/P000743.mat,,,,30.000000,"FileNotFoundError: [Errno 2] Unable to synchronously open file (unable to open file: name = 'dataset/SCAMPS/scamps_videos/P000743.mat', errno = 2, error message = 'No such file or directory', flags = 0, o_flags = 0)"
SCAMPS,P000744,dataset/SCAMPS/scamps_videos/P000744.mat,,,,30.000000,"FileNotFoundError: [Errno 2] Unable to synchronously open file (unable to open file: name = 'dataset/SCAMPS/scamps_videos/P000744.mat', errno = 2, error message = 'No such file or directory', flags = 0, o_flags = 0)"
SCAMPS,P000745,dataset/SCAMPS/scamps_videos/P000745.mat,,,,30.000000,"FileNotFoundError: [Errno 2] Unable to synchronously open file (unable to open file: name = 'dataset/SCAMPS/scamps_videos/P000745.mat', errno = 2, error message = 'No such file or directory', flags = 0, o_flags = 0)"
SCAMPS,P000746,dataset/SCAMPS/scamps_videos/P000746.mat,,,,30.000000,"FileNotFoundError: [Errno 2] Unable to synchronously open file (unable to open file: name = 'dataset/SCAMPS/scamps_videos/P000746.mat', errno = 2, error message = 'No such file or directory', flags = 0, o_flags = 0)"
SCAMPS,P000747,dataset/SCAMPS/scamps_videos/P000747.mat,,,,30.000000,"FileNotFoundError: [Errno 2] Unable to synchronously open file (unable to open file: name = 'dataset/SCAMPS/scamps_videos/P000747.mat', errno = 2, error message = 'No such file or directory', flags = 0, o_flags = 0)"
SCAMPS,P000748,dataset/SCAMPS/scamps_videos/P000748.mat,,,,30.000000,"FileNotFoundError: [Errno 2] Unable to synchronously open file (unable to open file: name = 'dataset/SCAMPS/scamps_videos/P000748.mat', errno = 2, error message = 'No such file or directory', flags = 0, o_flags = 0)"
SCAMPS,P000749,dataset/SCAMPS/scamps_videos/P000749.mat,,,,30.000000,"FileNotFoundError: [Errno 2] Unable to synchronously open file (unable to open file: name = 'dataset/SCAMPS/scamps_videos/P000749.mat', errno = 2, error message = 'No such file or directory', flags = 0, o_flags = 0)"
SCAMPS,P000750,dataset/SCAMPS/scamps_videos/P000750.mat,,,,30.000000,"FileNotFoundError: [Errno 2] Unable to synchronously open file (unable to open file: name = 'dataset/SCAMPS/scamps_videos/P000750.mat', errno = 2, error message = 'No such file or directory', flags = 0, o_flags = 0)"
SCAMPS,P000751,dataset/SCAMPS/scamps_videos/P000751.mat,,,,30.000000,"FileNotFoundError: [Errno 2] Unable to synchronously open file (unable to open file: name = 'dataset/SCAMPS/scamps_videos/P000751.mat', errno = 2, error message = 'No such file or directory', flags = 0, o_flags = 0)"
SCAMPS,P000752,dataset/SCAMPS/scamps_videos/P000752.mat,,,,30.000000,"FileNotFoundError: [Errno 2] Unable to synchronously open file (unable to open file: name = 'dataset/SCAMPS/scamps_videos/P000752.mat', errno = 2, error message = 'No such file or directory', flags = 0, o_flags = 0)"
SCAMPS,P000753,dataset/SCAMPS/scamps_videos/P000753.mat,,,,30.000000,"FileNotFoundError: [Errno 2] Unable to synchronously open file (unable to open file: name = 'dataset/SCAMPS/scamps_videos/P000753.mat', errno = 2, error message = 'No such file or directory', flags = 0, o_flags = 0)"
SCAMPS,P000754,dataset/SCAMPS/scamps_videos/P000754.mat,,,,30.000000,"FileNotFoundError: [Errno 2] Unable to synchronously open file (unable to open file: name = 'dataset/SCAMPS/scamps_videos/P000754.mat', errno = 2, error message = 'No such file or directory', flags = 0, o_flags = 0)"
SCAMPS,P000755,dataset/SCAMPS/scamps_videos/P000755.mat,,,,30.000000,"FileNotFoundError: [Errno 2] Unable to synchronously open file (unable to open file: name = 'dataset/SCAMPS/scamps_videos/P000755.mat', errno = 2, error message = 'No such file or directory', flags = 0, o_flags = 0)"
SCAMPS,P000756,dataset/SCAMPS/scamps_videos/P000756.mat,,,,30.000000,"FileNotFoundError: [Errno 2] Unable to synchronously open file (unable to open file: name = 'dataset/SCAMPS/scamps_videos/P000756.mat', errno = 2, error message = 'No such file or directory', flags = 0, o_flags = 0)"
SCAMPS,P000757,dataset/SCAMPS/scamps_videos/P000757.mat,,,,30.000000,"FileNotFoundError: [Errno 2] Unable to synchronously open file (unable to open file: name = 'dataset/SCAMPS/scamps_videos/P000757.mat', errno = 2, error message = 'No such file or directory', flags = 0, o_flags = 0)"
SCAMPS,P000758,dataset/SCAMPS/scamps_videos/P000758.mat,,,,30.000000,"FileNotFoundError: [Errno 2] Unable to synchronously open file (unable to open file: name = 'dataset/SCAMPS/scamps_videos/P000758.mat', errno = 2, error message = 'No such file or directory', flags = 0, o_flags = 0)"
SCAMPS,P000759,dataset/SCAMPS/scamps_videos/P000759.mat,,,,30.000000,"FileNotFoundError: [Errno 2] Unable to synchronously open file (unable to open file: name = 'dataset/SCAMPS/scamps_videos/P000759.mat', errno = 2, error message = 'No such file or directory', flags = 0, o_flags = 0)"
SCAMPS,P000760,dataset/SCAMPS/scamps_videos/P000760.mat,,,,30.000000,"FileNotFoundError: [Errno 2] Unable to synchronously open file (unable to open file: name = 'dataset/SCAMPS/scamps_videos/P000760.mat', errno = 2, error message = 'No such file or directory', flags = 0, o_flags = 0)"
SCAMPS,P000761,dataset/SCAMPS/scamps_videos/P000761.mat,,,,30.000000,"FileNotFoundError: [Errno 2] Unable to synchronously open file (unable to open file: name = 'dataset/SCAMPS/scamps_videos/P000761.mat', errno = 2, error message = 'No such file or directory', flags = 0, o_flags = 0)"
SCAMPS,P000762,dataset/SCAMPS/scamps_videos/P000762.mat,,,,30.000000,"FileNotFoundError: [Errno 2] Unable to synchronously open file (unable to open file: name = 'dataset/SCAMPS/scamps_videos/P000762.mat', errno = 2, error message = 'No such file or directory', flags = 0, o_flags = 0)"
SCAMPS,P000763,dataset/SCAMPS/scamps_videos/P000763.mat,,,,30.000000,"FileNotFoundError: [Errno 2] Unable to synchronously open file (unable to open file: name = 'dataset/SCAMPS/scamps_videos/P000763.mat', errno = 2, error message = 'No such file or directory', flags = 0, o_flags = 0)"
SCAMPS,P000764,dataset/SCAMPS/scamps_videos/P000764.mat,,,,30.000000,"FileNotFoundError: [Errno 2] Unable to synchronously open file (unable to open file: name = 'dataset/SCAMPS/scamps_videos/P000764.mat', errno = 2, error message = 'No such file or directory', flags = 0, o_flags = 0)"
SCAMPS,P000765,dataset/SCAMPS/scamps_videos/P000765.mat,,,,30.000000,"FileNotFoundError: [Errno 2] Unable to synchronously open file (unable to open file: name = 'dataset/SCAMPS/scamps_videos/P000765.mat', errno = 2, error message = 'No such file or directory', flags = 0, o_flags = 0)"
SCAMPS,P000766,dataset/SCAMPS/scamps_videos/P000766.mat,,,,30.000000,"FileNotFoundError: [Errno 2] Unable to synchronously open file (unable to open file: name = 'dataset/SCAMPS/scamps_videos/P000766.mat', errno = 2, error message = 'No such file or directory', flags = 0, o_flags = 0)"
SCAMPS,P000767,dataset/SCAMPS/scamps_videos/P000767.mat,,,,30.000000,"FileNotFoundError: [Errno 2] Unable to synchronously open file (unable to open file: name = 'dataset/SCAMPS/scamps_videos/P000767.mat', errno = 2, error message = 'No such file or directory', flags = 0, o_flags = 0)"
SCAMPS,P000768,dataset/SCAMPS/scamps_videos/P000768.mat,,,,30.000000,"FileNotFoundError: [Errno 2] Unable to synchronously open file (unable to open file: name = 'dataset/SCAMPS/scamps_videos/P000768.mat', errno = 2, error message = 'No such file or directory', flags = 0, o_flags = 0)"
SCAMPS,P000769,dataset/SCAMPS/scamps_videos/P000769.mat,,,,30.000000,"FileNotFoundError: [Errno 2] Unable to synchronously open file (unable to open file: name = 'dataset/SCAMPS/scamps_videos/P000769.mat', errno = 2, error message = 'No such file or directory', flags = 0, o_flags = 0)"
SCAMPS,P000770,dataset/SCAMPS/scamps_videos/P000770.mat,,,,30.000000,"FileNotFoundError: [Errno 2] Unable to synchronously open file (unable to open file: name = 'dataset/SCAMPS/scamps_videos/P000770.mat', errno = 2, error message = 'No such file or directory', flags = 0, o_flags = 0)"
SCAMPS,P000771,dataset/SCAMPS/scamps_videos/P000771.mat,,,,30.000000,"FileNotFoundError: [Errno 2] Unable to synchronously open file (unable to open file: name = 'dataset/SCAMPS/scamps_videos/P000771.mat', errno = 2, error message = 'No such file or directory', flags = 0, o_flags = 0)"
SCAMPS,P000772,dataset/SCAMPS/scamps_videos/P000772.mat,,,,30.000000,"FileNotFoundError: [Errno 2] Unable to synchronously open file (unable to open file: name = 'dataset/SCAMPS/scamps_videos/P000772.mat', errno = 2, error message = 'No such file or directory', flags = 0, o_flags = 0)"
SCAMPS,P000773,dataset/SCAMPS/scamps_videos/P000773.mat,,,,30.000000,"FileNotFoundError: [Errno 2] Unable to synchronously open file (unable to open file: name = 'dataset/SCAMPS/scamps_videos/P000773.mat', errno = 2, error message = 'No such file or directory', flags = 0, o_flags = 0)"
SCAMPS,P000774,dataset/SCAMPS/scamps_videos/P000774.mat,,,,30.000000,"FileNotFoundError: [Errno 2] Unable to synchronously open file (unable to open file: name = 'dataset/SCAMPS/scamps_videos/P000774.mat', errno = 2, error message = 'No such file or directory', flags = 0, o_flags = 0)"
SCAMPS,P000775,dataset/SCAMPS/scamps_videos/P000775.mat,,,,30.000000,"FileNotFoundError: [Errno 2] Unable to synchronously open file (unable to open file: name = 'dataset/SCAMPS/scamps_videos/P000775.mat', errno = 2, error message = 'No such file or directory', flags = 0, o_flags = 0)"
SCAMPS,P000776,dataset/SCAMPS/scamps_videos/P000776.mat,,,,30.000000,"FileNotFoundError: [Errno 2] Unable to synchronously open file (unable to open file: name = 'dataset/SCAMPS/scamps_videos/P000776.mat', errno = 2, error message = 'No such file or directory', flags = 0, o_flags = 0)"
SCAMPS,P000777,dataset/SCAMPS/scamps_videos/P000777.mat,,,,30.000000,"FileNotFoundError: [Errno 2] Unable to synchronously open file (unable to open file: name = 'dataset/SCAMPS/scamps_videos/P000777.mat', errno = 2, error message = 'No such file or directory', flags = 0, o_flags = 0)"
SCAMPS,P000778,dataset/SCAMPS/scamps_videos/P000778.mat,,,,30.000000,"FileNotFoundError: [Errno 2] Unable to synchronously open file (unable to open file: name = 'dataset/SCAMPS/scamps_videos/P000778.mat', errno = 2, error message = 'No such file or directory', flags = 0, o_flags = 0)"
SCAMPS,P000779,dataset/SCAMPS/scamps_videos/P000779.mat,,,,30.000000,"FileNotFoundError: [Errno 2] Unable to synchronously open file (unable to open file: name = 'dataset/SCAMPS/scamps_videos/P000779.mat', errno = 2, error message = 'No such file or directory', flags = 0, o_flags = 0)"
SCAMPS,P000780,dataset/SCAMPS/scamps_videos/P000780.mat,,,,30.000000,"FileNotFoundError: [Errno 2] Unable to synchronously open file (unable to open file: name = 'dataset/SCAMPS/scamps_videos/P000780.mat', errno = 2, error message = 'No such file or directory', flags = 0, o_flags = 0)"
SCAMPS,P000781,dataset/SCAMPS/scamps_videos/P000781.mat,,,,30.000000,"FileNotFoundError: [Errno 2] Unable to synchronously open file (unable to open file: name = 'dataset/SCAMPS/scamps_videos/P000781.mat', errno = 2, error message = 'No such file or directory', flags = 0, o_flags = 0)"
SCAMPS,P000782,dataset/SCAMPS/scamps_videos/P000782.mat,,,,30.000000,"FileNotFoundError: [Errno 2] Unable to synchronously open file (unable to open file: name = 'dataset/SCAMPS/scamps_videos/P000782.mat', errno = 2, error message = 'No such file or directory', flags = 0, o_flags = 0)"
SCAMPS,P000783,dataset/SCAMPS/scamps_videos/P000783.mat,,,,30.000000,"FileNotFoundError: [Errno 2] Unable to synchronously open file (unable to open file: name = 'dataset/SCAMPS/scamps_videos/P000783.mat', errno = 2, error message = 'No such file or directory', flags = 0, o_flags = 0)"
SCAMPS,P000784,dataset/SCAMPS/scamps_videos/P000784.mat,,,,30.000000,"FileNotFoundError: [Errno 2] Unable to synchronously open file (unable to open file: name = 'dataset/SCAMPS/scamps_videos/P000784.mat', errno = 2, error message = 'No such file or directory', flags = 0, o_flags = 0)"
SCAMPS,P000785,dataset/SCAMPS/scamps_videos/P000785.mat,,,,30.000000,"FileNotFoundError: [Errno 2] Unable to synchronously open file (unable to open file: name = 'dataset/SCAMPS/scamps_videos/P000785.mat', errno = 2, error message = 'No such file or directory', flags = 0, o_flags = 0)"
SCAMPS,P000786,dataset/SCAMPS/scamps_videos/P000786.mat,,,,30.000000,"FileNotFoundError: [Errno 2] Unable to synchronously open file (unable to open file: name = 'dataset/SCAMPS/scamps_videos/P000786.mat', errno = 2, error message = 'No such file or directory', flags = 0, o_flags = 0)"
SCAMPS,P000787,dataset/SCAMPS/scamps_videos/P000787.mat,,,,30.000000,"FileNotFoundError: [Errno 2] Unable to synchronously open file (unable to open file: name = 'dataset/SCAMPS/scamps_videos/P000787.mat', errno = 2, error message = 'No such file or directory', flags = 0, o_flags = 0)"
SCAMPS,P000788,dataset/SCAMPS/scamps_videos/P000788.mat,,,,30.000000,"FileNotFoundError: [Errno 2] Unable to synchronously open file (unable to open file: name = 'dataset/SCAMPS/scamps_videos/P000788.mat', errno = 2, error message = 'No such file or directory', flags = 0, o_flags = 0)"
SCAMPS,P000789,dataset/SCAMPS/scamps_videos/P000789.mat,,,,30.000000,"FileNotFoundError: [Errno 2] Unable to synchronously open file (unable to open file: name = 'dataset/SCAMPS/scamps_videos/P000789.mat', errno = 2, error message = 'No such file or directory', flags = 0, o_flags = 0)"
SCAMPS,P000790,dataset/SCAMPS/scamps_videos/P000790.mat,,,,30.000000,"FileNotFoundError: [Errno 2] Unable to synchronously open file (unable to open file: name = 'dataset/SCAMPS/scamps_videos/P000790.mat', errno = 2, error message = 'No such file or directory', flags = 0, o_flags = 0)"
SCAMPS,P000791,dataset/SCAMPS/scamps_videos/P000791.mat,,,,30.000000,"FileNotFoundError: [Errno 2] Unable to synchronously open file (unable to open file: name = 'dataset/SCAMPS/scamps_videos/P000791.mat', errno = 2, error message = 'No such file or directory', flags = 0, o_flags = 0)"
SCAMPS,P000792,dataset/SCAMPS/scamps_videos/P000792.mat,,,,30.000000,"FileNotFoundError: [Errno 2] Unable to synchronously open file (unable to open file: name = 'dataset/SCAMPS/scamps_videos/P000792.mat', errno = 2, error message = 'No such file or directory', flags = 0, o_flags = 0)"
SCAMPS,P000793,dataset/SCAMPS/scamps_videos/P000793.mat,,,,30.000000,"FileNotFoundError: [Errno 2] Unable to synchronously open file (unable to open file: name = 'dataset/SCAMPS/scamps_videos/P000793.mat', errno = 2, error message = 'No such file or directory', flags = 0, o_flags = 0)"
SCAMPS,P000794,dataset/SCAMPS/scamps_videos/P000794.mat,,,,30.000000,"FileNotFoundError: [Errno 2] Unable to synchronously open file (unable to open file: name = 'dataset/SCAMPS/scamps_videos/P000794.mat', errno = 2, error message = 'No such file or directory', flags = 0, o_flags = 0)"
SCAMPS,P000795,dataset/SCAMPS/scamps_videos/P000795.mat,,,,30.000000,"FileNotFoundError: [Errno 2] Unable to synchronously open file (unable to open file: name = 'dataset/SCAMPS/scamps_videos/P000795.mat', errno = 2, error message = 'No such file or directory', flags = 0, o_flags = 0)"
SCAMPS,P000796,dataset/SCAMPS/scamps_videos/P000796.mat,,,,30.000000,"FileNotFoundError: [Errno 2] Unable to synchronously open file (unable to open file: name = 'dataset/SCAMPS/scamps_videos/P000796.mat', errno = 2, error message = 'No such file or directory', flags = 0, o_flags = 0)"
SCAMPS,P000797,dataset/SCAMPS/scamps_videos/P000797.mat,,,,30.000000,"FileNotFoundError: [Errno 2] Unable to synchronously open file (unable to open file: name = 'dataset/SCAMPS/scamps_videos/P000797.mat', errno = 2, error message = 'No such file or directory', flags = 0, o_flags = 0)"
SCAMPS,P000798,dataset/SCAMPS/scamps_videos/P000798.mat,,,,30.000000,"FileNotFoundError: [Errno 2] Unable to synchronously open file (unable to open file: name = 'dataset/SCAMPS/scamps_videos/P000798.mat', errno = 2, error message = 'No such file or directory', flags = 0, o_flags = 0)"
SCAMPS,P000799,dataset/SCAMPS/scamps_videos/P000799.mat,,,,30.000000,"FileNotFoundError: [Errno 2] Unable to synchronously open file (unable to open file: name = 'dataset/SCAMPS/scamps_videos/P000799.mat', errno = 2, error message = 'No such file or directory', flags = 0, o_flags = 0)"
SCAMPS,P000800,dataset/SCAMPS/scamps_videos/P000800.mat,,,,30.000000,"FileNotFoundError: [Errno 2] Unable to synchronously open file (unable to open file: name = 'dataset/SCAMPS/scamps_videos/P000800.mat', errno = 2, error message = 'No such file or directory', flags = 0, o_flags = 0)"
SCAMPS,P000801,dataset/SCAMPS/scamps_videos/P000801.mat,,,,30.000000,"FileNotFoundError: [Errno 2] Unable to synchronously open file (unable to open file: name = 'dataset/SCAMPS/scamps_videos/P000801.mat', errno = 2, error message = 'No such file or directory', flags = 0, o_flags = 0)"
SCAMPS,P000802,dataset/SCAMPS/scamps_videos/P000802.mat,,,,30.000000,"FileNotFoundError: [Errno 2] Unable to synchronously open file (unable to open file: name = 'dataset/SCAMPS/scamps_videos/P000802.mat', errno = 2, error message = 'No such file or directory', flags = 0, o_flags = 0)"
SCAMPS,P000803,dataset/SCAMPS/scamps_videos/P000803.mat,,,,30.000000,"FileNotFoundError: [Errno 2] Unable to synchronously open file (unable to open file: name = 'dataset/SCAMPS/scamps_videos/P000803.mat', errno = 2, error message = 'No such file or directory', flags = 0, o_flags = 0)"
SCAMPS,P000804,dataset/SCAMPS/scamps_videos/P000804.mat,,,,30.000000,"FileNotFoundError: [Errno 2] Unable to synchronously open file (unable to open file: name = 'dataset/SCAMPS/scamps_videos/P000804.mat', errno = 2, error message = 'No such file or directory', flags = 0, o_flags = 0)"
SCAMPS,P000805,dataset/SCAMPS/scamps_videos/P000805.mat,,,,30.000000,"FileNotFoundError: [Errno 2] Unable to synchronously open file (unable to open file: name = 'dataset/SCAMPS/scamps_videos/P000805.mat', errno = 2, error message = 'No such file or directory', flags = 0, o_flags = 0)"
SCAMPS,P000806,dataset/SCAMPS/scamps_videos/P000806.mat,,,,30.000000,"FileNotFoundError: [Errno 2] Unable to synchronously open file (unable to open file: name = 'dataset/SCAMPS/scamps_videos/P000806.mat', errno = 2, error message = 'No such file or directory', flags = 0, o_flags = 0)"
SCAMPS,P000807,dataset/SCAMPS/scamps_videos/P000807.mat,,,,30.000000,"FileNotFoundError: [Errno 2] Unable to synchronously open file (unable to open file: name = 'dataset/SCAMPS/scamps_videos/P000807.mat', errno = 2, error message = 'No such file or directory', flags = 0, o_flags = 0)"
SCAMPS,P000808,dataset/SCAMPS/scamps_videos/P000808.mat,,,,30.000000,"FileNotFoundError: [Errno 2] Unable to synchronously open file (unable to open file: name = 'dataset/SCAMPS/scamps_videos/P000808.mat', errno = 2, error message = 'No such file or directory', flags = 0, o_flags = 0)"
SCAMPS,P000809,dataset/SCAMPS/scamps_videos/P000809.mat,,,,30.000000,"FileNotFoundError: [Errno 2] Unable to synchronously open file (unable to open file: name = 'dataset/SCAMPS/scamps_videos/P000809.mat', errno = 2, error message = 'No such file or directory', flags = 0, o_flags = 0)"
SCAMPS,P000810,dataset/SCAMPS/scamps_videos/P000810.mat,,,,30.000000,"FileNotFoundError: [Errno 2] Unable to synchronously open file (unable to open file: name = 'dataset/SCAMPS/scamps_videos/P000810.mat', errno = 2, error message = 'No such file or directory', flags = 0, o_flags = 0)"
SCAMPS,P000811,dataset/SCAMPS/scamps_videos/P000811.mat,,,,30.000000,"FileNotFoundError: [Errno 2] Unable to synchronously open file (unable to open file: name = 'dataset/SCAMPS/scamps_videos/P000811.mat', errno = 2, error message = 'No such file or directory', flags = 0, o_flags = 0)"
SCAMPS,P000812,dataset/SCAMPS/scamps_videos/P000812.mat,,,,30.000000,"FileNotFoundError: [Errno 2] Unable to synchronously open file (unable to open file: name = 'dataset/SCAMPS/scamps_videos/P000812.mat', errno = 2, error message = 'No such file or directory', flags = 0, o_flags = 0)"
SCAMPS,P000813,dataset/SCAMPS/scamps_videos/P000813.mat,,,,30.000000,"FileNotFoundError: [Errno 2] Unable to synchronously open file (unable to open file: name = 'dataset/SCAMPS/scamps_videos/P000813.mat', errno = 2, error message = 'No such file or directory', flags = 0, o_flags = 0)"
SCAMPS,P000814,dataset/SCAMPS/scamps_videos/P000814.mat,,,,30.000000,"FileNotFoundError: [Errno 2] Unable to synchronously open file (unable to open file: name = 'dataset/SCAMPS/scamps_videos/P000814.mat', errno = 2, error message = 'No such file or directory', flags = 0, o_flags = 0)"
SCAMPS,P000815,dataset/SCAMPS/scamps_videos/P000815.mat,,,,30.000000,"FileNotFoundError: [Errno 2] Unable to synchronously open file (unable to open file: name = 'dataset/SCAMPS/scamps_videos/P000815.mat', errno = 2, error message = 'No such file or directory', flags = 0, o_flags = 0)"
SCAMPS,P000816,dataset/SCAMPS/scamps_videos/P000816.mat,,,,30.000000,"FileNotFoundError: [Errno 2] Unable to synchronously open file (unable to open file: name = 'dataset/SCAMPS/scamps_videos/P000816.mat', errno = 2, error message = 'No such file or directory', flags = 0, o_flags = 0)"
SCAMPS,P000817,dataset/SCAMPS/scamps_videos/P000817.mat,,,,30.000000,"FileNotFoundError: [Errno 2] Unable to synchronously open file (unable to open file: name = 'dataset/SCAMPS/scamps_videos/P000817.mat', errno = 2, error message = 'No such file or directory', flags = 0, o_flags = 0)"
SCAMPS,P000818,dataset/SCAMPS/scamps_videos/P000818.mat,,,,30.000000,"FileNotFoundError: [Errno 2] Unable to synchronously open file (unable to open file: name = 'dataset/SCAMPS/scamps_videos/P000818.mat', errno = 2, error message = 'No such file or directory', flags = 0, o_flags = 0)"
SCAMPS,P000819,dataset/SCAMPS/scamps_videos/P000819.mat,,,,30.000000,"FileNotFoundError: [Errno 2] Unable to synchronously open file (unable to open file: name = 'dataset/SCAMPS/scamps_videos/P000819.mat', errno = 2, error message = 'No such file or directory', flags = 0, o_flags = 0)"
SCAMPS,P000820,dataset/SCAMPS/scamps_videos/P000820.mat,,,,30.000000,"FileNotFoundError: [Errno 2] Unable to synchronously open file (unable to open file: name = 'dataset/SCAMPS/scamps_videos/P000820.mat', errno = 2, error message = 'No such file or directory', flags = 0, o_flags = 0)"
SCAMPS,P000821,dataset/SCAMPS/scamps_videos/P000821.mat,,,,30.000000,"FileNotFoundError: [Errno 2] Unable to synchronously open file (unable to open file: name = 'dataset/SCAMPS/scamps_videos/P000821.mat', errno = 2, error message = 'No such file or directory', flags = 0, o_flags = 0)"
SCAMPS,P000822,dataset/SCAMPS/scamps_videos/P000822.mat,,,,30.000000,"FileNotFoundError: [Errno 2] Unable to synchronously open file (unable to open file: name = 'dataset/SCAMPS/scamps_videos/P000822.mat', errno = 2, error message = 'No such file or directory', flags = 0, o_flags = 0)"
SCAMPS,P000823,dataset/SCAMPS/scamps_videos/P000823.mat,,,,30.000000,"FileNotFoundError: [Errno 2] Unable to synchronously open file (unable to open file: name = 'dataset/SCAMPS/scamps_videos/P000823.mat', errno = 2, error message = 'No such file or directory', flags = 0, o_flags = 0)"
SCAMPS,P000824,dataset/SCAMPS/scamps_videos/P000824.mat,,,,30.000000,"FileNotFoundError: [Errno 2] Unable to synchronously open file (unable to open file: name = 'dataset/SCAMPS/scamps_videos/P000824.mat', errno = 2, error message = 'No such file or directory', flags = 0, o_flags = 0)"
SCAMPS,P000825,dataset/SCAMPS/scamps_videos/P000825.mat,,,,30.000000,"FileNotFoundError: [Errno 2] Unable to synchronously open file (unable to open file: name = 'dataset/SCAMPS/scamps_videos/P000825.mat', errno = 2, error message = 'No such file or directory', flags = 0, o_flags = 0)"
SCAMPS,P000826,dataset/SCAMPS/scamps_videos/P000826.mat,,,,30.000000,"FileNotFoundError: [Errno 2] Unable to synchronously open file (unable to open file: name = 'dataset/SCAMPS/scamps_videos/P000826.mat', errno = 2, error message = 'No such file or directory', flags = 0, o_flags = 0)"
SCAMPS,P000827,dataset/SCAMPS/scamps_videos/P000827.mat,,,,30.000000,"FileNotFoundError: [Errno 2] Unable to synchronously open file (unable to open file: name = 'dataset/SCAMPS/scamps_videos/P000827.mat', errno = 2, error message = 'No such file or directory', flags = 0, o_flags = 0)"
SCAMPS,P000828,dataset/SCAMPS/scamps_videos/P000828.mat,,,,30.000000,"FileNotFoundError: [Errno 2] Unable to synchronously open file (unable to open file: name = 'dataset/SCAMPS/scamps_videos/P000828.mat', errno = 2, error message = 'No such file or directory', flags = 0, o_flags = 0)"
SCAMPS,P000829,dataset/SCAMPS/scamps_videos/P000829.mat,,,,30.000000,"FileNotFoundError: [Errno 2] Unable to synchronously open file (unable to open file: name = 'dataset/SCAMPS/scamps_videos/P000829.mat', errno = 2, error message = 'No such file or directory', flags = 0, o_flags = 0)"
SCAMPS,P000830,dataset/SCAMPS/scamps_videos/P000830.mat,,,,30.000000,"FileNotFoundError: [Errno 2] Unable to synchronously open file (unable to open file: name = 'dataset/SCAMPS/scamps_videos/P000830.mat', errno = 2, error message = 'No such file or directory', flags = 0, o_flags = 0)"
SCAMPS,P000831,dataset/SCAMPS/scamps_videos/P000831.mat,,,,30.000000,"FileNotFoundError: [Errno 2] Unable to synchronously open file (unable to open file: name = 'dataset/SCAMPS/scamps_videos/P000831.mat', errno = 2, error message = 'No such file or directory', flags = 0, o_flags = 0)"
SCAMPS,P000832,dataset/SCAMPS/scamps_videos/P000832.mat,,,,30.000000,"FileNotFoundError: [Errno 2] Unable to synchronously open file (unable to open file: name = 'dataset/SCAMPS/scamps_videos/P000832.mat', errno = 2, error message = 'No such file or directory', flags = 0, o_flags = 0)"
SCAMPS,P000833,dataset/SCAMPS/scamps_videos/P000833.mat,,,,30.000000,"FileNotFoundError: [Errno 2] Unable to synchronously open file (unable to open file: name = 'dataset/SCAMPS/scamps_videos/P000833.mat', errno = 2, error message = 'No such file or directory', flags = 0, o_flags = 0)"
SCAMPS,P000834,dataset/SCAMPS/scamps_videos/P000834.mat,,,,30.000000,"FileNotFoundError: [Errno 2] Unable to synchronously open file (unable to open file: name = 'dataset/SCAMPS/scamps_videos/P000834.mat', errno = 2, error message = 'No such file or directory', flags = 0, o_flags = 0)"
SCAMPS,P000835,dataset/SCAMPS/scamps_videos/P000835.mat,,,,30.000000,"FileNotFoundError: [Errno 2] Unable to synchronously open file (unable to open file: name = 'dataset/SCAMPS/scamps_videos/P000835.mat', errno = 2, error message = 'No such file or directory', flags = 0, o_flags = 0)"
SCAMPS,P000836,dataset/SCAMPS/scamps_videos/P000836.mat,,,,30.000000,"FileNotFoundError: [Errno 2] Unable to synchronously open file (unable to open file: name = 'dataset/SCAMPS/scamps_videos/P000836.mat', errno = 2, error message = 'No such file or directory', flags = 0, o_flags = 0)"
SCAMPS,P000837,dataset/SCAMPS/scamps_videos/P000837.mat,,,,30.000000,"FileNotFoundError: [Errno 2] Unable to synchronously open file (unable to open file: name = 'dataset/SCAMPS/scamps_videos/P000837.mat', errno = 2, error message = 'No such file or directory', flags = 0, o_flags = 0)"
SCAMPS,P000838,dataset/SCAMPS/scamps_videos/P000838.mat,,,,30.000000,"FileNotFoundError: [Errno 2] Unable to synchronously open file (unable to open file: name = 'dataset/SCAMPS/scamps_videos/P000838.mat', errno = 2, error message = 'No such file or directory', flags = 0, o_flags = 0)"
SCAMPS,P000839,dataset/SCAMPS/scamps_videos/P000839.mat,,,,30.000000,"FileNotFoundError: [Errno 2] Unable to synchronously open file (unable to open file: name = 'dataset/SCAMPS/scamps_videos/P000839.mat', errno = 2, error message = 'No such file or directory', flags = 0, o_flags = 0)"
SCAMPS,P000840,dataset/SCAMPS/scamps_videos/P000840.mat,,,,30.000000,"FileNotFoundError: [Errno 2] Unable to synchronously open file (unable to open file: name = 'dataset/SCAMPS/scamps_videos/P000840.mat', errno = 2, error message = 'No such file or directory', flags = 0, o_flags = 0)"
SCAMPS,P000841,dataset/SCAMPS/scamps_videos/P000841.mat,,,,30.000000,"FileNotFoundError: [Errno 2] Unable to synchronously open file (unable to open file: name = 'dataset/SCAMPS/scamps_videos/P000841.mat', errno = 2, error message = 'No such file or directory', flags = 0, o_flags = 0)"
SCAMPS,P000842,dataset/SCAMPS/scamps_videos/P000842.mat,,,,30.000000,"FileNotFoundError: [Errno 2] Unable to synchronously open file (unable to open file: name = 'dataset/SCAMPS/scamps_videos/P000842.mat', errno = 2, error message = 'No such file or directory', flags = 0, o_flags = 0)"
SCAMPS,P000843,dataset/SCAMPS/scamps_videos/P000843.mat,,,,30.000000,"FileNotFoundError: [Errno 2] Unable to synchronously open file (unable to open file: name = 'dataset/SCAMPS/scamps_videos/P000843.mat', errno = 2, error message = 'No such file or directory', flags = 0, o_flags = 0)"
SCAMPS,P000844,dataset/SCAMPS/scamps_videos/P000844.mat,,,,30.000000,"FileNotFoundError: [Errno 2] Unable to synchronously open file (unable to open file: name = 'dataset/SCAMPS/scamps_videos/P000844.mat', errno = 2, error message = 'No such file or directory', flags = 0, o_flags = 0)"
SCAMPS,P000845,dataset/SCAMPS/scamps_videos/P000845.mat,,,,30.000000,"FileNotFoundError: [Errno 2] Unable to synchronously open file (unable to open file: name = 'dataset/SCAMPS/scamps_videos/P000845.mat', errno = 2, error message = 'No such file or directory', flags = 0, o_flags = 0)"
SCAMPS,P000846,dataset/SCAMPS/scamps_videos/P000846.mat,,,,30.000000,"FileNotFoundError: [Errno 2] Unable to synchronously open file (unable to open file: name = 'dataset/SCAMPS/scamps_videos/P000846.mat', errno = 2, error message = 'No such file or directory', flags = 0, o_flags = 0)"
SCAMPS,P000847,dataset/SCAMPS/scamps_videos/P000847.mat,,,,30.000000,"FileNotFoundError: [Errno 2] Unable to synchronously open file (unable to open file: name = 'dataset/SCAMPS/scamps_videos/P000847.mat', errno = 2, error message = 'No such file or directory', flags = 0, o_flags = 0)"
SCAMPS,P000848,dataset/SCAMPS/scamps_videos/P000848.mat,,,,30.000000,"FileNotFoundError: [Errno 2] Unable to synchronously open file (unable to open file: name = 'dataset/SCAMPS/scamps_videos/P000848.mat', errno = 2, error message = 'No such file or directory', flags = 0, o_flags = 0)"
SCAMPS,P000849,dataset/SCAMPS/scamps_videos/P000849.mat,,,,30.000000,"FileNotFoundError: [Errno 2] Unable to synchronously open file (unable to open file: name = 'dataset/SCAMPS/scamps_videos/P000849.mat', errno = 2, error message = 'No such file or directory', flags = 0, o_flags = 0)"
SCAMPS,P000850,dataset/SCAMPS/scamps_videos/P000850.mat,,,,30.000000,"FileNotFoundError: [Errno 2] Unable to synchronously open file (unable to open file: name = 'dataset/SCAMPS/scamps_videos/P000850.mat', errno = 2, error message = 'No such file or directory', flags = 0, o_flags = 0)"
SCAMPS,P000851,dataset/SCAMPS/scamps_videos/P000851.mat,,,,30.000000,"FileNotFoundError: [Errno 2] Unable to synchronously open file (unable to open file: name = 'dataset/SCAMPS/scamps_videos/P000851.mat', errno = 2, error message = 'No such file or directory', flags = 0, o_flags = 0)"
SCAMPS,P000852,dataset/SCAMPS/scamps_videos/P000852.mat,,,,30.000000,"FileNotFoundError: [Errno 2] Unable to synchronously open file (unable to open file: name = 'dataset/SCAMPS/scamps_videos/P000852.mat', errno = 2, error message = 'No such file or directory', flags = 0, o_flags = 0)"
SCAMPS,P000853,dataset/SCAMPS/scamps_videos/P000853.mat,,,,30.000000,"FileNotFoundError: [Errno 2] Unable to synchronously open file (unable to open file: name = 'dataset/SCAMPS/scamps_videos/P000853.mat', errno = 2, error message = 'No such file or directory', flags = 0, o_flags = 0)"
SCAMPS,P000854,dataset/SCAMPS/scamps_videos/P000854.mat,,,,30.000000,"FileNotFoundError: [Errno 2] Unable to synchronously open file (unable to open file: name = 'dataset/SCAMPS/scamps_videos/P000854.mat', errno = 2, error message = 'No such file or directory', flags = 0, o_flags = 0)"
SCAMPS,P000855,dataset/SCAMPS/scamps_videos/P000855.mat,,,,30.000000,"FileNotFoundError: [Errno 2] Unable to synchronously open file (unable to open file: name = 'dataset/SCAMPS/scamps_videos/P000855.mat', errno = 2, error message = 'No such file or directory', flags = 0, o_flags = 0)"
SCAMPS,P000856,dataset/SCAMPS/scamps_videos/P000856.mat,,,,30.000000,"FileNotFoundError: [Errno 2] Unable to synchronously open file (unable to open file: name = 'dataset/SCAMPS/scamps_videos/P000856.mat', errno = 2, error message = 'No such file or directory', flags = 0, o_flags = 0)"
SCAMPS,P000857,dataset/SCAMPS/scamps_videos/P000857.mat,,,,30.000000,"FileNotFoundError: [Errno 2] Unable to synchronously open file (unable to open file: name = 'dataset/SCAMPS/scamps_videos/P000857.mat', errno = 2, error message = 'No such file or directory', flags = 0, o_flags = 0)"
SCAMPS,P000858,dataset/SCAMPS/scamps_videos/P000858.mat,,,,30.000000,"FileNotFoundError: [Errno 2] Unable to synchronously open file (unable to open file: name = 'dataset/SCAMPS/scamps_videos/P000858.mat', errno = 2, error message = 'No such file or directory', flags = 0, o_flags = 0)"
SCAMPS,P000859,dataset/SCAMPS/scamps_videos/P000859.mat,,,,30.000000,"FileNotFoundError: [Errno 2] Unable to synchronously open file (unable to open file: name = 'dataset/SCAMPS/scamps_videos/P000859.mat', errno = 2, error message = 'No such file or directory', flags = 0, o_flags = 0)"
SCAMPS,P000860,dataset/SCAMPS/scamps_videos/P000860.mat,,,,30.000000,"FileNotFoundError: [Errno 2] Unable to synchronously open file (unable to open file: name = 'dataset/SCAMPS/scamps_videos/P000860.mat', errno = 2, error message = 'No such file or directory', flags = 0, o_flags = 0)"
SCAMPS,P000861,dataset/SCAMPS/scamps_videos/P000861.mat,,,,30.000000,"FileNotFoundError: [Errno 2] Unable to synchronously open file (unable to open file: name = 'dataset/SCAMPS/scamps_videos/P000861.mat', errno = 2, error message = 'No such file or directory', flags = 0, o_flags = 0)"
SCAMPS,P000862,dataset/SCAMPS/scamps_videos/P000862.mat,,,,30.000000,"FileNotFoundError: [Errno 2] Unable to synchronously open file (unable to open file: name = 'dataset/SCAMPS/scamps_videos/P000862.mat', errno = 2, error message = 'No such file or directory', flags = 0, o_flags = 0)"
SCAMPS,P000863,dataset/SCAMPS/scamps_videos/P000863.mat,,,,30.000000,"FileNotFoundError: [Errno 2] Unable to synchronously open file (unable to open file: name = 'dataset/SCAMPS/scamps_videos/P000863.mat', errno = 2, error message = 'No such file or directory', flags = 0, o_flags = 0)"
SCAMPS,P000864,dataset/SCAMPS/scamps_videos/P000864.mat,,,,30.000000,"FileNotFoundError: [Errno 2] Unable to synchronously open file (unable to open file: name = 'dataset/SCAMPS/scamps_videos/P000864.mat', errno = 2, error message = 'No such file or directory', flags = 0, o_flags = 0)"
SCAMPS,P000865,dataset/SCAMPS/scamps_videos/P000865.mat,,,,30.000000,"FileNotFoundError: [Errno 2] Unable to synchronously open file (unable to open file: name = 'dataset/SCAMPS/scamps_videos/P000865.mat', errno = 2, error message = 'No such file or directory', flags = 0, o_flags = 0)"
SCAMPS,P000866,dataset/SCAMPS/scamps_videos/P000866.mat,,,,30.000000,"FileNotFoundError: [Errno 2] Unable to synchronously open file (unable to open file: name = 'dataset/SCAMPS/scamps_videos/P000866.mat', errno = 2, error message = 'No such file or directory', flags = 0, o_flags = 0)"
SCAMPS,P000867,dataset/SCAMPS/scamps_videos/P000867.mat,,,,30.000000,"FileNotFoundError: [Errno 2] Unable to synchronously open file (unable to open file: name = 'dataset/SCAMPS/scamps_videos/P000867.mat', errno = 2, error message = 'No such file or directory', flags = 0, o_flags = 0)"
SCAMPS,P000868,dataset/SCAMPS/scamps_videos/P000868.mat,,,,30.000000,"FileNotFoundError: [Errno 2] Unable to synchronously open file (unable to open file: name = 'dataset/SCAMPS/scamps_videos/P000868.mat', errno = 2, error message = 'No such file or directory', flags = 0, o_flags = 0)"
SCAMPS,P000869,dataset/SCAMPS/scamps_videos/P000869.mat,,,,30.000000,"FileNotFoundError: [Errno 2] Unable to synchronously open file (unable to open file: name = 'dataset/SCAMPS/scamps_videos/P000869.mat', errno = 2, error message = 'No such file or directory', flags = 0, o_flags = 0)"
SCAMPS,P000870,dataset/SCAMPS/scamps_videos/P000870.mat,,,,30.000000,"FileNotFoundError: [Errno 2] Unable to synchronously open file (unable to open file: name = 'dataset/SCAMPS/scamps_videos/P000870.mat', errno = 2, error message = 'No such file or directory', flags = 0, o_flags = 0)"
SCAMPS,P000871,dataset/SCAMPS/scamps_videos/P000871.mat,,,,30.000000,"FileNotFoundError: [Errno 2] Unable to synchronously open file (unable to open file: name = 'dataset/SCAMPS/scamps_videos/P000871.mat', errno = 2, error message = 'No such file or directory', flags = 0, o_flags = 0)"
SCAMPS,P000872,dataset/SCAMPS/scamps_videos/P000872.mat,,,,30.000000,"FileNotFoundError: [Errno 2] Unable to synchronously open file (unable to open file: name = 'dataset/SCAMPS/scamps_videos/P000872.mat', errno = 2, error message = 'No such file or directory', flags = 0, o_flags = 0)"
SCAMPS,P000873,dataset/SCAMPS/scamps_videos/P000873.mat,,,,30.000000,"FileNotFoundError: [Errno 2] Unable to synchronously open file (unable to open file: name = 'dataset/SCAMPS/scamps_videos/P000873.mat', errno = 2, error message = 'No such file or directory', flags = 0, o_flags = 0)"
SCAMPS,P000874,dataset/SCAMPS/scamps_videos/P000874.mat,,,,30.000000,"FileNotFoundError: [Errno 2] Unable to synchronously open file (unable to open file: name = 'dataset/SCAMPS/scamps_videos/P000874.mat', errno = 2, error message = 'No such file or directory', flags = 0, o_flags = 0)"
SCAMPS,P000875,dataset/SCAMPS/scamps_videos/P000875.mat,,,,30.000000,"FileNotFoundError: [Errno 2] Unable to synchronously open file (unable to open file: name = 'dataset/SCAMPS/scamps_videos/P000875.mat', errno = 2, error message = 'No such file or directory', flags = 0, o_flags = 0)"
SCAMPS,P000876,dataset/SCAMPS/scamps_videos/P000876.mat,,,,30.000000,"FileNotFoundError: [Errno 2] Unable to synchronously open file (unable to open file: name = 'dataset/SCAMPS/scamps_videos/P000876.mat', errno = 2, error message = 'No such file or directory', flags = 0, o_flags = 0)"
SCAMPS,P000877,dataset/SCAMPS/scamps_videos/P000877.mat,,,,30.000000,"FileNotFoundError: [Errno 2] Unable to synchronously open file (unable to open file: name = 'dataset/SCAMPS/scamps_videos/P000877.mat', errno = 2, error message = 'No such file or directory', flags = 0, o_flags = 0)"
SCAMPS,P000878,dataset/SCAMPS/scamps_videos/P000878.mat,,,,30.000000,"FileNotFoundError: [Errno 2] Unable to synchronously open file (unable to open file: name = 'dataset/SCAMPS/scamps_videos/P000878.mat', errno = 2, error message = 'No such file or directory', flags = 0, o_flags = 0)"
SCAMPS,P000879,dataset/SCAMPS/scamps_videos/P000879.mat,,,,30.000000,"FileNotFoundError: [Errno 2] Unable to synchronously open file (unable to open file: name = 'dataset/SCAMPS/scamps_videos/P000879.mat', errno = 2, error message = 'No such file or directory', flags = 0, o_flags = 0)"
SCAMPS,P000880,dataset/SCAMPS/scamps_videos/P000880.mat,,,,30.000000,"FileNotFoundError: [Errno 2] Unable to synchronously open file (unable to open file: name = 'dataset/SCAMPS/scamps_videos/P000880.mat', errno = 2, error message = 'No such file or directory', flags = 0, o_flags = 0)"
SCAMPS,P000881,dataset/SCAMPS/scamps_videos/P000881.mat,,,,30.000000,"FileNotFoundError: [Errno 2] Unable to synchronously open file (unable to open file: name = 'dataset/SCAMPS/scamps_videos/P000881.mat', errno = 2, error message = 'No such file or directory', flags = 0, o_flags = 0)"
SCAMPS,P000882,dataset/SCAMPS/scamps_videos/P000882.mat,,,,30.000000,"FileNotFoundError: [Errno 2] Unable to synchronously open file (unable to open file: name = 'dataset/SCAMPS/scamps_videos/P000882.mat', errno = 2, error message = 'No such file or directory', flags = 0, o_flags = 0)"
SCAMPS,P000883,dataset/SCAMPS/scamps_videos/P000883.mat,,,,30.000000,"FileNotFoundError: [Errno 2] Unable to synchronously open file (unable to open file: name = 'dataset/SCAMPS/scamps_videos/P000883.mat', errno = 2, error message = 'No such file or directory', flags = 0, o_flags = 0)"
SCAMPS,P000884,dataset/SCAMPS/scamps_videos/P000884.mat,,,,30.000000,"FileNotFoundError: [Errno 2] Unable to synchronously open file (unable to open file: name = 'dataset/SCAMPS/scamps_videos/P000884.mat', errno = 2, error message = 'No such file or directory', flags = 0, o_flags = 0)"
SCAMPS,P000885,dataset/SCAMPS/scamps_videos/P000885.mat,,,,30.000000,"FileNotFoundError: [Errno 2] Unable to synchronously open file (unable to open file: name = 'dataset/SCAMPS/scamps_videos/P000885.mat', errno = 2, error message = 'No such file or directory', flags = 0, o_flags = 0)"
SCAMPS,P000886,dataset/SCAMPS/scamps_videos/P000886.mat,,,,30.000000,"FileNotFoundError: [Errno 2] Unable to synchronously open file (unable to open file: name = 'dataset/SCAMPS/scamps_videos/P000886.mat', errno = 2, error message = 'No such file or directory', flags = 0, o_flags = 0)"
SCAMPS,P000887,dataset/SCAMPS/scamps_videos/P000887.mat,,,,30.000000,"FileNotFoundError: [Errno 2] Unable to synchronously open file (unable to open file: name = 'dataset/SCAMPS/scamps_videos/P000887.mat', errno = 2, error message = 'No such file or directory', flags = 0, o_flags = 0)"
SCAMPS,P000888,dataset/SCAMPS/scamps_videos/P000888.mat,,,,30.000000,"FileNotFoundError: [Errno 2] Unable to synchronously open file (unable to open file: name = 'dataset/SCAMPS/scamps_videos/P000888.mat', errno = 2, error message = 'No such file or directory', flags = 0, o_flags = 0)"
SCAMPS,P000889,dataset/SCAMPS/scamps_videos/P000889.mat,,,,30.000000,"FileNotFoundError: [Errno 2] Unable to synchronously open file (unable to open file: name = 'dataset/SCAMPS/scamps_videos/P000889.mat', errno = 2, error message = 'No such file or directory', flags = 0, o_flags = 0)"
SCAMPS,P000890,dataset/SCAMPS/scamps_videos/P000890.mat,,,,30.000000,"FileNotFoundError: [Errno 2] Unable to synchronously open file (unable to open file: name = 'dataset/SCAMPS/scamps_videos/P000890.mat', errno = 2, error message = 'No such file or directory', flags = 0, o_flags = 0)"
SCAMPS,P000891,dataset/SCAMPS/scamps_videos/P000891.mat,,,,30.000000,"FileNotFoundError: [Errno 2] Unable to synchronously open file (unable to open file: name = 'dataset/SCAMPS/scamps_videos/P000891.mat', errno = 2, error message = 'No such file or directory', flags = 0, o_flags = 0)"
SCAMPS,P000892,dataset/SCAMPS/scamps_videos/P000892.mat,,,,30.000000,"FileNotFoundError: [Errno 2] Unable to synchronously open file (unable to open file: name = 'dataset/SCAMPS/scamps_videos/P000892.mat', errno = 2, error message = 'No such file or directory', flags = 0, o_flags = 0)"
SCAMPS,P000893,dataset/SCAMPS/scamps_videos/P000893.mat,,,,30.000000,"FileNotFoundError: [Errno 2] Unable to synchronously open file (unable to open file: name = 'dataset/SCAMPS/scamps_videos/P000893.mat', errno = 2, error message = 'No such file or directory', flags = 0, o_flags = 0)"
SCAMPS,P000894,dataset/SCAMPS/scamps_videos/P000894.mat,,,,30.000000,"FileNotFoundError: [Errno 2] Unable to synchronously open file (unable to open file: name = 'dataset/SCAMPS/scamps_videos/P000894.mat', errno = 2, error message = 'No such file or directory', flags = 0, o_flags = 0)"
SCAMPS,P000895,dataset/SCAMPS/scamps_videos/P000895.mat,,,,30.000000,"FileNotFoundError: [Errno 2] Unable to synchronously open file (unable to open file: name = 'dataset/SCAMPS/scamps_videos/P000895.mat', errno = 2, error message = 'No such file or directory', flags = 0, o_flags = 0)"
SCAMPS,P000896,dataset/SCAMPS/scamps_videos/P000896.mat,,,,30.000000,"FileNotFoundError: [Errno 2] Unable to synchronously open file (unable to open file: name = 'dataset/SCAMPS/scamps_videos/P000896.mat', errno = 2, error message = 'No such file or directory', flags = 0, o_flags = 0)"
SCAMPS,P000897,dataset/SCAMPS/scamps_videos/P000897.mat,,,,30.000000,"FileNotFoundError: [Errno 2] Unable to synchronously open file (unable to open file: name = 'dataset/SCAMPS/scamps_videos/P000897.mat', errno = 2, error message = 'No such file or directory', flags = 0, o_flags = 0)"
SCAMPS,P000898,dataset/SCAMPS/scamps_videos/P000898.mat,,,,30.000000,"FileNotFoundError: [Errno 2] Unable to synchronously open file (unable to open file: name = 'dataset/SCAMPS/scamps_videos/P000898.mat', errno = 2, error message = 'No such file or directory', flags = 0, o_flags = 0)"
SCAMPS,P000899,dataset/SCAMPS/scamps_videos/P000899.mat,,,,30.000000,"FileNotFoundError: [Errno 2] Unable to synchronously open file (unable to open file: name = 'dataset/SCAMPS/scamps_videos/P000899.mat', errno = 2, error message = 'No such file or directory', flags = 0, o_flags = 0)"
SCAMPS,P000900,dataset/SCAMPS/scamps_videos/P000900.mat,,,,30.000000,"FileNotFoundError: [Errno 2] Unable to synchronously open file (unable to open file: name = 'dataset/SCAMPS/scamps_videos/P000900.mat', errno = 2, error message = 'No such file or directory', flags = 0, o_flags = 0)"
SCAMPS,P000901,dataset/SCAMPS/scamps_videos/P000901.mat,,,,30.000000,"FileNotFoundError: [Errno 2] Unable to synchronously open file (unable to open file: name = 'dataset/SCAMPS/scamps_videos/P000901.mat', errno = 2, error message = 'No such file or directory', flags = 0, o_flags = 0)"
SCAMPS,P000902,dataset/SCAMPS/scamps_videos/P000902.mat,,,,30.000000,"FileNotFoundError: [Errno 2] Unable to synchronously open file (unable to open file: name = 'dataset/SCAMPS/scamps_videos/P000902.mat', errno = 2, error message = 'No such file or directory', flags = 0, o_flags = 0)"
SCAMPS,P000903,dataset/SCAMPS/scamps_videos/P000903.mat,,,,30.000000,"FileNotFoundError: [Errno 2] Unable to synchronously open file (unable to open file: name = 'dataset/SCAMPS/scamps_videos/P000903.mat', errno = 2, error message = 'No such file or directory', flags = 0, o_flags = 0)"
SCAMPS,P000904,dataset/SCAMPS/scamps_videos/P000904.mat,,,,30.000000,"FileNotFoundError: [Errno 2] Unable to synchronously open file (unable to open file: name = 'dataset/SCAMPS/scamps_videos/P000904.mat', errno = 2, error message = 'No such file or directory', flags = 0, o_flags = 0)"
SCAMPS,P000905,dataset/SCAMPS/scamps_videos/P000905.mat,,,,30.000000,"FileNotFoundError: [Errno 2] Unable to synchronously open file (unable to open file: name = 'dataset/SCAMPS/scamps_videos/P000905.mat', errno = 2, error message = 'No such file or directory', flags = 0, o_flags = 0)"
SCAMPS,P000906,dataset/SCAMPS/scamps_videos/P000906.mat,,,,30.000000,"FileNotFoundError: [Errno 2] Unable to synchronously open file (unable to open file: name = 'dataset/SCAMPS/scamps_videos/P000906.mat', errno = 2, error message = 'No such file or directory', flags = 0, o_flags = 0)"
SCAMPS,P000907,dataset/SCAMPS/scamps_videos/P000907.mat,,,,30.000000,"FileNotFoundError: [Errno 2] Unable to synchronously open file (unable to open file: name = 'dataset/SCAMPS/scamps_videos/P000907.mat', errno = 2, error message = 'No such file or directory', flags = 0, o_flags = 0)"
SCAMPS,P000908,dataset/SCAMPS/scamps_videos/P000908.mat,,,,30.000000,"FileNotFoundError: [Errno 2] Unable to synchronously open file (unable to open file: name = 'dataset/SCAMPS/scamps_videos/P000908.mat', errno = 2, error message = 'No such file or directory', flags = 0, o_flags = 0)"
SCAMPS,P000909,dataset/SCAMPS/scamps_videos/P000909.mat,,,,30.000000,"FileNotFoundError: [Errno 2] Unable to synchronously open file (unable to open file: name = 'dataset/SCAMPS/scamps_videos/P000909.mat', errno = 2, error message = 'No such file or directory', flags = 0, o_flags = 0)"
SCAMPS,P000910,dataset/SCAMPS/scamps_videos/P000910.mat,,,,30.000000,"FileNotFoundError: [Errno 2] Unable to synchronously open file (unable to open file: name = 'dataset/SCAMPS/scamps_videos/P000910.mat', errno = 2, error message = 'No such file or directory', flags = 0, o_flags = 0)"
SCAMPS,P000911,dataset/SCAMPS/scamps_videos/P000911.mat,,,,30.000000,"FileNotFoundError: [Errno 2] Unable to synchronously open file (unable to open file: name = 'dataset/SCAMPS/scamps_videos/P000911.mat', errno = 2, error message = 'No such file or directory', flags = 0, o_flags = 0)"
SCAMPS,P000912,dataset/SCAMPS/scamps_videos/P000912.mat,,,,30.000000,"FileNotFoundError: [Errno 2] Unable to synchronously open file (unable to open file: name = 'dataset/SCAMPS/scamps_videos/P000912.mat', errno = 2, error message = 'No such file or directory', flags = 0, o_flags = 0)"
SCAMPS,P000913,dataset/SCAMPS/scamps_videos/P000913.mat,,,,30.000000,"FileNotFoundError: [Errno 2] Unable to synchronously open file (unable to open file: name = 'dataset/SCAMPS/scamps_videos/P000913.mat', errno = 2, error message = 'No such file or directory', flags = 0, o_flags = 0)"
SCAMPS,P000914,dataset/SCAMPS/scamps_videos/P000914.mat,,,,30.000000,"FileNotFoundError: [Errno 2] Unable to synchronously open file (unable to open file: name = 'dataset/SCAMPS/scamps_videos/P000914.mat', errno = 2, error message = 'No such file or directory', flags = 0, o_flags = 0)"
SCAMPS,P000915,dataset/SCAMPS/scamps_videos/P000915.mat,,,,30.000000,"FileNotFoundError: [Errno 2] Unable to synchronously open file (unable to open file: name = 'dataset/SCAMPS/scamps_videos/P000915.mat', errno = 2, error message = 'No such file or directory', flags = 0, o_flags = 0)"
SCAMPS,P000916,dataset/SCAMPS/scamps_videos/P000916.mat,,,,30.000000,"FileNotFoundError: [Errno 2] Unable to synchronously open file (unable to open file: name = 'dataset/SCAMPS/scamps_videos/P000916.mat', errno = 2, error message = 'No such file or directory', flags = 0, o_flags = 0)"
SCAMPS,P000917,dataset/SCAMPS/scamps_videos/P000917.mat,,,,30.000000,"FileNotFoundError: [Errno 2] Unable to synchronously open file (unable to open file: name = 'dataset/SCAMPS/scamps_videos/P000917.mat', errno = 2, error message = 'No such file or directory', flags = 0, o_flags = 0)"
SCAMPS,P000918,dataset/SCAMPS/scamps_videos/P000918.mat,,,,30.000000,"FileNotFoundError: [Errno 2] Unable to synchronously open file (unable to open file: name = 'dataset/SCAMPS/scamps_videos/P000918.mat', errno = 2, error message = 'No such file or directory', flags = 0, o_flags = 0)"
SCAMPS,P000919,dataset/SCAMPS/scamps_videos/P000919.mat,,,,30.000000,"FileNotFoundError: [Errno 2] Unable to synchronously open file (unable to open file: name = 'dataset/SCAMPS/scamps_videos/P000919.mat', errno = 2, error message = 'No such file or directory', flags = 0, o_flags = 0)"
SCAMPS,P000920,dataset/SCAMPS/scamps_videos/P000920.mat,,,,30.000000,"FileNotFoundError: [Errno 2] Unable to synchronously open file (unable to open file: name = 'dataset/SCAMPS/scamps_videos/P000920.mat', errno = 2, error message = 'No such file or directory', flags = 0, o_flags = 0)"
SCAMPS,P000921,dataset/SCAMPS/scamps_videos/P000921.mat,,,,30.000000,"FileNotFoundError: [Errno 2] Unable to synchronously open file (unable to open file: name = 'dataset/SCAMPS/scamps_videos/P000921.mat', errno = 2, error message = 'No such file or directory', flags = 0, o_flags = 0)"
SCAMPS,P000922,dataset/SCAMPS/scamps_videos/P000922.mat,,,,30.000000,"FileNotFoundError: [Errno 2] Unable to synchronously open file (unable to open file: name = 'dataset/SCAMPS/scamps_videos/P000922.mat', errno = 2, error message = 'No such file or directory', flags = 0, o_flags = 0)"
SCAMPS,P000923,dataset/SCAMPS/scamps_videos/P000923.mat,,,,30.000000,"FileNotFoundError: [Errno 2] Unable to synchronously open file (unable to open file: name = 'dataset/SCAMPS/scamps_videos/P000923.mat', errno = 2, error message = 'No such file or directory', flags = 0, o_flags = 0)"
SCAMPS,P000924,dataset/SCAMPS/scamps_videos/P000924.mat,,,,30.000000,"FileNotFoundError: [Errno 2] Unable to synchronously open file (unable to open file: name = 'dataset/SCAMPS/scamps_videos/P000924.mat', errno = 2, error message = 'No such file or directory', flags = 0, o_flags = 0)"
SCAMPS,P000925,dataset/SCAMPS/scamps_videos/P000925.mat,,,,30.000000,"FileNotFoundError: [Errno 2] Unable to synchronously open file (unable to open file: name = 'dataset/SCAMPS/scamps_videos/P000925.mat', errno = 2, error message = 'No such file or directory', flags = 0, o_flags = 0)"
SCAMPS,P000926,dataset/SCAMPS/scamps_videos/P000926.mat,,,,30.000000,"FileNotFoundError: [Errno 2] Unable to synchronously open file (unable to open file: name = 'dataset/SCAMPS/scamps_videos/P000926.mat', errno = 2, error message = 'No such file or directory', flags = 0, o_flags = 0)"
SCAMPS,P000927,dataset/SCAMPS/scamps_videos/P000927.mat,,,,30.000000,"FileNotFoundError: [Errno 2] Unable to synchronously open file (unable to open file: name = 'dataset/SCAMPS/scamps_videos/P000927.mat', errno = 2, error message = 'No such file or directory', flags = 0, o_flags = 0)"
SCAMPS,P000928,dataset/SCAMPS/scamps_videos/P000928.mat,,,,30.000000,"FileNotFoundError: [Errno 2] Unable to synchronously open file (unable to open file: name = 'dataset/SCAMPS/scamps_videos/P000928.mat', errno = 2, error message = 'No such file or directory', flags = 0, o_flags = 0)"
SCAMPS,P000929,dataset/SCAMPS/scamps_videos/P000929.mat,,,,30.000000,"FileNotFoundError: [Errno 2] Unable to synchronously open file (unable to open file: name = 'dataset/SCAMPS/scamps_videos/P000929.mat', errno = 2, error message = 'No such file or directory', flags = 0, o_flags = 0)"
SCAMPS,P000930,dataset/SCAMPS/scamps_videos/P000930.mat,,,,30.000000,"FileNotFoundError: [Errno 2] Unable to synchronously open file (unable to open file: name = 'dataset/SCAMPS/scamps_videos/P000930.mat', errno = 2, error message = 'No such file or directory', flags = 0, o_flags = 0)"
SCAMPS,P000931,dataset/SCAMPS/scamps_videos/P000931.mat,,,,30.000000,"FileNotFoundError: [Errno 2] Unable to synchronously open file (unable to open file: name = 'dataset/SCAMPS/scamps_videos/P000931.mat', errno = 2, error message = 'No such file or directory', flags = 0, o_flags = 0)"
SCAMPS,P000932,dataset/SCAMPS/scamps_videos/P000932.mat,,,,30.000000,"FileNotFoundError: [Errno 2] Unable to synchronously open file (unable to open file: name = 'dataset/SCAMPS/scamps_videos/P000932.mat', errno = 2, error message = 'No such file or directory', flags = 0, o_flags = 0)"
SCAMPS,P000933,dataset/SCAMPS/scamps_videos/P000933.mat,,,,30.000000,"FileNotFoundError: [Errno 2] Unable to synchronously open file (unable to open file: name = 'dataset/SCAMPS/scamps_videos/P000933.mat', errno = 2, error message = 'No such file or directory', flags = 0, o_flags = 0)"
SCAMPS,P000934,dataset/SCAMPS/scamps_videos/P000934.mat,,,,30.000000,"FileNotFoundError: [Errno 2] Unable to synchronously open file (unable to open file: name = 'dataset/SCAMPS/scamps_videos/P000934.mat', errno = 2, error message = 'No such file or directory', flags = 0, o_flags = 0)"
SCAMPS,P000935,dataset/SCAMPS/scamps_videos/P000935.mat,,,,30.000000,"FileNotFoundError: [Errno 2] Unable to synchronously open file (unable to open file: name = 'dataset/SCAMPS/scamps_videos/P000935.mat', errno = 2, error message = 'No such file or directory', flags = 0, o_flags = 0)"
SCAMPS,P000936,dataset/SCAMPS/scamps_videos/P000936.mat,,,,30.000000,"FileNotFoundError: [Errno 2] Unable to synchronously open file (unable to open file: name = 'dataset/SCAMPS/scamps_videos/P000936.mat', errno = 2, error message = 'No such file or directory', flags = 0, o_flags = 0)"
SCAMPS,P000937,dataset/SCAMPS/scamps_videos/P000937.mat,,,,30.000000,"FileNotFoundError: [Errno 2] Unable to synchronously open file (unable to open file: name = 'dataset/SCAMPS/scamps_videos/P000937.mat', errno = 2, error message = 'No such file or directory', flags = 0, o_flags = 0)"
SCAMPS,P000938,dataset/SCAMPS/scamps_videos/P000938.mat,,,,30.000000,"FileNotFoundError: [Errno 2] Unable to synchronously open file (unable to open file: name = 'dataset/SCAMPS/scamps_videos/P000938.mat', errno = 2, error message = 'No such file or directory', flags = 0, o_flags = 0)"
SCAMPS,P000939,dataset/SCAMPS/scamps_videos/P000939.mat,,,,30.000000,"FileNotFoundError: [Errno 2] Unable to synchronously open file (unable to open file: name = 'dataset/SCAMPS/scamps_videos/P000939.mat', errno = 2, error message = 'No such file or directory', flags = 0, o_flags = 0)"
SCAMPS,P000940,dataset/SCAMPS/scamps_videos/P000940.mat,,,,30.000000,"FileNotFoundError: [Errno 2] Unable to synchronously open file (unable to open file: name = 'dataset/SCAMPS/scamps_videos/P000940.mat', errno = 2, error message = 'No such file or directory', flags = 0, o_flags = 0)"
SCAMPS,P000941,dataset/SCAMPS/scamps_videos/P000941.mat,,,,30.000000,"FileNotFoundError: [Errno 2] Unable to synchronously open file (unable to open file: name = 'dataset/SCAMPS/scamps_videos/P000941.mat', errno = 2, error message = 'No such file or directory', flags = 0, o_flags = 0)"
SCAMPS,P000942,dataset/SCAMPS/scamps_videos/P000942.mat,,,,30.000000,"FileNotFoundError: [Errno 2] Unable to synchronously open file (unable to open file: name = 'dataset/SCAMPS/scamps_videos/P000942.mat', errno = 2, error message = 'No such file or directory', flags = 0, o_flags = 0)"
SCAMPS,P000943,dataset/SCAMPS/scamps_videos/P000943.mat,,,,30.000000,"FileNotFoundError: [Errno 2] Unable to synchronously open file (unable to open file: name = 'dataset/SCAMPS/scamps_videos/P000943.mat', errno = 2, error message = 'No such file or directory', flags = 0, o_flags = 0)"
SCAMPS,P000944,dataset/SCAMPS/scamps_videos/P000944.mat,,,,30.000000,"FileNotFoundError: [Errno 2] Unable to synchronously open file (unable to open file: name = 'dataset/SCAMPS/scamps_videos/P000944.mat', errno = 2, error message = 'No such file or directory', flags = 0, o_flags = 0)"
SCAMPS,P000945,dataset/SCAMPS/scamps_videos/P000945.mat,,,,30.000000,"FileNotFoundError: [Errno 2] Unable to synchronously open file (unable to open file: name = 'dataset/SCAMPS/scamps_videos/P000945.mat', errno = 2, error message = 'No such file or directory', flags = 0, o_flags = 0)"
SCAMPS,P000946,dataset/SCAMPS/scamps_videos/P000946.mat,,,,30.000000,"FileNotFoundError: [Errno 2] Unable to synchronously open file (unable to open file: name = 'dataset/SCAMPS/scamps_videos/P000946.mat', errno = 2, error message = 'No such file or directory', flags = 0, o_flags = 0)"
SCAMPS,P000947,dataset/SCAMPS/scamps_videos/P000947.mat,,,,30.000000,"FileNotFoundError: [Errno 2] Unable to synchronously open file (unable to open file: name = 'dataset/SCAMPS/scamps_videos/P000947.mat', errno = 2, error message = 'No such file or directory', flags = 0, o_flags = 0)"
SCAMPS,P000948,dataset/SCAMPS/scamps_videos/P000948.mat,,,,30.000000,"FileNotFoundError: [Errno 2] Unable to synchronously open file (unable to open file: name = 'dataset/SCAMPS/scamps_videos/P000948.mat', errno = 2, error message = 'No such file or directory', flags = 0, o_flags = 0)"
SCAMPS,P000949,dataset/SCAMPS/scamps_videos/P000949.mat,,,,30.000000,"FileNotFoundError: [Errno 2] Unable to synchronously open file (unable to open file: name = 'dataset/SCAMPS/scamps_videos/P000949.mat', errno = 2, error message = 'No such file or directory', flags = 0, o_flags = 0)"
SCAMPS,P000950,dataset/SCAMPS/scamps_videos/P000950.mat,,,,30.000000,"FileNotFoundError: [Errno 2] Unable to synchronously open file (unable to open file: name = 'dataset/SCAMPS/scamps_videos/P000950.mat', errno = 2, error message = 'No such file or directory', flags = 0, o_flags = 0)"
SCAMPS,P000951,dataset/SCAMPS/scamps_videos/P000951.mat,,,,30.000000,"FileNotFoundError: [Errno 2] Unable to synchronously open file (unable to open file: name = 'dataset/SCAMPS/scamps_videos/P000951.mat', errno = 2, error message = 'No such file or directory', flags = 0, o_flags = 0)"
SCAMPS,P000952,dataset/SCAMPS/scamps_videos/P000952.mat,,,,30.000000,"FileNotFoundError: [Errno 2] Unable to synchronously open file (unable to open file: name = 'dataset/SCAMPS/scamps_videos/P000952.mat', errno = 2, error message = 'No such file or directory', flags = 0, o_flags = 0)"
SCAMPS,P000953,dataset/SCAMPS/scamps_videos/P000953.mat,,,,30.000000,"FileNotFoundError: [Errno 2] Unable to synchronously open file (unable to open file: name = 'dataset/SCAMPS/scamps_videos/P000953.mat', errno = 2, error message = 'No such file or directory', flags = 0, o_flags = 0)"
SCAMPS,P000954,dataset/SCAMPS/scamps_videos/P000954.mat,,,,30.000000,"FileNotFoundError: [Errno 2] Unable to synchronously open file (unable to open file: name = 'dataset/SCAMPS/scamps_videos/P000954.mat', errno = 2, error message = 'No such file or directory', flags = 0, o_flags = 0)"
SCAMPS,P000955,dataset/SCAMPS/scamps_videos/P000955.mat,,,,30.000000,"FileNotFoundError: [Errno 2] Unable to synchronously open file (unable to open file: name = 'dataset/SCAMPS/scamps_videos/P000955.mat', errno = 2, error message = 'No such file or directory', flags = 0, o_flags = 0)"
SCAMPS,P000956,dataset/SCAMPS/scamps_videos/P000956.mat,,,,30.000000,"FileNotFoundError: [Errno 2] Unable to synchronously open file (unable to open file: name = 'dataset/SCAMPS/scamps_videos/P000956.mat', errno = 2, error message = 'No such file or directory', flags = 0, o_flags = 0)"
SCAMPS,P000957,dataset/SCAMPS/scamps_videos/P000957.mat,,,,30.000000,"FileNotFoundError: [Errno 2] Unable to synchronously open file (unable to open file: name = 'dataset/SCAMPS/scamps_videos/P000957.mat', errno = 2, error message = 'No such file or directory', flags = 0, o_flags = 0)"
SCAMPS,P000958,dataset/SCAMPS/scamps_videos/P000958.mat,,,,30.000000,"FileNotFoundError: [Errno 2] Unable to synchronously open file (unable to open file: name = 'dataset/SCAMPS/scamps_videos/P000958.mat', errno = 2, error message = 'No such file or directory', flags = 0, o_flags = 0)"
SCAMPS,P000959,dataset/SCAMPS/scamps_videos/P000959.mat,,,,30.000000,"FileNotFoundError: [Errno 2] Unable to synchronously open file (unable to open file: name = 'dataset/SCAMPS/scamps_videos/P000959.mat', errno = 2, error message = 'No such file or directory', flags = 0, o_flags = 0)"
SCAMPS,P000960,dataset/SCAMPS/scamps_videos/P000960.mat,,,,30.000000,"FileNotFoundError: [Errno 2] Unable to synchronously open file (unable to open file: name = 'dataset/SCAMPS/scamps_videos/P000960.mat', errno = 2, error message = 'No such file or directory', flags = 0, o_flags = 0)"
SCAMPS,P000961,dataset/SCAMPS/scamps_videos/P000961.mat,,,,30.000000,"FileNotFoundError: [Errno 2] Unable to synchronously open file (unable to open file: name = 'dataset/SCAMPS/scamps_videos/P000961.mat', errno = 2, error message = 'No such file or directory', flags = 0, o_flags = 0)"
SCAMPS,P000962,dataset/SCAMPS/scamps_videos/P000962.mat,,,,30.000000,"FileNotFoundError: [Errno 2] Unable to synchronously open file (unable to open file: name = 'dataset/SCAMPS/scamps_videos/P000962.mat', errno = 2, error message = 'No such file or directory', flags = 0, o_flags = 0)"
SCAMPS,P000963,dataset/SCAMPS/scamps_videos/P000963.mat,,,,30.000000,"FileNotFoundError: [Errno 2] Unable to synchronously open file (unable to open file: name = 'dataset/SCAMPS/scamps_videos/P000963.mat', errno = 2, error message = 'No such file or directory', flags = 0, o_flags = 0)"
SCAMPS,P000964,dataset/SCAMPS/scamps_videos/P000964.mat,,,,30.000000,"FileNotFoundError: [Errno 2] Unable to synchronously open file (unable to open file: name = 'dataset/SCAMPS/scamps_videos/P000964.mat', errno = 2, error message = 'No such file or directory', flags = 0, o_flags = 0)"
SCAMPS,P000965,dataset/SCAMPS/scamps_videos/P000965.mat,,,,30.000000,"FileNotFoundError: [Errno 2] Unable to synchronously open file (unable to open file: name = 'dataset/SCAMPS/scamps_videos/P000965.mat', errno = 2, error message = 'No such file or directory', flags = 0, o_flags = 0)"
SCAMPS,P000966,dataset/SCAMPS/scamps_videos/P000966.mat,,,,30.000000,"FileNotFoundError: [Errno 2] Unable to synchronously open file (unable to open file: name = 'dataset/SCAMPS/scamps_videos/P000966.mat', errno = 2, error message = 'No such file or directory', flags = 0, o_flags = 0)"
SCAMPS,P000967,dataset/SCAMPS/scamps_videos/P000967.mat,,,,30.000000,"FileNotFoundError: [Errno 2] Unable to synchronously open file (unable to open file: name = 'dataset/SCAMPS/scamps_videos/P000967.mat', errno = 2, error message = 'No such file or directory', flags = 0, o_flags = 0)"
SCAMPS,P000968,dataset/SCAMPS/scamps_videos/P000968.mat,,,,30.000000,"FileNotFoundError: [Errno 2] Unable to synchronously open file (unable to open file: name = 'dataset/SCAMPS/scamps_videos/P000968.mat', errno = 2, error message = 'No such file or directory', flags = 0, o_flags = 0)"
SCAMPS,P000969,dataset/SCAMPS/scamps_videos/P000969.mat,,,,30.000000,"FileNotFoundError: [Errno 2] Unable to synchronously open file (unable to open file: name = 'dataset/SCAMPS/scamps_videos/P000969.mat', errno = 2, error message = 'No such file or directory', flags = 0, o_flags = 0)"
SCAMPS,P000970,dataset/SCAMPS/scamps_videos/P000970.mat,,,,30.000000,"FileNotFoundError: [Errno 2] Unable to synchronously open file (unable to open file: name = 'dataset/SCAMPS/scamps_videos/P000970.mat', errno = 2, error message = 'No such file or directory', flags = 0, o_flags = 0)"
SCAMPS,P000971,dataset/SCAMPS/scamps_videos/P000971.mat,,,,30.000000,"FileNotFoundError: [Errno 2] Unable to synchronously open file (unable to open file: name = 'dataset/SCAMPS/scamps_videos/P000971.mat', errno = 2, error message = 'No such file or directory', flags = 0, o_flags = 0)"
SCAMPS,P000972,dataset/SCAMPS/scamps_videos/P000972.mat,,,,30.000000,"FileNotFoundError: [Errno 2] Unable to synchronously open file (unable to open file: name = 'dataset/SCAMPS/scamps_videos/P000972.mat', errno = 2, error message = 'No such file or directory', flags = 0, o_flags = 0)"
SCAMPS,P000973,dataset/SCAMPS/scamps_videos/P000973.mat,,,,30.000000,"FileNotFoundError: [Errno 2] Unable to synchronously open file (unable to open file: name = 'dataset/SCAMPS/scamps_videos/P000973.mat', errno = 2, error message = 'No such file or directory', flags = 0, o_flags = 0)"
SCAMPS,P000974,dataset/SCAMPS/scamps_videos/P000974.mat,,,,30.000000,"FileNotFoundError: [Errno 2] Unable to synchronously open file (unable to open file: name = 'dataset/SCAMPS/scamps_videos/P000974.mat', errno = 2, error message = 'No such file or directory', flags = 0, o_flags = 0)"
SCAMPS,P000975,dataset/SCAMPS/scamps_videos/P000975.mat,,,,30.000000,"FileNotFoundError: [Errno 2] Unable to synchronously open file (unable to open file: name = 'dataset/SCAMPS/scamps_videos/P000975.mat', errno = 2, error message = 'No such file or directory', flags = 0, o_flags = 0)"
SCAMPS,P000976,dataset/SCAMPS/scamps_videos/P000976.mat,,,,30.000000,"FileNotFoundError: [Errno 2] Unable to synchronously open file (unable to open file: name = 'dataset/SCAMPS/scamps_videos/P000976.mat', errno = 2, error message = 'No such file or directory', flags = 0, o_flags = 0)"
SCAMPS,P000977,dataset/SCAMPS/scamps_videos/P000977.mat,,,,30.000000,"FileNotFoundError: [Errno 2] Unable to synchronously open file (unable to open file: name = 'dataset/SCAMPS/scamps_videos/P000977.mat', errno = 2, error message = 'No such file or directory', flags = 0, o_flags = 0)"
SCAMPS,P000978,dataset/SCAMPS/scamps_videos/P000978.mat,,,,30.000000,"FileNotFoundError: [Errno 2] Unable to synchronously open file (unable to open file: name = 'dataset/SCAMPS/scamps_videos/P000978.mat', errno = 2, error message = 'No such file or directory', flags = 0, o_flags = 0)"
SCAMPS,P000979,dataset/SCAMPS/scamps_videos/P000979.mat,,,,30.000000,"FileNotFoundError: [Errno 2] Unable to synchronously open file (unable to open file: name = 'dataset/SCAMPS/scamps_videos/P000979.mat', errno = 2, error message = 'No such file or directory', flags = 0, o_flags = 0)"
SCAMPS,P000980,dataset/SCAMPS/scamps_videos/P000980.mat,,,,30.000000,"FileNotFoundError: [Errno 2] Unable to synchronously open file (unable to open file: name = 'dataset/SCAMPS/scamps_videos/P000980.mat', errno = 2, error message = 'No such file or directory', flags = 0, o_flags = 0)"
SCAMPS,P000981,dataset/SCAMPS/scamps_videos/P000981.mat,,,,30.000000,"FileNotFoundError: [Errno 2] Unable to synchronously open file (unable to open file: name = 'dataset/SCAMPS/scamps_videos/P000981.mat', errno = 2, error message = 'No such file or directory', flags = 0, o_flags = 0)"
SCAMPS,P000982,dataset/SCAMPS/scamps_videos/P000982.mat,,,,30.000000,"FileNotFoundError: [Errno 2] Unable to synchronously open file (unable to open file: name = 'dataset/SCAMPS/scamps_videos/P000982.mat', errno = 2, error message = 'No such file or directory', flags = 0, o_flags = 0)"
SCAMPS,P000983,dataset/SCAMPS/scamps_videos/P000983.mat,,,,30.000000,"FileNotFoundError: [Errno 2] Unable to synchronously open file (unable to open file: name = 'dataset/SCAMPS/scamps_videos/P000983.mat', errno = 2, error message = 'No such file or directory', flags = 0, o_flags = 0)"
SCAMPS,P000984,dataset/SCAMPS/scamps_videos/P000984.mat,,,,30.000000,"FileNotFoundError: [Errno 2] Unable to synchronously open file (unable to open file: name = 'dataset/SCAMPS/scamps_videos/P000984.mat', errno = 2, error message = 'No such file or directory', flags = 0, o_flags = 0)"
SCAMPS,P000985,dataset/SCAMPS/scamps_videos/P000985.mat,,,,30.000000,"FileNotFoundError: [Errno 2] Unable to synchronously open file (unable to open file: name = 'dataset/SCAMPS/scamps_videos/P000985.mat', errno = 2, error message = 'No such file or directory', flags = 0, o_flags = 0)"
SCAMPS,P000986,dataset/SCAMPS/scamps_videos/P000986.mat,,,,30.000000,"FileNotFoundError: [Errno 2] Unable to synchronously open file (unable to open file: name = 'dataset/SCAMPS/scamps_videos/P000986.mat', errno = 2, error message = 'No such file or directory', flags = 0, o_flags = 0)"
SCAMPS,P000987,dataset/SCAMPS/scamps_videos/P000987.mat,,,,30.000000,"FileNotFoundError: [Errno 2] Unable to synchronously open file (unable to open file: name = 'dataset/SCAMPS/scamps_videos/P000987.mat', errno = 2, error message = 'No such file or directory', flags = 0, o_flags = 0)"
SCAMPS,P000988,dataset/SCAMPS/scamps_videos/P000988.mat,,,,30.000000,"FileNotFoundError: [Errno 2] Unable to synchronously open file (unable to open file: name = 'dataset/SCAMPS/scamps_videos/P000988.mat', errno = 2, error message = 'No such file or directory', flags = 0, o_flags = 0)"
SCAMPS,P000989,dataset/SCAMPS/scamps_videos/P000989.mat,,,,30.000000,"FileNotFoundError: [Errno 2] Unable to synchronously open file (unable to open file: name = 'dataset/SCAMPS/scamps_videos/P000989.mat', errno = 2, error message = 'No such file or directory', flags = 0, o_flags = 0)"
SCAMPS,P000990,dataset/SCAMPS/scamps_videos/P000990.mat,,,,30.000000,"FileNotFoundError: [Errno 2] Unable to synchronously open file (unable to open file: name = 'dataset/SCAMPS/scamps_videos/P000990.mat', errno = 2, error message = 'No such file or directory', flags = 0, o_flags = 0)"
SCAMPS,P000991,dataset/SCAMPS/scamps_videos/P000991.mat,,,,30.000000,"FileNotFoundError: [Errno 2] Unable to synchronously open file (unable to open file: name = 'dataset/SCAMPS/scamps_videos/P000991.mat', errno = 2, error message = 'No such file or directory', flags = 0, o_flags = 0)"
SCAMPS,P000992,dataset/SCAMPS/scamps_videos/P000992.mat,,,,30.000000,"FileNotFoundError: [Errno 2] Unable to synchronously open file (unable to open file: name = 'dataset/SCAMPS/scamps_videos/P000992.mat', errno = 2, error message = 'No such file or directory', flags = 0, o_flags = 0)"
SCAMPS,P000993,dataset/SCAMPS/scamps_videos/P000993.mat,,,,30.000000,"FileNotFoundError: [Errno 2] Unable to synchronously open file (unable to open file: name = 'dataset/SCAMPS/scamps_videos/P000993.mat', errno = 2, error message = 'No such file or directory', flags = 0, o_flags = 0)"
SCAMPS,P000994,dataset/SCAMPS/scamps_videos/P000994.mat,,,,30.000000,"FileNotFoundError: [Errno 2] Unable to synchronously open file (unable to open file: name = 'dataset/SCAMPS/scamps_videos/P000994.mat', errno = 2, error message = 'No such file or directory', flags = 0, o_flags = 0)"
SCAMPS,P000995,dataset/SCAMPS/scamps_videos/P000995.mat,,,,30.000000,"FileNotFoundError: [Errno 2] Unable to synchronously open file (unable to open file: name = 'dataset/SCAMPS/scamps_videos/P000995.mat', errno = 2, error message = 'No such file or directory', flags = 0, o_flags = 0)"
SCAMPS,P000996,dataset/SCAMPS/scamps_videos/P000996.mat,,,,30.000000,"FileNotFoundError: [Errno 2] Unable to synchronously open file (unable to open file: name = 'dataset/SCAMPS/scamps_videos/P000996.mat', errno = 2, error message = 'No such file or directory', flags = 0, o_flags = 0)"
SCAMPS,P000997,dataset/SCAMPS/scamps_videos/P000997.mat,,,,30.000000,"FileNotFoundError: [Errno 2] Unable to synchronously open file (unable to open file: name = 'dataset/SCAMPS/scamps_videos/P000997.mat', errno = 2, error message = 'No such file or directory', flags = 0, o_flags = 0)"
SCAMPS,P000998,dataset/SCAMPS/scamps_videos/P000998.mat,,,,30.000000,"FileNotFoundError: [Errno 2] Unable to synchronously open file (unable to open file: name = 'dataset/SCAMPS/scamps_videos/P000998.mat', errno = 2, error message = 'No such file or directory', flags = 0, o_flags = 0)"
SCAMPS,P000999,dataset/SCAMPS/scamps_videos/P000999.mat,,,,30.000000,"FileNotFoundError: [Errno 2] Unable to synchronously open file (unable to open file: name = 'dataset/SCAMPS/scamps_videos/P000999.mat', errno = 2, error message = 'No such file or directory', flags = 0, o_flags = 0)"
SCAMPS,P001000,dataset/SCAMPS/scamps_videos/P001000.mat,,,,30.000000,"FileNotFoundError: [Errno 2] Unable to synchronously open file (unable to open file: name = 'dataset/SCAMPS/scamps_videos/P001000.mat', errno = 2, error message = 'No such file or directory', flags = 0, o_flags = 0)"
SCAMPS,P001001,dataset/SCAMPS/scamps_videos/P001001.mat,,,,30.000000,"FileNotFoundError: [Errno 2] Unable to synchronously open file (unable to open file: name = 'dataset/SCAMPS/scamps_videos/P001001.mat', errno = 2, error message = 'No such file or directory', flags = 0, o_flags = 0)"
SCAMPS,P001002,dataset/SCAMPS/scamps_videos/P001002.mat,,,,30.000000,"FileNotFoundError: [Errno 2] Unable to synchronously open file (unable to open file: name = 'dataset/SCAMPS/scamps_videos/P001002.mat', errno = 2, error message = 'No such file or directory', flags = 0, o_flags = 0)"
SCAMPS,P001003,dataset/SCAMPS/scamps_videos/P001003.mat,,,,30.000000,"FileNotFoundError: [Errno 2] Unable to synchronously open file (unable to open file: name = 'dataset/SCAMPS/scamps_videos/P001003.mat', errno = 2, error message = 'No such file or directory', flags = 0, o_flags = 0)"
SCAMPS,P001004,dataset/SCAMPS/scamps_videos/P001004.mat,,,,30.000000,"FileNotFoundError: [Errno 2] Unable to synchronously open file (unable to open file: name = 'dataset/SCAMPS/scamps_videos/P001004.mat', errno = 2, error message = 'No such file or directory', flags = 0, o_flags = 0)"
SCAMPS,P001005,dataset/SCAMPS/scamps_videos/P001005.mat,,,,30.000000,"FileNotFoundError: [Errno 2] Unable to synchronously open file (unable to open file: name = 'dataset/SCAMPS/scamps_videos/P001005.mat', errno = 2, error message = 'No such file or directory', flags = 0, o_flags = 0)"
SCAMPS,P001006,dataset/SCAMPS/scamps_videos/P001006.mat,,,,30.000000,"FileNotFoundError: [Errno 2] Unable to synchronously open file (unable to open file: name = 'dataset/SCAMPS/scamps_videos/P001006.mat', errno = 2, error message = 'No such file or directory', flags = 0, o_flags = 0)"
SCAMPS,P001007,dataset/SCAMPS/scamps_videos/P001007.mat,,,,30.000000,"FileNotFoundError: [Errno 2] Unable to synchronously open file (unable to open file: name = 'dataset/SCAMPS/scamps_videos/P001007.mat', errno = 2, error message = 'No such file or directory', flags = 0, o_flags = 0)"
SCAMPS,P001008,dataset/SCAMPS/scamps_videos/P001008.mat,,,,30.000000,"FileNotFoundError: [Errno 2] Unable to synchronously open file (unable to open file: name = 'dataset/SCAMPS/scamps_videos/P001008.mat', errno = 2, error message = 'No such file or directory', flags = 0, o_flags = 0)"
SCAMPS,P001009,dataset/SCAMPS/scamps_videos/P001009.mat,,,,30.000000,"FileNotFoundError: [Errno 2] Unable to synchronously open file (unable to open file: name = 'dataset/SCAMPS/scamps_videos/P001009.mat', errno = 2, error message = 'No such file or directory', flags = 0, o_flags = 0)"
SCAMPS,P001010,dataset/SCAMPS/scamps_videos/P001010.mat,,,,30.000000,"FileNotFoundError: [Errno 2] Unable to synchronously open file (unable to open file: name = 'dataset/SCAMPS/scamps_videos/P001010.mat', errno = 2, error message = 'No such file or directory', flags = 0, o_flags = 0)"
SCAMPS,P001011,dataset/SCAMPS/scamps_videos/P001011.mat,,,,30.000000,"FileNotFoundError: [Errno 2] Unable to synchronously open file (unable to open file: name = 'dataset/SCAMPS/scamps_videos/P001011.mat', errno = 2, error message = 'No such file or directory', flags = 0, o_flags = 0)"
SCAMPS,P001012,dataset/SCAMPS/scamps_videos/P001012.mat,,,,30.000000,"FileNotFoundError: [Errno 2] Unable to synchronously open file (unable to open file: name = 'dataset/SCAMPS/scamps_videos/P001012.mat', errno = 2, error message = 'No such file or directory', flags = 0, o_flags = 0)"
SCAMPS,P001013,dataset/SCAMPS/scamps_videos/P001013.mat,,,,30.000000,"FileNotFoundError: [Errno 2] Unable to synchronously open file (unable to open file: name = 'dataset/SCAMPS/scamps_videos/P001013.mat', errno = 2, error message = 'No such file or directory', flags = 0, o_flags = 0)"
SCAMPS,P001014,dataset/SCAMPS/scamps_videos/P001014.mat,,,,30.000000,"FileNotFoundError: [Errno 2] Unable to synchronously open file (unable to open file: name = 'dataset/SCAMPS/scamps_videos/P001014.mat', errno = 2, error message = 'No such file or directory', flags = 0, o_flags = 0)"
SCAMPS,P001015,dataset/SCAMPS/scamps_videos/P001015.mat,,,,30.000000,"FileNotFoundError: [Errno 2] Unable to synchronously open file (unable to open file: name = 'dataset/SCAMPS/scamps_videos/P001015.mat', errno = 2, error message = 'No such file or directory', flags = 0, o_flags = 0)"
SCAMPS,P001016,dataset/SCAMPS/scamps_videos/P001016.mat,,,,30.000000,"FileNotFoundError: [Errno 2] Unable to synchronously open file (unable to open file: name = 'dataset/SCAMPS/scamps_videos/P001016.mat', errno = 2, error message = 'No such file or directory', flags = 0, o_flags = 0)"
SCAMPS,P001017,dataset/SCAMPS/scamps_videos/P001017.mat,,,,30.000000,"FileNotFoundError: [Errno 2] Unable to synchronously open file (unable to open file: name = 'dataset/SCAMPS/scamps_videos/P001017.mat', errno = 2, error message = 'No such file or directory', flags = 0, o_flags = 0)"
SCAMPS,P001018,dataset/SCAMPS/scamps_videos/P001018.mat,,,,30.000000,"FileNotFoundError: [Errno 2] Unable to synchronously open file (unable to open file: name = 'dataset/SCAMPS/scamps_videos/P001018.mat', errno = 2, error message = 'No such file or directory', flags = 0, o_flags = 0)"
SCAMPS,P001019,dataset/SCAMPS/scamps_videos/P001019.mat,,,,30.000000,"FileNotFoundError: [Errno 2] Unable to synchronously open file (unable to open file: name = 'dataset/SCAMPS/scamps_videos/P001019.mat', errno = 2, error message = 'No such file or directory', flags = 0, o_flags = 0)"
SCAMPS,P001020,dataset/SCAMPS/scamps_videos/P001020.mat,,,,30.000000,"FileNotFoundError: [Errno 2] Unable to synchronously open file (unable to open file: name = 'dataset/SCAMPS/scamps_videos/P001020.mat', errno = 2, error message = 'No such file or directory', flags = 0, o_flags = 0)"
SCAMPS,P001021,dataset/SCAMPS/scamps_videos/P001021.mat,,,,30.000000,"FileNotFoundError: [Errno 2] Unable to synchronously open file (unable to open file: name = 'dataset/SCAMPS/scamps_videos/P001021.mat', errno = 2, error message = 'No such file or directory', flags = 0, o_flags = 0)"
SCAMPS,P001022,dataset/SCAMPS/scamps_videos/P001022.mat,,,,30.000000,"FileNotFoundError: [Errno 2] Unable to synchronously open file (unable to open file: name = 'dataset/SCAMPS/scamps_videos/P001022.mat', errno = 2, error message = 'No such file or directory', flags = 0, o_flags = 0)"
SCAMPS,P001023,dataset/SCAMPS/scamps_videos/P001023.mat,,,,30.000000,"FileNotFoundError: [Errno 2] Unable to synchronously open file (unable to open file: name = 'dataset/SCAMPS/scamps_videos/P001023.mat', errno = 2, error message = 'No such file or directory', flags = 0, o_flags = 0)"
SCAMPS,P001024,dataset/SCAMPS/scamps_videos/P001024.mat,,,,30.000000,"FileNotFoundError: [Errno 2] Unable to synchronously open file (unable to open file: name = 'dataset/SCAMPS/scamps_videos/P001024.mat', errno = 2, error message = 'No such file or directory', flags = 0, o_flags = 0)"
SCAMPS,P001025,dataset/SCAMPS/scamps_videos/P001025.mat,,,,30.000000,"FileNotFoundError: [Errno 2] Unable to synchronously open file (unable to open file: name = 'dataset/SCAMPS/scamps_videos/P001025.mat', errno = 2, error message = 'No such file or directory', flags = 0, o_flags = 0)"
SCAMPS,P001026,dataset/SCAMPS/scamps_videos/P001026.mat,,,,30.000000,"FileNotFoundError: [Errno 2] Unable to synchronously open file (unable to open file: name = 'dataset/SCAMPS/scamps_videos/P001026.mat', errno = 2, error message = 'No such file or directory', flags = 0, o_flags = 0)"
SCAMPS,P001027,dataset/SCAMPS/scamps_videos/P001027.mat,,,,30.000000,"FileNotFoundError: [Errno 2] Unable to synchronously open file (unable to open file: name = 'dataset/SCAMPS/scamps_videos/P001027.mat', errno = 2, error message = 'No such file or directory', flags = 0, o_flags = 0)"
SCAMPS,P001028,dataset/SCAMPS/scamps_videos/P001028.mat,,,,30.000000,"FileNotFoundError: [Errno 2] Unable to synchronously open file (unable to open file: name = 'dataset/SCAMPS/scamps_videos/P001028.mat', errno = 2, error message = 'No such file or directory', flags = 0, o_flags = 0)"
SCAMPS,P001029,dataset/SCAMPS/scamps_videos/P001029.mat,,,,30.000000,"FileNotFoundError: [Errno 2] Unable to synchronously open file (unable to open file: name = 'dataset/SCAMPS/scamps_videos/P001029.mat', errno = 2, error message = 'No such file or directory', flags = 0, o_flags = 0)"
SCAMPS,P001030,dataset/SCAMPS/scamps_videos/P001030.mat,,,,30.000000,"FileNotFoundError: [Errno 2] Unable to synchronously open file (unable to open file: name = 'dataset/SCAMPS/scamps_videos/P001030.mat', errno = 2, error message = 'No such file or directory', flags = 0, o_flags = 0)"
SCAMPS,P001031,dataset/SCAMPS/scamps_videos/P001031.mat,,,,30.000000,"FileNotFoundError: [Errno 2] Unable to synchronously open file (unable to open file: name = 'dataset/SCAMPS/scamps_videos/P001031.mat', errno = 2, error message = 'No such file or directory', flags = 0, o_flags = 0)"
SCAMPS,P001032,dataset/SCAMPS/scamps_videos/P001032.mat,,,,30.000000,"FileNotFoundError: [Errno 2] Unable to synchronously open file (unable to open file: name = 'dataset/SCAMPS/scamps_videos/P001032.mat', errno = 2, error message = 'No such file or directory', flags = 0, o_flags = 0)"
SCAMPS,P001033,dataset/SCAMPS/scamps_videos/P001033.mat,,,,30.000000,"FileNotFoundError: [Errno 2] Unable to synchronously open file (unable to open file: name = 'dataset/SCAMPS/scamps_videos/P001033.mat', errno = 2, error message = 'No such file or directory', flags = 0, o_flags = 0)"
SCAMPS,P001034,dataset/SCAMPS/scamps_videos/P001034.mat,,,,30.000000,"FileNotFoundError: [Errno 2] Unable to synchronously open file (unable to open file: name = 'dataset/SCAMPS/scamps_videos/P001034.mat', errno = 2, error message = 'No such file or directory', flags = 0, o_flags = 0)"
SCAMPS,P001035,dataset/SCAMPS/scamps_videos/P001035.mat,,,,30.000000,"FileNotFoundError: [Errno 2] Unable to synchronously open file (unable to open file: name = 'dataset/SCAMPS/scamps_videos/P001035.mat', errno = 2, error message = 'No such file or directory', flags = 0, o_flags = 0)"
SCAMPS,P001036,dataset/SCAMPS/scamps_videos/P001036.mat,,,,30.000000,"FileNotFoundError: [Errno 2] Unable to synchronously open file (unable to open file: name = 'dataset/SCAMPS/scamps_videos/P001036.mat', errno = 2, error message = 'No such file or directory', flags = 0, o_flags = 0)"
SCAMPS,P001037,dataset/SCAMPS/scamps_videos/P001037.mat,,,,30.000000,"FileNotFoundError: [Errno 2] Unable to synchronously open file (unable to open file: name = 'dataset/SCAMPS/scamps_videos/P001037.mat', errno = 2, error message = 'No such file or directory', flags = 0, o_flags = 0)"
SCAMPS,P001038,dataset/SCAMPS/scamps_videos/P001038.mat,,,,30.000000,"FileNotFoundError: [Errno 2] Unable to synchronously open file (unable to open file: name = 'dataset/SCAMPS/scamps_videos/P001038.mat', errno = 2, error message = 'No such file or directory', flags = 0, o_flags = 0)"
SCAMPS,P001039,dataset/SCAMPS/scamps_videos/P001039.mat,,,,30.000000,"FileNotFoundError: [Errno 2] Unable to synchronously open file (unable to open file: name = 'dataset/SCAMPS/scamps_videos/P001039.mat', errno = 2, error message = 'No such file or directory', flags = 0, o_flags = 0)"
SCAMPS,P001040,dataset/SCAMPS/scamps_videos/P001040.mat,,,,30.000000,"FileNotFoundError: [Errno 2] Unable to synchronously open file (unable to open file: name = 'dataset/SCAMPS/scamps_videos/P001040.mat', errno = 2, error message = 'No such file or directory', flags = 0, o_flags = 0)"
SCAMPS,P001041,dataset/SCAMPS/scamps_videos/P001041.mat,,,,30.000000,"FileNotFoundError: [Errno 2] Unable to synchronously open file (unable to open file: name = 'dataset/SCAMPS/scamps_videos/P001041.mat', errno = 2, error message = 'No such file or directory', flags = 0, o_flags = 0)"
SCAMPS,P001042,dataset/SCAMPS/scamps_videos/P001042.mat,,,,30.000000,"FileNotFoundError: [Errno 2] Unable to synchronously open file (unable to open file: name = 'dataset/SCAMPS/scamps_videos/P001042.mat', errno = 2, error message = 'No such file or directory', flags = 0, o_flags = 0)"
SCAMPS,P001043,dataset/SCAMPS/scamps_videos/P001043.mat,,,,30.000000,"FileNotFoundError: [Errno 2] Unable to synchronously open file (unable to open file: name = 'dataset/SCAMPS/scamps_videos/P001043.mat', errno = 2, error message = 'No such file or directory', flags = 0, o_flags = 0)"
SCAMPS,P001044,dataset/SCAMPS/scamps_videos/P001044.mat,,,,30.000000,"FileNotFoundError: [Errno 2] Unable to synchronously open file (unable to open file: name = 'dataset/SCAMPS/scamps_videos/P001044.mat', errno = 2, error message = 'No such file or directory', flags = 0, o_flags = 0)"
SCAMPS,P001045,dataset/SCAMPS/scamps_videos/P001045.mat,,,,30.000000,"FileNotFoundError: [Errno 2] Unable to synchronously open file (unable to open file: name = 'dataset/SCAMPS/scamps_videos/P001045.mat', errno = 2, error message = 'No such file or directory', flags = 0, o_flags = 0)"
SCAMPS,P001046,dataset/SCAMPS/scamps_videos/P001046.mat,,,,30.000000,"FileNotFoundError: [Errno 2] Unable to synchronously open file (unable to open file: name = 'dataset/SCAMPS/scamps_videos/P001046.mat', errno = 2, error message = 'No such file or directory', flags = 0, o_flags = 0)"
SCAMPS,P001047,dataset/SCAMPS/scamps_videos/P001047.mat,,,,30.000000,"FileNotFoundError: [Errno 2] Unable to synchronously open file (unable to open file: name = 'dataset/SCAMPS/scamps_videos/P001047.mat', errno = 2, error message = 'No such file or directory', flags = 0, o_flags = 0)"
SCAMPS,P001048,dataset/SCAMPS/scamps_videos/P001048.mat,,,,30.000000,"FileNotFoundError: [Errno 2] Unable to synchronously open file (unable to open file: name = 'dataset/SCAMPS/scamps_videos/P001048.mat', errno = 2, error message = 'No such file or directory', flags = 0, o_flags = 0)"
SCAMPS,P001049,dataset/SCAMPS/scamps_videos/P001049.mat,,,,30.000000,"FileNotFoundError: [Errno 2] Unable to synchronously open file (unable to open file: name = 'dataset/SCAMPS/scamps_videos/P001049.mat', errno = 2, error message = 'No such file or directory', flags = 0, o_flags = 0)"
SCAMPS,P001050,dataset/SCAMPS/scamps_videos/P001050.mat,,,,30.000000,"FileNotFoundError: [Errno 2] Unable to synchronously open file (unable to open file: name = 'dataset/SCAMPS/scamps_videos/P001050.mat', errno = 2, error message = 'No such file or directory', flags = 0, o_flags = 0)"
SCAMPS,P001051,dataset/SCAMPS/scamps_videos/P001051.mat,,,,30.000000,"FileNotFoundError: [Errno 2] Unable to synchronously open file (unable to open file: name = 'dataset/SCAMPS/scamps_videos/P001051.mat', errno = 2, error message = 'No such file or directory', flags = 0, o_flags = 0)"
SCAMPS,P001052,dataset/SCAMPS/scamps_videos/P001052.mat,,,,30.000000,"FileNotFoundError: [Errno 2] Unable to synchronously open file (unable to open file: name = 'dataset/SCAMPS/scamps_videos/P001052.mat', errno = 2, error message = 'No such file or directory', flags = 0, o_flags = 0)"
SCAMPS,P001053,dataset/SCAMPS/scamps_videos/P001053.mat,,,,30.000000,"FileNotFoundError: [Errno 2] Unable to synchronously open file (unable to open file: name = 'dataset/SCAMPS/scamps_videos/P001053.mat', errno = 2, error message = 'No such file or directory', flags = 0, o_flags = 0)"
SCAMPS,P001054,dataset/SCAMPS/scamps_videos/P001054.mat,,,,30.000000,"FileNotFoundError: [Errno 2] Unable to synchronously open file (unable to open file: name = 'dataset/SCAMPS/scamps_videos/P001054.mat', errno = 2, error message = 'No such file or directory', flags = 0, o_flags = 0)"
SCAMPS,P001055,dataset/SCAMPS/scamps_videos/P001055.mat,,,,30.000000,"FileNotFoundError: [Errno 2] Unable to synchronously open file (unable to open file: name = 'dataset/SCAMPS/scamps_videos/P001055.mat', errno = 2, error message = 'No such file or directory', flags = 0, o_flags = 0)"
SCAMPS,P001056,dataset/SCAMPS/scamps_videos/P001056.mat,,,,30.000000,"FileNotFoundError: [Errno 2] Unable to synchronously open file (unable to open file: name = 'dataset/SCAMPS/scamps_videos/P001056.mat', errno = 2, error message = 'No such file or directory', flags = 0, o_flags = 0)"
SCAMPS,P001057,dataset/SCAMPS/scamps_videos/P001057.mat,,,,30.000000,"FileNotFoundError: [Errno 2] Unable to synchronously open file (unable to open file: name = 'dataset/SCAMPS/scamps_videos/P001057.mat', errno = 2, error message = 'No such file or directory', flags = 0, o_flags = 0)"
SCAMPS,P001058,dataset/SCAMPS/scamps_videos/P001058.mat,,,,30.000000,"FileNotFoundError: [Errno 2] Unable to synchronously open file (unable to open file: name = 'dataset/SCAMPS/scamps_videos/P001058.mat', errno = 2, error message = 'No such file or directory', flags = 0, o_flags = 0)"
SCAMPS,P001059,dataset/SCAMPS/scamps_videos/P001059.mat,,,,30.000000,"FileNotFoundError: [Errno 2] Unable to synchronously open file (unable to open file: name = 'dataset/SCAMPS/scamps_videos/P001059.mat', errno = 2, error message = 'No such file or directory', flags = 0, o_flags = 0)"
SCAMPS,P001060,dataset/SCAMPS/scamps_videos/P001060.mat,,,,30.000000,"FileNotFoundError: [Errno 2] Unable to synchronously open file (unable to open file: name = 'dataset/SCAMPS/scamps_videos/P001060.mat', errno = 2, error message = 'No such file or directory', flags = 0, o_flags = 0)"
SCAMPS,P001061,dataset/SCAMPS/scamps_videos/P001061.mat,,,,30.000000,"FileNotFoundError: [Errno 2] Unable to synchronously open file (unable to open file: name = 'dataset/SCAMPS/scamps_videos/P001061.mat', errno = 2, error message = 'No such file or directory', flags = 0, o_flags = 0)"
SCAMPS,P001062,dataset/SCAMPS/scamps_videos/P001062.mat,,,,30.000000,"FileNotFoundError: [Errno 2] Unable to synchronously open file (unable to open file: name = 'dataset/SCAMPS/scamps_videos/P001062.mat', errno = 2, error message = 'No such file or directory', flags = 0, o_flags = 0)"
SCAMPS,P001063,dataset/SCAMPS/scamps_videos/P001063.mat,,,,30.000000,"FileNotFoundError: [Errno 2] Unable to synchronously open file (unable to open file: name = 'dataset/SCAMPS/scamps_videos/P001063.mat', errno = 2, error message = 'No such file or directory', flags = 0, o_flags = 0)"
SCAMPS,P001064,dataset/SCAMPS/scamps_videos/P001064.mat,,,,30.000000,"FileNotFoundError: [Errno 2] Unable to synchronously open file (unable to open file: name = 'dataset/SCAMPS/scamps_videos/P001064.mat', errno = 2, error message = 'No such file or directory', flags = 0, o_flags = 0)"
SCAMPS,P001065,dataset/SCAMPS/scamps_videos/P001065.mat,,,,30.000000,"FileNotFoundError: [Errno 2] Unable to synchronously open file (unable to open file: name = 'dataset/SCAMPS/scamps_videos/P001065.mat', errno = 2, error message = 'No such file or directory', flags = 0, o_flags = 0)"
SCAMPS,P001066,dataset/SCAMPS/scamps_videos/P001066.mat,,,,30.000000,"FileNotFoundError: [Errno 2] Unable to synchronously open file (unable to open file: name = 'dataset/SCAMPS/scamps_videos/P001066.mat', errno = 2, error message = 'No such file or directory', flags = 0, o_flags = 0)"
SCAMPS,P001067,dataset/SCAMPS/scamps_videos/P001067.mat,,,,30.000000,"FileNotFoundError: [Errno 2] Unable to synchronously open file (unable to open file: name = 'dataset/SCAMPS/scamps_videos/P001067.mat', errno = 2, error message = 'No such file or directory', flags = 0, o_flags = 0)"
SCAMPS,P001068,dataset/SCAMPS/scamps_videos/P001068.mat,,,,30.000000,"FileNotFoundError: [Errno 2] Unable to synchronously open file (unable to open file: name = 'dataset/SCAMPS/scamps_videos/P001068.mat', errno = 2, error message = 'No such file or directory', flags = 0, o_flags = 0)"
SCAMPS,P001069,dataset/SCAMPS/scamps_videos/P001069.mat,,,,30.000000,"FileNotFoundError: [Errno 2] Unable to synchronously open file (unable to open file: name = 'dataset/SCAMPS/scamps_videos/P001069.mat', errno = 2, error message = 'No such file or directory', flags = 0, o_flags = 0)"
SCAMPS,P001070,dataset/SCAMPS/scamps_videos/P001070.mat,,,,30.000000,"FileNotFoundError: [Errno 2] Unable to synchronously open file (unable to open file: name = 'dataset/SCAMPS/scamps_videos/P001070.mat', errno = 2, error message = 'No such file or directory', flags = 0, o_flags = 0)"
SCAMPS,P001071,dataset/SCAMPS/scamps_videos/P001071.mat,,,,30.000000,"FileNotFoundError: [Errno 2] Unable to synchronously open file (unable to open file: name = 'dataset/SCAMPS/scamps_videos/P001071.mat', errno = 2, error message = 'No such file or directory', flags = 0, o_flags = 0)"
SCAMPS,P001072,dataset/SCAMPS/scamps_videos/P001072.mat,,,,30.000000,"FileNotFoundError: [Errno 2] Unable to synchronously open file (unable to open file: name = 'dataset/SCAMPS/scamps_videos/P001072.mat', errno = 2, error message = 'No such file or directory', flags = 0, o_flags = 0)"
SCAMPS,P001073,dataset/SCAMPS/scamps_videos/P001073.mat,,,,30.000000,"FileNotFoundError: [Errno 2] Unable to synchronously open file (unable to open file: name = 'dataset/SCAMPS/scamps_videos/P001073.mat', errno = 2, error message = 'No such file or directory', flags = 0, o_flags = 0)"
SCAMPS,P001074,dataset/SCAMPS/scamps_videos/P001074.mat,,,,30.000000,"FileNotFoundError: [Errno 2] Unable to synchronously open file (unable to open file: name = 'dataset/SCAMPS/scamps_videos/P001074.mat', errno = 2, error message = 'No such file or directory', flags = 0, o_flags = 0)"
SCAMPS,P001075,dataset/SCAMPS/scamps_videos/P001075.mat,,,,30.000000,"FileNotFoundError: [Errno 2] Unable to synchronously open file (unable to open file: name = 'dataset/SCAMPS/scamps_videos/P001075.mat', errno = 2, error message = 'No such file or directory', flags = 0, o_flags = 0)"
SCAMPS,P001076,dataset/SCAMPS/scamps_videos/P001076.mat,,,,30.000000,"FileNotFoundError: [Errno 2] Unable to synchronously open file (unable to open file: name = 'dataset/SCAMPS/scamps_videos/P001076.mat', errno = 2, error message = 'No such file or directory', flags = 0, o_flags = 0)"
SCAMPS,P001077,dataset/SCAMPS/scamps_videos/P001077.mat,,,,30.000000,"FileNotFoundError: [Errno 2] Unable to synchronously open file (unable to open file: name = 'dataset/SCAMPS/scamps_videos/P001077.mat', errno = 2, error message = 'No such file or directory', flags = 0, o_flags = 0)"
SCAMPS,P001078,dataset/SCAMPS/scamps_videos/P001078.mat,,,,30.000000,"FileNotFoundError: [Errno 2] Unable to synchronously open file (unable to open file: name = 'dataset/SCAMPS/scamps_videos/P001078.mat', errno = 2, error message = 'No such file or directory', flags = 0, o_flags = 0)"
SCAMPS,P001079,dataset/SCAMPS/scamps_videos/P001079.mat,,,,30.000000,"FileNotFoundError: [Errno 2] Unable to synchronously open file (unable to open file: name = 'dataset/SCAMPS/scamps_videos/P001079.mat', errno = 2, error message = 'No such file or directory', flags = 0, o_flags = 0)"
SCAMPS,P001080,dataset/SCAMPS/scamps_videos/P001080.mat,,,,30.000000,"FileNotFoundError: [Errno 2] Unable to synchronously open file (unable to open file: name = 'dataset/SCAMPS/scamps_videos/P001080.mat', errno = 2, error message = 'No such file or directory', flags = 0, o_flags = 0)"
SCAMPS,P001081,dataset/SCAMPS/scamps_videos/P001081.mat,,,,30.000000,"FileNotFoundError: [Errno 2] Unable to synchronously open file (unable to open file: name = 'dataset/SCAMPS/scamps_videos/P001081.mat', errno = 2, error message = 'No such file or directory', flags = 0, o_flags = 0)"
SCAMPS,P001082,dataset/SCAMPS/scamps_videos/P001082.mat,,,,30.000000,"FileNotFoundError: [Errno 2] Unable to synchronously open file (unable to open file: name = 'dataset/SCAMPS/scamps_videos/P001082.mat', errno = 2, error message = 'No such file or directory', flags = 0, o_flags = 0)"
SCAMPS,P001083,dataset/SCAMPS/scamps_videos/P001083.mat,,,,30.000000,"FileNotFoundError: [Errno 2] Unable to synchronously open file (unable to open file: name = 'dataset/SCAMPS/scamps_videos/P001083.mat', errno = 2, error message = 'No such file or directory', flags = 0, o_flags = 0)"
SCAMPS,P001084,dataset/SCAMPS/scamps_videos/P001084.mat,,,,30.000000,"FileNotFoundError: [Errno 2] Unable to synchronously open file (unable to open file: name = 'dataset/SCAMPS/scamps_videos/P001084.mat', errno = 2, error message = 'No such file or directory', flags = 0, o_flags = 0)"
SCAMPS,P001085,dataset/SCAMPS/scamps_videos/P001085.mat,,,,30.000000,"FileNotFoundError: [Errno 2] Unable to synchronously open file (unable to open file: name = 'dataset/SCAMPS/scamps_videos/P001085.mat', errno = 2, error message = 'No such file or directory', flags = 0, o_flags = 0)"
SCAMPS,P001086,dataset/SCAMPS/scamps_videos/P001086.mat,,,,30.000000,"FileNotFoundError: [Errno 2] Unable to synchronously open file (unable to open file: name = 'dataset/SCAMPS/scamps_videos/P001086.mat', errno = 2, error message = 'No such file or directory', flags = 0, o_flags = 0)"
SCAMPS,P001087,dataset/SCAMPS/scamps_videos/P001087.mat,,,,30.000000,"FileNotFoundError: [Errno 2] Unable to synchronously open file (unable to open file: name = 'dataset/SCAMPS/scamps_videos/P001087.mat', errno = 2, error message = 'No such file or directory', flags = 0, o_flags = 0)"
SCAMPS,P001088,dataset/SCAMPS/scamps_videos/P001088.mat,,,,30.000000,"FileNotFoundError: [Errno 2] Unable to synchronously open file (unable to open file: name = 'dataset/SCAMPS/scamps_videos/P001088.mat', errno = 2, error message = 'No such file or directory', flags = 0, o_flags = 0)"
SCAMPS,P001089,dataset/SCAMPS/scamps_videos/P001089.mat,,,,30.000000,"FileNotFoundError: [Errno 2] Unable to synchronously open file (unable to open file: name = 'dataset/SCAMPS/scamps_videos/P001089.mat', errno = 2, error message = 'No such file or directory', flags = 0, o_flags = 0)"
SCAMPS,P001090,dataset/SCAMPS/scamps_videos/P001090.mat,,,,30.000000,"FileNotFoundError: [Errno 2] Unable to synchronously open file (unable to open file: name = 'dataset/SCAMPS/scamps_videos/P001090.mat', errno = 2, error message = 'No such file or directory', flags = 0, o_flags = 0)"
SCAMPS,P001091,dataset/SCAMPS/scamps_videos/P001091.mat,,,,30.000000,"FileNotFoundError: [Errno 2] Unable to synchronously open file (unable to open file: name = 'dataset/SCAMPS/scamps_videos/P001091.mat', errno = 2, error message = 'No such file or directory', flags = 0, o_flags = 0)"
SCAMPS,P001092,dataset/SCAMPS/scamps_videos/P001092.mat,,,,30.000000,"FileNotFoundError: [Errno 2] Unable to synchronously open file (unable to open file: name = 'dataset/SCAMPS/scamps_videos/P001092.mat', errno = 2, error message = 'No such file or directory', flags = 0, o_flags = 0)"
SCAMPS,P001093,dataset/SCAMPS/scamps_videos/P001093.mat,,,,30.000000,"FileNotFoundError: [Errno 2] Unable to synchronously open file (unable to open file: name = 'dataset/SCAMPS/scamps_videos/P001093.mat', errno = 2, error message = 'No such file or directory', flags = 0, o_flags = 0)"
SCAMPS,P001094,dataset/SCAMPS/scamps_videos/P001094.mat,,,,30.000000,"FileNotFoundError: [Errno 2] Unable to synchronously open file (unable to open file: name = 'dataset/SCAMPS/scamps_videos/P001094.mat', errno = 2, error message = 'No such file or directory', flags = 0, o_flags = 0)"
SCAMPS,P001095,dataset/SCAMPS/scamps_videos/P001095.mat,,,,30.000000,"FileNotFoundError: [Errno 2] Unable to synchronously open file (unable to open file: name = 'dataset/SCAMPS/scamps_videos/P001095.mat', errno = 2, error message = 'No such file or directory', flags = 0, o_flags = 0)"
SCAMPS,P001096,dataset/SCAMPS/scamps_videos/P001096.mat,,,,30.000000,"FileNotFoundError: [Errno 2] Unable to synchronously open file (unable to open file: name = 'dataset/SCAMPS/scamps_videos/P001096.mat', errno = 2, error message = 'No such file or directory', flags = 0, o_flags = 0)"
SCAMPS,P001097,dataset/SCAMPS/scamps_videos/P001097.mat,,,,30.000000,"FileNotFoundError: [Errno 2] Unable to synchronously open file (unable to open file: name = 'dataset/SCAMPS/scamps_videos/P001097.mat', errno = 2, error message = 'No such file or directory', flags = 0, o_flags = 0)"
SCAMPS,P001098,dataset/SCAMPS/scamps_videos/P001098.mat,,,,30.000000,"FileNotFoundError: [Errno 2] Unable to synchronously open file (unable to open file: name = 'dataset/SCAMPS/scamps_videos/P001098.mat', errno = 2, error message = 'No such file or directory', flags = 0, o_flags = 0)"
SCAMPS,P001099,dataset/SCAMPS/scamps_videos/P001099.mat,,,,30.000000,"FileNotFoundError: [Errno 2] Unable to synchronously open file (unable to open file: name = 'dataset/SCAMPS/scamps_videos/P001099.mat', errno = 2, error message = 'No such file or directory', flags = 0, o_flags = 0)"
SCAMPS,P001100,dataset/SCAMPS/scamps_videos/P001100.mat,,,,30.000000,"FileNotFoundError: [Errno 2] Unable to synchronously open file (unable to open file: name = 'dataset/SCAMPS/scamps_videos/P001100.mat', errno = 2, error message = 'No such file or directory', flags = 0, o_flags = 0)"
SCAMPS,P001101,dataset/SCAMPS/scamps_videos/P001101.mat,,,,30.000000,"FileNotFoundError: [Errno 2] Unable to synchronously open file (unable to open file: name = 'dataset/SCAMPS/scamps_videos/P001101.mat', errno = 2, error message = 'No such file or directory', flags = 0, o_flags = 0)"
SCAMPS,P001102,dataset/SCAMPS/scamps_videos/P001102.mat,,,,30.000000,"FileNotFoundError: [Errno 2] Unable to synchronously open file (unable to open file: name = 'dataset/SCAMPS/scamps_videos/P001102.mat', errno = 2, error message = 'No such file or directory', flags = 0, o_flags = 0)"
SCAMPS,P001103,dataset/SCAMPS/scamps_videos/P001103.mat,,,,30.000000,"FileNotFoundError: [Errno 2] Unable to synchronously open file (unable to open file: name = 'dataset/SCAMPS/scamps_videos/P001103.mat', errno = 2, error message = 'No such file or directory', flags = 0, o_flags = 0)"
SCAMPS,P001104,dataset/SCAMPS/scamps_videos/P001104.mat,,,,30.000000,"FileNotFoundError: [Errno 2] Unable to synchronously open file (unable to open file: name = 'dataset/SCAMPS/scamps_videos/P001104.mat', errno = 2, error message = 'No such file or directory', flags = 0, o_flags = 0)"
SCAMPS,P001105,dataset/SCAMPS/scamps_videos/P001105.mat,,,,30.000000,"FileNotFoundError: [Errno 2] Unable to synchronously open file (unable to open file: name = 'dataset/SCAMPS/scamps_videos/P001105.mat', errno = 2, error message = 'No such file or directory', flags = 0, o_flags = 0)"
SCAMPS,P001106,dataset/SCAMPS/scamps_videos/P001106.mat,,,,30.000000,"FileNotFoundError: [Errno 2] Unable to synchronously open file (unable to open file: name = 'dataset/SCAMPS/scamps_videos/P001106.mat', errno = 2, error message = 'No such file or directory', flags = 0, o_flags = 0)"
SCAMPS,P001107,dataset/SCAMPS/scamps_videos/P001107.mat,,,,30.000000,"FileNotFoundError: [Errno 2] Unable to synchronously open file (unable to open file: name = 'dataset/SCAMPS/scamps_videos/P001107.mat', errno = 2, error message = 'No such file or directory', flags = 0, o_flags = 0)"
SCAMPS,P001108,dataset/SCAMPS/scamps_videos/P001108.mat,,,,30.000000,"FileNotFoundError: [Errno 2] Unable to synchronously open file (unable to open file: name = 'dataset/SCAMPS/scamps_videos/P001108.mat', errno = 2, error message = 'No such file or directory', flags = 0, o_flags = 0)"
SCAMPS,P001109,dataset/SCAMPS/scamps_videos/P001109.mat,,,,30.000000,"FileNotFoundError: [Errno 2] Unable to synchronously open file (unable to open file: name = 'dataset/SCAMPS/scamps_videos/P001109.mat', errno = 2, error message = 'No such file or directory', flags = 0, o_flags = 0)"
SCAMPS,P001110,dataset/SCAMPS/scamps_videos/P001110.mat,,,,30.000000,"FileNotFoundError: [Errno 2] Unable to synchronously open file (unable to open file: name = 'dataset/SCAMPS/scamps_videos/P001110.mat', errno = 2, error message = 'No such file or directory', flags = 0, o_flags = 0)"
SCAMPS,P001111,dataset/SCAMPS/scamps_videos/P001111.mat,,,,30.000000,"FileNotFoundError: [Errno 2] Unable to synchronously open file (unable to open file: name = 'dataset/SCAMPS/scamps_videos/P001111.mat', errno = 2, error message = 'No such file or directory', flags = 0, o_flags = 0)"
SCAMPS,P001112,dataset/SCAMPS/scamps_videos/P001112.mat,,,,30.000000,"FileNotFoundError: [Errno 2] Unable to synchronously open file (unable to open file: name = 'dataset/SCAMPS/scamps_videos/P001112.mat', errno = 2, error message = 'No such file or directory', flags = 0, o_flags = 0)"
SCAMPS,P001113,dataset/SCAMPS/scamps_videos/P001113.mat,,,,30.000000,"FileNotFoundError: [Errno 2] Unable to synchronously open file (unable to open file: name = 'dataset/SCAMPS/scamps_videos/P001113.mat', errno = 2, error message = 'No such file or directory', flags = 0, o_flags = 0)"
SCAMPS,P001114,dataset/SCAMPS/scamps_videos/P001114.mat,,,,30.000000,"FileNotFoundError: [Errno 2] Unable to synchronously open file (unable to open file: name = 'dataset/SCAMPS/scamps_videos/P001114.mat', errno = 2, error message = 'No such file or directory', flags = 0, o_flags = 0)"
SCAMPS,P001115,dataset/SCAMPS/scamps_videos/P001115.mat,,,,30.000000,"FileNotFoundError: [Errno 2] Unable to synchronously open file (unable to open file: name = 'dataset/SCAMPS/scamps_videos/P001115.mat', errno = 2, error message = 'No such file or directory', flags = 0, o_flags = 0)"
SCAMPS,P001116,dataset/SCAMPS/scamps_videos/P001116.mat,,,,30.000000,"FileNotFoundError: [Errno 2] Unable to synchronously open file (unable to open file: name = 'dataset/SCAMPS/scamps_videos/P001116.mat', errno = 2, error message = 'No such file or directory', flags = 0, o_flags = 0)"
SCAMPS,P001117,dataset/SCAMPS/scamps_videos/P001117.mat,,,,30.000000,"FileNotFoundError: [Errno 2] Unable to synchronously open file (unable to open file: name = 'dataset/SCAMPS/scamps_videos/P001117.mat', errno = 2, error message = 'No such file or directory', flags = 0, o_flags = 0)"
SCAMPS,P001118,dataset/SCAMPS/scamps_videos/P001118.mat,,,,30.000000,"FileNotFoundError: [Errno 2] Unable to synchronously open file (unable to open file: name = 'dataset/SCAMPS/scamps_videos/P001118.mat', errno = 2, error message = 'No such file or directory', flags = 0, o_flags = 0)"
SCAMPS,P001119,dataset/SCAMPS/scamps_videos/P001119.mat,,,,30.000000,"FileNotFoundError: [Errno 2] Unable to synchronously open file (unable to open file: name = 'dataset/SCAMPS/scamps_videos/P001119.mat', errno = 2, error message = 'No such file or directory', flags = 0, o_flags = 0)"
SCAMPS,P001120,dataset/SCAMPS/scamps_videos/P001120.mat,,,,30.000000,"FileNotFoundError: [Errno 2] Unable to synchronously open file (unable to open file: name = 'dataset/SCAMPS/scamps_videos/P001120.mat', errno = 2, error message = 'No such file or directory', flags = 0, o_flags = 0)"
SCAMPS,P001121,dataset/SCAMPS/scamps_videos/P001121.mat,,,,30.000000,"FileNotFoundError: [Errno 2] Unable to synchronously open file (unable to open file: name = 'dataset/SCAMPS/scamps_videos/P001121.mat', errno = 2, error message = 'No such file or directory', flags = 0, o_flags = 0)"
SCAMPS,P001122,dataset/SCAMPS/scamps_videos/P001122.mat,,,,30.000000,"FileNotFoundError: [Errno 2] Unable to synchronously open file (unable to open file: name = 'dataset/SCAMPS/scamps_videos/P001122.mat', errno = 2, error message = 'No such file or directory', flags = 0, o_flags = 0)"
SCAMPS,P001123,dataset/SCAMPS/scamps_videos/P001123.mat,,,,30.000000,"FileNotFoundError: [Errno 2] Unable to synchronously open file (unable to open file: name = 'dataset/SCAMPS/scamps_videos/P001123.mat', errno = 2, error message = 'No such file or directory', flags = 0, o_flags = 0)"
SCAMPS,P001124,dataset/SCAMPS/scamps_videos/P001124.mat,,,,30.000000,"FileNotFoundError: [Errno 2] Unable to synchronously open file (unable to open file: name = 'dataset/SCAMPS/scamps_videos/P001124.mat', errno = 2, error message = 'No such file or directory', flags = 0, o_flags = 0)"
SCAMPS,P001125,dataset/SCAMPS/scamps_videos/P001125.mat,,,,30.000000,"FileNotFoundError: [Errno 2] Unable to synchronously open file (unable to open file: name = 'dataset/SCAMPS/scamps_videos/P001125.mat', errno = 2, error message = 'No such file or directory', flags = 0, o_flags = 0)"
SCAMPS,P001126,dataset/SCAMPS/scamps_videos/P001126.mat,,,,30.000000,"FileNotFoundError: [Errno 2] Unable to synchronously open file (unable to open file: name = 'dataset/SCAMPS/scamps_videos/P001126.mat', errno = 2, error message = 'No such file or directory', flags = 0, o_flags = 0)"
SCAMPS,P001127,dataset/SCAMPS/scamps_videos/P001127.mat,,,,30.000000,"FileNotFoundError: [Errno 2] Unable to synchronously open file (unable to open file: name = 'dataset/SCAMPS/scamps_videos/P001127.mat', errno = 2, error message = 'No such file or directory', flags = 0, o_flags = 0)"
SCAMPS,P001128,dataset/SCAMPS/scamps_videos/P001128.mat,,,,30.000000,"FileNotFoundError: [Errno 2] Unable to synchronously open file (unable to open file: name = 'dataset/SCAMPS/scamps_videos/P001128.mat', errno = 2, error message = 'No such file or directory', flags = 0, o_flags = 0)"
SCAMPS,P001129,dataset/SCAMPS/scamps_videos/P001129.mat,,,,30.000000,"FileNotFoundError: [Errno 2] Unable to synchronously open file (unable to open file: name = 'dataset/SCAMPS/scamps_videos/P001129.mat', errno = 2, error message = 'No such file or directory', flags = 0, o_flags = 0)"
SCAMPS,P001130,dataset/SCAMPS/scamps_videos/P001130.mat,,,,30.000000,"FileNotFoundError: [Errno 2] Unable to synchronously open file (unable to open file: name = 'dataset/SCAMPS/scamps_videos/P001130.mat', errno = 2, error message = 'No such file or directory', flags = 0, o_flags = 0)"
SCAMPS,P001131,dataset/SCAMPS/scamps_videos/P001131.mat,,,,30.000000,"FileNotFoundError: [Errno 2] Unable to synchronously open file (unable to open file: name = 'dataset/SCAMPS/scamps_videos/P001131.mat', errno = 2, error message = 'No such file or directory', flags = 0, o_flags = 0)"
SCAMPS,P001132,dataset/SCAMPS/scamps_videos/P001132.mat,,,,30.000000,"FileNotFoundError: [Errno 2] Unable to synchronously open file (unable to open file: name = 'dataset/SCAMPS/scamps_videos/P001132.mat', errno = 2, error message = 'No such file or directory', flags = 0, o_flags = 0)"
SCAMPS,P001133,dataset/SCAMPS/scamps_videos/P001133.mat,,,,30.000000,"FileNotFoundError: [Errno 2] Unable to synchronously open file (unable to open file: name = 'dataset/SCAMPS/scamps_videos/P001133.mat', errno = 2, error message = 'No such file or directory', flags = 0, o_flags = 0)"
SCAMPS,P001134,dataset/SCAMPS/scamps_videos/P001134.mat,,,,30.000000,"FileNotFoundError: [Errno 2] Unable to synchronously open file (unable to open file: name = 'dataset/SCAMPS/scamps_videos/P001134.mat', errno = 2, error message = 'No such file or directory', flags = 0, o_flags = 0)"
SCAMPS,P001135,dataset/SCAMPS/scamps_videos/P001135.mat,,,,30.000000,"FileNotFoundError: [Errno 2] Unable to synchronously open file (unable to open file: name = 'dataset/SCAMPS/scamps_videos/P001135.mat', errno = 2, error message = 'No such file or directory', flags = 0, o_flags = 0)"
SCAMPS,P001136,dataset/SCAMPS/scamps_videos/P001136.mat,,,,30.000000,"FileNotFoundError: [Errno 2] Unable to synchronously open file (unable to open file: name = 'dataset/SCAMPS/scamps_videos/P001136.mat', errno = 2, error message = 'No such file or directory', flags = 0, o_flags = 0)"
SCAMPS,P001137,dataset/SCAMPS/scamps_videos/P001137.mat,,,,30.000000,"FileNotFoundError: [Errno 2] Unable to synchronously open file (unable to open file: name = 'dataset/SCAMPS/scamps_videos/P001137.mat', errno = 2, error message = 'No such file or directory', flags = 0, o_flags = 0)"
SCAMPS,P001138,dataset/SCAMPS/scamps_videos/P001138.mat,,,,30.000000,"FileNotFoundError: [Errno 2] Unable to synchronously open file (unable to open file: name = 'dataset/SCAMPS/scamps_videos/P001138.mat', errno = 2, error message = 'No such file or directory', flags = 0, o_flags = 0)"
SCAMPS,P001139,dataset/SCAMPS/scamps_videos/P001139.mat,,,,30.000000,"FileNotFoundError: [Errno 2] Unable to synchronously open file (unable to open file: name = 'dataset/SCAMPS/scamps_videos/P001139.mat', errno = 2, error message = 'No such file or directory', flags = 0, o_flags = 0)"
SCAMPS,P001140,dataset/SCAMPS/scamps_videos/P001140.mat,,,,30.000000,"FileNotFoundError: [Errno 2] Unable to synchronously open file (unable to open file: name = 'dataset/SCAMPS/scamps_videos/P001140.mat', errno = 2, error message = 'No such file or directory', flags = 0, o_flags = 0)"
SCAMPS,P001141,dataset/SCAMPS/scamps_videos/P001141.mat,,,,30.000000,"FileNotFoundError: [Errno 2] Unable to synchronously open file (unable to open file: name = 'dataset/SCAMPS/scamps_videos/P001141.mat', errno = 2, error message = 'No such file or directory', flags = 0, o_flags = 0)"
SCAMPS,P001142,dataset/SCAMPS/scamps_videos/P001142.mat,,,,30.000000,"FileNotFoundError: [Errno 2] Unable to synchronously open file (unable to open file: name = 'dataset/SCAMPS/scamps_videos/P001142.mat', errno = 2, error message = 'No such file or directory', flags = 0, o_flags = 0)"
SCAMPS,P001143,dataset/SCAMPS/scamps_videos/P001143.mat,,,,30.000000,"FileNotFoundError: [Errno 2] Unable to synchronously open file (unable to open file: name = 'dataset/SCAMPS/scamps_videos/P001143.mat', errno = 2, error message = 'No such file or directory', flags = 0, o_flags = 0)"
SCAMPS,P001144,dataset/SCAMPS/scamps_videos/P001144.mat,,,,30.000000,"FileNotFoundError: [Errno 2] Unable to synchronously open file (unable to open file: name = 'dataset/SCAMPS/scamps_videos/P001144.mat', errno = 2, error message = 'No such file or directory', flags = 0, o_flags = 0)"
SCAMPS,P001145,dataset/SCAMPS/scamps_videos/P001145.mat,,,,30.000000,"FileNotFoundError: [Errno 2] Unable to synchronously open file (unable to open file: name = 'dataset/SCAMPS/scamps_videos/P001145.mat', errno = 2, error message = 'No such file or directory', flags = 0, o_flags = 0)"
SCAMPS,P001146,dataset/SCAMPS/scamps_videos/P001146.mat,,,,30.000000,"FileNotFoundError: [Errno 2] Unable to synchronously open file (unable to open file: name = 'dataset/SCAMPS/scamps_videos/P001146.mat', errno = 2, error message = 'No such file or directory', flags = 0, o_flags = 0)"
SCAMPS,P001147,dataset/SCAMPS/scamps_videos/P001147.mat,,,,30.000000,"FileNotFoundError: [Errno 2] Unable to synchronously open file (unable to open file: name = 'dataset/SCAMPS/scamps_videos/P001147.mat', errno = 2, error message = 'No such file or directory', flags = 0, o_flags = 0)"
SCAMPS,P001148,dataset/SCAMPS/scamps_videos/P001148.mat,,,,30.000000,"FileNotFoundError: [Errno 2] Unable to synchronously open file (unable to open file: name = 'dataset/SCAMPS/scamps_videos/P001148.mat', errno = 2, error message = 'No such file or directory', flags = 0, o_flags = 0)"
SCAMPS,P001149,dataset/SCAMPS/scamps_videos/P001149.mat,,,,30.000000,"FileNotFoundError: [Errno 2] Unable to synchronously open file (unable to open file: name = 'dataset/SCAMPS/scamps_videos/P001149.mat', errno = 2, error message = 'No such file or directory', flags = 0, o_flags = 0)"
SCAMPS,P001150,dataset/SCAMPS/scamps_videos/P001150.mat,,,,30.000000,"FileNotFoundError: [Errno 2] Unable to synchronously open file (unable to open file: name = 'dataset/SCAMPS/scamps_videos/P001150.mat', errno = 2, error message = 'No such file or directory', flags = 0, o_flags = 0)"
SCAMPS,P001151,dataset/SCAMPS/scamps_videos/P001151.mat,,,,30.000000,"FileNotFoundError: [Errno 2] Unable to synchronously open file (unable to open file: name = 'dataset/SCAMPS/scamps_videos/P001151.mat', errno = 2, error message = 'No such file or directory', flags = 0, o_flags = 0)"
SCAMPS,P001152,dataset/SCAMPS/scamps_videos/P001152.mat,,,,30.000000,"FileNotFoundError: [Errno 2] Unable to synchronously open file (unable to open file: name = 'dataset/SCAMPS/scamps_videos/P001152.mat', errno = 2, error message = 'No such file or directory', flags = 0, o_flags = 0)"
SCAMPS,P001153,dataset/SCAMPS/scamps_videos/P001153.mat,,,,30.000000,"FileNotFoundError: [Errno 2] Unable to synchronously open file (unable to open file: name = 'dataset/SCAMPS/scamps_videos/P001153.mat', errno = 2, error message = 'No such file or directory', flags = 0, o_flags = 0)"
SCAMPS,P001154,dataset/SCAMPS/scamps_videos/P001154.mat,,,,30.000000,"FileNotFoundError: [Errno 2] Unable to synchronously open file (unable to open file: name = 'dataset/SCAMPS/scamps_videos/P001154.mat', errno = 2, error message = 'No such file or directory', flags = 0, o_flags = 0)"
SCAMPS,P001155,dataset/SCAMPS/scamps_videos/P001155.mat,,,,30.000000,"FileNotFoundError: [Errno 2] Unable to synchronously open file (unable to open file: name = 'dataset/SCAMPS/scamps_videos/P001155.mat', errno = 2, error message = 'No such file or directory', flags = 0, o_flags = 0)"
SCAMPS,P001156,dataset/SCAMPS/scamps_videos/P001156.mat,,,,30.000000,"FileNotFoundError: [Errno 2] Unable to synchronously open file (unable to open file: name = 'dataset/SCAMPS/scamps_videos/P001156.mat', errno = 2, error message = 'No such file or directory', flags = 0, o_flags = 0)"
SCAMPS,P001157,dataset/SCAMPS/scamps_videos/P001157.mat,,,,30.000000,"FileNotFoundError: [Errno 2] Unable to synchronously open file (unable to open file: name = 'dataset/SCAMPS/scamps_videos/P001157.mat', errno = 2, error message = 'No such file or directory', flags = 0, o_flags = 0)"
SCAMPS,P001158,dataset/SCAMPS/scamps_videos/P001158.mat,,,,30.000000,"FileNotFoundError: [Errno 2] Unable to synchronously open file (unable to open file: name = 'dataset/SCAMPS/scamps_videos/P001158.mat', errno = 2, error message = 'No such file or directory', flags = 0, o_flags = 0)"
SCAMPS,P001159,dataset/SCAMPS/scamps_videos/P001159.mat,,,,30.000000,"FileNotFoundError: [Errno 2] Unable to synchronously open file (unable to open file: name = 'dataset/SCAMPS/scamps_videos/P001159.mat', errno = 2, error message = 'No such file or directory', flags = 0, o_flags = 0)"
SCAMPS,P001160,dataset/SCAMPS/scamps_videos/P001160.mat,,,,30.000000,"FileNotFoundError: [Errno 2] Unable to synchronously open file (unable to open file: name = 'dataset/SCAMPS/scamps_videos/P001160.mat', errno = 2, error message = 'No such file or directory', flags = 0, o_flags = 0)"
SCAMPS,P001161,dataset/SCAMPS/scamps_videos/P001161.mat,,,,30.000000,"FileNotFoundError: [Errno 2] Unable to synchronously open file (unable to open file: name = 'dataset/SCAMPS/scamps_videos/P001161.mat', errno = 2, error message = 'No such file or directory', flags = 0, o_flags = 0)"
SCAMPS,P001162,dataset/SCAMPS/scamps_videos/P001162.mat,,,,30.000000,"FileNotFoundError: [Errno 2] Unable to synchronously open file (unable to open file: name = 'dataset/SCAMPS/scamps_videos/P001162.mat', errno = 2, error message = 'No such file or directory', flags = 0, o_flags = 0)"
SCAMPS,P001163,dataset/SCAMPS/scamps_videos/P001163.mat,,,,30.000000,"FileNotFoundError: [Errno 2] Unable to synchronously open file (unable to open file: name = 'dataset/SCAMPS/scamps_videos/P001163.mat', errno = 2, error message = 'No such file or directory', flags = 0, o_flags = 0)"
SCAMPS,P001164,dataset/SCAMPS/scamps_videos/P001164.mat,,,,30.000000,"FileNotFoundError: [Errno 2] Unable to synchronously open file (unable to open file: name = 'dataset/SCAMPS/scamps_videos/P001164.mat', errno = 2, error message = 'No such file or directory', flags = 0, o_flags = 0)"
SCAMPS,P001165,dataset/SCAMPS/scamps_videos/P001165.mat,,,,30.000000,"FileNotFoundError: [Errno 2] Unable to synchronously open file (unable to open file: name = 'dataset/SCAMPS/scamps_videos/P001165.mat', errno = 2, error message = 'No such file or directory', flags = 0, o_flags = 0)"
SCAMPS,P001166,dataset/SCAMPS/scamps_videos/P001166.mat,,,,30.000000,"FileNotFoundError: [Errno 2] Unable to synchronously open file (unable to open file: name = 'dataset/SCAMPS/scamps_videos/P001166.mat', errno = 2, error message = 'No such file or directory', flags = 0, o_flags = 0)"
SCAMPS,P001167,dataset/SCAMPS/scamps_videos/P001167.mat,,,,30.000000,"FileNotFoundError: [Errno 2] Unable to synchronously open file (unable to open file: name = 'dataset/SCAMPS/scamps_videos/P001167.mat', errno = 2, error message = 'No such file or directory', flags = 0, o_flags = 0)"
SCAMPS,P001168,dataset/SCAMPS/scamps_videos/P001168.mat,,,,30.000000,"FileNotFoundError: [Errno 2] Unable to synchronously open file (unable to open file: name = 'dataset/SCAMPS/scamps_videos/P001168.mat', errno = 2, error message = 'No such file or directory', flags = 0, o_flags = 0)"
SCAMPS,P001169,dataset/SCAMPS/scamps_videos/P001169.mat,,,,30.000000,"FileNotFoundError: [Errno 2] Unable to synchronously open file (unable to open file: name = 'dataset/SCAMPS/scamps_videos/P001169.mat', errno = 2, error message = 'No such file or directory', flags = 0, o_flags = 0)"
SCAMPS,P001170,dataset/SCAMPS/scamps_videos/P001170.mat,,,,30.000000,"FileNotFoundError: [Errno 2] Unable to synchronously open file (unable to open file: name = 'dataset/SCAMPS/scamps_videos/P001170.mat', errno = 2, error message = 'No such file or directory', flags = 0, o_flags = 0)"
SCAMPS,P001171,dataset/SCAMPS/scamps_videos/P001171.mat,,,,30.000000,"FileNotFoundError: [Errno 2] Unable to synchronously open file (unable to open file: name = 'dataset/SCAMPS/scamps_videos/P001171.mat', errno = 2, error message = 'No such file or directory', flags = 0, o_flags = 0)"
SCAMPS,P001172,dataset/SCAMPS/scamps_videos/P001172.mat,,,,30.000000,"FileNotFoundError: [Errno 2] Unable to synchronously open file (unable to open file: name = 'dataset/SCAMPS/scamps_videos/P001172.mat', errno = 2, error message = 'No such file or directory', flags = 0, o_flags = 0)"
SCAMPS,P001173,dataset/SCAMPS/scamps_videos/P001173.mat,,,,30.000000,"FileNotFoundError: [Errno 2] Unable to synchronously open file (unable to open file: name = 'dataset/SCAMPS/scamps_videos/P001173.mat', errno = 2, error message = 'No such file or directory', flags = 0, o_flags = 0)"
SCAMPS,P001174,dataset/SCAMPS/scamps_videos/P001174.mat,,,,30.000000,"FileNotFoundError: [Errno 2] Unable to synchronously open file (unable to open file: name = 'dataset/SCAMPS/scamps_videos/P001174.mat', errno = 2, error message = 'No such file or directory', flags = 0, o_flags = 0)"
SCAMPS,P001175,dataset/SCAMPS/scamps_videos/P001175.mat,,,,30.000000,"FileNotFoundError: [Errno 2] Unable to synchronously open file (unable to open file: name = 'dataset/SCAMPS/scamps_videos/P001175.mat', errno = 2, error message = 'No such file or directory', flags = 0, o_flags = 0)"
SCAMPS,P001176,dataset/SCAMPS/scamps_videos/P001176.mat,,,,30.000000,"FileNotFoundError: [Errno 2] Unable to synchronously open file (unable to open file: name = 'dataset/SCAMPS/scamps_videos/P001176.mat', errno = 2, error message = 'No such file or directory', flags = 0, o_flags = 0)"
SCAMPS,P001177,dataset/SCAMPS/scamps_videos/P001177.mat,,,,30.000000,"FileNotFoundError: [Errno 2] Unable to synchronously open file (unable to open file: name = 'dataset/SCAMPS/scamps_videos/P001177.mat', errno = 2, error message = 'No such file or directory', flags = 0, o_flags = 0)"
SCAMPS,P001178,dataset/SCAMPS/scamps_videos/P001178.mat,,,,30.000000,"FileNotFoundError: [Errno 2] Unable to synchronously open file (unable to open file: name = 'dataset/SCAMPS/scamps_videos/P001178.mat', errno = 2, error message = 'No such file or directory', flags = 0, o_flags = 0)"
SCAMPS,P001179,dataset/SCAMPS/scamps_videos/P001179.mat,,,,30.000000,"FileNotFoundError: [Errno 2] Unable to synchronously open file (unable to open file: name = 'dataset/SCAMPS/scamps_videos/P001179.mat', errno = 2, error message = 'No such file or directory', flags = 0, o_flags = 0)"
SCAMPS,P001180,dataset/SCAMPS/scamps_videos/P001180.mat,,,,30.000000,"FileNotFoundError: [Errno 2] Unable to synchronously open file (unable to open file: name = 'dataset/SCAMPS/scamps_videos/P001180.mat', errno = 2, error message = 'No such file or directory', flags = 0, o_flags = 0)"
SCAMPS,P001181,dataset/SCAMPS/scamps_videos/P001181.mat,,,,30.000000,"FileNotFoundError: [Errno 2] Unable to synchronously open file (unable to open file: name = 'dataset/SCAMPS/scamps_videos/P001181.mat', errno = 2, error message = 'No such file or directory', flags = 0, o_flags = 0)"
SCAMPS,P001182,dataset/SCAMPS/scamps_videos/P001182.mat,,,,30.000000,"FileNotFoundError: [Errno 2] Unable to synchronously open file (unable to open file: name = 'dataset/SCAMPS/scamps_videos/P001182.mat', errno = 2, error message = 'No such file or directory', flags = 0, o_flags = 0)"
SCAMPS,P001183,dataset/SCAMPS/scamps_videos/P001183.mat,,,,30.000000,"FileNotFoundError: [Errno 2] Unable to synchronously open file (unable to open file: name = 'dataset/SCAMPS/scamps_videos/P001183.mat', errno = 2, error message = 'No such file or directory', flags = 0, o_flags = 0)"
SCAMPS,P001184,dataset/SCAMPS/scamps_videos/P001184.mat,,,,30.000000,"FileNotFoundError: [Errno 2] Unable to synchronously open file (unable to open file: name = 'dataset/SCAMPS/scamps_videos/P001184.mat', errno = 2, error message = 'No such file or directory', flags = 0, o_flags = 0)"
SCAMPS,P001185,dataset/SCAMPS/scamps_videos/P001185.mat,,,,30.000000,"FileNotFoundError: [Errno 2] Unable to synchronously open file (unable to open file: name = 'dataset/SCAMPS/scamps_videos/P001185.mat', errno = 2, error message = 'No such file or directory', flags = 0, o_flags = 0)"
SCAMPS,P001186,dataset/SCAMPS/scamps_videos/P001186.mat,,,,30.000000,"FileNotFoundError: [Errno 2] Unable to synchronously open file (unable to open file: name = 'dataset/SCAMPS/scamps_videos/P001186.mat', errno = 2, error message = 'No such file or directory', flags = 0, o_flags = 0)"
SCAMPS,P001187,dataset/SCAMPS/scamps_videos/P001187.mat,,,,30.000000,"FileNotFoundError: [Errno 2] Unable to synchronously open file (unable to open file: name = 'dataset/SCAMPS/scamps_videos/P001187.mat', errno = 2, error message = 'No such file or directory', flags = 0, o_flags = 0)"
SCAMPS,P001188,dataset/SCAMPS/scamps_videos/P001188.mat,,,,30.000000,"FileNotFoundError: [Errno 2] Unable to synchronously open file (unable to open file: name = 'dataset/SCAMPS/scamps_videos/P001188.mat', errno = 2, error message = 'No such file or directory', flags = 0, o_flags = 0)"
SCAMPS,P001189,dataset/SCAMPS/scamps_videos/P001189.mat,,,,30.000000,"FileNotFoundError: [Errno 2] Unable to synchronously open file (unable to open file: name = 'dataset/SCAMPS/scamps_videos/P001189.mat', errno = 2, error message = 'No such file or directory', flags = 0, o_flags = 0)"
SCAMPS,P001190,dataset/SCAMPS/scamps_videos/P001190.mat,,,,30.000000,"FileNotFoundError: [Errno 2] Unable to synchronously open file (unable to open file: name = 'dataset/SCAMPS/scamps_videos/P001190.mat', errno = 2, error message = 'No such file or directory', flags = 0, o_flags = 0)"
SCAMPS,P001191,dataset/SCAMPS/scamps_videos/P001191.mat,,,,30.000000,"FileNotFoundError: [Errno 2] Unable to synchronously open file (unable to open file: name = 'dataset/SCAMPS/scamps_videos/P001191.mat', errno = 2, error message = 'No such file or directory', flags = 0, o_flags = 0)"
SCAMPS,P001192,dataset/SCAMPS/scamps_videos/P001192.mat,,,,30.000000,"FileNotFoundError: [Errno 2] Unable to synchronously open file (unable to open file: name = 'dataset/SCAMPS/scamps_videos/P001192.mat', errno = 2, error message = 'No such file or directory', flags = 0, o_flags = 0)"
SCAMPS,P001193,dataset/SCAMPS/scamps_videos/P001193.mat,,,,30.000000,"FileNotFoundError: [Errno 2] Unable to synchronously open file (unable to open file: name = 'dataset/SCAMPS/scamps_videos/P001193.mat', errno = 2, error message = 'No such file or directory', flags = 0, o_flags = 0)"
SCAMPS,P001194,dataset/SCAMPS/scamps_videos/P001194.mat,,,,30.000000,"FileNotFoundError: [Errno 2] Unable to synchronously open file (unable to open file: name = 'dataset/SCAMPS/scamps_videos/P001194.mat', errno = 2, error message = 'No such file or directory', flags = 0, o_flags = 0)"
SCAMPS,P001195,dataset/SCAMPS/scamps_videos/P001195.mat,,,,30.000000,"FileNotFoundError: [Errno 2] Unable to synchronously open file (unable to open file: name = 'dataset/SCAMPS/scamps_videos/P001195.mat', errno = 2, error message = 'No such file or directory', flags = 0, o_flags = 0)"
SCAMPS,P001196,dataset/SCAMPS/scamps_videos/P001196.mat,,,,30.000000,"FileNotFoundError: [Errno 2] Unable to synchronously open file (unable to open file: name = 'dataset/SCAMPS/scamps_videos/P001196.mat', errno = 2, error message = 'No such file or directory', flags = 0, o_flags = 0)"
SCAMPS,P001197,dataset/SCAMPS/scamps_videos/P001197.mat,,,,30.000000,"FileNotFoundError: [Errno 2] Unable to synchronously open file (unable to open file: name = 'dataset/SCAMPS/scamps_videos/P001197.mat', errno = 2, error message = 'No such file or directory', flags = 0, o_flags = 0)"
SCAMPS,P001198,dataset/SCAMPS/scamps_videos/P001198.mat,,,,30.000000,"FileNotFoundError: [Errno 2] Unable to synchronously open file (unable to open file: name = 'dataset/SCAMPS/scamps_videos/P001198.mat', errno = 2, error message = 'No such file or directory', flags = 0, o_flags = 0)"
SCAMPS,P001199,dataset/SCAMPS/scamps_videos/P001199.mat,,,,30.000000,"FileNotFoundError: [Errno 2] Unable to synchronously open file (unable to open file: name = 'dataset/SCAMPS/scamps_videos/P001199.mat', errno = 2, error message = 'No such file or directory', flags = 0, o_flags = 0)"
SCAMPS,P001200,dataset/SCAMPS/scamps_videos/P001200.mat,,,,30.000000,"FileNotFoundError: [Errno 2] Unable to synchronously open file (unable to open file: name = 'dataset/SCAMPS/scamps_videos/P001200.mat', errno = 2, error message = 'No such file or directory', flags = 0, o_flags = 0)"
SCAMPS,P001201,dataset/SCAMPS/scamps_videos/P001201.mat,,,,30.000000,"FileNotFoundError: [Errno 2] Unable to synchronously open file (unable to open file: name = 'dataset/SCAMPS/scamps_videos/P001201.mat', errno = 2, error message = 'No such file or directory', flags = 0, o_flags = 0)"
SCAMPS,P001202,dataset/SCAMPS/scamps_videos/P001202.mat,,,,30.000000,"FileNotFoundError: [Errno 2] Unable to synchronously open file (unable to open file: name = 'dataset/SCAMPS/scamps_videos/P001202.mat', errno = 2, error message = 'No such file or directory', flags = 0, o_flags = 0)"
SCAMPS,P001203,dataset/SCAMPS/scamps_videos/P001203.mat,,,,30.000000,"FileNotFoundError: [Errno 2] Unable to synchronously open file (unable to open file: name = 'dataset/SCAMPS/scamps_videos/P001203.mat', errno = 2, error message = 'No such file or directory', flags = 0, o_flags = 0)"
SCAMPS,P001204,dataset/SCAMPS/scamps_videos/P001204.mat,,,,30.000000,"FileNotFoundError: [Errno 2] Unable to synchronously open file (unable to open file: name = 'dataset/SCAMPS/scamps_videos/P001204.mat', errno = 2, error message = 'No such file or directory', flags = 0, o_flags = 0)"
SCAMPS,P001205,dataset/SCAMPS/scamps_videos/P001205.mat,,,,30.000000,"FileNotFoundError: [Errno 2] Unable to synchronously open file (unable to open file: name = 'dataset/SCAMPS/scamps_videos/P001205.mat', errno = 2, error message = 'No such file or directory', flags = 0, o_flags = 0)"
SCAMPS,P001206,dataset/SCAMPS/scamps_videos/P001206.mat,,,,30.000000,"FileNotFoundError: [Errno 2] Unable to synchronously open file (unable to open file: name = 'dataset/SCAMPS/scamps_videos/P001206.mat', errno = 2, error message = 'No such file or directory', flags = 0, o_flags = 0)"
SCAMPS,P001207,dataset/SCAMPS/scamps_videos/P001207.mat,,,,30.000000,"FileNotFoundError: [Errno 2] Unable to synchronously open file (unable to open file: name = 'dataset/SCAMPS/scamps_videos/P001207.mat', errno = 2, error message = 'No such file or directory', flags = 0, o_flags = 0)"
SCAMPS,P001208,dataset/SCAMPS/scamps_videos/P001208.mat,,,,30.000000,"FileNotFoundError: [Errno 2] Unable to synchronously open file (unable to open file: name = 'dataset/SCAMPS/scamps_videos/P001208.mat', errno = 2, error message = 'No such file or directory', flags = 0, o_flags = 0)"
SCAMPS,P001209,dataset/SCAMPS/scamps_videos/P001209.mat,,,,30.000000,"FileNotFoundError: [Errno 2] Unable to synchronously open file (unable to open file: name = 'dataset/SCAMPS/scamps_videos/P001209.mat', errno = 2, error message = 'No such file or directory', flags = 0, o_flags = 0)"
SCAMPS,P001210,dataset/SCAMPS/scamps_videos/P001210.mat,,,,30.000000,"FileNotFoundError: [Errno 2] Unable to synchronously open file (unable to open file: name = 'dataset/SCAMPS/scamps_videos/P001210.mat', errno = 2, error message = 'No such file or directory', flags = 0, o_flags = 0)"
SCAMPS,P001211,dataset/SCAMPS/scamps_videos/P001211.mat,,,,30.000000,"FileNotFoundError: [Errno 2] Unable to synchronously open file (unable to open file: name = 'dataset/SCAMPS/scamps_videos/P001211.mat', errno = 2, error message = 'No such file or directory', flags = 0, o_flags = 0)"
SCAMPS,P001212,dataset/SCAMPS/scamps_videos/P001212.mat,,,,30.000000,"FileNotFoundError: [Errno 2] Unable to synchronously open file (unable to open file: name = 'dataset/SCAMPS/scamps_videos/P001212.mat', errno = 2, error message = 'No such file or directory', flags = 0, o_flags = 0)"
SCAMPS,P001213,dataset/SCAMPS/scamps_videos/P001213.mat,,,,30.000000,"FileNotFoundError: [Errno 2] Unable to synchronously open file (unable to open file: name = 'dataset/SCAMPS/scamps_videos/P001213.mat', errno = 2, error message = 'No such file or directory', flags = 0, o_flags = 0)"
SCAMPS,P001214,dataset/SCAMPS/scamps_videos/P001214.mat,,,,30.000000,"FileNotFoundError: [Errno 2] Unable to synchronously open file (unable to open file: name = 'dataset/SCAMPS/scamps_videos/P001214.mat', errno = 2, error message = 'No such file or directory', flags = 0, o_flags = 0)"
SCAMPS,P001215,dataset/SCAMPS/scamps_videos/P001215.mat,,,,30.000000,"FileNotFoundError: [Errno 2] Unable to synchronously open file (unable to open file: name = 'dataset/SCAMPS/scamps_videos/P001215.mat', errno = 2, error message = 'No such file or directory', flags = 0, o_flags = 0)"
SCAMPS,P001216,dataset/SCAMPS/scamps_videos/P001216.mat,,,,30.000000,"FileNotFoundError: [Errno 2] Unable to synchronously open file (unable to open file: name = 'dataset/SCAMPS/scamps_videos/P001216.mat', errno = 2, error message = 'No such file or directory', flags = 0, o_flags = 0)"
SCAMPS,P001217,dataset/SCAMPS/scamps_videos/P001217.mat,,,,30.000000,"FileNotFoundError: [Errno 2] Unable to synchronously open file (unable to open file: name = 'dataset/SCAMPS/scamps_videos/P001217.mat', errno = 2, error message = 'No such file or directory', flags = 0, o_flags = 0)"
SCAMPS,P001218,dataset/SCAMPS/scamps_videos/P001218.mat,,,,30.000000,"FileNotFoundError: [Errno 2] Unable to synchronously open file (unable to open file: name = 'dataset/SCAMPS/scamps_videos/P001218.mat', errno = 2, error message = 'No such file or directory', flags = 0, o_flags = 0)"
SCAMPS,P001219,dataset/SCAMPS/scamps_videos/P001219.mat,,,,30.000000,"FileNotFoundError: [Errno 2] Unable to synchronously open file (unable to open file: name = 'dataset/SCAMPS/scamps_videos/P001219.mat', errno = 2, error message = 'No such file or directory', flags = 0, o_flags = 0)"
SCAMPS,P001220,dataset/SCAMPS/scamps_videos/P001220.mat,,,,30.000000,"FileNotFoundError: [Errno 2] Unable to synchronously open file (unable to open file: name = 'dataset/SCAMPS/scamps_videos/P001220.mat', errno = 2, error message = 'No such file or directory', flags = 0, o_flags = 0)"
SCAMPS,P001221,dataset/SCAMPS/scamps_videos/P001221.mat,,,,30.000000,"FileNotFoundError: [Errno 2] Unable to synchronously open file (unable to open file: name = 'dataset/SCAMPS/scamps_videos/P001221.mat', errno = 2, error message = 'No such file or directory', flags = 0, o_flags = 0)"
SCAMPS,P001222,dataset/SCAMPS/scamps_videos/P001222.mat,,,,30.000000,"FileNotFoundError: [Errno 2] Unable to synchronously open file (unable to open file: name = 'dataset/SCAMPS/scamps_videos/P001222.mat', errno = 2, error message = 'No such file or directory', flags = 0, o_flags = 0)"
SCAMPS,P001223,dataset/SCAMPS/scamps_videos/P001223.mat,,,,30.000000,"FileNotFoundError: [Errno 2] Unable to synchronously open file (unable to open file: name = 'dataset/SCAMPS/scamps_videos/P001223.mat', errno = 2, error message = 'No such file or directory', flags = 0, o_flags = 0)"
SCAMPS,P001224,dataset/SCAMPS/scamps_videos/P001224.mat,,,,30.000000,"FileNotFoundError: [Errno 2] Unable to synchronously open file (unable to open file: name = 'dataset/SCAMPS/scamps_videos/P001224.mat', errno = 2, error message = 'No such file or directory', flags = 0, o_flags = 0)"
SCAMPS,P001225,dataset/SCAMPS/scamps_videos/P001225.mat,,,,30.000000,"FileNotFoundError: [Errno 2] Unable to synchronously open file (unable to open file: name = 'dataset/SCAMPS/scamps_videos/P001225.mat', errno = 2, error message = 'No such file or directory', flags = 0, o_flags = 0)"
SCAMPS,P001226,dataset/SCAMPS/scamps_videos/P001226.mat,,,,30.000000,"FileNotFoundError: [Errno 2] Unable to synchronously open file (unable to open file: name = 'dataset/SCAMPS/scamps_videos/P001226.mat', errno = 2, error message = 'No such file or directory', flags = 0, o_flags = 0)"
SCAMPS,P001227,dataset/SCAMPS/scamps_videos/P001227.mat,,,,30.000000,"FileNotFoundError: [Errno 2] Unable to synchronously open file (unable to open file: name = 'dataset/SCAMPS/scamps_videos/P001227.mat', errno = 2, error message = 'No such file or directory', flags = 0, o_flags = 0)"
SCAMPS,P001228,dataset/SCAMPS/scamps_videos/P001228.mat,,,,30.000000,"FileNotFoundError: [Errno 2] Unable to synchronously open file (unable to open file: name = 'dataset/SCAMPS/scamps_videos/P001228.mat', errno = 2, error message = 'No such file or directory', flags = 0, o_flags = 0)"
SCAMPS,P001229,dataset/SCAMPS/scamps_videos/P001229.mat,,,,30.000000,"FileNotFoundError: [Errno 2] Unable to synchronously open file (unable to open file: name = 'dataset/SCAMPS/scamps_videos/P001229.mat', errno = 2, error message = 'No such file or directory', flags = 0, o_flags = 0)"
SCAMPS,P001230,dataset/SCAMPS/scamps_videos/P001230.mat,,,,30.000000,"FileNotFoundError: [Errno 2] Unable to synchronously open file (unable to open file: name = 'dataset/SCAMPS/scamps_videos/P001230.mat', errno = 2, error message = 'No such file or directory', flags = 0, o_flags = 0)"
SCAMPS,P001231,dataset/SCAMPS/scamps_videos/P001231.mat,,,,30.000000,"FileNotFoundError: [Errno 2] Unable to synchronously open file (unable to open file: name = 'dataset/SCAMPS/scamps_videos/P001231.mat', errno = 2, error message = 'No such file or directory', flags = 0, o_flags = 0)"
SCAMPS,P001232,dataset/SCAMPS/scamps_videos/P001232.mat,,,,30.000000,"FileNotFoundError: [Errno 2] Unable to synchronously open file (unable to open file: name = 'dataset/SCAMPS/scamps_videos/P001232.mat', errno = 2, error message = 'No such file or directory', flags = 0, o_flags = 0)"
SCAMPS,P001233,dataset/SCAMPS/scamps_videos/P001233.mat,,,,30.000000,"FileNotFoundError: [Errno 2] Unable to synchronously open file (unable to open file: name = 'dataset/SCAMPS/scamps_videos/P001233.mat', errno = 2, error message = 'No such file or directory', flags = 0, o_flags = 0)"
SCAMPS,P001234,dataset/SCAMPS/scamps_videos/P001234.mat,,,,30.000000,"FileNotFoundError: [Errno 2] Unable to synchronously open file (unable to open file: name = 'dataset/SCAMPS/scamps_videos/P001234.mat', errno = 2, error message = 'No such file or directory', flags = 0, o_flags = 0)"
SCAMPS,P001235,dataset/SCAMPS/scamps_videos/P001235.mat,,,,30.000000,"FileNotFoundError: [Errno 2] Unable to synchronously open file (unable to open file: name = 'dataset/SCAMPS/scamps_videos/P001235.mat', errno = 2, error message = 'No such file or directory', flags = 0, o_flags = 0)"
SCAMPS,P001236,dataset/SCAMPS/scamps_videos/P001236.mat,,,,30.000000,"FileNotFoundError: [Errno 2] Unable to synchronously open file (unable to open file: name = 'dataset/SCAMPS/scamps_videos/P001236.mat', errno = 2, error message = 'No such file or directory', flags = 0, o_flags = 0)"
SCAMPS,P001237,dataset/SCAMPS/scamps_videos/P001237.mat,,,,30.000000,"FileNotFoundError: [Errno 2] Unable to synchronously open file (unable to open file: name = 'dataset/SCAMPS/scamps_videos/P001237.mat', errno = 2, error message = 'No such file or directory', flags = 0, o_flags = 0)"
SCAMPS,P001238,dataset/SCAMPS/scamps_videos/P001238.mat,,,,30.000000,"FileNotFoundError: [Errno 2] Unable to synchronously open file (unable to open file: name = 'dataset/SCAMPS/scamps_videos/P001238.mat', errno = 2, error message = 'No such file or directory', flags = 0, o_flags = 0)"
SCAMPS,P001239,dataset/SCAMPS/scamps_videos/P001239.mat,,,,30.000000,"FileNotFoundError: [Errno 2] Unable to synchronously open file (unable to open file: name = 'dataset/SCAMPS/scamps_videos/P001239.mat', errno = 2, error message = 'No such file or directory', flags = 0, o_flags = 0)"
SCAMPS,P001240,dataset/SCAMPS/scamps_videos/P001240.mat,,,,30.000000,"FileNotFoundError: [Errno 2] Unable to synchronously open file (unable to open file: name = 'dataset/SCAMPS/scamps_videos/P001240.mat', errno = 2, error message = 'No such file or directory', flags = 0, o_flags = 0)"
SCAMPS,P001241,dataset/SCAMPS/scamps_videos/P001241.mat,,,,30.000000,"FileNotFoundError: [Errno 2] Unable to synchronously open file (unable to open file: name = 'dataset/SCAMPS/scamps_videos/P001241.mat', errno = 2, error message = 'No such file or directory', flags = 0, o_flags = 0)"
SCAMPS,P001242,dataset/SCAMPS/scamps_videos/P001242.mat,,,,30.000000,"FileNotFoundError: [Errno 2] Unable to synchronously open file (unable to open file: name = 'dataset/SCAMPS/scamps_videos/P001242.mat', errno = 2, error message = 'No such file or directory', flags = 0, o_flags = 0)"
SCAMPS,P001243,dataset/SCAMPS/scamps_videos/P001243.mat,,,,30.000000,"FileNotFoundError: [Errno 2] Unable to synchronously open file (unable to open file: name = 'dataset/SCAMPS/scamps_videos/P001243.mat', errno = 2, error message = 'No such file or directory', flags = 0, o_flags = 0)"
SCAMPS,P001244,dataset/SCAMPS/scamps_videos/P001244.mat,,,,30.000000,"FileNotFoundError: [Errno 2] Unable to synchronously open file (unable to open file: name = 'dataset/SCAMPS/scamps_videos/P001244.mat', errno = 2, error message = 'No such file or directory', flags = 0, o_flags = 0)"
SCAMPS,P001245,dataset/SCAMPS/scamps_videos/P001245.mat,,,,30.000000,"FileNotFoundError: [Errno 2] Unable to synchronously open file (unable to open file: name = 'dataset/SCAMPS/scamps_videos/P001245.mat', errno = 2, error message = 'No such file or directory', flags = 0, o_flags = 0)"
SCAMPS,P001246,dataset/SCAMPS/scamps_videos/P001246.mat,,,,30.000000,"FileNotFoundError: [Errno 2] Unable to synchronously open file (unable to open file: name = 'dataset/SCAMPS/scamps_videos/P001246.mat', errno = 2, error message = 'No such file or directory', flags = 0, o_flags = 0)"
SCAMPS,P001247,dataset/SCAMPS/scamps_videos/P001247.mat,,,,30.000000,"FileNotFoundError: [Errno 2] Unable to synchronously open file (unable to open file: name = 'dataset/SCAMPS/scamps_videos/P001247.mat', errno = 2, error message = 'No such file or directory', flags = 0, o_flags = 0)"
SCAMPS,P001248,dataset/SCAMPS/scamps_videos/P001248.mat,,,,30.000000,"FileNotFoundError: [Errno 2] Unable to synchronously open file (unable to open file: name = 'dataset/SCAMPS/scamps_videos/P001248.mat', errno = 2, error message = 'No such file or directory', flags = 0, o_flags = 0)"
SCAMPS,P001249,dataset/SCAMPS/scamps_videos/P001249.mat,,,,30.000000,"FileNotFoundError: [Errno 2] Unable to synchronously open file (unable to open file: name = 'dataset/SCAMPS/scamps_videos/P001249.mat', errno = 2, error message = 'No such file or directory', flags = 0, o_flags = 0)"
SCAMPS,P001250,dataset/SCAMPS/scamps_videos/P001250.mat,,,,30.000000,"FileNotFoundError: [Errno 2] Unable to synchronously open file (unable to open file: name = 'dataset/SCAMPS/scamps_videos/P001250.mat', errno = 2, error message = 'No such file or directory', flags = 0, o_flags = 0)"
SCAMPS,P001251,dataset/SCAMPS/scamps_videos/P001251.mat,,,,30.000000,"FileNotFoundError: [Errno 2] Unable to synchronously open file (unable to open file: name = 'dataset/SCAMPS/scamps_videos/P001251.mat', errno = 2, error message = 'No such file or directory', flags = 0, o_flags = 0)"
SCAMPS,P001252,dataset/SCAMPS/scamps_videos/P001252.mat,,,,30.000000,"FileNotFoundError: [Errno 2] Unable to synchronously open file (unable to open file: name = 'dataset/SCAMPS/scamps_videos/P001252.mat', errno = 2, error message = 'No such file or directory', flags = 0, o_flags = 0)"
SCAMPS,P001253,dataset/SCAMPS/scamps_videos/P001253.mat,,,,30.000000,"FileNotFoundError: [Errno 2] Unable to synchronously open file (unable to open file: name = 'dataset/SCAMPS/scamps_videos/P001253.mat', errno = 2, error message = 'No such file or directory', flags = 0, o_flags = 0)"
SCAMPS,P001254,dataset/SCAMPS/scamps_videos/P001254.mat,,,,30.000000,"FileNotFoundError: [Errno 2] Unable to synchronously open file (unable to open file: name = 'dataset/SCAMPS/scamps_videos/P001254.mat', errno = 2, error message = 'No such file or directory', flags = 0, o_flags = 0)"
SCAMPS,P001255,dataset/SCAMPS/scamps_videos/P001255.mat,,,,30.000000,"FileNotFoundError: [Errno 2] Unable to synchronously open file (unable to open file: name = 'dataset/SCAMPS/scamps_videos/P001255.mat', errno = 2, error message = 'No such file or directory', flags = 0, o_flags = 0)"
SCAMPS,P001256,dataset/SCAMPS/scamps_videos/P001256.mat,,,,30.000000,"FileNotFoundError: [Errno 2] Unable to synchronously open file (unable to open file: name = 'dataset/SCAMPS/scamps_videos/P001256.mat', errno = 2, error message = 'No such file or directory', flags = 0, o_flags = 0)"
SCAMPS,P001257,dataset/SCAMPS/scamps_videos/P001257.mat,,,,30.000000,"FileNotFoundError: [Errno 2] Unable to synchronously open file (unable to open file: name = 'dataset/SCAMPS/scamps_videos/P001257.mat', errno = 2, error message = 'No such file or directory', flags = 0, o_flags = 0)"
SCAMPS,P001258,dataset/SCAMPS/scamps_videos/P001258.mat,,,,30.000000,"FileNotFoundError: [Errno 2] Unable to synchronously open file (unable to open file: name = 'dataset/SCAMPS/scamps_videos/P001258.mat', errno = 2, error message = 'No such file or directory', flags = 0, o_flags = 0)"
SCAMPS,P001259,dataset/SCAMPS/scamps_videos/P001259.mat,,,,30.000000,"FileNotFoundError: [Errno 2] Unable to synchronously open file (unable to open file: name = 'dataset/SCAMPS/scamps_videos/P001259.mat', errno = 2, error message = 'No such file or directory', flags = 0, o_flags = 0)"
SCAMPS,P001260,dataset/SCAMPS/scamps_videos/P001260.mat,,,,30.000000,"FileNotFoundError: [Errno 2] Unable to synchronously open file (unable to open file: name = 'dataset/SCAMPS/scamps_videos/P001260.mat', errno = 2, error message = 'No such file or directory', flags = 0, o_flags = 0)"
SCAMPS,P001261,dataset/SCAMPS/scamps_videos/P001261.mat,,,,30.000000,"FileNotFoundError: [Errno 2] Unable to synchronously open file (unable to open file: name = 'dataset/SCAMPS/scamps_videos/P001261.mat', errno = 2, error message = 'No such file or directory', flags = 0, o_flags = 0)"
SCAMPS,P001262,dataset/SCAMPS/scamps_videos/P001262.mat,,,,30.000000,"FileNotFoundError: [Errno 2] Unable to synchronously open file (unable to open file: name = 'dataset/SCAMPS/scamps_videos/P001262.mat', errno = 2, error message = 'No such file or directory', flags = 0, o_flags = 0)"
SCAMPS,P001263,dataset/SCAMPS/scamps_videos/P001263.mat,,,,30.000000,"FileNotFoundError: [Errno 2] Unable to synchronously open file (unable to open file: name = 'dataset/SCAMPS/scamps_videos/P001263.mat', errno = 2, error message = 'No such file or directory', flags = 0, o_flags = 0)"
SCAMPS,P001264,dataset/SCAMPS/scamps_videos/P001264.mat,,,,30.000000,"FileNotFoundError: [Errno 2] Unable to synchronously open file (unable to open file: name = 'dataset/SCAMPS/scamps_videos/P001264.mat', errno = 2, error message = 'No such file or directory', flags = 0, o_flags = 0)"
SCAMPS,P001265,dataset/SCAMPS/scamps_videos/P001265.mat,,,,30.000000,"FileNotFoundError: [Errno 2] Unable to synchronously open file (unable to open file: name = 'dataset/SCAMPS/scamps_videos/P001265.mat', errno = 2, error message = 'No such file or directory', flags = 0, o_flags = 0)"
SCAMPS,P001266,dataset/SCAMPS/scamps_videos/P001266.mat,,,,30.000000,"FileNotFoundError: [Errno 2] Unable to synchronously open file (unable to open file: name = 'dataset/SCAMPS/scamps_videos/P001266.mat', errno = 2, error message = 'No such file or directory', flags = 0, o_flags = 0)"
SCAMPS,P001267,dataset/SCAMPS/scamps_videos/P001267.mat,,,,30.000000,"FileNotFoundError: [Errno 2] Unable to synchronously open file (unable to open file: name = 'dataset/SCAMPS/scamps_videos/P001267.mat', errno = 2, error message = 'No such file or directory', flags = 0, o_flags = 0)"
SCAMPS,P001268,dataset/SCAMPS/scamps_videos/P001268.mat,,,,30.000000,"FileNotFoundError: [Errno 2] Unable to synchronously open file (unable to open file: name = 'dataset/SCAMPS/scamps_videos/P001268.mat', errno = 2, error message = 'No such file or directory', flags = 0, o_flags = 0)"
SCAMPS,P001269,dataset/SCAMPS/scamps_videos/P001269.mat,,,,30.000000,"FileNotFoundError: [Errno 2] Unable to synchronously open file (unable to open file: name = 'dataset/SCAMPS/scamps_videos/P001269.mat', errno = 2, error message = 'No such file or directory', flags = 0, o_flags = 0)"
SCAMPS,P001270,dataset/SCAMPS/scamps_videos/P001270.mat,,,,30.000000,"FileNotFoundError: [Errno 2] Unable to synchronously open file (unable to open file: name = 'dataset/SCAMPS/scamps_videos/P001270.mat', errno = 2, error message = 'No such file or directory', flags = 0, o_flags = 0)"
SCAMPS,P001271,dataset/SCAMPS/scamps_videos/P001271.mat,,,,30.000000,"FileNotFoundError: [Errno 2] Unable to synchronously open file (unable to open file: name = 'dataset/SCAMPS/scamps_videos/P001271.mat', errno = 2, error message = 'No such file or directory', flags = 0, o_flags = 0)"
SCAMPS,P001272,dataset/SCAMPS/scamps_videos/P001272.mat,,,,30.000000,"FileNotFoundError: [Errno 2] Unable to synchronously open file (unable to open file: name = 'dataset/SCAMPS/scamps_videos/P001272.mat', errno = 2, error message = 'No such file or directory', flags = 0, o_flags = 0)"
SCAMPS,P001273,dataset/SCAMPS/scamps_videos/P001273.mat,,,,30.000000,"FileNotFoundError: [Errno 2] Unable to synchronously open file (unable to open file: name = 'dataset/SCAMPS/scamps_videos/P001273.mat', errno = 2, error message = 'No such file or directory', flags = 0, o_flags = 0)"
SCAMPS,P001274,dataset/SCAMPS/scamps_videos/P001274.mat,,,,30.000000,"FileNotFoundError: [Errno 2] Unable to synchronously open file (unable to open file: name = 'dataset/SCAMPS/scamps_videos/P001274.mat', errno = 2, error message = 'No such file or directory', flags = 0, o_flags = 0)"
SCAMPS,P001275,dataset/SCAMPS/scamps_videos/P001275.mat,,,,30.000000,"FileNotFoundError: [Errno 2] Unable to synchronously open file (unable to open file: name = 'dataset/SCAMPS/scamps_videos/P001275.mat', errno = 2, error message = 'No such file or directory', flags = 0, o_flags = 0)"
SCAMPS,P001276,dataset/SCAMPS/scamps_videos/P001276.mat,,,,30.000000,"FileNotFoundError: [Errno 2] Unable to synchronously open file (unable to open file: name = 'dataset/SCAMPS/scamps_videos/P001276.mat', errno = 2, error message = 'No such file or directory', flags = 0, o_flags = 0)"
SCAMPS,P001277,dataset/SCAMPS/scamps_videos/P001277.mat,,,,30.000000,"FileNotFoundError: [Errno 2] Unable to synchronously open file (unable to open file: name = 'dataset/SCAMPS/scamps_videos/P001277.mat', errno = 2, error message = 'No such file or directory', flags = 0, o_flags = 0)"
SCAMPS,P001278,dataset/SCAMPS/scamps_videos/P001278.mat,,,,30.000000,"FileNotFoundError: [Errno 2] Unable to synchronously open file (unable to open file: name = 'dataset/SCAMPS/scamps_videos/P001278.mat', errno = 2, error message = 'No such file or directory', flags = 0, o_flags = 0)"
SCAMPS,P001279,dataset/SCAMPS/scamps_videos/P001279.mat,,,,30.000000,"FileNotFoundError: [Errno 2] Unable to synchronously open file (unable to open file: name = 'dataset/SCAMPS/scamps_videos/P001279.mat', errno = 2, error message = 'No such file or directory', flags = 0, o_flags = 0)"
SCAMPS,P001280,dataset/SCAMPS/scamps_videos/P001280.mat,,,,30.000000,"FileNotFoundError: [Errno 2] Unable to synchronously open file (unable to open file: name = 'dataset/SCAMPS/scamps_videos/P001280.mat', errno = 2, error message = 'No such file or directory', flags = 0, o_flags = 0)"
SCAMPS,P001281,dataset/SCAMPS/scamps_videos/P001281.mat,,,,30.000000,"FileNotFoundError: [Errno 2] Unable to synchronously open file (unable to open file: name = 'dataset/SCAMPS/scamps_videos/P001281.mat', errno = 2, error message = 'No such file or directory', flags = 0, o_flags = 0)"
SCAMPS,P001282,dataset/SCAMPS/scamps_videos/P001282.mat,,,,30.000000,"FileNotFoundError: [Errno 2] Unable to synchronously open file (unable to open file: name = 'dataset/SCAMPS/scamps_videos/P001282.mat', errno = 2, error message = 'No such file or directory', flags = 0, o_flags = 0)"
SCAMPS,P001283,dataset/SCAMPS/scamps_videos/P001283.mat,,,,30.000000,"FileNotFoundError: [Errno 2] Unable to synchronously open file (unable to open file: name = 'dataset/SCAMPS/scamps_videos/P001283.mat', errno = 2, error message = 'No such file or directory', flags = 0, o_flags = 0)"
SCAMPS,P001284,dataset/SCAMPS/scamps_videos/P001284.mat,,,,30.000000,"FileNotFoundError: [Errno 2] Unable to synchronously open file (unable to open file: name = 'dataset/SCAMPS/scamps_videos/P001284.mat', errno = 2, error message = 'No such file or directory', flags = 0, o_flags = 0)"
SCAMPS,P001285,dataset/SCAMPS/scamps_videos/P001285.mat,,,,30.000000,"FileNotFoundError: [Errno 2] Unable to synchronously open file (unable to open file: name = 'dataset/SCAMPS/scamps_videos/P001285.mat', errno = 2, error message = 'No such file or directory', flags = 0, o_flags = 0)"
SCAMPS,P001286,dataset/SCAMPS/scamps_videos/P001286.mat,,,,30.000000,"FileNotFoundError: [Errno 2] Unable to synchronously open file (unable to open file: name = 'dataset/SCAMPS/scamps_videos/P001286.mat', errno = 2, error message = 'No such file or directory', flags = 0, o_flags = 0)"
SCAMPS,P001287,dataset/SCAMPS/scamps_videos/P001287.mat,,,,30.000000,"FileNotFoundError: [Errno 2] Unable to synchronously open file (unable to open file: name = 'dataset/SCAMPS/scamps_videos/P001287.mat', errno = 2, error message = 'No such file or directory', flags = 0, o_flags = 0)"
SCAMPS,P001288,dataset/SCAMPS/scamps_videos/P001288.mat,,,,30.000000,"FileNotFoundError: [Errno 2] Unable to synchronously open file (unable to open file: name = 'dataset/SCAMPS/scamps_videos/P001288.mat', errno = 2, error message = 'No such file or directory', flags = 0, o_flags = 0)"
SCAMPS,P001289,dataset/SCAMPS/scamps_videos/P001289.mat,,,,30.000000,"FileNotFoundError: [Errno 2] Unable to synchronously open file (unable to open file: name = 'dataset/SCAMPS/scamps_videos/P001289.mat', errno = 2, error message = 'No such file or directory', flags = 0, o_flags = 0)"
SCAMPS,P001290,dataset/SCAMPS/scamps_videos/P001290.mat,,,,30.000000,"FileNotFoundError: [Errno 2] Unable to synchronously open file (unable to open file: name = 'dataset/SCAMPS/scamps_videos/P001290.mat', errno = 2, error message = 'No such file or directory', flags = 0, o_flags = 0)"
SCAMPS,P001291,dataset/SCAMPS/scamps_videos/P001291.mat,,,,30.000000,"FileNotFoundError: [Errno 2] Unable to synchronously open file (unable to open file: name = 'dataset/SCAMPS/scamps_videos/P001291.mat', errno = 2, error message = 'No such file or directory', flags = 0, o_flags = 0)"
SCAMPS,P001292,dataset/SCAMPS/scamps_videos/P001292.mat,,,,30.000000,"FileNotFoundError: [Errno 2] Unable to synchronously open file (unable to open file: name = 'dataset/SCAMPS/scamps_videos/P001292.mat', errno = 2, error message = 'No such file or directory', flags = 0, o_flags = 0)"
SCAMPS,P001293,dataset/SCAMPS/scamps_videos/P001293.mat,,,,30.000000,"FileNotFoundError: [Errno 2] Unable to synchronously open file (unable to open file: name = 'dataset/SCAMPS/scamps_videos/P001293.mat', errno = 2, error message = 'No such file or directory', flags = 0, o_flags = 0)"
SCAMPS,P001294,dataset/SCAMPS/scamps_videos/P001294.mat,,,,30.000000,"FileNotFoundError: [Errno 2] Unable to synchronously open file (unable to open file: name = 'dataset/SCAMPS/scamps_videos/P001294.mat', errno = 2, error message = 'No such file or directory', flags = 0, o_flags = 0)"
SCAMPS,P001295,dataset/SCAMPS/scamps_videos/P001295.mat,,,,30.000000,"FileNotFoundError: [Errno 2] Unable to synchronously open file (unable to open file: name = 'dataset/SCAMPS/scamps_videos/P001295.mat', errno = 2, error message = 'No such file or directory', flags = 0, o_flags = 0)"
SCAMPS,P001296,dataset/SCAMPS/scamps_videos/P001296.mat,,,,30.000000,"FileNotFoundError: [Errno 2] Unable to synchronously open file (unable to open file: name = 'dataset/SCAMPS/scamps_videos/P001296.mat', errno = 2, error message = 'No such file or directory', flags = 0, o_flags = 0)"
SCAMPS,P001297,dataset/SCAMPS/scamps_videos/P001297.mat,,,,30.000000,"FileNotFoundError: [Errno 2] Unable to synchronously open file (unable to open file: name = 'dataset/SCAMPS/scamps_videos/P001297.mat', errno = 2, error message = 'No such file or directory', flags = 0, o_flags = 0)"
SCAMPS,P001298,dataset/SCAMPS/scamps_videos/P001298.mat,,,,30.000000,"FileNotFoundError: [Errno 2] Unable to synchronously open file (unable to open file: name = 'dataset/SCAMPS/scamps_videos/P001298.mat', errno = 2, error message = 'No such file or directory', flags = 0, o_flags = 0)"
SCAMPS,P001299,dataset/SCAMPS/scamps_videos/P001299.mat,,,,30.000000,"FileNotFoundError: [Errno 2] Unable to synchronously open file (unable to open file: name = 'dataset/SCAMPS/scamps_videos/P001299.mat', errno = 2, error message = 'No such file or directory', flags = 0, o_flags = 0)"
SCAMPS,P001300,dataset/SCAMPS/scamps_videos/P001300.mat,,,,30.000000,"FileNotFoundError: [Errno 2] Unable to synchronously open file (unable to open file: name = 'dataset/SCAMPS/scamps_videos/P001300.mat', errno = 2, error message = 'No such file or directory', flags = 0, o_flags = 0)"
SCAMPS,P001301,dataset/SCAMPS/scamps_videos/P001301.mat,,,,30.000000,"FileNotFoundError: [Errno 2] Unable to synchronously open file (unable to open file: name = 'dataset/SCAMPS/scamps_videos/P001301.mat', errno = 2, error message = 'No such file or directory', flags = 0, o_flags = 0)"
SCAMPS,P001302,dataset/SCAMPS/scamps_videos/P001302.mat,,,,30.000000,"FileNotFoundError: [Errno 2] Unable to synchronously open file (unable to open file: name = 'dataset/SCAMPS/scamps_videos/P001302.mat', errno = 2, error message = 'No such file or directory', flags = 0, o_flags = 0)"
SCAMPS,P001303,dataset/SCAMPS/scamps_videos/P001303.mat,,,,30.000000,"FileNotFoundError: [Errno 2] Unable to synchronously open file (unable to open file: name = 'dataset/SCAMPS/scamps_videos/P001303.mat', errno = 2, error message = 'No such file or directory', flags = 0, o_flags = 0)"
SCAMPS,P001304,dataset/SCAMPS/scamps_videos/P001304.mat,,,,30.000000,"FileNotFoundError: [Errno 2] Unable to synchronously open file (unable to open file: name = 'dataset/SCAMPS/scamps_videos/P001304.mat', errno = 2, error message = 'No such file or directory', flags = 0, o_flags = 0)"
SCAMPS,P001305,dataset/SCAMPS/scamps_videos/P001305.mat,,,,30.000000,"FileNotFoundError: [Errno 2] Unable to synchronously open file (unable to open file: name = 'dataset/SCAMPS/scamps_videos/P001305.mat', errno = 2, error message = 'No such file or directory', flags = 0, o_flags = 0)"
SCAMPS,P001306,dataset/SCAMPS/scamps_videos/P001306.mat,,,,30.000000,"FileNotFoundError: [Errno 2] Unable to synchronously open file (unable to open file: name = 'dataset/SCAMPS/scamps_videos/P001306.mat', errno = 2, error message = 'No such file or directory', flags = 0, o_flags = 0)"
SCAMPS,P001307,dataset/SCAMPS/scamps_videos/P001307.mat,,,,30.000000,"FileNotFoundError: [Errno 2] Unable to synchronously open file (unable to open file: name = 'dataset/SCAMPS/scamps_videos/P001307.mat', errno = 2, error message = 'No such file or directory', flags = 0, o_flags = 0)"
SCAMPS,P001308,dataset/SCAMPS/scamps_videos/P001308.mat,,,,30.000000,"FileNotFoundError: [Errno 2] Unable to synchronously open file (unable to open file: name = 'dataset/SCAMPS/scamps_videos/P001308.mat', errno = 2, error message = 'No such file or directory', flags = 0, o_flags = 0)"
SCAMPS,P001309,dataset/SCAMPS/scamps_videos/P001309.mat,,,,30.000000,"FileNotFoundError: [Errno 2] Unable to synchronously open file (unable to open file: name = 'dataset/SCAMPS/scamps_videos/P001309.mat', errno = 2, error message = 'No such file or directory', flags = 0, o_flags = 0)"
SCAMPS,P001310,dataset/SCAMPS/scamps_videos/P001310.mat,,,,30.000000,"FileNotFoundError: [Errno 2] Unable to synchronously open file (unable to open file: name = 'dataset/SCAMPS/scamps_videos/P001310.mat', errno = 2, error message = 'No such file or directory', flags = 0, o_flags = 0)"
SCAMPS,P001311,dataset/SCAMPS/scamps_videos/P001311.mat,,,,30.000000,"FileNotFoundError: [Errno 2] Unable to synchronously open file (unable to open file: name = 'dataset/SCAMPS/scamps_videos/P001311.mat', errno = 2, error message = 'No such file or directory', flags = 0, o_flags = 0)"
SCAMPS,P001312,dataset/SCAMPS/scamps_videos/P001312.mat,,,,30.000000,"FileNotFoundError: [Errno 2] Unable to synchronously open file (unable to open file: name = 'dataset/SCAMPS/scamps_videos/P001312.mat', errno = 2, error message = 'No such file or directory', flags = 0, o_flags = 0)"
SCAMPS,P001313,dataset/SCAMPS/scamps_videos/P001313.mat,,,,30.000000,"FileNotFoundError: [Errno 2] Unable to synchronously open file (unable to open file: name = 'dataset/SCAMPS/scamps_videos/P001313.mat', errno = 2, error message = 'No such file or directory', flags = 0, o_flags = 0)"
SCAMPS,P001314,dataset/SCAMPS/scamps_videos/P001314.mat,,,,30.000000,"FileNotFoundError: [Errno 2] Unable to synchronously open file (unable to open file: name = 'dataset/SCAMPS/scamps_videos/P001314.mat', errno = 2, error message = 'No such file or directory', flags = 0, o_flags = 0)"
SCAMPS,P001315,dataset/SCAMPS/scamps_videos/P001315.mat,,,,30.000000,"FileNotFoundError: [Errno 2] Unable to synchronously open file (unable to open file: name = 'dataset/SCAMPS/scamps_videos/P001315.mat', errno = 2, error message = 'No such file or directory', flags = 0, o_flags = 0)"
SCAMPS,P001316,dataset/SCAMPS/scamps_videos/P001316.mat,,,,30.000000,"FileNotFoundError: [Errno 2] Unable to synchronously open file (unable to open file: name = 'dataset/SCAMPS/scamps_videos/P001316.mat', errno = 2, error message = 'No such file or directory', flags = 0, o_flags = 0)"
SCAMPS,P001317,dataset/SCAMPS/scamps_videos/P001317.mat,,,,30.000000,"FileNotFoundError: [Errno 2] Unable to synchronously open file (unable to open file: name = 'dataset/SCAMPS/scamps_videos/P001317.mat', errno = 2, error message = 'No such file or directory', flags = 0, o_flags = 0)"
SCAMPS,P001318,dataset/SCAMPS/scamps_videos/P001318.mat,,,,30.000000,"FileNotFoundError: [Errno 2] Unable to synchronously open file (unable to open file: name = 'dataset/SCAMPS/scamps_videos/P001318.mat', errno = 2, error message = 'No such file or directory', flags = 0, o_flags = 0)"
SCAMPS,P001319,dataset/SCAMPS/scamps_videos/P001319.mat,,,,30.000000,"FileNotFoundError: [Errno 2] Unable to synchronously open file (unable to open file: name = 'dataset/SCAMPS/scamps_videos/P001319.mat', errno = 2, error message = 'No such file or directory', flags = 0, o_flags = 0)"
SCAMPS,P001320,dataset/SCAMPS/scamps_videos/P001320.mat,,,,30.000000,"FileNotFoundError: [Errno 2] Unable to synchronously open file (unable to open file: name = 'dataset/SCAMPS/scamps_videos/P001320.mat', errno = 2, error message = 'No such file or directory', flags = 0, o_flags = 0)"
SCAMPS,P001321,dataset/SCAMPS/scamps_videos/P001321.mat,,,,30.000000,"FileNotFoundError: [Errno 2] Unable to synchronously open file (unable to open file: name = 'dataset/SCAMPS/scamps_videos/P001321.mat', errno = 2, error message = 'No such file or directory', flags = 0, o_flags = 0)"
SCAMPS,P001322,dataset/SCAMPS/scamps_videos/P001322.mat,,,,30.000000,"FileNotFoundError: [Errno 2] Unable to synchronously open file (unable to open file: name = 'dataset/SCAMPS/scamps_videos/P001322.mat', errno = 2, error message = 'No such file or directory', flags = 0, o_flags = 0)"
SCAMPS,P001323,dataset/SCAMPS/scamps_videos/P001323.mat,,,,30.000000,"FileNotFoundError: [Errno 2] Unable to synchronously open file (unable to open file: name = 'dataset/SCAMPS/scamps_videos/P001323.mat', errno = 2, error message = 'No such file or directory', flags = 0, o_flags = 0)"
SCAMPS,P001324,dataset/SCAMPS/scamps_videos/P001324.mat,,,,30.000000,"FileNotFoundError: [Errno 2] Unable to synchronously open file (unable to open file: name = 'dataset/SCAMPS/scamps_videos/P001324.mat', errno = 2, error message = 'No such file or directory', flags = 0, o_flags = 0)"
SCAMPS,P001325,dataset/SCAMPS/scamps_videos/P001325.mat,,,,30.000000,"FileNotFoundError: [Errno 2] Unable to synchronously open file (unable to open file: name = 'dataset/SCAMPS/scamps_videos/P001325.mat', errno = 2, error message = 'No such file or directory', flags = 0, o_flags = 0)"
SCAMPS,P001326,dataset/SCAMPS/scamps_videos/P001326.mat,,,,30.000000,"FileNotFoundError: [Errno 2] Unable to synchronously open file (unable to open file: name = 'dataset/SCAMPS/scamps_videos/P001326.mat', errno = 2, error message = 'No such file or directory', flags = 0, o_flags = 0)"
SCAMPS,P001327,dataset/SCAMPS/scamps_videos/P001327.mat,,,,30.000000,"FileNotFoundError: [Errno 2] Unable to synchronously open file (unable to open file: name = 'dataset/SCAMPS/scamps_videos/P001327.mat', errno = 2, error message = 'No such file or directory', flags = 0, o_flags = 0)"
SCAMPS,P001328,dataset/SCAMPS/scamps_videos/P001328.mat,,,,30.000000,"FileNotFoundError: [Errno 2] Unable to synchronously open file (unable to open file: name = 'dataset/SCAMPS/scamps_videos/P001328.mat', errno = 2, error message = 'No such file or directory', flags = 0, o_flags = 0)"
SCAMPS,P001329,dataset/SCAMPS/scamps_videos/P001329.mat,,,,30.000000,"FileNotFoundError: [Errno 2] Unable to synchronously open file (unable to open file: name = 'dataset/SCAMPS/scamps_videos/P001329.mat', errno = 2, error message = 'No such file or directory', flags = 0, o_flags = 0)"
SCAMPS,P001330,dataset/SCAMPS/scamps_videos/P001330.mat,,,,30.000000,"FileNotFoundError: [Errno 2] Unable to synchronously open file (unable to open file: name = 'dataset/SCAMPS/scamps_videos/P001330.mat', errno = 2, error message = 'No such file or directory', flags = 0, o_flags = 0)"
SCAMPS,P001331,dataset/SCAMPS/scamps_videos/P001331.mat,,,,30.000000,"FileNotFoundError: [Errno 2] Unable to synchronously open file (unable to open file: name = 'dataset/SCAMPS/scamps_videos/P001331.mat', errno = 2, error message = 'No such file or directory', flags = 0, o_flags = 0)"
SCAMPS,P001332,dataset/SCAMPS/scamps_videos/P001332.mat,,,,30.000000,"FileNotFoundError: [Errno 2] Unable to synchronously open file (unable to open file: name = 'dataset/SCAMPS/scamps_videos/P001332.mat', errno = 2, error message = 'No such file or directory', flags = 0, o_flags = 0)"
SCAMPS,P001333,dataset/SCAMPS/scamps_videos/P001333.mat,,,,30.000000,"FileNotFoundError: [Errno 2] Unable to synchronously open file (unable to open file: name = 'dataset/SCAMPS/scamps_videos/P001333.mat', errno = 2, error message = 'No such file or directory', flags = 0, o_flags = 0)"
SCAMPS,P001334,dataset/SCAMPS/scamps_videos/P001334.mat,,,,30.000000,"FileNotFoundError: [Errno 2] Unable to synchronously open file (unable to open file: name = 'dataset/SCAMPS/scamps_videos/P001334.mat', errno = 2, error message = 'No such file or directory', flags = 0, o_flags = 0)"
SCAMPS,P001335,dataset/SCAMPS/scamps_videos/P001335.mat,,,,30.000000,"FileNotFoundError: [Errno 2] Unable to synchronously open file (unable to open file: name = 'dataset/SCAMPS/scamps_videos/P001335.mat', errno = 2, error message = 'No such file or directory', flags = 0, o_flags = 0)"
SCAMPS,P001336,dataset/SCAMPS/scamps_videos/P001336.mat,,,,30.000000,"FileNotFoundError: [Errno 2] Unable to synchronously open file (unable to open file: name = 'dataset/SCAMPS/scamps_videos/P001336.mat', errno = 2, error message = 'No such file or directory', flags = 0, o_flags = 0)"
SCAMPS,P001337,dataset/SCAMPS/scamps_videos/P001337.mat,,,,30.000000,"FileNotFoundError: [Errno 2] Unable to synchronously open file (unable to open file: name = 'dataset/SCAMPS/scamps_videos/P001337.mat', errno = 2, error message = 'No such file or directory', flags = 0, o_flags = 0)"
SCAMPS,P001338,dataset/SCAMPS/scamps_videos/P001338.mat,,,,30.000000,"FileNotFoundError: [Errno 2] Unable to synchronously open file (unable to open file: name = 'dataset/SCAMPS/scamps_videos/P001338.mat', errno = 2, error message = 'No such file or directory', flags = 0, o_flags = 0)"
SCAMPS,P001339,dataset/SCAMPS/scamps_videos/P001339.mat,,,,30.000000,"FileNotFoundError: [Errno 2] Unable to synchronously open file (unable to open file: name = 'dataset/SCAMPS/scamps_videos/P001339.mat', errno = 2, error message = 'No such file or directory', flags = 0, o_flags = 0)"
SCAMPS,P001340,dataset/SCAMPS/scamps_videos/P001340.mat,,,,30.000000,"FileNotFoundError: [Errno 2] Unable to synchronously open file (unable to open file: name = 'dataset/SCAMPS/scamps_videos/P001340.mat', errno = 2, error message = 'No such file or directory', flags = 0, o_flags = 0)"
SCAMPS,P001341,dataset/SCAMPS/scamps_videos/P001341.mat,,,,30.000000,"FileNotFoundError: [Errno 2] Unable to synchronously open file (unable to open file: name = 'dataset/SCAMPS/scamps_videos/P001341.mat', errno = 2, error message = 'No such file or directory', flags = 0, o_flags = 0)"
SCAMPS,P001342,dataset/SCAMPS/scamps_videos/P001342.mat,,,,30.000000,"FileNotFoundError: [Errno 2] Unable to synchronously open file (unable to open file: name = 'dataset/SCAMPS/scamps_videos/P001342.mat', errno = 2, error message = 'No such file or directory', flags = 0, o_flags = 0)"
SCAMPS,P001343,dataset/SCAMPS/scamps_videos/P001343.mat,,,,30.000000,"FileNotFoundError: [Errno 2] Unable to synchronously open file (unable to open file: name = 'dataset/SCAMPS/scamps_videos/P001343.mat', errno = 2, error message = 'No such file or directory', flags = 0, o_flags = 0)"
SCAMPS,P001344,dataset/SCAMPS/scamps_videos/P001344.mat,,,,30.000000,"FileNotFoundError: [Errno 2] Unable to synchronously open file (unable to open file: name = 'dataset/SCAMPS/scamps_videos/P001344.mat', errno = 2, error message = 'No such file or directory', flags = 0, o_flags = 0)"
SCAMPS,P001345,dataset/SCAMPS/scamps_videos/P001345.mat,,,,30.000000,"FileNotFoundError: [Errno 2] Unable to synchronously open file (unable to open file: name = 'dataset/SCAMPS/scamps_videos/P001345.mat', errno = 2, error message = 'No such file or directory', flags = 0, o_flags = 0)"
SCAMPS,P001346,dataset/SCAMPS/scamps_videos/P001346.mat,,,,30.000000,"FileNotFoundError: [Errno 2] Unable to synchronously open file (unable to open file: name = 'dataset/SCAMPS/scamps_videos/P001346.mat', errno = 2, error message = 'No such file or directory', flags = 0, o_flags = 0)"
SCAMPS,P001347,dataset/SCAMPS/scamps_videos/P001347.mat,,,,30.000000,"FileNotFoundError: [Errno 2] Unable to synchronously open file (unable to open file: name = 'dataset/SCAMPS/scamps_videos/P001347.mat', errno = 2, error message = 'No such file or directory', flags = 0, o_flags = 0)"
SCAMPS,P001348,dataset/SCAMPS/scamps_videos/P001348.mat,,,,30.000000,"FileNotFoundError: [Errno 2] Unable to synchronously open file (unable to open file: name = 'dataset/SCAMPS/scamps_videos/P001348.mat', errno = 2, error message = 'No such file or directory', flags = 0, o_flags = 0)"
SCAMPS,P001349,dataset/SCAMPS/scamps_videos/P001349.mat,,,,30.000000,"FileNotFoundError: [Errno 2] Unable to synchronously open file (unable to open file: name = 'dataset/SCAMPS/scamps_videos/P001349.mat', errno = 2, error message = 'No such file or directory', flags = 0, o_flags = 0)"
SCAMPS,P001350,dataset/SCAMPS/scamps_videos/P001350.mat,,,,30.000000,"FileNotFoundError: [Errno 2] Unable to synchronously open file (unable to open file: name = 'dataset/SCAMPS/scamps_videos/P001350.mat', errno = 2, error message = 'No such file or directory', flags = 0, o_flags = 0)"
SCAMPS,P001351,dataset/SCAMPS/scamps_videos/P001351.mat,,,,30.000000,"FileNotFoundError: [Errno 2] Unable to synchronously open file (unable to open file: name = 'dataset/SCAMPS/scamps_videos/P001351.mat', errno = 2, error message = 'No such file or directory', flags = 0, o_flags = 0)"
SCAMPS,P001352,dataset/SCAMPS/scamps_videos/P001352.mat,,,,30.000000,"FileNotFoundError: [Errno 2] Unable to synchronously open file (unable to open file: name = 'dataset/SCAMPS/scamps_videos/P001352.mat', errno = 2, error message = 'No such file or directory', flags = 0, o_flags = 0)"
SCAMPS,P001353,dataset/SCAMPS/scamps_videos/P001353.mat,,,,30.000000,"FileNotFoundError: [Errno 2] Unable to synchronously open file (unable to open file: name = 'dataset/SCAMPS/scamps_videos/P001353.mat', errno = 2, error message = 'No such file or directory', flags = 0, o_flags = 0)"
SCAMPS,P001354,dataset/SCAMPS/scamps_videos/P001354.mat,,,,30.000000,"FileNotFoundError: [Errno 2] Unable to synchronously open file (unable to open file: name = 'dataset/SCAMPS/scamps_videos/P001354.mat', errno = 2, error message = 'No such file or directory', flags = 0, o_flags = 0)"
SCAMPS,P001355,dataset/SCAMPS/scamps_videos/P001355.mat,,,,30.000000,"FileNotFoundError: [Errno 2] Unable to synchronously open file (unable to open file: name = 'dataset/SCAMPS/scamps_videos/P001355.mat', errno = 2, error message = 'No such file or directory', flags = 0, o_flags = 0)"
SCAMPS,P001356,dataset/SCAMPS/scamps_videos/P001356.mat,,,,30.000000,"FileNotFoundError: [Errno 2] Unable to synchronously open file (unable to open file: name = 'dataset/SCAMPS/scamps_videos/P001356.mat', errno = 2, error message = 'No such file or directory', flags = 0, o_flags = 0)"
SCAMPS,P001357,dataset/SCAMPS/scamps_videos/P001357.mat,,,,30.000000,"FileNotFoundError: [Errno 2] Unable to synchronously open file (unable to open file: name = 'dataset/SCAMPS/scamps_videos/P001357.mat', errno = 2, error message = 'No such file or directory', flags = 0, o_flags = 0)"
SCAMPS,P001358,dataset/SCAMPS/scamps_videos/P001358.mat,,,,30.000000,"FileNotFoundError: [Errno 2] Unable to synchronously open file (unable to open file: name = 'dataset/SCAMPS/scamps_videos/P001358.mat', errno = 2, error message = 'No such file or directory', flags = 0, o_flags = 0)"
SCAMPS,P001359,dataset/SCAMPS/scamps_videos/P001359.mat,,,,30.000000,"FileNotFoundError: [Errno 2] Unable to synchronously open file (unable to open file: name = 'dataset/SCAMPS/scamps_videos/P001359.mat', errno = 2, error message = 'No such file or directory', flags = 0, o_flags = 0)"
SCAMPS,P001360,dataset/SCAMPS/scamps_videos/P001360.mat,,,,30.000000,"FileNotFoundError: [Errno 2] Unable to synchronously open file (unable to open file: name = 'dataset/SCAMPS/scamps_videos/P001360.mat', errno = 2, error message = 'No such file or directory', flags = 0, o_flags = 0)"
SCAMPS,P001361,dataset/SCAMPS/scamps_videos/P001361.mat,,,,30.000000,"FileNotFoundError: [Errno 2] Unable to synchronously open file (unable to open file: name = 'dataset/SCAMPS/scamps_videos/P001361.mat', errno = 2, error message = 'No such file or directory', flags = 0, o_flags = 0)"
SCAMPS,P001362,dataset/SCAMPS/scamps_videos/P001362.mat,,,,30.000000,"FileNotFoundError: [Errno 2] Unable to synchronously open file (unable to open file: name = 'dataset/SCAMPS/scamps_videos/P001362.mat', errno = 2, error message = 'No such file or directory', flags = 0, o_flags = 0)"
SCAMPS,P001363,dataset/SCAMPS/scamps_videos/P001363.mat,,,,30.000000,"FileNotFoundError: [Errno 2] Unable to synchronously open file (unable to open file: name = 'dataset/SCAMPS/scamps_videos/P001363.mat', errno = 2, error message = 'No such file or directory', flags = 0, o_flags = 0)"
SCAMPS,P001364,dataset/SCAMPS/scamps_videos/P001364.mat,,,,30.000000,"FileNotFoundError: [Errno 2] Unable to synchronously open file (unable to open file: name = 'dataset/SCAMPS/scamps_videos/P001364.mat', errno = 2, error message = 'No such file or directory', flags = 0, o_flags = 0)"
SCAMPS,P001365,dataset/SCAMPS/scamps_videos/P001365.mat,,,,30.000000,"FileNotFoundError: [Errno 2] Unable to synchronously open file (unable to open file: name = 'dataset/SCAMPS/scamps_videos/P001365.mat', errno = 2, error message = 'No such file or directory', flags = 0, o_flags = 0)"
SCAMPS,P001366,dataset/SCAMPS/scamps_videos/P001366.mat,,,,30.000000,"FileNotFoundError: [Errno 2] Unable to synchronously open file (unable to open file: name = 'dataset/SCAMPS/scamps_videos/P001366.mat', errno = 2, error message = 'No such file or directory', flags = 0, o_flags = 0)"
SCAMPS,P001367,dataset/SCAMPS/scamps_videos/P001367.mat,,,,30.000000,"FileNotFoundError: [Errno 2] Unable to synchronously open file (unable to open file: name = 'dataset/SCAMPS/scamps_videos/P001367.mat', errno = 2, error message = 'No such file or directory', flags = 0, o_flags = 0)"
SCAMPS,P001368,dataset/SCAMPS/scamps_videos/P001368.mat,,,,30.000000,"FileNotFoundError: [Errno 2] Unable to synchronously open file (unable to open file: name = 'dataset/SCAMPS/scamps_videos/P001368.mat', errno = 2, error message = 'No such file or directory', flags = 0, o_flags = 0)"
SCAMPS,P001369,dataset/SCAMPS/scamps_videos/P001369.mat,,,,30.000000,"FileNotFoundError: [Errno 2] Unable to synchronously open file (unable to open file: name = 'dataset/SCAMPS/scamps_videos/P001369.mat', errno = 2, error message = 'No such file or directory', flags = 0, o_flags = 0)"
SCAMPS,P001370,dataset/SCAMPS/scamps_videos/P001370.mat,,,,30.000000,"FileNotFoundError: [Errno 2] Unable to synchronously open file (unable to open file: name = 'dataset/SCAMPS/scamps_videos/P001370.mat', errno = 2, error message = 'No such file or directory', flags = 0, o_flags = 0)"
SCAMPS,P001371,dataset/SCAMPS/scamps_videos/P001371.mat,,,,30.000000,"FileNotFoundError: [Errno 2] Unable to synchronously open file (unable to open file: name = 'dataset/SCAMPS/scamps_videos/P001371.mat', errno = 2, error message = 'No such file or directory', flags = 0, o_flags = 0)"
SCAMPS,P001372,dataset/SCAMPS/scamps_videos/P001372.mat,,,,30.000000,"FileNotFoundError: [Errno 2] Unable to synchronously open file (unable to open file: name = 'dataset/SCAMPS/scamps_videos/P001372.mat', errno = 2, error message = 'No such file or directory', flags = 0, o_flags = 0)"
SCAMPS,P001373,dataset/SCAMPS/scamps_videos/P001373.mat,,,,30.000000,"FileNotFoundError: [Errno 2] Unable to synchronously open file (unable to open file: name = 'dataset/SCAMPS/scamps_videos/P001373.mat', errno = 2, error message = 'No such file or directory', flags = 0, o_flags = 0)"
SCAMPS,P001374,dataset/SCAMPS/scamps_videos/P001374.mat,,,,30.000000,"FileNotFoundError: [Errno 2] Unable to synchronously open file (unable to open file: name = 'dataset/SCAMPS/scamps_videos/P001374.mat', errno = 2, error message = 'No such file or directory', flags = 0, o_flags = 0)"
SCAMPS,P001375,dataset/SCAMPS/scamps_videos/P001375.mat,,,,30.000000,"FileNotFoundError: [Errno 2] Unable to synchronously open file (unable to open file: name = 'dataset/SCAMPS/scamps_videos/P001375.mat', errno = 2, error message = 'No such file or directory', flags = 0, o_flags = 0)"
SCAMPS,P001376,dataset/SCAMPS/scamps_videos/P001376.mat,,,,30.000000,"FileNotFoundError: [Errno 2] Unable to synchronously open file (unable to open file: name = 'dataset/SCAMPS/scamps_videos/P001376.mat', errno = 2, error message = 'No such file or directory', flags = 0, o_flags = 0)"
SCAMPS,P001377,dataset/SCAMPS/scamps_videos/P001377.mat,,,,30.000000,"FileNotFoundError: [Errno 2] Unable to synchronously open file (unable to open file: name = 'dataset/SCAMPS/scamps_videos/P001377.mat', errno = 2, error message = 'No such file or directory', flags = 0, o_flags = 0)"
SCAMPS,P001378,dataset/SCAMPS/scamps_videos/P001378.mat,,,,30.000000,"FileNotFoundError: [Errno 2] Unable to synchronously open file (unable to open file: name = 'dataset/SCAMPS/scamps_videos/P001378.mat', errno = 2, error message = 'No such file or directory', flags = 0, o_flags = 0)"
SCAMPS,P001379,dataset/SCAMPS/scamps_videos/P001379.mat,,,,30.000000,"FileNotFoundError: [Errno 2] Unable to synchronously open file (unable to open file: name = 'dataset/SCAMPS/scamps_videos/P001379.mat', errno = 2, error message = 'No such file or directory', flags = 0, o_flags = 0)"
SCAMPS,P001380,dataset/SCAMPS/scamps_videos/P001380.mat,,,,30.000000,"FileNotFoundError: [Errno 2] Unable to synchronously open file (unable to open file: name = 'dataset/SCAMPS/scamps_videos/P001380.mat', errno = 2, error message = 'No such file or directory', flags = 0, o_flags = 0)"
SCAMPS,P001381,dataset/SCAMPS/scamps_videos/P001381.mat,,,,30.000000,"FileNotFoundError: [Errno 2] Unable to synchronously open file (unable to open file: name = 'dataset/SCAMPS/scamps_videos/P001381.mat', errno = 2, error message = 'No such file or directory', flags = 0, o_flags = 0)"
SCAMPS,P001382,dataset/SCAMPS/scamps_videos/P001382.mat,,,,30.000000,"FileNotFoundError: [Errno 2] Unable to synchronously open file (unable to open file: name = 'dataset/SCAMPS/scamps_videos/P001382.mat', errno = 2, error message = 'No such file or directory', flags = 0, o_flags = 0)"
SCAMPS,P001383,dataset/SCAMPS/scamps_videos/P001383.mat,,,,30.000000,"FileNotFoundError: [Errno 2] Unable to synchronously open file (unable to open file: name = 'dataset/SCAMPS/scamps_videos/P001383.mat', errno = 2, error message = 'No such file or directory', flags = 0, o_flags = 0)"
SCAMPS,P001384,dataset/SCAMPS/scamps_videos/P001384.mat,,,,30.000000,"FileNotFoundError: [Errno 2] Unable to synchronously open file (unable to open file: name = 'dataset/SCAMPS/scamps_videos/P001384.mat', errno = 2, error message = 'No such file or directory', flags = 0, o_flags = 0)"
SCAMPS,P001385,dataset/SCAMPS/scamps_videos/P001385.mat,,,,30.000000,"FileNotFoundError: [Errno 2] Unable to synchronously open file (unable to open file: name = 'dataset/SCAMPS/scamps_videos/P001385.mat', errno = 2, error message = 'No such file or directory', flags = 0, o_flags = 0)"
SCAMPS,P001386,dataset/SCAMPS/scamps_videos/P001386.mat,,,,30.000000,"FileNotFoundError: [Errno 2] Unable to synchronously open file (unable to open file: name = 'dataset/SCAMPS/scamps_videos/P001386.mat', errno = 2, error message = 'No such file or directory', flags = 0, o_flags = 0)"
SCAMPS,P001387,dataset/SCAMPS/scamps_videos/P001387.mat,,,,30.000000,"FileNotFoundError: [Errno 2] Unable to synchronously open file (unable to open file: name = 'dataset/SCAMPS/scamps_videos/P001387.mat', errno = 2, error message = 'No such file or directory', flags = 0, o_flags = 0)"
SCAMPS,P001388,dataset/SCAMPS/scamps_videos/P001388.mat,,,,30.000000,"FileNotFoundError: [Errno 2] Unable to synchronously open file (unable to open file: name = 'dataset/SCAMPS/scamps_videos/P001388.mat', errno = 2, error message = 'No such file or directory', flags = 0, o_flags = 0)"
SCAMPS,P001389,dataset/SCAMPS/scamps_videos/P001389.mat,,,,30.000000,"FileNotFoundError: [Errno 2] Unable to synchronously open file (unable to open file: name = 'dataset/SCAMPS/scamps_videos/P001389.mat', errno = 2, error message = 'No such file or directory', flags = 0, o_flags = 0)"
SCAMPS,P001390,dataset/SCAMPS/scamps_videos/P001390.mat,,,,30.000000,"FileNotFoundError: [Errno 2] Unable to synchronously open file (unable to open file: name = 'dataset/SCAMPS/scamps_videos/P001390.mat', errno = 2, error message = 'No such file or directory', flags = 0, o_flags = 0)"
SCAMPS,P001391,dataset/SCAMPS/scamps_videos/P001391.mat,,,,30.000000,"FileNotFoundError: [Errno 2] Unable to synchronously open file (unable to open file: name = 'dataset/SCAMPS/scamps_videos/P001391.mat', errno = 2, error message = 'No such file or directory', flags = 0, o_flags = 0)"
SCAMPS,P001392,dataset/SCAMPS/scamps_videos/P001392.mat,,,,30.000000,"FileNotFoundError: [Errno 2] Unable to synchronously open file (unable to open file: name = 'dataset/SCAMPS/scamps_videos/P001392.mat', errno = 2, error message = 'No such file or directory', flags = 0, o_flags = 0)"
SCAMPS,P001393,dataset/SCAMPS/scamps_videos/P001393.mat,,,,30.000000,"FileNotFoundError: [Errno 2] Unable to synchronously open file (unable to open file: name = 'dataset/SCAMPS/scamps_videos/P001393.mat', errno = 2, error message = 'No such file or directory', flags = 0, o_flags = 0)"
SCAMPS,P001394,dataset/SCAMPS/scamps_videos/P001394.mat,,,,30.000000,"FileNotFoundError: [Errno 2] Unable to synchronously open file (unable to open file: name = 'dataset/SCAMPS/scamps_videos/P001394.mat', errno = 2, error message = 'No such file or directory', flags = 0, o_flags = 0)"
SCAMPS,P001395,dataset/SCAMPS/scamps_videos/P001395.mat,,,,30.000000,"FileNotFoundError: [Errno 2] Unable to synchronously open file (unable to open file: name = 'dataset/SCAMPS/scamps_videos/P001395.mat', errno = 2, error message = 'No such file or directory', flags = 0, o_flags = 0)"
SCAMPS,P001396,dataset/SCAMPS/scamps_videos/P001396.mat,,,,30.000000,"FileNotFoundError: [Errno 2] Unable to synchronously open file (unable to open file: name = 'dataset/SCAMPS/scamps_videos/P001396.mat', errno = 2, error message = 'No such file or directory', flags = 0, o_flags = 0)"
SCAMPS,P001397,dataset/SCAMPS/scamps_videos/P001397.mat,,,,30.000000,"FileNotFoundError: [Errno 2] Unable to synchronously open file (unable to open file: name = 'dataset/SCAMPS/scamps_videos/P001397.mat', errno = 2, error message = 'No such file or directory', flags = 0, o_flags = 0)"
SCAMPS,P001398,dataset/SCAMPS/scamps_videos/P001398.mat,,,,30.000000,"FileNotFoundError: [Errno 2] Unable to synchronously open file (unable to open file: name = 'dataset/SCAMPS/scamps_videos/P001398.mat', errno = 2, error message = 'No such file or directory', flags = 0, o_flags = 0)"
SCAMPS,P001399,dataset/SCAMPS/scamps_videos/P001399.mat,,,,30.000000,"FileNotFoundError: [Errno 2] Unable to synchronously open file (unable to open file: name = 'dataset/SCAMPS/scamps_videos/P001399.mat', errno = 2, error message = 'No such file or directory', flags = 0, o_flags = 0)"
SCAMPS,P001400,dataset/SCAMPS/scamps_videos/P001400.mat,,,,30.000000,"FileNotFoundError: [Errno 2] Unable to synchronously open file (unable to open file: name = 'dataset/SCAMPS/scamps_videos/P001400.mat', errno = 2, error message = 'No such file or directory', flags = 0, o_flags = 0)"
SCAMPS,P001401,dataset/SCAMPS/scamps_videos/P001401.mat,,,,30.000000,"FileNotFoundError: [Errno 2] Unable to synchronously open file (unable to open file: name = 'dataset/SCAMPS/scamps_videos/P001401.mat', errno = 2, error message = 'No such file or directory', flags = 0, o_flags = 0)"
SCAMPS,P001402,dataset/SCAMPS/scamps_videos/P001402.mat,,,,30.000000,"FileNotFoundError: [Errno 2] Unable to synchronously open file (unable to open file: name = 'dataset/SCAMPS/scamps_videos/P001402.mat', errno = 2, error message = 'No such file or directory', flags = 0, o_flags = 0)"
SCAMPS,P001403,dataset/SCAMPS/scamps_videos/P001403.mat,,,,30.000000,"FileNotFoundError: [Errno 2] Unable to synchronously open file (unable to open file: name = 'dataset/SCAMPS/scamps_videos/P001403.mat', errno = 2, error message = 'No such file or directory', flags = 0, o_flags = 0)"
SCAMPS,P001404,dataset/SCAMPS/scamps_videos/P001404.mat,,,,30.000000,"FileNotFoundError: [Errno 2] Unable to synchronously open file (unable to open file: name = 'dataset/SCAMPS/scamps_videos/P001404.mat', errno = 2, error message = 'No such file or directory', flags = 0, o_flags = 0)"
SCAMPS,P001405,dataset/SCAMPS/scamps_videos/P001405.mat,,,,30.000000,"FileNotFoundError: [Errno 2] Unable to synchronously open file (unable to open file: name = 'dataset/SCAMPS/scamps_videos/P001405.mat', errno = 2, error message = 'No such file or directory', flags = 0, o_flags = 0)"
SCAMPS,P001406,dataset/SCAMPS/scamps_videos/P001406.mat,,,,30.000000,"FileNotFoundError: [Errno 2] Unable to synchronously open file (unable to open file: name = 'dataset/SCAMPS/scamps_videos/P001406.mat', errno = 2, error message = 'No such file or directory', flags = 0, o_flags = 0)"
SCAMPS,P001407,dataset/SCAMPS/scamps_videos/P001407.mat,,,,30.000000,"FileNotFoundError: [Errno 2] Unable to synchronously open file (unable to open file: name = 'dataset/SCAMPS/scamps_videos/P001407.mat', errno = 2, error message = 'No such file or directory', flags = 0, o_flags = 0)"
SCAMPS,P001408,dataset/SCAMPS/scamps_videos/P001408.mat,,,,30.000000,"FileNotFoundError: [Errno 2] Unable to synchronously open file (unable to open file: name = 'dataset/SCAMPS/scamps_videos/P001408.mat', errno = 2, error message = 'No such file or directory', flags = 0, o_flags = 0)"
SCAMPS,P001409,dataset/SCAMPS/scamps_videos/P001409.mat,,,,30.000000,"FileNotFoundError: [Errno 2] Unable to synchronously open file (unable to open file: name = 'dataset/SCAMPS/scamps_videos/P001409.mat', errno = 2, error message = 'No such file or directory', flags = 0, o_flags = 0)"
SCAMPS,P001410,dataset/SCAMPS/scamps_videos/P001410.mat,,,,30.000000,"FileNotFoundError: [Errno 2] Unable to synchronously open file (unable to open file: name = 'dataset/SCAMPS/scamps_videos/P001410.mat', errno = 2, error message = 'No such file or directory', flags = 0, o_flags = 0)"
SCAMPS,P001411,dataset/SCAMPS/scamps_videos/P001411.mat,,,,30.000000,"FileNotFoundError: [Errno 2] Unable to synchronously open file (unable to open file: name = 'dataset/SCAMPS/scamps_videos/P001411.mat', errno = 2, error message = 'No such file or directory', flags = 0, o_flags = 0)"
SCAMPS,P001412,dataset/SCAMPS/scamps_videos/P001412.mat,,,,30.000000,"FileNotFoundError: [Errno 2] Unable to synchronously open file (unable to open file: name = 'dataset/SCAMPS/scamps_videos/P001412.mat', errno = 2, error message = 'No such file or directory', flags = 0, o_flags = 0)"
SCAMPS,P001413,dataset/SCAMPS/scamps_videos/P001413.mat,,,,30.000000,"FileNotFoundError: [Errno 2] Unable to synchronously open file (unable to open file: name = 'dataset/SCAMPS/scamps_videos/P001413.mat', errno = 2, error message = 'No such file or directory', flags = 0, o_flags = 0)"
SCAMPS,P001414,dataset/SCAMPS/scamps_videos/P001414.mat,,,,30.000000,"FileNotFoundError: [Errno 2] Unable to synchronously open file (unable to open file: name = 'dataset/SCAMPS/scamps_videos/P001414.mat', errno = 2, error message = 'No such file or directory', flags = 0, o_flags = 0)"
SCAMPS,P001415,dataset/SCAMPS/scamps_videos/P001415.mat,,,,30.000000,"FileNotFoundError: [Errno 2] Unable to synchronously open file (unable to open file: name = 'dataset/SCAMPS/scamps_videos/P001415.mat', errno = 2, error message = 'No such file or directory', flags = 0, o_flags = 0)"
SCAMPS,P001416,dataset/SCAMPS/scamps_videos/P001416.mat,,,,30.000000,"FileNotFoundError: [Errno 2] Unable to synchronously open file (unable to open file: name = 'dataset/SCAMPS/scamps_videos/P001416.mat', errno = 2, error message = 'No such file or directory', flags = 0, o_flags = 0)"
SCAMPS,P001417,dataset/SCAMPS/scamps_videos/P001417.mat,,,,30.000000,"FileNotFoundError: [Errno 2] Unable to synchronously open file (unable to open file: name = 'dataset/SCAMPS/scamps_videos/P001417.mat', errno = 2, error message = 'No such file or directory', flags = 0, o_flags = 0)"
SCAMPS,P001418,dataset/SCAMPS/scamps_videos/P001418.mat,,,,30.000000,"FileNotFoundError: [Errno 2] Unable to synchronously open file (unable to open file: name = 'dataset/SCAMPS/scamps_videos/P001418.mat', errno = 2, error message = 'No such file or directory', flags = 0, o_flags = 0)"
SCAMPS,P001419,dataset/SCAMPS/scamps_videos/P001419.mat,,,,30.000000,"FileNotFoundError: [Errno 2] Unable to synchronously open file (unable to open file: name = 'dataset/SCAMPS/scamps_videos/P001419.mat', errno = 2, error message = 'No such file or directory', flags = 0, o_flags = 0)"
SCAMPS,P001420,dataset/SCAMPS/scamps_videos/P001420.mat,,,,30.000000,"FileNotFoundError: [Errno 2] Unable to synchronously open file (unable to open file: name = 'dataset/SCAMPS/scamps_videos/P001420.mat', errno = 2, error message = 'No such file or directory', flags = 0, o_flags = 0)"
SCAMPS,P001421,dataset/SCAMPS/scamps_videos/P001421.mat,,,,30.000000,"FileNotFoundError: [Errno 2] Unable to synchronously open file (unable to open file: name = 'dataset/SCAMPS/scamps_videos/P001421.mat', errno = 2, error message = 'No such file or directory', flags = 0, o_flags = 0)"
SCAMPS,P001422,dataset/SCAMPS/scamps_videos/P001422.mat,,,,30.000000,"FileNotFoundError: [Errno 2] Unable to synchronously open file (unable to open file: name = 'dataset/SCAMPS/scamps_videos/P001422.mat', errno = 2, error message = 'No such file or directory', flags = 0, o_flags = 0)"
SCAMPS,P001423,dataset/SCAMPS/scamps_videos/P001423.mat,,,,30.000000,"FileNotFoundError: [Errno 2] Unable to synchronously open file (unable to open file: name = 'dataset/SCAMPS/scamps_videos/P001423.mat', errno = 2, error message = 'No such file or directory', flags = 0, o_flags = 0)"
SCAMPS,P001424,dataset/SCAMPS/scamps_videos/P001424.mat,,,,30.000000,"FileNotFoundError: [Errno 2] Unable to synchronously open file (unable to open file: name = 'dataset/SCAMPS/scamps_videos/P001424.mat', errno = 2, error message = 'No such file or directory', flags = 0, o_flags = 0)"
SCAMPS,P001425,dataset/SCAMPS/scamps_videos/P001425.mat,,,,30.000000,"FileNotFoundError: [Errno 2] Unable to synchronously open file (unable to open file: name = 'dataset/SCAMPS/scamps_videos/P001425.mat', errno = 2, error message = 'No such file or directory', flags = 0, o_flags = 0)"
SCAMPS,P001426,dataset/SCAMPS/scamps_videos/P001426.mat,,,,30.000000,"FileNotFoundError: [Errno 2] Unable to synchronously open file (unable to open file: name = 'dataset/SCAMPS/scamps_videos/P001426.mat', errno = 2, error message = 'No such file or directory', flags = 0, o_flags = 0)"
SCAMPS,P001427,dataset/SCAMPS/scamps_videos/P001427.mat,,,,30.000000,"FileNotFoundError: [Errno 2] Unable to synchronously open file (unable to open file: name = 'dataset/SCAMPS/scamps_videos/P001427.mat', errno = 2, error message = 'No such file or directory', flags = 0, o_flags = 0)"
SCAMPS,P001428,dataset/SCAMPS/scamps_videos/P001428.mat,,,,30.000000,"FileNotFoundError: [Errno 2] Unable to synchronously open file (unable to open file: name = 'dataset/SCAMPS/scamps_videos/P001428.mat', errno = 2, error message = 'No such file or directory', flags = 0, o_flags = 0)"
SCAMPS,P001429,dataset/SCAMPS/scamps_videos/P001429.mat,,,,30.000000,"FileNotFoundError: [Errno 2] Unable to synchronously open file (unable to open file: name = 'dataset/SCAMPS/scamps_videos/P001429.mat', errno = 2, error message = 'No such file or directory', flags = 0, o_flags = 0)"
SCAMPS,P001430,dataset/SCAMPS/scamps_videos/P001430.mat,,,,30.000000,"FileNotFoundError: [Errno 2] Unable to synchronously open file (unable to open file: name = 'dataset/SCAMPS/scamps_videos/P001430.mat', errno = 2, error message = 'No such file or directory', flags = 0, o_flags = 0)"
SCAMPS,P001431,dataset/SCAMPS/scamps_videos/P001431.mat,,,,30.000000,"FileNotFoundError: [Errno 2] Unable to synchronously open file (unable to open file: name = 'dataset/SCAMPS/scamps_videos/P001431.mat', errno = 2, error message = 'No such file or directory', flags = 0, o_flags = 0)"
SCAMPS,P001432,dataset/SCAMPS/scamps_videos/P001432.mat,,,,30.000000,"FileNotFoundError: [Errno 2] Unable to synchronously open file (unable to open file: name = 'dataset/SCAMPS/scamps_videos/P001432.mat', errno = 2, error message = 'No such file or directory', flags = 0, o_flags = 0)"
SCAMPS,P001433,dataset/SCAMPS/scamps_videos/P001433.mat,,,,30.000000,"FileNotFoundError: [Errno 2] Unable to synchronously open file (unable to open file: name = 'dataset/SCAMPS/scamps_videos/P001433.mat', errno = 2, error message = 'No such file or directory', flags = 0, o_flags = 0)"
SCAMPS,P001434,dataset/SCAMPS/scamps_videos/P001434.mat,,,,30.000000,"FileNotFoundError: [Errno 2] Unable to synchronously open file (unable to open file: name = 'dataset/SCAMPS/scamps_videos/P001434.mat', errno = 2, error message = 'No such file or directory', flags = 0, o_flags = 0)"
SCAMPS,P001435,dataset/SCAMPS/scamps_videos/P001435.mat,,,,30.000000,"FileNotFoundError: [Errno 2] Unable to synchronously open file (unable to open file: name = 'dataset/SCAMPS/scamps_videos/P001435.mat', errno = 2, error message = 'No such file or directory', flags = 0, o_flags = 0)"
SCAMPS,P001436,dataset/SCAMPS/scamps_videos/P001436.mat,,,,30.000000,"FileNotFoundError: [Errno 2] Unable to synchronously open file (unable to open file: name = 'dataset/SCAMPS/scamps_videos/P001436.mat', errno = 2, error message = 'No such file or directory', flags = 0, o_flags = 0)"
SCAMPS,P001437,dataset/SCAMPS/scamps_videos/P001437.mat,,,,30.000000,"FileNotFoundError: [Errno 2] Unable to synchronously open file (unable to open file: name = 'dataset/SCAMPS/scamps_videos/P001437.mat', errno = 2, error message = 'No such file or directory', flags = 0, o_flags = 0)"
SCAMPS,P001438,dataset/SCAMPS/scamps_videos/P001438.mat,,,,30.000000,"FileNotFoundError: [Errno 2] Unable to synchronously open file (unable to open file: name = 'dataset/SCAMPS/scamps_videos/P001438.mat', errno = 2, error message = 'No such file or directory', flags = 0, o_flags = 0)"
SCAMPS,P001439,dataset/SCAMPS/scamps_videos/P001439.mat,,,,30.000000,"FileNotFoundError: [Errno 2] Unable to synchronously open file (unable to open file: name = 'dataset/SCAMPS/scamps_videos/P001439.mat', errno = 2, error message = 'No such file or directory', flags = 0, o_flags = 0)"
SCAMPS,P001440,dataset/SCAMPS/scamps_videos/P001440.mat,,,,30.000000,"FileNotFoundError: [Errno 2] Unable to synchronously open file (unable to open file: name = 'dataset/SCAMPS/scamps_videos/P001440.mat', errno = 2, error message = 'No such file or directory', flags = 0, o_flags = 0)"
SCAMPS,P001441,dataset/SCAMPS/scamps_videos/P001441.mat,,,,30.000000,"FileNotFoundError: [Errno 2] Unable to synchronously open file (unable to open file: name = 'dataset/SCAMPS/scamps_videos/P001441.mat', errno = 2, error message = 'No such file or directory', flags = 0, o_flags = 0)"
SCAMPS,P001442,dataset/SCAMPS/scamps_videos/P001442.mat,,,,30.000000,"FileNotFoundError: [Errno 2] Unable to synchronously open file (unable to open file: name = 'dataset/SCAMPS/scamps_videos/P001442.mat', errno = 2, error message = 'No such file or directory', flags = 0, o_flags = 0)"
SCAMPS,P001443,dataset/SCAMPS/scamps_videos/P001443.mat,,,,30.000000,"FileNotFoundError: [Errno 2] Unable to synchronously open file (unable to open file: name = 'dataset/SCAMPS/scamps_videos/P001443.mat', errno = 2, error message = 'No such file or directory', flags = 0, o_flags = 0)"
SCAMPS,P001444,dataset/SCAMPS/scamps_videos/P001444.mat,,,,30.000000,"FileNotFoundError: [Errno 2] Unable to synchronously open file (unable to open file: name = 'dataset/SCAMPS/scamps_videos/P001444.mat', errno = 2, error message = 'No such file or directory', flags = 0, o_flags = 0)"
SCAMPS,P001445,dataset/SCAMPS/scamps_videos/P001445.mat,,,,30.000000,"FileNotFoundError: [Errno 2] Unable to synchronously open file (unable to open file: name = 'dataset/SCAMPS/scamps_videos/P001445.mat', errno = 2, error message = 'No such file or directory', flags = 0, o_flags = 0)"
SCAMPS,P001446,dataset/SCAMPS/scamps_videos/P001446.mat,,,,30.000000,"FileNotFoundError: [Errno 2] Unable to synchronously open file (unable to open file: name = 'dataset/SCAMPS/scamps_videos/P001446.mat', errno = 2, error message = 'No such file or directory', flags = 0, o_flags = 0)"
SCAMPS,P001447,dataset/SCAMPS/scamps_videos/P001447.mat,,,,30.000000,"FileNotFoundError: [Errno 2] Unable to synchronously open file (unable to open file: name = 'dataset/SCAMPS/scamps_videos/P001447.mat', errno = 2, error message = 'No such file or directory', flags = 0, o_flags = 0)"
SCAMPS,P001448,dataset/SCAMPS/scamps_videos/P001448.mat,,,,30.000000,"FileNotFoundError: [Errno 2] Unable to synchronously open file (unable to open file: name = 'dataset/SCAMPS/scamps_videos/P001448.mat', errno = 2, error message = 'No such file or directory', flags = 0, o_flags = 0)"
SCAMPS,P001449,dataset/SCAMPS/scamps_videos/P001449.mat,,,,30.000000,"FileNotFoundError: [Errno 2] Unable to synchronously open file (unable to open file: name = 'dataset/SCAMPS/scamps_videos/P001449.mat', errno = 2, error message = 'No such file or directory', flags = 0, o_flags = 0)"
SCAMPS,P001450,dataset/SCAMPS/scamps_videos/P001450.mat,,,,30.000000,"FileNotFoundError: [Errno 2] Unable to synchronously open file (unable to open file: name = 'dataset/SCAMPS/scamps_videos/P001450.mat', errno = 2, error message = 'No such file or directory', flags = 0, o_flags = 0)"
SCAMPS,P001451,dataset/SCAMPS/scamps_videos/P001451.mat,,,,30.000000,"FileNotFoundError: [Errno 2] Unable to synchronously open file (unable to open file: name = 'dataset/SCAMPS/scamps_videos/P001451.mat', errno = 2, error message = 'No such file or directory', flags = 0, o_flags = 0)"
SCAMPS,P001452,dataset/SCAMPS/scamps_videos/P001452.mat,,,,30.000000,"FileNotFoundError: [Errno 2] Unable to synchronously open file (unable to open file: name = 'dataset/SCAMPS/scamps_videos/P001452.mat', errno = 2, error message = 'No such file or directory', flags = 0, o_flags = 0)"
SCAMPS,P001453,dataset/SCAMPS/scamps_videos/P001453.mat,,,,30.000000,"FileNotFoundError: [Errno 2] Unable to synchronously open file (unable to open file: name = 'dataset/SCAMPS/scamps_videos/P001453.mat', errno = 2, error message = 'No such file or directory', flags = 0, o_flags = 0)"
SCAMPS,P001454,dataset/SCAMPS/scamps_videos/P001454.mat,,,,30.000000,"FileNotFoundError: [Errno 2] Unable to synchronously open file (unable to open file: name = 'dataset/SCAMPS/scamps_videos/P001454.mat', errno = 2, error message = 'No such file or directory', flags = 0, o_flags = 0)"
SCAMPS,P001455,dataset/SCAMPS/scamps_videos/P001455.mat,,,,30.000000,"FileNotFoundError: [Errno 2] Unable to synchronously open file (unable to open file: name = 'dataset/SCAMPS/scamps_videos/P001455.mat', errno = 2, error message = 'No such file or directory', flags = 0, o_flags = 0)"
SCAMPS,P001456,dataset/SCAMPS/scamps_videos/P001456.mat,,,,30.000000,"FileNotFoundError: [Errno 2] Unable to synchronously open file (unable to open file: name = 'dataset/SCAMPS/scamps_videos/P001456.mat', errno = 2, error message = 'No such file or directory', flags = 0, o_flags = 0)"
SCAMPS,P001457,dataset/SCAMPS/scamps_videos/P001457.mat,,,,30.000000,"FileNotFoundError: [Errno 2] Unable to synchronously open file (unable to open file: name = 'dataset/SCAMPS/scamps_videos/P001457.mat', errno = 2, error message = 'No such file or directory', flags = 0, o_flags = 0)"
SCAMPS,P001458,dataset/SCAMPS/scamps_videos/P001458.mat,,,,30.000000,"FileNotFoundError: [Errno 2] Unable to synchronously open file (unable to open file: name = 'dataset/SCAMPS/scamps_videos/P001458.mat', errno = 2, error message = 'No such file or directory', flags = 0, o_flags = 0)"
SCAMPS,P001459,dataset/SCAMPS/scamps_videos/P001459.mat,,,,30.000000,"FileNotFoundError: [Errno 2] Unable to synchronously open file (unable to open file: name = 'dataset/SCAMPS/scamps_videos/P001459.mat', errno = 2, error message = 'No such file or directory', flags = 0, o_flags = 0)"
SCAMPS,P001460,dataset/SCAMPS/scamps_videos/P001460.mat,,,,30.000000,"FileNotFoundError: [Errno 2] Unable to synchronously open file (unable to open file: name = 'dataset/SCAMPS/scamps_videos/P001460.mat', errno = 2, error message = 'No such file or directory', flags = 0, o_flags = 0)"
SCAMPS,P001461,dataset/SCAMPS/scamps_videos/P001461.mat,,,,30.000000,"FileNotFoundError: [Errno 2] Unable to synchronously open file (unable to open file: name = 'dataset/SCAMPS/scamps_videos/P001461.mat', errno = 2, error message = 'No such file or directory', flags = 0, o_flags = 0)"
SCAMPS,P001462,dataset/SCAMPS/scamps_videos/P001462.mat,,,,30.000000,"FileNotFoundError: [Errno 2] Unable to synchronously open file (unable to open file: name = 'dataset/SCAMPS/scamps_videos/P001462.mat', errno = 2, error message = 'No such file or directory', flags = 0, o_flags = 0)"
SCAMPS,P001463,dataset/SCAMPS/scamps_videos/P001463.mat,,,,30.000000,"FileNotFoundError: [Errno 2] Unable to synchronously open file (unable to open file: name = 'dataset/SCAMPS/scamps_videos/P001463.mat', errno = 2, error message = 'No such file or directory', flags = 0, o_flags = 0)"
SCAMPS,P001464,dataset/SCAMPS/scamps_videos/P001464.mat,,,,30.000000,"FileNotFoundError: [Errno 2] Unable to synchronously open file (unable to open file: name = 'dataset/SCAMPS/scamps_videos/P001464.mat', errno = 2, error message = 'No such file or directory', flags = 0, o_flags = 0)"
SCAMPS,P001465,dataset/SCAMPS/scamps_videos/P001465.mat,,,,30.000000,"FileNotFoundError: [Errno 2] Unable to synchronously open file (unable to open file: name = 'dataset/SCAMPS/scamps_videos/P001465.mat', errno = 2, error message = 'No such file or directory', flags = 0, o_flags = 0)"
SCAMPS,P001466,dataset/SCAMPS/scamps_videos/P001466.mat,,,,30.000000,"FileNotFoundError: [Errno 2] Unable to synchronously open file (unable to open file: name = 'dataset/SCAMPS/scamps_videos/P001466.mat', errno = 2, error message = 'No such file or directory', flags = 0, o_flags = 0)"
SCAMPS,P001467,dataset/SCAMPS/scamps_videos/P001467.mat,,,,30.000000,"FileNotFoundError: [Errno 2] Unable to synchronously open file (unable to open file: name = 'dataset/SCAMPS/scamps_videos/P001467.mat', errno = 2, error message = 'No such file or directory', flags = 0, o_flags = 0)"
SCAMPS,P001468,dataset/SCAMPS/scamps_videos/P001468.mat,,,,30.000000,"FileNotFoundError: [Errno 2] Unable to synchronously open file (unable to open file: name = 'dataset/SCAMPS/scamps_videos/P001468.mat', errno = 2, error message = 'No such file or directory', flags = 0, o_flags = 0)"
SCAMPS,P001469,dataset/SCAMPS/scamps_videos/P001469.mat,,,,30.000000,"FileNotFoundError: [Errno 2] Unable to synchronously open file (unable to open file: name = 'dataset/SCAMPS/scamps_videos/P001469.mat', errno = 2, error message = 'No such file or directory', flags = 0, o_flags = 0)"
SCAMPS,P001470,dataset/SCAMPS/scamps_videos/P001470.mat,,,,30.000000,"FileNotFoundError: [Errno 2] Unable to synchronously open file (unable to open file: name = 'dataset/SCAMPS/scamps_videos/P001470.mat', errno = 2, error message = 'No such file or directory', flags = 0, o_flags = 0)"
SCAMPS,P001471,dataset/SCAMPS/scamps_videos/P001471.mat,,,,30.000000,"FileNotFoundError: [Errno 2] Unable to synchronously open file (unable to open file: name = 'dataset/SCAMPS/scamps_videos/P001471.mat', errno = 2, error message = 'No such file or directory', flags = 0, o_flags = 0)"
SCAMPS,P001472,dataset/SCAMPS/scamps_videos/P001472.mat,,,,30.000000,"FileNotFoundError: [Errno 2] Unable to synchronously open file (unable to open file: name = 'dataset/SCAMPS/scamps_videos/P001472.mat', errno = 2, error message = 'No such file or directory', flags = 0, o_flags = 0)"
SCAMPS,P001473,dataset/SCAMPS/scamps_videos/P001473.mat,,,,30.000000,"FileNotFoundError: [Errno 2] Unable to synchronously open file (unable to open file: name = 'dataset/SCAMPS/scamps_videos/P001473.mat', errno = 2, error message = 'No such file or directory', flags = 0, o_flags = 0)"
SCAMPS,P001474,dataset/SCAMPS/scamps_videos/P001474.mat,,,,30.000000,"FileNotFoundError: [Errno 2] Unable to synchronously open file (unable to open file: name = 'dataset/SCAMPS/scamps_videos/P001474.mat', errno = 2, error message = 'No such file or directory', flags = 0, o_flags = 0)"
SCAMPS,P001475,dataset/SCAMPS/scamps_videos/P001475.mat,,,,30.000000,"FileNotFoundError: [Errno 2] Unable to synchronously open file (unable to open file: name = 'dataset/SCAMPS/scamps_videos/P001475.mat', errno = 2, error message = 'No such file or directory', flags = 0, o_flags = 0)"
SCAMPS,P001476,dataset/SCAMPS/scamps_videos/P001476.mat,,,,30.000000,"FileNotFoundError: [Errno 2] Unable to synchronously open file (unable to open file: name = 'dataset/SCAMPS/scamps_videos/P001476.mat', errno = 2, error message = 'No such file or directory', flags = 0, o_flags = 0)"
SCAMPS,P001477,dataset/SCAMPS/scamps_videos/P001477.mat,,,,30.000000,"FileNotFoundError: [Errno 2] Unable to synchronously open file (unable to open file: name = 'dataset/SCAMPS/scamps_videos/P001477.mat', errno = 2, error message = 'No such file or directory', flags = 0, o_flags = 0)"
SCAMPS,P001478,dataset/SCAMPS/scamps_videos/P001478.mat,,,,30.000000,"FileNotFoundError: [Errno 2] Unable to synchronously open file (unable to open file: name = 'dataset/SCAMPS/scamps_videos/P001478.mat', errno = 2, error message = 'No such file or directory', flags = 0, o_flags = 0)"
SCAMPS,P001479,dataset/SCAMPS/scamps_videos/P001479.mat,,,,30.000000,"FileNotFoundError: [Errno 2] Unable to synchronously open file (unable to open file: name = 'dataset/SCAMPS/scamps_videos/P001479.mat', errno = 2, error message = 'No such file or directory', flags = 0, o_flags = 0)"
SCAMPS,P001480,dataset/SCAMPS/scamps_videos/P001480.mat,,,,30.000000,"FileNotFoundError: [Errno 2] Unable to synchronously open file (unable to open file: name = 'dataset/SCAMPS/scamps_videos/P001480.mat', errno = 2, error message = 'No such file or directory', flags = 0, o_flags = 0)"
SCAMPS,P001481,dataset/SCAMPS/scamps_videos/P001481.mat,,,,30.000000,"FileNotFoundError: [Errno 2] Unable to synchronously open file (unable to open file: name = 'dataset/SCAMPS/scamps_videos/P001481.mat', errno = 2, error message = 'No such file or directory', flags = 0, o_flags = 0)"
SCAMPS,P001482,dataset/SCAMPS/scamps_videos/P001482.mat,,,,30.000000,"FileNotFoundError: [Errno 2] Unable to synchronously open file (unable to open file: name = 'dataset/SCAMPS/scamps_videos/P001482.mat', errno = 2, error message = 'No such file or directory', flags = 0, o_flags = 0)"
SCAMPS,P001483,dataset/SCAMPS/scamps_videos/P001483.mat,,,,30.000000,"FileNotFoundError: [Errno 2] Unable to synchronously open file (unable to open file: name = 'dataset/SCAMPS/scamps_videos/P001483.mat', errno = 2, error message = 'No such file or directory', flags = 0, o_flags = 0)"
SCAMPS,P001484,dataset/SCAMPS/scamps_videos/P001484.mat,,,,30.000000,"FileNotFoundError: [Errno 2] Unable to synchronously open file (unable to open file: name = 'dataset/SCAMPS/scamps_videos/P001484.mat', errno = 2, error message = 'No such file or directory', flags = 0, o_flags = 0)"
SCAMPS,P001485,dataset/SCAMPS/scamps_videos/P001485.mat,,,,30.000000,"FileNotFoundError: [Errno 2] Unable to synchronously open file (unable to open file: name = 'dataset/SCAMPS/scamps_videos/P001485.mat', errno = 2, error message = 'No such file or directory', flags = 0, o_flags = 0)"
SCAMPS,P001486,dataset/SCAMPS/scamps_videos/P001486.mat,,,,30.000000,"FileNotFoundError: [Errno 2] Unable to synchronously open file (unable to open file: name = 'dataset/SCAMPS/scamps_videos/P001486.mat', errno = 2, error message = 'No such file or directory', flags = 0, o_flags = 0)"
SCAMPS,P001487,dataset/SCAMPS/scamps_videos/P001487.mat,,,,30.000000,"FileNotFoundError: [Errno 2] Unable to synchronously open file (unable to open file: name = 'dataset/SCAMPS/scamps_videos/P001487.mat', errno = 2, error message = 'No such file or directory', flags = 0, o_flags = 0)"
SCAMPS,P001488,dataset/SCAMPS/scamps_videos/P001488.mat,,,,30.000000,"FileNotFoundError: [Errno 2] Unable to synchronously open file (unable to open file: name = 'dataset/SCAMPS/scamps_videos/P001488.mat', errno = 2, error message = 'No such file or directory', flags = 0, o_flags = 0)"
SCAMPS,P001489,dataset/SCAMPS/scamps_videos/P001489.mat,,,,30.000000,"FileNotFoundError: [Errno 2] Unable to synchronously open file (unable to open file: name = 'dataset/SCAMPS/scamps_videos/P001489.mat', errno = 2, error message = 'No such file or directory', flags = 0, o_flags = 0)"
SCAMPS,P001490,dataset/SCAMPS/scamps_videos/P001490.mat,,,,30.000000,"FileNotFoundError: [Errno 2] Unable to synchronously open file (unable to open file: name = 'dataset/SCAMPS/scamps_videos/P001490.mat', errno = 2, error message = 'No such file or directory', flags = 0, o_flags = 0)"
SCAMPS,P001491,dataset/SCAMPS/scamps_videos/P001491.mat,,,,30.000000,"FileNotFoundError: [Errno 2] Unable to synchronously open file (unable to open file: name = 'dataset/SCAMPS/scamps_videos/P001491.mat', errno = 2, error message = 'No such file or directory', flags = 0, o_flags = 0)"
SCAMPS,P001492,dataset/SCAMPS/scamps_videos/P001492.mat,,,,30.000000,"FileNotFoundError: [Errno 2] Unable to synchronously open file (unable to open file: name = 'dataset/SCAMPS/scamps_videos/P001492.mat', errno = 2, error message = 'No such file or directory', flags = 0, o_flags = 0)"
SCAMPS,P001493,dataset/SCAMPS/scamps_videos/P001493.mat,,,,30.000000,"FileNotFoundError: [Errno 2] Unable to synchronously open file (unable to open file: name = 'dataset/SCAMPS/scamps_videos/P001493.mat', errno = 2, error message = 'No such file or directory', flags = 0, o_flags = 0)"
SCAMPS,P001494,dataset/SCAMPS/scamps_videos/P001494.mat,,,,30.000000,"FileNotFoundError: [Errno 2] Unable to synchronously open file (unable to open file: name = 'dataset/SCAMPS/scamps_videos/P001494.mat', errno = 2, error message = 'No such file or directory', flags = 0, o_flags = 0)"
SCAMPS,P001495,dataset/SCAMPS/scamps_videos/P001495.mat,,,,30.000000,"FileNotFoundError: [Errno 2] Unable to synchronously open file (unable to open file: name = 'dataset/SCAMPS/scamps_videos/P001495.mat', errno = 2, error message = 'No such file or directory', flags = 0, o_flags = 0)"
SCAMPS,P001496,dataset/SCAMPS/scamps_videos/P001496.mat,,,,30.000000,"FileNotFoundError: [Errno 2] Unable to synchronously open file (unable to open file: name = 'dataset/SCAMPS/scamps_videos/P001496.mat', errno = 2, error message = 'No such file or directory', flags = 0, o_flags = 0)"
SCAMPS,P001497,dataset/SCAMPS/scamps_videos/P001497.mat,,,,30.000000,"FileNotFoundError: [Errno 2] Unable to synchronously open file (unable to open file: name = 'dataset/SCAMPS/scamps_videos/P001497.mat', errno = 2, error message = 'No such file or directory', flags = 0, o_flags = 0)"
SCAMPS,P001498,dataset/SCAMPS/scamps_videos/P001498.mat,,,,30.000000,"FileNotFoundError: [Errno 2] Unable to synchronously open file (unable to open file: name = 'dataset/SCAMPS/scamps_videos/P001498.mat', errno = 2, error message = 'No such file or directory', flags = 0, o_flags = 0)"
SCAMPS,P001499,dataset/SCAMPS/scamps_videos/P001499.mat,,,,30.000000,"FileNotFoundError: [Errno 2] Unable to synchronously open file (unable to open file: name = 'dataset/SCAMPS/scamps_videos/P001499.mat', errno = 2, error message = 'No such file or directory', flags = 0, o_flags = 0)"
SCAMPS,P001500,dataset/SCAMPS/scamps_videos/P001500.mat,,,,30.000000,"FileNotFoundError: [Errno 2] Unable to synchronously open file (unable to open file: name = 'dataset/SCAMPS/scamps_videos/P001500.mat', errno = 2, error message = 'No such file or directory', flags = 0, o_flags = 0)"
SCAMPS,P001501,dataset/SCAMPS/scamps_videos/P001501.mat,,,,30.000000,"FileNotFoundError: [Errno 2] Unable to synchronously open file (unable to open file: name = 'dataset/SCAMPS/scamps_videos/P001501.mat', errno = 2, error message = 'No such file or directory', flags = 0, o_flags = 0)"
SCAMPS,P001502,dataset/SCAMPS/scamps_videos/P001502.mat,,,,30.000000,"FileNotFoundError: [Errno 2] Unable to synchronously open file (unable to open file: name = 'dataset/SCAMPS/scamps_videos/P001502.mat', errno = 2, error message = 'No such file or directory', flags = 0, o_flags = 0)"
SCAMPS,P001503,dataset/SCAMPS/scamps_videos/P001503.mat,,,,30.000000,"FileNotFoundError: [Errno 2] Unable to synchronously open file (unable to open file: name = 'dataset/SCAMPS/scamps_videos/P001503.mat', errno = 2, error message = 'No such file or directory', flags = 0, o_flags = 0)"
SCAMPS,P001504,dataset/SCAMPS/scamps_videos/P001504.mat,,,,30.000000,"FileNotFoundError: [Errno 2] Unable to synchronously open file (unable to open file: name = 'dataset/SCAMPS/scamps_videos/P001504.mat', errno = 2, error message = 'No such file or directory', flags = 0, o_flags = 0)"
SCAMPS,P001505,dataset/SCAMPS/scamps_videos/P001505.mat,,,,30.000000,"FileNotFoundError: [Errno 2] Unable to synchronously open file (unable to open file: name = 'dataset/SCAMPS/scamps_videos/P001505.mat', errno = 2, error message = 'No such file or directory', flags = 0, o_flags = 0)"
SCAMPS,P001506,dataset/SCAMPS/scamps_videos/P001506.mat,,,,30.000000,"FileNotFoundError: [Errno 2] Unable to synchronously open file (unable to open file: name = 'dataset/SCAMPS/scamps_videos/P001506.mat', errno = 2, error message = 'No such file or directory', flags = 0, o_flags = 0)"
SCAMPS,P001507,dataset/SCAMPS/scamps_videos/P001507.mat,,,,30.000000,"FileNotFoundError: [Errno 2] Unable to synchronously open file (unable to open file: name = 'dataset/SCAMPS/scamps_videos/P001507.mat', errno = 2, error message = 'No such file or directory', flags = 0, o_flags = 0)"
SCAMPS,P001508,dataset/SCAMPS/scamps_videos/P001508.mat,,,,30.000000,"FileNotFoundError: [Errno 2] Unable to synchronously open file (unable to open file: name = 'dataset/SCAMPS/scamps_videos/P001508.mat', errno = 2, error message = 'No such file or directory', flags = 0, o_flags = 0)"
SCAMPS,P001509,dataset/SCAMPS/scamps_videos/P001509.mat,,,,30.000000,"FileNotFoundError: [Errno 2] Unable to synchronously open file (unable to open file: name = 'dataset/SCAMPS/scamps_videos/P001509.mat', errno = 2, error message = 'No such file or directory', flags = 0, o_flags = 0)"
SCAMPS,P001510,dataset/SCAMPS/scamps_videos/P001510.mat,,,,30.000000,"FileNotFoundError: [Errno 2] Unable to synchronously open file (unable to open file: name = 'dataset/SCAMPS/scamps_videos/P001510.mat', errno = 2, error message = 'No such file or directory', flags = 0, o_flags = 0)"
SCAMPS,P001511,dataset/SCAMPS/scamps_videos/P001511.mat,,,,30.000000,"FileNotFoundError: [Errno 2] Unable to synchronously open file (unable to open file: name = 'dataset/SCAMPS/scamps_videos/P001511.mat', errno = 2, error message = 'No such file or directory', flags = 0, o_flags = 0)"
SCAMPS,P001512,dataset/SCAMPS/scamps_videos/P001512.mat,,,,30.000000,"FileNotFoundError: [Errno 2] Unable to synchronously open file (unable to open file: name = 'dataset/SCAMPS/scamps_videos/P001512.mat', errno = 2, error message = 'No such file or directory', flags = 0, o_flags = 0)"
SCAMPS,P001513,dataset/SCAMPS/scamps_videos/P001513.mat,,,,30.000000,"FileNotFoundError: [Errno 2] Unable to synchronously open file (unable to open file: name = 'dataset/SCAMPS/scamps_videos/P001513.mat', errno = 2, error message = 'No such file or directory', flags = 0, o_flags = 0)"
SCAMPS,P001514,dataset/SCAMPS/scamps_videos/P001514.mat,,,,30.000000,"FileNotFoundError: [Errno 2] Unable to synchronously open file (unable to open file: name = 'dataset/SCAMPS/scamps_videos/P001514.mat', errno = 2, error message = 'No such file or directory', flags = 0, o_flags = 0)"
SCAMPS,P001515,dataset/SCAMPS/scamps_videos/P001515.mat,,,,30.000000,"FileNotFoundError: [Errno 2] Unable to synchronously open file (unable to open file: name = 'dataset/SCAMPS/scamps_videos/P001515.mat', errno = 2, error message = 'No such file or directory', flags = 0, o_flags = 0)"
SCAMPS,P001516,dataset/SCAMPS/scamps_videos/P001516.mat,,,,30.000000,"FileNotFoundError: [Errno 2] Unable to synchronously open file (unable to open file: name = 'dataset/SCAMPS/scamps_videos/P001516.mat', errno = 2, error message = 'No such file or directory', flags = 0, o_flags = 0)"
SCAMPS,P001517,dataset/SCAMPS/scamps_videos/P001517.mat,,,,30.000000,"FileNotFoundError: [Errno 2] Unable to synchronously open file (unable to open file: name = 'dataset/SCAMPS/scamps_videos/P001517.mat', errno = 2, error message = 'No such file or directory', flags = 0, o_flags = 0)"
SCAMPS,P001518,dataset/SCAMPS/scamps_videos/P001518.mat,,,,30.000000,"FileNotFoundError: [Errno 2] Unable to synchronously open file (unable to open file: name = 'dataset/SCAMPS/scamps_videos/P001518.mat', errno = 2, error message = 'No such file or directory', flags = 0, o_flags = 0)"
SCAMPS,P001519,dataset/SCAMPS/scamps_videos/P001519.mat,,,,30.000000,"FileNotFoundError: [Errno 2] Unable to synchronously open file (unable to open file: name = 'dataset/SCAMPS/scamps_videos/P001519.mat', errno = 2, error message = 'No such file or directory', flags = 0, o_flags = 0)"
SCAMPS,P001520,dataset/SCAMPS/scamps_videos/P001520.mat,,,,30.000000,"FileNotFoundError: [Errno 2] Unable to synchronously open file (unable to open file: name = 'dataset/SCAMPS/scamps_videos/P001520.mat', errno = 2, error message = 'No such file or directory', flags = 0, o_flags = 0)"
SCAMPS,P001521,dataset/SCAMPS/scamps_videos/P001521.mat,,,,30.000000,"FileNotFoundError: [Errno 2] Unable to synchronously open file (unable to open file: name = 'dataset/SCAMPS/scamps_videos/P001521.mat', errno = 2, error message = 'No such file or directory', flags = 0, o_flags = 0)"
SCAMPS,P001522,dataset/SCAMPS/scamps_videos/P001522.mat,,,,30.000000,"FileNotFoundError: [Errno 2] Unable to synchronously open file (unable to open file: name = 'dataset/SCAMPS/scamps_videos/P001522.mat', errno = 2, error message = 'No such file or directory', flags = 0, o_flags = 0)"
SCAMPS,P001523,dataset/SCAMPS/scamps_videos/P001523.mat,,,,30.000000,"FileNotFoundError: [Errno 2] Unable to synchronously open file (unable to open file: name = 'dataset/SCAMPS/scamps_videos/P001523.mat', errno = 2, error message = 'No such file or directory', flags = 0, o_flags = 0)"
SCAMPS,P001524,dataset/SCAMPS/scamps_videos/P001524.mat,,,,30.000000,"FileNotFoundError: [Errno 2] Unable to synchronously open file (unable to open file: name = 'dataset/SCAMPS/scamps_videos/P001524.mat', errno = 2, error message = 'No such file or directory', flags = 0, o_flags = 0)"
SCAMPS,P001525,dataset/SCAMPS/scamps_videos/P001525.mat,,,,30.000000,"FileNotFoundError: [Errno 2] Unable to synchronously open file (unable to open file: name = 'dataset/SCAMPS/scamps_videos/P001525.mat', errno = 2, error message = 'No such file or directory', flags = 0, o_flags = 0)"
SCAMPS,P001526,dataset/SCAMPS/scamps_videos/P001526.mat,,,,30.000000,"FileNotFoundError: [Errno 2] Unable to synchronously open file (unable to open file: name = 'dataset/SCAMPS/scamps_videos/P001526.mat', errno = 2, error message = 'No such file or directory', flags = 0, o_flags = 0)"
SCAMPS,P001527,dataset/SCAMPS/scamps_videos/P001527.mat,,,,30.000000,"FileNotFoundError: [Errno 2] Unable to synchronously open file (unable to open file: name = 'dataset/SCAMPS/scamps_videos/P001527.mat', errno = 2, error message = 'No such file or directory', flags = 0, o_flags = 0)"
SCAMPS,P001528,dataset/SCAMPS/scamps_videos/P001528.mat,,,,30.000000,"FileNotFoundError: [Errno 2] Unable to synchronously open file (unable to open file: name = 'dataset/SCAMPS/scamps_videos/P001528.mat', errno = 2, error message = 'No such file or directory', flags = 0, o_flags = 0)"
SCAMPS,P001529,dataset/SCAMPS/scamps_videos/P001529.mat,,,,30.000000,"FileNotFoundError: [Errno 2] Unable to synchronously open file (unable to open file: name = 'dataset/SCAMPS/scamps_videos/P001529.mat', errno = 2, error message = 'No such file or directory', flags = 0, o_flags = 0)"
SCAMPS,P001530,dataset/SCAMPS/scamps_videos/P001530.mat,,,,30.000000,"FileNotFoundError: [Errno 2] Unable to synchronously open file (unable to open file: name = 'dataset/SCAMPS/scamps_videos/P001530.mat', errno = 2, error message = 'No such file or directory', flags = 0, o_flags = 0)"
SCAMPS,P001531,dataset/SCAMPS/scamps_videos/P001531.mat,,,,30.000000,"FileNotFoundError: [Errno 2] Unable to synchronously open file (unable to open file: name = 'dataset/SCAMPS/scamps_videos/P001531.mat', errno = 2, error message = 'No such file or directory', flags = 0, o_flags = 0)"
SCAMPS,P001532,dataset/SCAMPS/scamps_videos/P001532.mat,,,,30.000000,"FileNotFoundError: [Errno 2] Unable to synchronously open file (unable to open file: name = 'dataset/SCAMPS/scamps_videos/P001532.mat', errno = 2, error message = 'No such file or directory', flags = 0, o_flags = 0)"
SCAMPS,P001533,dataset/SCAMPS/scamps_videos/P001533.mat,,,,30.000000,"FileNotFoundError: [Errno 2] Unable to synchronously open file (unable to open file: name = 'dataset/SCAMPS/scamps_videos/P001533.mat', errno = 2, error message = 'No such file or directory', flags = 0, o_flags = 0)"
SCAMPS,P001534,dataset/SCAMPS/scamps_videos/P001534.mat,,,,30.000000,"FileNotFoundError: [Errno 2] Unable to synchronously open file (unable to open file: name = 'dataset/SCAMPS/scamps_videos/P001534.mat', errno = 2, error message = 'No such file or directory', flags = 0, o_flags = 0)"
SCAMPS,P001535,dataset/SCAMPS/scamps_videos/P001535.mat,,,,30.000000,"FileNotFoundError: [Errno 2] Unable to synchronously open file (unable to open file: name = 'dataset/SCAMPS/scamps_videos/P001535.mat', errno = 2, error message = 'No such file or directory', flags = 0, o_flags = 0)"
SCAMPS,P001536,dataset/SCAMPS/scamps_videos/P001536.mat,,,,30.000000,"FileNotFoundError: [Errno 2] Unable to synchronously open file (unable to open file: name = 'dataset/SCAMPS/scamps_videos/P001536.mat', errno = 2, error message = 'No such file or directory', flags = 0, o_flags = 0)"
SCAMPS,P001537,dataset/SCAMPS/scamps_videos/P001537.mat,,,,30.000000,"FileNotFoundError: [Errno 2] Unable to synchronously open file (unable to open file: name = 'dataset/SCAMPS/scamps_videos/P001537.mat', errno = 2, error message = 'No such file or directory', flags = 0, o_flags = 0)"
SCAMPS,P001538,dataset/SCAMPS/scamps_videos/P001538.mat,,,,30.000000,"FileNotFoundError: [Errno 2] Unable to synchronously open file (unable to open file: name = 'dataset/SCAMPS/scamps_videos/P001538.mat', errno = 2, error message = 'No such file or directory', flags = 0, o_flags = 0)"
SCAMPS,P001539,dataset/SCAMPS/scamps_videos/P001539.mat,,,,30.000000,"FileNotFoundError: [Errno 2] Unable to synchronously open file (unable to open file: name = 'dataset/SCAMPS/scamps_videos/P001539.mat', errno = 2, error message = 'No such file or directory', flags = 0, o_flags = 0)"
SCAMPS,P001540,dataset/SCAMPS/scamps_videos/P001540.mat,,,,30.000000,"FileNotFoundError: [Errno 2] Unable to synchronously open file (unable to open file: name = 'dataset/SCAMPS/scamps_videos/P001540.mat', errno = 2, error message = 'No such file or directory', flags = 0, o_flags = 0)"
SCAMPS,P001541,dataset/SCAMPS/scamps_videos/P001541.mat,,,,30.000000,"FileNotFoundError: [Errno 2] Unable to synchronously open file (unable to open file: name = 'dataset/SCAMPS/scamps_videos/P001541.mat', errno = 2, error message = 'No such file or directory', flags = 0, o_flags = 0)"
SCAMPS,P001542,dataset/SCAMPS/scamps_videos/P001542.mat,,,,30.000000,"FileNotFoundError: [Errno 2] Unable to synchronously open file (unable to open file: name = 'dataset/SCAMPS/scamps_videos/P001542.mat', errno = 2, error message = 'No such file or directory', flags = 0, o_flags = 0)"
SCAMPS,P001543,dataset/SCAMPS/scamps_videos/P001543.mat,,,,30.000000,"FileNotFoundError: [Errno 2] Unable to synchronously open file (unable to open file: name = 'dataset/SCAMPS/scamps_videos/P001543.mat', errno = 2, error message = 'No such file or directory', flags = 0, o_flags = 0)"
SCAMPS,P001544,dataset/SCAMPS/scamps_videos/P001544.mat,,,,30.000000,"FileNotFoundError: [Errno 2] Unable to synchronously open file (unable to open file: name = 'dataset/SCAMPS/scamps_videos/P001544.mat', errno = 2, error message = 'No such file or directory', flags = 0, o_flags = 0)"
SCAMPS,P001545,dataset/SCAMPS/scamps_videos/P001545.mat,,,,30.000000,"FileNotFoundError: [Errno 2] Unable to synchronously open file (unable to open file: name = 'dataset/SCAMPS/scamps_videos/P001545.mat', errno = 2, error message = 'No such file or directory', flags = 0, o_flags = 0)"
SCAMPS,P001546,dataset/SCAMPS/scamps_videos/P001546.mat,,,,30.000000,"FileNotFoundError: [Errno 2] Unable to synchronously open file (unable to open file: name = 'dataset/SCAMPS/scamps_videos/P001546.mat', errno = 2, error message = 'No such file or directory', flags = 0, o_flags = 0)"
SCAMPS,P001547,dataset/SCAMPS/scamps_videos/P001547.mat,,,,30.000000,"FileNotFoundError: [Errno 2] Unable to synchronously open file (unable to open file: name = 'dataset/SCAMPS/scamps_videos/P001547.mat', errno = 2, error message = 'No such file or directory', flags = 0, o_flags = 0)"
SCAMPS,P001548,dataset/SCAMPS/scamps_videos/P001548.mat,,,,30.000000,"FileNotFoundError: [Errno 2] Unable to synchronously open file (unable to open file: name = 'dataset/SCAMPS/scamps_videos/P001548.mat', errno = 2, error message = 'No such file or directory', flags = 0, o_flags = 0)"
SCAMPS,P001549,dataset/SCAMPS/scamps_videos/P001549.mat,,,,30.000000,"FileNotFoundError: [Errno 2] Unable to synchronously open file (unable to open file: name = 'dataset/SCAMPS/scamps_videos/P001549.mat', errno = 2, error message = 'No such file or directory', flags = 0, o_flags = 0)"
SCAMPS,P001550,dataset/SCAMPS/scamps_videos/P001550.mat,,,,30.000000,"FileNotFoundError: [Errno 2] Unable to synchronously open file (unable to open file: name = 'dataset/SCAMPS/scamps_videos/P001550.mat', errno = 2, error message = 'No such file or directory', flags = 0, o_flags = 0)"
SCAMPS,P001551,dataset/SCAMPS/scamps_videos/P001551.mat,,,,30.000000,"FileNotFoundError: [Errno 2] Unable to synchronously open file (unable to open file: name = 'dataset/SCAMPS/scamps_videos/P001551.mat', errno = 2, error message = 'No such file or directory', flags = 0, o_flags = 0)"
SCAMPS,P001552,dataset/SCAMPS/scamps_videos/P001552.mat,,,,30.000000,"FileNotFoundError: [Errno 2] Unable to synchronously open file (unable to open file: name = 'dataset/SCAMPS/scamps_videos/P001552.mat', errno = 2, error message = 'No such file or directory', flags = 0, o_flags = 0)"
SCAMPS,P001553,dataset/SCAMPS/scamps_videos/P001553.mat,,,,30.000000,"FileNotFoundError: [Errno 2] Unable to synchronously open file (unable to open file: name = 'dataset/SCAMPS/scamps_videos/P001553.mat', errno = 2, error message = 'No such file or directory', flags = 0, o_flags = 0)"
SCAMPS,P001554,dataset/SCAMPS/scamps_videos/P001554.mat,,,,30.000000,"FileNotFoundError: [Errno 2] Unable to synchronously open file (unable to open file: name = 'dataset/SCAMPS/scamps_videos/P001554.mat', errno = 2, error message = 'No such file or directory', flags = 0, o_flags = 0)"
SCAMPS,P001555,dataset/SCAMPS/scamps_videos/P001555.mat,,,,30.000000,"FileNotFoundError: [Errno 2] Unable to synchronously open file (unable to open file: name = 'dataset/SCAMPS/scamps_videos/P001555.mat', errno = 2, error message = 'No such file or directory', flags = 0, o_flags = 0)"
SCAMPS,P001556,dataset/SCAMPS/scamps_videos/P001556.mat,,,,30.000000,"FileNotFoundError: [Errno 2] Unable to synchronously open file (unable to open file: name = 'dataset/SCAMPS/scamps_videos/P001556.mat', errno = 2, error message = 'No such file or directory', flags = 0, o_flags = 0)"
SCAMPS,P001557,dataset/SCAMPS/scamps_videos/P001557.mat,,,,30.000000,"FileNotFoundError: [Errno 2] Unable to synchronously open file (unable to open file: name = 'dataset/SCAMPS/scamps_videos/P001557.mat', errno = 2, error message = 'No such file or directory', flags = 0, o_flags = 0)"
SCAMPS,P001558,dataset/SCAMPS/scamps_videos/P001558.mat,,,,30.000000,"FileNotFoundError: [Errno 2] Unable to synchronously open file (unable to open file: name = 'dataset/SCAMPS/scamps_videos/P001558.mat', errno = 2, error message = 'No such file or directory', flags = 0, o_flags = 0)"
SCAMPS,P001559,dataset/SCAMPS/scamps_videos/P001559.mat,,,,30.000000,"FileNotFoundError: [Errno 2] Unable to synchronously open file (unable to open file: name = 'dataset/SCAMPS/scamps_videos/P001559.mat', errno = 2, error message = 'No such file or directory', flags = 0, o_flags = 0)"
SCAMPS,P001560,dataset/SCAMPS/scamps_videos/P001560.mat,,,,30.000000,"FileNotFoundError: [Errno 2] Unable to synchronously open file (unable to open file: name = 'dataset/SCAMPS/scamps_videos/P001560.mat', errno = 2, error message = 'No such file or directory', flags = 0, o_flags = 0)"
SCAMPS,P001561,dataset/SCAMPS/scamps_videos/P001561.mat,,,,30.000000,"FileNotFoundError: [Errno 2] Unable to synchronously open file (unable to open file: name = 'dataset/SCAMPS/scamps_videos/P001561.mat', errno = 2, error message = 'No such file or directory', flags = 0, o_flags = 0)"
SCAMPS,P001562,dataset/SCAMPS/scamps_videos/P001562.mat,,,,30.000000,"FileNotFoundError: [Errno 2] Unable to synchronously open file (unable to open file: name = 'dataset/SCAMPS/scamps_videos/P001562.mat', errno = 2, error message = 'No such file or directory', flags = 0, o_flags = 0)"
SCAMPS,P001563,dataset/SCAMPS/scamps_videos/P001563.mat,,,,30.000000,"FileNotFoundError: [Errno 2] Unable to synchronously open file (unable to open file: name = 'dataset/SCAMPS/scamps_videos/P001563.mat', errno = 2, error message = 'No such file or directory', flags = 0, o_flags = 0)"
SCAMPS,P001564,dataset/SCAMPS/scamps_videos/P001564.mat,,,,30.000000,"FileNotFoundError: [Errno 2] Unable to synchronously open file (unable to open file: name = 'dataset/SCAMPS/scamps_videos/P001564.mat', errno = 2, error message = 'No such file or directory', flags = 0, o_flags = 0)"
SCAMPS,P001565,dataset/SCAMPS/scamps_videos/P001565.mat,,,,30.000000,"FileNotFoundError: [Errno 2] Unable to synchronously open file (unable to open file: name = 'dataset/SCAMPS/scamps_videos/P001565.mat', errno = 2, error message = 'No such file or directory', flags = 0, o_flags = 0)"
SCAMPS,P001566,dataset/SCAMPS/scamps_videos/P001566.mat,,,,30.000000,"FileNotFoundError: [Errno 2] Unable to synchronously open file (unable to open file: name = 'dataset/SCAMPS/scamps_videos/P001566.mat', errno = 2, error message = 'No such file or directory', flags = 0, o_flags = 0)"
SCAMPS,P001567,dataset/SCAMPS/scamps_videos/P001567.mat,,,,30.000000,"FileNotFoundError: [Errno 2] Unable to synchronously open file (unable to open file: name = 'dataset/SCAMPS/scamps_videos/P001567.mat', errno = 2, error message = 'No such file or directory', flags = 0, o_flags = 0)"
SCAMPS,P001568,dataset/SCAMPS/scamps_videos/P001568.mat,,,,30.000000,"FileNotFoundError: [Errno 2] Unable to synchronously open file (unable to open file: name = 'dataset/SCAMPS/scamps_videos/P001568.mat', errno = 2, error message = 'No such file or directory', flags = 0, o_flags = 0)"
SCAMPS,P001569,dataset/SCAMPS/scamps_videos/P001569.mat,,,,30.000000,"FileNotFoundError: [Errno 2] Unable to synchronously open file (unable to open file: name = 'dataset/SCAMPS/scamps_videos/P001569.mat', errno = 2, error message = 'No such file or directory', flags = 0, o_flags = 0)"
SCAMPS,P001570,dataset/SCAMPS/scamps_videos/P001570.mat,,,,30.000000,"FileNotFoundError: [Errno 2] Unable to synchronously open file (unable to open file: name = 'dataset/SCAMPS/scamps_videos/P001570.mat', errno = 2, error message = 'No such file or directory', flags = 0, o_flags = 0)"
SCAMPS,P001571,dataset/SCAMPS/scamps_videos/P001571.mat,,,,30.000000,"FileNotFoundError: [Errno 2] Unable to synchronously open file (unable to open file: name = 'dataset/SCAMPS/scamps_videos/P001571.mat', errno = 2, error message = 'No such file or directory', flags = 0, o_flags = 0)"
SCAMPS,P001572,dataset/SCAMPS/scamps_videos/P001572.mat,,,,30.000000,"FileNotFoundError: [Errno 2] Unable to synchronously open file (unable to open file: name = 'dataset/SCAMPS/scamps_videos/P001572.mat', errno = 2, error message = 'No such file or directory', flags = 0, o_flags = 0)"
SCAMPS,P001573,dataset/SCAMPS/scamps_videos/P001573.mat,,,,30.000000,"FileNotFoundError: [Errno 2] Unable to synchronously open file (unable to open file: name = 'dataset/SCAMPS/scamps_videos/P001573.mat', errno = 2, error message = 'No such file or directory', flags = 0, o_flags = 0)"
SCAMPS,P001574,dataset/SCAMPS/scamps_videos/P001574.mat,,,,30.000000,"FileNotFoundError: [Errno 2] Unable to synchronously open file (unable to open file: name = 'dataset/SCAMPS/scamps_videos/P001574.mat', errno = 2, error message = 'No such file or directory', flags = 0, o_flags = 0)"
SCAMPS,P001575,dataset/SCAMPS/scamps_videos/P001575.mat,,,,30.000000,"FileNotFoundError: [Errno 2] Unable to synchronously open file (unable to open file: name = 'dataset/SCAMPS/scamps_videos/P001575.mat', errno = 2, error message = 'No such file or directory', flags = 0, o_flags = 0)"
SCAMPS,P001576,dataset/SCAMPS/scamps_videos/P001576.mat,,,,30.000000,"FileNotFoundError: [Errno 2] Unable to synchronously open file (unable to open file: name = 'dataset/SCAMPS/scamps_videos/P001576.mat', errno = 2, error message = 'No such file or directory', flags = 0, o_flags = 0)"
SCAMPS,P001577,dataset/SCAMPS/scamps_videos/P001577.mat,,,,30.000000,"FileNotFoundError: [Errno 2] Unable to synchronously open file (unable to open file: name = 'dataset/SCAMPS/scamps_videos/P001577.mat', errno = 2, error message = 'No such file or directory', flags = 0, o_flags = 0)"
SCAMPS,P001578,dataset/SCAMPS/scamps_videos/P001578.mat,,,,30.000000,"FileNotFoundError: [Errno 2] Unable to synchronously open file (unable to open file: name = 'dataset/SCAMPS/scamps_videos/P001578.mat', errno = 2, error message = 'No such file or directory', flags = 0, o_flags = 0)"
SCAMPS,P001579,dataset/SCAMPS/scamps_videos/P001579.mat,,,,30.000000,"FileNotFoundError: [Errno 2] Unable to synchronously open file (unable to open file: name = 'dataset/SCAMPS/scamps_videos/P001579.mat', errno = 2, error message = 'No such file or directory', flags = 0, o_flags = 0)"
SCAMPS,P001580,dataset/SCAMPS/scamps_videos/P001580.mat,,,,30.000000,"FileNotFoundError: [Errno 2] Unable to synchronously open file (unable to open file: name = 'dataset/SCAMPS/scamps_videos/P001580.mat', errno = 2, error message = 'No such file or directory', flags = 0, o_flags = 0)"
SCAMPS,P001581,dataset/SCAMPS/scamps_videos/P001581.mat,,,,30.000000,"FileNotFoundError: [Errno 2] Unable to synchronously open file (unable to open file: name = 'dataset/SCAMPS/scamps_videos/P001581.mat', errno = 2, error message = 'No such file or directory', flags = 0, o_flags = 0)"
SCAMPS,P001582,dataset/SCAMPS/scamps_videos/P001582.mat,,,,30.000000,"FileNotFoundError: [Errno 2] Unable to synchronously open file (unable to open file: name = 'dataset/SCAMPS/scamps_videos/P001582.mat', errno = 2, error message = 'No such file or directory', flags = 0, o_flags = 0)"
SCAMPS,P001583,dataset/SCAMPS/scamps_videos/P001583.mat,,,,30.000000,"FileNotFoundError: [Errno 2] Unable to synchronously open file (unable to open file: name = 'dataset/SCAMPS/scamps_videos/P001583.mat', errno = 2, error message = 'No such file or directory', flags = 0, o_flags = 0)"
SCAMPS,P001584,dataset/SCAMPS/scamps_videos/P001584.mat,,,,30.000000,"FileNotFoundError: [Errno 2] Unable to synchronously open file (unable to open file: name = 'dataset/SCAMPS/scamps_videos/P001584.mat', errno = 2, error message = 'No such file or directory', flags = 0, o_flags = 0)"
SCAMPS,P001585,dataset/SCAMPS/scamps_videos/P001585.mat,,,,30.000000,"FileNotFoundError: [Errno 2] Unable to synchronously open file (unable to open file: name = 'dataset/SCAMPS/scamps_videos/P001585.mat', errno = 2, error message = 'No such file or directory', flags = 0, o_flags = 0)"
SCAMPS,P001586,dataset/SCAMPS/scamps_videos/P001586.mat,,,,30.000000,"FileNotFoundError: [Errno 2] Unable to synchronously open file (unable to open file: name = 'dataset/SCAMPS/scamps_videos/P001586.mat', errno = 2, error message = 'No such file or directory', flags = 0, o_flags = 0)"
SCAMPS,P001587,dataset/SCAMPS/scamps_videos/P001587.mat,,,,30.000000,"FileNotFoundError: [Errno 2] Unable to synchronously open file (unable to open file: name = 'dataset/SCAMPS/scamps_videos/P001587.mat', errno = 2, error message = 'No such file or directory', flags = 0, o_flags = 0)"
SCAMPS,P001588,dataset/SCAMPS/scamps_videos/P001588.mat,,,,30.000000,"FileNotFoundError: [Errno 2] Unable to synchronously open file (unable to open file: name = 'dataset/SCAMPS/scamps_videos/P001588.mat', errno = 2, error message = 'No such file or directory', flags = 0, o_flags = 0)"
SCAMPS,P001589,dataset/SCAMPS/scamps_videos/P001589.mat,,,,30.000000,"FileNotFoundError: [Errno 2] Unable to synchronously open file (unable to open file: name = 'dataset/SCAMPS/scamps_videos/P001589.mat', errno = 2, error message = 'No such file or directory', flags = 0, o_flags = 0)"
SCAMPS,P001590,dataset/SCAMPS/scamps_videos/P001590.mat,,,,30.000000,"FileNotFoundError: [Errno 2] Unable to synchronously open file (unable to open file: name = 'dataset/SCAMPS/scamps_videos/P001590.mat', errno = 2, error message = 'No such file or directory', flags = 0, o_flags = 0)"
SCAMPS,P001591,dataset/SCAMPS/scamps_videos/P001591.mat,,,,30.000000,"FileNotFoundError: [Errno 2] Unable to synchronously open file (unable to open file: name = 'dataset/SCAMPS/scamps_videos/P001591.mat', errno = 2, error message = 'No such file or directory', flags = 0, o_flags = 0)"
SCAMPS,P001592,dataset/SCAMPS/scamps_videos/P001592.mat,,,,30.000000,"FileNotFoundError: [Errno 2] Unable to synchronously open file (unable to open file: name = 'dataset/SCAMPS/scamps_videos/P001592.mat', errno = 2, error message = 'No such file or directory', flags = 0, o_flags = 0)"
SCAMPS,P001593,dataset/SCAMPS/scamps_videos/P001593.mat,,,,30.000000,"FileNotFoundError: [Errno 2] Unable to synchronously open file (unable to open file: name = 'dataset/SCAMPS/scamps_videos/P001593.mat', errno = 2, error message = 'No such file or directory', flags = 0, o_flags = 0)"
SCAMPS,P001594,dataset/SCAMPS/scamps_videos/P001594.mat,,,,30.000000,"FileNotFoundError: [Errno 2] Unable to synchronously open file (unable to open file: name = 'dataset/SCAMPS/scamps_videos/P001594.mat', errno = 2, error message = 'No such file or directory', flags = 0, o_flags = 0)"
SCAMPS,P001595,dataset/SCAMPS/scamps_videos/P001595.mat,,,,30.000000,"FileNotFoundError: [Errno 2] Unable to synchronously open file (unable to open file: name = 'dataset/SCAMPS/scamps_videos/P001595.mat', errno = 2, error message = 'No such file or directory', flags = 0, o_flags = 0)"
SCAMPS,P001596,dataset/SCAMPS/scamps_videos/P001596.mat,,,,30.000000,"FileNotFoundError: [Errno 2] Unable to synchronously open file (unable to open file: name = 'dataset/SCAMPS/scamps_videos/P001596.mat', errno = 2, error message = 'No such file or directory', flags = 0, o_flags = 0)"
SCAMPS,P001597,dataset/SCAMPS/scamps_videos/P001597.mat,,,,30.000000,"FileNotFoundError: [Errno 2] Unable to synchronously open file (unable to open file: name = 'dataset/SCAMPS/scamps_videos/P001597.mat', errno = 2, error message = 'No such file or directory', flags = 0, o_flags = 0)"
SCAMPS,P001598,dataset/SCAMPS/scamps_videos/P001598.mat,,,,30.000000,"FileNotFoundError: [Errno 2] Unable to synchronously open file (unable to open file: name = 'dataset/SCAMPS/scamps_videos/P001598.mat', errno = 2, error message = 'No such file or directory', flags = 0, o_flags = 0)"
SCAMPS,P001599,dataset/SCAMPS/scamps_videos/P001599.mat,,,,30.000000,"FileNotFoundError: [Errno 2] Unable to synchronously open file (unable to open file: name = 'dataset/SCAMPS/scamps_videos/P001599.mat', errno = 2, error message = 'No such file or directory', flags = 0, o_flags = 0)"
SCAMPS,P001600,dataset/SCAMPS/scamps_videos/P001600.mat,,,,30.000000,"FileNotFoundError: [Errno 2] Unable to synchronously open file (unable to open file: name = 'dataset/SCAMPS/scamps_videos/P001600.mat', errno = 2, error message = 'No such file or directory', flags = 0, o_flags = 0)"
SCAMPS,P001601,dataset/SCAMPS/scamps_videos/P001601.mat,,,,30.000000,"FileNotFoundError: [Errno 2] Unable to synchronously open file (unable to open file: name = 'dataset/SCAMPS/scamps_videos/P001601.mat', errno = 2, error message = 'No such file or directory', flags = 0, o_flags = 0)"
SCAMPS,P001602,dataset/SCAMPS/scamps_videos/P001602.mat,,,,30.000000,"FileNotFoundError: [Errno 2] Unable to synchronously open file (unable to open file: name = 'dataset/SCAMPS/scamps_videos/P001602.mat', errno = 2, error message = 'No such file or directory', flags = 0, o_flags = 0)"
SCAMPS,P001603,dataset/SCAMPS/scamps_videos/P001603.mat,,,,30.000000,"FileNotFoundError: [Errno 2] Unable to synchronously open file (unable to open file: name = 'dataset/SCAMPS/scamps_videos/P001603.mat', errno = 2, error message = 'No such file or directory', flags = 0, o_flags = 0)"
SCAMPS,P001604,dataset/SCAMPS/scamps_videos/P001604.mat,,,,30.000000,"FileNotFoundError: [Errno 2] Unable to synchronously open file (unable to open file: name = 'dataset/SCAMPS/scamps_videos/P001604.mat', errno = 2, error message = 'No such file or directory', flags = 0, o_flags = 0)"
SCAMPS,P001605,dataset/SCAMPS/scamps_videos/P001605.mat,,,,30.000000,"FileNotFoundError: [Errno 2] Unable to synchronously open file (unable to open file: name = 'dataset/SCAMPS/scamps_videos/P001605.mat', errno = 2, error message = 'No such file or directory', flags = 0, o_flags = 0)"
SCAMPS,P001606,dataset/SCAMPS/scamps_videos/P001606.mat,,,,30.000000,"FileNotFoundError: [Errno 2] Unable to synchronously open file (unable to open file: name = 'dataset/SCAMPS/scamps_videos/P001606.mat', errno = 2, error message = 'No such file or directory', flags = 0, o_flags = 0)"
SCAMPS,P001607,dataset/SCAMPS/scamps_videos/P001607.mat,,,,30.000000,"FileNotFoundError: [Errno 2] Unable to synchronously open file (unable to open file: name = 'dataset/SCAMPS/scamps_videos/P001607.mat', errno = 2, error message = 'No such file or directory', flags = 0, o_flags = 0)"
SCAMPS,P001608,dataset/SCAMPS/scamps_videos/P001608.mat,,,,30.000000,"FileNotFoundError: [Errno 2] Unable to synchronously open file (unable to open file: name = 'dataset/SCAMPS/scamps_videos/P001608.mat', errno = 2, error message = 'No such file or directory', flags = 0, o_flags = 0)"
SCAMPS,P001609,dataset/SCAMPS/scamps_videos/P001609.mat,,,,30.000000,"FileNotFoundError: [Errno 2] Unable to synchronously open file (unable to open file: name = 'dataset/SCAMPS/scamps_videos/P001609.mat', errno = 2, error message = 'No such file or directory', flags = 0, o_flags = 0)"
SCAMPS,P001610,dataset/SCAMPS/scamps_videos/P001610.mat,,,,30.000000,"FileNotFoundError: [Errno 2] Unable to synchronously open file (unable to open file: name = 'dataset/SCAMPS/scamps_videos/P001610.mat', errno = 2, error message = 'No such file or directory', flags = 0, o_flags = 0)"
SCAMPS,P001611,dataset/SCAMPS/scamps_videos/P001611.mat,,,,30.000000,"FileNotFoundError: [Errno 2] Unable to synchronously open file (unable to open file: name = 'dataset/SCAMPS/scamps_videos/P001611.mat', errno = 2, error message = 'No such file or directory', flags = 0, o_flags = 0)"
SCAMPS,P001612,dataset/SCAMPS/scamps_videos/P001612.mat,,,,30.000000,"FileNotFoundError: [Errno 2] Unable to synchronously open file (unable to open file: name = 'dataset/SCAMPS/scamps_videos/P001612.mat', errno = 2, error message = 'No such file or directory', flags = 0, o_flags = 0)"
SCAMPS,P001613,dataset/SCAMPS/scamps_videos/P001613.mat,,,,30.000000,"FileNotFoundError: [Errno 2] Unable to synchronously open file (unable to open file: name = 'dataset/SCAMPS/scamps_videos/P001613.mat', errno = 2, error message = 'No such file or directory', flags = 0, o_flags = 0)"
SCAMPS,P001614,dataset/SCAMPS/scamps_videos/P001614.mat,,,,30.000000,"FileNotFoundError: [Errno 2] Unable to synchronously open file (unable to open file: name = 'dataset/SCAMPS/scamps_videos/P001614.mat', errno = 2, error message = 'No such file or directory', flags = 0, o_flags = 0)"
SCAMPS,P001615,dataset/SCAMPS/scamps_videos/P001615.mat,,,,30.000000,"FileNotFoundError: [Errno 2] Unable to synchronously open file (unable to open file: name = 'dataset/SCAMPS/scamps_videos/P001615.mat', errno = 2, error message = 'No such file or directory', flags = 0, o_flags = 0)"
SCAMPS,P001616,dataset/SCAMPS/scamps_videos/P001616.mat,,,,30.000000,"FileNotFoundError: [Errno 2] Unable to synchronously open file (unable to open file: name = 'dataset/SCAMPS/scamps_videos/P001616.mat', errno = 2, error message = 'No such file or directory', flags = 0, o_flags = 0)"
SCAMPS,P001617,dataset/SCAMPS/scamps_videos/P001617.mat,,,,30.000000,"FileNotFoundError: [Errno 2] Unable to synchronously open file (unable to open file: name = 'dataset/SCAMPS/scamps_videos/P001617.mat', errno = 2, error message = 'No such file or directory', flags = 0, o_flags = 0)"
SCAMPS,P001618,dataset/SCAMPS/scamps_videos/P001618.mat,,,,30.000000,"FileNotFoundError: [Errno 2] Unable to synchronously open file (unable to open file: name = 'dataset/SCAMPS/scamps_videos/P001618.mat', errno = 2, error message = 'No such file or directory', flags = 0, o_flags = 0)"
SCAMPS,P001619,dataset/SCAMPS/scamps_videos/P001619.mat,,,,30.000000,"FileNotFoundError: [Errno 2] Unable to synchronously open file (unable to open file: name = 'dataset/SCAMPS/scamps_videos/P001619.mat', errno = 2, error message = 'No such file or directory', flags = 0, o_flags = 0)"
SCAMPS,P001620,dataset/SCAMPS/scamps_videos/P001620.mat,,,,30.000000,"FileNotFoundError: [Errno 2] Unable to synchronously open file (unable to open file: name = 'dataset/SCAMPS/scamps_videos/P001620.mat', errno = 2, error message = 'No such file or directory', flags = 0, o_flags = 0)"
SCAMPS,P001621,dataset/SCAMPS/scamps_videos/P001621.mat,,,,30.000000,"FileNotFoundError: [Errno 2] Unable to synchronously open file (unable to open file: name = 'dataset/SCAMPS/scamps_videos/P001621.mat', errno = 2, error message = 'No such file or directory', flags = 0, o_flags = 0)"
SCAMPS,P001622,dataset/SCAMPS/scamps_videos/P001622.mat,,,,30.000000,"FileNotFoundError: [Errno 2] Unable to synchronously open file (unable to open file: name = 'dataset/SCAMPS/scamps_videos/P001622.mat', errno = 2, error message = 'No such file or directory', flags = 0, o_flags = 0)"
SCAMPS,P001623,dataset/SCAMPS/scamps_videos/P001623.mat,,,,30.000000,"FileNotFoundError: [Errno 2] Unable to synchronously open file (unable to open file: name = 'dataset/SCAMPS/scamps_videos/P001623.mat', errno = 2, error message = 'No such file or directory', flags = 0, o_flags = 0)"
SCAMPS,P001624,dataset/SCAMPS/scamps_videos/P001624.mat,,,,30.000000,"FileNotFoundError: [Errno 2] Unable to synchronously open file (unable to open file: name = 'dataset/SCAMPS/scamps_videos/P001624.mat', errno = 2, error message = 'No such file or directory', flags = 0, o_flags = 0)"
SCAMPS,P001625,dataset/SCAMPS/scamps_videos/P001625.mat,,,,30.000000,"FileNotFoundError: [Errno 2] Unable to synchronously open file (unable to open file: name = 'dataset/SCAMPS/scamps_videos/P001625.mat', errno = 2, error message = 'No such file or directory', flags = 0, o_flags = 0)"
SCAMPS,P001626,dataset/SCAMPS/scamps_videos/P001626.mat,,,,30.000000,"FileNotFoundError: [Errno 2] Unable to synchronously open file (unable to open file: name = 'dataset/SCAMPS/scamps_videos/P001626.mat', errno = 2, error message = 'No such file or directory', flags = 0, o_flags = 0)"
SCAMPS,P001627,dataset/SCAMPS/scamps_videos/P001627.mat,,,,30.000000,"FileNotFoundError: [Errno 2] Unable to synchronously open file (unable to open file: name = 'dataset/SCAMPS/scamps_videos/P001627.mat', errno = 2, error message = 'No such file or directory', flags = 0, o_flags = 0)"
SCAMPS,P001628,dataset/SCAMPS/scamps_videos/P001628.mat,,,,30.000000,"FileNotFoundError: [Errno 2] Unable to synchronously open file (unable to open file: name = 'dataset/SCAMPS/scamps_videos/P001628.mat', errno = 2, error message = 'No such file or directory', flags = 0, o_flags = 0)"
SCAMPS,P001629,dataset/SCAMPS/scamps_videos/P001629.mat,,,,30.000000,"FileNotFoundError: [Errno 2] Unable to synchronously open file (unable to open file: name = 'dataset/SCAMPS/scamps_videos/P001629.mat', errno = 2, error message = 'No such file or directory', flags = 0, o_flags = 0)"
SCAMPS,P001630,dataset/SCAMPS/scamps_videos/P001630.mat,,,,30.000000,"FileNotFoundError: [Errno 2] Unable to synchronously open file (unable to open file: name = 'dataset/SCAMPS/scamps_videos/P001630.mat', errno = 2, error message = 'No such file or directory', flags = 0, o_flags = 0)"
SCAMPS,P001631,dataset/SCAMPS/scamps_videos/P001631.mat,,,,30.000000,"FileNotFoundError: [Errno 2] Unable to synchronously open file (unable to open file: name = 'dataset/SCAMPS/scamps_videos/P001631.mat', errno = 2, error message = 'No such file or directory', flags = 0, o_flags = 0)"
SCAMPS,P001632,dataset/SCAMPS/scamps_videos/P001632.mat,,,,30.000000,"FileNotFoundError: [Errno 2] Unable to synchronously open file (unable to open file: name = 'dataset/SCAMPS/scamps_videos/P001632.mat', errno = 2, error message = 'No such file or directory', flags = 0, o_flags = 0)"
SCAMPS,P001633,dataset/SCAMPS/scamps_videos/P001633.mat,,,,30.000000,"FileNotFoundError: [Errno 2] Unable to synchronously open file (unable to open file: name = 'dataset/SCAMPS/scamps_videos/P001633.mat', errno = 2, error message = 'No such file or directory', flags = 0, o_flags = 0)"
SCAMPS,P001634,dataset/SCAMPS/scamps_videos/P001634.mat,,,,30.000000,"FileNotFoundError: [Errno 2] Unable to synchronously open file (unable to open file: name = 'dataset/SCAMPS/scamps_videos/P001634.mat', errno = 2, error message = 'No such file or directory', flags = 0, o_flags = 0)"
SCAMPS,P001635,dataset/SCAMPS/scamps_videos/P001635.mat,,,,30.000000,"FileNotFoundError: [Errno 2] Unable to synchronously open file (unable to open file: name = 'dataset/SCAMPS/scamps_videos/P001635.mat', errno = 2, error message = 'No such file or directory', flags = 0, o_flags = 0)"
SCAMPS,P001636,dataset/SCAMPS/scamps_videos/P001636.mat,,,,30.000000,"FileNotFoundError: [Errno 2] Unable to synchronously open file (unable to open file: name = 'dataset/SCAMPS/scamps_videos/P001636.mat', errno = 2, error message = 'No such file or directory', flags = 0, o_flags = 0)"
SCAMPS,P001637,dataset/SCAMPS/scamps_videos/P001637.mat,,,,30.000000,"FileNotFoundError: [Errno 2] Unable to synchronously open file (unable to open file: name = 'dataset/SCAMPS/scamps_videos/P001637.mat', errno = 2, error message = 'No such file or directory', flags = 0, o_flags = 0)"
SCAMPS,P001638,dataset/SCAMPS/scamps_videos/P001638.mat,,,,30.000000,"FileNotFoundError: [Errno 2] Unable to synchronously open file (unable to open file: name = 'dataset/SCAMPS/scamps_videos/P001638.mat', errno = 2, error message = 'No such file or directory', flags = 0, o_flags = 0)"
SCAMPS,P001639,dataset/SCAMPS/scamps_videos/P001639.mat,,,,30.000000,"FileNotFoundError: [Errno 2] Unable to synchronously open file (unable to open file: name = 'dataset/SCAMPS/scamps_videos/P001639.mat', errno = 2, error message = 'No such file or directory', flags = 0, o_flags = 0)"
SCAMPS,P001640,dataset/SCAMPS/scamps_videos/P001640.mat,,,,30.000000,"FileNotFoundError: [Errno 2] Unable to synchronously open file (unable to open file: name = 'dataset/SCAMPS/scamps_videos/P001640.mat', errno = 2, error message = 'No such file or directory', flags = 0, o_flags = 0)"
SCAMPS,P001641,dataset/SCAMPS/scamps_videos/P001641.mat,,,,30.000000,"FileNotFoundError: [Errno 2] Unable to synchronously open file (unable to open file: name = 'dataset/SCAMPS/scamps_videos/P001641.mat', errno = 2, error message = 'No such file or directory', flags = 0, o_flags = 0)"
SCAMPS,P001642,dataset/SCAMPS/scamps_videos/P001642.mat,,,,30.000000,"FileNotFoundError: [Errno 2] Unable to synchronously open file (unable to open file: name = 'dataset/SCAMPS/scamps_videos/P001642.mat', errno = 2, error message = 'No such file or directory', flags = 0, o_flags = 0)"
SCAMPS,P001643,dataset/SCAMPS/scamps_videos/P001643.mat,,,,30.000000,"FileNotFoundError: [Errno 2] Unable to synchronously open file (unable to open file: name = 'dataset/SCAMPS/scamps_videos/P001643.mat', errno = 2, error message = 'No such file or directory', flags = 0, o_flags = 0)"
SCAMPS,P001644,dataset/SCAMPS/scamps_videos/P001644.mat,,,,30.000000,"FileNotFoundError: [Errno 2] Unable to synchronously open file (unable to open file: name = 'dataset/SCAMPS/scamps_videos/P001644.mat', errno = 2, error message = 'No such file or directory', flags = 0, o_flags = 0)"
SCAMPS,P001645,dataset/SCAMPS/scamps_videos/P001645.mat,,,,30.000000,"FileNotFoundError: [Errno 2] Unable to synchronously open file (unable to open file: name = 'dataset/SCAMPS/scamps_videos/P001645.mat', errno = 2, error message = 'No such file or directory', flags = 0, o_flags = 0)"
SCAMPS,P001646,dataset/SCAMPS/scamps_videos/P001646.mat,,,,30.000000,"FileNotFoundError: [Errno 2] Unable to synchronously open file (unable to open file: name = 'dataset/SCAMPS/scamps_videos/P001646.mat', errno = 2, error message = 'No such file or directory', flags = 0, o_flags = 0)"
SCAMPS,P001647,dataset/SCAMPS/scamps_videos/P001647.mat,,,,30.000000,"FileNotFoundError: [Errno 2] Unable to synchronously open file (unable to open file: name = 'dataset/SCAMPS/scamps_videos/P001647.mat', errno = 2, error message = 'No such file or directory', flags = 0, o_flags = 0)"
SCAMPS,P001648,dataset/SCAMPS/scamps_videos/P001648.mat,,,,30.000000,"FileNotFoundError: [Errno 2] Unable to synchronously open file (unable to open file: name = 'dataset/SCAMPS/scamps_videos/P001648.mat', errno = 2, error message = 'No such file or directory', flags = 0, o_flags = 0)"
SCAMPS,P001649,dataset/SCAMPS/scamps_videos/P001649.mat,,,,30.000000,"FileNotFoundError: [Errno 2] Unable to synchronously open file (unable to open file: name = 'dataset/SCAMPS/scamps_videos/P001649.mat', errno = 2, error message = 'No such file or directory', flags = 0, o_flags = 0)"
SCAMPS,P001650,dataset/SCAMPS/scamps_videos/P001650.mat,,,,30.000000,"FileNotFoundError: [Errno 2] Unable to synchronously open file (unable to open file: name = 'dataset/SCAMPS/scamps_videos/P001650.mat', errno = 2, error message = 'No such file or directory', flags = 0, o_flags = 0)"
SCAMPS,P001651,dataset/SCAMPS/scamps_videos/P001651.mat,,,,30.000000,"FileNotFoundError: [Errno 2] Unable to synchronously open file (unable to open file: name = 'dataset/SCAMPS/scamps_videos/P001651.mat', errno = 2, error message = 'No such file or directory', flags = 0, o_flags = 0)"
SCAMPS,P001652,dataset/SCAMPS/scamps_videos/P001652.mat,,,,30.000000,"FileNotFoundError: [Errno 2] Unable to synchronously open file (unable to open file: name = 'dataset/SCAMPS/scamps_videos/P001652.mat', errno = 2, error message = 'No such file or directory', flags = 0, o_flags = 0)"
SCAMPS,P001653,dataset/SCAMPS/scamps_videos/P001653.mat,,,,30.000000,"FileNotFoundError: [Errno 2] Unable to synchronously open file (unable to open file: name = 'dataset/SCAMPS/scamps_videos/P001653.mat', errno = 2, error message = 'No such file or directory', flags = 0, o_flags = 0)"
SCAMPS,P001654,dataset/SCAMPS/scamps_videos/P001654.mat,,,,30.000000,"FileNotFoundError: [Errno 2] Unable to synchronously open file (unable to open file: name = 'dataset/SCAMPS/scamps_videos/P001654.mat', errno = 2, error message = 'No such file or directory', flags = 0, o_flags = 0)"
SCAMPS,P001655,dataset/SCAMPS/scamps_videos/P001655.mat,,,,30.000000,"FileNotFoundError: [Errno 2] Unable to synchronously open file (unable to open file: name = 'dataset/SCAMPS/scamps_videos/P001655.mat', errno = 2, error message = 'No such file or directory', flags = 0, o_flags = 0)"
SCAMPS,P001656,dataset/SCAMPS/scamps_videos/P001656.mat,,,,30.000000,"FileNotFoundError: [Errno 2] Unable to synchronously open file (unable to open file: name = 'dataset/SCAMPS/scamps_videos/P001656.mat', errno = 2, error message = 'No such file or directory', flags = 0, o_flags = 0)"
SCAMPS,P001657,dataset/SCAMPS/scamps_videos/P001657.mat,,,,30.000000,"FileNotFoundError: [Errno 2] Unable to synchronously open file (unable to open file: name = 'dataset/SCAMPS/scamps_videos/P001657.mat', errno = 2, error message = 'No such file or directory', flags = 0, o_flags = 0)"
SCAMPS,P001658,dataset/SCAMPS/scamps_videos/P001658.mat,,,,30.000000,"FileNotFoundError: [Errno 2] Unable to synchronously open file (unable to open file: name = 'dataset/SCAMPS/scamps_videos/P001658.mat', errno = 2, error message = 'No such file or directory', flags = 0, o_flags = 0)"
SCAMPS,P001659,dataset/SCAMPS/scamps_videos/P001659.mat,,,,30.000000,"FileNotFoundError: [Errno 2] Unable to synchronously open file (unable to open file: name = 'dataset/SCAMPS/scamps_videos/P001659.mat', errno = 2, error message = 'No such file or directory', flags = 0, o_flags = 0)"
SCAMPS,P001660,dataset/SCAMPS/scamps_videos/P001660.mat,,,,30.000000,"FileNotFoundError: [Errno 2] Unable to synchronously open file (unable to open file: name = 'dataset/SCAMPS/scamps_videos/P001660.mat', errno = 2, error message = 'No such file or directory', flags = 0, o_flags = 0)"
SCAMPS,P001661,dataset/SCAMPS/scamps_videos/P001661.mat,,,,30.000000,"FileNotFoundError: [Errno 2] Unable to synchronously open file (unable to open file: name = 'dataset/SCAMPS/scamps_videos/P001661.mat', errno = 2, error message = 'No such file or directory', flags = 0, o_flags = 0)"
SCAMPS,P001662,dataset/SCAMPS/scamps_videos/P001662.mat,,,,30.000000,"FileNotFoundError: [Errno 2] Unable to synchronously open file (unable to open file: name = 'dataset/SCAMPS/scamps_videos/P001662.mat', errno = 2, error message = 'No such file or directory', flags = 0, o_flags = 0)"
SCAMPS,P001663,dataset/SCAMPS/scamps_videos/P001663.mat,,,,30.000000,"FileNotFoundError: [Errno 2] Unable to synchronously open file (unable to open file: name = 'dataset/SCAMPS/scamps_videos/P001663.mat', errno = 2, error message = 'No such file or directory', flags = 0, o_flags = 0)"
SCAMPS,P001664,dataset/SCAMPS/scamps_videos/P001664.mat,,,,30.000000,"FileNotFoundError: [Errno 2] Unable to synchronously open file (unable to open file: name = 'dataset/SCAMPS/scamps_videos/P001664.mat', errno = 2, error message = 'No such file or directory', flags = 0, o_flags = 0)"
SCAMPS,P001665,dataset/SCAMPS/scamps_videos/P001665.mat,,,,30.000000,"FileNotFoundError: [Errno 2] Unable to synchronously open file (unable to open file: name = 'dataset/SCAMPS/scamps_videos/P001665.mat', errno = 2, error message = 'No such file or directory', flags = 0, o_flags = 0)"
SCAMPS,P001666,dataset/SCAMPS/scamps_videos/P001666.mat,,,,30.000000,"FileNotFoundError: [Errno 2] Unable to synchronously open file (unable to open file: name = 'dataset/SCAMPS/scamps_videos/P001666.mat', errno = 2, error message = 'No such file or directory', flags = 0, o_flags = 0)"
SCAMPS,P001667,dataset/SCAMPS/scamps_videos/P001667.mat,,,,30.000000,"FileNotFoundError: [Errno 2] Unable to synchronously open file (unable to open file: name = 'dataset/SCAMPS/scamps_videos/P001667.mat', errno = 2, error message = 'No such file or directory', flags = 0, o_flags = 0)"
SCAMPS,P001668,dataset/SCAMPS/scamps_videos/P001668.mat,,,,30.000000,"FileNotFoundError: [Errno 2] Unable to synchronously open file (unable to open file: name = 'dataset/SCAMPS/scamps_videos/P001668.mat', errno = 2, error message = 'No such file or directory', flags = 0, o_flags = 0)"
SCAMPS,P001669,dataset/SCAMPS/scamps_videos/P001669.mat,,,,30.000000,"FileNotFoundError: [Errno 2] Unable to synchronously open file (unable to open file: name = 'dataset/SCAMPS/scamps_videos/P001669.mat', errno = 2, error message = 'No such file or directory', flags = 0, o_flags = 0)"
SCAMPS,P001670,dataset/SCAMPS/scamps_videos/P001670.mat,,,,30.000000,"FileNotFoundError: [Errno 2] Unable to synchronously open file (unable to open file: name = 'dataset/SCAMPS/scamps_videos/P001670.mat', errno = 2, error message = 'No such file or directory', flags = 0, o_flags = 0)"
SCAMPS,P001671,dataset/SCAMPS/scamps_videos/P001671.mat,,,,30.000000,"FileNotFoundError: [Errno 2] Unable to synchronously open file (unable to open file: name = 'dataset/SCAMPS/scamps_videos/P001671.mat', errno = 2, error message = 'No such file or directory', flags = 0, o_flags = 0)"
SCAMPS,P001672,dataset/SCAMPS/scamps_videos/P001672.mat,,,,30.000000,"FileNotFoundError: [Errno 2] Unable to synchronously open file (unable to open file: name = 'dataset/SCAMPS/scamps_videos/P001672.mat', errno = 2, error message = 'No such file or directory', flags = 0, o_flags = 0)"
SCAMPS,P001673,dataset/SCAMPS/scamps_videos/P001673.mat,,,,30.000000,"FileNotFoundError: [Errno 2] Unable to synchronously open file (unable to open file: name = 'dataset/SCAMPS/scamps_videos/P001673.mat', errno = 2, error message = 'No such file or directory', flags = 0, o_flags = 0)"
SCAMPS,P001674,dataset/SCAMPS/scamps_videos/P001674.mat,,,,30.000000,"FileNotFoundError: [Errno 2] Unable to synchronously open file (unable to open file: name = 'dataset/SCAMPS/scamps_videos/P001674.mat', errno = 2, error message = 'No such file or directory', flags = 0, o_flags = 0)"
SCAMPS,P001675,dataset/SCAMPS/scamps_videos/P001675.mat,,,,30.000000,"FileNotFoundError: [Errno 2] Unable to synchronously open file (unable to open file: name = 'dataset/SCAMPS/scamps_videos/P001675.mat', errno = 2, error message = 'No such file or directory', flags = 0, o_flags = 0)"
SCAMPS,P001676,dataset/SCAMPS/scamps_videos/P001676.mat,,,,30.000000,"FileNotFoundError: [Errno 2] Unable to synchronously open file (unable to open file: name = 'dataset/SCAMPS/scamps_videos/P001676.mat', errno = 2, error message = 'No such file or directory', flags = 0, o_flags = 0)"
SCAMPS,P001677,dataset/SCAMPS/scamps_videos/P001677.mat,,,,30.000000,"FileNotFoundError: [Errno 2] Unable to synchronously open file (unable to open file: name = 'dataset/SCAMPS/scamps_videos/P001677.mat', errno = 2, error message = 'No such file or directory', flags = 0, o_flags = 0)"
SCAMPS,P001678,dataset/SCAMPS/scamps_videos/P001678.mat,,,,30.000000,"FileNotFoundError: [Errno 2] Unable to synchronously open file (unable to open file: name = 'dataset/SCAMPS/scamps_videos/P001678.mat', errno = 2, error message = 'No such file or directory', flags = 0, o_flags = 0)"
SCAMPS,P001679,dataset/SCAMPS/scamps_videos/P001679.mat,,,,30.000000,"FileNotFoundError: [Errno 2] Unable to synchronously open file (unable to open file: name = 'dataset/SCAMPS/scamps_videos/P001679.mat', errno = 2, error message = 'No such file or directory', flags = 0, o_flags = 0)"
SCAMPS,P001680,dataset/SCAMPS/scamps_videos/P001680.mat,,,,30.000000,"FileNotFoundError: [Errno 2] Unable to synchronously open file (unable to open file: name = 'dataset/SCAMPS/scamps_videos/P001680.mat', errno = 2, error message = 'No such file or directory', flags = 0, o_flags = 0)"
SCAMPS,P001681,dataset/SCAMPS/scamps_videos/P001681.mat,,,,30.000000,"FileNotFoundError: [Errno 2] Unable to synchronously open file (unable to open file: name = 'dataset/SCAMPS/scamps_videos/P001681.mat', errno = 2, error message = 'No such file or directory', flags = 0, o_flags = 0)"
SCAMPS,P001682,dataset/SCAMPS/scamps_videos/P001682.mat,,,,30.000000,"FileNotFoundError: [Errno 2] Unable to synchronously open file (unable to open file: name = 'dataset/SCAMPS/scamps_videos/P001682.mat', errno = 2, error message = 'No such file or directory', flags = 0, o_flags = 0)"
SCAMPS,P001683,dataset/SCAMPS/scamps_videos/P001683.mat,,,,30.000000,"FileNotFoundError: [Errno 2] Unable to synchronously open file (unable to open file: name = 'dataset/SCAMPS/scamps_videos/P001683.mat', errno = 2, error message = 'No such file or directory', flags = 0, o_flags = 0)"
SCAMPS,P001684,dataset/SCAMPS/scamps_videos/P001684.mat,,,,30.000000,"FileNotFoundError: [Errno 2] Unable to synchronously open file (unable to open file: name = 'dataset/SCAMPS/scamps_videos/P001684.mat', errno = 2, error message = 'No such file or directory', flags = 0, o_flags = 0)"
SCAMPS,P001685,dataset/SCAMPS/scamps_videos/P001685.mat,,,,30.000000,"FileNotFoundError: [Errno 2] Unable to synchronously open file (unable to open file: name = 'dataset/SCAMPS/scamps_videos/P001685.mat', errno = 2, error message = 'No such file or directory', flags = 0, o_flags = 0)"
SCAMPS,P001686,dataset/SCAMPS/scamps_videos/P001686.mat,,,,30.000000,"FileNotFoundError: [Errno 2] Unable to synchronously open file (unable to open file: name = 'dataset/SCAMPS/scamps_videos/P001686.mat', errno = 2, error message = 'No such file or directory', flags = 0, o_flags = 0)"
SCAMPS,P001687,dataset/SCAMPS/scamps_videos/P001687.mat,,,,30.000000,"FileNotFoundError: [Errno 2] Unable to synchronously open file (unable to open file: name = 'dataset/SCAMPS/scamps_videos/P001687.mat', errno = 2, error message = 'No such file or directory', flags = 0, o_flags = 0)"
SCAMPS,P001688,dataset/SCAMPS/scamps_videos/P001688.mat,,,,30.000000,"FileNotFoundError: [Errno 2] Unable to synchronously open file (unable to open file: name = 'dataset/SCAMPS/scamps_videos/P001688.mat', errno = 2, error message = 'No such file or directory', flags = 0, o_flags = 0)"
SCAMPS,P001689,dataset/SCAMPS/scamps_videos/P001689.mat,,,,30.000000,"FileNotFoundError: [Errno 2] Unable to synchronously open file (unable to open file: name = 'dataset/SCAMPS/scamps_videos/P001689.mat', errno = 2, error message = 'No such file or directory', flags = 0, o_flags = 0)"
SCAMPS,P001690,dataset/SCAMPS/scamps_videos/P001690.mat,,,,30.000000,"FileNotFoundError: [Errno 2] Unable to synchronously open file (unable to open file: name = 'dataset/SCAMPS/scamps_videos/P001690.mat', errno = 2, error message = 'No such file or directory', flags = 0, o_flags = 0)"
SCAMPS,P001691,dataset/SCAMPS/scamps_videos/P001691.mat,,,,30.000000,"FileNotFoundError: [Errno 2] Unable to synchronously open file (unable to open file: name = 'dataset/SCAMPS/scamps_videos/P001691.mat', errno = 2, error message = 'No such file or directory', flags = 0, o_flags = 0)"
SCAMPS,P001692,dataset/SCAMPS/scamps_videos/P001692.mat,,,,30.000000,"FileNotFoundError: [Errno 2] Unable to synchronously open file (unable to open file: name = 'dataset/SCAMPS/scamps_videos/P001692.mat', errno = 2, error message = 'No such file or directory', flags = 0, o_flags = 0)"
SCAMPS,P001693,dataset/SCAMPS/scamps_videos/P001693.mat,,,,30.000000,"FileNotFoundError: [Errno 2] Unable to synchronously open file (unable to open file: name = 'dataset/SCAMPS/scamps_videos/P001693.mat', errno = 2, error message = 'No such file or directory', flags = 0, o_flags = 0)"
SCAMPS,P001694,dataset/SCAMPS/scamps_videos/P001694.mat,,,,30.000000,"FileNotFoundError: [Errno 2] Unable to synchronously open file (unable to open file: name = 'dataset/SCAMPS/scamps_videos/P001694.mat', errno = 2, error message = 'No such file or directory', flags = 0, o_flags = 0)"
SCAMPS,P001695,dataset/SCAMPS/scamps_videos/P001695.mat,,,,30.000000,"FileNotFoundError: [Errno 2] Unable to synchronously open file (unable to open file: name = 'dataset/SCAMPS/scamps_videos/P001695.mat', errno = 2, error message = 'No such file or directory', flags = 0, o_flags = 0)"
SCAMPS,P001696,dataset/SCAMPS/scamps_videos/P001696.mat,,,,30.000000,"FileNotFoundError: [Errno 2] Unable to synchronously open file (unable to open file: name = 'dataset/SCAMPS/scamps_videos/P001696.mat', errno = 2, error message = 'No such file or directory', flags = 0, o_flags = 0)"
SCAMPS,P001697,dataset/SCAMPS/scamps_videos/P001697.mat,,,,30.000000,"FileNotFoundError: [Errno 2] Unable to synchronously open file (unable to open file: name = 'dataset/SCAMPS/scamps_videos/P001697.mat', errno = 2, error message = 'No such file or directory', flags = 0, o_flags = 0)"
SCAMPS,P001698,dataset/SCAMPS/scamps_videos/P001698.mat,,,,30.000000,"FileNotFoundError: [Errno 2] Unable to synchronously open file (unable to open file: name = 'dataset/SCAMPS/scamps_videos/P001698.mat', errno = 2, error message = 'No such file or directory', flags = 0, o_flags = 0)"
SCAMPS,P001699,dataset/SCAMPS/scamps_videos/P001699.mat,,,,30.000000,"FileNotFoundError: [Errno 2] Unable to synchronously open file (unable to open file: name = 'dataset/SCAMPS/scamps_videos/P001699.mat', errno = 2, error message = 'No such file or directory', flags = 0, o_flags = 0)"
SCAMPS,P001700,dataset/SCAMPS/scamps_videos/P001700.mat,,,,30.000000,"FileNotFoundError: [Errno 2] Unable to synchronously open file (unable to open file: name = 'dataset/SCAMPS/scamps_videos/P001700.mat', errno = 2, error message = 'No such file or directory', flags = 0, o_flags = 0)"
SCAMPS,P001701,dataset/SCAMPS/scamps_videos/P001701.mat,,,,30.000000,"FileNotFoundError: [Errno 2] Unable to synchronously open file (unable to open file: name = 'dataset/SCAMPS/scamps_videos/P001701.mat', errno = 2, error message = 'No such file or directory', flags = 0, o_flags = 0)"
SCAMPS,P001702,dataset/SCAMPS/scamps_videos/P001702.mat,,,,30.000000,"FileNotFoundError: [Errno 2] Unable to synchronously open file (unable to open file: name = 'dataset/SCAMPS/scamps_videos/P001702.mat', errno = 2, error message = 'No such file or directory', flags = 0, o_flags = 0)"
SCAMPS,P001703,dataset/SCAMPS/scamps_videos/P001703.mat,,,,30.000000,"FileNotFoundError: [Errno 2] Unable to synchronously open file (unable to open file: name = 'dataset/SCAMPS/scamps_videos/P001703.mat', errno = 2, error message = 'No such file or directory', flags = 0, o_flags = 0)"
SCAMPS,P001704,dataset/SCAMPS/scamps_videos/P001704.mat,,,,30.000000,"FileNotFoundError: [Errno 2] Unable to synchronously open file (unable to open file: name = 'dataset/SCAMPS/scamps_videos/P001704.mat', errno = 2, error message = 'No such file or directory', flags = 0, o_flags = 0)"
SCAMPS,P001705,dataset/SCAMPS/scamps_videos/P001705.mat,,,,30.000000,"FileNotFoundError: [Errno 2] Unable to synchronously open file (unable to open file: name = 'dataset/SCAMPS/scamps_videos/P001705.mat', errno = 2, error message = 'No such file or directory', flags = 0, o_flags = 0)"
SCAMPS,P001706,dataset/SCAMPS/scamps_videos/P001706.mat,,,,30.000000,"FileNotFoundError: [Errno 2] Unable to synchronously open file (unable to open file: name = 'dataset/SCAMPS/scamps_videos/P001706.mat', errno = 2, error message = 'No such file or directory', flags = 0, o_flags = 0)"
SCAMPS,P001707,dataset/SCAMPS/scamps_videos/P001707.mat,,,,30.000000,"FileNotFoundError: [Errno 2] Unable to synchronously open file (unable to open file: name = 'dataset/SCAMPS/scamps_videos/P001707.mat', errno = 2, error message = 'No such file or directory', flags = 0, o_flags = 0)"
SCAMPS,P001708,dataset/SCAMPS/scamps_videos/P001708.mat,,,,30.000000,"FileNotFoundError: [Errno 2] Unable to synchronously open file (unable to open file: name = 'dataset/SCAMPS/scamps_videos/P001708.mat', errno = 2, error message = 'No such file or directory', flags = 0, o_flags = 0)"
SCAMPS,P001709,dataset/SCAMPS/scamps_videos/P001709.mat,,,,30.000000,"FileNotFoundError: [Errno 2] Unable to synchronously open file (unable to open file: name = 'dataset/SCAMPS/scamps_videos/P001709.mat', errno = 2, error message = 'No such file or directory', flags = 0, o_flags = 0)"
SCAMPS,P001710,dataset/SCAMPS/scamps_videos/P001710.mat,,,,30.000000,"FileNotFoundError: [Errno 2] Unable to synchronously open file (unable to open file: name = 'dataset/SCAMPS/scamps_videos/P001710.mat', errno = 2, error message = 'No such file or directory', flags = 0, o_flags = 0)"
SCAMPS,P001711,dataset/SCAMPS/scamps_videos/P001711.mat,,,,30.000000,"FileNotFoundError: [Errno 2] Unable to synchronously open file (unable to open file: name = 'dataset/SCAMPS/scamps_videos/P001711.mat', errno = 2, error message = 'No such file or directory', flags = 0, o_flags = 0)"
SCAMPS,P001712,dataset/SCAMPS/scamps_videos/P001712.mat,,,,30.000000,"FileNotFoundError: [Errno 2] Unable to synchronously open file (unable to open file: name = 'dataset/SCAMPS/scamps_videos/P001712.mat', errno = 2, error message = 'No such file or directory', flags = 0, o_flags = 0)"
SCAMPS,P001713,dataset/SCAMPS/scamps_videos/P001713.mat,,,,30.000000,"FileNotFoundError: [Errno 2] Unable to synchronously open file (unable to open file: name = 'dataset/SCAMPS/scamps_videos/P001713.mat', errno = 2, error message = 'No such file or directory', flags = 0, o_flags = 0)"
SCAMPS,P001714,dataset/SCAMPS/scamps_videos/P001714.mat,,,,30.000000,"FileNotFoundError: [Errno 2] Unable to synchronously open file (unable to open file: name = 'dataset/SCAMPS/scamps_videos/P001714.mat', errno = 2, error message = 'No such file or directory', flags = 0, o_flags = 0)"
SCAMPS,P001715,dataset/SCAMPS/scamps_videos/P001715.mat,,,,30.000000,"FileNotFoundError: [Errno 2] Unable to synchronously open file (unable to open file: name = 'dataset/SCAMPS/scamps_videos/P001715.mat', errno = 2, error message = 'No such file or directory', flags = 0, o_flags = 0)"
SCAMPS,P001716,dataset/SCAMPS/scamps_videos/P001716.mat,,,,30.000000,"FileNotFoundError: [Errno 2] Unable to synchronously open file (unable to open file: name = 'dataset/SCAMPS/scamps_videos/P001716.mat', errno = 2, error message = 'No such file or directory', flags = 0, o_flags = 0)"
SCAMPS,P001717,dataset/SCAMPS/scamps_videos/P001717.mat,,,,30.000000,"FileNotFoundError: [Errno 2] Unable to synchronously open file (unable to open file: name = 'dataset/SCAMPS/scamps_videos/P001717.mat', errno = 2, error message = 'No such file or directory', flags = 0, o_flags = 0)"
SCAMPS,P001718,dataset/SCAMPS/scamps_videos/P001718.mat,,,,30.000000,"FileNotFoundError: [Errno 2] Unable to synchronously open file (unable to open file: name = 'dataset/SCAMPS/scamps_videos/P001718.mat', errno = 2, error message = 'No such file or directory', flags = 0, o_flags = 0)"
SCAMPS,P001719,dataset/SCAMPS/scamps_videos/P001719.mat,,,,30.000000,"FileNotFoundError: [Errno 2] Unable to synchronously open file (unable to open file: name = 'dataset/SCAMPS/scamps_videos/P001719.mat', errno = 2, error message = 'No such file or directory', flags = 0, o_flags = 0)"
SCAMPS,P001720,dataset/SCAMPS/scamps_videos/P001720.mat,,,,30.000000,"FileNotFoundError: [Errno 2] Unable to synchronously open file (unable to open file: name = 'dataset/SCAMPS/scamps_videos/P001720.mat', errno = 2, error message = 'No such file or directory', flags = 0, o_flags = 0)"
SCAMPS,P001721,dataset/SCAMPS/scamps_videos/P001721.mat,,,,30.000000,"FileNotFoundError: [Errno 2] Unable to synchronously open file (unable to open file: name = 'dataset/SCAMPS/scamps_videos/P001721.mat', errno = 2, error message = 'No such file or directory', flags = 0, o_flags = 0)"
SCAMPS,P001722,dataset/SCAMPS/scamps_videos/P001722.mat,,,,30.000000,"FileNotFoundError: [Errno 2] Unable to synchronously open file (unable to open file: name = 'dataset/SCAMPS/scamps_videos/P001722.mat', errno = 2, error message = 'No such file or directory', flags = 0, o_flags = 0)"
SCAMPS,P001723,dataset/SCAMPS/scamps_videos/P001723.mat,,,,30.000000,"FileNotFoundError: [Errno 2] Unable to synchronously open file (unable to open file: name = 'dataset/SCAMPS/scamps_videos/P001723.mat', errno = 2, error message = 'No such file or directory', flags = 0, o_flags = 0)"
SCAMPS,P001724,dataset/SCAMPS/scamps_videos/P001724.mat,,,,30.000000,"FileNotFoundError: [Errno 2] Unable to synchronously open file (unable to open file: name = 'dataset/SCAMPS/scamps_videos/P001724.mat', errno = 2, error message = 'No such file or directory', flags = 0, o_flags = 0)"
SCAMPS,P001725,dataset/SCAMPS/scamps_videos/P001725.mat,,,,30.000000,"FileNotFoundError: [Errno 2] Unable to synchronously open file (unable to open file: name = 'dataset/SCAMPS/scamps_videos/P001725.mat', errno = 2, error message = 'No such file or directory', flags = 0, o_flags = 0)"
SCAMPS,P001726,dataset/SCAMPS/scamps_videos/P001726.mat,,,,30.000000,"FileNotFoundError: [Errno 2] Unable to synchronously open file (unable to open file: name = 'dataset/SCAMPS/scamps_videos/P001726.mat', errno = 2, error message = 'No such file or directory', flags = 0, o_flags = 0)"
SCAMPS,P001727,dataset/SCAMPS/scamps_videos/P001727.mat,,,,30.000000,"FileNotFoundError: [Errno 2] Unable to synchronously open file (unable to open file: name = 'dataset/SCAMPS/scamps_videos/P001727.mat', errno = 2, error message = 'No such file or directory', flags = 0, o_flags = 0)"
SCAMPS,P001728,dataset/SCAMPS/scamps_videos/P001728.mat,,,,30.000000,"FileNotFoundError: [Errno 2] Unable to synchronously open file (unable to open file: name = 'dataset/SCAMPS/scamps_videos/P001728.mat', errno = 2, error message = 'No such file or directory', flags = 0, o_flags = 0)"
SCAMPS,P001729,dataset/SCAMPS/scamps_videos/P001729.mat,,,,30.000000,"FileNotFoundError: [Errno 2] Unable to synchronously open file (unable to open file: name = 'dataset/SCAMPS/scamps_videos/P001729.mat', errno = 2, error message = 'No such file or directory', flags = 0, o_flags = 0)"
SCAMPS,P001730,dataset/SCAMPS/scamps_videos/P001730.mat,,,,30.000000,"FileNotFoundError: [Errno 2] Unable to synchronously open file (unable to open file: name = 'dataset/SCAMPS/scamps_videos/P001730.mat', errno = 2, error message = 'No such file or directory', flags = 0, o_flags = 0)"
SCAMPS,P001731,dataset/SCAMPS/scamps_videos/P001731.mat,,,,30.000000,"FileNotFoundError: [Errno 2] Unable to synchronously open file (unable to open file: name = 'dataset/SCAMPS/scamps_videos/P001731.mat', errno = 2, error message = 'No such file or directory', flags = 0, o_flags = 0)"
SCAMPS,P001732,dataset/SCAMPS/scamps_videos/P001732.mat,,,,30.000000,"FileNotFoundError: [Errno 2] Unable to synchronously open file (unable to open file: name = 'dataset/SCAMPS/scamps_videos/P001732.mat', errno = 2, error message = 'No such file or directory', flags = 0, o_flags = 0)"
SCAMPS,P001733,dataset/SCAMPS/scamps_videos/P001733.mat,,,,30.000000,"FileNotFoundError: [Errno 2] Unable to synchronously open file (unable to open file: name = 'dataset/SCAMPS/scamps_videos/P001733.mat', errno = 2, error message = 'No such file or directory', flags = 0, o_flags = 0)"
SCAMPS,P001734,dataset/SCAMPS/scamps_videos/P001734.mat,,,,30.000000,"FileNotFoundError: [Errno 2] Unable to synchronously open file (unable to open file: name = 'dataset/SCAMPS/scamps_videos/P001734.mat', errno = 2, error message = 'No such file or directory', flags = 0, o_flags = 0)"
SCAMPS,P001735,dataset/SCAMPS/scamps_videos/P001735.mat,,,,30.000000,"FileNotFoundError: [Errno 2] Unable to synchronously open file (unable to open file: name = 'dataset/SCAMPS/scamps_videos/P001735.mat', errno = 2, error message = 'No such file or directory', flags = 0, o_flags = 0)"
SCAMPS,P001736,dataset/SCAMPS/scamps_videos/P001736.mat,,,,30.000000,"FileNotFoundError: [Errno 2] Unable to synchronously open file (unable to open file: name = 'dataset/SCAMPS/scamps_videos/P001736.mat', errno = 2, error message = 'No such file or directory', flags = 0, o_flags = 0)"
SCAMPS,P001737,dataset/SCAMPS/scamps_videos/P001737.mat,,,,30.000000,"FileNotFoundError: [Errno 2] Unable to synchronously open file (unable to open file: name = 'dataset/SCAMPS/scamps_videos/P001737.mat', errno = 2, error message = 'No such file or directory', flags = 0, o_flags = 0)"
SCAMPS,P001738,dataset/SCAMPS/scamps_videos/P001738.mat,,,,30.000000,"FileNotFoundError: [Errno 2] Unable to synchronously open file (unable to open file: name = 'dataset/SCAMPS/scamps_videos/P001738.mat', errno = 2, error message = 'No such file or directory', flags = 0, o_flags = 0)"
SCAMPS,P001739,dataset/SCAMPS/scamps_videos/P001739.mat,,,,30.000000,"FileNotFoundError: [Errno 2] Unable to synchronously open file (unable to open file: name = 'dataset/SCAMPS/scamps_videos/P001739.mat', errno = 2, error message = 'No such file or directory', flags = 0, o_flags = 0)"
SCAMPS,P001740,dataset/SCAMPS/scamps_videos/P001740.mat,,,,30.000000,"FileNotFoundError: [Errno 2] Unable to synchronously open file (unable to open file: name = 'dataset/SCAMPS/scamps_videos/P001740.mat', errno = 2, error message = 'No such file or directory', flags = 0, o_flags = 0)"
SCAMPS,P001741,dataset/SCAMPS/scamps_videos/P001741.mat,,,,30.000000,"FileNotFoundError: [Errno 2] Unable to synchronously open file (unable to open file: name = 'dataset/SCAMPS/scamps_videos/P001741.mat', errno = 2, error message = 'No such file or directory', flags = 0, o_flags = 0)"
SCAMPS,P001742,dataset/SCAMPS/scamps_videos/P001742.mat,,,,30.000000,"FileNotFoundError: [Errno 2] Unable to synchronously open file (unable to open file: name = 'dataset/SCAMPS/scamps_videos/P001742.mat', errno = 2, error message = 'No such file or directory', flags = 0, o_flags = 0)"
SCAMPS,P001743,dataset/SCAMPS/scamps_videos/P001743.mat,,,,30.000000,"FileNotFoundError: [Errno 2] Unable to synchronously open file (unable to open file: name = 'dataset/SCAMPS/scamps_videos/P001743.mat', errno = 2, error message = 'No such file or directory', flags = 0, o_flags = 0)"
SCAMPS,P001744,dataset/SCAMPS/scamps_videos/P001744.mat,,,,30.000000,"FileNotFoundError: [Errno 2] Unable to synchronously open file (unable to open file: name = 'dataset/SCAMPS/scamps_videos/P001744.mat', errno = 2, error message = 'No such file or directory', flags = 0, o_flags = 0)"
SCAMPS,P001745,dataset/SCAMPS/scamps_videos/P001745.mat,,,,30.000000,"FileNotFoundError: [Errno 2] Unable to synchronously open file (unable to open file: name = 'dataset/SCAMPS/scamps_videos/P001745.mat', errno = 2, error message = 'No such file or directory', flags = 0, o_flags = 0)"
SCAMPS,P001746,dataset/SCAMPS/scamps_videos/P001746.mat,,,,30.000000,"FileNotFoundError: [Errno 2] Unable to synchronously open file (unable to open file: name = 'dataset/SCAMPS/scamps_videos/P001746.mat', errno = 2, error message = 'No such file or directory', flags = 0, o_flags = 0)"
SCAMPS,P001747,dataset/SCAMPS/scamps_videos/P001747.mat,,,,30.000000,"FileNotFoundError: [Errno 2] Unable to synchronously open file (unable to open file: name = 'dataset/SCAMPS/scamps_videos/P001747.mat', errno = 2, error message = 'No such file or directory', flags = 0, o_flags = 0)"
SCAMPS,P001748,dataset/SCAMPS/scamps_videos/P001748.mat,,,,30.000000,"FileNotFoundError: [Errno 2] Unable to synchronously open file (unable to open file: name = 'dataset/SCAMPS/scamps_videos/P001748.mat', errno = 2, error message = 'No such file or directory', flags = 0, o_flags = 0)"
SCAMPS,P001749,dataset/SCAMPS/scamps_videos/P001749.mat,,,,30.000000,"FileNotFoundError: [Errno 2] Unable to synchronously open file (unable to open file: name = 'dataset/SCAMPS/scamps_videos/P001749.mat', errno = 2, error message = 'No such file or directory', flags = 0, o_flags = 0)"
SCAMPS,P001750,dataset/SCAMPS/scamps_videos/P001750.mat,,,,30.000000,"FileNotFoundError: [Errno 2] Unable to synchronously open file (unable to open file: name = 'dataset/SCAMPS/scamps_videos/P001750.mat', errno = 2, error message = 'No such file or directory', flags = 0, o_flags = 0)"
SCAMPS,P001751,dataset/SCAMPS/scamps_videos/P001751.mat,,,,30.000000,"FileNotFoundError: [Errno 2] Unable to synchronously open file (unable to open file: name = 'dataset/SCAMPS/scamps_videos/P001751.mat', errno = 2, error message = 'No such file or directory', flags = 0, o_flags = 0)"
SCAMPS,P001752,dataset/SCAMPS/scamps_videos/P001752.mat,,,,30.000000,"FileNotFoundError: [Errno 2] Unable to synchronously open file (unable to open file: name = 'dataset/SCAMPS/scamps_videos/P001752.mat', errno = 2, error message = 'No such file or directory', flags = 0, o_flags = 0)"
SCAMPS,P001753,dataset/SCAMPS/scamps_videos/P001753.mat,,,,30.000000,"FileNotFoundError: [Errno 2] Unable to synchronously open file (unable to open file: name = 'dataset/SCAMPS/scamps_videos/P001753.mat', errno = 2, error message = 'No such file or directory', flags = 0, o_flags = 0)"
SCAMPS,P001754,dataset/SCAMPS/scamps_videos/P001754.mat,,,,30.000000,"FileNotFoundError: [Errno 2] Unable to synchronously open file (unable to open file: name = 'dataset/SCAMPS/scamps_videos/P001754.mat', errno = 2, error message = 'No such file or directory', flags = 0, o_flags = 0)"
SCAMPS,P001755,dataset/SCAMPS/scamps_videos/P001755.mat,,,,30.000000,"FileNotFoundError: [Errno 2] Unable to synchronously open file (unable to open file: name = 'dataset/SCAMPS/scamps_videos/P001755.mat', errno = 2, error message = 'No such file or directory', flags = 0, o_flags = 0)"
SCAMPS,P001756,dataset/SCAMPS/scamps_videos/P001756.mat,,,,30.000000,"FileNotFoundError: [Errno 2] Unable to synchronously open file (unable to open file: name = 'dataset/SCAMPS/scamps_videos/P001756.mat', errno = 2, error message = 'No such file or directory', flags = 0, o_flags = 0)"
SCAMPS,P001757,dataset/SCAMPS/scamps_videos/P001757.mat,,,,30.000000,"FileNotFoundError: [Errno 2] Unable to synchronously open file (unable to open file: name = 'dataset/SCAMPS/scamps_videos/P001757.mat', errno = 2, error message = 'No such file or directory', flags = 0, o_flags = 0)"
SCAMPS,P001758,dataset/SCAMPS/scamps_videos/P001758.mat,,,,30.000000,"FileNotFoundError: [Errno 2] Unable to synchronously open file (unable to open file: name = 'dataset/SCAMPS/scamps_videos/P001758.mat', errno = 2, error message = 'No such file or directory', flags = 0, o_flags = 0)"
SCAMPS,P001759,dataset/SCAMPS/scamps_videos/P001759.mat,,,,30.000000,"FileNotFoundError: [Errno 2] Unable to synchronously open file (unable to open file: name = 'dataset/SCAMPS/scamps_videos/P001759.mat', errno = 2, error message = 'No such file or directory', flags = 0, o_flags = 0)"
SCAMPS,P001760,dataset/SCAMPS/scamps_videos/P001760.mat,,,,30.000000,"FileNotFoundError: [Errno 2] Unable to synchronously open file (unable to open file: name = 'dataset/SCAMPS/scamps_videos/P001760.mat', errno = 2, error message = 'No such file or directory', flags = 0, o_flags = 0)"
SCAMPS,P001761,dataset/SCAMPS/scamps_videos/P001761.mat,,,,30.000000,"FileNotFoundError: [Errno 2] Unable to synchronously open file (unable to open file: name = 'dataset/SCAMPS/scamps_videos/P001761.mat', errno = 2, error message = 'No such file or directory', flags = 0, o_flags = 0)"
SCAMPS,P001762,dataset/SCAMPS/scamps_videos/P001762.mat,,,,30.000000,"FileNotFoundError: [Errno 2] Unable to synchronously open file (unable to open file: name = 'dataset/SCAMPS/scamps_videos/P001762.mat', errno = 2, error message = 'No such file or directory', flags = 0, o_flags = 0)"
SCAMPS,P001763,dataset/SCAMPS/scamps_videos/P001763.mat,,,,30.000000,"FileNotFoundError: [Errno 2] Unable to synchronously open file (unable to open file: name = 'dataset/SCAMPS/scamps_videos/P001763.mat', errno = 2, error message = 'No such file or directory', flags = 0, o_flags = 0)"
SCAMPS,P001764,dataset/SCAMPS/scamps_videos/P001764.mat,,,,30.000000,"FileNotFoundError: [Errno 2] Unable to synchronously open file (unable to open file: name = 'dataset/SCAMPS/scamps_videos/P001764.mat', errno = 2, error message = 'No such file or directory', flags = 0, o_flags = 0)"
SCAMPS,P001765,dataset/SCAMPS/scamps_videos/P001765.mat,,,,30.000000,"FileNotFoundError: [Errno 2] Unable to synchronously open file (unable to open file: name = 'dataset/SCAMPS/scamps_videos/P001765.mat', errno = 2, error message = 'No such file or directory', flags = 0, o_flags = 0)"
SCAMPS,P001766,dataset/SCAMPS/scamps_videos/P001766.mat,,,,30.000000,"FileNotFoundError: [Errno 2] Unable to synchronously open file (unable to open file: name = 'dataset/SCAMPS/scamps_videos/P001766.mat', errno = 2, error message = 'No such file or directory', flags = 0, o_flags = 0)"
SCAMPS,P001767,dataset/SCAMPS/scamps_videos/P001767.mat,,,,30.000000,"FileNotFoundError: [Errno 2] Unable to synchronously open file (unable to open file: name = 'dataset/SCAMPS/scamps_videos/P001767.mat', errno = 2, error message = 'No such file or directory', flags = 0, o_flags = 0)"
SCAMPS,P001768,dataset/SCAMPS/scamps_videos/P001768.mat,,,,30.000000,"FileNotFoundError: [Errno 2] Unable to synchronously open file (unable to open file: name = 'dataset/SCAMPS/scamps_videos/P001768.mat', errno = 2, error message = 'No such file or directory', flags = 0, o_flags = 0)"
SCAMPS,P001769,dataset/SCAMPS/scamps_videos/P001769.mat,,,,30.000000,"FileNotFoundError: [Errno 2] Unable to synchronously open file (unable to open file: name = 'dataset/SCAMPS/scamps_videos/P001769.mat', errno = 2, error message = 'No such file or directory', flags = 0, o_flags = 0)"
SCAMPS,P001770,dataset/SCAMPS/scamps_videos/P001770.mat,,,,30.000000,"FileNotFoundError: [Errno 2] Unable to synchronously open file (unable to open file: name = 'dataset/SCAMPS/scamps_videos/P001770.mat', errno = 2, error message = 'No such file or directory', flags = 0, o_flags = 0)"
SCAMPS,P001771,dataset/SCAMPS/scamps_videos/P001771.mat,,,,30.000000,"FileNotFoundError: [Errno 2] Unable to synchronously open file (unable to open file: name = 'dataset/SCAMPS/scamps_videos/P001771.mat', errno = 2, error message = 'No such file or directory', flags = 0, o_flags = 0)"
SCAMPS,P001772,dataset/SCAMPS/scamps_videos/P001772.mat,,,,30.000000,"FileNotFoundError: [Errno 2] Unable to synchronously open file (unable to open file: name = 'dataset/SCAMPS/scamps_videos/P001772.mat', errno = 2, error message = 'No such file or directory', flags = 0, o_flags = 0)"
SCAMPS,P001773,dataset/SCAMPS/scamps_videos/P001773.mat,,,,30.000000,"FileNotFoundError: [Errno 2] Unable to synchronously open file (unable to open file: name = 'dataset/SCAMPS/scamps_videos/P001773.mat', errno = 2, error message = 'No such file or directory', flags = 0, o_flags = 0)"
SCAMPS,P001774,dataset/SCAMPS/scamps_videos/P001774.mat,,,,30.000000,"FileNotFoundError: [Errno 2] Unable to synchronously open file (unable to open file: name = 'dataset/SCAMPS/scamps_videos/P001774.mat', errno = 2, error message = 'No such file or directory', flags = 0, o_flags = 0)"
SCAMPS,P001775,dataset/SCAMPS/scamps_videos/P001775.mat,,,,30.000000,"FileNotFoundError: [Errno 2] Unable to synchronously open file (unable to open file: name = 'dataset/SCAMPS/scamps_videos/P001775.mat', errno = 2, error message = 'No such file or directory', flags = 0, o_flags = 0)"
SCAMPS,P001776,dataset/SCAMPS/scamps_videos/P001776.mat,,,,30.000000,"FileNotFoundError: [Errno 2] Unable to synchronously open file (unable to open file: name = 'dataset/SCAMPS/scamps_videos/P001776.mat', errno = 2, error message = 'No such file or directory', flags = 0, o_flags = 0)"
SCAMPS,P001777,dataset/SCAMPS/scamps_videos/P001777.mat,,,,30.000000,"FileNotFoundError: [Errno 2] Unable to synchronously open file (unable to open file: name = 'dataset/SCAMPS/scamps_videos/P001777.mat', errno = 2, error message = 'No such file or directory', flags = 0, o_flags = 0)"
SCAMPS,P001778,dataset/SCAMPS/scamps_videos/P001778.mat,,,,30.000000,"FileNotFoundError: [Errno 2] Unable to synchronously open file (unable to open file: name = 'dataset/SCAMPS/scamps_videos/P001778.mat', errno = 2, error message = 'No such file or directory', flags = 0, o_flags = 0)"
SCAMPS,P001779,dataset/SCAMPS/scamps_videos/P001779.mat,,,,30.000000,"FileNotFoundError: [Errno 2] Unable to synchronously open file (unable to open file: name = 'dataset/SCAMPS/scamps_videos/P001779.mat', errno = 2, error message = 'No such file or directory', flags = 0, o_flags = 0)"
SCAMPS,P001780,dataset/SCAMPS/scamps_videos/P001780.mat,,,,30.000000,"FileNotFoundError: [Errno 2] Unable to synchronously open file (unable to open file: name = 'dataset/SCAMPS/scamps_videos/P001780.mat', errno = 2, error message = 'No such file or directory', flags = 0, o_flags = 0)"
SCAMPS,P001781,dataset/SCAMPS/scamps_videos/P001781.mat,,,,30.000000,"FileNotFoundError: [Errno 2] Unable to synchronously open file (unable to open file: name = 'dataset/SCAMPS/scamps_videos/P001781.mat', errno = 2, error message = 'No such file or directory', flags = 0, o_flags = 0)"
SCAMPS,P001782,dataset/SCAMPS/scamps_videos/P001782.mat,,,,30.000000,"FileNotFoundError: [Errno 2] Unable to synchronously open file (unable to open file: name = 'dataset/SCAMPS/scamps_videos/P001782.mat', errno = 2, error message = 'No such file or directory', flags = 0, o_flags = 0)"
SCAMPS,P001783,dataset/SCAMPS/scamps_videos/P001783.mat,,,,30.000000,"FileNotFoundError: [Errno 2] Unable to synchronously open file (unable to open file: name = 'dataset/SCAMPS/scamps_videos/P001783.mat', errno = 2, error message = 'No such file or directory', flags = 0, o_flags = 0)"
SCAMPS,P001784,dataset/SCAMPS/scamps_videos/P001784.mat,,,,30.000000,"FileNotFoundError: [Errno 2] Unable to synchronously open file (unable to open file: name = 'dataset/SCAMPS/scamps_videos/P001784.mat', errno = 2, error message = 'No such file or directory', flags = 0, o_flags = 0)"
SCAMPS,P001785,dataset/SCAMPS/scamps_videos/P001785.mat,,,,30.000000,"FileNotFoundError: [Errno 2] Unable to synchronously open file (unable to open file: name = 'dataset/SCAMPS/scamps_videos/P001785.mat', errno = 2, error message = 'No such file or directory', flags = 0, o_flags = 0)"
SCAMPS,P001786,dataset/SCAMPS/scamps_videos/P001786.mat,,,,30.000000,"FileNotFoundError: [Errno 2] Unable to synchronously open file (unable to open file: name = 'dataset/SCAMPS/scamps_videos/P001786.mat', errno = 2, error message = 'No such file or directory', flags = 0, o_flags = 0)"
SCAMPS,P001787,dataset/SCAMPS/scamps_videos/P001787.mat,,,,30.000000,"FileNotFoundError: [Errno 2] Unable to synchronously open file (unable to open file: name = 'dataset/SCAMPS/scamps_videos/P001787.mat', errno = 2, error message = 'No such file or directory', flags = 0, o_flags = 0)"
SCAMPS,P001788,dataset/SCAMPS/scamps_videos/P001788.mat,,,,30.000000,"FileNotFoundError: [Errno 2] Unable to synchronously open file (unable to open file: name = 'dataset/SCAMPS/scamps_videos/P001788.mat', errno = 2, error message = 'No such file or directory', flags = 0, o_flags = 0)"
SCAMPS,P001789,dataset/SCAMPS/scamps_videos/P001789.mat,,,,30.000000,"FileNotFoundError: [Errno 2] Unable to synchronously open file (unable to open file: name = 'dataset/SCAMPS/scamps_videos/P001789.mat', errno = 2, error message = 'No such file or directory', flags = 0, o_flags = 0)"
SCAMPS,P001790,dataset/SCAMPS/scamps_videos/P001790.mat,,,,30.000000,"FileNotFoundError: [Errno 2] Unable to synchronously open file (unable to open file: name = 'dataset/SCAMPS/scamps_videos/P001790.mat', errno = 2, error message = 'No such file or directory', flags = 0, o_flags = 0)"
SCAMPS,P001791,dataset/SCAMPS/scamps_videos/P001791.mat,,,,30.000000,"FileNotFoundError: [Errno 2] Unable to synchronously open file (unable to open file: name = 'dataset/SCAMPS/scamps_videos/P001791.mat', errno = 2, error message = 'No such file or directory', flags = 0, o_flags = 0)"
SCAMPS,P001792,dataset/SCAMPS/scamps_videos/P001792.mat,,,,30.000000,"FileNotFoundError: [Errno 2] Unable to synchronously open file (unable to open file: name = 'dataset/SCAMPS/scamps_videos/P001792.mat', errno = 2, error message = 'No such file or directory', flags = 0, o_flags = 0)"
SCAMPS,P001793,dataset/SCAMPS/scamps_videos/P001793.mat,,,,30.000000,"FileNotFoundError: [Errno 2] Unable to synchronously open file (unable to open file: name = 'dataset/SCAMPS/scamps_videos/P001793.mat', errno = 2, error message = 'No such file or directory', flags = 0, o_flags = 0)"
SCAMPS,P001794,dataset/SCAMPS/scamps_videos/P001794.mat,,,,30.000000,"FileNotFoundError: [Errno 2] Unable to synchronously open file (unable to open file: name = 'dataset/SCAMPS/scamps_videos/P001794.mat', errno = 2, error message = 'No such file or directory', flags = 0, o_flags = 0)"
SCAMPS,P001795,dataset/SCAMPS/scamps_videos/P001795.mat,,,,30.000000,"FileNotFoundError: [Errno 2] Unable to synchronously open file (unable to open file: name = 'dataset/SCAMPS/scamps_videos/P001795.mat', errno = 2, error message = 'No such file or directory', flags = 0, o_flags = 0)"
SCAMPS,P001796,dataset/SCAMPS/scamps_videos/P001796.mat,,,,30.000000,"FileNotFoundError: [Errno 2] Unable to synchronously open file (unable to open file: name = 'dataset/SCAMPS/scamps_videos/P001796.mat', errno = 2, error message = 'No such file or directory', flags = 0, o_flags = 0)"
SCAMPS,P001797,dataset/SCAMPS/scamps_videos/P001797.mat,,,,30.000000,"FileNotFoundError: [Errno 2] Unable to synchronously open file (unable to open file: name = 'dataset/SCAMPS/scamps_videos/P001797.mat', errno = 2, error message = 'No such file or directory', flags = 0, o_flags = 0)"
SCAMPS,P001798,dataset/SCAMPS/scamps_videos/P001798.mat,,,,30.000000,"FileNotFoundError: [Errno 2] Unable to synchronously open file (unable to open file: name = 'dataset/SCAMPS/scamps_videos/P001798.mat', errno = 2, error message = 'No such file or directory', flags = 0, o_flags = 0)"
SCAMPS,P001799,dataset/SCAMPS/scamps_videos/P001799.mat,,,,30.000000,"FileNotFoundError: [Errno 2] Unable to synchronously open file (unable to open file: name = 'dataset/SCAMPS/scamps_videos/P001799.mat', errno = 2, error message = 'No such file or directory', flags = 0, o_flags = 0)"
SCAMPS,P001800,dataset/SCAMPS/scamps_videos/P001800.mat,,,,30.000000,"FileNotFoundError: [Errno 2] Unable to synchronously open file (unable to open file: name = 'dataset/SCAMPS/scamps_videos/P001800.mat', errno = 2, error message = 'No such file or directory', flags = 0, o_flags = 0)"
SCAMPS,P001801,dataset/SCAMPS/scamps_videos/P001801.mat,,,,30.000000,"FileNotFoundError: [Errno 2] Unable to synchronously open file (unable to open file: name = 'dataset/SCAMPS/scamps_videos/P001801.mat', errno = 2, error message = 'No such file or directory', flags = 0, o_flags = 0)"
SCAMPS,P001802,dataset/SCAMPS/scamps_videos/P001802.mat,,,,30.000000,"FileNotFoundError: [Errno 2] Unable to synchronously open file (unable to open file: name = 'dataset/SCAMPS/scamps_videos/P001802.mat', errno = 2, error message = 'No such file or directory', flags = 0, o_flags = 0)"
SCAMPS,P001803,dataset/SCAMPS/scamps_videos/P001803.mat,,,,30.000000,"FileNotFoundError: [Errno 2] Unable to synchronously open file (unable to open file: name = 'dataset/SCAMPS/scamps_videos/P001803.mat', errno = 2, error message = 'No such file or directory', flags = 0, o_flags = 0)"
SCAMPS,P001804,dataset/SCAMPS/scamps_videos/P001804.mat,,,,30.000000,"FileNotFoundError: [Errno 2] Unable to synchronously open file (unable to open file: name = 'dataset/SCAMPS/scamps_videos/P001804.mat', errno = 2, error message = 'No such file or directory', flags = 0, o_flags = 0)"
SCAMPS,P001805,dataset/SCAMPS/scamps_videos/P001805.mat,,,,30.000000,"FileNotFoundError: [Errno 2] Unable to synchronously open file (unable to open file: name = 'dataset/SCAMPS/scamps_videos/P001805.mat', errno = 2, error message = 'No such file or directory', flags = 0, o_flags = 0)"
SCAMPS,P001806,dataset/SCAMPS/scamps_videos/P001806.mat,,,,30.000000,"FileNotFoundError: [Errno 2] Unable to synchronously open file (unable to open file: name = 'dataset/SCAMPS/scamps_videos/P001806.mat', errno = 2, error message = 'No such file or directory', flags = 0, o_flags = 0)"
SCAMPS,P001807,dataset/SCAMPS/scamps_videos/P001807.mat,,,,30.000000,"FileNotFoundError: [Errno 2] Unable to synchronously open file (unable to open file: name = 'dataset/SCAMPS/scamps_videos/P001807.mat', errno = 2, error message = 'No such file or directory', flags = 0, o_flags = 0)"
SCAMPS,P001808,dataset/SCAMPS/scamps_videos/P001808.mat,,,,30.000000,"FileNotFoundError: [Errno 2] Unable to synchronously open file (unable to open file: name = 'dataset/SCAMPS/scamps_videos/P001808.mat', errno = 2, error message = 'No such file or directory', flags = 0, o_flags = 0)"
SCAMPS,P001809,dataset/SCAMPS/scamps_videos/P001809.mat,,,,30.000000,"FileNotFoundError: [Errno 2] Unable to synchronously open file (unable to open file: name = 'dataset/SCAMPS/scamps_videos/P001809.mat', errno = 2, error message = 'No such file or directory', flags = 0, o_flags = 0)"
SCAMPS,P001810,dataset/SCAMPS/scamps_videos/P001810.mat,,,,30.000000,"FileNotFoundError: [Errno 2] Unable to synchronously open file (unable to open file: name = 'dataset/SCAMPS/scamps_videos/P001810.mat', errno = 2, error message = 'No such file or directory', flags = 0, o_flags = 0)"
SCAMPS,P001811,dataset/SCAMPS/scamps_videos/P001811.mat,,,,30.000000,"FileNotFoundError: [Errno 2] Unable to synchronously open file (unable to open file: name = 'dataset/SCAMPS/scamps_videos/P001811.mat', errno = 2, error message = 'No such file or directory', flags = 0, o_flags = 0)"
SCAMPS,P001812,dataset/SCAMPS/scamps_videos/P001812.mat,,,,30.000000,"FileNotFoundError: [Errno 2] Unable to synchronously open file (unable to open file: name = 'dataset/SCAMPS/scamps_videos/P001812.mat', errno = 2, error message = 'No such file or directory', flags = 0, o_flags = 0)"
SCAMPS,P001813,dataset/SCAMPS/scamps_videos/P001813.mat,,,,30.000000,"FileNotFoundError: [Errno 2] Unable to synchronously open file (unable to open file: name = 'dataset/SCAMPS/scamps_videos/P001813.mat', errno = 2, error message = 'No such file or directory', flags = 0, o_flags = 0)"
SCAMPS,P001814,dataset/SCAMPS/scamps_videos/P001814.mat,,,,30.000000,"FileNotFoundError: [Errno 2] Unable to synchronously open file (unable to open file: name = 'dataset/SCAMPS/scamps_videos/P001814.mat', errno = 2, error message = 'No such file or directory', flags = 0, o_flags = 0)"
SCAMPS,P001815,dataset/SCAMPS/scamps_videos/P001815.mat,,,,30.000000,"FileNotFoundError: [Errno 2] Unable to synchronously open file (unable to open file: name = 'dataset/SCAMPS/scamps_videos/P001815.mat', errno = 2, error message = 'No such file or directory', flags = 0, o_flags = 0)"
SCAMPS,P001816,dataset/SCAMPS/scamps_videos/P001816.mat,,,,30.000000,"FileNotFoundError: [Errno 2] Unable to synchronously open file (unable to open file: name = 'dataset/SCAMPS/scamps_videos/P001816.mat', errno = 2, error message = 'No such file or directory', flags = 0, o_flags = 0)"
SCAMPS,P001817,dataset/SCAMPS/scamps_videos/P001817.mat,,,,30.000000,"FileNotFoundError: [Errno 2] Unable to synchronously open file (unable to open file: name = 'dataset/SCAMPS/scamps_videos/P001817.mat', errno = 2, error message = 'No such file or directory', flags = 0, o_flags = 0)"
SCAMPS,P001818,dataset/SCAMPS/scamps_videos/P001818.mat,,,,30.000000,"FileNotFoundError: [Errno 2] Unable to synchronously open file (unable to open file: name = 'dataset/SCAMPS/scamps_videos/P001818.mat', errno = 2, error message = 'No such file or directory', flags = 0, o_flags = 0)"
SCAMPS,P001819,dataset/SCAMPS/scamps_videos/P001819.mat,,,,30.000000,"FileNotFoundError: [Errno 2] Unable to synchronously open file (unable to open file: name = 'dataset/SCAMPS/scamps_videos/P001819.mat', errno = 2, error message = 'No such file or directory', flags = 0, o_flags = 0)"
SCAMPS,P001820,dataset/SCAMPS/scamps_videos/P001820.mat,,,,30.000000,"FileNotFoundError: [Errno 2] Unable to synchronously open file (unable to open file: name = 'dataset/SCAMPS/scamps_videos/P001820.mat', errno = 2, error message = 'No such file or directory', flags = 0, o_flags = 0)"
SCAMPS,P001821,dataset/SCAMPS/scamps_videos/P001821.mat,,,,30.000000,"FileNotFoundError: [Errno 2] Unable to synchronously open file (unable to open file: name = 'dataset/SCAMPS/scamps_videos/P001821.mat', errno = 2, error message = 'No such file or directory', flags = 0, o_flags = 0)"
SCAMPS,P001822,dataset/SCAMPS/scamps_videos/P001822.mat,,,,30.000000,"FileNotFoundError: [Errno 2] Unable to synchronously open file (unable to open file: name = 'dataset/SCAMPS/scamps_videos/P001822.mat', errno = 2, error message = 'No such file or directory', flags = 0, o_flags = 0)"
SCAMPS,P001823,dataset/SCAMPS/scamps_videos/P001823.mat,,,,30.000000,"FileNotFoundError: [Errno 2] Unable to synchronously open file (unable to open file: name = 'dataset/SCAMPS/scamps_videos/P001823.mat', errno = 2, error message = 'No such file or directory', flags = 0, o_flags = 0)"
SCAMPS,P001824,dataset/SCAMPS/scamps_videos/P001824.mat,,,,30.000000,"FileNotFoundError: [Errno 2] Unable to synchronously open file (unable to open file: name = 'dataset/SCAMPS/scamps_videos/P001824.mat', errno = 2, error message = 'No such file or directory', flags = 0, o_flags = 0)"
SCAMPS,P001825,dataset/SCAMPS/scamps_videos/P001825.mat,,,,30.000000,"FileNotFoundError: [Errno 2] Unable to synchronously open file (unable to open file: name = 'dataset/SCAMPS/scamps_videos/P001825.mat', errno = 2, error message = 'No such file or directory', flags = 0, o_flags = 0)"
SCAMPS,P001826,dataset/SCAMPS/scamps_videos/P001826.mat,,,,30.000000,"FileNotFoundError: [Errno 2] Unable to synchronously open file (unable to open file: name = 'dataset/SCAMPS/scamps_videos/P001826.mat', errno = 2, error message = 'No such file or directory', flags = 0, o_flags = 0)"
SCAMPS,P001827,dataset/SCAMPS/scamps_videos/P001827.mat,,,,30.000000,"FileNotFoundError: [Errno 2] Unable to synchronously open file (unable to open file: name = 'dataset/SCAMPS/scamps_videos/P001827.mat', errno = 2, error message = 'No such file or directory', flags = 0, o_flags = 0)"
SCAMPS,P001828,dataset/SCAMPS/scamps_videos/P001828.mat,,,,30.000000,"FileNotFoundError: [Errno 2] Unable to synchronously open file (unable to open file: name = 'dataset/SCAMPS/scamps_videos/P001828.mat', errno = 2, error message = 'No such file or directory', flags = 0, o_flags = 0)"
SCAMPS,P001829,dataset/SCAMPS/scamps_videos/P001829.mat,,,,30.000000,"FileNotFoundError: [Errno 2] Unable to synchronously open file (unable to open file: name = 'dataset/SCAMPS/scamps_videos/P001829.mat', errno = 2, error message = 'No such file or directory', flags = 0, o_flags = 0)"
SCAMPS,P001830,dataset/SCAMPS/scamps_videos/P001830.mat,,,,30.000000,"FileNotFoundError: [Errno 2] Unable to synchronously open file (unable to open file: name = 'dataset/SCAMPS/scamps_videos/P001830.mat', errno = 2, error message = 'No such file or directory', flags = 0, o_flags = 0)"
SCAMPS,P001831,dataset/SCAMPS/scamps_videos/P001831.mat,,,,30.000000,"FileNotFoundError: [Errno 2] Unable to synchronously open file (unable to open file: name = 'dataset/SCAMPS/scamps_videos/P001831.mat', errno = 2, error message = 'No such file or directory', flags = 0, o_flags = 0)"
SCAMPS,P001832,dataset/SCAMPS/scamps_videos/P001832.mat,,,,30.000000,"FileNotFoundError: [Errno 2] Unable to synchronously open file (unable to open file: name = 'dataset/SCAMPS/scamps_videos/P001832.mat', errno = 2, error message = 'No such file or directory', flags = 0, o_flags = 0)"
SCAMPS,P001833,dataset/SCAMPS/scamps_videos/P001833.mat,,,,30.000000,"FileNotFoundError: [Errno 2] Unable to synchronously open file (unable to open file: name = 'dataset/SCAMPS/scamps_videos/P001833.mat', errno = 2, error message = 'No such file or directory', flags = 0, o_flags = 0)"
SCAMPS,P001834,dataset/SCAMPS/scamps_videos/P001834.mat,,,,30.000000,"FileNotFoundError: [Errno 2] Unable to synchronously open file (unable to open file: name = 'dataset/SCAMPS/scamps_videos/P001834.mat', errno = 2, error message = 'No such file or directory', flags = 0, o_flags = 0)"
SCAMPS,P001835,dataset/SCAMPS/scamps_videos/P001835.mat,,,,30.000000,"FileNotFoundError: [Errno 2] Unable to synchronously open file (unable to open file: name = 'dataset/SCAMPS/scamps_videos/P001835.mat', errno = 2, error message = 'No such file or directory', flags = 0, o_flags = 0)"
SCAMPS,P001836,dataset/SCAMPS/scamps_videos/P001836.mat,,,,30.000000,"FileNotFoundError: [Errno 2] Unable to synchronously open file (unable to open file: name = 'dataset/SCAMPS/scamps_videos/P001836.mat', errno = 2, error message = 'No such file or directory', flags = 0, o_flags = 0)"
SCAMPS,P001837,dataset/SCAMPS/scamps_videos/P001837.mat,,,,30.000000,"FileNotFoundError: [Errno 2] Unable to synchronously open file (unable to open file: name = 'dataset/SCAMPS/scamps_videos/P001837.mat', errno = 2, error message = 'No such file or directory', flags = 0, o_flags = 0)"
SCAMPS,P001838,dataset/SCAMPS/scamps_videos/P001838.mat,,,,30.000000,"FileNotFoundError: [Errno 2] Unable to synchronously open file (unable to open file: name = 'dataset/SCAMPS/scamps_videos/P001838.mat', errno = 2, error message = 'No such file or directory', flags = 0, o_flags = 0)"
SCAMPS,P001839,dataset/SCAMPS/scamps_videos/P001839.mat,,,,30.000000,"FileNotFoundError: [Errno 2] Unable to synchronously open file (unable to open file: name = 'dataset/SCAMPS/scamps_videos/P001839.mat', errno = 2, error message = 'No such file or directory', flags = 0, o_flags = 0)"
SCAMPS,P001840,dataset/SCAMPS/scamps_videos/P001840.mat,,,,30.000000,"FileNotFoundError: [Errno 2] Unable to synchronously open file (unable to open file: name = 'dataset/SCAMPS/scamps_videos/P001840.mat', errno = 2, error message = 'No such file or directory', flags = 0, o_flags = 0)"
SCAMPS,P001841,dataset/SCAMPS/scamps_videos/P001841.mat,,,,30.000000,"FileNotFoundError: [Errno 2] Unable to synchronously open file (unable to open file: name = 'dataset/SCAMPS/scamps_videos/P001841.mat', errno = 2, error message = 'No such file or directory', flags = 0, o_flags = 0)"
SCAMPS,P001842,dataset/SCAMPS/scamps_videos/P001842.mat,,,,30.000000,"FileNotFoundError: [Errno 2] Unable to synchronously open file (unable to open file: name = 'dataset/SCAMPS/scamps_videos/P001842.mat', errno = 2, error message = 'No such file or directory', flags = 0, o_flags = 0)"
SCAMPS,P001843,dataset/SCAMPS/scamps_videos/P001843.mat,,,,30.000000,"FileNotFoundError: [Errno 2] Unable to synchronously open file (unable to open file: name = 'dataset/SCAMPS/scamps_videos/P001843.mat', errno = 2, error message = 'No such file or directory', flags = 0, o_flags = 0)"
SCAMPS,P001844,dataset/SCAMPS/scamps_videos/P001844.mat,,,,30.000000,"FileNotFoundError: [Errno 2] Unable to synchronously open file (unable to open file: name = 'dataset/SCAMPS/scamps_videos/P001844.mat', errno = 2, error message = 'No such file or directory', flags = 0, o_flags = 0)"
SCAMPS,P001845,dataset/SCAMPS/scamps_videos/P001845.mat,,,,30.000000,"FileNotFoundError: [Errno 2] Unable to synchronously open file (unable to open file: name = 'dataset/SCAMPS/scamps_videos/P001845.mat', errno = 2, error message = 'No such file or directory', flags = 0, o_flags = 0)"
SCAMPS,P001846,dataset/SCAMPS/scamps_videos/P001846.mat,,,,30.000000,"FileNotFoundError: [Errno 2] Unable to synchronously open file (unable to open file: name = 'dataset/SCAMPS/scamps_videos/P001846.mat', errno = 2, error message = 'No such file or directory', flags = 0, o_flags = 0)"
SCAMPS,P001847,dataset/SCAMPS/scamps_videos/P001847.mat,,,,30.000000,"FileNotFoundError: [Errno 2] Unable to synchronously open file (unable to open file: name = 'dataset/SCAMPS/scamps_videos/P001847.mat', errno = 2, error message = 'No such file or directory', flags = 0, o_flags = 0)"
SCAMPS,P001848,dataset/SCAMPS/scamps_videos/P001848.mat,,,,30.000000,"FileNotFoundError: [Errno 2] Unable to synchronously open file (unable to open file: name = 'dataset/SCAMPS/scamps_videos/P001848.mat', errno = 2, error message = 'No such file or directory', flags = 0, o_flags = 0)"
SCAMPS,P001849,dataset/SCAMPS/scamps_videos/P001849.mat,,,,30.000000,"FileNotFoundError: [Errno 2] Unable to synchronously open file (unable to open file: name = 'dataset/SCAMPS/scamps_videos/P001849.mat', errno = 2, error message = 'No such file or directory', flags = 0, o_flags = 0)"
SCAMPS,P001850,dataset/SCAMPS/scamps_videos/P001850.mat,,,,30.000000,"FileNotFoundError: [Errno 2] Unable to synchronously open file (unable to open file: name = 'dataset/SCAMPS/scamps_videos/P001850.mat', errno = 2, error message = 'No such file or directory', flags = 0, o_flags = 0)"
SCAMPS,P001851,dataset/SCAMPS/scamps_videos/P001851.mat,,,,30.000000,"FileNotFoundError: [Errno 2] Unable to synchronously open file (unable to open file: name = 'dataset/SCAMPS/scamps_videos/P001851.mat', errno = 2, error message = 'No such file or directory', flags = 0, o_flags = 0)"
SCAMPS,P001852,dataset/SCAMPS/scamps_videos/P001852.mat,,,,30.000000,"FileNotFoundError: [Errno 2] Unable to synchronously open file (unable to open file: name = 'dataset/SCAMPS/scamps_videos/P001852.mat', errno = 2, error message = 'No such file or directory', flags = 0, o_flags = 0)"
SCAMPS,P001853,dataset/SCAMPS/scamps_videos/P001853.mat,,,,30.000000,"FileNotFoundError: [Errno 2] Unable to synchronously open file (unable to open file: name = 'dataset/SCAMPS/scamps_videos/P001853.mat', errno = 2, error message = 'No such file or directory', flags = 0, o_flags = 0)"
SCAMPS,P001854,dataset/SCAMPS/scamps_videos/P001854.mat,,,,30.000000,"FileNotFoundError: [Errno 2] Unable to synchronously open file (unable to open file: name = 'dataset/SCAMPS/scamps_videos/P001854.mat', errno = 2, error message = 'No such file or directory', flags = 0, o_flags = 0)"
SCAMPS,P001855,dataset/SCAMPS/scamps_videos/P001855.mat,,,,30.000000,"FileNotFoundError: [Errno 2] Unable to synchronously open file (unable to open file: name = 'dataset/SCAMPS/scamps_videos/P001855.mat', errno = 2, error message = 'No such file or directory', flags = 0, o_flags = 0)"
SCAMPS,P001856,dataset/SCAMPS/scamps_videos/P001856.mat,,,,30.000000,"FileNotFoundError: [Errno 2] Unable to synchronously open file (unable to open file: name = 'dataset/SCAMPS/scamps_videos/P001856.mat', errno = 2, error message = 'No such file or directory', flags = 0, o_flags = 0)"
SCAMPS,P001857,dataset/SCAMPS/scamps_videos/P001857.mat,,,,30.000000,"FileNotFoundError: [Errno 2] Unable to synchronously open file (unable to open file: name = 'dataset/SCAMPS/scamps_videos/P001857.mat', errno = 2, error message = 'No such file or directory', flags = 0, o_flags = 0)"
SCAMPS,P001858,dataset/SCAMPS/scamps_videos/P001858.mat,,,,30.000000,"FileNotFoundError: [Errno 2] Unable to synchronously open file (unable to open file: name = 'dataset/SCAMPS/scamps_videos/P001858.mat', errno = 2, error message = 'No such file or directory', flags = 0, o_flags = 0)"
SCAMPS,P001859,dataset/SCAMPS/scamps_videos/P001859.mat,,,,30.000000,"FileNotFoundError: [Errno 2] Unable to synchronously open file (unable to open file: name = 'dataset/SCAMPS/scamps_videos/P001859.mat', errno = 2, error message = 'No such file or directory', flags = 0, o_flags = 0)"
SCAMPS,P001860,dataset/SCAMPS/scamps_videos/P001860.mat,,,,30.000000,"FileNotFoundError: [Errno 2] Unable to synchronously open file (unable to open file: name = 'dataset/SCAMPS/scamps_videos/P001860.mat', errno = 2, error message = 'No such file or directory', flags = 0, o_flags = 0)"
SCAMPS,P001861,dataset/SCAMPS/scamps_videos/P001861.mat,,,,30.000000,"FileNotFoundError: [Errno 2] Unable to synchronously open file (unable to open file: name = 'dataset/SCAMPS/scamps_videos/P001861.mat', errno = 2, error message = 'No such file or directory', flags = 0, o_flags = 0)"
SCAMPS,P001862,dataset/SCAMPS/scamps_videos/P001862.mat,,,,30.000000,"FileNotFoundError: [Errno 2] Unable to synchronously open file (unable to open file: name = 'dataset/SCAMPS/scamps_videos/P001862.mat', errno = 2, error message = 'No such file or directory', flags = 0, o_flags = 0)"
SCAMPS,P001863,dataset/SCAMPS/scamps_videos/P001863.mat,,,,30.000000,"FileNotFoundError: [Errno 2] Unable to synchronously open file (unable to open file: name = 'dataset/SCAMPS/scamps_videos/P001863.mat', errno = 2, error message = 'No such file or directory', flags = 0, o_flags = 0)"
SCAMPS,P001864,dataset/SCAMPS/scamps_videos/P001864.mat,,,,30.000000,"FileNotFoundError: [Errno 2] Unable to synchronously open file (unable to open file: name = 'dataset/SCAMPS/scamps_videos/P001864.mat', errno = 2, error message = 'No such file or directory', flags = 0, o_flags = 0)"
SCAMPS,P001865,dataset/SCAMPS/scamps_videos/P001865.mat,,,,30.000000,"FileNotFoundError: [Errno 2] Unable to synchronously open file (unable to open file: name = 'dataset/SCAMPS/scamps_videos/P001865.mat', errno = 2, error message = 'No such file or directory', flags = 0, o_flags = 0)"
SCAMPS,P001866,dataset/SCAMPS/scamps_videos/P001866.mat,,,,30.000000,"FileNotFoundError: [Errno 2] Unable to synchronously open file (unable to open file: name = 'dataset/SCAMPS/scamps_videos/P001866.mat', errno = 2, error message = 'No such file or directory', flags = 0, o_flags = 0)"
SCAMPS,P001867,dataset/SCAMPS/scamps_videos/P001867.mat,,,,30.000000,"FileNotFoundError: [Errno 2] Unable to synchronously open file (unable to open file: name = 'dataset/SCAMPS/scamps_videos/P001867.mat', errno = 2, error message = 'No such file or directory', flags = 0, o_flags = 0)"
SCAMPS,P001868,dataset/SCAMPS/scamps_videos/P001868.mat,,,,30.000000,"FileNotFoundError: [Errno 2] Unable to synchronously open file (unable to open file: name = 'dataset/SCAMPS/scamps_videos/P001868.mat', errno = 2, error message = 'No such file or directory', flags = 0, o_flags = 0)"
SCAMPS,P001869,dataset/SCAMPS/scamps_videos/P001869.mat,,,,30.000000,"FileNotFoundError: [Errno 2] Unable to synchronously open file (unable to open file: name = 'dataset/SCAMPS/scamps_videos/P001869.mat', errno = 2, error message = 'No such file or directory', flags = 0, o_flags = 0)"
SCAMPS,P001870,dataset/SCAMPS/scamps_videos/P001870.mat,,,,30.000000,"FileNotFoundError: [Errno 2] Unable to synchronously open file (unable to open file: name = 'dataset/SCAMPS/scamps_videos/P001870.mat', errno = 2, error message = 'No such file or directory', flags = 0, o_flags = 0)"
SCAMPS,P001871,dataset/SCAMPS/scamps_videos/P001871.mat,,,,30.000000,"FileNotFoundError: [Errno 2] Unable to synchronously open file (unable to open file: name = 'dataset/SCAMPS/scamps_videos/P001871.mat', errno = 2, error message = 'No such file or directory', flags = 0, o_flags = 0)"
SCAMPS,P001872,dataset/SCAMPS/scamps_videos/P001872.mat,,,,30.000000,"FileNotFoundError: [Errno 2] Unable to synchronously open file (unable to open file: name = 'dataset/SCAMPS/scamps_videos/P001872.mat', errno = 2, error message = 'No such file or directory', flags = 0, o_flags = 0)"
SCAMPS,P001873,dataset/SCAMPS/scamps_videos/P001873.mat,,,,30.000000,"FileNotFoundError: [Errno 2] Unable to synchronously open file (unable to open file: name = 'dataset/SCAMPS/scamps_videos/P001873.mat', errno = 2, error message = 'No such file or directory', flags = 0, o_flags = 0)"
SCAMPS,P001874,dataset/SCAMPS/scamps_videos/P001874.mat,,,,30.000000,"FileNotFoundError: [Errno 2] Unable to synchronously open file (unable to open file: name = 'dataset/SCAMPS/scamps_videos/P001874.mat', errno = 2, error message = 'No such file or directory', flags = 0, o_flags = 0)"
SCAMPS,P001875,dataset/SCAMPS/scamps_videos/P001875.mat,,,,30.000000,"FileNotFoundError: [Errno 2] Unable to synchronously open file (unable to open file: name = 'dataset/SCAMPS/scamps_videos/P001875.mat', errno = 2, error message = 'No such file or directory', flags = 0, o_flags = 0)"
SCAMPS,P001876,dataset/SCAMPS/scamps_videos/P001876.mat,,,,30.000000,"FileNotFoundError: [Errno 2] Unable to synchronously open file (unable to open file: name = 'dataset/SCAMPS/scamps_videos/P001876.mat', errno = 2, error message = 'No such file or directory', flags = 0, o_flags = 0)"
SCAMPS,P001877,dataset/SCAMPS/scamps_videos/P001877.mat,,,,30.000000,"FileNotFoundError: [Errno 2] Unable to synchronously open file (unable to open file: name = 'dataset/SCAMPS/scamps_videos/P001877.mat', errno = 2, error message = 'No such file or directory', flags = 0, o_flags = 0)"
SCAMPS,P001878,dataset/SCAMPS/scamps_videos/P001878.mat,,,,30.000000,"FileNotFoundError: [Errno 2] Unable to synchronously open file (unable to open file: name = 'dataset/SCAMPS/scamps_videos/P001878.mat', errno = 2, error message = 'No such file or directory', flags = 0, o_flags = 0)"
SCAMPS,P001879,dataset/SCAMPS/scamps_videos/P001879.mat,,,,30.000000,"FileNotFoundError: [Errno 2] Unable to synchronously open file (unable to open file: name = 'dataset/SCAMPS/scamps_videos/P001879.mat', errno = 2, error message = 'No such file or directory', flags = 0, o_flags = 0)"
SCAMPS,P001880,dataset/SCAMPS/scamps_videos/P001880.mat,,,,30.000000,"FileNotFoundError: [Errno 2] Unable to synchronously open file (unable to open file: name = 'dataset/SCAMPS/scamps_videos/P001880.mat', errno = 2, error message = 'No such file or directory', flags = 0, o_flags = 0)"
SCAMPS,P001881,dataset/SCAMPS/scamps_videos/P001881.mat,,,,30.000000,"FileNotFoundError: [Errno 2] Unable to synchronously open file (unable to open file: name = 'dataset/SCAMPS/scamps_videos/P001881.mat', errno = 2, error message = 'No such file or directory', flags = 0, o_flags = 0)"
SCAMPS,P001882,dataset/SCAMPS/scamps_videos/P001882.mat,,,,30.000000,"FileNotFoundError: [Errno 2] Unable to synchronously open file (unable to open file: name = 'dataset/SCAMPS/scamps_videos/P001882.mat', errno = 2, error message = 'No such file or directory', flags = 0, o_flags = 0)"
SCAMPS,P001883,dataset/SCAMPS/scamps_videos/P001883.mat,,,,30.000000,"FileNotFoundError: [Errno 2] Unable to synchronously open file (unable to open file: name = 'dataset/SCAMPS/scamps_videos/P001883.mat', errno = 2, error message = 'No such file or directory', flags = 0, o_flags = 0)"
SCAMPS,P001884,dataset/SCAMPS/scamps_videos/P001884.mat,,,,30.000000,"FileNotFoundError: [Errno 2] Unable to synchronously open file (unable to open file: name = 'dataset/SCAMPS/scamps_videos/P001884.mat', errno = 2, error message = 'No such file or directory', flags = 0, o_flags = 0)"
SCAMPS,P001885,dataset/SCAMPS/scamps_videos/P001885.mat,,,,30.000000,"FileNotFoundError: [Errno 2] Unable to synchronously open file (unable to open file: name = 'dataset/SCAMPS/scamps_videos/P001885.mat', errno = 2, error message = 'No such file or directory', flags = 0, o_flags = 0)"
SCAMPS,P001886,dataset/SCAMPS/scamps_videos/P001886.mat,,,,30.000000,"FileNotFoundError: [Errno 2] Unable to synchronously open file (unable to open file: name = 'dataset/SCAMPS/scamps_videos/P001886.mat', errno = 2, error message = 'No such file or directory', flags = 0, o_flags = 0)"
SCAMPS,P001887,dataset/SCAMPS/scamps_videos/P001887.mat,,,,30.000000,"FileNotFoundError: [Errno 2] Unable to synchronously open file (unable to open file: name = 'dataset/SCAMPS/scamps_videos/P001887.mat', errno = 2, error message = 'No such file or directory', flags = 0, o_flags = 0)"
SCAMPS,P001888,dataset/SCAMPS/scamps_videos/P001888.mat,,,,30.000000,"FileNotFoundError: [Errno 2] Unable to synchronously open file (unable to open file: name = 'dataset/SCAMPS/scamps_videos/P001888.mat', errno = 2, error message = 'No such file or directory', flags = 0, o_flags = 0)"
SCAMPS,P001889,dataset/SCAMPS/scamps_videos/P001889.mat,,,,30.000000,"FileNotFoundError: [Errno 2] Unable to synchronously open file (unable to open file: name = 'dataset/SCAMPS/scamps_videos/P001889.mat', errno = 2, error message = 'No such file or directory', flags = 0, o_flags = 0)"
SCAMPS,P001890,dataset/SCAMPS/scamps_videos/P001890.mat,,,,30.000000,"FileNotFoundError: [Errno 2] Unable to synchronously open file (unable to open file: name = 'dataset/SCAMPS/scamps_videos/P001890.mat', errno = 2, error message = 'No such file or directory', flags = 0, o_flags = 0)"
SCAMPS,P001891,dataset/SCAMPS/scamps_videos/P001891.mat,,,,30.000000,"FileNotFoundError: [Errno 2] Unable to synchronously open file (unable to open file: name = 'dataset/SCAMPS/scamps_videos/P001891.mat', errno = 2, error message = 'No such file or directory', flags = 0, o_flags = 0)"
SCAMPS,P001892,dataset/SCAMPS/scamps_videos/P001892.mat,,,,30.000000,"FileNotFoundError: [Errno 2] Unable to synchronously open file (unable to open file: name = 'dataset/SCAMPS/scamps_videos/P001892.mat', errno = 2, error message = 'No such file or directory', flags = 0, o_flags = 0)"
SCAMPS,P001893,dataset/SCAMPS/scamps_videos/P001893.mat,,,,30.000000,"FileNotFoundError: [Errno 2] Unable to synchronously open file (unable to open file: name = 'dataset/SCAMPS/scamps_videos/P001893.mat', errno = 2, error message = 'No such file or directory', flags = 0, o_flags = 0)"
SCAMPS,P001894,dataset/SCAMPS/scamps_videos/P001894.mat,,,,30.000000,"FileNotFoundError: [Errno 2] Unable to synchronously open file (unable to open file: name = 'dataset/SCAMPS/scamps_videos/P001894.mat', errno = 2, error message = 'No such file or directory', flags = 0, o_flags = 0)"
SCAMPS,P001895,dataset/SCAMPS/scamps_videos/P001895.mat,,,,30.000000,"FileNotFoundError: [Errno 2] Unable to synchronously open file (unable to open file: name = 'dataset/SCAMPS/scamps_videos/P001895.mat', errno = 2, error message = 'No such file or directory', flags = 0, o_flags = 0)"
SCAMPS,P001896,dataset/SCAMPS/scamps_videos/P001896.mat,,,,30.000000,"FileNotFoundError: [Errno 2] Unable to synchronously open file (unable to open file: name = 'dataset/SCAMPS/scamps_videos/P001896.mat', errno = 2, error message = 'No such file or directory', flags = 0, o_flags = 0)"
SCAMPS,P001897,dataset/SCAMPS/scamps_videos/P001897.mat,,,,30.000000,"FileNotFoundError: [Errno 2] Unable to synchronously open file (unable to open file: name = 'dataset/SCAMPS/scamps_videos/P001897.mat', errno = 2, error message = 'No such file or directory', flags = 0, o_flags = 0)"
SCAMPS,P001898,dataset/SCAMPS/scamps_videos/P001898.mat,,,,30.000000,"FileNotFoundError: [Errno 2] Unable to synchronously open file (unable to open file: name = 'dataset/SCAMPS/scamps_videos/P001898.mat', errno = 2, error message = 'No such file or directory', flags = 0, o_flags = 0)"
SCAMPS,P001899,dataset/SCAMPS/scamps_videos/P001899.mat,,,,30.000000,"FileNotFoundError: [Errno 2] Unable to synchronously open file (unable to open file: name = 'dataset/SCAMPS/scamps_videos/P001899.mat', errno = 2, error message = 'No such file or directory', flags = 0, o_flags = 0)"
SCAMPS,P001900,dataset/SCAMPS/scamps_videos/P001900.mat,,,,30.000000,"FileNotFoundError: [Errno 2] Unable to synchronously open file (unable to open file: name = 'dataset/SCAMPS/scamps_videos/P001900.mat', errno = 2, error message = 'No such file or directory', flags = 0, o_flags = 0)"
SCAMPS,P001901,dataset/SCAMPS/scamps_videos/P001901.mat,,,,30.000000,"FileNotFoundError: [Errno 2] Unable to synchronously open file (unable to open file: name = 'dataset/SCAMPS/scamps_videos/P001901.mat', errno = 2, error message = 'No such file or directory', flags = 0, o_flags = 0)"
SCAMPS,P001902,dataset/SCAMPS/scamps_videos/P001902.mat,,,,30.000000,"FileNotFoundError: [Errno 2] Unable to synchronously open file (unable to open file: name = 'dataset/SCAMPS/scamps_videos/P001902.mat', errno = 2, error message = 'No such file or directory', flags = 0, o_flags = 0)"
SCAMPS,P001903,dataset/SCAMPS/scamps_videos/P001903.mat,,,,30.000000,"FileNotFoundError: [Errno 2] Unable to synchronously open file (unable to open file: name = 'dataset/SCAMPS/scamps_videos/P001903.mat', errno = 2, error message = 'No such file or directory', flags = 0, o_flags = 0)"
SCAMPS,P001904,dataset/SCAMPS/scamps_videos/P001904.mat,,,,30.000000,"FileNotFoundError: [Errno 2] Unable to synchronously open file (unable to open file: name = 'dataset/SCAMPS/scamps_videos/P001904.mat', errno = 2, error message = 'No such file or directory', flags = 0, o_flags = 0)"
SCAMPS,P001905,dataset/SCAMPS/scamps_videos/P001905.mat,,,,30.000000,"FileNotFoundError: [Errno 2] Unable to synchronously open file (unable to open file: name = 'dataset/SCAMPS/scamps_videos/P001905.mat', errno = 2, error message = 'No such file or directory', flags = 0, o_flags = 0)"
SCAMPS,P001906,dataset/SCAMPS/scamps_videos/P001906.mat,,,,30.000000,"FileNotFoundError: [Errno 2] Unable to synchronously open file (unable to open file: name = 'dataset/SCAMPS/scamps_videos/P001906.mat', errno = 2, error message = 'No such file or directory', flags = 0, o_flags = 0)"
SCAMPS,P001907,dataset/SCAMPS/scamps_videos/P001907.mat,,,,30.000000,"FileNotFoundError: [Errno 2] Unable to synchronously open file (unable to open file: name = 'dataset/SCAMPS/scamps_videos/P001907.mat', errno = 2, error message = 'No such file or directory', flags = 0, o_flags = 0)"
SCAMPS,P001908,dataset/SCAMPS/scamps_videos/P001908.mat,,,,30.000000,"FileNotFoundError: [Errno 2] Unable to synchronously open file (unable to open file: name = 'dataset/SCAMPS/scamps_videos/P001908.mat', errno = 2, error message = 'No such file or directory', flags = 0, o_flags = 0)"
SCAMPS,P001909,dataset/SCAMPS/scamps_videos/P001909.mat,,,,30.000000,"FileNotFoundError: [Errno 2] Unable to synchronously open file (unable to open file: name = 'dataset/SCAMPS/scamps_videos/P001909.mat', errno = 2, error message = 'No such file or directory', flags = 0, o_flags = 0)"
SCAMPS,P001910,dataset/SCAMPS/scamps_videos/P001910.mat,,,,30.000000,"FileNotFoundError: [Errno 2] Unable to synchronously open file (unable to open file: name = 'dataset/SCAMPS/scamps_videos/P001910.mat', errno = 2, error message = 'No such file or directory', flags = 0, o_flags = 0)"
SCAMPS,P001911,dataset/SCAMPS/scamps_videos/P001911.mat,,,,30.000000,"FileNotFoundError: [Errno 2] Unable to synchronously open file (unable to open file: name = 'dataset/SCAMPS/scamps_videos/P001911.mat', errno = 2, error message = 'No such file or directory', flags = 0, o_flags = 0)"
SCAMPS,P001912,dataset/SCAMPS/scamps_videos/P001912.mat,,,,30.000000,"FileNotFoundError: [Errno 2] Unable to synchronously open file (unable to open file: name = 'dataset/SCAMPS/scamps_videos/P001912.mat', errno = 2, error message = 'No such file or directory', flags = 0, o_flags = 0)"
SCAMPS,P001913,dataset/SCAMPS/scamps_videos/P001913.mat,,,,30.000000,"FileNotFoundError: [Errno 2] Unable to synchronously open file (unable to open file: name = 'dataset/SCAMPS/scamps_videos/P001913.mat', errno = 2, error message = 'No such file or directory', flags = 0, o_flags = 0)"
SCAMPS,P001914,dataset/SCAMPS/scamps_videos/P001914.mat,,,,30.000000,"FileNotFoundError: [Errno 2] Unable to synchronously open file (unable to open file: name = 'dataset/SCAMPS/scamps_videos/P001914.mat', errno = 2, error message = 'No such file or directory', flags = 0, o_flags = 0)"
SCAMPS,P001915,dataset/SCAMPS/scamps_videos/P001915.mat,,,,30.000000,"FileNotFoundError: [Errno 2] Unable to synchronously open file (unable to open file: name = 'dataset/SCAMPS/scamps_videos/P001915.mat', errno = 2, error message = 'No such file or directory', flags = 0, o_flags = 0)"
SCAMPS,P001916,dataset/SCAMPS/scamps_videos/P001916.mat,,,,30.000000,"FileNotFoundError: [Errno 2] Unable to synchronously open file (unable to open file: name = 'dataset/SCAMPS/scamps_videos/P001916.mat', errno = 2, error message = 'No such file or directory', flags = 0, o_flags = 0)"
SCAMPS,P001917,dataset/SCAMPS/scamps_videos/P001917.mat,,,,30.000000,"FileNotFoundError: [Errno 2] Unable to synchronously open file (unable to open file: name = 'dataset/SCAMPS/scamps_videos/P001917.mat', errno = 2, error message = 'No such file or directory', flags = 0, o_flags = 0)"
SCAMPS,P001918,dataset/SCAMPS/scamps_videos/P001918.mat,,,,30.000000,"FileNotFoundError: [Errno 2] Unable to synchronously open file (unable to open file: name = 'dataset/SCAMPS/scamps_videos/P001918.mat', errno = 2, error message = 'No such file or directory', flags = 0, o_flags = 0)"
SCAMPS,P001919,dataset/SCAMPS/scamps_videos/P001919.mat,,,,30.000000,"FileNotFoundError: [Errno 2] Unable to synchronously open file (unable to open file: name = 'dataset/SCAMPS/scamps_videos/P001919.mat', errno = 2, error message = 'No such file or directory', flags = 0, o_flags = 0)"
SCAMPS,P001920,dataset/SCAMPS/scamps_videos/P001920.mat,,,,30.000000,"FileNotFoundError: [Errno 2] Unable to synchronously open file (unable to open file: name = 'dataset/SCAMPS/scamps_videos/P001920.mat', errno = 2, error message = 'No such file or directory', flags = 0, o_flags = 0)"
SCAMPS,P001921,dataset/SCAMPS/scamps_videos/P001921.mat,,,,30.000000,"FileNotFoundError: [Errno 2] Unable to synchronously open file (unable to open file: name = 'dataset/SCAMPS/scamps_videos/P001921.mat', errno = 2, error message = 'No such file or directory', flags = 0, o_flags = 0)"
SCAMPS,P001922,dataset/SCAMPS/scamps_videos/P001922.mat,,,,30.000000,"FileNotFoundError: [Errno 2] Unable to synchronously open file (unable to open file: name = 'dataset/SCAMPS/scamps_videos/P001922.mat', errno = 2, error message = 'No such file or directory', flags = 0, o_flags = 0)"
SCAMPS,P001923,dataset/SCAMPS/scamps_videos/P001923.mat,,,,30.000000,"FileNotFoundError: [Errno 2] Unable to synchronously open file (unable to open file: name = 'dataset/SCAMPS/scamps_videos/P001923.mat', errno = 2, error message = 'No such file or directory', flags = 0, o_flags = 0)"
SCAMPS,P001924,dataset/SCAMPS/scamps_videos/P001924.mat,,,,30.000000,"FileNotFoundError: [Errno 2] Unable to synchronously open file (unable to open file: name = 'dataset/SCAMPS/scamps_videos/P001924.mat', errno = 2, error message = 'No such file or directory', flags = 0, o_flags = 0)"
SCAMPS,P001925,dataset/SCAMPS/scamps_videos/P001925.mat,,,,30.000000,"FileNotFoundError: [Errno 2] Unable to synchronously open file (unable to open file: name = 'dataset/SCAMPS/scamps_videos/P001925.mat', errno = 2, error message = 'No such file or directory', flags = 0, o_flags = 0)"
SCAMPS,P001926,dataset/SCAMPS/scamps_videos/P001926.mat,,,,30.000000,"FileNotFoundError: [Errno 2] Unable to synchronously open file (unable to open file: name = 'dataset/SCAMPS/scamps_videos/P001926.mat', errno = 2, error message = 'No such file or directory', flags = 0, o_flags = 0)"
SCAMPS,P001927,dataset/SCAMPS/scamps_videos/P001927.mat,,,,30.000000,"FileNotFoundError: [Errno 2] Unable to synchronously open file (unable to open file: name = 'dataset/SCAMPS/scamps_videos/P001927.mat', errno = 2, error message = 'No such file or directory', flags = 0, o_flags = 0)"
SCAMPS,P001928,dataset/SCAMPS/scamps_videos/P001928.mat,,,,30.000000,"FileNotFoundError: [Errno 2] Unable to synchronously open file (unable to open file: name = 'dataset/SCAMPS/scamps_videos/P001928.mat', errno = 2, error message = 'No such file or directory', flags = 0, o_flags = 0)"
SCAMPS,P001929,dataset/SCAMPS/scamps_videos/P001929.mat,,,,30.000000,"FileNotFoundError: [Errno 2] Unable to synchronously open file (unable to open file: name = 'dataset/SCAMPS/scamps_videos/P001929.mat', errno = 2, error message = 'No such file or directory', flags = 0, o_flags = 0)"
SCAMPS,P001930,dataset/SCAMPS/scamps_videos/P001930.mat,,,,30.000000,"FileNotFoundError: [Errno 2] Unable to synchronously open file (unable to open file: name = 'dataset/SCAMPS/scamps_videos/P001930.mat', errno = 2, error message = 'No such file or directory', flags = 0, o_flags = 0)"
SCAMPS,P001931,dataset/SCAMPS/scamps_videos/P001931.mat,,,,30.000000,"FileNotFoundError: [Errno 2] Unable to synchronously open file (unable to open file: name = 'dataset/SCAMPS/scamps_videos/P001931.mat', errno = 2, error message = 'No such file or directory', flags = 0, o_flags = 0)"
SCAMPS,P001932,dataset/SCAMPS/scamps_videos/P001932.mat,,,,30.000000,"FileNotFoundError: [Errno 2] Unable to synchronously open file (unable to open file: name = 'dataset/SCAMPS/scamps_videos/P001932.mat', errno = 2, error message = 'No such file or directory', flags = 0, o_flags = 0)"
SCAMPS,P001933,dataset/SCAMPS/scamps_videos/P001933.mat,,,,30.000000,"FileNotFoundError: [Errno 2] Unable to synchronously open file (unable to open file: name = 'dataset/SCAMPS/scamps_videos/P001933.mat', errno = 2, error message = 'No such file or directory', flags = 0, o_flags = 0)"
SCAMPS,P001934,dataset/SCAMPS/scamps_videos/P001934.mat,,,,30.000000,"FileNotFoundError: [Errno 2] Unable to synchronously open file (unable to open file: name = 'dataset/SCAMPS/scamps_videos/P001934.mat', errno = 2, error message = 'No such file or directory', flags = 0, o_flags = 0)"
SCAMPS,P001935,dataset/SCAMPS/scamps_videos/P001935.mat,,,,30.000000,"FileNotFoundError: [Errno 2] Unable to synchronously open file (unable to open file: name = 'dataset/SCAMPS/scamps_videos/P001935.mat', errno = 2, error message = 'No such file or directory', flags = 0, o_flags = 0)"
SCAMPS,P001936,dataset/SCAMPS/scamps_videos/P001936.mat,,,,30.000000,"FileNotFoundError: [Errno 2] Unable to synchronously open file (unable to open file: name = 'dataset/SCAMPS/scamps_videos/P001936.mat', errno = 2, error message = 'No such file or directory', flags = 0, o_flags = 0)"
SCAMPS,P001937,dataset/SCAMPS/scamps_videos/P001937.mat,,,,30.000000,"FileNotFoundError: [Errno 2] Unable to synchronously open file (unable to open file: name = 'dataset/SCAMPS/scamps_videos/P001937.mat', errno = 2, error message = 'No such file or directory', flags = 0, o_flags = 0)"
SCAMPS,P001938,dataset/SCAMPS/scamps_videos/P001938.mat,,,,30.000000,"FileNotFoundError: [Errno 2] Unable to synchronously open file (unable to open file: name = 'dataset/SCAMPS/scamps_videos/P001938.mat', errno = 2, error message = 'No such file or directory', flags = 0, o_flags = 0)"
SCAMPS,P001939,dataset/SCAMPS/scamps_videos/P001939.mat,,,,30.000000,"FileNotFoundError: [Errno 2] Unable to synchronously open file (unable to open file: name = 'dataset/SCAMPS/scamps_videos/P001939.mat', errno = 2, error message = 'No such file or directory', flags = 0, o_flags = 0)"
SCAMPS,P001940,dataset/SCAMPS/scamps_videos/P001940.mat,,,,30.000000,"FileNotFoundError: [Errno 2] Unable to synchronously open file (unable to open file: name = 'dataset/SCAMPS/scamps_videos/P001940.mat', errno = 2, error message = 'No such file or directory', flags = 0, o_flags = 0)"
SCAMPS,P001941,dataset/SCAMPS/scamps_videos/P001941.mat,,,,30.000000,"FileNotFoundError: [Errno 2] Unable to synchronously open file (unable to open file: name = 'dataset/SCAMPS/scamps_videos/P001941.mat', errno = 2, error message = 'No such file or directory', flags = 0, o_flags = 0)"
SCAMPS,P001942,dataset/SCAMPS/scamps_videos/P001942.mat,,,,30.000000,"FileNotFoundError: [Errno 2] Unable to synchronously open file (unable to open file: name = 'dataset/SCAMPS/scamps_videos/P001942.mat', errno = 2, error message = 'No such file or directory', flags = 0, o_flags = 0)"
SCAMPS,P001943,dataset/SCAMPS/scamps_videos/P001943.mat,,,,30.000000,"FileNotFoundError: [Errno 2] Unable to synchronously open file (unable to open file: name = 'dataset/SCAMPS/scamps_videos/P001943.mat', errno = 2, error message = 'No such file or directory', flags = 0, o_flags = 0)"
SCAMPS,P001944,dataset/SCAMPS/scamps_videos/P001944.mat,,,,30.000000,"FileNotFoundError: [Errno 2] Unable to synchronously open file (unable to open file: name = 'dataset/SCAMPS/scamps_videos/P001944.mat', errno = 2, error message = 'No such file or directory', flags = 0, o_flags = 0)"
SCAMPS,P001945,dataset/SCAMPS/scamps_videos/P001945.mat,,,,30.000000,"FileNotFoundError: [Errno 2] Unable to synchronously open file (unable to open file: name = 'dataset/SCAMPS/scamps_videos/P001945.mat', errno = 2, error message = 'No such file or directory', flags = 0, o_flags = 0)"
SCAMPS,P001946,dataset/SCAMPS/scamps_videos/P001946.mat,,,,30.000000,"FileNotFoundError: [Errno 2] Unable to synchronously open file (unable to open file: name = 'dataset/SCAMPS/scamps_videos/P001946.mat', errno = 2, error message = 'No such file or directory', flags = 0, o_flags = 0)"
SCAMPS,P001947,dataset/SCAMPS/scamps_videos/P001947.mat,,,,30.000000,"FileNotFoundError: [Errno 2] Unable to synchronously open file (unable to open file: name = 'dataset/SCAMPS/scamps_videos/P001947.mat', errno = 2, error message = 'No such file or directory', flags = 0, o_flags = 0)"
SCAMPS,P001948,dataset/SCAMPS/scamps_videos/P001948.mat,,,,30.000000,"FileNotFoundError: [Errno 2] Unable to synchronously open file (unable to open file: name = 'dataset/SCAMPS/scamps_videos/P001948.mat', errno = 2, error message = 'No such file or directory', flags = 0, o_flags = 0)"
SCAMPS,P001949,dataset/SCAMPS/scamps_videos/P001949.mat,,,,30.000000,"FileNotFoundError: [Errno 2] Unable to synchronously open file (unable to open file: name = 'dataset/SCAMPS/scamps_videos/P001949.mat', errno = 2, error message = 'No such file or directory', flags = 0, o_flags = 0)"
SCAMPS,P001950,dataset/SCAMPS/scamps_videos/P001950.mat,,,,30.000000,"FileNotFoundError: [Errno 2] Unable to synchronously open file (unable to open file: name = 'dataset/SCAMPS/scamps_videos/P001950.mat', errno = 2, error message = 'No such file or directory', flags = 0, o_flags = 0)"
SCAMPS,P001951,dataset/SCAMPS/scamps_videos/P001951.mat,,,,30.000000,"FileNotFoundError: [Errno 2] Unable to synchronously open file (unable to open file: name = 'dataset/SCAMPS/scamps_videos/P001951.mat', errno = 2, error message = 'No such file or directory', flags = 0, o_flags = 0)"
SCAMPS,P001952,dataset/SCAMPS/scamps_videos/P001952.mat,,,,30.000000,"FileNotFoundError: [Errno 2] Unable to synchronously open file (unable to open file: name = 'dataset/SCAMPS/scamps_videos/P001952.mat', errno = 2, error message = 'No such file or directory', flags = 0, o_flags = 0)"
SCAMPS,P001953,dataset/SCAMPS/scamps_videos/P001953.mat,,,,30.000000,"FileNotFoundError: [Errno 2] Unable to synchronously open file (unable to open file: name = 'dataset/SCAMPS/scamps_videos/P001953.mat', errno = 2, error message = 'No such file or directory', flags = 0, o_flags = 0)"
SCAMPS,P001954,dataset/SCAMPS/scamps_videos/P001954.mat,,,,30.000000,"FileNotFoundError: [Errno 2] Unable to synchronously open file (unable to open file: name = 'dataset/SCAMPS/scamps_videos/P001954.mat', errno = 2, error message = 'No such file or directory', flags = 0, o_flags = 0)"
SCAMPS,P001955,dataset/SCAMPS/scamps_videos/P001955.mat,,,,30.000000,"FileNotFoundError: [Errno 2] Unable to synchronously open file (unable to open file: name = 'dataset/SCAMPS/scamps_videos/P001955.mat', errno = 2, error message = 'No such file or directory', flags = 0, o_flags = 0)"
SCAMPS,P001956,dataset/SCAMPS/scamps_videos/P001956.mat,,,,30.000000,"FileNotFoundError: [Errno 2] Unable to synchronously open file (unable to open file: name = 'dataset/SCAMPS/scamps_videos/P001956.mat', errno = 2, error message = 'No such file or directory', flags = 0, o_flags = 0)"
SCAMPS,P001957,dataset/SCAMPS/scamps_videos/P001957.mat,,,,30.000000,"FileNotFoundError: [Errno 2] Unable to synchronously open file (unable to open file: name = 'dataset/SCAMPS/scamps_videos/P001957.mat', errno = 2, error message = 'No such file or directory', flags = 0, o_flags = 0)"
SCAMPS,P001958,dataset/SCAMPS/scamps_videos/P001958.mat,,,,30.000000,"FileNotFoundError: [Errno 2] Unable to synchronously open file (unable to open file: name = 'dataset/SCAMPS/scamps_videos/P001958.mat', errno = 2, error message = 'No such file or directory', flags = 0, o_flags = 0)"
SCAMPS,P001959,dataset/SCAMPS/scamps_videos/P001959.mat,,,,30.000000,"FileNotFoundError: [Errno 2] Unable to synchronously open file (unable to open file: name = 'dataset/SCAMPS/scamps_videos/P001959.mat', errno = 2, error message = 'No such file or directory', flags = 0, o_flags = 0)"
SCAMPS,P001960,dataset/SCAMPS/scamps_videos/P001960.mat,,,,30.000000,"FileNotFoundError: [Errno 2] Unable to synchronously open file (unable to open file: name = 'dataset/SCAMPS/scamps_videos/P001960.mat', errno = 2, error message = 'No such file or directory', flags = 0, o_flags = 0)"
SCAMPS,P001961,dataset/SCAMPS/scamps_videos/P001961.mat,,,,30.000000,"FileNotFoundError: [Errno 2] Unable to synchronously open file (unable to open file: name = 'dataset/SCAMPS/scamps_videos/P001961.mat', errno = 2, error message = 'No such file or directory', flags = 0, o_flags = 0)"
SCAMPS,P001962,dataset/SCAMPS/scamps_videos/P001962.mat,,,,30.000000,"FileNotFoundError: [Errno 2] Unable to synchronously open file (unable to open file: name = 'dataset/SCAMPS/scamps_videos/P001962.mat', errno = 2, error message = 'No such file or directory', flags = 0, o_flags = 0)"
SCAMPS,P001963,dataset/SCAMPS/scamps_videos/P001963.mat,,,,30.000000,"FileNotFoundError: [Errno 2] Unable to synchronously open file (unable to open file: name = 'dataset/SCAMPS/scamps_videos/P001963.mat', errno = 2, error message = 'No such file or directory', flags = 0, o_flags = 0)"
SCAMPS,P001964,dataset/SCAMPS/scamps_videos/P001964.mat,,,,30.000000,"FileNotFoundError: [Errno 2] Unable to synchronously open file (unable to open file: name = 'dataset/SCAMPS/scamps_videos/P001964.mat', errno = 2, error message = 'No such file or directory', flags = 0, o_flags = 0)"
SCAMPS,P001965,dataset/SCAMPS/scamps_videos/P001965.mat,,,,30.000000,"FileNotFoundError: [Errno 2] Unable to synchronously open file (unable to open file: name = 'dataset/SCAMPS/scamps_videos/P001965.mat', errno = 2, error message = 'No such file or directory', flags = 0, o_flags = 0)"
SCAMPS,P001966,dataset/SCAMPS/scamps_videos/P001966.mat,,,,30.000000,"FileNotFoundError: [Errno 2] Unable to synchronously open file (unable to open file: name = 'dataset/SCAMPS/scamps_videos/P001966.mat', errno = 2, error message = 'No such file or directory', flags = 0, o_flags = 0)"
SCAMPS,P001967,dataset/SCAMPS/scamps_videos/P001967.mat,,,,30.000000,"FileNotFoundError: [Errno 2] Unable to synchronously open file (unable to open file: name = 'dataset/SCAMPS/scamps_videos/P001967.mat', errno = 2, error message = 'No such file or directory', flags = 0, o_flags = 0)"
SCAMPS,P001968,dataset/SCAMPS/scamps_videos/P001968.mat,,,,30.000000,"FileNotFoundError: [Errno 2] Unable to synchronously open file (unable to open file: name = 'dataset/SCAMPS/scamps_videos/P001968.mat', errno = 2, error message = 'No such file or directory', flags = 0, o_flags = 0)"
SCAMPS,P001969,dataset/SCAMPS/scamps_videos/P001969.mat,,,,30.000000,"FileNotFoundError: [Errno 2] Unable to synchronously open file (unable to open file: name = 'dataset/SCAMPS/scamps_videos/P001969.mat', errno = 2, error message = 'No such file or directory', flags = 0, o_flags = 0)"
SCAMPS,P001970,dataset/SCAMPS/scamps_videos/P001970.mat,,,,30.000000,"FileNotFoundError: [Errno 2] Unable to synchronously open file (unable to open file: name = 'dataset/SCAMPS/scamps_videos/P001970.mat', errno = 2, error message = 'No such file or directory', flags = 0, o_flags = 0)"
SCAMPS,P001971,dataset/SCAMPS/scamps_videos/P001971.mat,,,,30.000000,"FileNotFoundError: [Errno 2] Unable to synchronously open file (unable to open file: name = 'dataset/SCAMPS/scamps_videos/P001971.mat', errno = 2, error message = 'No such file or directory', flags = 0, o_flags = 0)"
SCAMPS,P001972,dataset/SCAMPS/scamps_videos/P001972.mat,,,,30.000000,"FileNotFoundError: [Errno 2] Unable to synchronously open file (unable to open file: name = 'dataset/SCAMPS/scamps_videos/P001972.mat', errno = 2, error message = 'No such file or directory', flags = 0, o_flags = 0)"
SCAMPS,P001973,dataset/SCAMPS/scamps_videos/P001973.mat,,,,30.000000,"FileNotFoundError: [Errno 2] Unable to synchronously open file (unable to open file: name = 'dataset/SCAMPS/scamps_videos/P001973.mat', errno = 2, error message = 'No such file or directory', flags = 0, o_flags = 0)"
SCAMPS,P001974,dataset/SCAMPS/scamps_videos/P001974.mat,,,,30.000000,"FileNotFoundError: [Errno 2] Unable to synchronously open file (unable to open file: name = 'dataset/SCAMPS/scamps_videos/P001974.mat', errno = 2, error message = 'No such file or directory', flags = 0, o_flags = 0)"
SCAMPS,P001975,dataset/SCAMPS/scamps_videos/P001975.mat,,,,30.000000,"FileNotFoundError: [Errno 2] Unable to synchronously open file (unable to open file: name = 'dataset/SCAMPS/scamps_videos/P001975.mat', errno = 2, error message = 'No such file or directory', flags = 0, o_flags = 0)"
SCAMPS,P001976,dataset/SCAMPS/scamps_videos/P001976.mat,,,,30.000000,"FileNotFoundError: [Errno 2] Unable to synchronously open file (unable to open file: name = 'dataset/SCAMPS/scamps_videos/P001976.mat', errno = 2, error message = 'No such file or directory', flags = 0, o_flags = 0)"
SCAMPS,P001977,dataset/SCAMPS/scamps_videos/P001977.mat,,,,30.000000,"FileNotFoundError: [Errno 2] Unable to synchronously open file (unable to open file: name = 'dataset/SCAMPS/scamps_videos/P001977.mat', errno = 2, error message = 'No such file or directory', flags = 0, o_flags = 0)"
SCAMPS,P001978,dataset/SCAMPS/scamps_videos/P001978.mat,,,,30.000000,"FileNotFoundError: [Errno 2] Unable to synchronously open file (unable to open file: name = 'dataset/SCAMPS/scamps_videos/P001978.mat', errno = 2, error message = 'No such file or directory', flags = 0, o_flags = 0)"
SCAMPS,P001979,dataset/SCAMPS/scamps_videos/P001979.mat,,,,30.000000,"FileNotFoundError: [Errno 2] Unable to synchronously open file (unable to open file: name = 'dataset/SCAMPS/scamps_videos/P001979.mat', errno = 2, error message = 'No such file or directory', flags = 0, o_flags = 0)"
SCAMPS,P001980,dataset/SCAMPS/scamps_videos/P001980.mat,,,,30.000000,"FileNotFoundError: [Errno 2] Unable to synchronously open file (unable to open file: name = 'dataset/SCAMPS/scamps_videos/P001980.mat', errno = 2, error message = 'No such file or directory', flags = 0, o_flags = 0)"
SCAMPS,P001981,dataset/SCAMPS/scamps_videos/P001981.mat,,,,30.000000,"FileNotFoundError: [Errno 2] Unable to synchronously open file (unable to open file: name = 'dataset/SCAMPS/scamps_videos/P001981.mat', errno = 2, error message = 'No such file or directory', flags = 0, o_flags = 0)"
SCAMPS,P001982,dataset/SCAMPS/scamps_videos/P001982.mat,,,,30.000000,"FileNotFoundError: [Errno 2] Unable to synchronously open file (unable to open file: name = 'dataset/SCAMPS/scamps_videos/P001982.mat', errno = 2, error message = 'No such file or directory', flags = 0, o_flags = 0)"
SCAMPS,P001983,dataset/SCAMPS/scamps_videos/P001983.mat,,,,30.000000,"FileNotFoundError: [Errno 2] Unable to synchronously open file (unable to open file: name = 'dataset/SCAMPS/scamps_videos/P001983.mat', errno = 2, error message = 'No such file or directory', flags = 0, o_flags = 0)"
SCAMPS,P001984,dataset/SCAMPS/scamps_videos/P001984.mat,,,,30.000000,"FileNotFoundError: [Errno 2] Unable to synchronously open file (unable to open file: name = 'dataset/SCAMPS/scamps_videos/P001984.mat', errno = 2, error message = 'No such file or directory', flags = 0, o_flags = 0)"
SCAMPS,P001985,dataset/SCAMPS/scamps_videos/P001985.mat,,,,30.000000,"FileNotFoundError: [Errno 2] Unable to synchronously open file (unable to open file: name = 'dataset/SCAMPS/scamps_videos/P001985.mat', errno = 2, error message = 'No such file or directory', flags = 0, o_flags = 0)"
SCAMPS,P001986,dataset/SCAMPS/scamps_videos/P001986.mat,,,,30.000000,"FileNotFoundError: [Errno 2] Unable to synchronously open file (unable to open file: name = 'dataset/SCAMPS/scamps_videos/P001986.mat', errno = 2, error message = 'No such file or directory', flags = 0, o_flags = 0)"
SCAMPS,P001987,dataset/SCAMPS/scamps_videos/P001987.mat,,,,30.000000,"FileNotFoundError: [Errno 2] Unable to synchronously open file (unable to open file: name = 'dataset/SCAMPS/scamps_videos/P001987.mat', errno = 2, error message = 'No such file or directory', flags = 0, o_flags = 0)"
SCAMPS,P001988,dataset/SCAMPS/scamps_videos/P001988.mat,,,,30.000000,"FileNotFoundError: [Errno 2] Unable to synchronously open file (unable to open file: name = 'dataset/SCAMPS/scamps_videos/P001988.mat', errno = 2, error message = 'No such file or directory', flags = 0, o_flags = 0)"
SCAMPS,P001989,dataset/SCAMPS/scamps_videos/P001989.mat,,,,30.000000,"FileNotFoundError: [Errno 2] Unable to synchronously open file (unable to open file: name = 'dataset/SCAMPS/scamps_videos/P001989.mat', errno = 2, error message = 'No such file or directory', flags = 0, o_flags = 0)"
SCAMPS,P001990,dataset/SCAMPS/scamps_videos/P001990.mat,,,,30.000000,"FileNotFoundError: [Errno 2] Unable to synchronously open file (unable to open file: name = 'dataset/SCAMPS/scamps_videos/P001990.mat', errno = 2, error message = 'No such file or directory', flags = 0, o_flags = 0)"
SCAMPS,P001991,dataset/SCAMPS/scamps_videos/P001991.mat,,,,30.000000,"FileNotFoundError: [Errno 2] Unable to synchronously open file (unable to open file: name = 'dataset/SCAMPS/scamps_videos/P001991.mat', errno = 2, error message = 'No such file or directory', flags = 0, o_flags = 0)"
SCAMPS,P001992,dataset/SCAMPS/scamps_videos/P001992.mat,,,,30.000000,"FileNotFoundError: [Errno 2] Unable to synchronously open file (unable to open file: name = 'dataset/SCAMPS/scamps_videos/P001992.mat', errno = 2, error message = 'No such file or directory', flags = 0, o_flags = 0)"
SCAMPS,P001993,dataset/SCAMPS/scamps_videos/P001993.mat,,,,30.000000,"FileNotFoundError: [Errno 2] Unable to synchronously open file (unable to open file: name = 'dataset/SCAMPS/scamps_videos/P001993.mat', errno = 2, error message = 'No such file or directory', flags = 0, o_flags = 0)"
SCAMPS,P001994,dataset/SCAMPS/scamps_videos/P001994.mat,,,,30.000000,"FileNotFoundError: [Errno 2] Unable to synchronously open file (unable to open file: name = 'dataset/SCAMPS/scamps_videos/P001994.mat', errno = 2, error message = 'No such file or directory', flags = 0, o_flags = 0)"
SCAMPS,P001995,dataset/SCAMPS/scamps_videos/P001995.mat,,,,30.000000,"FileNotFoundError: [Errno 2] Unable to synchronously open file (unable to open file: name = 'dataset/SCAMPS/scamps_videos/P001995.mat', errno = 2, error message = 'No such file or directory', flags = 0, o_flags = 0)"
SCAMPS,P001996,dataset/SCAMPS/scamps_videos/P001996.mat,,,,30.000000,"FileNotFoundError: [Errno 2] Unable to synchronously open file (unable to open file: name = 'dataset/SCAMPS/scamps_videos/P001996.mat', errno = 2, error message = 'No such file or directory', flags = 0, o_flags = 0)"
SCAMPS,P001997,dataset/SCAMPS/scamps_videos/P001997.mat,,,,30.000000,"FileNotFoundError: [Errno 2] Unable to synchronously open file (unable to open file: name = 'dataset/SCAMPS/scamps_videos/P001997.mat', errno = 2, error message = 'No such file or directory', flags = 0, o_flags = 0)"
SCAMPS,P001998,dataset/SCAMPS/scamps_videos/P001998.mat,,,,30.000000,"FileNotFoundError: [Errno 2] Unable to synchronously open file (unable to open file: name = 'dataset/SCAMPS/scamps_videos/P001998.mat', errno = 2, error message = 'No such file or directory', flags = 0, o_flags = 0)"
SCAMPS,P001999,dataset/SCAMPS/scamps_videos/P001999.mat,,,,30.000000,"FileNotFoundError: [Errno 2] Unable to synchronously open file (unable to open file: name = 'dataset/SCAMPS/scamps_videos/P001999.mat', errno = 2, error message = 'No such file or directory', flags = 0, o_flags = 0)"
SCAMPS,P002000,dataset/SCAMPS/scamps_videos/P002000.mat,,,,30.000000,"FileNotFoundError: [Errno 2] Unable to synchronously open file (unable to open file: name = 'dataset/SCAMPS/scamps_videos/P002000.mat', errno = 2, error message = 'No such file or directory', flags = 0, o_flags = 0)"
SCAMPS,P002001,dataset/SCAMPS/scamps_videos/P002001.mat,,,,30.000000,"FileNotFoundError: [Errno 2] Unable to synchronously open file (unable to open file: name = 'dataset/SCAMPS/scamps_videos/P002001.mat', errno = 2, error message = 'No such file or directory', flags = 0, o_flags = 0)"
SCAMPS,P002002,dataset/SCAMPS/scamps_videos/P002002.mat,,,,30.000000,"FileNotFoundError: [Errno 2] Unable to synchronously open file (unable to open file: name = 'dataset/SCAMPS/scamps_videos/P002002.mat', errno = 2, error message = 'No such file or directory', flags = 0, o_flags = 0)"
SCAMPS,P002003,dataset/SCAMPS/scamps_videos/P002003.mat,,,,30.000000,"FileNotFoundError: [Errno 2] Unable to synchronously open file (unable to open file: name = 'dataset/SCAMPS/scamps_videos/P002003.mat', errno = 2, error message = 'No such file or directory', flags = 0, o_flags = 0)"
SCAMPS,P002004,dataset/SCAMPS/scamps_videos/P002004.mat,,,,30.000000,"FileNotFoundError: [Errno 2] Unable to synchronously open file (unable to open file: name = 'dataset/SCAMPS/scamps_videos/P002004.mat', errno = 2, error message = 'No such file or directory', flags = 0, o_flags = 0)"
SCAMPS,P002005,dataset/SCAMPS/scamps_videos/P002005.mat,,,,30.000000,"FileNotFoundError: [Errno 2] Unable to synchronously open file (unable to open file: name = 'dataset/SCAMPS/scamps_videos/P002005.mat', errno = 2, error message = 'No such file or directory', flags = 0, o_flags = 0)"
SCAMPS,P002006,dataset/SCAMPS/scamps_videos/P002006.mat,,,,30.000000,"FileNotFoundError: [Errno 2] Unable to synchronously open file (unable to open file: name = 'dataset/SCAMPS/scamps_videos/P002006.mat', errno = 2, error message = 'No such file or directory', flags = 0, o_flags = 0)"
SCAMPS,P002007,dataset/SCAMPS/scamps_videos/P002007.mat,,,,30.000000,"FileNotFoundError: [Errno 2] Unable to synchronously open file (unable to open file: name = 'dataset/SCAMPS/scamps_videos/P002007.mat', errno = 2, error message = 'No such file or directory', flags = 0, o_flags = 0)"
SCAMPS,P002008,dataset/SCAMPS/scamps_videos/P002008.mat,,,,30.000000,"FileNotFoundError: [Errno 2] Unable to synchronously open file (unable to open file: name = 'dataset/SCAMPS/scamps_videos/P002008.mat', errno = 2, error message = 'No such file or directory', flags = 0, o_flags = 0)"
SCAMPS,P002009,dataset/SCAMPS/scamps_videos/P002009.mat,,,,30.000000,"FileNotFoundError: [Errno 2] Unable to synchronously open file (unable to open file: name = 'dataset/SCAMPS/scamps_videos/P002009.mat', errno = 2, error message = 'No such file or directory', flags = 0, o_flags = 0)"
SCAMPS,P002010,dataset/SCAMPS/scamps_videos/P002010.mat,,,,30.000000,"FileNotFoundError: [Errno 2] Unable to synchronously open file (unable to open file: name = 'dataset/SCAMPS/scamps_videos/P002010.mat', errno = 2, error message = 'No such file or directory', flags = 0, o_flags = 0)"
SCAMPS,P002011,dataset/SCAMPS/scamps_videos/P002011.mat,,,,30.000000,"FileNotFoundError: [Errno 2] Unable to synchronously open file (unable to open file: name = 'dataset/SCAMPS/scamps_videos/P002011.mat', errno = 2, error message = 'No such file or directory', flags = 0, o_flags = 0)"
SCAMPS,P002012,dataset/SCAMPS/scamps_videos/P002012.mat,,,,30.000000,"FileNotFoundError: [Errno 2] Unable to synchronously open file (unable to open file: name = 'dataset/SCAMPS/scamps_videos/P002012.mat', errno = 2, error message = 'No such file or directory', flags = 0, o_flags = 0)"
SCAMPS,P002013,dataset/SCAMPS/scamps_videos/P002013.mat,,,,30.000000,"FileNotFoundError: [Errno 2] Unable to synchronously open file (unable to open file: name = 'dataset/SCAMPS/scamps_videos/P002013.mat', errno = 2, error message = 'No such file or directory', flags = 0, o_flags = 0)"
SCAMPS,P002014,dataset/SCAMPS/scamps_videos/P002014.mat,,,,30.000000,"FileNotFoundError: [Errno 2] Unable to synchronously open file (unable to open file: name = 'dataset/SCAMPS/scamps_videos/P002014.mat', errno = 2, error message = 'No such file or directory', flags = 0, o_flags = 0)"
SCAMPS,P002015,dataset/SCAMPS/scamps_videos/P002015.mat,,,,30.000000,"FileNotFoundError: [Errno 2] Unable to synchronously open file (unable to open file: name = 'dataset/SCAMPS/scamps_videos/P002015.mat', errno = 2, error message = 'No such file or directory', flags = 0, o_flags = 0)"
SCAMPS,P002016,dataset/SCAMPS/scamps_videos/P002016.mat,,,,30.000000,"FileNotFoundError: [Errno 2] Unable to synchronously open file (unable to open file: name = 'dataset/SCAMPS/scamps_videos/P002016.mat', errno = 2, error message = 'No such file or directory', flags = 0, o_flags = 0)"
SCAMPS,P002017,dataset/SCAMPS/scamps_videos/P002017.mat,,,,30.000000,"FileNotFoundError: [Errno 2] Unable to synchronously open file (unable to open file: name = 'dataset/SCAMPS/scamps_videos/P002017.mat', errno = 2, error message = 'No such file or directory', flags = 0, o_flags = 0)"
SCAMPS,P002018,dataset/SCAMPS/scamps_videos/P002018.mat,,,,30.000000,"FileNotFoundError: [Errno 2] Unable to synchronously open file (unable to open file: name = 'dataset/SCAMPS/scamps_videos/P002018.mat', errno = 2, error message = 'No such file or directory', flags = 0, o_flags = 0)"
SCAMPS,P002019,dataset/SCAMPS/scamps_videos/P002019.mat,,,,30.000000,"FileNotFoundError: [Errno 2] Unable to synchronously open file (unable to open file: name = 'dataset/SCAMPS/scamps_videos/P002019.mat', errno = 2, error message = 'No such file or directory', flags = 0, o_flags = 0)"
SCAMPS,P002020,dataset/SCAMPS/scamps_videos/P002020.mat,,,,30.000000,"FileNotFoundError: [Errno 2] Unable to synchronously open file (unable to open file: name = 'dataset/SCAMPS/scamps_videos/P002020.mat', errno = 2, error message = 'No such file or directory', flags = 0, o_flags = 0)"
SCAMPS,P002021,dataset/SCAMPS/scamps_videos/P002021.mat,,,,30.000000,"FileNotFoundError: [Errno 2] Unable to synchronously open file (unable to open file: name = 'dataset/SCAMPS/scamps_videos/P002021.mat', errno = 2, error message = 'No such file or directory', flags = 0, o_flags = 0)"
SCAMPS,P002022,dataset/SCAMPS/scamps_videos/P002022.mat,,,,30.000000,"FileNotFoundError: [Errno 2] Unable to synchronously open file (unable to open file: name = 'dataset/SCAMPS/scamps_videos/P002022.mat', errno = 2, error message = 'No such file or directory', flags = 0, o_flags = 0)"
SCAMPS,P002023,dataset/SCAMPS/scamps_videos/P002023.mat,,,,30.000000,"FileNotFoundError: [Errno 2] Unable to synchronously open file (unable to open file: name = 'dataset/SCAMPS/scamps_videos/P002023.mat', errno = 2, error message = 'No such file or directory', flags = 0, o_flags = 0)"
SCAMPS,P002024,dataset/SCAMPS/scamps_videos/P002024.mat,,,,30.000000,"FileNotFoundError: [Errno 2] Unable to synchronously open file (unable to open file: name = 'dataset/SCAMPS/scamps_videos/P002024.mat', errno = 2, error message = 'No such file or directory', flags = 0, o_flags = 0)"
SCAMPS,P002025,dataset/SCAMPS/scamps_videos/P002025.mat,,,,30.000000,"FileNotFoundError: [Errno 2] Unable to synchronously open file (unable to open file: name = 'dataset/SCAMPS/scamps_videos/P002025.mat', errno = 2, error message = 'No such file or directory', flags = 0, o_flags = 0)"
SCAMPS,P002026,dataset/SCAMPS/scamps_videos/P002026.mat,,,,30.000000,"FileNotFoundError: [Errno 2] Unable to synchronously open file (unable to open file: name = 'dataset/SCAMPS/scamps_videos/P002026.mat', errno = 2, error message = 'No such file or directory', flags = 0, o_flags = 0)"
SCAMPS,P002027,dataset/SCAMPS/scamps_videos/P002027.mat,,,,30.000000,"FileNotFoundError: [Errno 2] Unable to synchronously open file (unable to open file: name = 'dataset/SCAMPS/scamps_videos/P002027.mat', errno = 2, error message = 'No such file or directory', flags = 0, o_flags = 0)"
SCAMPS,P002028,dataset/SCAMPS/scamps_videos/P002028.mat,,,,30.000000,"FileNotFoundError: [Errno 2] Unable to synchronously open file (unable to open file: name = 'dataset/SCAMPS/scamps_videos/P002028.mat', errno = 2, error message = 'No such file or directory', flags = 0, o_flags = 0)"
SCAMPS,P002029,dataset/SCAMPS/scamps_videos/P002029.mat,,,,30.000000,"FileNotFoundError: [Errno 2] Unable to synchronously open file (unable to open file: name = 'dataset/SCAMPS/scamps_videos/P002029.mat', errno = 2, error message = 'No such file or directory', flags = 0, o_flags = 0)"
SCAMPS,P002030,dataset/SCAMPS/scamps_videos/P002030.mat,,,,30.000000,"FileNotFoundError: [Errno 2] Unable to synchronously open file (unable to open file: name = 'dataset/SCAMPS/scamps_videos/P002030.mat', errno = 2, error message = 'No such file or directory', flags = 0, o_flags = 0)"
SCAMPS,P002031,dataset/SCAMPS/scamps_videos/P002031.mat,,,,30.000000,"FileNotFoundError: [Errno 2] Unable to synchronously open file (unable to open file: name = 'dataset/SCAMPS/scamps_videos/P002031.mat', errno = 2, error message = 'No such file or directory', flags = 0, o_flags = 0)"
SCAMPS,P002032,dataset/SCAMPS/scamps_videos/P002032.mat,,,,30.000000,"FileNotFoundError: [Errno 2] Unable to synchronously open file (unable to open file: name = 'dataset/SCAMPS/scamps_videos/P002032.mat', errno = 2, error message = 'No such file or directory', flags = 0, o_flags = 0)"
SCAMPS,P002033,dataset/SCAMPS/scamps_videos/P002033.mat,,,,30.000000,"FileNotFoundError: [Errno 2] Unable to synchronously open file (unable to open file: name = 'dataset/SCAMPS/scamps_videos/P002033.mat', errno = 2, error message = 'No such file or directory', flags = 0, o_flags = 0)"
SCAMPS,P002034,dataset/SCAMPS/scamps_videos/P002034.mat,,,,30.000000,"FileNotFoundError: [Errno 2] Unable to synchronously open file (unable to open file: name = 'dataset/SCAMPS/scamps_videos/P002034.mat', errno = 2, error message = 'No such file or directory', flags = 0, o_flags = 0)"
SCAMPS,P002035,dataset/SCAMPS/scamps_videos/P002035.mat,,,,30.000000,"FileNotFoundError: [Errno 2] Unable to synchronously open file (unable to open file: name = 'dataset/SCAMPS/scamps_videos/P002035.mat', errno = 2, error message = 'No such file or directory', flags = 0, o_flags = 0)"
SCAMPS,P002036,dataset/SCAMPS/scamps_videos/P002036.mat,,,,30.000000,"FileNotFoundError: [Errno 2] Unable to synchronously open file (unable to open file: name = 'dataset/SCAMPS/scamps_videos/P002036.mat', errno = 2, error message = 'No such file or directory', flags = 0, o_flags = 0)"
SCAMPS,P002037,dataset/SCAMPS/scamps_videos/P002037.mat,,,,30.000000,"FileNotFoundError: [Errno 2] Unable to synchronously open file (unable to open file: name = 'dataset/SCAMPS/scamps_videos/P002037.mat', errno = 2, error message = 'No such file or directory', flags = 0, o_flags = 0)"
SCAMPS,P002038,dataset/SCAMPS/scamps_videos/P002038.mat,,,,30.000000,"FileNotFoundError: [Errno 2] Unable to synchronously open file (unable to open file: name = 'dataset/SCAMPS/scamps_videos/P002038.mat', errno = 2, error message = 'No such file or directory', flags = 0, o_flags = 0)"
SCAMPS,P002039,dataset/SCAMPS/scamps_videos/P002039.mat,,,,30.000000,"FileNotFoundError: [Errno 2] Unable to synchronously open file (unable to open file: name = 'dataset/SCAMPS/scamps_videos/P002039.mat', errno = 2, error message = 'No such file or directory', flags = 0, o_flags = 0)"
SCAMPS,P002040,dataset/SCAMPS/scamps_videos/P002040.mat,,,,30.000000,"FileNotFoundError: [Errno 2] Unable to synchronously open file (unable to open file: name = 'dataset/SCAMPS/scamps_videos/P002040.mat', errno = 2, error message = 'No such file or directory', flags = 0, o_flags = 0)"
SCAMPS,P002041,dataset/SCAMPS/scamps_videos/P002041.mat,,,,30.000000,"FileNotFoundError: [Errno 2] Unable to synchronously open file (unable to open file: name = 'dataset/SCAMPS/scamps_videos/P002041.mat', errno = 2, error message = 'No such file or directory', flags = 0, o_flags = 0)"
SCAMPS,P002042,dataset/SCAMPS/scamps_videos/P002042.mat,,,,30.000000,"FileNotFoundError: [Errno 2] Unable to synchronously open file (unable to open file: name = 'dataset/SCAMPS/scamps_videos/P002042.mat', errno = 2, error message = 'No such file or directory', flags = 0, o_flags = 0)"
SCAMPS,P002043,dataset/SCAMPS/scamps_videos/P002043.mat,,,,30.000000,"FileNotFoundError: [Errno 2] Unable to synchronously open file (unable to open file: name = 'dataset/SCAMPS/scamps_videos/P002043.mat', errno = 2, error message = 'No such file or directory', flags = 0, o_flags = 0)"
SCAMPS,P002044,dataset/SCAMPS/scamps_videos/P002044.mat,,,,30.000000,"FileNotFoundError: [Errno 2] Unable to synchronously open file (unable to open file: name = 'dataset/SCAMPS/scamps_videos/P002044.mat', errno = 2, error message = 'No such file or directory', flags = 0, o_flags = 0)"
SCAMPS,P002045,dataset/SCAMPS/scamps_videos/P002045.mat,,,,30.000000,"FileNotFoundError: [Errno 2] Unable to synchronously open file (unable to open file: name = 'dataset/SCAMPS/scamps_videos/P002045.mat', errno = 2, error message = 'No such file or directory', flags = 0, o_flags = 0)"
SCAMPS,P002046,dataset/SCAMPS/scamps_videos/P002046.mat,,,,30.000000,"FileNotFoundError: [Errno 2] Unable to synchronously open file (unable to open file: name = 'dataset/SCAMPS/scamps_videos/P002046.mat', errno = 2, error message = 'No such file or directory', flags = 0, o_flags = 0)"
SCAMPS,P002047,dataset/SCAMPS/scamps_videos/P002047.mat,,,,30.000000,"FileNotFoundError: [Errno 2] Unable to synchronously open file (unable to open file: name = 'dataset/SCAMPS/scamps_videos/P002047.mat', errno = 2, error message = 'No such file or directory', flags = 0, o_flags = 0)"
SCAMPS,P002048,dataset/SCAMPS/scamps_videos/P002048.mat,,,,30.000000,"FileNotFoundError: [Errno 2] Unable to synchronously open file (unable to open file: name = 'dataset/SCAMPS/scamps_videos/P002048.mat', errno = 2, error message = 'No such file or directory', flags = 0, o_flags = 0)"
SCAMPS,P002049,dataset/SCAMPS/scamps_videos/P002049.mat,,,,30.000000,"FileNotFoundError: [Errno 2] Unable to synchronously open file (unable to open file: name = 'dataset/SCAMPS/scamps_videos/P002049.mat', errno = 2, error message = 'No such file or directory', flags = 0, o_flags = 0)"
SCAMPS,P002050,dataset/SCAMPS/scamps_videos/P002050.mat,,,,30.000000,"FileNotFoundError: [Errno 2] Unable to synchronously open file (unable to open file: name = 'dataset/SCAMPS/scamps_videos/P002050.mat', errno = 2, error message = 'No such file or directory', flags = 0, o_flags = 0)"
SCAMPS,P002051,dataset/SCAMPS/scamps_videos/P002051.mat,,,,30.000000,"FileNotFoundError: [Errno 2] Unable to synchronously open file (unable to open file: name = 'dataset/SCAMPS/scamps_videos/P002051.mat', errno = 2, error message = 'No such file or directory', flags = 0, o_flags = 0)"
SCAMPS,P002052,dataset/SCAMPS/scamps_videos/P002052.mat,,,,30.000000,"FileNotFoundError: [Errno 2] Unable to synchronously open file (unable to open file: name = 'dataset/SCAMPS/scamps_videos/P002052.mat', errno = 2, error message = 'No such file or directory', flags = 0, o_flags = 0)"
SCAMPS,P002053,dataset/SCAMPS/scamps_videos/P002053.mat,,,,30.000000,"FileNotFoundError: [Errno 2] Unable to synchronously open file (unable to open file: name = 'dataset/SCAMPS/scamps_videos/P002053.mat', errno = 2, error message = 'No such file or directory', flags = 0, o_flags = 0)"
SCAMPS,P002054,dataset/SCAMPS/scamps_videos/P002054.mat,,,,30.000000,"FileNotFoundError: [Errno 2] Unable to synchronously open file (unable to open file: name = 'dataset/SCAMPS/scamps_videos/P002054.mat', errno = 2, error message = 'No such file or directory', flags = 0, o_flags = 0)"
SCAMPS,P002055,dataset/SCAMPS/scamps_videos/P002055.mat,,,,30.000000,"FileNotFoundError: [Errno 2] Unable to synchronously open file (unable to open file: name = 'dataset/SCAMPS/scamps_videos/P002055.mat', errno = 2, error message = 'No such file or directory', flags = 0, o_flags = 0)"
SCAMPS,P002056,dataset/SCAMPS/scamps_videos/P002056.mat,,,,30.000000,"FileNotFoundError: [Errno 2] Unable to synchronously open file (unable to open file: name = 'dataset/SCAMPS/scamps_videos/P002056.mat', errno = 2, error message = 'No such file or directory', flags = 0, o_flags = 0)"
SCAMPS,P002057,dataset/SCAMPS/scamps_videos/P002057.mat,,,,30.000000,"FileNotFoundError: [Errno 2] Unable to synchronously open file (unable to open file: name = 'dataset/SCAMPS/scamps_videos/P002057.mat', errno = 2, error message = 'No such file or directory', flags = 0, o_flags = 0)"
SCAMPS,P002058,dataset/SCAMPS/scamps_videos/P002058.mat,,,,30.000000,"FileNotFoundError: [Errno 2] Unable to synchronously open file (unable to open file: name = 'dataset/SCAMPS/scamps_videos/P002058.mat', errno = 2, error message = 'No such file or directory', flags = 0, o_flags = 0)"
SCAMPS,P002059,dataset/SCAMPS/scamps_videos/P002059.mat,,,,30.000000,"FileNotFoundError: [Errno 2] Unable to synchronously open file (unable to open file: name = 'dataset/SCAMPS/scamps_videos/P002059.mat', errno = 2, error message = 'No such file or directory', flags = 0, o_flags = 0)"
SCAMPS,P002060,dataset/SCAMPS/scamps_videos/P002060.mat,,,,30.000000,"FileNotFoundError: [Errno 2] Unable to synchronously open file (unable to open file: name = 'dataset/SCAMPS/scamps_videos/P002060.mat', errno = 2, error message = 'No such file or directory', flags = 0, o_flags = 0)"
SCAMPS,P002061,dataset/SCAMPS/scamps_videos/P002061.mat,,,,30.000000,"FileNotFoundError: [Errno 2] Unable to synchronously open file (unable to open file: name = 'dataset/SCAMPS/scamps_videos/P002061.mat', errno = 2, error message = 'No such file or directory', flags = 0, o_flags = 0)"
SCAMPS,P002062,dataset/SCAMPS/scamps_videos/P002062.mat,,,,30.000000,"FileNotFoundError: [Errno 2] Unable to synchronously open file (unable to open file: name = 'dataset/SCAMPS/scamps_videos/P002062.mat', errno = 2, error message = 'No such file or directory', flags = 0, o_flags = 0)"
SCAMPS,P002063,dataset/SCAMPS/scamps_videos/P002063.mat,,,,30.000000,"FileNotFoundError: [Errno 2] Unable to synchronously open file (unable to open file: name = 'dataset/SCAMPS/scamps_videos/P002063.mat', errno = 2, error message = 'No such file or directory', flags = 0, o_flags = 0)"
SCAMPS,P002064,dataset/SCAMPS/scamps_videos/P002064.mat,,,,30.000000,"FileNotFoundError: [Errno 2] Unable to synchronously open file (unable to open file: name = 'dataset/SCAMPS/scamps_videos/P002064.mat', errno = 2, error message = 'No such file or directory', flags = 0, o_flags = 0)"
SCAMPS,P002065,dataset/SCAMPS/scamps_videos/P002065.mat,,,,30.000000,"FileNotFoundError: [Errno 2] Unable to synchronously open file (unable to open file: name = 'dataset/SCAMPS/scamps_videos/P002065.mat', errno = 2, error message = 'No such file or directory', flags = 0, o_flags = 0)"
SCAMPS,P002066,dataset/SCAMPS/scamps_videos/P002066.mat,,,,30.000000,"FileNotFoundError: [Errno 2] Unable to synchronously open file (unable to open file: name = 'dataset/SCAMPS/scamps_videos/P002066.mat', errno = 2, error message = 'No such file or directory', flags = 0, o_flags = 0)"
SCAMPS,P002067,dataset/SCAMPS/scamps_videos/P002067.mat,,,,30.000000,"FileNotFoundError: [Errno 2] Unable to synchronously open file (unable to open file: name = 'dataset/SCAMPS/scamps_videos/P002067.mat', errno = 2, error message = 'No such file or directory', flags = 0, o_flags = 0)"
SCAMPS,P002068,dataset/SCAMPS/scamps_videos/P002068.mat,,,,30.000000,"FileNotFoundError: [Errno 2] Unable to synchronously open file (unable to open file: name = 'dataset/SCAMPS/scamps_videos/P002068.mat', errno = 2, error message = 'No such file or directory', flags = 0, o_flags = 0)"
SCAMPS,P002069,dataset/SCAMPS/scamps_videos/P002069.mat,,,,30.000000,"FileNotFoundError: [Errno 2] Unable to synchronously open file (unable to open file: name = 'dataset/SCAMPS/scamps_videos/P002069.mat', errno = 2, error message = 'No such file or directory', flags = 0, o_flags = 0)"
SCAMPS,P002070,dataset/SCAMPS/scamps_videos/P002070.mat,,,,30.000000,"FileNotFoundError: [Errno 2] Unable to synchronously open file (unable to open file: name = 'dataset/SCAMPS/scamps_videos/P002070.mat', errno = 2, error message = 'No such file or directory', flags = 0, o_flags = 0)"
SCAMPS,P002071,dataset/SCAMPS/scamps_videos/P002071.mat,,,,30.000000,"FileNotFoundError: [Errno 2] Unable to synchronously open file (unable to open file: name = 'dataset/SCAMPS/scamps_videos/P002071.mat', errno = 2, error message = 'No such file or directory', flags = 0, o_flags = 0)"
SCAMPS,P002072,dataset/SCAMPS/scamps_videos/P002072.mat,,,,30.000000,"FileNotFoundError: [Errno 2] Unable to synchronously open file (unable to open file: name = 'dataset/SCAMPS/scamps_videos/P002072.mat', errno = 2, error message = 'No such file or directory', flags = 0, o_flags = 0)"
SCAMPS,P002073,dataset/SCAMPS/scamps_videos/P002073.mat,,,,30.000000,"FileNotFoundError: [Errno 2] Unable to synchronously open file (unable to open file: name = 'dataset/SCAMPS/scamps_videos/P002073.mat', errno = 2, error message = 'No such file or directory', flags = 0, o_flags = 0)"
SCAMPS,P002074,dataset/SCAMPS/scamps_videos/P002074.mat,,,,30.000000,"FileNotFoundError: [Errno 2] Unable to synchronously open file (unable to open file: name = 'dataset/SCAMPS/scamps_videos/P002074.mat', errno = 2, error message = 'No such file or directory', flags = 0, o_flags = 0)"
SCAMPS,P002075,dataset/SCAMPS/scamps_videos/P002075.mat,,,,30.000000,"FileNotFoundError: [Errno 2] Unable to synchronously open file (unable to open file: name = 'dataset/SCAMPS/scamps_videos/P002075.mat', errno = 2, error message = 'No such file or directory', flags = 0, o_flags = 0)"
SCAMPS,P002076,dataset/SCAMPS/scamps_videos/P002076.mat,,,,30.000000,"FileNotFoundError: [Errno 2] Unable to synchronously open file (unable to open file: name = 'dataset/SCAMPS/scamps_videos/P002076.mat', errno = 2, error message = 'No such file or directory', flags = 0, o_flags = 0)"
SCAMPS,P002077,dataset/SCAMPS/scamps_videos/P002077.mat,,,,30.000000,"FileNotFoundError: [Errno 2] Unable to synchronously open file (unable to open file: name = 'dataset/SCAMPS/scamps_videos/P002077.mat', errno = 2, error message = 'No such file or directory', flags = 0, o_flags = 0)"
SCAMPS,P002078,dataset/SCAMPS/scamps_videos/P002078.mat,,,,30.000000,"FileNotFoundError: [Errno 2] Unable to synchronously open file (unable to open file: name = 'dataset/SCAMPS/scamps_videos/P002078.mat', errno = 2, error message = 'No such file or directory', flags = 0, o_flags = 0)"
SCAMPS,P002079,dataset/SCAMPS/scamps_videos/P002079.mat,,,,30.000000,"FileNotFoundError: [Errno 2] Unable to synchronously open file (unable to open file: name = 'dataset/SCAMPS/scamps_videos/P002079.mat', errno = 2, error message = 'No such file or directory', flags = 0, o_flags = 0)"
SCAMPS,P002080,dataset/SCAMPS/scamps_videos/P002080.mat,,,,30.000000,"FileNotFoundError: [Errno 2] Unable to synchronously open file (unable to open file: name = 'dataset/SCAMPS/scamps_videos/P002080.mat', errno = 2, error message = 'No such file or directory', flags = 0, o_flags = 0)"
SCAMPS,P002081,dataset/SCAMPS/scamps_videos/P002081.mat,,,,30.000000,"FileNotFoundError: [Errno 2] Unable to synchronously open file (unable to open file: name = 'dataset/SCAMPS/scamps_videos/P002081.mat', errno = 2, error message = 'No such file or directory', flags = 0, o_flags = 0)"
SCAMPS,P002082,dataset/SCAMPS/scamps_videos/P002082.mat,,,,30.000000,"FileNotFoundError: [Errno 2] Unable to synchronously open file (unable to open file: name = 'dataset/SCAMPS/scamps_videos/P002082.mat', errno = 2, error message = 'No such file or directory', flags = 0, o_flags = 0)"
SCAMPS,P002083,dataset/SCAMPS/scamps_videos/P002083.mat,,,,30.000000,"FileNotFoundError: [Errno 2] Unable to synchronously open file (unable to open file: name = 'dataset/SCAMPS/scamps_videos/P002083.mat', errno = 2, error message = 'No such file or directory', flags = 0, o_flags = 0)"
SCAMPS,P002084,dataset/SCAMPS/scamps_videos/P002084.mat,,,,30.000000,"FileNotFoundError: [Errno 2] Unable to synchronously open file (unable to open file: name = 'dataset/SCAMPS/scamps_videos/P002084.mat', errno = 2, error message = 'No such file or directory', flags = 0, o_flags = 0)"
SCAMPS,P002085,dataset/SCAMPS/scamps_videos/P002085.mat,,,,30.000000,"FileNotFoundError: [Errno 2] Unable to synchronously open file (unable to open file: name = 'dataset/SCAMPS/scamps_videos/P002085.mat', errno = 2, error message = 'No such file or directory', flags = 0, o_flags = 0)"
SCAMPS,P002086,dataset/SCAMPS/scamps_videos/P002086.mat,,,,30.000000,"FileNotFoundError: [Errno 2] Unable to synchronously open file (unable to open file: name = 'dataset/SCAMPS/scamps_videos/P002086.mat', errno = 2, error message = 'No such file or directory', flags = 0, o_flags = 0)"
SCAMPS,P002087,dataset/SCAMPS/scamps_videos/P002087.mat,,,,30.000000,"FileNotFoundError: [Errno 2] Unable to synchronously open file (unable to open file: name = 'dataset/SCAMPS/scamps_videos/P002087.mat', errno = 2, error message = 'No such file or directory', flags = 0, o_flags = 0)"
SCAMPS,P002088,dataset/SCAMPS/scamps_videos/P002088.mat,,,,30.000000,"FileNotFoundError: [Errno 2] Unable to synchronously open file (unable to open file: name = 'dataset/SCAMPS/scamps_videos/P002088.mat', errno = 2, error message = 'No such file or directory', flags = 0, o_flags = 0)"
SCAMPS,P002089,dataset/SCAMPS/scamps_videos/P002089.mat,,,,30.000000,"FileNotFoundError: [Errno 2] Unable to synchronously open file (unable to open file: name = 'dataset/SCAMPS/scamps_videos/P002089.mat', errno = 2, error message = 'No such file or directory', flags = 0, o_flags = 0)"
SCAMPS,P002090,dataset/SCAMPS/scamps_videos/P002090.mat,,,,30.000000,"FileNotFoundError: [Errno 2] Unable to synchronously open file (unable to open file: name = 'dataset/SCAMPS/scamps_videos/P002090.mat', errno = 2, error message = 'No such file or directory', flags = 0, o_flags = 0)"
SCAMPS,P002091,dataset/SCAMPS/scamps_videos/P002091.mat,,,,30.000000,"FileNotFoundError: [Errno 2] Unable to synchronously open file (unable to open file: name = 'dataset/SCAMPS/scamps_videos/P002091.mat', errno = 2, error message = 'No such file or directory', flags = 0, o_flags = 0)"
SCAMPS,P002092,dataset/SCAMPS/scamps_videos/P002092.mat,,,,30.000000,"FileNotFoundError: [Errno 2] Unable to synchronously open file (unable to open file: name = 'dataset/SCAMPS/scamps_videos/P002092.mat', errno = 2, error message = 'No such file or directory', flags = 0, o_flags = 0)"
SCAMPS,P002093,dataset/SCAMPS/scamps_videos/P002093.mat,,,,30.000000,"FileNotFoundError: [Errno 2] Unable to synchronously open file (unable to open file: name = 'dataset/SCAMPS/scamps_videos/P002093.mat', errno = 2, error message = 'No such file or directory', flags = 0, o_flags = 0)"
SCAMPS,P002094,dataset/SCAMPS/scamps_videos/P002094.mat,,,,30.000000,"FileNotFoundError: [Errno 2] Unable to synchronously open file (unable to open file: name = 'dataset/SCAMPS/scamps_videos/P002094.mat', errno = 2, error message = 'No such file or directory', flags = 0, o_flags = 0)"
SCAMPS,P002095,dataset/SCAMPS/scamps_videos/P002095.mat,,,,30.000000,"FileNotFoundError: [Errno 2] Unable to synchronously open file (unable to open file: name = 'dataset/SCAMPS/scamps_videos/P002095.mat', errno = 2, error message = 'No such file or directory', flags = 0, o_flags = 0)"
SCAMPS,P002096,dataset/SCAMPS/scamps_videos/P002096.mat,,,,30.000000,"FileNotFoundError: [Errno 2] Unable to synchronously open file (unable to open file: name = 'dataset/SCAMPS/scamps_videos/P002096.mat', errno = 2, error message = 'No such file or directory', flags = 0, o_flags = 0)"
SCAMPS,P002097,dataset/SCAMPS/scamps_videos/P002097.mat,,,,30.000000,"FileNotFoundError: [Errno 2] Unable to synchronously open file (unable to open file: name = 'dataset/SCAMPS/scamps_videos/P002097.mat', errno = 2, error message = 'No such file or directory', flags = 0, o_flags = 0)"
SCAMPS,P002098,dataset/SCAMPS/scamps_videos/P002098.mat,,,,30.000000,"FileNotFoundError: [Errno 2] Unable to synchronously open file (unable to open file: name = 'dataset/SCAMPS/scamps_videos/P002098.mat', errno = 2, error message = 'No such file or directory', flags = 0, o_flags = 0)"
SCAMPS,P002099,dataset/SCAMPS/scamps_videos/P002099.mat,,,,30.000000,"FileNotFoundError: [Errno 2] Unable to synchronously open file (unable to open file: name = 'dataset/SCAMPS/scamps_videos/P002099.mat', errno = 2, error message = 'No such file or directory', flags = 0, o_flags = 0)"
SCAMPS,P002100,dataset/SCAMPS/scamps_videos/P002100.mat,,,,30.000000,"FileNotFoundError: [Errno 2] Unable to synchronously open file (unable to open file: name = 'dataset/SCAMPS/scamps_videos/P002100.mat', errno = 2, error message = 'No such file or directory', flags = 0, o_flags = 0)"
SCAMPS,P002101,dataset/SCAMPS/scamps_videos/P002101.mat,,,,30.000000,"FileNotFoundError: [Errno 2] Unable to synchronously open file (unable to open file: name = 'dataset/SCAMPS/scamps_videos/P002101.mat', errno = 2, error message = 'No such file or directory', flags = 0, o_flags = 0)"
SCAMPS,P002102,dataset/SCAMPS/scamps_videos/P002102.mat,,,,30.000000,"FileNotFoundError: [Errno 2] Unable to synchronously open file (unable to open file: name = 'dataset/SCAMPS/scamps_videos/P002102.mat', errno = 2, error message = 'No such file or directory', flags = 0, o_flags = 0)"
SCAMPS,P002103,dataset/SCAMPS/scamps_videos/P002103.mat,,,,30.000000,"FileNotFoundError: [Errno 2] Unable to synchronously open file (unable to open file: name = 'dataset/SCAMPS/scamps_videos/P002103.mat', errno = 2, error message = 'No such file or directory', flags = 0, o_flags = 0)"
SCAMPS,P002104,dataset/SCAMPS/scamps_videos/P002104.mat,,,,30.000000,"FileNotFoundError: [Errno 2] Unable to synchronously open file (unable to open file: name = 'dataset/SCAMPS/scamps_videos/P002104.mat', errno = 2, error message = 'No such file or directory', flags = 0, o_flags = 0)"
SCAMPS,P002105,dataset/SCAMPS/scamps_videos/P002105.mat,,,,30.000000,"FileNotFoundError: [Errno 2] Unable to synchronously open file (unable to open file: name = 'dataset/SCAMPS/scamps_videos/P002105.mat', errno = 2, error message = 'No such file or directory', flags = 0, o_flags = 0)"
SCAMPS,P002106,dataset/SCAMPS/scamps_videos/P002106.mat,,,,30.000000,"FileNotFoundError: [Errno 2] Unable to synchronously open file (unable to open file: name = 'dataset/SCAMPS/scamps_videos/P002106.mat', errno = 2, error message = 'No such file or directory', flags = 0, o_flags = 0)"
SCAMPS,P002107,dataset/SCAMPS/scamps_videos/P002107.mat,,,,30.000000,"FileNotFoundError: [Errno 2] Unable to synchronously open file (unable to open file: name = 'dataset/SCAMPS/scamps_videos/P002107.mat', errno = 2, error message = 'No such file or directory', flags = 0, o_flags = 0)"
SCAMPS,P002108,dataset/SCAMPS/scamps_videos/P002108.mat,,,,30.000000,"FileNotFoundError: [Errno 2] Unable to synchronously open file (unable to open file: name = 'dataset/SCAMPS/scamps_videos/P002108.mat', errno = 2, error message = 'No such file or directory', flags = 0, o_flags = 0)"
SCAMPS,P002109,dataset/SCAMPS/scamps_videos/P002109.mat,,,,30.000000,"FileNotFoundError: [Errno 2] Unable to synchronously open file (unable to open file: name = 'dataset/SCAMPS/scamps_videos/P002109.mat', errno = 2, error message = 'No such file or directory', flags = 0, o_flags = 0)"
SCAMPS,P002110,dataset/SCAMPS/scamps_videos/P002110.mat,,,,30.000000,"FileNotFoundError: [Errno 2] Unable to synchronously open file (unable to open file: name = 'dataset/SCAMPS/scamps_videos/P002110.mat', errno = 2, error message = 'No such file or directory', flags = 0, o_flags = 0)"
SCAMPS,P002111,dataset/SCAMPS/scamps_videos/P002111.mat,,,,30.000000,"FileNotFoundError: [Errno 2] Unable to synchronously open file (unable to open file: name = 'dataset/SCAMPS/scamps_videos/P002111.mat', errno = 2, error message = 'No such file or directory', flags = 0, o_flags = 0)"
SCAMPS,P002112,dataset/SCAMPS/scamps_videos/P002112.mat,,,,30.000000,"FileNotFoundError: [Errno 2] Unable to synchronously open file (unable to open file: name = 'dataset/SCAMPS/scamps_videos/P002112.mat', errno = 2, error message = 'No such file or directory', flags = 0, o_flags = 0)"
SCAMPS,P002113,dataset/SCAMPS/scamps_videos/P002113.mat,,,,30.000000,"FileNotFoundError: [Errno 2] Unable to synchronously open file (unable to open file: name = 'dataset/SCAMPS/scamps_videos/P002113.mat', errno = 2, error message = 'No such file or directory', flags = 0, o_flags = 0)"
SCAMPS,P002114,dataset/SCAMPS/scamps_videos/P002114.mat,,,,30.000000,"FileNotFoundError: [Errno 2] Unable to synchronously open file (unable to open file: name = 'dataset/SCAMPS/scamps_videos/P002114.mat', errno = 2, error message = 'No such file or directory', flags = 0, o_flags = 0)"
SCAMPS,P002115,dataset/SCAMPS/scamps_videos/P002115.mat,,,,30.000000,"FileNotFoundError: [Errno 2] Unable to synchronously open file (unable to open file: name = 'dataset/SCAMPS/scamps_videos/P002115.mat', errno = 2, error message = 'No such file or directory', flags = 0, o_flags = 0)"
SCAMPS,P002116,dataset/SCAMPS/scamps_videos/P002116.mat,,,,30.000000,"FileNotFoundError: [Errno 2] Unable to synchronously open file (unable to open file: name = 'dataset/SCAMPS/scamps_videos/P002116.mat', errno = 2, error message = 'No such file or directory', flags = 0, o_flags = 0)"
SCAMPS,P002117,dataset/SCAMPS/scamps_videos/P002117.mat,,,,30.000000,"FileNotFoundError: [Errno 2] Unable to synchronously open file (unable to open file: name = 'dataset/SCAMPS/scamps_videos/P002117.mat', errno = 2, error message = 'No such file or directory', flags = 0, o_flags = 0)"
SCAMPS,P002118,dataset/SCAMPS/scamps_videos/P002118.mat,,,,30.000000,"FileNotFoundError: [Errno 2] Unable to synchronously open file (unable to open file: name = 'dataset/SCAMPS/scamps_videos/P002118.mat', errno = 2, error message = 'No such file or directory', flags = 0, o_flags = 0)"
SCAMPS,P002119,dataset/SCAMPS/scamps_videos/P002119.mat,,,,30.000000,"FileNotFoundError: [Errno 2] Unable to synchronously open file (unable to open file: name = 'dataset/SCAMPS/scamps_videos/P002119.mat', errno = 2, error message = 'No such file or directory', flags = 0, o_flags = 0)"
SCAMPS,P002120,dataset/SCAMPS/scamps_videos/P002120.mat,,,,30.000000,"FileNotFoundError: [Errno 2] Unable to synchronously open file (unable to open file: name = 'dataset/SCAMPS/scamps_videos/P002120.mat', errno = 2, error message = 'No such file or directory', flags = 0, o_flags = 0)"
SCAMPS,P002121,dataset/SCAMPS/scamps_videos/P002121.mat,,,,30.000000,"FileNotFoundError: [Errno 2] Unable to synchronously open file (unable to open file: name = 'dataset/SCAMPS/scamps_videos/P002121.mat', errno = 2, error message = 'No such file or directory', flags = 0, o_flags = 0)"
SCAMPS,P002122,dataset/SCAMPS/scamps_videos/P002122.mat,,,,30.000000,"FileNotFoundError: [Errno 2] Unable to synchronously open file (unable to open file: name = 'dataset/SCAMPS/scamps_videos/P002122.mat', errno = 2, error message = 'No such file or directory', flags = 0, o_flags = 0)"
SCAMPS,P002123,dataset/SCAMPS/scamps_videos/P002123.mat,,,,30.000000,"FileNotFoundError: [Errno 2] Unable to synchronously open file (unable to open file: name = 'dataset/SCAMPS/scamps_videos/P002123.mat', errno = 2, error message = 'No such file or directory', flags = 0, o_flags = 0)"
SCAMPS,P002124,dataset/SCAMPS/scamps_videos/P002124.mat,,,,30.000000,"FileNotFoundError: [Errno 2] Unable to synchronously open file (unable to open file: name = 'dataset/SCAMPS/scamps_videos/P002124.mat', errno = 2, error message = 'No such file or directory', flags = 0, o_flags = 0)"
SCAMPS,P002125,dataset/SCAMPS/scamps_videos/P002125.mat,,,,30.000000,"FileNotFoundError: [Errno 2] Unable to synchronously open file (unable to open file: name = 'dataset/SCAMPS/scamps_videos/P002125.mat', errno = 2, error message = 'No such file or directory', flags = 0, o_flags = 0)"
SCAMPS,P002126,dataset/SCAMPS/scamps_videos/P002126.mat,,,,30.000000,"FileNotFoundError: [Errno 2] Unable to synchronously open file (unable to open file: name = 'dataset/SCAMPS/scamps_videos/P002126.mat', errno = 2, error message = 'No such file or directory', flags = 0, o_flags = 0)"
SCAMPS,P002127,dataset/SCAMPS/scamps_videos/P002127.mat,,,,30.000000,"FileNotFoundError: [Errno 2] Unable to synchronously open file (unable to open file: name = 'dataset/SCAMPS/scamps_videos/P002127.mat', errno = 2, error message = 'No such file or directory', flags = 0, o_flags = 0)"
SCAMPS,P002128,dataset/SCAMPS/scamps_videos/P002128.mat,,,,30.000000,"FileNotFoundError: [Errno 2] Unable to synchronously open file (unable to open file: name = 'dataset/SCAMPS/scamps_videos/P002128.mat', errno = 2, error message = 'No such file or directory', flags = 0, o_flags = 0)"
SCAMPS,P002129,dataset/SCAMPS/scamps_videos/P002129.mat,,,,30.000000,"FileNotFoundError: [Errno 2] Unable to synchronously open file (unable to open file: name = 'dataset/SCAMPS/scamps_videos/P002129.mat', errno = 2, error message = 'No such file or directory', flags = 0, o_flags = 0)"
SCAMPS,P002130,dataset/SCAMPS/scamps_videos/P002130.mat,,,,30.000000,"FileNotFoundError: [Errno 2] Unable to synchronously open file (unable to open file: name = 'dataset/SCAMPS/scamps_videos/P002130.mat', errno = 2, error message = 'No such file or directory', flags = 0, o_flags = 0)"
SCAMPS,P002131,dataset/SCAMPS/scamps_videos/P002131.mat,,,,30.000000,"FileNotFoundError: [Errno 2] Unable to synchronously open file (unable to open file: name = 'dataset/SCAMPS/scamps_videos/P002131.mat', errno = 2, error message = 'No such file or directory', flags = 0, o_flags = 0)"
SCAMPS,P002132,dataset/SCAMPS/scamps_videos/P002132.mat,,,,30.000000,"FileNotFoundError: [Errno 2] Unable to synchronously open file (unable to open file: name = 'dataset/SCAMPS/scamps_videos/P002132.mat', errno = 2, error message = 'No such file or directory', flags = 0, o_flags = 0)"
SCAMPS,P002133,dataset/SCAMPS/scamps_videos/P002133.mat,,,,30.000000,"FileNotFoundError: [Errno 2] Unable to synchronously open file (unable to open file: name = 'dataset/SCAMPS/scamps_videos/P002133.mat', errno = 2, error message = 'No such file or directory', flags = 0, o_flags = 0)"
SCAMPS,P002134,dataset/SCAMPS/scamps_videos/P002134.mat,,,,30.000000,"FileNotFoundError: [Errno 2] Unable to synchronously open file (unable to open file: name = 'dataset/SCAMPS/scamps_videos/P002134.mat', errno = 2, error message = 'No such file or directory', flags = 0, o_flags = 0)"
SCAMPS,P002135,dataset/SCAMPS/scamps_videos/P002135.mat,,,,30.000000,"FileNotFoundError: [Errno 2] Unable to synchronously open file (unable to open file: name = 'dataset/SCAMPS/scamps_videos/P002135.mat', errno = 2, error message = 'No such file or directory', flags = 0, o_flags = 0)"
SCAMPS,P002136,dataset/SCAMPS/scamps_videos/P002136.mat,,,,30.000000,"FileNotFoundError: [Errno 2] Unable to synchronously open file (unable to open file: name = 'dataset/SCAMPS/scamps_videos/P002136.mat', errno = 2, error message = 'No such file or directory', flags = 0, o_flags = 0)"
SCAMPS,P002137,dataset/SCAMPS/scamps_videos/P002137.mat,,,,30.000000,"FileNotFoundError: [Errno 2] Unable to synchronously open file (unable to open file: name = 'dataset/SCAMPS/scamps_videos/P002137.mat', errno = 2, error message = 'No such file or directory', flags = 0, o_flags = 0)"
SCAMPS,P002138,dataset/SCAMPS/scamps_videos/P002138.mat,,,,30.000000,"FileNotFoundError: [Errno 2] Unable to synchronously open file (unable to open file: name = 'dataset/SCAMPS/scamps_videos/P002138.mat', errno = 2, error message = 'No such file or directory', flags = 0, o_flags = 0)"
SCAMPS,P002139,dataset/SCAMPS/scamps_videos/P002139.mat,,,,30.000000,"FileNotFoundError: [Errno 2] Unable to synchronously open file (unable to open file: name = 'dataset/SCAMPS/scamps_videos/P002139.mat', errno = 2, error message = 'No such file or directory', flags = 0, o_flags = 0)"
SCAMPS,P002140,dataset/SCAMPS/scamps_videos/P002140.mat,,,,30.000000,"FileNotFoundError: [Errno 2] Unable to synchronously open file (unable to open file: name = 'dataset/SCAMPS/scamps_videos/P002140.mat', errno = 2, error message = 'No such file or directory', flags = 0, o_flags = 0)"
SCAMPS,P002141,dataset/SCAMPS/scamps_videos/P002141.mat,,,,30.000000,"FileNotFoundError: [Errno 2] Unable to synchronously open file (unable to open file: name = 'dataset/SCAMPS/scamps_videos/P002141.mat', errno = 2, error message = 'No such file or directory', flags = 0, o_flags = 0)"
SCAMPS,P002142,dataset/SCAMPS/scamps_videos/P002142.mat,,,,30.000000,"FileNotFoundError: [Errno 2] Unable to synchronously open file (unable to open file: name = 'dataset/SCAMPS/scamps_videos/P002142.mat', errno = 2, error message = 'No such file or directory', flags = 0, o_flags = 0)"
SCAMPS,P002143,dataset/SCAMPS/scamps_videos/P002143.mat,,,,30.000000,"FileNotFoundError: [Errno 2] Unable to synchronously open file (unable to open file: name = 'dataset/SCAMPS/scamps_videos/P002143.mat', errno = 2, error message = 'No such file or directory', flags = 0, o_flags = 0)"
SCAMPS,P002144,dataset/SCAMPS/scamps_videos/P002144.mat,,,,30.000000,"FileNotFoundError: [Errno 2] Unable to synchronously open file (unable to open file: name = 'dataset/SCAMPS/scamps_videos/P002144.mat', errno = 2, error message = 'No such file or directory', flags = 0, o_flags = 0)"
SCAMPS,P002145,dataset/SCAMPS/scamps_videos/P002145.mat,,,,30.000000,"FileNotFoundError: [Errno 2] Unable to synchronously open file (unable to open file: name = 'dataset/SCAMPS/scamps_videos/P002145.mat', errno = 2, error message = 'No such file or directory', flags = 0, o_flags = 0)"
SCAMPS,P002146,dataset/SCAMPS/scamps_videos/P002146.mat,,,,30.000000,"FileNotFoundError: [Errno 2] Unable to synchronously open file (unable to open file: name = 'dataset/SCAMPS/scamps_videos/P002146.mat', errno = 2, error message = 'No such file or directory', flags = 0, o_flags = 0)"
SCAMPS,P002147,dataset/SCAMPS/scamps_videos/P002147.mat,,,,30.000000,"FileNotFoundError: [Errno 2] Unable to synchronously open file (unable to open file: name = 'dataset/SCAMPS/scamps_videos/P002147.mat', errno = 2, error message = 'No such file or directory', flags = 0, o_flags = 0)"
SCAMPS,P002148,dataset/SCAMPS/scamps_videos/P002148.mat,,,,30.000000,"FileNotFoundError: [Errno 2] Unable to synchronously open file (unable to open file: name = 'dataset/SCAMPS/scamps_videos/P002148.mat', errno = 2, error message = 'No such file or directory', flags = 0, o_flags = 0)"
SCAMPS,P002149,dataset/SCAMPS/scamps_videos/P002149.mat,,,,30.000000,"FileNotFoundError: [Errno 2] Unable to synchronously open file (unable to open file: name = 'dataset/SCAMPS/scamps_videos/P002149.mat', errno = 2, error message = 'No such file or directory', flags = 0, o_flags = 0)"
SCAMPS,P002150,dataset/SCAMPS/scamps_videos/P002150.mat,,,,30.000000,"FileNotFoundError: [Errno 2] Unable to synchronously open file (unable to open file: name = 'dataset/SCAMPS/scamps_videos/P002150.mat', errno = 2, error message = 'No such file or directory', flags = 0, o_flags = 0)"
SCAMPS,P002151,dataset/SCAMPS/scamps_videos/P002151.mat,,,,30.000000,"FileNotFoundError: [Errno 2] Unable to synchronously open file (unable to open file: name = 'dataset/SCAMPS/scamps_videos/P002151.mat', errno = 2, error message = 'No such file or directory', flags = 0, o_flags = 0)"
SCAMPS,P002152,dataset/SCAMPS/scamps_videos/P002152.mat,,,,30.000000,"FileNotFoundError: [Errno 2] Unable to synchronously open file (unable to open file: name = 'dataset/SCAMPS/scamps_videos/P002152.mat', errno = 2, error message = 'No such file or directory', flags = 0, o_flags = 0)"
SCAMPS,P002153,dataset/SCAMPS/scamps_videos/P002153.mat,,,,30.000000,"FileNotFoundError: [Errno 2] Unable to synchronously open file (unable to open file: name = 'dataset/SCAMPS/scamps_videos/P002153.mat', errno = 2, error message = 'No such file or directory', flags = 0, o_flags = 0)"
SCAMPS,P002154,dataset/SCAMPS/scamps_videos/P002154.mat,,,,30.000000,"FileNotFoundError: [Errno 2] Unable to synchronously open file (unable to open file: name = 'dataset/SCAMPS/scamps_videos/P002154.mat', errno = 2, error message = 'No such file or directory', flags = 0, o_flags = 0)"
SCAMPS,P002155,dataset/SCAMPS/scamps_videos/P002155.mat,,,,30.000000,"FileNotFoundError: [Errno 2] Unable to synchronously open file (unable to open file: name = 'dataset/SCAMPS/scamps_videos/P002155.mat', errno = 2, error message = 'No such file or directory', flags = 0, o_flags = 0)"
SCAMPS,P002156,dataset/SCAMPS/scamps_videos/P002156.mat,,,,30.000000,"FileNotFoundError: [Errno 2] Unable to synchronously open file (unable to open file: name = 'dataset/SCAMPS/scamps_videos/P002156.mat', errno = 2, error message = 'No such file or directory', flags = 0, o_flags = 0)"
SCAMPS,P002157,dataset/SCAMPS/scamps_videos/P002157.mat,,,,30.000000,"FileNotFoundError: [Errno 2] Unable to synchronously open file (unable to open file: name = 'dataset/SCAMPS/scamps_videos/P002157.mat', errno = 2, error message = 'No such file or directory', flags = 0, o_flags = 0)"
SCAMPS,P002158,dataset/SCAMPS/scamps_videos/P002158.mat,,,,30.000000,"FileNotFoundError: [Errno 2] Unable to synchronously open file (unable to open file: name = 'dataset/SCAMPS/scamps_videos/P002158.mat', errno = 2, error message = 'No such file or directory', flags = 0, o_flags = 0)"
SCAMPS,P002159,dataset/SCAMPS/scamps_videos/P002159.mat,,,,30.000000,"FileNotFoundError: [Errno 2] Unable to synchronously open file (unable to open file: name = 'dataset/SCAMPS/scamps_videos/P002159.mat', errno = 2, error message = 'No such file or directory', flags = 0, o_flags = 0)"
SCAMPS,P002160,dataset/SCAMPS/scamps_videos/P002160.mat,,,,30.000000,"FileNotFoundError: [Errno 2] Unable to synchronously open file (unable to open file: name = 'dataset/SCAMPS/scamps_videos/P002160.mat', errno = 2, error message = 'No such file or directory', flags = 0, o_flags = 0)"
SCAMPS,P002161,dataset/SCAMPS/scamps_videos/P002161.mat,,,,30.000000,"FileNotFoundError: [Errno 2] Unable to synchronously open file (unable to open file: name = 'dataset/SCAMPS/scamps_videos/P002161.mat', errno = 2, error message = 'No such file or directory', flags = 0, o_flags = 0)"
SCAMPS,P002162,dataset/SCAMPS/scamps_videos/P002162.mat,,,,30.000000,"FileNotFoundError: [Errno 2] Unable to synchronously open file (unable to open file: name = 'dataset/SCAMPS/scamps_videos/P002162.mat', errno = 2, error message = 'No such file or directory', flags = 0, o_flags = 0)"
SCAMPS,P002163,dataset/SCAMPS/scamps_videos/P002163.mat,,,,30.000000,"FileNotFoundError: [Errno 2] Unable to synchronously open file (unable to open file: name = 'dataset/SCAMPS/scamps_videos/P002163.mat', errno = 2, error message = 'No such file or directory', flags = 0, o_flags = 0)"
SCAMPS,P002164,dataset/SCAMPS/scamps_videos/P002164.mat,,,,30.000000,"FileNotFoundError: [Errno 2] Unable to synchronously open file (unable to open file: name = 'dataset/SCAMPS/scamps_videos/P002164.mat', errno = 2, error message = 'No such file or directory', flags = 0, o_flags = 0)"
SCAMPS,P002165,dataset/SCAMPS/scamps_videos/P002165.mat,,,,30.000000,"FileNotFoundError: [Errno 2] Unable to synchronously open file (unable to open file: name = 'dataset/SCAMPS/scamps_videos/P002165.mat', errno = 2, error message = 'No such file or directory', flags = 0, o_flags = 0)"
SCAMPS,P002166,dataset/SCAMPS/scamps_videos/P002166.mat,,,,30.000000,"FileNotFoundError: [Errno 2] Unable to synchronously open file (unable to open file: name = 'dataset/SCAMPS/scamps_videos/P002166.mat', errno = 2, error message = 'No such file or directory', flags = 0, o_flags = 0)"
SCAMPS,P002167,dataset/SCAMPS/scamps_videos/P002167.mat,,,,30.000000,"FileNotFoundError: [Errno 2] Unable to synchronously open file (unable to open file: name = 'dataset/SCAMPS/scamps_videos/P002167.mat', errno = 2, error message = 'No such file or directory', flags = 0, o_flags = 0)"
SCAMPS,P002168,dataset/SCAMPS/scamps_videos/P002168.mat,,,,30.000000,"FileNotFoundError: [Errno 2] Unable to synchronously open file (unable to open file: name = 'dataset/SCAMPS/scamps_videos/P002168.mat', errno = 2, error message = 'No such file or directory', flags = 0, o_flags = 0)"
SCAMPS,P002169,dataset/SCAMPS/scamps_videos/P002169.mat,,,,30.000000,"FileNotFoundError: [Errno 2] Unable to synchronously open file (unable to open file: name = 'dataset/SCAMPS/scamps_videos/P002169.mat', errno = 2, error message = 'No such file or directory', flags = 0, o_flags = 0)"
SCAMPS,P002170,dataset/SCAMPS/scamps_videos/P002170.mat,,,,30.000000,"FileNotFoundError: [Errno 2] Unable to synchronously open file (unable to open file: name = 'dataset/SCAMPS/scamps_videos/P002170.mat', errno = 2, error message = 'No such file or directory', flags = 0, o_flags = 0)"
SCAMPS,P002171,dataset/SCAMPS/scamps_videos/P002171.mat,,,,30.000000,"FileNotFoundError: [Errno 2] Unable to synchronously open file (unable to open file: name = 'dataset/SCAMPS/scamps_videos/P002171.mat', errno = 2, error message = 'No such file or directory', flags = 0, o_flags = 0)"
SCAMPS,P002172,dataset/SCAMPS/scamps_videos/P002172.mat,,,,30.000000,"FileNotFoundError: [Errno 2] Unable to synchronously open file (unable to open file: name = 'dataset/SCAMPS/scamps_videos/P002172.mat', errno = 2, error message = 'No such file or directory', flags = 0, o_flags = 0)"
SCAMPS,P002173,dataset/SCAMPS/scamps_videos/P002173.mat,,,,30.000000,"FileNotFoundError: [Errno 2] Unable to synchronously open file (unable to open file: name = 'dataset/SCAMPS/scamps_videos/P002173.mat', errno = 2, error message = 'No such file or directory', flags = 0, o_flags = 0)"
SCAMPS,P002174,dataset/SCAMPS/scamps_videos/P002174.mat,,,,30.000000,"FileNotFoundError: [Errno 2] Unable to synchronously open file (unable to open file: name = 'dataset/SCAMPS/scamps_videos/P002174.mat', errno = 2, error message = 'No such file or directory', flags = 0, o_flags = 0)"
SCAMPS,P002175,dataset/SCAMPS/scamps_videos/P002175.mat,,,,30.000000,"FileNotFoundError: [Errno 2] Unable to synchronously open file (unable to open file: name = 'dataset/SCAMPS/scamps_videos/P002175.mat', errno = 2, error message = 'No such file or directory', flags = 0, o_flags = 0)"
SCAMPS,P002176,dataset/SCAMPS/scamps_videos/P002176.mat,,,,30.000000,"FileNotFoundError: [Errno 2] Unable to synchronously open file (unable to open file: name = 'dataset/SCAMPS/scamps_videos/P002176.mat', errno = 2, error message = 'No such file or directory', flags = 0, o_flags = 0)"
SCAMPS,P002177,dataset/SCAMPS/scamps_videos/P002177.mat,,,,30.000000,"FileNotFoundError: [Errno 2] Unable to synchronously open file (unable to open file: name = 'dataset/SCAMPS/scamps_videos/P002177.mat', errno = 2, error message = 'No such file or directory', flags = 0, o_flags = 0)"
SCAMPS,P002178,dataset/SCAMPS/scamps_videos/P002178.mat,,,,30.000000,"FileNotFoundError: [Errno 2] Unable to synchronously open file (unable to open file: name = 'dataset/SCAMPS/scamps_videos/P002178.mat', errno = 2, error message = 'No such file or directory', flags = 0, o_flags = 0)"
SCAMPS,P002179,dataset/SCAMPS/scamps_videos/P002179.mat,,,,30.000000,"FileNotFoundError: [Errno 2] Unable to synchronously open file (unable to open file: name = 'dataset/SCAMPS/scamps_videos/P002179.mat', errno = 2, error message = 'No such file or directory', flags = 0, o_flags = 0)"
SCAMPS,P002180,dataset/SCAMPS/scamps_videos/P002180.mat,,,,30.000000,"FileNotFoundError: [Errno 2] Unable to synchronously open file (unable to open file: name = 'dataset/SCAMPS/scamps_videos/P002180.mat', errno = 2, error message = 'No such file or directory', flags = 0, o_flags = 0)"
SCAMPS,P002181,dataset/SCAMPS/scamps_videos/P002181.mat,,,,30.000000,"FileNotFoundError: [Errno 2] Unable to synchronously open file (unable to open file: name = 'dataset/SCAMPS/scamps_videos/P002181.mat', errno = 2, error message = 'No such file or directory', flags = 0, o_flags = 0)"
SCAMPS,P002182,dataset/SCAMPS/scamps_videos/P002182.mat,,,,30.000000,"FileNotFoundError: [Errno 2] Unable to synchronously open file (unable to open file: name = 'dataset/SCAMPS/scamps_videos/P002182.mat', errno = 2, error message = 'No such file or directory', flags = 0, o_flags = 0)"
SCAMPS,P002183,dataset/SCAMPS/scamps_videos/P002183.mat,,,,30.000000,"FileNotFoundError: [Errno 2] Unable to synchronously open file (unable to open file: name = 'dataset/SCAMPS/scamps_videos/P002183.mat', errno = 2, error message = 'No such file or directory', flags = 0, o_flags = 0)"
SCAMPS,P002184,dataset/SCAMPS/scamps_videos/P002184.mat,,,,30.000000,"FileNotFoundError: [Errno 2] Unable to synchronously open file (unable to open file: name = 'dataset/SCAMPS/scamps_videos/P002184.mat', errno = 2, error message = 'No such file or directory', flags = 0, o_flags = 0)"
SCAMPS,P002185,dataset/SCAMPS/scamps_videos/P002185.mat,,,,30.000000,"FileNotFoundError: [Errno 2] Unable to synchronously open file (unable to open file: name = 'dataset/SCAMPS/scamps_videos/P002185.mat', errno = 2, error message = 'No such file or directory', flags = 0, o_flags = 0)"
SCAMPS,P002186,dataset/SCAMPS/scamps_videos/P002186.mat,,,,30.000000,"FileNotFoundError: [Errno 2] Unable to synchronously open file (unable to open file: name = 'dataset/SCAMPS/scamps_videos/P002186.mat', errno = 2, error message = 'No such file or directory', flags = 0, o_flags = 0)"
SCAMPS,P002187,dataset/SCAMPS/scamps_videos/P002187.mat,,,,30.000000,"FileNotFoundError: [Errno 2] Unable to synchronously open file (unable to open file: name = 'dataset/SCAMPS/scamps_videos/P002187.mat', errno = 2, error message = 'No such file or directory', flags = 0, o_flags = 0)"
SCAMPS,P002188,dataset/SCAMPS/scamps_videos/P002188.mat,,,,30.000000,"FileNotFoundError: [Errno 2] Unable to synchronously open file (unable to open file: name = 'dataset/SCAMPS/scamps_videos/P002188.mat', errno = 2, error message = 'No such file or directory', flags = 0, o_flags = 0)"
SCAMPS,P002189,dataset/SCAMPS/scamps_videos/P002189.mat,,,,30.000000,"FileNotFoundError: [Errno 2] Unable to synchronously open file (unable to open file: name = 'dataset/SCAMPS/scamps_videos/P002189.mat', errno = 2, error message = 'No such file or directory', flags = 0, o_flags = 0)"
SCAMPS,P002190,dataset/SCAMPS/scamps_videos/P002190.mat,,,,30.000000,"FileNotFoundError: [Errno 2] Unable to synchronously open file (unable to open file: name = 'dataset/SCAMPS/scamps_videos/P002190.mat', errno = 2, error message = 'No such file or directory', flags = 0, o_flags = 0)"
SCAMPS,P002191,dataset/SCAMPS/scamps_videos/P002191.mat,,,,30.000000,"FileNotFoundError: [Errno 2] Unable to synchronously open file (unable to open file: name = 'dataset/SCAMPS/scamps_videos/P002191.mat', errno = 2, error message = 'No such file or directory', flags = 0, o_flags = 0)"
SCAMPS,P002192,dataset/SCAMPS/scamps_videos/P002192.mat,,,,30.000000,"FileNotFoundError: [Errno 2] Unable to synchronously open file (unable to open file: name = 'dataset/SCAMPS/scamps_videos/P002192.mat', errno = 2, error message = 'No such file or directory', flags = 0, o_flags = 0)"
SCAMPS,P002193,dataset/SCAMPS/scamps_videos/P002193.mat,,,,30.000000,"FileNotFoundError: [Errno 2] Unable to synchronously open file (unable to open file: name = 'dataset/SCAMPS/scamps_videos/P002193.mat', errno = 2, error message = 'No such file or directory', flags = 0, o_flags = 0)"
SCAMPS,P002194,dataset/SCAMPS/scamps_videos/P002194.mat,,,,30.000000,"FileNotFoundError: [Errno 2] Unable to synchronously open file (unable to open file: name = 'dataset/SCAMPS/scamps_videos/P002194.mat', errno = 2, error message = 'No such file or directory', flags = 0, o_flags = 0)"
SCAMPS,P002195,dataset/SCAMPS/scamps_videos/P002195.mat,,,,30.000000,"FileNotFoundError: [Errno 2] Unable to synchronously open file (unable to open file: name = 'dataset/SCAMPS/scamps_videos/P002195.mat', errno = 2, error message = 'No such file or directory', flags = 0, o_flags = 0)"
SCAMPS,P002196,dataset/SCAMPS/scamps_videos/P002196.mat,,,,30.000000,"FileNotFoundError: [Errno 2] Unable to synchronously open file (unable to open file: name = 'dataset/SCAMPS/scamps_videos/P002196.mat', errno = 2, error message = 'No such file or directory', flags = 0, o_flags = 0)"
SCAMPS,P002197,dataset/SCAMPS/scamps_videos/P002197.mat,,,,30.000000,"FileNotFoundError: [Errno 2] Unable to synchronously open file (unable to open file: name = 'dataset/SCAMPS/scamps_videos/P002197.mat', errno = 2, error message = 'No such file or directory', flags = 0, o_flags = 0)"
SCAMPS,P002198,dataset/SCAMPS/scamps_videos/P002198.mat,,,,30.000000,"FileNotFoundError: [Errno 2] Unable to synchronously open file (unable to open file: name = 'dataset/SCAMPS/scamps_videos/P002198.mat', errno = 2, error message = 'No such file or directory', flags = 0, o_flags = 0)"
SCAMPS,P002199,dataset/SCAMPS/scamps_videos/P002199.mat,,,,30.000000,"FileNotFoundError: [Errno 2] Unable to synchronously open file (unable to open file: name = 'dataset/SCAMPS/scamps_videos/P002199.mat', errno = 2, error message = 'No such file or directory', flags = 0, o_flags = 0)"
SCAMPS,P002200,dataset/SCAMPS/scamps_videos/P002200.mat,,,,30.000000,"FileNotFoundError: [Errno 2] Unable to synchronously open file (unable to open file: name = 'dataset/SCAMPS/scamps_videos/P002200.mat', errno = 2, error message = 'No such file or directory', flags = 0, o_flags = 0)"
SCAMPS,P002201,dataset/SCAMPS/scamps_videos/P002201.mat,,,,30.000000,"FileNotFoundError: [Errno 2] Unable to synchronously open file (unable to open file: name = 'dataset/SCAMPS/scamps_videos/P002201.mat', errno = 2, error message = 'No such file or directory', flags = 0, o_flags = 0)"
SCAMPS,P002202,dataset/SCAMPS/scamps_videos/P002202.mat,,,,30.000000,"FileNotFoundError: [Errno 2] Unable to synchronously open file (unable to open file: name = 'dataset/SCAMPS/scamps_videos/P002202.mat', errno = 2, error message = 'No such file or directory', flags = 0, o_flags = 0)"
SCAMPS,P002203,dataset/SCAMPS/scamps_videos/P002203.mat,,,,30.000000,"FileNotFoundError: [Errno 2] Unable to synchronously open file (unable to open file: name = 'dataset/SCAMPS/scamps_videos/P002203.mat', errno = 2, error message = 'No such file or directory', flags = 0, o_flags = 0)"
SCAMPS,P002204,dataset/SCAMPS/scamps_videos/P002204.mat,,,,30.000000,"FileNotFoundError: [Errno 2] Unable to synchronously open file (unable to open file: name = 'dataset/SCAMPS/scamps_videos/P002204.mat', errno = 2, error message = 'No such file or directory', flags = 0, o_flags = 0)"
SCAMPS,P002205,dataset/SCAMPS/scamps_videos/P002205.mat,,,,30.000000,"FileNotFoundError: [Errno 2] Unable to synchronously open file (unable to open file: name = 'dataset/SCAMPS/scamps_videos/P002205.mat', errno = 2, error message = 'No such file or directory', flags = 0, o_flags = 0)"
SCAMPS,P002206,dataset/SCAMPS/scamps_videos/P002206.mat,,,,30.000000,"FileNotFoundError: [Errno 2] Unable to synchronously open file (unable to open file: name = 'dataset/SCAMPS/scamps_videos/P002206.mat', errno = 2, error message = 'No such file or directory', flags = 0, o_flags = 0)"
SCAMPS,P002207,dataset/SCAMPS/scamps_videos/P002207.mat,,,,30.000000,"FileNotFoundError: [Errno 2] Unable to synchronously open file (unable to open file: name = 'dataset/SCAMPS/scamps_videos/P002207.mat', errno = 2, error message = 'No such file or directory', flags = 0, o_flags = 0)"
SCAMPS,P002208,dataset/SCAMPS/scamps_videos/P002208.mat,,,,30.000000,"FileNotFoundError: [Errno 2] Unable to synchronously open file (unable to open file: name = 'dataset/SCAMPS/scamps_videos/P002208.mat', errno = 2, error message = 'No such file or directory', flags = 0, o_flags = 0)"
SCAMPS,P002209,dataset/SCAMPS/scamps_videos/P002209.mat,,,,30.000000,"FileNotFoundError: [Errno 2] Unable to synchronously open file (unable to open file: name = 'dataset/SCAMPS/scamps_videos/P002209.mat', errno = 2, error message = 'No such file or directory', flags = 0, o_flags = 0)"
SCAMPS,P002210,dataset/SCAMPS/scamps_videos/P002210.mat,,,,30.000000,"FileNotFoundError: [Errno 2] Unable to synchronously open file (unable to open file: name = 'dataset/SCAMPS/scamps_videos/P002210.mat', errno = 2, error message = 'No such file or directory', flags = 0, o_flags = 0)"
SCAMPS,P002211,dataset/SCAMPS/scamps_videos/P002211.mat,,,,30.000000,"FileNotFoundError: [Errno 2] Unable to synchronously open file (unable to open file: name = 'dataset/SCAMPS/scamps_videos/P002211.mat', errno = 2, error message = 'No such file or directory', flags = 0, o_flags = 0)"
SCAMPS,P002212,dataset/SCAMPS/scamps_videos/P002212.mat,,,,30.000000,"FileNotFoundError: [Errno 2] Unable to synchronously open file (unable to open file: name = 'dataset/SCAMPS/scamps_videos/P002212.mat', errno = 2, error message = 'No such file or directory', flags = 0, o_flags = 0)"
SCAMPS,P002213,dataset/SCAMPS/scamps_videos/P002213.mat,,,,30.000000,"FileNotFoundError: [Errno 2] Unable to synchronously open file (unable to open file: name = 'dataset/SCAMPS/scamps_videos/P002213.mat', errno = 2, error message = 'No such file or directory', flags = 0, o_flags = 0)"
SCAMPS,P002214,dataset/SCAMPS/scamps_videos/P002214.mat,,,,30.000000,"FileNotFoundError: [Errno 2] Unable to synchronously open file (unable to open file: name = 'dataset/SCAMPS/scamps_videos/P002214.mat', errno = 2, error message = 'No such file or directory', flags = 0, o_flags = 0)"
SCAMPS,P002215,dataset/SCAMPS/scamps_videos/P002215.mat,,,,30.000000,"FileNotFoundError: [Errno 2] Unable to synchronously open file (unable to open file: name = 'dataset/SCAMPS/scamps_videos/P002215.mat', errno = 2, error message = 'No such file or directory', flags = 0, o_flags = 0)"
SCAMPS,P002216,dataset/SCAMPS/scamps_videos/P002216.mat,,,,30.000000,"FileNotFoundError: [Errno 2] Unable to synchronously open file (unable to open file: name = 'dataset/SCAMPS/scamps_videos/P002216.mat', errno = 2, error message = 'No such file or directory', flags = 0, o_flags = 0)"
SCAMPS,P002217,dataset/SCAMPS/scamps_videos/P002217.mat,,,,30.000000,"FileNotFoundError: [Errno 2] Unable to synchronously open file (unable to open file: name = 'dataset/SCAMPS/scamps_videos/P002217.mat', errno = 2, error message = 'No such file or directory', flags = 0, o_flags = 0)"
SCAMPS,P002218,dataset/SCAMPS/scamps_videos/P002218.mat,,,,30.000000,"FileNotFoundError: [Errno 2] Unable to synchronously open file (unable to open file: name = 'dataset/SCAMPS/scamps_videos/P002218.mat', errno = 2, error message = 'No such file or directory', flags = 0, o_flags = 0)"
SCAMPS,P002219,dataset/SCAMPS/scamps_videos/P002219.mat,,,,30.000000,"FileNotFoundError: [Errno 2] Unable to synchronously open file (unable to open file: name = 'dataset/SCAMPS/scamps_videos/P002219.mat', errno = 2, error message = 'No such file or directory', flags = 0, o_flags = 0)"
SCAMPS,P002220,dataset/SCAMPS/scamps_videos/P002220.mat,,,,30.000000,"FileNotFoundError: [Errno 2] Unable to synchronously open file (unable to open file: name = 'dataset/SCAMPS/scamps_videos/P002220.mat', errno = 2, error message = 'No such file or directory', flags = 0, o_flags = 0)"
SCAMPS,P002221,dataset/SCAMPS/scamps_videos/P002221.mat,,,,30.000000,"FileNotFoundError: [Errno 2] Unable to synchronously open file (unable to open file: name = 'dataset/SCAMPS/scamps_videos/P002221.mat', errno = 2, error message = 'No such file or directory', flags = 0, o_flags = 0)"
SCAMPS,P002222,dataset/SCAMPS/scamps_videos/P002222.mat,,,,30.000000,"FileNotFoundError: [Errno 2] Unable to synchronously open file (unable to open file: name = 'dataset/SCAMPS/scamps_videos/P002222.mat', errno = 2, error message = 'No such file or directory', flags = 0, o_flags = 0)"
SCAMPS,P002223,dataset/SCAMPS/scamps_videos/P002223.mat,,,,30.000000,"FileNotFoundError: [Errno 2] Unable to synchronously open file (unable to open file: name = 'dataset/SCAMPS/scamps_videos/P002223.mat', errno = 2, error message = 'No such file or directory', flags = 0, o_flags = 0)"
SCAMPS,P002224,dataset/SCAMPS/scamps_videos/P002224.mat,,,,30.000000,"FileNotFoundError: [Errno 2] Unable to synchronously open file (unable to open file: name = 'dataset/SCAMPS/scamps_videos/P002224.mat', errno = 2, error message = 'No such file or directory', flags = 0, o_flags = 0)"
SCAMPS,P002225,dataset/SCAMPS/scamps_videos/P002225.mat,,,,30.000000,"FileNotFoundError: [Errno 2] Unable to synchronously open file (unable to open file: name = 'dataset/SCAMPS/scamps_videos/P002225.mat', errno = 2, error message = 'No such file or directory', flags = 0, o_flags = 0)"
SCAMPS,P002226,dataset/SCAMPS/scamps_videos/P002226.mat,,,,30.000000,"FileNotFoundError: [Errno 2] Unable to synchronously open file (unable to open file: name = 'dataset/SCAMPS/scamps_videos/P002226.mat', errno = 2, error message = 'No such file or directory', flags = 0, o_flags = 0)"
SCAMPS,P002227,dataset/SCAMPS/scamps_videos/P002227.mat,,,,30.000000,"FileNotFoundError: [Errno 2] Unable to synchronously open file (unable to open file: name = 'dataset/SCAMPS/scamps_videos/P002227.mat', errno = 2, error message = 'No such file or directory', flags = 0, o_flags = 0)"
SCAMPS,P002228,dataset/SCAMPS/scamps_videos/P002228.mat,,,,30.000000,"FileNotFoundError: [Errno 2] Unable to synchronously open file (unable to open file: name = 'dataset/SCAMPS/scamps_videos/P002228.mat', errno = 2, error message = 'No such file or directory', flags = 0, o_flags = 0)"
SCAMPS,P002229,dataset/SCAMPS/scamps_videos/P002229.mat,,,,30.000000,"FileNotFoundError: [Errno 2] Unable to synchronously open file (unable to open file: name = 'dataset/SCAMPS/scamps_videos/P002229.mat', errno = 2, error message = 'No such file or directory', flags = 0, o_flags = 0)"
SCAMPS,P002230,dataset/SCAMPS/scamps_videos/P002230.mat,,,,30.000000,"FileNotFoundError: [Errno 2] Unable to synchronously open file (unable to open file: name = 'dataset/SCAMPS/scamps_videos/P002230.mat', errno = 2, error message = 'No such file or directory', flags = 0, o_flags = 0)"
SCAMPS,P002231,dataset/SCAMPS/scamps_videos/P002231.mat,,,,30.000000,"FileNotFoundError: [Errno 2] Unable to synchronously open file (unable to open file: name = 'dataset/SCAMPS/scamps_videos/P002231.mat', errno = 2, error message = 'No such file or directory', flags = 0, o_flags = 0)"
SCAMPS,P002232,dataset/SCAMPS/scamps_videos/P002232.mat,,,,30.000000,"FileNotFoundError: [Errno 2] Unable to synchronously open file (unable to open file: name = 'dataset/SCAMPS/scamps_videos/P002232.mat', errno = 2, error message = 'No such file or directory', flags = 0, o_flags = 0)"
SCAMPS,P002233,dataset/SCAMPS/scamps_videos/P002233.mat,,,,30.000000,"FileNotFoundError: [Errno 2] Unable to synchronously open file (unable to open file: name = 'dataset/SCAMPS/scamps_videos/P002233.mat', errno = 2, error message = 'No such file or directory', flags = 0, o_flags = 0)"
SCAMPS,P002234,dataset/SCAMPS/scamps_videos/P002234.mat,,,,30.000000,"FileNotFoundError: [Errno 2] Unable to synchronously open file (unable to open file: name = 'dataset/SCAMPS/scamps_videos/P002234.mat', errno = 2, error message = 'No such file or directory', flags = 0, o_flags = 0)"
SCAMPS,P002235,dataset/SCAMPS/scamps_videos/P002235.mat,,,,30.000000,"FileNotFoundError: [Errno 2] Unable to synchronously open file (unable to open file: name = 'dataset/SCAMPS/scamps_videos/P002235.mat', errno = 2, error message = 'No such file or directory', flags = 0, o_flags = 0)"
SCAMPS,P002236,dataset/SCAMPS/scamps_videos/P002236.mat,,,,30.000000,"FileNotFoundError: [Errno 2] Unable to synchronously open file (unable to open file: name = 'dataset/SCAMPS/scamps_videos/P002236.mat', errno = 2, error message = 'No such file or directory', flags = 0, o_flags = 0)"
SCAMPS,P002237,dataset/SCAMPS/scamps_videos/P002237.mat,,,,30.000000,"FileNotFoundError: [Errno 2] Unable to synchronously open file (unable to open file: name = 'dataset/SCAMPS/scamps_videos/P002237.mat', errno = 2, error message = 'No such file or directory', flags = 0, o_flags = 0)"
SCAMPS,P002238,dataset/SCAMPS/scamps_videos/P002238.mat,,,,30.000000,"FileNotFoundError: [Errno 2] Unable to synchronously open file (unable to open file: name = 'dataset/SCAMPS/scamps_videos/P002238.mat', errno = 2, error message = 'No such file or directory', flags = 0, o_flags = 0)"
SCAMPS,P002239,dataset/SCAMPS/scamps_videos/P002239.mat,,,,30.000000,"FileNotFoundError: [Errno 2] Unable to synchronously open file (unable to open file: name = 'dataset/SCAMPS/scamps_videos/P002239.mat', errno = 2, error message = 'No such file or directory', flags = 0, o_flags = 0)"
SCAMPS,P002240,dataset/SCAMPS/scamps_videos/P002240.mat,,,,30.000000,"FileNotFoundError: [Errno 2] Unable to synchronously open file (unable to open file: name = 'dataset/SCAMPS/scamps_videos/P002240.mat', errno = 2, error message = 'No such file or directory', flags = 0, o_flags = 0)"
SCAMPS,P002241,dataset/SCAMPS/scamps_videos/P002241.mat,,,,30.000000,"FileNotFoundError: [Errno 2] Unable to synchronously open file (unable to open file: name = 'dataset/SCAMPS/scamps_videos/P002241.mat', errno = 2, error message = 'No such file or directory', flags = 0, o_flags = 0)"
SCAMPS,P002242,dataset/SCAMPS/scamps_videos/P002242.mat,,,,30.000000,"FileNotFoundError: [Errno 2] Unable to synchronously open file (unable to open file: name = 'dataset/SCAMPS/scamps_videos/P002242.mat', errno = 2, error message = 'No such file or directory', flags = 0, o_flags = 0)"
SCAMPS,P002243,dataset/SCAMPS/scamps_videos/P002243.mat,,,,30.000000,"FileNotFoundError: [Errno 2] Unable to synchronously open file (unable to open file: name = 'dataset/SCAMPS/scamps_videos/P002243.mat', errno = 2, error message = 'No such file or directory', flags = 0, o_flags = 0)"
SCAMPS,P002244,dataset/SCAMPS/scamps_videos/P002244.mat,,,,30.000000,"FileNotFoundError: [Errno 2] Unable to synchronously open file (unable to open file: name = 'dataset/SCAMPS/scamps_videos/P002244.mat', errno = 2, error message = 'No such file or directory', flags = 0, o_flags = 0)"
SCAMPS,P002245,dataset/SCAMPS/scamps_videos/P002245.mat,,,,30.000000,"FileNotFoundError: [Errno 2] Unable to synchronously open file (unable to open file: name = 'dataset/SCAMPS/scamps_videos/P002245.mat', errno = 2, error message = 'No such file or directory', flags = 0, o_flags = 0)"
SCAMPS,P002246,dataset/SCAMPS/scamps_videos/P002246.mat,,,,30.000000,"FileNotFoundError: [Errno 2] Unable to synchronously open file (unable to open file: name = 'dataset/SCAMPS/scamps_videos/P002246.mat', errno = 2, error message = 'No such file or directory', flags = 0, o_flags = 0)"
SCAMPS,P002247,dataset/SCAMPS/scamps_videos/P002247.mat,,,,30.000000,"FileNotFoundError: [Errno 2] Unable to synchronously open file (unable to open file: name = 'dataset/SCAMPS/scamps_videos/P002247.mat', errno = 2, error message = 'No such file or directory', flags = 0, o_flags = 0)"
SCAMPS,P002248,dataset/SCAMPS/scamps_videos/P002248.mat,,,,30.000000,"FileNotFoundError: [Errno 2] Unable to synchronously open file (unable to open file: name = 'dataset/SCAMPS/scamps_videos/P002248.mat', errno = 2, error message = 'No such file or directory', flags = 0, o_flags = 0)"
SCAMPS,P002249,dataset/SCAMPS/scamps_videos/P002249.mat,,,,30.000000,"FileNotFoundError: [Errno 2] Unable to synchronously open file (unable to open file: name = 'dataset/SCAMPS/scamps_videos/P002249.mat', errno = 2, error message = 'No such file or directory', flags = 0, o_flags = 0)"
SCAMPS,P002250,dataset/SCAMPS/scamps_videos/P002250.mat,,,,30.000000,"FileNotFoundError: [Errno 2] Unable to synchronously open file (unable to open file: name = 'dataset/SCAMPS/scamps_videos/P002250.mat', errno = 2, error message = 'No such file or directory', flags = 0, o_flags = 0)"
SCAMPS,P002251,dataset/SCAMPS/scamps_videos/P002251.mat,,,,30.000000,"FileNotFoundError: [Errno 2] Unable to synchronously open file (unable to open file: name = 'dataset/SCAMPS/scamps_videos/P002251.mat', errno = 2, error message = 'No such file or directory', flags = 0, o_flags = 0)"
SCAMPS,P002252,dataset/SCAMPS/scamps_videos/P002252.mat,,,,30.000000,"FileNotFoundError: [Errno 2] Unable to synchronously open file (unable to open file: name = 'dataset/SCAMPS/scamps_videos/P002252.mat', errno = 2, error message = 'No such file or directory', flags = 0, o_flags = 0)"
SCAMPS,P002253,dataset/SCAMPS/scamps_videos/P002253.mat,,,,30.000000,"FileNotFoundError: [Errno 2] Unable to synchronously open file (unable to open file: name = 'dataset/SCAMPS/scamps_videos/P002253.mat', errno = 2, error message = 'No such file or directory', flags = 0, o_flags = 0)"
SCAMPS,P002254,dataset/SCAMPS/scamps_videos/P002254.mat,,,,30.000000,"FileNotFoundError: [Errno 2] Unable to synchronously open file (unable to open file: name = 'dataset/SCAMPS/scamps_videos/P002254.mat', errno = 2, error message = 'No such file or directory', flags = 0, o_flags = 0)"
SCAMPS,P002255,dataset/SCAMPS/scamps_videos/P002255.mat,,,,30.000000,"FileNotFoundError: [Errno 2] Unable to synchronously open file (unable to open file: name = 'dataset/SCAMPS/scamps_videos/P002255.mat', errno = 2, error message = 'No such file or directory', flags = 0, o_flags = 0)"
SCAMPS,P002256,dataset/SCAMPS/scamps_videos/P002256.mat,,,,30.000000,"FileNotFoundError: [Errno 2] Unable to synchronously open file (unable to open file: name = 'dataset/SCAMPS/scamps_videos/P002256.mat', errno = 2, error message = 'No such file or directory', flags = 0, o_flags = 0)"
SCAMPS,P002257,dataset/SCAMPS/scamps_videos/P002257.mat,,,,30.000000,"FileNotFoundError: [Errno 2] Unable to synchronously open file (unable to open file: name = 'dataset/SCAMPS/scamps_videos/P002257.mat', errno = 2, error message = 'No such file or directory', flags = 0, o_flags = 0)"
SCAMPS,P002258,dataset/SCAMPS/scamps_videos/P002258.mat,,,,30.000000,"FileNotFoundError: [Errno 2] Unable to synchronously open file (unable to open file: name = 'dataset/SCAMPS/scamps_videos/P002258.mat', errno = 2, error message = 'No such file or directory', flags = 0, o_flags = 0)"
SCAMPS,P002259,dataset/SCAMPS/scamps_videos/P002259.mat,,,,30.000000,"FileNotFoundError: [Errno 2] Unable to synchronously open file (unable to open file: name = 'dataset/SCAMPS/scamps_videos/P002259.mat', errno = 2, error message = 'No such file or directory', flags = 0, o_flags = 0)"
SCAMPS,P002260,dataset/SCAMPS/scamps_videos/P002260.mat,,,,30.000000,"FileNotFoundError: [Errno 2] Unable to synchronously open file (unable to open file: name = 'dataset/SCAMPS/scamps_videos/P002260.mat', errno = 2, error message = 'No such file or directory', flags = 0, o_flags = 0)"
SCAMPS,P002261,dataset/SCAMPS/scamps_videos/P002261.mat,,,,30.000000,"FileNotFoundError: [Errno 2] Unable to synchronously open file (unable to open file: name = 'dataset/SCAMPS/scamps_videos/P002261.mat', errno = 2, error message = 'No such file or directory', flags = 0, o_flags = 0)"
SCAMPS,P002262,dataset/SCAMPS/scamps_videos/P002262.mat,,,,30.000000,"FileNotFoundError: [Errno 2] Unable to synchronously open file (unable to open file: name = 'dataset/SCAMPS/scamps_videos/P002262.mat', errno = 2, error message = 'No such file or directory', flags = 0, o_flags = 0)"
SCAMPS,P002263,dataset/SCAMPS/scamps_videos/P002263.mat,,,,30.000000,"FileNotFoundError: [Errno 2] Unable to synchronously open file (unable to open file: name = 'dataset/SCAMPS/scamps_videos/P002263.mat', errno = 2, error message = 'No such file or directory', flags = 0, o_flags = 0)"
SCAMPS,P002264,dataset/SCAMPS/scamps_videos/P002264.mat,,,,30.000000,"FileNotFoundError: [Errno 2] Unable to synchronously open file (unable to open file: name = 'dataset/SCAMPS/scamps_videos/P002264.mat', errno = 2, error message = 'No such file or directory', flags = 0, o_flags = 0)"
SCAMPS,P002265,dataset/SCAMPS/scamps_videos/P002265.mat,,,,30.000000,"FileNotFoundError: [Errno 2] Unable to synchronously open file (unable to open file: name = 'dataset/SCAMPS/scamps_videos/P002265.mat', errno = 2, error message = 'No such file or directory', flags = 0, o_flags = 0)"
SCAMPS,P002266,dataset/SCAMPS/scamps_videos/P002266.mat,,,,30.000000,"FileNotFoundError: [Errno 2] Unable to synchronously open file (unable to open file: name = 'dataset/SCAMPS/scamps_videos/P002266.mat', errno = 2, error message = 'No such file or directory', flags = 0, o_flags = 0)"
SCAMPS,P002267,dataset/SCAMPS/scamps_videos/P002267.mat,,,,30.000000,"FileNotFoundError: [Errno 2] Unable to synchronously open file (unable to open file: name = 'dataset/SCAMPS/scamps_videos/P002267.mat', errno = 2, error message = 'No such file or directory', flags = 0, o_flags = 0)"
SCAMPS,P002268,dataset/SCAMPS/scamps_videos/P002268.mat,,,,30.000000,"FileNotFoundError: [Errno 2] Unable to synchronously open file (unable to open file: name = 'dataset/SCAMPS/scamps_videos/P002268.mat', errno = 2, error message = 'No such file or directory', flags = 0, o_flags = 0)"
SCAMPS,P002269,dataset/SCAMPS/scamps_videos/P002269.mat,,,,30.000000,"FileNotFoundError: [Errno 2] Unable to synchronously open file (unable to open file: name = 'dataset/SCAMPS/scamps_videos/P002269.mat', errno = 2, error message = 'No such file or directory', flags = 0, o_flags = 0)"
SCAMPS,P002270,dataset/SCAMPS/scamps_videos/P002270.mat,,,,30.000000,"FileNotFoundError: [Errno 2] Unable to synchronously open file (unable to open file: name = 'dataset/SCAMPS/scamps_videos/P002270.mat', errno = 2, error message = 'No such file or directory', flags = 0, o_flags = 0)"
SCAMPS,P002271,dataset/SCAMPS/scamps_videos/P002271.mat,,,,30.000000,"FileNotFoundError: [Errno 2] Unable to synchronously open file (unable to open file: name = 'dataset/SCAMPS/scamps_videos/P002271.mat', errno = 2, error message = 'No such file or directory', flags = 0, o_flags = 0)"
SCAMPS,P002272,dataset/SCAMPS/scamps_videos/P002272.mat,,,,30.000000,"FileNotFoundError: [Errno 2] Unable to synchronously open file (unable to open file: name = 'dataset/SCAMPS/scamps_videos/P002272.mat', errno = 2, error message = 'No such file or directory', flags = 0, o_flags = 0)"
SCAMPS,P002273,dataset/SCAMPS/scamps_videos/P002273.mat,,,,30.000000,"FileNotFoundError: [Errno 2] Unable to synchronously open file (unable to open file: name = 'dataset/SCAMPS/scamps_videos/P002273.mat', errno = 2, error message = 'No such file or directory', flags = 0, o_flags = 0)"
SCAMPS,P002274,dataset/SCAMPS/scamps_videos/P002274.mat,,,,30.000000,"FileNotFoundError: [Errno 2] Unable to synchronously open file (unable to open file: name = 'dataset/SCAMPS/scamps_videos/P002274.mat', errno = 2, error message = 'No such file or directory', flags = 0, o_flags = 0)"
SCAMPS,P002275,dataset/SCAMPS/scamps_videos/P002275.mat,,,,30.000000,"FileNotFoundError: [Errno 2] Unable to synchronously open file (unable to open file: name = 'dataset/SCAMPS/scamps_videos/P002275.mat', errno = 2, error message = 'No such file or directory', flags = 0, o_flags = 0)"
SCAMPS,P002276,dataset/SCAMPS/scamps_videos/P002276.mat,,,,30.000000,"FileNotFoundError: [Errno 2] Unable to synchronously open file (unable to open file: name = 'dataset/SCAMPS/scamps_videos/P002276.mat', errno = 2, error message = 'No such file or directory', flags = 0, o_flags = 0)"
SCAMPS,P002277,dataset/SCAMPS/scamps_videos/P002277.mat,,,,30.000000,"FileNotFoundError: [Errno 2] Unable to synchronously open file (unable to open file: name = 'dataset/SCAMPS/scamps_videos/P002277.mat', errno = 2, error message = 'No such file or directory', flags = 0, o_flags = 0)"
SCAMPS,P002278,dataset/SCAMPS/scamps_videos/P002278.mat,,,,30.000000,"FileNotFoundError: [Errno 2] Unable to synchronously open file (unable to open file: name = 'dataset/SCAMPS/scamps_videos/P002278.mat', errno = 2, error message = 'No such file or directory', flags = 0, o_flags = 0)"
SCAMPS,P002279,dataset/SCAMPS/scamps_videos/P002279.mat,,,,30.000000,"FileNotFoundError: [Errno 2] Unable to synchronously open file (unable to open file: name = 'dataset/SCAMPS/scamps_videos/P002279.mat', errno = 2, error message = 'No such file or directory', flags = 0, o_flags = 0)"
SCAMPS,P002280,dataset/SCAMPS/scamps_videos/P002280.mat,,,,30.000000,"FileNotFoundError: [Errno 2] Unable to synchronously open file (unable to open file: name = 'dataset/SCAMPS/scamps_videos/P002280.mat', errno = 2, error message = 'No such file or directory', flags = 0, o_flags = 0)"
SCAMPS,P002281,dataset/SCAMPS/scamps_videos/P002281.mat,,,,30.000000,"FileNotFoundError: [Errno 2] Unable to synchronously open file (unable to open file: name = 'dataset/SCAMPS/scamps_videos/P002281.mat', errno = 2, error message = 'No such file or directory', flags = 0, o_flags = 0)"
SCAMPS,P002282,dataset/SCAMPS/scamps_videos/P002282.mat,,,,30.000000,"FileNotFoundError: [Errno 2] Unable to synchronously open file (unable to open file: name = 'dataset/SCAMPS/scamps_videos/P002282.mat', errno = 2, error message = 'No such file or directory', flags = 0, o_flags = 0)"
SCAMPS,P002283,dataset/SCAMPS/scamps_videos/P002283.mat,,,,30.000000,"FileNotFoundError: [Errno 2] Unable to synchronously open file (unable to open file: name = 'dataset/SCAMPS/scamps_videos/P002283.mat', errno = 2, error message = 'No such file or directory', flags = 0, o_flags = 0)"
SCAMPS,P002284,dataset/SCAMPS/scamps_videos/P002284.mat,,,,30.000000,"FileNotFoundError: [Errno 2] Unable to synchronously open file (unable to open file: name = 'dataset/SCAMPS/scamps_videos/P002284.mat', errno = 2, error message = 'No such file or directory', flags = 0, o_flags = 0)"
SCAMPS,P002285,dataset/SCAMPS/scamps_videos/P002285.mat,,,,30.000000,"FileNotFoundError: [Errno 2] Unable to synchronously open file (unable to open file: name = 'dataset/SCAMPS/scamps_videos/P002285.mat', errno = 2, error message = 'No such file or directory', flags = 0, o_flags = 0)"
SCAMPS,P002286,dataset/SCAMPS/scamps_videos/P002286.mat,,,,30.000000,"FileNotFoundError: [Errno 2] Unable to synchronously open file (unable to open file: name = 'dataset/SCAMPS/scamps_videos/P002286.mat', errno = 2, error message = 'No such file or directory', flags = 0, o_flags = 0)"
SCAMPS,P002287,dataset/SCAMPS/scamps_videos/P002287.mat,,,,30.000000,"FileNotFoundError: [Errno 2] Unable to synchronously open file (unable to open file: name = 'dataset/SCAMPS/scamps_videos/P002287.mat', errno = 2, error message = 'No such file or directory', flags = 0, o_flags = 0)"
SCAMPS,P002288,dataset/SCAMPS/scamps_videos/P002288.mat,,,,30.000000,"FileNotFoundError: [Errno 2] Unable to synchronously open file (unable to open file: name = 'dataset/SCAMPS/scamps_videos/P002288.mat', errno = 2, error message = 'No such file or directory', flags = 0, o_flags = 0)"
SCAMPS,P002289,dataset/SCAMPS/scamps_videos/P002289.mat,,,,30.000000,"FileNotFoundError: [Errno 2] Unable to synchronously open file (unable to open file: name = 'dataset/SCAMPS/scamps_videos/P002289.mat', errno = 2, error message = 'No such file or directory', flags = 0, o_flags = 0)"
SCAMPS,P002290,dataset/SCAMPS/scamps_videos/P002290.mat,,,,30.000000,"FileNotFoundError: [Errno 2] Unable to synchronously open file (unable to open file: name = 'dataset/SCAMPS/scamps_videos/P002290.mat', errno = 2, error message = 'No such file or directory', flags = 0, o_flags = 0)"
SCAMPS,P002291,dataset/SCAMPS/scamps_videos/P002291.mat,,,,30.000000,"FileNotFoundError: [Errno 2] Unable to synchronously open file (unable to open file: name = 'dataset/SCAMPS/scamps_videos/P002291.mat', errno = 2, error message = 'No such file or directory', flags = 0, o_flags = 0)"
SCAMPS,P002292,dataset/SCAMPS/scamps_videos/P002292.mat,,,,30.000000,"FileNotFoundError: [Errno 2] Unable to synchronously open file (unable to open file: name = 'dataset/SCAMPS/scamps_videos/P002292.mat', errno = 2, error message = 'No such file or directory', flags = 0, o_flags = 0)"
SCAMPS,P002293,dataset/SCAMPS/scamps_videos/P002293.mat,,,,30.000000,"FileNotFoundError: [Errno 2] Unable to synchronously open file (unable to open file: name = 'dataset/SCAMPS/scamps_videos/P002293.mat', errno = 2, error message = 'No such file or directory', flags = 0, o_flags = 0)"
SCAMPS,P002294,dataset/SCAMPS/scamps_videos/P002294.mat,,,,30.000000,"FileNotFoundError: [Errno 2] Unable to synchronously open file (unable to open file: name = 'dataset/SCAMPS/scamps_videos/P002294.mat', errno = 2, error message = 'No such file or directory', flags = 0, o_flags = 0)"
SCAMPS,P002295,dataset/SCAMPS/scamps_videos/P002295.mat,,,,30.000000,"FileNotFoundError: [Errno 2] Unable to synchronously open file (unable to open file: name = 'dataset/SCAMPS/scamps_videos/P002295.mat', errno = 2, error message = 'No such file or directory', flags = 0, o_flags = 0)"
SCAMPS,P002296,dataset/SCAMPS/scamps_videos/P002296.mat,,,,30.000000,"FileNotFoundError: [Errno 2] Unable to synchronously open file (unable to open file: name = 'dataset/SCAMPS/scamps_videos/P002296.mat', errno = 2, error message = 'No such file or directory', flags = 0, o_flags = 0)"
SCAMPS,P002297,dataset/SCAMPS/scamps_videos/P002297.mat,,,,30.000000,"FileNotFoundError: [Errno 2] Unable to synchronously open file (unable to open file: name = 'dataset/SCAMPS/scamps_videos/P002297.mat', errno = 2, error message = 'No such file or directory', flags = 0, o_flags = 0)"
SCAMPS,P002298,dataset/SCAMPS/scamps_videos/P002298.mat,,,,30.000000,"FileNotFoundError: [Errno 2] Unable to synchronously open file (unable to open file: name = 'dataset/SCAMPS/scamps_videos/P002298.mat', errno = 2, error message = 'No such file or directory', flags = 0, o_flags = 0)"
SCAMPS,P002299,dataset/SCAMPS/scamps_videos/P002299.mat,,,,30.000000,"FileNotFoundError: [Errno 2] Unable to synchronously open file (unable to open file: name = 'dataset/SCAMPS/scamps_videos/P002299.mat', errno = 2, error message = 'No such file or directory', flags = 0, o_flags = 0)"
SCAMPS,P002300,dataset/SCAMPS/scamps_videos/P002300.mat,,,,30.000000,"FileNotFoundError: [Errno 2] Unable to synchronously open file (unable to open file: name = 'dataset/SCAMPS/scamps_videos/P002300.mat', errno = 2, error message = 'No such file or directory', flags = 0, o_flags = 0)"
SCAMPS,P002301,dataset/SCAMPS/scamps_videos/P002301.mat,,,,30.000000,"FileNotFoundError: [Errno 2] Unable to synchronously open file (unable to open file: name = 'dataset/SCAMPS/scamps_videos/P002301.mat', errno = 2, error message = 'No such file or directory', flags = 0, o_flags = 0)"
SCAMPS,P002302,dataset/SCAMPS/scamps_videos/P002302.mat,,,,30.000000,"FileNotFoundError: [Errno 2] Unable to synchronously open file (unable to open file: name = 'dataset/SCAMPS/scamps_videos/P002302.mat', errno = 2, error message = 'No such file or directory', flags = 0, o_flags = 0)"
SCAMPS,P002303,dataset/SCAMPS/scamps_videos/P002303.mat,,,,30.000000,"FileNotFoundError: [Errno 2] Unable to synchronously open file (unable to open file: name = 'dataset/SCAMPS/scamps_videos/P002303.mat', errno = 2, error message = 'No such file or directory', flags = 0, o_flags = 0)"
SCAMPS,P002304,dataset/SCAMPS/scamps_videos/P002304.mat,,,,30.000000,"FileNotFoundError: [Errno 2] Unable to synchronously open file (unable to open file: name = 'dataset/SCAMPS/scamps_videos/P002304.mat', errno = 2, error message = 'No such file or directory', flags = 0, o_flags = 0)"
SCAMPS,P002305,dataset/SCAMPS/scamps_videos/P002305.mat,,,,30.000000,"FileNotFoundError: [Errno 2] Unable to synchronously open file (unable to open file: name = 'dataset/SCAMPS/scamps_videos/P002305.mat', errno = 2, error message = 'No such file or directory', flags = 0, o_flags = 0)"
SCAMPS,P002306,dataset/SCAMPS/scamps_videos/P002306.mat,,,,30.000000,"FileNotFoundError: [Errno 2] Unable to synchronously open file (unable to open file: name = 'dataset/SCAMPS/scamps_videos/P002306.mat', errno = 2, error message = 'No such file or directory', flags = 0, o_flags = 0)"
SCAMPS,P002307,dataset/SCAMPS/scamps_videos/P002307.mat,,,,30.000000,"FileNotFoundError: [Errno 2] Unable to synchronously open file (unable to open file: name = 'dataset/SCAMPS/scamps_videos/P002307.mat', errno = 2, error message = 'No such file or directory', flags = 0, o_flags = 0)"
SCAMPS,P002308,dataset/SCAMPS/scamps_videos/P002308.mat,,,,30.000000,"FileNotFoundError: [Errno 2] Unable to synchronously open file (unable to open file: name = 'dataset/SCAMPS/scamps_videos/P002308.mat', errno = 2, error message = 'No such file or directory', flags = 0, o_flags = 0)"
SCAMPS,P002309,dataset/SCAMPS/scamps_videos/P002309.mat,,,,30.000000,"FileNotFoundError: [Errno 2] Unable to synchronously open file (unable to open file: name = 'dataset/SCAMPS/scamps_videos/P002309.mat', errno = 2, error message = 'No such file or directory', flags = 0, o_flags = 0)"
SCAMPS,P002310,dataset/SCAMPS/scamps_videos/P002310.mat,,,,30.000000,"FileNotFoundError: [Errno 2] Unable to synchronously open file (unable to open file: name = 'dataset/SCAMPS/scamps_videos/P002310.mat', errno = 2, error message = 'No such file or directory', flags = 0, o_flags = 0)"
SCAMPS,P002311,dataset/SCAMPS/scamps_videos/P002311.mat,,,,30.000000,"FileNotFoundError: [Errno 2] Unable to synchronously open file (unable to open file: name = 'dataset/SCAMPS/scamps_videos/P002311.mat', errno = 2, error message = 'No such file or directory', flags = 0, o_flags = 0)"
SCAMPS,P002312,dataset/SCAMPS/scamps_videos/P002312.mat,,,,30.000000,"FileNotFoundError: [Errno 2] Unable to synchronously open file (unable to open file: name = 'dataset/SCAMPS/scamps_videos/P002312.mat', errno = 2, error message = 'No such file or directory', flags = 0, o_flags = 0)"
SCAMPS,P002313,dataset/SCAMPS/scamps_videos/P002313.mat,,,,30.000000,"FileNotFoundError: [Errno 2] Unable to synchronously open file (unable to open file: name = 'dataset/SCAMPS/scamps_videos/P002313.mat', errno = 2, error message = 'No such file or directory', flags = 0, o_flags = 0)"
SCAMPS,P002314,dataset/SCAMPS/scamps_videos/P002314.mat,,,,30.000000,"FileNotFoundError: [Errno 2] Unable to synchronously open file (unable to open file: name = 'dataset/SCAMPS/scamps_videos/P002314.mat', errno = 2, error message = 'No such file or directory', flags = 0, o_flags = 0)"
SCAMPS,P002315,dataset/SCAMPS/scamps_videos/P002315.mat,,,,30.000000,"FileNotFoundError: [Errno 2] Unable to synchronously open file (unable to open file: name = 'dataset/SCAMPS/scamps_videos/P002315.mat', errno = 2, error message = 'No such file or directory', flags = 0, o_flags = 0)"
SCAMPS,P002316,dataset/SCAMPS/scamps_videos/P002316.mat,,,,30.000000,"FileNotFoundError: [Errno 2] Unable to synchronously open file (unable to open file: name = 'dataset/SCAMPS/scamps_videos/P002316.mat', errno = 2, error message = 'No such file or directory', flags = 0, o_flags = 0)"
SCAMPS,P002317,dataset/SCAMPS/scamps_videos/P002317.mat,,,,30.000000,"FileNotFoundError: [Errno 2] Unable to synchronously open file (unable to open file: name = 'dataset/SCAMPS/scamps_videos/P002317.mat', errno = 2, error message = 'No such file or directory', flags = 0, o_flags = 0)"
SCAMPS,P002318,dataset/SCAMPS/scamps_videos/P002318.mat,,,,30.000000,"FileNotFoundError: [Errno 2] Unable to synchronously open file (unable to open file: name = 'dataset/SCAMPS/scamps_videos/P002318.mat', errno = 2, error message = 'No such file or directory', flags = 0, o_flags = 0)"
SCAMPS,P002319,dataset/SCAMPS/scamps_videos/P002319.mat,,,,30.000000,"FileNotFoundError: [Errno 2] Unable to synchronously open file (unable to open file: name = 'dataset/SCAMPS/scamps_videos/P002319.mat', errno = 2, error message = 'No such file or directory', flags = 0, o_flags = 0)"
SCAMPS,P002320,dataset/SCAMPS/scamps_videos/P002320.mat,,,,30.000000,"FileNotFoundError: [Errno 2] Unable to synchronously open file (unable to open file: name = 'dataset/SCAMPS/scamps_videos/P002320.mat', errno = 2, error message = 'No such file or directory', flags = 0, o_flags = 0)"
SCAMPS,P002321,dataset/SCAMPS/scamps_videos/P002321.mat,,,,30.000000,"FileNotFoundError: [Errno 2] Unable to synchronously open file (unable to open file: name = 'dataset/SCAMPS/scamps_videos/P002321.mat', errno = 2, error message = 'No such file or directory', flags = 0, o_flags = 0)"
SCAMPS,P002322,dataset/SCAMPS/scamps_videos/P002322.mat,,,,30.000000,"FileNotFoundError: [Errno 2] Unable to synchronously open file (unable to open file: name = 'dataset/SCAMPS/scamps_videos/P002322.mat', errno = 2, error message = 'No such file or directory', flags = 0, o_flags = 0)"
SCAMPS,P002323,dataset/SCAMPS/scamps_videos/P002323.mat,,,,30.000000,"FileNotFoundError: [Errno 2] Unable to synchronously open file (unable to open file: name = 'dataset/SCAMPS/scamps_videos/P002323.mat', errno = 2, error message = 'No such file or directory', flags = 0, o_flags = 0)"
SCAMPS,P002324,dataset/SCAMPS/scamps_videos/P002324.mat,,,,30.000000,"FileNotFoundError: [Errno 2] Unable to synchronously open file (unable to open file: name = 'dataset/SCAMPS/scamps_videos/P002324.mat', errno = 2, error message = 'No such file or directory', flags = 0, o_flags = 0)"
SCAMPS,P002325,dataset/SCAMPS/scamps_videos/P002325.mat,,,,30.000000,"FileNotFoundError: [Errno 2] Unable to synchronously open file (unable to open file: name = 'dataset/SCAMPS/scamps_videos/P002325.mat', errno = 2, error message = 'No such file or directory', flags = 0, o_flags = 0)"
SCAMPS,P002326,dataset/SCAMPS/scamps_videos/P002326.mat,,,,30.000000,"FileNotFoundError: [Errno 2] Unable to synchronously open file (unable to open file: name = 'dataset/SCAMPS/scamps_videos/P002326.mat', errno = 2, error message = 'No such file or directory', flags = 0, o_flags = 0)"
SCAMPS,P002327,dataset/SCAMPS/scamps_videos/P002327.mat,,,,30.000000,"FileNotFoundError: [Errno 2] Unable to synchronously open file (unable to open file: name = 'dataset/SCAMPS/scamps_videos/P002327.mat', errno = 2, error message = 'No such file or directory', flags = 0, o_flags = 0)"
SCAMPS,P002328,dataset/SCAMPS/scamps_videos/P002328.mat,,,,30.000000,"FileNotFoundError: [Errno 2] Unable to synchronously open file (unable to open file: name = 'dataset/SCAMPS/scamps_videos/P002328.mat', errno = 2, error message = 'No such file or directory', flags = 0, o_flags = 0)"
SCAMPS,P002329,dataset/SCAMPS/scamps_videos/P002329.mat,,,,30.000000,"FileNotFoundError: [Errno 2] Unable to synchronously open file (unable to open file: name = 'dataset/SCAMPS/scamps_videos/P002329.mat', errno = 2, error message = 'No such file or directory', flags = 0, o_flags = 0)"
SCAMPS,P002330,dataset/SCAMPS/scamps_videos/P002330.mat,,,,30.000000,"FileNotFoundError: [Errno 2] Unable to synchronously open file (unable to open file: name = 'dataset/SCAMPS/scamps_videos/P002330.mat', errno = 2, error message = 'No such file or directory', flags = 0, o_flags = 0)"
SCAMPS,P002331,dataset/SCAMPS/scamps_videos/P002331.mat,,,,30.000000,"FileNotFoundError: [Errno 2] Unable to synchronously open file (unable to open file: name = 'dataset/SCAMPS/scamps_videos/P002331.mat', errno = 2, error message = 'No such file or directory', flags = 0, o_flags = 0)"
SCAMPS,P002332,dataset/SCAMPS/scamps_videos/P002332.mat,,,,30.000000,"FileNotFoundError: [Errno 2] Unable to synchronously open file (unable to open file: name = 'dataset/SCAMPS/scamps_videos/P002332.mat', errno = 2, error message = 'No such file or directory', flags = 0, o_flags = 0)"
SCAMPS,P002333,dataset/SCAMPS/scamps_videos/P002333.mat,,,,30.000000,"FileNotFoundError: [Errno 2] Unable to synchronously open file (unable to open file: name = 'dataset/SCAMPS/scamps_videos/P002333.mat', errno = 2, error message = 'No such file or directory', flags = 0, o_flags = 0)"
SCAMPS,P002334,dataset/SCAMPS/scamps_videos/P002334.mat,,,,30.000000,"FileNotFoundError: [Errno 2] Unable to synchronously open file (unable to open file: name = 'dataset/SCAMPS/scamps_videos/P002334.mat', errno = 2, error message = 'No such file or directory', flags = 0, o_flags = 0)"
SCAMPS,P002335,dataset/SCAMPS/scamps_videos/P002335.mat,,,,30.000000,"FileNotFoundError: [Errno 2] Unable to synchronously open file (unable to open file: name = 'dataset/SCAMPS/scamps_videos/P002335.mat', errno = 2, error message = 'No such file or directory', flags = 0, o_flags = 0)"
SCAMPS,P002336,dataset/SCAMPS/scamps_videos/P002336.mat,,,,30.000000,"FileNotFoundError: [Errno 2] Unable to synchronously open file (unable to open file: name = 'dataset/SCAMPS/scamps_videos/P002336.mat', errno = 2, error message = 'No such file or directory', flags = 0, o_flags = 0)"
SCAMPS,P002337,dataset/SCAMPS/scamps_videos/P002337.mat,,,,30.000000,"FileNotFoundError: [Errno 2] Unable to synchronously open file (unable to open file: name = 'dataset/SCAMPS/scamps_videos/P002337.mat', errno = 2, error message = 'No such file or directory', flags = 0, o_flags = 0)"
SCAMPS,P002338,dataset/SCAMPS/scamps_videos/P002338.mat,,,,30.000000,"FileNotFoundError: [Errno 2] Unable to synchronously open file (unable to open file: name = 'dataset/SCAMPS/scamps_videos/P002338.mat', errno = 2, error message = 'No such file or directory', flags = 0, o_flags = 0)"
SCAMPS,P002339,dataset/SCAMPS/scamps_videos/P002339.mat,,,,30.000000,"FileNotFoundError: [Errno 2] Unable to synchronously open file (unable to open file: name = 'dataset/SCAMPS/scamps_videos/P002339.mat', errno = 2, error message = 'No such file or directory', flags = 0, o_flags = 0)"
SCAMPS,P002340,dataset/SCAMPS/scamps_videos/P002340.mat,,,,30.000000,"FileNotFoundError: [Errno 2] Unable to synchronously open file (unable to open file: name = 'dataset/SCAMPS/scamps_videos/P002340.mat', errno = 2, error message = 'No such file or directory', flags = 0, o_flags = 0)"
SCAMPS,P002341,dataset/SCAMPS/scamps_videos/P002341.mat,,,,30.000000,"FileNotFoundError: [Errno 2] Unable to synchronously open file (unable to open file: name = 'dataset/SCAMPS/scamps_videos/P002341.mat', errno = 2, error message = 'No such file or directory', flags = 0, o_flags = 0)"
SCAMPS,P002342,dataset/SCAMPS/scamps_videos/P002342.mat,,,,30.000000,"FileNotFoundError: [Errno 2] Unable to synchronously open file (unable to open file: name = 'dataset/SCAMPS/scamps_videos/P002342.mat', errno = 2, error message = 'No such file or directory', flags = 0, o_flags = 0)"
SCAMPS,P002343,dataset/SCAMPS/scamps_videos/P002343.mat,,,,30.000000,"FileNotFoundError: [Errno 2] Unable to synchronously open file (unable to open file: name = 'dataset/SCAMPS/scamps_videos/P002343.mat', errno = 2, error message = 'No such file or directory', flags = 0, o_flags = 0)"
SCAMPS,P002344,dataset/SCAMPS/scamps_videos/P002344.mat,,,,30.000000,"FileNotFoundError: [Errno 2] Unable to synchronously open file (unable to open file: name = 'dataset/SCAMPS/scamps_videos/P002344.mat', errno = 2, error message = 'No such file or directory', flags = 0, o_flags = 0)"
SCAMPS,P002345,dataset/SCAMPS/scamps_videos/P002345.mat,,,,30.000000,"FileNotFoundError: [Errno 2] Unable to synchronously open file (unable to open file: name = 'dataset/SCAMPS/scamps_videos/P002345.mat', errno = 2, error message = 'No such file or directory', flags = 0, o_flags = 0)"
SCAMPS,P002346,dataset/SCAMPS/scamps_videos/P002346.mat,,,,30.000000,"FileNotFoundError: [Errno 2] Unable to synchronously open file (unable to open file: name = 'dataset/SCAMPS/scamps_videos/P002346.mat', errno = 2, error message = 'No such file or directory', flags = 0, o_flags = 0)"
SCAMPS,P002347,dataset/SCAMPS/scamps_videos/P002347.mat,,,,30.000000,"FileNotFoundError: [Errno 2] Unable to synchronously open file (unable to open file: name = 'dataset/SCAMPS/scamps_videos/P002347.mat', errno = 2, error message = 'No such file or directory', flags = 0, o_flags = 0)"
SCAMPS,P002348,dataset/SCAMPS/scamps_videos/P002348.mat,,,,30.000000,"FileNotFoundError: [Errno 2] Unable to synchronously open file (unable to open file: name = 'dataset/SCAMPS/scamps_videos/P002348.mat', errno = 2, error message = 'No such file or directory', flags = 0, o_flags = 0)"
SCAMPS,P002349,dataset/SCAMPS/scamps_videos/P002349.mat,,,,30.000000,"FileNotFoundError: [Errno 2] Unable to synchronously open file (unable to open file: name = 'dataset/SCAMPS/scamps_videos/P002349.mat', errno = 2, error message = 'No such file or directory', flags = 0, o_flags = 0)"
SCAMPS,P002350,dataset/SCAMPS/scamps_videos/P002350.mat,,,,30.000000,"FileNotFoundError: [Errno 2] Unable to synchronously open file (unable to open file: name = 'dataset/SCAMPS/scamps_videos/P002350.mat', errno = 2, error message = 'No such file or directory', flags = 0, o_flags = 0)"
SCAMPS,P002351,dataset/SCAMPS/scamps_videos/P002351.mat,,,,30.000000,"FileNotFoundError: [Errno 2] Unable to synchronously open file (unable to open file: name = 'dataset/SCAMPS/scamps_videos/P002351.mat', errno = 2, error message = 'No such file or directory', flags = 0, o_flags = 0)"
SCAMPS,P002352,dataset/SCAMPS/scamps_videos/P002352.mat,,,,30.000000,"FileNotFoundError: [Errno 2] Unable to synchronously open file (unable to open file: name = 'dataset/SCAMPS/scamps_videos/P002352.mat', errno = 2, error message = 'No such file or directory', flags = 0, o_flags = 0)"
SCAMPS,P002353,dataset/SCAMPS/scamps_videos/P002353.mat,,,,30.000000,"FileNotFoundError: [Errno 2] Unable to synchronously open file (unable to open file: name = 'dataset/SCAMPS/scamps_videos/P002353.mat', errno = 2, error message = 'No such file or directory', flags = 0, o_flags = 0)"
SCAMPS,P002354,dataset/SCAMPS/scamps_videos/P002354.mat,,,,30.000000,"FileNotFoundError: [Errno 2] Unable to synchronously open file (unable to open file: name = 'dataset/SCAMPS/scamps_videos/P002354.mat', errno = 2, error message = 'No such file or directory', flags = 0, o_flags = 0)"
SCAMPS,P002355,dataset/SCAMPS/scamps_videos/P002355.mat,,,,30.000000,"FileNotFoundError: [Errno 2] Unable to synchronously open file (unable to open file: name = 'dataset/SCAMPS/scamps_videos/P002355.mat', errno = 2, error message = 'No such file or directory', flags = 0, o_flags = 0)"
SCAMPS,P002356,dataset/SCAMPS/scamps_videos/P002356.mat,,,,30.000000,"FileNotFoundError: [Errno 2] Unable to synchronously open file (unable to open file: name = 'dataset/SCAMPS/scamps_videos/P002356.mat', errno = 2, error message = 'No such file or directory', flags = 0, o_flags = 0)"
SCAMPS,P002357,dataset/SCAMPS/scamps_videos/P002357.mat,,,,30.000000,"FileNotFoundError: [Errno 2] Unable to synchronously open file (unable to open file: name = 'dataset/SCAMPS/scamps_videos/P002357.mat', errno = 2, error message = 'No such file or directory', flags = 0, o_flags = 0)"
SCAMPS,P002358,dataset/SCAMPS/scamps_videos/P002358.mat,,,,30.000000,"FileNotFoundError: [Errno 2] Unable to synchronously open file (unable to open file: name = 'dataset/SCAMPS/scamps_videos/P002358.mat', errno = 2, error message = 'No such file or directory', flags = 0, o_flags = 0)"
SCAMPS,P002359,dataset/SCAMPS/scamps_videos/P002359.mat,,,,30.000000,"FileNotFoundError: [Errno 2] Unable to synchronously open file (unable to open file: name = 'dataset/SCAMPS/scamps_videos/P002359.mat', errno = 2, error message = 'No such file or directory', flags = 0, o_flags = 0)"
SCAMPS,P002360,dataset/SCAMPS/scamps_videos/P002360.mat,,,,30.000000,"FileNotFoundError: [Errno 2] Unable to synchronously open file (unable to open file: name = 'dataset/SCAMPS/scamps_videos/P002360.mat', errno = 2, error message = 'No such file or directory', flags = 0, o_flags = 0)"
SCAMPS,P002361,dataset/SCAMPS/scamps_videos/P002361.mat,,,,30.000000,"FileNotFoundError: [Errno 2] Unable to synchronously open file (unable to open file: name = 'dataset/SCAMPS/scamps_videos/P002361.mat', errno = 2, error message = 'No such file or directory', flags = 0, o_flags = 0)"
SCAMPS,P002362,dataset/SCAMPS/scamps_videos/P002362.mat,,,,30.000000,"FileNotFoundError: [Errno 2] Unable to synchronously open file (unable to open file: name = 'dataset/SCAMPS/scamps_videos/P002362.mat', errno = 2, error message = 'No such file or directory', flags = 0, o_flags = 0)"
SCAMPS,P002363,dataset/SCAMPS/scamps_videos/P002363.mat,,,,30.000000,"FileNotFoundError: [Errno 2] Unable to synchronously open file (unable to open file: name = 'dataset/SCAMPS/scamps_videos/P002363.mat', errno = 2, error message = 'No such file or directory', flags = 0, o_flags = 0)"
SCAMPS,P002364,dataset/SCAMPS/scamps_videos/P002364.mat,,,,30.000000,"FileNotFoundError: [Errno 2] Unable to synchronously open file (unable to open file: name = 'dataset/SCAMPS/scamps_videos/P002364.mat', errno = 2, error message = 'No such file or directory', flags = 0, o_flags = 0)"
SCAMPS,P002365,dataset/SCAMPS/scamps_videos/P002365.mat,,,,30.000000,"FileNotFoundError: [Errno 2] Unable to synchronously open file (unable to open file: name = 'dataset/SCAMPS/scamps_videos/P002365.mat', errno = 2, error message = 'No such file or directory', flags = 0, o_flags = 0)"
SCAMPS,P002366,dataset/SCAMPS/scamps_videos/P002366.mat,,,,30.000000,"FileNotFoundError: [Errno 2] Unable to synchronously open file (unable to open file: name = 'dataset/SCAMPS/scamps_videos/P002366.mat', errno = 2, error message = 'No such file or directory', flags = 0, o_flags = 0)"
SCAMPS,P002367,dataset/SCAMPS/scamps_videos/P002367.mat,,,,30.000000,"FileNotFoundError: [Errno 2] Unable to synchronously open file (unable to open file: name = 'dataset/SCAMPS/scamps_videos/P002367.mat', errno = 2, error message = 'No such file or directory', flags = 0, o_flags = 0)"
SCAMPS,P002368,dataset/SCAMPS/scamps_videos/P002368.mat,,,,30.000000,"FileNotFoundError: [Errno 2] Unable to synchronously open file (unable to open file: name = 'dataset/SCAMPS/scamps_videos/P002368.mat', errno = 2, error message = 'No such file or directory', flags = 0, o_flags = 0)"
SCAMPS,P002369,dataset/SCAMPS/scamps_videos/P002369.mat,,,,30.000000,"FileNotFoundError: [Errno 2] Unable to synchronously open file (unable to open file: name = 'dataset/SCAMPS/scamps_videos/P002369.mat', errno = 2, error message = 'No such file or directory', flags = 0, o_flags = 0)"
SCAMPS,P002370,dataset/SCAMPS/scamps_videos/P002370.mat,,,,30.000000,"FileNotFoundError: [Errno 2] Unable to synchronously open file (unable to open file: name = 'dataset/SCAMPS/scamps_videos/P002370.mat', errno = 2, error message = 'No such file or directory', flags = 0, o_flags = 0)"
SCAMPS,P002371,dataset/SCAMPS/scamps_videos/P002371.mat,,,,30.000000,"FileNotFoundError: [Errno 2] Unable to synchronously open file (unable to open file: name = 'dataset/SCAMPS/scamps_videos/P002371.mat', errno = 2, error message = 'No such file or directory', flags = 0, o_flags = 0)"
SCAMPS,P002372,dataset/SCAMPS/scamps_videos/P002372.mat,,,,30.000000,"FileNotFoundError: [Errno 2] Unable to synchronously open file (unable to open file: name = 'dataset/SCAMPS/scamps_videos/P002372.mat', errno = 2, error message = 'No such file or directory', flags = 0, o_flags = 0)"
SCAMPS,P002373,dataset/SCAMPS/scamps_videos/P002373.mat,,,,30.000000,"FileNotFoundError: [Errno 2] Unable to synchronously open file (unable to open file: name = 'dataset/SCAMPS/scamps_videos/P002373.mat', errno = 2, error message = 'No such file or directory', flags = 0, o_flags = 0)"
SCAMPS,P002374,dataset/SCAMPS/scamps_videos/P002374.mat,,,,30.000000,"FileNotFoundError: [Errno 2] Unable to synchronously open file (unable to open file: name = 'dataset/SCAMPS/scamps_videos/P002374.mat', errno = 2, error message = 'No such file or directory', flags = 0, o_flags = 0)"
SCAMPS,P002375,dataset/SCAMPS/scamps_videos/P002375.mat,,,,30.000000,"FileNotFoundError: [Errno 2] Unable to synchronously open file (unable to open file: name = 'dataset/SCAMPS/scamps_videos/P002375.mat', errno = 2, error message = 'No such file or directory', flags = 0, o_flags = 0)"
SCAMPS,P002376,dataset/SCAMPS/scamps_videos/P002376.mat,,,,30.000000,"FileNotFoundError: [Errno 2] Unable to synchronously open file (unable to open file: name = 'dataset/SCAMPS/scamps_videos/P002376.mat', errno = 2, error message = 'No such file or directory', flags = 0, o_flags = 0)"
SCAMPS,P002377,dataset/SCAMPS/scamps_videos/P002377.mat,,,,30.000000,"FileNotFoundError: [Errno 2] Unable to synchronously open file (unable to open file: name = 'dataset/SCAMPS/scamps_videos/P002377.mat', errno = 2, error message = 'No such file or directory', flags = 0, o_flags = 0)"
SCAMPS,P002378,dataset/SCAMPS/scamps_videos/P002378.mat,,,,30.000000,"FileNotFoundError: [Errno 2] Unable to synchronously open file (unable to open file: name = 'dataset/SCAMPS/scamps_videos/P002378.mat', errno = 2, error message = 'No such file or directory', flags = 0, o_flags = 0)"
SCAMPS,P002379,dataset/SCAMPS/scamps_videos/P002379.mat,,,,30.000000,"FileNotFoundError: [Errno 2] Unable to synchronously open file (unable to open file: name = 'dataset/SCAMPS/scamps_videos/P002379.mat', errno = 2, error message = 'No such file or directory', flags = 0, o_flags = 0)"
SCAMPS,P002380,dataset/SCAMPS/scamps_videos/P002380.mat,,,,30.000000,"FileNotFoundError: [Errno 2] Unable to synchronously open file (unable to open file: name = 'dataset/SCAMPS/scamps_videos/P002380.mat', errno = 2, error message = 'No such file or directory', flags = 0, o_flags = 0)"
SCAMPS,P002381,dataset/SCAMPS/scamps_videos/P002381.mat,,,,30.000000,"FileNotFoundError: [Errno 2] Unable to synchronously open file (unable to open file: name = 'dataset/SCAMPS/scamps_videos/P002381.mat', errno = 2, error message = 'No such file or directory', flags = 0, o_flags = 0)"
SCAMPS,P002382,dataset/SCAMPS/scamps_videos/P002382.mat,,,,30.000000,"FileNotFoundError: [Errno 2] Unable to synchronously open file (unable to open file: name = 'dataset/SCAMPS/scamps_videos/P002382.mat', errno = 2, error message = 'No such file or directory', flags = 0, o_flags = 0)"
SCAMPS,P002383,dataset/SCAMPS/scamps_videos/P002383.mat,,,,30.000000,"FileNotFoundError: [Errno 2] Unable to synchronously open file (unable to open file: name = 'dataset/SCAMPS/scamps_videos/P002383.mat', errno = 2, error message = 'No such file or directory', flags = 0, o_flags = 0)"
SCAMPS,P002384,dataset/SCAMPS/scamps_videos/P002384.mat,,,,30.000000,"FileNotFoundError: [Errno 2] Unable to synchronously open file (unable to open file: name = 'dataset/SCAMPS/scamps_videos/P002384.mat', errno = 2, error message = 'No such file or directory', flags = 0, o_flags = 0)"
SCAMPS,P002385,dataset/SCAMPS/scamps_videos/P002385.mat,,,,30.000000,"FileNotFoundError: [Errno 2] Unable to synchronously open file (unable to open file: name = 'dataset/SCAMPS/scamps_videos/P002385.mat', errno = 2, error message = 'No such file or directory', flags = 0, o_flags = 0)"
SCAMPS,P002386,dataset/SCAMPS/scamps_videos/P002386.mat,,,,30.000000,"FileNotFoundError: [Errno 2] Unable to synchronously open file (unable to open file: name = 'dataset/SCAMPS/scamps_videos/P002386.mat', errno = 2, error message = 'No such file or directory', flags = 0, o_flags = 0)"
SCAMPS,P002387,dataset/SCAMPS/scamps_videos/P002387.mat,,,,30.000000,"FileNotFoundError: [Errno 2] Unable to synchronously open file (unable to open file: name = 'dataset/SCAMPS/scamps_videos/P002387.mat', errno = 2, error message = 'No such file or directory', flags = 0, o_flags = 0)"
SCAMPS,P002388,dataset/SCAMPS/scamps_videos/P002388.mat,,,,30.000000,"FileNotFoundError: [Errno 2] Unable to synchronously open file (unable to open file: name = 'dataset/SCAMPS/scamps_videos/P002388.mat', errno = 2, error message = 'No such file or directory', flags = 0, o_flags = 0)"
SCAMPS,P002389,dataset/SCAMPS/scamps_videos/P002389.mat,,,,30.000000,"FileNotFoundError: [Errno 2] Unable to synchronously open file (unable to open file: name = 'dataset/SCAMPS/scamps_videos/P002389.mat', errno = 2, error message = 'No such file or directory', flags = 0, o_flags = 0)"
SCAMPS,P002390,dataset/SCAMPS/scamps_videos/P002390.mat,,,,30.000000,"FileNotFoundError: [Errno 2] Unable to synchronously open file (unable to open file: name = 'dataset/SCAMPS/scamps_videos/P002390.mat', errno = 2, error message = 'No such file or directory', flags = 0, o_flags = 0)"
SCAMPS,P002391,dataset/SCAMPS/scamps_videos/P002391.mat,,,,30.000000,"FileNotFoundError: [Errno 2] Unable to synchronously open file (unable to open file: name = 'dataset/SCAMPS/scamps_videos/P002391.mat', errno = 2, error message = 'No such file or directory', flags = 0, o_flags = 0)"
SCAMPS,P002392,dataset/SCAMPS/scamps_videos/P002392.mat,,,,30.000000,"FileNotFoundError: [Errno 2] Unable to synchronously open file (unable to open file: name = 'dataset/SCAMPS/scamps_videos/P002392.mat', errno = 2, error message = 'No such file or directory', flags = 0, o_flags = 0)"
SCAMPS,P002393,dataset/SCAMPS/scamps_videos/P002393.mat,,,,30.000000,"FileNotFoundError: [Errno 2] Unable to synchronously open file (unable to open file: name = 'dataset/SCAMPS/scamps_videos/P002393.mat', errno = 2, error message = 'No such file or directory', flags = 0, o_flags = 0)"
SCAMPS,P002394,dataset/SCAMPS/scamps_videos/P002394.mat,,,,30.000000,"FileNotFoundError: [Errno 2] Unable to synchronously open file (unable to open file: name = 'dataset/SCAMPS/scamps_videos/P002394.mat', errno = 2, error message = 'No such file or directory', flags = 0, o_flags = 0)"
SCAMPS,P002395,dataset/SCAMPS/scamps_videos/P002395.mat,,,,30.000000,"FileNotFoundError: [Errno 2] Unable to synchronously open file (unable to open file: name = 'dataset/SCAMPS/scamps_videos/P002395.mat', errno = 2, error message = 'No such file or directory', flags = 0, o_flags = 0)"
SCAMPS,P002396,dataset/SCAMPS/scamps_videos/P002396.mat,,,,30.000000,"FileNotFoundError: [Errno 2] Unable to synchronously open file (unable to open file: name = 'dataset/SCAMPS/scamps_videos/P002396.mat', errno = 2, error message = 'No such file or directory', flags = 0, o_flags = 0)"
SCAMPS,P002397,dataset/SCAMPS/scamps_videos/P002397.mat,,,,30.000000,"FileNotFoundError: [Errno 2] Unable to synchronously open file (unable to open file: name = 'dataset/SCAMPS/scamps_videos/P002397.mat', errno = 2, error message = 'No such file or directory', flags = 0, o_flags = 0)"
SCAMPS,P002398,dataset/SCAMPS/scamps_videos/P002398.mat,,,,30.000000,"FileNotFoundError: [Errno 2] Unable to synchronously open file (unable to open file: name = 'dataset/SCAMPS/scamps_videos/P002398.mat', errno = 2, error message = 'No such file or directory', flags = 0, o_flags = 0)"
SCAMPS,P002399,dataset/SCAMPS/scamps_videos/P002399.mat,,,,30.000000,"FileNotFoundError: [Errno 2] Unable to synchronously open file (unable to open file: name = 'dataset/SCAMPS/scamps_videos/P002399.mat', errno = 2, error message = 'No such file or directory', flags = 0, o_flags = 0)"
SCAMPS,P002400,dataset/SCAMPS/scamps_videos/P002400.mat,,,,30.000000,"FileNotFoundError: [Errno 2] Unable to synchronously open file (unable to open file: name = 'dataset/SCAMPS/scamps_videos/P002400.mat', errno = 2, error message = 'No such file or directory', flags = 0, o_flags = 0)"
SCAMPS,P002401,dataset/SCAMPS/scamps_videos/P002401.mat,,,,30.000000,"FileNotFoundError: [Errno 2] Unable to synchronously open file (unable to open file: name = 'dataset/SCAMPS/scamps_videos/P002401.mat', errno = 2, error message = 'No such file or directory', flags = 0, o_flags = 0)"
SCAMPS,P002402,dataset/SCAMPS/scamps_videos/P002402.mat,,,,30.000000,"FileNotFoundError: [Errno 2] Unable to synchronously open file (unable to open file: name = 'dataset/SCAMPS/scamps_videos/P002402.mat', errno = 2, error message = 'No such file or directory', flags = 0, o_flags = 0)"
SCAMPS,P002403,dataset/SCAMPS/scamps_videos/P002403.mat,,,,30.000000,"FileNotFoundError: [Errno 2] Unable to synchronously open file (unable to open file: name = 'dataset/SCAMPS/scamps_videos/P002403.mat', errno = 2, error message = 'No such file or directory', flags = 0, o_flags = 0)"
SCAMPS,P002404,dataset/SCAMPS/scamps_videos/P002404.mat,,,,30.000000,"FileNotFoundError: [Errno 2] Unable to synchronously open file (unable to open file: name = 'dataset/SCAMPS/scamps_videos/P002404.mat', errno = 2, error message = 'No such file or directory', flags = 0, o_flags = 0)"
SCAMPS,P002405,dataset/SCAMPS/scamps_videos/P002405.mat,,,,30.000000,"FileNotFoundError: [Errno 2] Unable to synchronously open file (unable to open file: name = 'dataset/SCAMPS/scamps_videos/P002405.mat', errno = 2, error message = 'No such file or directory', flags = 0, o_flags = 0)"
SCAMPS,P002406,dataset/SCAMPS/scamps_videos/P002406.mat,,,,30.000000,"FileNotFoundError: [Errno 2] Unable to synchronously open file (unable to open file: name = 'dataset/SCAMPS/scamps_videos/P002406.mat', errno = 2, error message = 'No such file or directory', flags = 0, o_flags = 0)"
SCAMPS,P002407,dataset/SCAMPS/scamps_videos/P002407.mat,,,,30.000000,"FileNotFoundError: [Errno 2] Unable to synchronously open file (unable to open file: name = 'dataset/SCAMPS/scamps_videos/P002407.mat', errno = 2, error message = 'No such file or directory', flags = 0, o_flags = 0)"
SCAMPS,P002408,dataset/SCAMPS/scamps_videos/P002408.mat,,,,30.000000,"FileNotFoundError: [Errno 2] Unable to synchronously open file (unable to open file: name = 'dataset/SCAMPS/scamps_videos/P002408.mat', errno = 2, error message = 'No such file or directory', flags = 0, o_flags = 0)"
SCAMPS,P002409,dataset/SCAMPS/scamps_videos/P002409.mat,,,,30.000000,"FileNotFoundError: [Errno 2] Unable to synchronously open file (unable to open file: name = 'dataset/SCAMPS/scamps_videos/P002409.mat', errno = 2, error message = 'No such file or directory', flags = 0, o_flags = 0)"
SCAMPS,P002410,dataset/SCAMPS/scamps_videos/P002410.mat,,,,30.000000,"FileNotFoundError: [Errno 2] Unable to synchronously open file (unable to open file: name = 'dataset/SCAMPS/scamps_videos/P002410.mat', errno = 2, error message = 'No such file or directory', flags = 0, o_flags = 0)"
SCAMPS,P002411,dataset/SCAMPS/scamps_videos/P002411.mat,,,,30.000000,"FileNotFoundError: [Errno 2] Unable to synchronously open file (unable to open file: name = 'dataset/SCAMPS/scamps_videos/P002411.mat', errno = 2, error message = 'No such file or directory', flags = 0, o_flags = 0)"
SCAMPS,P002412,dataset/SCAMPS/scamps_videos/P002412.mat,,,,30.000000,"FileNotFoundError: [Errno 2] Unable to synchronously open file (unable to open file: name = 'dataset/SCAMPS/scamps_videos/P002412.mat', errno = 2, error message = 'No such file or directory', flags = 0, o_flags = 0)"
SCAMPS,P002413,dataset/SCAMPS/scamps_videos/P002413.mat,,,,30.000000,"FileNotFoundError: [Errno 2] Unable to synchronously open file (unable to open file: name = 'dataset/SCAMPS/scamps_videos/P002413.mat', errno = 2, error message = 'No such file or directory', flags = 0, o_flags = 0)"
SCAMPS,P002414,dataset/SCAMPS/scamps_videos/P002414.mat,,,,30.000000,"FileNotFoundError: [Errno 2] Unable to synchronously open file (unable to open file: name = 'dataset/SCAMPS/scamps_videos/P002414.mat', errno = 2, error message = 'No such file or directory', flags = 0, o_flags = 0)"
SCAMPS,P002415,dataset/SCAMPS/scamps_videos/P002415.mat,,,,30.000000,"FileNotFoundError: [Errno 2] Unable to synchronously open file (unable to open file: name = 'dataset/SCAMPS/scamps_videos/P002415.mat', errno = 2, error message = 'No such file or directory', flags = 0, o_flags = 0)"
SCAMPS,P002416,dataset/SCAMPS/scamps_videos/P002416.mat,,,,30.000000,"FileNotFoundError: [Errno 2] Unable to synchronously open file (unable to open file: name = 'dataset/SCAMPS/scamps_videos/P002416.mat', errno = 2, error message = 'No such file or directory', flags = 0, o_flags = 0)"
SCAMPS,P002417,dataset/SCAMPS/scamps_videos/P002417.mat,,,,30.000000,"FileNotFoundError: [Errno 2] Unable to synchronously open file (unable to open file: name = 'dataset/SCAMPS/scamps_videos/P002417.mat', errno = 2, error message = 'No such file or directory', flags = 0, o_flags = 0)"
SCAMPS,P002418,dataset/SCAMPS/scamps_videos/P002418.mat,,,,30.000000,"FileNotFoundError: [Errno 2] Unable to synchronously open file (unable to open file: name = 'dataset/SCAMPS/scamps_videos/P002418.mat', errno = 2, error message = 'No such file or directory', flags = 0, o_flags = 0)"
SCAMPS,P002419,dataset/SCAMPS/scamps_videos/P002419.mat,,,,30.000000,"FileNotFoundError: [Errno 2] Unable to synchronously open file (unable to open file: name = 'dataset/SCAMPS/scamps_videos/P002419.mat', errno = 2, error message = 'No such file or directory', flags = 0, o_flags = 0)"
SCAMPS,P002420,dataset/SCAMPS/scamps_videos/P002420.mat,,,,30.000000,"FileNotFoundError: [Errno 2] Unable to synchronously open file (unable to open file: name = 'dataset/SCAMPS/scamps_videos/P002420.mat', errno = 2, error message = 'No such file or directory', flags = 0, o_flags = 0)"
SCAMPS,P002421,dataset/SCAMPS/scamps_videos/P002421.mat,,,,30.000000,"FileNotFoundError: [Errno 2] Unable to synchronously open file (unable to open file: name = 'dataset/SCAMPS/scamps_videos/P002421.mat', errno = 2, error message = 'No such file or directory', flags = 0, o_flags = 0)"
SCAMPS,P002422,dataset/SCAMPS/scamps_videos/P002422.mat,,,,30.000000,"FileNotFoundError: [Errno 2] Unable to synchronously open file (unable to open file: name = 'dataset/SCAMPS/scamps_videos/P002422.mat', errno = 2, error message = 'No such file or directory', flags = 0, o_flags = 0)"
SCAMPS,P002423,dataset/SCAMPS/scamps_videos/P002423.mat,,,,30.000000,"FileNotFoundError: [Errno 2] Unable to synchronously open file (unable to open file: name = 'dataset/SCAMPS/scamps_videos/P002423.mat', errno = 2, error message = 'No such file or directory', flags = 0, o_flags = 0)"
SCAMPS,P002424,dataset/SCAMPS/scamps_videos/P002424.mat,,,,30.000000,"FileNotFoundError: [Errno 2] Unable to synchronously open file (unable to open file: name = 'dataset/SCAMPS/scamps_videos/P002424.mat', errno = 2, error message = 'No such file or directory', flags = 0, o_flags = 0)"
SCAMPS,P002425,dataset/SCAMPS/scamps_videos/P002425.mat,,,,30.000000,"FileNotFoundError: [Errno 2] Unable to synchronously open file (unable to open file: name = 'dataset/SCAMPS/scamps_videos/P002425.mat', errno = 2, error message = 'No such file or directory', flags = 0, o_flags = 0)"
SCAMPS,P002426,dataset/SCAMPS/scamps_videos/P002426.mat,,,,30.000000,"FileNotFoundError: [Errno 2] Unable to synchronously open file (unable to open file: name = 'dataset/SCAMPS/scamps_videos/P002426.mat', errno = 2, error message = 'No such file or directory', flags = 0, o_flags = 0)"
SCAMPS,P002427,dataset/SCAMPS/scamps_videos/P002427.mat,,,,30.000000,"FileNotFoundError: [Errno 2] Unable to synchronously open file (unable to open file: name = 'dataset/SCAMPS/scamps_videos/P002427.mat', errno = 2, error message = 'No such file or directory', flags = 0, o_flags = 0)"
SCAMPS,P002428,dataset/SCAMPS/scamps_videos/P002428.mat,,,,30.000000,"FileNotFoundError: [Errno 2] Unable to synchronously open file (unable to open file: name = 'dataset/SCAMPS/scamps_videos/P002428.mat', errno = 2, error message = 'No such file or directory', flags = 0, o_flags = 0)"
SCAMPS,P002429,dataset/SCAMPS/scamps_videos/P002429.mat,,,,30.000000,"FileNotFoundError: [Errno 2] Unable to synchronously open file (unable to open file: name = 'dataset/SCAMPS/scamps_videos/P002429.mat', errno = 2, error message = 'No such file or directory', flags = 0, o_flags = 0)"
SCAMPS,P002430,dataset/SCAMPS/scamps_videos/P002430.mat,,,,30.000000,"FileNotFoundError: [Errno 2] Unable to synchronously open file (unable to open file: name = 'dataset/SCAMPS/scamps_videos/P002430.mat', errno = 2, error message = 'No such file or directory', flags = 0, o_flags = 0)"
SCAMPS,P002431,dataset/SCAMPS/scamps_videos/P002431.mat,,,,30.000000,"FileNotFoundError: [Errno 2] Unable to synchronously open file (unable to open file: name = 'dataset/SCAMPS/scamps_videos/P002431.mat', errno = 2, error message = 'No such file or directory', flags = 0, o_flags = 0)"
SCAMPS,P002432,dataset/SCAMPS/scamps_videos/P002432.mat,,,,30.000000,"FileNotFoundError: [Errno 2] Unable to synchronously open file (unable to open file: name = 'dataset/SCAMPS/scamps_videos/P002432.mat', errno = 2, error message = 'No such file or directory', flags = 0, o_flags = 0)"
SCAMPS,P002433,dataset/SCAMPS/scamps_videos/P002433.mat,,,,30.000000,"FileNotFoundError: [Errno 2] Unable to synchronously open file (unable to open file: name = 'dataset/SCAMPS/scamps_videos/P002433.mat', errno = 2, error message = 'No such file or directory', flags = 0, o_flags = 0)"
SCAMPS,P002434,dataset/SCAMPS/scamps_videos/P002434.mat,,,,30.000000,"FileNotFoundError: [Errno 2] Unable to synchronously open file (unable to open file: name = 'dataset/SCAMPS/scamps_videos/P002434.mat', errno = 2, error message = 'No such file or directory', flags = 0, o_flags = 0)"
SCAMPS,P002435,dataset/SCAMPS/scamps_videos/P002435.mat,,,,30.000000,"FileNotFoundError: [Errno 2] Unable to synchronously open file (unable to open file: name = 'dataset/SCAMPS/scamps_videos/P002435.mat', errno = 2, error message = 'No such file or directory', flags = 0, o_flags = 0)"
SCAMPS,P002436,dataset/SCAMPS/scamps_videos/P002436.mat,,,,30.000000,"FileNotFoundError: [Errno 2] Unable to synchronously open file (unable to open file: name = 'dataset/SCAMPS/scamps_videos/P002436.mat', errno = 2, error message = 'No such file or directory', flags = 0, o_flags = 0)"
SCAMPS,P002437,dataset/SCAMPS/scamps_videos/P002437.mat,,,,30.000000,"FileNotFoundError: [Errno 2] Unable to synchronously open file (unable to open file: name = 'dataset/SCAMPS/scamps_videos/P002437.mat', errno = 2, error message = 'No such file or directory', flags = 0, o_flags = 0)"
SCAMPS,P002438,dataset/SCAMPS/scamps_videos/P002438.mat,,,,30.000000,"FileNotFoundError: [Errno 2] Unable to synchronously open file (unable to open file: name = 'dataset/SCAMPS/scamps_videos/P002438.mat', errno = 2, error message = 'No such file or directory', flags = 0, o_flags = 0)"
SCAMPS,P002439,dataset/SCAMPS/scamps_videos/P002439.mat,,,,30.000000,"FileNotFoundError: [Errno 2] Unable to synchronously open file (unable to open file: name = 'dataset/SCAMPS/scamps_videos/P002439.mat', errno = 2, error message = 'No such file or directory', flags = 0, o_flags = 0)"
SCAMPS,P002440,dataset/SCAMPS/scamps_videos/P002440.mat,,,,30.000000,"FileNotFoundError: [Errno 2] Unable to synchronously open file (unable to open file: name = 'dataset/SCAMPS/scamps_videos/P002440.mat', errno = 2, error message = 'No such file or directory', flags = 0, o_flags = 0)"
SCAMPS,P002441,dataset/SCAMPS/scamps_videos/P002441.mat,,,,30.000000,"FileNotFoundError: [Errno 2] Unable to synchronously open file (unable to open file: name = 'dataset/SCAMPS/scamps_videos/P002441.mat', errno = 2, error message = 'No such file or directory', flags = 0, o_flags = 0)"
SCAMPS,P002442,dataset/SCAMPS/scamps_videos/P002442.mat,,,,30.000000,"FileNotFoundError: [Errno 2] Unable to synchronously open file (unable to open file: name = 'dataset/SCAMPS/scamps_videos/P002442.mat', errno = 2, error message = 'No such file or directory', flags = 0, o_flags = 0)"
SCAMPS,P002443,dataset/SCAMPS/scamps_videos/P002443.mat,,,,30.000000,"FileNotFoundError: [Errno 2] Unable to synchronously open file (unable to open file: name = 'dataset/SCAMPS/scamps_videos/P002443.mat', errno = 2, error message = 'No such file or directory', flags = 0, o_flags = 0)"
SCAMPS,P002444,dataset/SCAMPS/scamps_videos/P002444.mat,,,,30.000000,"FileNotFoundError: [Errno 2] Unable to synchronously open file (unable to open file: name = 'dataset/SCAMPS/scamps_videos/P002444.mat', errno = 2, error message = 'No such file or directory', flags = 0, o_flags = 0)"
SCAMPS,P002445,dataset/SCAMPS/scamps_videos/P002445.mat,,,,30.000000,"FileNotFoundError: [Errno 2] Unable to synchronously open file (unable to open file: name = 'dataset/SCAMPS/scamps_videos/P002445.mat', errno = 2, error message = 'No such file or directory', flags = 0, o_flags = 0)"
SCAMPS,P002446,dataset/SCAMPS/scamps_videos/P002446.mat,,,,30.000000,"FileNotFoundError: [Errno 2] Unable to synchronously open file (unable to open file: name = 'dataset/SCAMPS/scamps_videos/P002446.mat', errno = 2, error message = 'No such file or directory', flags = 0, o_flags = 0)"
SCAMPS,P002447,dataset/SCAMPS/scamps_videos/P002447.mat,,,,30.000000,"FileNotFoundError: [Errno 2] Unable to synchronously open file (unable to open file: name = 'dataset/SCAMPS/scamps_videos/P002447.mat', errno = 2, error message = 'No such file or directory', flags = 0, o_flags = 0)"
SCAMPS,P002448,dataset/SCAMPS/scamps_videos/P002448.mat,,,,30.000000,"FileNotFoundError: [Errno 2] Unable to synchronously open file (unable to open file: name = 'dataset/SCAMPS/scamps_videos/P002448.mat', errno = 2, error message = 'No such file or directory', flags = 0, o_flags = 0)"
SCAMPS,P002449,dataset/SCAMPS/scamps_videos/P002449.mat,,,,30.000000,"FileNotFoundError: [Errno 2] Unable to synchronously open file (unable to open file: name = 'dataset/SCAMPS/scamps_videos/P002449.mat', errno = 2, error message = 'No such file or directory', flags = 0, o_flags = 0)"
SCAMPS,P002450,dataset/SCAMPS/scamps_videos/P002450.mat,,,,30.000000,"FileNotFoundError: [Errno 2] Unable to synchronously open file (unable to open file: name = 'dataset/SCAMPS/scamps_videos/P002450.mat', errno = 2, error message = 'No such file or directory', flags = 0, o_flags = 0)"
SCAMPS,P002451,dataset/SCAMPS/scamps_videos/P002451.mat,,,,30.000000,"FileNotFoundError: [Errno 2] Unable to synchronously open file (unable to open file: name = 'dataset/SCAMPS/scamps_videos/P002451.mat', errno = 2, error message = 'No such file or directory', flags = 0, o_flags = 0)"
SCAMPS,P002452,dataset/SCAMPS/scamps_videos/P002452.mat,,,,30.000000,"FileNotFoundError: [Errno 2] Unable to synchronously open file (unable to open file: name = 'dataset/SCAMPS/scamps_videos/P002452.mat', errno = 2, error message = 'No such file or directory', flags = 0, o_flags = 0)"
SCAMPS,P002453,dataset/SCAMPS/scamps_videos/P002453.mat,,,,30.000000,"FileNotFoundError: [Errno 2] Unable to synchronously open file (unable to open file: name = 'dataset/SCAMPS/scamps_videos/P002453.mat', errno = 2, error message = 'No such file or directory', flags = 0, o_flags = 0)"
SCAMPS,P002454,dataset/SCAMPS/scamps_videos/P002454.mat,,,,30.000000,"FileNotFoundError: [Errno 2] Unable to synchronously open file (unable to open file: name = 'dataset/SCAMPS/scamps_videos/P002454.mat', errno = 2, error message = 'No such file or directory', flags = 0, o_flags = 0)"
SCAMPS,P002455,dataset/SCAMPS/scamps_videos/P002455.mat,,,,30.000000,"FileNotFoundError: [Errno 2] Unable to synchronously open file (unable to open file: name = 'dataset/SCAMPS/scamps_videos/P002455.mat', errno = 2, error message = 'No such file or directory', flags = 0, o_flags = 0)"
SCAMPS,P002456,dataset/SCAMPS/scamps_videos/P002456.mat,,,,30.000000,"FileNotFoundError: [Errno 2] Unable to synchronously open file (unable to open file: name = 'dataset/SCAMPS/scamps_videos/P002456.mat', errno = 2, error message = 'No such file or directory', flags = 0, o_flags = 0)"
SCAMPS,P002457,dataset/SCAMPS/scamps_videos/P002457.mat,,,,30.000000,"FileNotFoundError: [Errno 2] Unable to synchronously open file (unable to open file: name = 'dataset/SCAMPS/scamps_videos/P002457.mat', errno = 2, error message = 'No such file or directory', flags = 0, o_flags = 0)"
SCAMPS,P002458,dataset/SCAMPS/scamps_videos/P002458.mat,,,,30.000000,"FileNotFoundError: [Errno 2] Unable to synchronously open file (unable to open file: name = 'dataset/SCAMPS/scamps_videos/P002458.mat', errno = 2, error message = 'No such file or directory', flags = 0, o_flags = 0)"
SCAMPS,P002459,dataset/SCAMPS/scamps_videos/P002459.mat,,,,30.000000,"FileNotFoundError: [Errno 2] Unable to synchronously open file (unable to open file: name = 'dataset/SCAMPS/scamps_videos/P002459.mat', errno = 2, error message = 'No such file or directory', flags = 0, o_flags = 0)"
SCAMPS,P002460,dataset/SCAMPS/scamps_videos/P002460.mat,,,,30.000000,"FileNotFoundError: [Errno 2] Unable to synchronously open file (unable to open file: name = 'dataset/SCAMPS/scamps_videos/P002460.mat', errno = 2, error message = 'No such file or directory', flags = 0, o_flags = 0)"
SCAMPS,P002461,dataset/SCAMPS/scamps_videos/P002461.mat,,,,30.000000,"FileNotFoundError: [Errno 2] Unable to synchronously open file (unable to open file: name = 'dataset/SCAMPS/scamps_videos/P002461.mat', errno = 2, error message = 'No such file or directory', flags = 0, o_flags = 0)"
SCAMPS,P002462,dataset/SCAMPS/scamps_videos/P002462.mat,,,,30.000000,"FileNotFoundError: [Errno 2] Unable to synchronously open file (unable to open file: name = 'dataset/SCAMPS/scamps_videos/P002462.mat', errno = 2, error message = 'No such file or directory', flags = 0, o_flags = 0)"
SCAMPS,P002463,dataset/SCAMPS/scamps_videos/P002463.mat,,,,30.000000,"FileNotFoundError: [Errno 2] Unable to synchronously open file (unable to open file: name = 'dataset/SCAMPS/scamps_videos/P002463.mat', errno = 2, error message = 'No such file or directory', flags = 0, o_flags = 0)"
SCAMPS,P002464,dataset/SCAMPS/scamps_videos/P002464.mat,,,,30.000000,"FileNotFoundError: [Errno 2] Unable to synchronously open file (unable to open file: name = 'dataset/SCAMPS/scamps_videos/P002464.mat', errno = 2, error message = 'No such file or directory', flags = 0, o_flags = 0)"
SCAMPS,P002465,dataset/SCAMPS/scamps_videos/P002465.mat,,,,30.000000,"FileNotFoundError: [Errno 2] Unable to synchronously open file (unable to open file: name = 'dataset/SCAMPS/scamps_videos/P002465.mat', errno = 2, error message = 'No such file or directory', flags = 0, o_flags = 0)"
SCAMPS,P002466,dataset/SCAMPS/scamps_videos/P002466.mat,,,,30.000000,"FileNotFoundError: [Errno 2] Unable to synchronously open file (unable to open file: name = 'dataset/SCAMPS/scamps_videos/P002466.mat', errno = 2, error message = 'No such file or directory', flags = 0, o_flags = 0)"
SCAMPS,P002467,dataset/SCAMPS/scamps_videos/P002467.mat,,,,30.000000,"FileNotFoundError: [Errno 2] Unable to synchronously open file (unable to open file: name = 'dataset/SCAMPS/scamps_videos/P002467.mat', errno = 2, error message = 'No such file or directory', flags = 0, o_flags = 0)"
SCAMPS,P002468,dataset/SCAMPS/scamps_videos/P002468.mat,,,,30.000000,"FileNotFoundError: [Errno 2] Unable to synchronously open file (unable to open file: name = 'dataset/SCAMPS/scamps_videos/P002468.mat', errno = 2, error message = 'No such file or directory', flags = 0, o_flags = 0)"
SCAMPS,P002469,dataset/SCAMPS/scamps_videos/P002469.mat,,,,30.000000,"FileNotFoundError: [Errno 2] Unable to synchronously open file (unable to open file: name = 'dataset/SCAMPS/scamps_videos/P002469.mat', errno = 2, error message = 'No such file or directory', flags = 0, o_flags = 0)"
SCAMPS,P002470,dataset/SCAMPS/scamps_videos/P002470.mat,,,,30.000000,"FileNotFoundError: [Errno 2] Unable to synchronously open file (unable to open file: name = 'dataset/SCAMPS/scamps_videos/P002470.mat', errno = 2, error message = 'No such file or directory', flags = 0, o_flags = 0)"
SCAMPS,P002471,dataset/SCAMPS/scamps_videos/P002471.mat,,,,30.000000,"FileNotFoundError: [Errno 2] Unable to synchronously open file (unable to open file: name = 'dataset/SCAMPS/scamps_videos/P002471.mat', errno = 2, error message = 'No such file or directory', flags = 0, o_flags = 0)"
SCAMPS,P002472,dataset/SCAMPS/scamps_videos/P002472.mat,,,,30.000000,"FileNotFoundError: [Errno 2] Unable to synchronously open file (unable to open file: name = 'dataset/SCAMPS/scamps_videos/P002472.mat', errno = 2, error message = 'No such file or directory', flags = 0, o_flags = 0)"
SCAMPS,P002473,dataset/SCAMPS/scamps_videos/P002473.mat,,,,30.000000,"FileNotFoundError: [Errno 2] Unable to synchronously open file (unable to open file: name = 'dataset/SCAMPS/scamps_videos/P002473.mat', errno = 2, error message = 'No such file or directory', flags = 0, o_flags = 0)"
SCAMPS,P002474,dataset/SCAMPS/scamps_videos/P002474.mat,,,,30.000000,"FileNotFoundError: [Errno 2] Unable to synchronously open file (unable to open file: name = 'dataset/SCAMPS/scamps_videos/P002474.mat', errno = 2, error message = 'No such file or directory', flags = 0, o_flags = 0)"
SCAMPS,P002475,dataset/SCAMPS/scamps_videos/P002475.mat,,,,30.000000,"FileNotFoundError: [Errno 2] Unable to synchronously open file (unable to open file: name = 'dataset/SCAMPS/scamps_videos/P002475.mat', errno = 2, error message = 'No such file or directory', flags = 0, o_flags = 0)"
SCAMPS,P002476,dataset/SCAMPS/scamps_videos/P002476.mat,,,,30.000000,"FileNotFoundError: [Errno 2] Unable to synchronously open file (unable to open file: name = 'dataset/SCAMPS/scamps_videos/P002476.mat', errno = 2, error message = 'No such file or directory', flags = 0, o_flags = 0)"
SCAMPS,P002477,dataset/SCAMPS/scamps_videos/P002477.mat,,,,30.000000,"FileNotFoundError: [Errno 2] Unable to synchronously open file (unable to open file: name = 'dataset/SCAMPS/scamps_videos/P002477.mat', errno = 2, error message = 'No such file or directory', flags = 0, o_flags = 0)"
SCAMPS,P002478,dataset/SCAMPS/scamps_videos/P002478.mat,,,,30.000000,"FileNotFoundError: [Errno 2] Unable to synchronously open file (unable to open file: name = 'dataset/SCAMPS/scamps_videos/P002478.mat', errno = 2, error message = 'No such file or directory', flags = 0, o_flags = 0)"
SCAMPS,P002479,dataset/SCAMPS/scamps_videos/P002479.mat,,,,30.000000,"FileNotFoundError: [Errno 2] Unable to synchronously open file (unable to open file: name = 'dataset/SCAMPS/scamps_videos/P002479.mat', errno = 2, error message = 'No such file or directory', flags = 0, o_flags = 0)"
SCAMPS,P002480,dataset/SCAMPS/scamps_videos/P002480.mat,,,,30.000000,"FileNotFoundError: [Errno 2] Unable to synchronously open file (unable to open file: name = 'dataset/SCAMPS/scamps_videos/P002480.mat', errno = 2, error message = 'No such file or directory', flags = 0, o_flags = 0)"
SCAMPS,P002481,dataset/SCAMPS/scamps_videos/P002481.mat,,,,30.000000,"FileNotFoundError: [Errno 2] Unable to synchronously open file (unable to open file: name = 'dataset/SCAMPS/scamps_videos/P002481.mat', errno = 2, error message = 'No such file or directory', flags = 0, o_flags = 0)"
SCAMPS,P002482,dataset/SCAMPS/scamps_videos/P002482.mat,,,,30.000000,"FileNotFoundError: [Errno 2] Unable to synchronously open file (unable to open file: name = 'dataset/SCAMPS/scamps_videos/P002482.mat', errno = 2, error message = 'No such file or directory', flags = 0, o_flags = 0)"
SCAMPS,P002483,dataset/SCAMPS/scamps_videos/P002483.mat,,,,30.000000,"FileNotFoundError: [Errno 2] Unable to synchronously open file (unable to open file: name = 'dataset/SCAMPS/scamps_videos/P002483.mat', errno = 2, error message = 'No such file or directory', flags = 0, o_flags = 0)"
SCAMPS,P002484,dataset/SCAMPS/scamps_videos/P002484.mat,,,,30.000000,"FileNotFoundError: [Errno 2] Unable to synchronously open file (unable to open file: name = 'dataset/SCAMPS/scamps_videos/P002484.mat', errno = 2, error message = 'No such file or directory', flags = 0, o_flags = 0)"
SCAMPS,P002485,dataset/SCAMPS/scamps_videos/P002485.mat,,,,30.000000,"FileNotFoundError: [Errno 2] Unable to synchronously open file (unable to open file: name = 'dataset/SCAMPS/scamps_videos/P002485.mat', errno = 2, error message = 'No such file or directory', flags = 0, o_flags = 0)"
SCAMPS,P002486,dataset/SCAMPS/scamps_videos/P002486.mat,,,,30.000000,"FileNotFoundError: [Errno 2] Unable to synchronously open file (unable to open file: name = 'dataset/SCAMPS/scamps_videos/P002486.mat', errno = 2, error message = 'No such file or directory', flags = 0, o_flags = 0)"
SCAMPS,P002487,dataset/SCAMPS/scamps_videos/P002487.mat,,,,30.000000,"FileNotFoundError: [Errno 2] Unable to synchronously open file (unable to open file: name = 'dataset/SCAMPS/scamps_videos/P002487.mat', errno = 2, error message = 'No such file or directory', flags = 0, o_flags = 0)"
SCAMPS,P002488,dataset/SCAMPS/scamps_videos/P002488.mat,,,,30.000000,"FileNotFoundError: [Errno 2] Unable to synchronously open file (unable to open file: name = 'dataset/SCAMPS/scamps_videos/P002488.mat', errno = 2, error message = 'No such file or directory', flags = 0, o_flags = 0)"
SCAMPS,P002489,dataset/SCAMPS/scamps_videos/P002489.mat,,,,30.000000,"FileNotFoundError: [Errno 2] Unable to synchronously open file (unable to open file: name = 'dataset/SCAMPS/scamps_videos/P002489.mat', errno = 2, error message = 'No such file or directory', flags = 0, o_flags = 0)"
SCAMPS,P002490,dataset/SCAMPS/scamps_videos/P002490.mat,,,,30.000000,"FileNotFoundError: [Errno 2] Unable to synchronously open file (unable to open file: name = 'dataset/SCAMPS/scamps_videos/P002490.mat', errno = 2, error message = 'No such file or directory', flags = 0, o_flags = 0)"
SCAMPS,P002491,dataset/SCAMPS/scamps_videos/P002491.mat,,,,30.000000,"FileNotFoundError: [Errno 2] Unable to synchronously open file (unable to open file: name = 'dataset/SCAMPS/scamps_videos/P002491.mat', errno = 2, error message = 'No such file or directory', flags = 0, o_flags = 0)"
SCAMPS,P002492,dataset/SCAMPS/scamps_videos/P002492.mat,,,,30.000000,"FileNotFoundError: [Errno 2] Unable to synchronously open file (unable to open file: name = 'dataset/SCAMPS/scamps_videos/P002492.mat', errno = 2, error message = 'No such file or directory', flags = 0, o_flags = 0)"
SCAMPS,P002493,dataset/SCAMPS/scamps_videos/P002493.mat,,,,30.000000,"FileNotFoundError: [Errno 2] Unable to synchronously open file (unable to open file: name = 'dataset/SCAMPS/scamps_videos/P002493.mat', errno = 2, error message = 'No such file or directory', flags = 0, o_flags = 0)"
SCAMPS,P002494,dataset/SCAMPS/scamps_videos/P002494.mat,,,,30.000000,"FileNotFoundError: [Errno 2] Unable to synchronously open file (unable to open file: name = 'dataset/SCAMPS/scamps_videos/P002494.mat', errno = 2, error message = 'No such file or directory', flags = 0, o_flags = 0)"
SCAMPS,P002495,dataset/SCAMPS/scamps_videos/P002495.mat,,,,30.000000,"FileNotFoundError: [Errno 2] Unable to synchronously open file (unable to open file: name = 'dataset/SCAMPS/scamps_videos/P002495.mat', errno = 2, error message = 'No such file or directory', flags = 0, o_flags = 0)"
SCAMPS,P002496,dataset/SCAMPS/scamps_videos/P002496.mat,,,,30.000000,"FileNotFoundError: [Errno 2] Unable to synchronously open file (unable to open file: name = 'dataset/SCAMPS/scamps_videos/P002496.mat', errno = 2, error message = 'No such file or directory', flags = 0, o_flags = 0)"
SCAMPS,P002497,dataset/SCAMPS/scamps_videos/P002497.mat,,,,30.000000,"FileNotFoundError: [Errno 2] Unable to synchronously open file (unable to open file: name = 'dataset/SCAMPS/scamps_videos/P002497.mat', errno = 2, error message = 'No such file or directory', flags = 0, o_flags = 0)"
SCAMPS,P002498,dataset/SCAMPS/scamps_videos/P002498.mat,,,,30.000000,"FileNotFoundError: [Errno 2] Unable to synchronously open file (unable to open file: name = 'dataset/SCAMPS/scamps_videos/P002498.mat', errno = 2, error message = 'No such file or directory', flags = 0, o_flags = 0)"
SCAMPS,P002499,dataset/SCAMPS/scamps_videos/P002499.mat,,,,30.000000,"FileNotFoundError: [Errno 2] Unable to synchronously open file (unable to open file: name = 'dataset/SCAMPS/scamps_videos/P002499.mat', errno = 2, error message = 'No such file or directory', flags = 0, o_flags = 0)"
SCAMPS,P002500,dataset/SCAMPS/scamps_videos/P002500.mat,,,,30.000000,"FileNotFoundError: [Errno 2] Unable to synchronously open file (unable to open file: name = 'dataset/SCAMPS/scamps_videos/P002500.mat', errno = 2, error message = 'No such file or directory', flags = 0, o_flags = 0)"
SCAMPS,P002501,dataset/SCAMPS/scamps_videos/P002501.mat,,,,30.000000,"FileNotFoundError: [Errno 2] Unable to synchronously open file (unable to open file: name = 'dataset/SCAMPS/scamps_videos/P002501.mat', errno = 2, error message = 'No such file or directory', flags = 0, o_flags = 0)"
SCAMPS,P002502,dataset/SCAMPS/scamps_videos/P002502.mat,,,,30.000000,"FileNotFoundError: [Errno 2] Unable to synchronously open file (unable to open file: name = 'dataset/SCAMPS/scamps_videos/P002502.mat', errno = 2, error message = 'No such file or directory', flags = 0, o_flags = 0)"
SCAMPS,P002503,dataset/SCAMPS/scamps_videos/P002503.mat,,,,30.000000,"FileNotFoundError: [Errno 2] Unable to synchronously open file (unable to open file: name = 'dataset/SCAMPS/scamps_videos/P002503.mat', errno = 2, error message = 'No such file or directory', flags = 0, o_flags = 0)"
SCAMPS,P002504,dataset/SCAMPS/scamps_videos/P002504.mat,,,,30.000000,"FileNotFoundError: [Errno 2] Unable to synchronously open file (unable to open file: name = 'dataset/SCAMPS/scamps_videos/P002504.mat', errno = 2, error message = 'No such file or directory', flags = 0, o_flags = 0)"
SCAMPS,P002505,dataset/SCAMPS/scamps_videos/P002505.mat,,,,30.000000,"FileNotFoundError: [Errno 2] Unable to synchronously open file (unable to open file: name = 'dataset/SCAMPS/scamps_videos/P002505.mat', errno = 2, error message = 'No such file or directory', flags = 0, o_flags = 0)"
SCAMPS,P002506,dataset/SCAMPS/scamps_videos/P002506.mat,,,,30.000000,"FileNotFoundError: [Errno 2] Unable to synchronously open file (unable to open file: name = 'dataset/SCAMPS/scamps_videos/P002506.mat', errno = 2, error message = 'No such file or directory', flags = 0, o_flags = 0)"
SCAMPS,P002507,dataset/SCAMPS/scamps_videos/P002507.mat,,,,30.000000,"FileNotFoundError: [Errno 2] Unable to synchronously open file (unable to open file: name = 'dataset/SCAMPS/scamps_videos/P002507.mat', errno = 2, error message = 'No such file or directory', flags = 0, o_flags = 0)"
SCAMPS,P002508,dataset/SCAMPS/scamps_videos/P002508.mat,,,,30.000000,"FileNotFoundError: [Errno 2] Unable to synchronously open file (unable to open file: name = 'dataset/SCAMPS/scamps_videos/P002508.mat', errno = 2, error message = 'No such file or directory', flags = 0, o_flags = 0)"
SCAMPS,P002509,dataset/SCAMPS/scamps_videos/P002509.mat,,,,30.000000,"FileNotFoundError: [Errno 2] Unable to synchronously open file (unable to open file: name = 'dataset/SCAMPS/scamps_videos/P002509.mat', errno = 2, error message = 'No such file or directory', flags = 0, o_flags = 0)"
SCAMPS,P002510,dataset/SCAMPS/scamps_videos/P002510.mat,,,,30.000000,"FileNotFoundError: [Errno 2] Unable to synchronously open file (unable to open file: name = 'dataset/SCAMPS/scamps_videos/P002510.mat', errno = 2, error message = 'No such file or directory', flags = 0, o_flags = 0)"
SCAMPS,P002511,dataset/SCAMPS/scamps_videos/P002511.mat,,,,30.000000,"FileNotFoundError: [Errno 2] Unable to synchronously open file (unable to open file: name = 'dataset/SCAMPS/scamps_videos/P002511.mat', errno = 2, error message = 'No such file or directory', flags = 0, o_flags = 0)"
SCAMPS,P002512,dataset/SCAMPS/scamps_videos/P002512.mat,,,,30.000000,"FileNotFoundError: [Errno 2] Unable to synchronously open file (unable to open file: name = 'dataset/SCAMPS/scamps_videos/P002512.mat', errno = 2, error message = 'No such file or directory', flags = 0, o_flags = 0)"
SCAMPS,P002513,dataset/SCAMPS/scamps_videos/P002513.mat,,,,30.000000,"FileNotFoundError: [Errno 2] Unable to synchronously open file (unable to open file: name = 'dataset/SCAMPS/scamps_videos/P002513.mat', errno = 2, error message = 'No such file or directory', flags = 0, o_flags = 0)"
SCAMPS,P002514,dataset/SCAMPS/scamps_videos/P002514.mat,,,,30.000000,"FileNotFoundError: [Errno 2] Unable to synchronously open file (unable to open file: name = 'dataset/SCAMPS/scamps_videos/P002514.mat', errno = 2, error message = 'No such file or directory', flags = 0, o_flags = 0)"
SCAMPS,P002515,dataset/SCAMPS/scamps_videos/P002515.mat,,,,30.000000,"FileNotFoundError: [Errno 2] Unable to synchronously open file (unable to open file: name = 'dataset/SCAMPS/scamps_videos/P002515.mat', errno = 2, error message = 'No such file or directory', flags = 0, o_flags = 0)"
SCAMPS,P002516,dataset/SCAMPS/scamps_videos/P002516.mat,,,,30.000000,"FileNotFoundError: [Errno 2] Unable to synchronously open file (unable to open file: name = 'dataset/SCAMPS/scamps_videos/P002516.mat', errno = 2, error message = 'No such file or directory', flags = 0, o_flags = 0)"
SCAMPS,P002517,dataset/SCAMPS/scamps_videos/P002517.mat,,,,30.000000,"FileNotFoundError: [Errno 2] Unable to synchronously open file (unable to open file: name = 'dataset/SCAMPS/scamps_videos/P002517.mat', errno = 2, error message = 'No such file or directory', flags = 0, o_flags = 0)"
SCAMPS,P002518,dataset/SCAMPS/scamps_videos/P002518.mat,,,,30.000000,"FileNotFoundError: [Errno 2] Unable to synchronously open file (unable to open file: name = 'dataset/SCAMPS/scamps_videos/P002518.mat', errno = 2, error message = 'No such file or directory', flags = 0, o_flags = 0)"
SCAMPS,P002519,dataset/SCAMPS/scamps_videos/P002519.mat,,,,30.000000,"FileNotFoundError: [Errno 2] Unable to synchronously open file (unable to open file: name = 'dataset/SCAMPS/scamps_videos/P002519.mat', errno = 2, error message = 'No such file or directory', flags = 0, o_flags = 0)"
SCAMPS,P002520,dataset/SCAMPS/scamps_videos/P002520.mat,,,,30.000000,"FileNotFoundError: [Errno 2] Unable to synchronously open file (unable to open file: name = 'dataset/SCAMPS/scamps_videos/P002520.mat', errno = 2, error message = 'No such file or directory', flags = 0, o_flags = 0)"
SCAMPS,P002521,dataset/SCAMPS/scamps_videos/P002521.mat,,,,30.000000,"FileNotFoundError: [Errno 2] Unable to synchronously open file (unable to open file: name = 'dataset/SCAMPS/scamps_videos/P002521.mat', errno = 2, error message = 'No such file or directory', flags = 0, o_flags = 0)"
SCAMPS,P002522,dataset/SCAMPS/scamps_videos/P002522.mat,,,,30.000000,"FileNotFoundError: [Errno 2] Unable to synchronously open file (unable to open file: name = 'dataset/SCAMPS/scamps_videos/P002522.mat', errno = 2, error message = 'No such file or directory', flags = 0, o_flags = 0)"
SCAMPS,P002523,dataset/SCAMPS/scamps_videos/P002523.mat,,,,30.000000,"FileNotFoundError: [Errno 2] Unable to synchronously open file (unable to open file: name = 'dataset/SCAMPS/scamps_videos/P002523.mat', errno = 2, error message = 'No such file or directory', flags = 0, o_flags = 0)"
SCAMPS,P002524,dataset/SCAMPS/scamps_videos/P002524.mat,,,,30.000000,"FileNotFoundError: [Errno 2] Unable to synchronously open file (unable to open file: name = 'dataset/SCAMPS/scamps_videos/P002524.mat', errno = 2, error message = 'No such file or directory', flags = 0, o_flags = 0)"
SCAMPS,P002525,dataset/SCAMPS/scamps_videos/P002525.mat,,,,30.000000,"FileNotFoundError: [Errno 2] Unable to synchronously open file (unable to open file: name = 'dataset/SCAMPS/scamps_videos/P002525.mat', errno = 2, error message = 'No such file or directory', flags = 0, o_flags = 0)"
SCAMPS,P002526,dataset/SCAMPS/scamps_videos/P002526.mat,,,,30.000000,"FileNotFoundError: [Errno 2] Unable to synchronously open file (unable to open file: name = 'dataset/SCAMPS/scamps_videos/P002526.mat', errno = 2, error message = 'No such file or directory', flags = 0, o_flags = 0)"
SCAMPS,P002527,dataset/SCAMPS/scamps_videos/P002527.mat,,,,30.000000,"FileNotFoundError: [Errno 2] Unable to synchronously open file (unable to open file: name = 'dataset/SCAMPS/scamps_videos/P002527.mat', errno = 2, error message = 'No such file or directory', flags = 0, o_flags = 0)"
SCAMPS,P002528,dataset/SCAMPS/scamps_videos/P002528.mat,,,,30.000000,"FileNotFoundError: [Errno 2] Unable to synchronously open file (unable to open file: name = 'dataset/SCAMPS/scamps_videos/P002528.mat', errno = 2, error message = 'No such file or directory', flags = 0, o_flags = 0)"
SCAMPS,P002529,dataset/SCAMPS/scamps_videos/P002529.mat,,,,30.000000,"FileNotFoundError: [Errno 2] Unable to synchronously open file (unable to open file: name = 'dataset/SCAMPS/scamps_videos/P002529.mat', errno = 2, error message = 'No such file or directory', flags = 0, o_flags = 0)"
SCAMPS,P002530,dataset/SCAMPS/scamps_videos/P002530.mat,,,,30.000000,"FileNotFoundError: [Errno 2] Unable to synchronously open file (unable to open file: name = 'dataset/SCAMPS/scamps_videos/P002530.mat', errno = 2, error message = 'No such file or directory', flags = 0, o_flags = 0)"
SCAMPS,P002531,dataset/SCAMPS/scamps_videos/P002531.mat,,,,30.000000,"FileNotFoundError: [Errno 2] Unable to synchronously open file (unable to open file: name = 'dataset/SCAMPS/scamps_videos/P002531.mat', errno = 2, error message = 'No such file or directory', flags = 0, o_flags = 0)"
SCAMPS,P002532,dataset/SCAMPS/scamps_videos/P002532.mat,,,,30.000000,"FileNotFoundError: [Errno 2] Unable to synchronously open file (unable to open file: name = 'dataset/SCAMPS/scamps_videos/P002532.mat', errno = 2, error message = 'No such file or directory', flags = 0, o_flags = 0)"
SCAMPS,P002533,dataset/SCAMPS/scamps_videos/P002533.mat,,,,30.000000,"FileNotFoundError: [Errno 2] Unable to synchronously open file (unable to open file: name = 'dataset/SCAMPS/scamps_videos/P002533.mat', errno = 2, error message = 'No such file or directory', flags = 0, o_flags = 0)"
SCAMPS,P002534,dataset/SCAMPS/scamps_videos/P002534.mat,,,,30.000000,"FileNotFoundError: [Errno 2] Unable to synchronously open file (unable to open file: name = 'dataset/SCAMPS/scamps_videos/P002534.mat', errno = 2, error message = 'No such file or directory', flags = 0, o_flags = 0)"
SCAMPS,P002535,dataset/SCAMPS/scamps_videos/P002535.mat,,,,30.000000,"FileNotFoundError: [Errno 2] Unable to synchronously open file (unable to open file: name = 'dataset/SCAMPS/scamps_videos/P002535.mat', errno = 2, error message = 'No such file or directory', flags = 0, o_flags = 0)"
SCAMPS,P002536,dataset/SCAMPS/scamps_videos/P002536.mat,,,,30.000000,"FileNotFoundError: [Errno 2] Unable to synchronously open file (unable to open file: name = 'dataset/SCAMPS/scamps_videos/P002536.mat', errno = 2, error message = 'No such file or directory', flags = 0, o_flags = 0)"
SCAMPS,P002537,dataset/SCAMPS/scamps_videos/P002537.mat,,,,30.000000,"FileNotFoundError: [Errno 2] Unable to synchronously open file (unable to open file: name = 'dataset/SCAMPS/scamps_videos/P002537.mat', errno = 2, error message = 'No such file or directory', flags = 0, o_flags = 0)"
SCAMPS,P002538,dataset/SCAMPS/scamps_videos/P002538.mat,,,,30.000000,"FileNotFoundError: [Errno 2] Unable to synchronously open file (unable to open file: name = 'dataset/SCAMPS/scamps_videos/P002538.mat', errno = 2, error message = 'No such file or directory', flags = 0, o_flags = 0)"
SCAMPS,P002539,dataset/SCAMPS/scamps_videos/P002539.mat,,,,30.000000,"FileNotFoundError: [Errno 2] Unable to synchronously open file (unable to open file: name = 'dataset/SCAMPS/scamps_videos/P002539.mat', errno = 2, error message = 'No such file or directory', flags = 0, o_flags = 0)"
SCAMPS,P002540,dataset/SCAMPS/scamps_videos/P002540.mat,,,,30.000000,"FileNotFoundError: [Errno 2] Unable to synchronously open file (unable to open file: name = 'dataset/SCAMPS/scamps_videos/P002540.mat', errno = 2, error message = 'No such file or directory', flags = 0, o_flags = 0)"
SCAMPS,P002541,dataset/SCAMPS/scamps_videos/P002541.mat,,,,30.000000,"FileNotFoundError: [Errno 2] Unable to synchronously open file (unable to open file: name = 'dataset/SCAMPS/scamps_videos/P002541.mat', errno = 2, error message = 'No such file or directory', flags = 0, o_flags = 0)"
SCAMPS,P002542,dataset/SCAMPS/scamps_videos/P002542.mat,,,,30.000000,"FileNotFoundError: [Errno 2] Unable to synchronously open file (unable to open file: name = 'dataset/SCAMPS/scamps_videos/P002542.mat', errno = 2, error message = 'No such file or directory', flags = 0, o_flags = 0)"
SCAMPS,P002543,dataset/SCAMPS/scamps_videos/P002543.mat,,,,30.000000,"FileNotFoundError: [Errno 2] Unable to synchronously open file (unable to open file: name = 'dataset/SCAMPS/scamps_videos/P002543.mat', errno = 2, error message = 'No such file or directory', flags = 0, o_flags = 0)"
SCAMPS,P002544,dataset/SCAMPS/scamps_videos/P002544.mat,,,,30.000000,"FileNotFoundError: [Errno 2] Unable to synchronously open file (unable to open file: name = 'dataset/SCAMPS/scamps_videos/P002544.mat', errno = 2, error message = 'No such file or directory', flags = 0, o_flags = 0)"
SCAMPS,P002545,dataset/SCAMPS/scamps_videos/P002545.mat,,,,30.000000,"FileNotFoundError: [Errno 2] Unable to synchronously open file (unable to open file: name = 'dataset/SCAMPS/scamps_videos/P002545.mat', errno = 2, error message = 'No such file or directory', flags = 0, o_flags = 0)"
SCAMPS,P002546,dataset/SCAMPS/scamps_videos/P002546.mat,,,,30.000000,"FileNotFoundError: [Errno 2] Unable to synchronously open file (unable to open file: name = 'dataset/SCAMPS/scamps_videos/P002546.mat', errno = 2, error message = 'No such file or directory', flags = 0, o_flags = 0)"
SCAMPS,P002547,dataset/SCAMPS/scamps_videos/P002547.mat,,,,30.000000,"FileNotFoundError: [Errno 2] Unable to synchronously open file (unable to open file: name = 'dataset/SCAMPS/scamps_videos/P002547.mat', errno = 2, error message = 'No such file or directory', flags = 0, o_flags = 0)"
SCAMPS,P002548,dataset/SCAMPS/scamps_videos/P002548.mat,,,,30.000000,"FileNotFoundError: [Errno 2] Unable to synchronously open file (unable to open file: name = 'dataset/SCAMPS/scamps_videos/P002548.mat', errno = 2, error message = 'No such file or directory', flags = 0, o_flags = 0)"
SCAMPS,P002549,dataset/SCAMPS/scamps_videos/P002549.mat,,,,30.000000,"FileNotFoundError: [Errno 2] Unable to synchronously open file (unable to open file: name = 'dataset/SCAMPS/scamps_videos/P002549.mat', errno = 2, error message = 'No such file or directory', flags = 0, o_flags = 0)"
SCAMPS,P002550,dataset/SCAMPS/scamps_videos/P002550.mat,,,,30.000000,"FileNotFoundError: [Errno 2] Unable to synchronously open file (unable to open file: name = 'dataset/SCAMPS/scamps_videos/P002550.mat', errno = 2, error message = 'No such file or directory', flags = 0, o_flags = 0)"
SCAMPS,P002551,dataset/SCAMPS/scamps_videos/P002551.mat,,,,30.000000,"FileNotFoundError: [Errno 2] Unable to synchronously open file (unable to open file: name = 'dataset/SCAMPS/scamps_videos/P002551.mat', errno = 2, error message = 'No such file or directory', flags = 0, o_flags = 0)"
SCAMPS,P002552,dataset/SCAMPS/scamps_videos/P002552.mat,,,,30.000000,"FileNotFoundError: [Errno 2] Unable to synchronously open file (unable to open file: name = 'dataset/SCAMPS/scamps_videos/P002552.mat', errno = 2, error message = 'No such file or directory', flags = 0, o_flags = 0)"
SCAMPS,P002553,dataset/SCAMPS/scamps_videos/P002553.mat,,,,30.000000,"FileNotFoundError: [Errno 2] Unable to synchronously open file (unable to open file: name = 'dataset/SCAMPS/scamps_videos/P002553.mat', errno = 2, error message = 'No such file or directory', flags = 0, o_flags = 0)"
SCAMPS,P002554,dataset/SCAMPS/scamps_videos/P002554.mat,,,,30.000000,"FileNotFoundError: [Errno 2] Unable to synchronously open file (unable to open file: name = 'dataset/SCAMPS/scamps_videos/P002554.mat', errno = 2, error message = 'No such file or directory', flags = 0, o_flags = 0)"
SCAMPS,P002555,dataset/SCAMPS/scamps_videos/P002555.mat,,,,30.000000,"FileNotFoundError: [Errno 2] Unable to synchronously open file (unable to open file: name = 'dataset/SCAMPS/scamps_videos/P002555.mat', errno = 2, error message = 'No such file or directory', flags = 0, o_flags = 0)"
SCAMPS,P002556,dataset/SCAMPS/scamps_videos/P002556.mat,,,,30.000000,"FileNotFoundError: [Errno 2] Unable to synchronously open file (unable to open file: name = 'dataset/SCAMPS/scamps_videos/P002556.mat', errno = 2, error message = 'No such file or directory', flags = 0, o_flags = 0)"
SCAMPS,P002557,dataset/SCAMPS/scamps_videos/P002557.mat,,,,30.000000,"FileNotFoundError: [Errno 2] Unable to synchronously open file (unable to open file: name = 'dataset/SCAMPS/scamps_videos/P002557.mat', errno = 2, error message = 'No such file or directory', flags = 0, o_flags = 0)"
SCAMPS,P002558,dataset/SCAMPS/scamps_videos/P002558.mat,,,,30.000000,"FileNotFoundError: [Errno 2] Unable to synchronously open file (unable to open file: name = 'dataset/SCAMPS/scamps_videos/P002558.mat', errno = 2, error message = 'No such file or directory', flags = 0, o_flags = 0)"
SCAMPS,P002559,dataset/SCAMPS/scamps_videos/P002559.mat,,,,30.000000,"FileNotFoundError: [Errno 2] Unable to synchronously open file (unable to open file: name = 'dataset/SCAMPS/scamps_videos/P002559.mat', errno = 2, error message = 'No such file or directory', flags = 0, o_flags = 0)"
SCAMPS,P002560,dataset/SCAMPS/scamps_videos/P002560.mat,,,,30.000000,"FileNotFoundError: [Errno 2] Unable to synchronously open file (unable to open file: name = 'dataset/SCAMPS/scamps_videos/P002560.mat', errno = 2, error message = 'No such file or directory', flags = 0, o_flags = 0)"
SCAMPS,P002561,dataset/SCAMPS/scamps_videos/P002561.mat,,,,30.000000,"FileNotFoundError: [Errno 2] Unable to synchronously open file (unable to open file: name = 'dataset/SCAMPS/scamps_videos/P002561.mat', errno = 2, error message = 'No such file or directory', flags = 0, o_flags = 0)"
SCAMPS,P002562,dataset/SCAMPS/scamps_videos/P002562.mat,,,,30.000000,"FileNotFoundError: [Errno 2] Unable to synchronously open file (unable to open file: name = 'dataset/SCAMPS/scamps_videos/P002562.mat', errno = 2, error message = 'No such file or directory', flags = 0, o_flags = 0)"
SCAMPS,P002563,dataset/SCAMPS/scamps_videos/P002563.mat,,,,30.000000,"FileNotFoundError: [Errno 2] Unable to synchronously open file (unable to open file: name = 'dataset/SCAMPS/scamps_videos/P002563.mat', errno = 2, error message = 'No such file or directory', flags = 0, o_flags = 0)"
SCAMPS,P002564,dataset/SCAMPS/scamps_videos/P002564.mat,,,,30.000000,"FileNotFoundError: [Errno 2] Unable to synchronously open file (unable to open file: name = 'dataset/SCAMPS/scamps_videos/P002564.mat', errno = 2, error message = 'No such file or directory', flags = 0, o_flags = 0)"
SCAMPS,P002565,dataset/SCAMPS/scamps_videos/P002565.mat,,,,30.000000,"FileNotFoundError: [Errno 2] Unable to synchronously open file (unable to open file: name = 'dataset/SCAMPS/scamps_videos/P002565.mat', errno = 2, error message = 'No such file or directory', flags = 0, o_flags = 0)"
SCAMPS,P002566,dataset/SCAMPS/scamps_videos/P002566.mat,,,,30.000000,"FileNotFoundError: [Errno 2] Unable to synchronously open file (unable to open file: name = 'dataset/SCAMPS/scamps_videos/P002566.mat', errno = 2, error message = 'No such file or directory', flags = 0, o_flags = 0)"
SCAMPS,P002567,dataset/SCAMPS/scamps_videos/P002567.mat,,,,30.000000,"FileNotFoundError: [Errno 2] Unable to synchronously open file (unable to open file: name = 'dataset/SCAMPS/scamps_videos/P002567.mat', errno = 2, error message = 'No such file or directory', flags = 0, o_flags = 0)"
SCAMPS,P002568,dataset/SCAMPS/scamps_videos/P002568.mat,,,,30.000000,"FileNotFoundError: [Errno 2] Unable to synchronously open file (unable to open file: name = 'dataset/SCAMPS/scamps_videos/P002568.mat', errno = 2, error message = 'No such file or directory', flags = 0, o_flags = 0)"
SCAMPS,P002569,dataset/SCAMPS/scamps_videos/P002569.mat,,,,30.000000,"FileNotFoundError: [Errno 2] Unable to synchronously open file (unable to open file: name = 'dataset/SCAMPS/scamps_videos/P002569.mat', errno = 2, error message = 'No such file or directory', flags = 0, o_flags = 0)"
SCAMPS,P002570,dataset/SCAMPS/scamps_videos/P002570.mat,,,,30.000000,"FileNotFoundError: [Errno 2] Unable to synchronously open file (unable to open file: name = 'dataset/SCAMPS/scamps_videos/P002570.mat', errno = 2, error message = 'No such file or directory', flags = 0, o_flags = 0)"
SCAMPS,P002571,dataset/SCAMPS/scamps_videos/P002571.mat,,,,30.000000,"FileNotFoundError: [Errno 2] Unable to synchronously open file (unable to open file: name = 'dataset/SCAMPS/scamps_videos/P002571.mat', errno = 2, error message = 'No such file or directory', flags = 0, o_flags = 0)"
SCAMPS,P002572,dataset/SCAMPS/scamps_videos/P002572.mat,,,,30.000000,"FileNotFoundError: [Errno 2] Unable to synchronously open file (unable to open file: name = 'dataset/SCAMPS/scamps_videos/P002572.mat', errno = 2, error message = 'No such file or directory', flags = 0, o_flags = 0)"
SCAMPS,P002573,dataset/SCAMPS/scamps_videos/P002573.mat,,,,30.000000,"FileNotFoundError: [Errno 2] Unable to synchronously open file (unable to open file: name = 'dataset/SCAMPS/scamps_videos/P002573.mat', errno = 2, error message = 'No such file or directory', flags = 0, o_flags = 0)"
SCAMPS,P002574,dataset/SCAMPS/scamps_videos/P002574.mat,,,,30.000000,"FileNotFoundError: [Errno 2] Unable to synchronously open file (unable to open file: name = 'dataset/SCAMPS/scamps_videos/P002574.mat', errno = 2, error message = 'No such file or directory', flags = 0, o_flags = 0)"
SCAMPS,P002575,dataset/SCAMPS/scamps_videos/P002575.mat,,,,30.000000,"FileNotFoundError: [Errno 2] Unable to synchronously open file (unable to open file: name = 'dataset/SCAMPS/scamps_videos/P002575.mat', errno = 2, error message = 'No such file or directory', flags = 0, o_flags = 0)"
SCAMPS,P002576,dataset/SCAMPS/scamps_videos/P002576.mat,,,,30.000000,"FileNotFoundError: [Errno 2] Unable to synchronously open file (unable to open file: name = 'dataset/SCAMPS/scamps_videos/P002576.mat', errno = 2, error message = 'No such file or directory', flags = 0, o_flags = 0)"
SCAMPS,P002577,dataset/SCAMPS/scamps_videos/P002577.mat,,,,30.000000,"FileNotFoundError: [Errno 2] Unable to synchronously open file (unable to open file: name = 'dataset/SCAMPS/scamps_videos/P002577.mat', errno = 2, error message = 'No such file or directory', flags = 0, o_flags = 0)"
SCAMPS,P002578,dataset/SCAMPS/scamps_videos/P002578.mat,,,,30.000000,"FileNotFoundError: [Errno 2] Unable to synchronously open file (unable to open file: name = 'dataset/SCAMPS/scamps_videos/P002578.mat', errno = 2, error message = 'No such file or directory', flags = 0, o_flags = 0)"
SCAMPS,P002579,dataset/SCAMPS/scamps_videos/P002579.mat,,,,30.000000,"FileNotFoundError: [Errno 2] Unable to synchronously open file (unable to open file: name = 'dataset/SCAMPS/scamps_videos/P002579.mat', errno = 2, error message = 'No such file or directory', flags = 0, o_flags = 0)"
SCAMPS,P002580,dataset/SCAMPS/scamps_videos/P002580.mat,,,,30.000000,"FileNotFoundError: [Errno 2] Unable to synchronously open file (unable to open file: name = 'dataset/SCAMPS/scamps_videos/P002580.mat', errno = 2, error message = 'No such file or directory', flags = 0, o_flags = 0)"
SCAMPS,P002581,dataset/SCAMPS/scamps_videos/P002581.mat,,,,30.000000,"FileNotFoundError: [Errno 2] Unable to synchronously open file (unable to open file: name = 'dataset/SCAMPS/scamps_videos/P002581.mat', errno = 2, error message = 'No such file or directory', flags = 0, o_flags = 0)"
SCAMPS,P002582,dataset/SCAMPS/scamps_videos/P002582.mat,,,,30.000000,"FileNotFoundError: [Errno 2] Unable to synchronously open file (unable to open file: name = 'dataset/SCAMPS/scamps_videos/P002582.mat', errno = 2, error message = 'No such file or directory', flags = 0, o_flags = 0)"
SCAMPS,P002583,dataset/SCAMPS/scamps_videos/P002583.mat,,,,30.000000,"FileNotFoundError: [Errno 2] Unable to synchronously open file (unable to open file: name = 'dataset/SCAMPS/scamps_videos/P002583.mat', errno = 2, error message = 'No such file or directory', flags = 0, o_flags = 0)"
SCAMPS,P002584,dataset/SCAMPS/scamps_videos/P002584.mat,,,,30.000000,"FileNotFoundError: [Errno 2] Unable to synchronously open file (unable to open file: name = 'dataset/SCAMPS/scamps_videos/P002584.mat', errno = 2, error message = 'No such file or directory', flags = 0, o_flags = 0)"
SCAMPS,P002585,dataset/SCAMPS/scamps_videos/P002585.mat,,,,30.000000,"FileNotFoundError: [Errno 2] Unable to synchronously open file (unable to open file: name = 'dataset/SCAMPS/scamps_videos/P002585.mat', errno = 2, error message = 'No such file or directory', flags = 0, o_flags = 0)"
SCAMPS,P002586,dataset/SCAMPS/scamps_videos/P002586.mat,,,,30.000000,"FileNotFoundError: [Errno 2] Unable to synchronously open file (unable to open file: name = 'dataset/SCAMPS/scamps_videos/P002586.mat', errno = 2, error message = 'No such file or directory', flags = 0, o_flags = 0)"
SCAMPS,P002587,dataset/SCAMPS/scamps_videos/P002587.mat,,,,30.000000,"FileNotFoundError: [Errno 2] Unable to synchronously open file (unable to open file: name = 'dataset/SCAMPS/scamps_videos/P002587.mat', errno = 2, error message = 'No such file or directory', flags = 0, o_flags = 0)"
SCAMPS,P002588,dataset/SCAMPS/scamps_videos/P002588.mat,,,,30.000000,"FileNotFoundError: [Errno 2] Unable to synchronously open file (unable to open file: name = 'dataset/SCAMPS/scamps_videos/P002588.mat', errno = 2, error message = 'No such file or directory', flags = 0, o_flags = 0)"
SCAMPS,P002589,dataset/SCAMPS/scamps_videos/P002589.mat,,,,30.000000,"FileNotFoundError: [Errno 2] Unable to synchronously open file (unable to open file: name = 'dataset/SCAMPS/scamps_videos/P002589.mat', errno = 2, error message = 'No such file or directory', flags = 0, o_flags = 0)"
SCAMPS,P002590,dataset/SCAMPS/scamps_videos/P002590.mat,,,,30.000000,"FileNotFoundError: [Errno 2] Unable to synchronously open file (unable to open file: name = 'dataset/SCAMPS/scamps_videos/P002590.mat', errno = 2, error message = 'No such file or directory', flags = 0, o_flags = 0)"
SCAMPS,P002591,dataset/SCAMPS/scamps_videos/P002591.mat,,,,30.000000,"FileNotFoundError: [Errno 2] Unable to synchronously open file (unable to open file: name = 'dataset/SCAMPS/scamps_videos/P002591.mat', errno = 2, error message = 'No such file or directory', flags = 0, o_flags = 0)"
SCAMPS,P002592,dataset/SCAMPS/scamps_videos/P002592.mat,,,,30.000000,"FileNotFoundError: [Errno 2] Unable to synchronously open file (unable to open file: name = 'dataset/SCAMPS/scamps_videos/P002592.mat', errno = 2, error message = 'No such file or directory', flags = 0, o_flags = 0)"
SCAMPS,P002593,dataset/SCAMPS/scamps_videos/P002593.mat,,,,30.000000,"FileNotFoundError: [Errno 2] Unable to synchronously open file (unable to open file: name = 'dataset/SCAMPS/scamps_videos/P002593.mat', errno = 2, error message = 'No such file or directory', flags = 0, o_flags = 0)"
SCAMPS,P002594,dataset/SCAMPS/scamps_videos/P002594.mat,,,,30.000000,"FileNotFoundError: [Errno 2] Unable to synchronously open file (unable to open file: name = 'dataset/SCAMPS/scamps_videos/P002594.mat', errno = 2, error message = 'No such file or directory', flags = 0, o_flags = 0)"
SCAMPS,P002595,dataset/SCAMPS/scamps_videos/P002595.mat,,,,30.000000,"FileNotFoundError: [Errno 2] Unable to synchronously open file (unable to open file: name = 'dataset/SCAMPS/scamps_videos/P002595.mat', errno = 2, error message = 'No such file or directory', flags = 0, o_flags = 0)"
SCAMPS,P002596,dataset/SCAMPS/scamps_videos/P002596.mat,,,,30.000000,"FileNotFoundError: [Errno 2] Unable to synchronously open file (unable to open file: name = 'dataset/SCAMPS/scamps_videos/P002596.mat', errno = 2, error message = 'No such file or directory', flags = 0, o_flags = 0)"
SCAMPS,P002597,dataset/SCAMPS/scamps_videos/P002597.mat,,,,30.000000,"FileNotFoundError: [Errno 2] Unable to synchronously open file (unable to open file: name = 'dataset/SCAMPS/scamps_videos/P002597.mat', errno = 2, error message = 'No such file or directory', flags = 0, o_flags = 0)"
SCAMPS,P002598,dataset/SCAMPS/scamps_videos/P002598.mat,,,,30.000000,"FileNotFoundError: [Errno 2] Unable to synchronously open file (unable to open file: name = 'dataset/SCAMPS/scamps_videos/P002598.mat', errno = 2, error message = 'No such file or directory', flags = 0, o_flags = 0)"
SCAMPS,P002599,dataset/SCAMPS/scamps_videos/P002599.mat,,,,30.000000,"FileNotFoundError: [Errno 2] Unable to synchronously open file (unable to open file: name = 'dataset/SCAMPS/scamps_videos/P002599.mat', errno = 2, error message = 'No such file or directory', flags = 0, o_flags = 0)"
SCAMPS,P002600,dataset/SCAMPS/scamps_videos/P002600.mat,,,,30.000000,"FileNotFoundError: [Errno 2] Unable to synchronously open file (unable to open file: name = 'dataset/SCAMPS/scamps_videos/P002600.mat', errno = 2, error message = 'No such file or directory', flags = 0, o_flags = 0)"
SCAMPS,P002601,dataset/SCAMPS/scamps_videos/P002601.mat,,,,30.000000,"FileNotFoundError: [Errno 2] Unable to synchronously open file (unable to open file: name = 'dataset/SCAMPS/scamps_videos/P002601.mat', errno = 2, error message = 'No such file or directory', flags = 0, o_flags = 0)"
SCAMPS,P002602,dataset/SCAMPS/scamps_videos/P002602.mat,,,,30.000000,"FileNotFoundError: [Errno 2] Unable to synchronously open file (unable to open file: name = 'dataset/SCAMPS/scamps_videos/P002602.mat', errno = 2, error message = 'No such file or directory', flags = 0, o_flags = 0)"
SCAMPS,P002603,dataset/SCAMPS/scamps_videos/P002603.mat,,,,30.000000,"FileNotFoundError: [Errno 2] Unable to synchronously open file (unable to open file: name = 'dataset/SCAMPS/scamps_videos/P002603.mat', errno = 2, error message = 'No such file or directory', flags = 0, o_flags = 0)"
SCAMPS,P002604,dataset/SCAMPS/scamps_videos/P002604.mat,,,,30.000000,"FileNotFoundError: [Errno 2] Unable to synchronously open file (unable to open file: name = 'dataset/SCAMPS/scamps_videos/P002604.mat', errno = 2, error message = 'No such file or directory', flags = 0, o_flags = 0)"
SCAMPS,P002605,dataset/SCAMPS/scamps_videos/P002605.mat,,,,30.000000,"FileNotFoundError: [Errno 2] Unable to synchronously open file (unable to open file: name = 'dataset/SCAMPS/scamps_videos/P002605.mat', errno = 2, error message = 'No such file or directory', flags = 0, o_flags = 0)"
SCAMPS,P002606,dataset/SCAMPS/scamps_videos/P002606.mat,,,,30.000000,"FileNotFoundError: [Errno 2] Unable to synchronously open file (unable to open file: name = 'dataset/SCAMPS/scamps_videos/P002606.mat', errno = 2, error message = 'No such file or directory', flags = 0, o_flags = 0)"
SCAMPS,P002607,dataset/SCAMPS/scamps_videos/P002607.mat,,,,30.000000,"FileNotFoundError: [Errno 2] Unable to synchronously open file (unable to open file: name = 'dataset/SCAMPS/scamps_videos/P002607.mat', errno = 2, error message = 'No such file or directory', flags = 0, o_flags = 0)"
SCAMPS,P002608,dataset/SCAMPS/scamps_videos/P002608.mat,,,,30.000000,"FileNotFoundError: [Errno 2] Unable to synchronously open file (unable to open file: name = 'dataset/SCAMPS/scamps_videos/P002608.mat', errno = 2, error message = 'No such file or directory', flags = 0, o_flags = 0)"
SCAMPS,P002609,dataset/SCAMPS/scamps_videos/P002609.mat,,,,30.000000,"FileNotFoundError: [Errno 2] Unable to synchronously open file (unable to open file: name = 'dataset/SCAMPS/scamps_videos/P002609.mat', errno = 2, error message = 'No such file or directory', flags = 0, o_flags = 0)"
SCAMPS,P002610,dataset/SCAMPS/scamps_videos/P002610.mat,,,,30.000000,"FileNotFoundError: [Errno 2] Unable to synchronously open file (unable to open file: name = 'dataset/SCAMPS/scamps_videos/P002610.mat', errno = 2, error message = 'No such file or directory', flags = 0, o_flags = 0)"
SCAMPS,P002611,dataset/SCAMPS/scamps_videos/P002611.mat,,,,30.000000,"FileNotFoundError: [Errno 2] Unable to synchronously open file (unable to open file: name = 'dataset/SCAMPS/scamps_videos/P002611.mat', errno = 2, error message = 'No such file or directory', flags = 0, o_flags = 0)"
SCAMPS,P002612,dataset/SCAMPS/scamps_videos/P002612.mat,,,,30.000000,"FileNotFoundError: [Errno 2] Unable to synchronously open file (unable to open file: name = 'dataset/SCAMPS/scamps_videos/P002612.mat', errno = 2, error message = 'No such file or directory', flags = 0, o_flags = 0)"
SCAMPS,P002613,dataset/SCAMPS/scamps_videos/P002613.mat,,,,30.000000,"FileNotFoundError: [Errno 2] Unable to synchronously open file (unable to open file: name = 'dataset/SCAMPS/scamps_videos/P002613.mat', errno = 2, error message = 'No such file or directory', flags = 0, o_flags = 0)"
SCAMPS,P002614,dataset/SCAMPS/scamps_videos/P002614.mat,,,,30.000000,"FileNotFoundError: [Errno 2] Unable to synchronously open file (unable to open file: name = 'dataset/SCAMPS/scamps_videos/P002614.mat', errno = 2, error message = 'No such file or directory', flags = 0, o_flags = 0)"
SCAMPS,P002615,dataset/SCAMPS/scamps_videos/P002615.mat,,,,30.000000,"FileNotFoundError: [Errno 2] Unable to synchronously open file (unable to open file: name = 'dataset/SCAMPS/scamps_videos/P002615.mat', errno = 2, error message = 'No such file or directory', flags = 0, o_flags = 0)"
SCAMPS,P002616,dataset/SCAMPS/scamps_videos/P002616.mat,,,,30.000000,"FileNotFoundError: [Errno 2] Unable to synchronously open file (unable to open file: name = 'dataset/SCAMPS/scamps_videos/P002616.mat', errno = 2, error message = 'No such file or directory', flags = 0, o_flags = 0)"
SCAMPS,P002617,dataset/SCAMPS/scamps_videos/P002617.mat,,,,30.000000,"FileNotFoundError: [Errno 2] Unable to synchronously open file (unable to open file: name = 'dataset/SCAMPS/scamps_videos/P002617.mat', errno = 2, error message = 'No such file or directory', flags = 0, o_flags = 0)"
SCAMPS,P002618,dataset/SCAMPS/scamps_videos/P002618.mat,,,,30.000000,"FileNotFoundError: [Errno 2] Unable to synchronously open file (unable to open file: name = 'dataset/SCAMPS/scamps_videos/P002618.mat', errno = 2, error message = 'No such file or directory', flags = 0, o_flags = 0)"
SCAMPS,P002619,dataset/SCAMPS/scamps_videos/P002619.mat,,,,30.000000,"FileNotFoundError: [Errno 2] Unable to synchronously open file (unable to open file: name = 'dataset/SCAMPS/scamps_videos/P002619.mat', errno = 2, error message = 'No such file or directory', flags = 0, o_flags = 0)"
SCAMPS,P002620,dataset/SCAMPS/scamps_videos/P002620.mat,,,,30.000000,"FileNotFoundError: [Errno 2] Unable to synchronously open file (unable to open file: name = 'dataset/SCAMPS/scamps_videos/P002620.mat', errno = 2, error message = 'No such file or directory', flags = 0, o_flags = 0)"
SCAMPS,P002621,dataset/SCAMPS/scamps_videos/P002621.mat,,,,30.000000,"FileNotFoundError: [Errno 2] Unable to synchronously open file (unable to open file: name = 'dataset/SCAMPS/scamps_videos/P002621.mat', errno = 2, error message = 'No such file or directory', flags = 0, o_flags = 0)"
SCAMPS,P002622,dataset/SCAMPS/scamps_videos/P002622.mat,,,,30.000000,"FileNotFoundError: [Errno 2] Unable to synchronously open file (unable to open file: name = 'dataset/SCAMPS/scamps_videos/P002622.mat', errno = 2, error message = 'No such file or directory', flags = 0, o_flags = 0)"
SCAMPS,P002623,dataset/SCAMPS/scamps_videos/P002623.mat,,,,30.000000,"FileNotFoundError: [Errno 2] Unable to synchronously open file (unable to open file: name = 'dataset/SCAMPS/scamps_videos/P002623.mat', errno = 2, error message = 'No such file or directory', flags = 0, o_flags = 0)"
SCAMPS,P002624,dataset/SCAMPS/scamps_videos/P002624.mat,,,,30.000000,"FileNotFoundError: [Errno 2] Unable to synchronously open file (unable to open file: name = 'dataset/SCAMPS/scamps_videos/P002624.mat', errno = 2, error message = 'No such file or directory', flags = 0, o_flags = 0)"
SCAMPS,P002625,dataset/SCAMPS/scamps_videos/P002625.mat,,,,30.000000,"FileNotFoundError: [Errno 2] Unable to synchronously open file (unable to open file: name = 'dataset/SCAMPS/scamps_videos/P002625.mat', errno = 2, error message = 'No such file or directory', flags = 0, o_flags = 0)"
SCAMPS,P002626,dataset/SCAMPS/scamps_videos/P002626.mat,,,,30.000000,"FileNotFoundError: [Errno 2] Unable to synchronously open file (unable to open file: name = 'dataset/SCAMPS/scamps_videos/P002626.mat', errno = 2, error message = 'No such file or directory', flags = 0, o_flags = 0)"
SCAMPS,P002627,dataset/SCAMPS/scamps_videos/P002627.mat,,,,30.000000,"FileNotFoundError: [Errno 2] Unable to synchronously open file (unable to open file: name = 'dataset/SCAMPS/scamps_videos/P002627.mat', errno = 2, error message = 'No such file or directory', flags = 0, o_flags = 0)"
SCAMPS,P002628,dataset/SCAMPS/scamps_videos/P002628.mat,,,,30.000000,"FileNotFoundError: [Errno 2] Unable to synchronously open file (unable to open file: name = 'dataset/SCAMPS/scamps_videos/P002628.mat', errno = 2, error message = 'No such file or directory', flags = 0, o_flags = 0)"
SCAMPS,P002629,dataset/SCAMPS/scamps_videos/P002629.mat,,,,30.000000,"FileNotFoundError: [Errno 2] Unable to synchronously open file (unable to open file: name = 'dataset/SCAMPS/scamps_videos/P002629.mat', errno = 2, error message = 'No such file or directory', flags = 0, o_flags = 0)"
SCAMPS,P002630,dataset/SCAMPS/scamps_videos/P002630.mat,,,,30.000000,"FileNotFoundError: [Errno 2] Unable to synchronously open file (unable to open file: name = 'dataset/SCAMPS/scamps_videos/P002630.mat', errno = 2, error message = 'No such file or directory', flags = 0, o_flags = 0)"
SCAMPS,P002631,dataset/SCAMPS/scamps_videos/P002631.mat,,,,30.000000,"FileNotFoundError: [Errno 2] Unable to synchronously open file (unable to open file: name = 'dataset/SCAMPS/scamps_videos/P002631.mat', errno = 2, error message = 'No such file or directory', flags = 0, o_flags = 0)"
SCAMPS,P002632,dataset/SCAMPS/scamps_videos/P002632.mat,,,,30.000000,"FileNotFoundError: [Errno 2] Unable to synchronously open file (unable to open file: name = 'dataset/SCAMPS/scamps_videos/P002632.mat', errno = 2, error message = 'No such file or directory', flags = 0, o_flags = 0)"
SCAMPS,P002633,dataset/SCAMPS/scamps_videos/P002633.mat,,,,30.000000,"FileNotFoundError: [Errno 2] Unable to synchronously open file (unable to open file: name = 'dataset/SCAMPS/scamps_videos/P002633.mat', errno = 2, error message = 'No such file or directory', flags = 0, o_flags = 0)"
SCAMPS,P002634,dataset/SCAMPS/scamps_videos/P002634.mat,,,,30.000000,"FileNotFoundError: [Errno 2] Unable to synchronously open file (unable to open file: name = 'dataset/SCAMPS/scamps_videos/P002634.mat', errno = 2, error message = 'No such file or directory', flags = 0, o_flags = 0)"
SCAMPS,P002635,dataset/SCAMPS/scamps_videos/P002635.mat,,,,30.000000,"FileNotFoundError: [Errno 2] Unable to synchronously open file (unable to open file: name = 'dataset/SCAMPS/scamps_videos/P002635.mat', errno = 2, error message = 'No such file or directory', flags = 0, o_flags = 0)"
SCAMPS,P002636,dataset/SCAMPS/scamps_videos/P002636.mat,,,,30.000000,"FileNotFoundError: [Errno 2] Unable to synchronously open file (unable to open file: name = 'dataset/SCAMPS/scamps_videos/P002636.mat', errno = 2, error message = 'No such file or directory', flags = 0, o_flags = 0)"
SCAMPS,P002637,dataset/SCAMPS/scamps_videos/P002637.mat,,,,30.000000,"FileNotFoundError: [Errno 2] Unable to synchronously open file (unable to open file: name = 'dataset/SCAMPS/scamps_videos/P002637.mat', errno = 2, error message = 'No such file or directory', flags = 0, o_flags = 0)"
SCAMPS,P002638,dataset/SCAMPS/scamps_videos/P002638.mat,,,,30.000000,"FileNotFoundError: [Errno 2] Unable to synchronously open file (unable to open file: name = 'dataset/SCAMPS/scamps_videos/P002638.mat', errno = 2, error message = 'No such file or directory', flags = 0, o_flags = 0)"
SCAMPS,P002639,dataset/SCAMPS/scamps_videos/P002639.mat,,,,30.000000,"FileNotFoundError: [Errno 2] Unable to synchronously open file (unable to open file: name = 'dataset/SCAMPS/scamps_videos/P002639.mat', errno = 2, error message = 'No such file or directory', flags = 0, o_flags = 0)"
SCAMPS,P002640,dataset/SCAMPS/scamps_videos/P002640.mat,,,,30.000000,"FileNotFoundError: [Errno 2] Unable to synchronously open file (unable to open file: name = 'dataset/SCAMPS/scamps_videos/P002640.mat', errno = 2, error message = 'No such file or directory', flags = 0, o_flags = 0)"
SCAMPS,P002641,dataset/SCAMPS/scamps_videos/P002641.mat,,,,30.000000,"FileNotFoundError: [Errno 2] Unable to synchronously open file (unable to open file: name = 'dataset/SCAMPS/scamps_videos/P002641.mat', errno = 2, error message = 'No such file or directory', flags = 0, o_flags = 0)"
SCAMPS,P002642,dataset/SCAMPS/scamps_videos/P002642.mat,,,,30.000000,"FileNotFoundError: [Errno 2] Unable to synchronously open file (unable to open file: name = 'dataset/SCAMPS/scamps_videos/P002642.mat', errno = 2, error message = 'No such file or directory', flags = 0, o_flags = 0)"
SCAMPS,P002643,dataset/SCAMPS/scamps_videos/P002643.mat,,,,30.000000,"FileNotFoundError: [Errno 2] Unable to synchronously open file (unable to open file: name = 'dataset/SCAMPS/scamps_videos/P002643.mat', errno = 2, error message = 'No such file or directory', flags = 0, o_flags = 0)"
SCAMPS,P002644,dataset/SCAMPS/scamps_videos/P002644.mat,,,,30.000000,"FileNotFoundError: [Errno 2] Unable to synchronously open file (unable to open file: name = 'dataset/SCAMPS/scamps_videos/P002644.mat', errno = 2, error message = 'No such file or directory', flags = 0, o_flags = 0)"
SCAMPS,P002645,dataset/SCAMPS/scamps_videos/P002645.mat,,,,30.000000,"FileNotFoundError: [Errno 2] Unable to synchronously open file (unable to open file: name = 'dataset/SCAMPS/scamps_videos/P002645.mat', errno = 2, error message = 'No such file or directory', flags = 0, o_flags = 0)"
SCAMPS,P002646,dataset/SCAMPS/scamps_videos/P002646.mat,,,,30.000000,"FileNotFoundError: [Errno 2] Unable to synchronously open file (unable to open file: name = 'dataset/SCAMPS/scamps_videos/P002646.mat', errno = 2, error message = 'No such file or directory', flags = 0, o_flags = 0)"
SCAMPS,P002647,dataset/SCAMPS/scamps_videos/P002647.mat,,,,30.000000,"FileNotFoundError: [Errno 2] Unable to synchronously open file (unable to open file: name = 'dataset/SCAMPS/scamps_videos/P002647.mat', errno = 2, error message = 'No such file or directory', flags = 0, o_flags = 0)"
SCAMPS,P002648,dataset/SCAMPS/scamps_videos/P002648.mat,,,,30.000000,"FileNotFoundError: [Errno 2] Unable to synchronously open file (unable to open file: name = 'dataset/SCAMPS/scamps_videos/P002648.mat', errno = 2, error message = 'No such file or directory', flags = 0, o_flags = 0)"
SCAMPS,P002649,dataset/SCAMPS/scamps_videos/P002649.mat,,,,30.000000,"FileNotFoundError: [Errno 2] Unable to synchronously open file (unable to open file: name = 'dataset/SCAMPS/scamps_videos/P002649.mat', errno = 2, error message = 'No such file or directory', flags = 0, o_flags = 0)"
SCAMPS,P002650,dataset/SCAMPS/scamps_videos/P002650.mat,,,,30.000000,"FileNotFoundError: [Errno 2] Unable to synchronously open file (unable to open file: name = 'dataset/SCAMPS/scamps_videos/P002650.mat', errno = 2, error message = 'No such file or directory', flags = 0, o_flags = 0)"
SCAMPS,P002651,dataset/SCAMPS/scamps_videos/P002651.mat,,,,30.000000,"FileNotFoundError: [Errno 2] Unable to synchronously open file (unable to open file: name = 'dataset/SCAMPS/scamps_videos/P002651.mat', errno = 2, error message = 'No such file or directory', flags = 0, o_flags = 0)"
SCAMPS,P002652,dataset/SCAMPS/scamps_videos/P002652.mat,,,,30.000000,"FileNotFoundError: [Errno 2] Unable to synchronously open file (unable to open file: name = 'dataset/SCAMPS/scamps_videos/P002652.mat', errno = 2, error message = 'No such file or directory', flags = 0, o_flags = 0)"
SCAMPS,P002653,dataset/SCAMPS/scamps_videos/P002653.mat,,,,30.000000,"FileNotFoundError: [Errno 2] Unable to synchronously open file (unable to open file: name = 'dataset/SCAMPS/scamps_videos/P002653.mat', errno = 2, error message = 'No such file or directory', flags = 0, o_flags = 0)"
SCAMPS,P002654,dataset/SCAMPS/scamps_videos/P002654.mat,,,,30.000000,"FileNotFoundError: [Errno 2] Unable to synchronously open file (unable to open file: name = 'dataset/SCAMPS/scamps_videos/P002654.mat', errno = 2, error message = 'No such file or directory', flags = 0, o_flags = 0)"
SCAMPS,P002655,dataset/SCAMPS/scamps_videos/P002655.mat,,,,30.000000,"FileNotFoundError: [Errno 2] Unable to synchronously open file (unable to open file: name = 'dataset/SCAMPS/scamps_videos/P002655.mat', errno = 2, error message = 'No such file or directory', flags = 0, o_flags = 0)"
SCAMPS,P002656,dataset/SCAMPS/scamps_videos/P002656.mat,,,,30.000000,"FileNotFoundError: [Errno 2] Unable to synchronously open file (unable to open file: name = 'dataset/SCAMPS/scamps_videos/P002656.mat', errno = 2, error message = 'No such file or directory', flags = 0, o_flags = 0)"
SCAMPS,P002657,dataset/SCAMPS/scamps_videos/P002657.mat,,,,30.000000,"FileNotFoundError: [Errno 2] Unable to synchronously open file (unable to open file: name = 'dataset/SCAMPS/scamps_videos/P002657.mat', errno = 2, error message = 'No such file or directory', flags = 0, o_flags = 0)"
SCAMPS,P002658,dataset/SCAMPS/scamps_videos/P002658.mat,,,,30.000000,"FileNotFoundError: [Errno 2] Unable to synchronously open file (unable to open file: name = 'dataset/SCAMPS/scamps_videos/P002658.mat', errno = 2, error message = 'No such file or directory', flags = 0, o_flags = 0)"
SCAMPS,P002659,dataset/SCAMPS/scamps_videos/P002659.mat,,,,30.000000,"FileNotFoundError: [Errno 2] Unable to synchronously open file (unable to open file: name = 'dataset/SCAMPS/scamps_videos/P002659.mat', errno = 2, error message = 'No such file or directory', flags = 0, o_flags = 0)"
SCAMPS,P002660,dataset/SCAMPS/scamps_videos/P002660.mat,,,,30.000000,"FileNotFoundError: [Errno 2] Unable to synchronously open file (unable to open file: name = 'dataset/SCAMPS/scamps_videos/P002660.mat', errno = 2, error message = 'No such file or directory', flags = 0, o_flags = 0)"
SCAMPS,P002661,dataset/SCAMPS/scamps_videos/P002661.mat,,,,30.000000,"FileNotFoundError: [Errno 2] Unable to synchronously open file (unable to open file: name = 'dataset/SCAMPS/scamps_videos/P002661.mat', errno = 2, error message = 'No such file or directory', flags = 0, o_flags = 0)"
SCAMPS,P002662,dataset/SCAMPS/scamps_videos/P002662.mat,,,,30.000000,"FileNotFoundError: [Errno 2] Unable to synchronously open file (unable to open file: name = 'dataset/SCAMPS/scamps_videos/P002662.mat', errno = 2, error message = 'No such file or directory', flags = 0, o_flags = 0)"
SCAMPS,P002663,dataset/SCAMPS/scamps_videos/P002663.mat,,,,30.000000,"FileNotFoundError: [Errno 2] Unable to synchronously open file (unable to open file: name = 'dataset/SCAMPS/scamps_videos/P002663.mat', errno = 2, error message = 'No such file or directory', flags = 0, o_flags = 0)"
SCAMPS,P002664,dataset/SCAMPS/scamps_videos/P002664.mat,,,,30.000000,"FileNotFoundError: [Errno 2] Unable to synchronously open file (unable to open file: name = 'dataset/SCAMPS/scamps_videos/P002664.mat', errno = 2, error message = 'No such file or directory', flags = 0, o_flags = 0)"
SCAMPS,P002665,dataset/SCAMPS/scamps_videos/P002665.mat,,,,30.000000,"FileNotFoundError: [Errno 2] Unable to synchronously open file (unable to open file: name = 'dataset/SCAMPS/scamps_videos/P002665.mat', errno = 2, error message = 'No such file or directory', flags = 0, o_flags = 0)"
SCAMPS,P002666,dataset/SCAMPS/scamps_videos/P002666.mat,,,,30.000000,"FileNotFoundError: [Errno 2] Unable to synchronously open file (unable to open file: name = 'dataset/SCAMPS/scamps_videos/P002666.mat', errno = 2, error message = 'No such file or directory', flags = 0, o_flags = 0)"
SCAMPS,P002667,dataset/SCAMPS/scamps_videos/P002667.mat,,,,30.000000,"FileNotFoundError: [Errno 2] Unable to synchronously open file (unable to open file: name = 'dataset/SCAMPS/scamps_videos/P002667.mat', errno = 2, error message = 'No such file or directory', flags = 0, o_flags = 0)"
SCAMPS,P002668,dataset/SCAMPS/scamps_videos/P002668.mat,,,,30.000000,"FileNotFoundError: [Errno 2] Unable to synchronously open file (unable to open file: name = 'dataset/SCAMPS/scamps_videos/P002668.mat', errno = 2, error message = 'No such file or directory', flags = 0, o_flags = 0)"
SCAMPS,P002669,dataset/SCAMPS/scamps_videos/P002669.mat,,,,30.000000,"FileNotFoundError: [Errno 2] Unable to synchronously open file (unable to open file: name = 'dataset/SCAMPS/scamps_videos/P002669.mat', errno = 2, error message = 'No such file or directory', flags = 0, o_flags = 0)"
SCAMPS,P002670,dataset/SCAMPS/scamps_videos/P002670.mat,,,,30.000000,"FileNotFoundError: [Errno 2] Unable to synchronously open file (unable to open file: name = 'dataset/SCAMPS/scamps_videos/P002670.mat', errno = 2, error message = 'No such file or directory', flags = 0, o_flags = 0)"
SCAMPS,P002671,dataset/SCAMPS/scamps_videos/P002671.mat,,,,30.000000,"FileNotFoundError: [Errno 2] Unable to synchronously open file (unable to open file: name = 'dataset/SCAMPS/scamps_videos/P002671.mat', errno = 2, error message = 'No such file or directory', flags = 0, o_flags = 0)"
SCAMPS,P002672,dataset/SCAMPS/scamps_videos/P002672.mat,,,,30.000000,"FileNotFoundError: [Errno 2] Unable to synchronously open file (unable to open file: name = 'dataset/SCAMPS/scamps_videos/P002672.mat', errno = 2, error message = 'No such file or directory', flags = 0, o_flags = 0)"
SCAMPS,P002673,dataset/SCAMPS/scamps_videos/P002673.mat,,,,30.000000,"FileNotFoundError: [Errno 2] Unable to synchronously open file (unable to open file: name = 'dataset/SCAMPS/scamps_videos/P002673.mat', errno = 2, error message = 'No such file or directory', flags = 0, o_flags = 0)"
SCAMPS,P002674,dataset/SCAMPS/scamps_videos/P002674.mat,,,,30.000000,"FileNotFoundError: [Errno 2] Unable to synchronously open file (unable to open file: name = 'dataset/SCAMPS/scamps_videos/P002674.mat', errno = 2, error message = 'No such file or directory', flags = 0, o_flags = 0)"
SCAMPS,P002675,dataset/SCAMPS/scamps_videos/P002675.mat,,,,30.000000,"FileNotFoundError: [Errno 2] Unable to synchronously open file (unable to open file: name = 'dataset/SCAMPS/scamps_videos/P002675.mat', errno = 2, error message = 'No such file or directory', flags = 0, o_flags = 0)"
SCAMPS,P002676,dataset/SCAMPS/scamps_videos/P002676.mat,,,,30.000000,"FileNotFoundError: [Errno 2] Unable to synchronously open file (unable to open file: name = 'dataset/SCAMPS/scamps_videos/P002676.mat', errno = 2, error message = 'No such file or directory', flags = 0, o_flags = 0)"
SCAMPS,P002677,dataset/SCAMPS/scamps_videos/P002677.mat,,,,30.000000,"FileNotFoundError: [Errno 2] Unable to synchronously open file (unable to open file: name = 'dataset/SCAMPS/scamps_videos/P002677.mat', errno = 2, error message = 'No such file or directory', flags = 0, o_flags = 0)"
SCAMPS,P002678,dataset/SCAMPS/scamps_videos/P002678.mat,,,,30.000000,"FileNotFoundError: [Errno 2] Unable to synchronously open file (unable to open file: name = 'dataset/SCAMPS/scamps_videos/P002678.mat', errno = 2, error message = 'No such file or directory', flags = 0, o_flags = 0)"
SCAMPS,P002679,dataset/SCAMPS/scamps_videos/P002679.mat,,,,30.000000,"FileNotFoundError: [Errno 2] Unable to synchronously open file (unable to open file: name = 'dataset/SCAMPS/scamps_videos/P002679.mat', errno = 2, error message = 'No such file or directory', flags = 0, o_flags = 0)"
SCAMPS,P002680,dataset/SCAMPS/scamps_videos/P002680.mat,,,,30.000000,"FileNotFoundError: [Errno 2] Unable to synchronously open file (unable to open file: name = 'dataset/SCAMPS/scamps_videos/P002680.mat', errno = 2, error message = 'No such file or directory', flags = 0, o_flags = 0)"
SCAMPS,P002681,dataset/SCAMPS/scamps_videos/P002681.mat,,,,30.000000,"FileNotFoundError: [Errno 2] Unable to synchronously open file (unable to open file: name = 'dataset/SCAMPS/scamps_videos/P002681.mat', errno = 2, error message = 'No such file or directory', flags = 0, o_flags = 0)"
SCAMPS,P002682,dataset/SCAMPS/scamps_videos/P002682.mat,,,,30.000000,"FileNotFoundError: [Errno 2] Unable to synchronously open file (unable to open file: name = 'dataset/SCAMPS/scamps_videos/P002682.mat', errno = 2, error message = 'No such file or directory', flags = 0, o_flags = 0)"
SCAMPS,P002683,dataset/SCAMPS/scamps_videos/P002683.mat,,,,30.000000,"FileNotFoundError: [Errno 2] Unable to synchronously open file (unable to open file: name = 'dataset/SCAMPS/scamps_videos/P002683.mat', errno = 2, error message = 'No such file or directory', flags = 0, o_flags = 0)"
SCAMPS,P002684,dataset/SCAMPS/scamps_videos/P002684.mat,,,,30.000000,"FileNotFoundError: [Errno 2] Unable to synchronously open file (unable to open file: name = 'dataset/SCAMPS/scamps_videos/P002684.mat', errno = 2, error message = 'No such file or directory', flags = 0, o_flags = 0)"
SCAMPS,P002685,dataset/SCAMPS/scamps_videos/P002685.mat,,,,30.000000,"FileNotFoundError: [Errno 2] Unable to synchronously open file (unable to open file: name = 'dataset/SCAMPS/scamps_videos/P002685.mat', errno = 2, error message = 'No such file or directory', flags = 0, o_flags = 0)"
SCAMPS,P002686,dataset/SCAMPS/scamps_videos/P002686.mat,,,,30.000000,"FileNotFoundError: [Errno 2] Unable to synchronously open file (unable to open file: name = 'dataset/SCAMPS/scamps_videos/P002686.mat', errno = 2, error message = 'No such file or directory', flags = 0, o_flags = 0)"
SCAMPS,P002687,dataset/SCAMPS/scamps_videos/P002687.mat,,,,30.000000,"FileNotFoundError: [Errno 2] Unable to synchronously open file (unable to open file: name = 'dataset/SCAMPS/scamps_videos/P002687.mat', errno = 2, error message = 'No such file or directory', flags = 0, o_flags = 0)"
SCAMPS,P002688,dataset/SCAMPS/scamps_videos/P002688.mat,,,,30.000000,"FileNotFoundError: [Errno 2] Unable to synchronously open file (unable to open file: name = 'dataset/SCAMPS/scamps_videos/P002688.mat', errno = 2, error message = 'No such file or directory', flags = 0, o_flags = 0)"
SCAMPS,P002689,dataset/SCAMPS/scamps_videos/P002689.mat,,,,30.000000,"FileNotFoundError: [Errno 2] Unable to synchronously open file (unable to open file: name = 'dataset/SCAMPS/scamps_videos/P002689.mat', errno = 2, error message = 'No such file or directory', flags = 0, o_flags = 0)"
SCAMPS,P002690,dataset/SCAMPS/scamps_videos/P002690.mat,,,,30.000000,"FileNotFoundError: [Errno 2] Unable to synchronously open file (unable to open file: name = 'dataset/SCAMPS/scamps_videos/P002690.mat', errno = 2, error message = 'No such file or directory', flags = 0, o_flags = 0)"
SCAMPS,P002691,dataset/SCAMPS/scamps_videos/P002691.mat,,,,30.000000,"FileNotFoundError: [Errno 2] Unable to synchronously open file (unable to open file: name = 'dataset/SCAMPS/scamps_videos/P002691.mat', errno = 2, error message = 'No such file or directory', flags = 0, o_flags = 0)"
SCAMPS,P002692,dataset/SCAMPS/scamps_videos/P002692.mat,,,,30.000000,"FileNotFoundError: [Errno 2] Unable to synchronously open file (unable to open file: name = 'dataset/SCAMPS/scamps_videos/P002692.mat', errno = 2, error message = 'No such file or directory', flags = 0, o_flags = 0)"
SCAMPS,P002693,dataset/SCAMPS/scamps_videos/P002693.mat,,,,30.000000,"FileNotFoundError: [Errno 2] Unable to synchronously open file (unable to open file: name = 'dataset/SCAMPS/scamps_videos/P002693.mat', errno = 2, error message = 'No such file or directory', flags = 0, o_flags = 0)"
SCAMPS,P002694,dataset/SCAMPS/scamps_videos/P002694.mat,,,,30.000000,"FileNotFoundError: [Errno 2] Unable to synchronously open file (unable to open file: name = 'dataset/SCAMPS/scamps_videos/P002694.mat', errno = 2, error message = 'No such file or directory', flags = 0, o_flags = 0)"
SCAMPS,P002695,dataset/SCAMPS/scamps_videos/P002695.mat,,,,30.000000,"FileNotFoundError: [Errno 2] Unable to synchronously open file (unable to open file: name = 'dataset/SCAMPS/scamps_videos/P002695.mat', errno = 2, error message = 'No such file or directory', flags = 0, o_flags = 0)"
SCAMPS,P002696,dataset/SCAMPS/scamps_videos/P002696.mat,,,,30.000000,"FileNotFoundError: [Errno 2] Unable to synchronously open file (unable to open file: name = 'dataset/SCAMPS/scamps_videos/P002696.mat', errno = 2, error message = 'No such file or directory', flags = 0, o_flags = 0)"
SCAMPS,P002697,dataset/SCAMPS/scamps_videos/P002697.mat,,,,30.000000,"FileNotFoundError: [Errno 2] Unable to synchronously open file (unable to open file: name = 'dataset/SCAMPS/scamps_videos/P002697.mat', errno = 2, error message = 'No such file or directory', flags = 0, o_flags = 0)"
SCAMPS,P002698,dataset/SCAMPS/scamps_videos/P002698.mat,,,,30.000000,"FileNotFoundError: [Errno 2] Unable to synchronously open file (unable to open file: name = 'dataset/SCAMPS/scamps_videos/P002698.mat', errno = 2, error message = 'No such file or directory', flags = 0, o_flags = 0)"
SCAMPS,P002699,dataset/SCAMPS/scamps_videos/P002699.mat,,,,30.000000,"FileNotFoundError: [Errno 2] Unable to synchronously open file (unable to open file: name = 'dataset/SCAMPS/scamps_videos/P002699.mat', errno = 2, error message = 'No such file or directory', flags = 0, o_flags = 0)"
SCAMPS,P002700,dataset/SCAMPS/scamps_videos/P002700.mat,,,,30.000000,"FileNotFoundError: [Errno 2] Unable to synchronously open file (unable to open file: name = 'dataset/SCAMPS/scamps_videos/P002700.mat', errno = 2, error message = 'No such file or directory', flags = 0, o_flags = 0)"
SCAMPS,P002701,dataset/SCAMPS/scamps_videos/P002701.mat,,,,30.000000,"FileNotFoundError: [Errno 2] Unable to synchronously open file (unable to open file: name = 'dataset/SCAMPS/scamps_videos/P002701.mat', errno = 2, error message = 'No such file or directory', flags = 0, o_flags = 0)"
SCAMPS,P002702,dataset/SCAMPS/scamps_videos/P002702.mat,,,,30.000000,"FileNotFoundError: [Errno 2] Unable to synchronously open file (unable to open file: name = 'dataset/SCAMPS/scamps_videos/P002702.mat', errno = 2, error message = 'No such file or directory', flags = 0, o_flags = 0)"
SCAMPS,P002703,dataset/SCAMPS/scamps_videos/P002703.mat,,,,30.000000,"FileNotFoundError: [Errno 2] Unable to synchronously open file (unable to open file: name = 'dataset/SCAMPS/scamps_videos/P002703.mat', errno = 2, error message = 'No such file or directory', flags = 0, o_flags = 0)"
SCAMPS,P002704,dataset/SCAMPS/scamps_videos/P002704.mat,,,,30.000000,"FileNotFoundError: [Errno 2] Unable to synchronously open file (unable to open file: name = 'dataset/SCAMPS/scamps_videos/P002704.mat', errno = 2, error message = 'No such file or directory', flags = 0, o_flags = 0)"
SCAMPS,P002705,dataset/SCAMPS/scamps_videos/P002705.mat,,,,30.000000,"FileNotFoundError: [Errno 2] Unable to synchronously open file (unable to open file: name = 'dataset/SCAMPS/scamps_videos/P002705.mat', errno = 2, error message = 'No such file or directory', flags = 0, o_flags = 0)"
SCAMPS,P002706,dataset/SCAMPS/scamps_videos/P002706.mat,,,,30.000000,"FileNotFoundError: [Errno 2] Unable to synchronously open file (unable to open file: name = 'dataset/SCAMPS/scamps_videos/P002706.mat', errno = 2, error message = 'No such file or directory', flags = 0, o_flags = 0)"
SCAMPS,P002707,dataset/SCAMPS/scamps_videos/P002707.mat,,,,30.000000,"FileNotFoundError: [Errno 2] Unable to synchronously open file (unable to open file: name = 'dataset/SCAMPS/scamps_videos/P002707.mat', errno = 2, error message = 'No such file or directory', flags = 0, o_flags = 0)"
SCAMPS,P002708,dataset/SCAMPS/scamps_videos/P002708.mat,,,,30.000000,"FileNotFoundError: [Errno 2] Unable to synchronously open file (unable to open file: name = 'dataset/SCAMPS/scamps_videos/P002708.mat', errno = 2, error message = 'No such file or directory', flags = 0, o_flags = 0)"
SCAMPS,P002709,dataset/SCAMPS/scamps_videos/P002709.mat,,,,30.000000,"FileNotFoundError: [Errno 2] Unable to synchronously open file (unable to open file: name = 'dataset/SCAMPS/scamps_videos/P002709.mat', errno = 2, error message = 'No such file or directory', flags = 0, o_flags = 0)"
SCAMPS,P002710,dataset/SCAMPS/scamps_videos/P002710.mat,,,,30.000000,"FileNotFoundError: [Errno 2] Unable to synchronously open file (unable to open file: name = 'dataset/SCAMPS/scamps_videos/P002710.mat', errno = 2, error message = 'No such file or directory', flags = 0, o_flags = 0)"
SCAMPS,P002711,dataset/SCAMPS/scamps_videos/P002711.mat,,,,30.000000,"FileNotFoundError: [Errno 2] Unable to synchronously open file (unable to open file: name = 'dataset/SCAMPS/scamps_videos/P002711.mat', errno = 2, error message = 'No such file or directory', flags = 0, o_flags = 0)"
SCAMPS,P002712,dataset/SCAMPS/scamps_videos/P002712.mat,,,,30.000000,"FileNotFoundError: [Errno 2] Unable to synchronously open file (unable to open file: name = 'dataset/SCAMPS/scamps_videos/P002712.mat', errno = 2, error message = 'No such file or directory', flags = 0, o_flags = 0)"
SCAMPS,P002713,dataset/SCAMPS/scamps_videos/P002713.mat,,,,30.000000,"FileNotFoundError: [Errno 2] Unable to synchronously open file (unable to open file: name = 'dataset/SCAMPS/scamps_videos/P002713.mat', errno = 2, error message = 'No such file or directory', flags = 0, o_flags = 0)"
SCAMPS,P002714,dataset/SCAMPS/scamps_videos/P002714.mat,,,,30.000000,"FileNotFoundError: [Errno 2] Unable to synchronously open file (unable to open file: name = 'dataset/SCAMPS/scamps_videos/P002714.mat', errno = 2, error message = 'No such file or directory', flags = 0, o_flags = 0)"
SCAMPS,P002715,dataset/SCAMPS/scamps_videos/P002715.mat,,,,30.000000,"FileNotFoundError: [Errno 2] Unable to synchronously open file (unable to open file: name = 'dataset/SCAMPS/scamps_videos/P002715.mat', errno = 2, error message = 'No such file or directory', flags = 0, o_flags = 0)"
SCAMPS,P002716,dataset/SCAMPS/scamps_videos/P002716.mat,,,,30.000000,"FileNotFoundError: [Errno 2] Unable to synchronously open file (unable to open file: name = 'dataset/SCAMPS/scamps_videos/P002716.mat', errno = 2, error message = 'No such file or directory', flags = 0, o_flags = 0)"
SCAMPS,P002717,dataset/SCAMPS/scamps_videos/P002717.mat,,,,30.000000,"FileNotFoundError: [Errno 2] Unable to synchronously open file (unable to open file: name = 'dataset/SCAMPS/scamps_videos/P002717.mat', errno = 2, error message = 'No such file or directory', flags = 0, o_flags = 0)"
SCAMPS,P002718,dataset/SCAMPS/scamps_videos/P002718.mat,,,,30.000000,"FileNotFoundError: [Errno 2] Unable to synchronously open file (unable to open file: name = 'dataset/SCAMPS/scamps_videos/P002718.mat', errno = 2, error message = 'No such file or directory', flags = 0, o_flags = 0)"
SCAMPS,P002719,dataset/SCAMPS/scamps_videos/P002719.mat,,,,30.000000,"FileNotFoundError: [Errno 2] Unable to synchronously open file (unable to open file: name = 'dataset/SCAMPS/scamps_videos/P002719.mat', errno = 2, error message = 'No such file or directory', flags = 0, o_flags = 0)"
SCAMPS,P002720,dataset/SCAMPS/scamps_videos/P002720.mat,,,,30.000000,"FileNotFoundError: [Errno 2] Unable to synchronously open file (unable to open file: name = 'dataset/SCAMPS/scamps_videos/P002720.mat', errno = 2, error message = 'No such file or directory', flags = 0, o_flags = 0)"
SCAMPS,P002721,dataset/SCAMPS/scamps_videos/P002721.mat,,,,30.000000,"FileNotFoundError: [Errno 2] Unable to synchronously open file (unable to open file: name = 'dataset/SCAMPS/scamps_videos/P002721.mat', errno = 2, error message = 'No such file or directory', flags = 0, o_flags = 0)"
SCAMPS,P002722,dataset/SCAMPS/scamps_videos/P002722.mat,,,,30.000000,"FileNotFoundError: [Errno 2] Unable to synchronously open file (unable to open file: name = 'dataset/SCAMPS/scamps_videos/P002722.mat', errno = 2, error message = 'No such file or directory', flags = 0, o_flags = 0)"
SCAMPS,P002723,dataset/SCAMPS/scamps_videos/P002723.mat,,,,30.000000,"FileNotFoundError: [Errno 2] Unable to synchronously open file (unable to open file: name = 'dataset/SCAMPS/scamps_videos/P002723.mat', errno = 2, error message = 'No such file or directory', flags = 0, o_flags = 0)"
SCAMPS,P002724,dataset/SCAMPS/scamps_videos/P002724.mat,,,,30.000000,"FileNotFoundError: [Errno 2] Unable to synchronously open file (unable to open file: name = 'dataset/SCAMPS/scamps_videos/P002724.mat', errno = 2, error message = 'No such file or directory', flags = 0, o_flags = 0)"
SCAMPS,P002725,dataset/SCAMPS/scamps_videos/P002725.mat,,,,30.000000,"FileNotFoundError: [Errno 2] Unable to synchronously open file (unable to open file: name = 'dataset/SCAMPS/scamps_videos/P002725.mat', errno = 2, error message = 'No such file or directory', flags = 0, o_flags = 0)"
SCAMPS,P002726,dataset/SCAMPS/scamps_videos/P002726.mat,,,,30.000000,"FileNotFoundError: [Errno 2] Unable to synchronously open file (unable to open file: name = 'dataset/SCAMPS/scamps_videos/P002726.mat', errno = 2, error message = 'No such file or directory', flags = 0, o_flags = 0)"
SCAMPS,P002727,dataset/SCAMPS/scamps_videos/P002727.mat,,,,30.000000,"FileNotFoundError: [Errno 2] Unable to synchronously open file (unable to open file: name = 'dataset/SCAMPS/scamps_videos/P002727.mat', errno = 2, error message = 'No such file or directory', flags = 0, o_flags = 0)"
SCAMPS,P002728,dataset/SCAMPS/scamps_videos/P002728.mat,,,,30.000000,"FileNotFoundError: [Errno 2] Unable to synchronously open file (unable to open file: name = 'dataset/SCAMPS/scamps_videos/P002728.mat', errno = 2, error message = 'No such file or directory', flags = 0, o_flags = 0)"
SCAMPS,P002729,dataset/SCAMPS/scamps_videos/P002729.mat,,,,30.000000,"FileNotFoundError: [Errno 2] Unable to synchronously open file (unable to open file: name = 'dataset/SCAMPS/scamps_videos/P002729.mat', errno = 2, error message = 'No such file or directory', flags = 0, o_flags = 0)"
SCAMPS,P002730,dataset/SCAMPS/scamps_videos/P002730.mat,,,,30.000000,"FileNotFoundError: [Errno 2] Unable to synchronously open file (unable to open file: name = 'dataset/SCAMPS/scamps_videos/P002730.mat', errno = 2, error message = 'No such file or directory', flags = 0, o_flags = 0)"
SCAMPS,P002731,dataset/SCAMPS/scamps_videos/P002731.mat,,,,30.000000,"FileNotFoundError: [Errno 2] Unable to synchronously open file (unable to open file: name = 'dataset/SCAMPS/scamps_videos/P002731.mat', errno = 2, error message = 'No such file or directory', flags = 0, o_flags = 0)"
SCAMPS,P002732,dataset/SCAMPS/scamps_videos/P002732.mat,,,,30.000000,"FileNotFoundError: [Errno 2] Unable to synchronously open file (unable to open file: name = 'dataset/SCAMPS/scamps_videos/P002732.mat', errno = 2, error message = 'No such file or directory', flags = 0, o_flags = 0)"
SCAMPS,P002733,dataset/SCAMPS/scamps_videos/P002733.mat,,,,30.000000,"FileNotFoundError: [Errno 2] Unable to synchronously open file (unable to open file: name = 'dataset/SCAMPS/scamps_videos/P002733.mat', errno = 2, error message = 'No such file or directory', flags = 0, o_flags = 0)"
SCAMPS,P002734,dataset/SCAMPS/scamps_videos/P002734.mat,,,,30.000000,"FileNotFoundError: [Errno 2] Unable to synchronously open file (unable to open file: name = 'dataset/SCAMPS/scamps_videos/P002734.mat', errno = 2, error message = 'No such file or directory', flags = 0, o_flags = 0)"
SCAMPS,P002735,dataset/SCAMPS/scamps_videos/P002735.mat,,,,30.000000,"FileNotFoundError: [Errno 2] Unable to synchronously open file (unable to open file: name = 'dataset/SCAMPS/scamps_videos/P002735.mat', errno = 2, error message = 'No such file or directory', flags = 0, o_flags = 0)"
SCAMPS,P002736,dataset/SCAMPS/scamps_videos/P002736.mat,,,,30.000000,"FileNotFoundError: [Errno 2] Unable to synchronously open file (unable to open file: name = 'dataset/SCAMPS/scamps_videos/P002736.mat', errno = 2, error message = 'No such file or directory', flags = 0, o_flags = 0)"
SCAMPS,P002737,dataset/SCAMPS/scamps_videos/P002737.mat,,,,30.000000,"FileNotFoundError: [Errno 2] Unable to synchronously open file (unable to open file: name = 'dataset/SCAMPS/scamps_videos/P002737.mat', errno = 2, error message = 'No such file or directory', flags = 0, o_flags = 0)"
SCAMPS,P002738,dataset/SCAMPS/scamps_videos/P002738.mat,,,,30.000000,"FileNotFoundError: [Errno 2] Unable to synchronously open file (unable to open file: name = 'dataset/SCAMPS/scamps_videos/P002738.mat', errno = 2, error message = 'No such file or directory', flags = 0, o_flags = 0)"
SCAMPS,P002739,dataset/SCAMPS/scamps_videos/P002739.mat,,,,30.000000,"FileNotFoundError: [Errno 2] Unable to synchronously open file (unable to open file: name = 'dataset/SCAMPS/scamps_videos/P002739.mat', errno = 2, error message = 'No such file or directory', flags = 0, o_flags = 0)"
SCAMPS,P002740,dataset/SCAMPS/scamps_videos/P002740.mat,,,,30.000000,"FileNotFoundError: [Errno 2] Unable to synchronously open file (unable to open file: name = 'dataset/SCAMPS/scamps_videos/P002740.mat', errno = 2, error message = 'No such file or directory', flags = 0, o_flags = 0)"
SCAMPS,P002741,dataset/SCAMPS/scamps_videos/P002741.mat,,,,30.000000,"FileNotFoundError: [Errno 2] Unable to synchronously open file (unable to open file: name = 'dataset/SCAMPS/scamps_videos/P002741.mat', errno = 2, error message = 'No such file or directory', flags = 0, o_flags = 0)"
SCAMPS,P002742,dataset/SCAMPS/scamps_videos/P002742.mat,,,,30.000000,"FileNotFoundError: [Errno 2] Unable to synchronously open file (unable to open file: name = 'dataset/SCAMPS/scamps_videos/P002742.mat', errno = 2, error message = 'No such file or directory', flags = 0, o_flags = 0)"
SCAMPS,P002743,dataset/SCAMPS/scamps_videos/P002743.mat,,,,30.000000,"FileNotFoundError: [Errno 2] Unable to synchronously open file (unable to open file: name = 'dataset/SCAMPS/scamps_videos/P002743.mat', errno = 2, error message = 'No such file or directory', flags = 0, o_flags = 0)"
SCAMPS,P002744,dataset/SCAMPS/scamps_videos/P002744.mat,,,,30.000000,"FileNotFoundError: [Errno 2] Unable to synchronously open file (unable to open file: name = 'dataset/SCAMPS/scamps_videos/P002744.mat', errno = 2, error message = 'No such file or directory', flags = 0, o_flags = 0)"
SCAMPS,P002745,dataset/SCAMPS/scamps_videos/P002745.mat,,,,30.000000,"FileNotFoundError: [Errno 2] Unable to synchronously open file (unable to open file: name = 'dataset/SCAMPS/scamps_videos/P002745.mat', errno = 2, error message = 'No such file or directory', flags = 0, o_flags = 0)"
SCAMPS,P002746,dataset/SCAMPS/scamps_videos/P002746.mat,,,,30.000000,"FileNotFoundError: [Errno 2] Unable to synchronously open file (unable to open file: name = 'dataset/SCAMPS/scamps_videos/P002746.mat', errno = 2, error message = 'No such file or directory', flags = 0, o_flags = 0)"
SCAMPS,P002747,dataset/SCAMPS/scamps_videos/P002747.mat,,,,30.000000,"FileNotFoundError: [Errno 2] Unable to synchronously open file (unable to open file: name = 'dataset/SCAMPS/scamps_videos/P002747.mat', errno = 2, error message = 'No such file or directory', flags = 0, o_flags = 0)"
SCAMPS,P002748,dataset/SCAMPS/scamps_videos/P002748.mat,,,,30.000000,"FileNotFoundError: [Errno 2] Unable to synchronously open file (unable to open file: name = 'dataset/SCAMPS/scamps_videos/P002748.mat', errno = 2, error message = 'No such file or directory', flags = 0, o_flags = 0)"
SCAMPS,P002749,dataset/SCAMPS/scamps_videos/P002749.mat,,,,30.000000,"FileNotFoundError: [Errno 2] Unable to synchronously open file (unable to open file: name = 'dataset/SCAMPS/scamps_videos/P002749.mat', errno = 2, error message = 'No such file or directory', flags = 0, o_flags = 0)"
SCAMPS,P002750,dataset/SCAMPS/scamps_videos/P002750.mat,,,,30.000000,"FileNotFoundError: [Errno 2] Unable to synchronously open file (unable to open file: name = 'dataset/SCAMPS/scamps_videos/P002750.mat', errno = 2, error message = 'No such file or directory', flags = 0, o_flags = 0)"
SCAMPS,P002751,dataset/SCAMPS/scamps_videos/P002751.mat,,,,30.000000,"FileNotFoundError: [Errno 2] Unable to synchronously open file (unable to open file: name = 'dataset/SCAMPS/scamps_videos/P002751.mat', errno = 2, error message = 'No such file or directory', flags = 0, o_flags = 0)"
SCAMPS,P002752,dataset/SCAMPS/scamps_videos/P002752.mat,,,,30.000000,"FileNotFoundError: [Errno 2] Unable to synchronously open file (unable to open file: name = 'dataset/SCAMPS/scamps_videos/P002752.mat', errno = 2, error message = 'No such file or directory', flags = 0, o_flags = 0)"
SCAMPS,P002753,dataset/SCAMPS/scamps_videos/P002753.mat,,,,30.000000,"FileNotFoundError: [Errno 2] Unable to synchronously open file (unable to open file: name = 'dataset/SCAMPS/scamps_videos/P002753.mat', errno = 2, error message = 'No such file or directory', flags = 0, o_flags = 0)"
SCAMPS,P002754,dataset/SCAMPS/scamps_videos/P002754.mat,,,,30.000000,"FileNotFoundError: [Errno 2] Unable to synchronously open file (unable to open file: name = 'dataset/SCAMPS/scamps_videos/P002754.mat', errno = 2, error message = 'No such file or directory', flags = 0, o_flags = 0)"
SCAMPS,P002755,dataset/SCAMPS/scamps_videos/P002755.mat,,,,30.000000,"FileNotFoundError: [Errno 2] Unable to synchronously open file (unable to open file: name = 'dataset/SCAMPS/scamps_videos/P002755.mat', errno = 2, error message = 'No such file or directory', flags = 0, o_flags = 0)"
SCAMPS,P002756,dataset/SCAMPS/scamps_videos/P002756.mat,,,,30.000000,"FileNotFoundError: [Errno 2] Unable to synchronously open file (unable to open file: name = 'dataset/SCAMPS/scamps_videos/P002756.mat', errno = 2, error message = 'No such file or directory', flags = 0, o_flags = 0)"
SCAMPS,P002757,dataset/SCAMPS/scamps_videos/P002757.mat,,,,30.000000,"FileNotFoundError: [Errno 2] Unable to synchronously open file (unable to open file: name = 'dataset/SCAMPS/scamps_videos/P002757.mat', errno = 2, error message = 'No such file or directory', flags = 0, o_flags = 0)"
SCAMPS,P002758,dataset/SCAMPS/scamps_videos/P002758.mat,,,,30.000000,"FileNotFoundError: [Errno 2] Unable to synchronously open file (unable to open file: name = 'dataset/SCAMPS/scamps_videos/P002758.mat', errno = 2, error message = 'No such file or directory', flags = 0, o_flags = 0)"
SCAMPS,P002759,dataset/SCAMPS/scamps_videos/P002759.mat,,,,30.000000,"FileNotFoundError: [Errno 2] Unable to synchronously open file (unable to open file: name = 'dataset/SCAMPS/scamps_videos/P002759.mat', errno = 2, error message = 'No such file or directory', flags = 0, o_flags = 0)"
SCAMPS,P002760,dataset/SCAMPS/scamps_videos/P002760.mat,,,,30.000000,"FileNotFoundError: [Errno 2] Unable to synchronously open file (unable to open file: name = 'dataset/SCAMPS/scamps_videos/P002760.mat', errno = 2, error message = 'No such file or directory', flags = 0, o_flags = 0)"
SCAMPS,P002761,dataset/SCAMPS/scamps_videos/P002761.mat,,,,30.000000,"FileNotFoundError: [Errno 2] Unable to synchronously open file (unable to open file: name = 'dataset/SCAMPS/scamps_videos/P002761.mat', errno = 2, error message = 'No such file or directory', flags = 0, o_flags = 0)"
SCAMPS,P002762,dataset/SCAMPS/scamps_videos/P002762.mat,,,,30.000000,"FileNotFoundError: [Errno 2] Unable to synchronously open file (unable to open file: name = 'dataset/SCAMPS/scamps_videos/P002762.mat', errno = 2, error message = 'No such file or directory', flags = 0, o_flags = 0)"
SCAMPS,P002763,dataset/SCAMPS/scamps_videos/P002763.mat,,,,30.000000,"FileNotFoundError: [Errno 2] Unable to synchronously open file (unable to open file: name = 'dataset/SCAMPS/scamps_videos/P002763.mat', errno = 2, error message = 'No such file or directory', flags = 0, o_flags = 0)"
SCAMPS,P002764,dataset/SCAMPS/scamps_videos/P002764.mat,,,,30.000000,"FileNotFoundError: [Errno 2] Unable to synchronously open file (unable to open file: name = 'dataset/SCAMPS/scamps_videos/P002764.mat', errno = 2, error message = 'No such file or directory', flags = 0, o_flags = 0)"
SCAMPS,P002765,dataset/SCAMPS/scamps_videos/P002765.mat,,,,30.000000,"FileNotFoundError: [Errno 2] Unable to synchronously open file (unable to open file: name = 'dataset/SCAMPS/scamps_videos/P002765.mat', errno = 2, error message = 'No such file or directory', flags = 0, o_flags = 0)"
SCAMPS,P002766,dataset/SCAMPS/scamps_videos/P002766.mat,,,,30.000000,"FileNotFoundError: [Errno 2] Unable to synchronously open file (unable to open file: name = 'dataset/SCAMPS/scamps_videos/P002766.mat', errno = 2, error message = 'No such file or directory', flags = 0, o_flags = 0)"
SCAMPS,P002767,dataset/SCAMPS/scamps_videos/P002767.mat,,,,30.000000,"FileNotFoundError: [Errno 2] Unable to synchronously open file (unable to open file: name = 'dataset/SCAMPS/scamps_videos/P002767.mat', errno = 2, error message = 'No such file or directory', flags = 0, o_flags = 0)"
SCAMPS,P002768,dataset/SCAMPS/scamps_videos/P002768.mat,,,,30.000000,"FileNotFoundError: [Errno 2] Unable to synchronously open file (unable to open file: name = 'dataset/SCAMPS/scamps_videos/P002768.mat', errno = 2, error message = 'No such file or directory', flags = 0, o_flags = 0)"
SCAMPS,P002769,dataset/SCAMPS/scamps_videos/P002769.mat,,,,30.000000,"FileNotFoundError: [Errno 2] Unable to synchronously open file (unable to open file: name = 'dataset/SCAMPS/scamps_videos/P002769.mat', errno = 2, error message = 'No such file or directory', flags = 0, o_flags = 0)"
SCAMPS,P002770,dataset/SCAMPS/scamps_videos/P002770.mat,,,,30.000000,"FileNotFoundError: [Errno 2] Unable to synchronously open file (unable to open file: name = 'dataset/SCAMPS/scamps_videos/P002770.mat', errno = 2, error message = 'No such file or directory', flags = 0, o_flags = 0)"
SCAMPS,P002771,dataset/SCAMPS/scamps_videos/P002771.mat,,,,30.000000,"FileNotFoundError: [Errno 2] Unable to synchronously open file (unable to open file: name = 'dataset/SCAMPS/scamps_videos/P002771.mat', errno = 2, error message = 'No such file or directory', flags = 0, o_flags = 0)"
SCAMPS,P002772,dataset/SCAMPS/scamps_videos/P002772.mat,,,,30.000000,"FileNotFoundError: [Errno 2] Unable to synchronously open file (unable to open file: name = 'dataset/SCAMPS/scamps_videos/P002772.mat', errno = 2, error message = 'No such file or directory', flags = 0, o_flags = 0)"
SCAMPS,P002773,dataset/SCAMPS/scamps_videos/P002773.mat,,,,30.000000,"FileNotFoundError: [Errno 2] Unable to synchronously open file (unable to open file: name = 'dataset/SCAMPS/scamps_videos/P002773.mat', errno = 2, error message = 'No such file or directory', flags = 0, o_flags = 0)"
SCAMPS,P002774,dataset/SCAMPS/scamps_videos/P002774.mat,,,,30.000000,"FileNotFoundError: [Errno 2] Unable to synchronously open file (unable to open file: name = 'dataset/SCAMPS/scamps_videos/P002774.mat', errno = 2, error message = 'No such file or directory', flags = 0, o_flags = 0)"
SCAMPS,P002775,dataset/SCAMPS/scamps_videos/P002775.mat,,,,30.000000,"FileNotFoundError: [Errno 2] Unable to synchronously open file (unable to open file: name = 'dataset/SCAMPS/scamps_videos/P002775.mat', errno = 2, error message = 'No such file or directory', flags = 0, o_flags = 0)"
SCAMPS,P002776,dataset/SCAMPS/scamps_videos/P002776.mat,,,,30.000000,"FileNotFoundError: [Errno 2] Unable to synchronously open file (unable to open file: name = 'dataset/SCAMPS/scamps_videos/P002776.mat', errno = 2, error message = 'No such file or directory', flags = 0, o_flags = 0)"
SCAMPS,P002777,dataset/SCAMPS/scamps_videos/P002777.mat,,,,30.000000,"FileNotFoundError: [Errno 2] Unable to synchronously open file (unable to open file: name = 'dataset/SCAMPS/scamps_videos/P002777.mat', errno = 2, error message = 'No such file or directory', flags = 0, o_flags = 0)"
SCAMPS,P002778,dataset/SCAMPS/scamps_videos/P002778.mat,,,,30.000000,"FileNotFoundError: [Errno 2] Unable to synchronously open file (unable to open file: name = 'dataset/SCAMPS/scamps_videos/P002778.mat', errno = 2, error message = 'No such file or directory', flags = 0, o_flags = 0)"
SCAMPS,P002779,dataset/SCAMPS/scamps_videos/P002779.mat,,,,30.000000,"FileNotFoundError: [Errno 2] Unable to synchronously open file (unable to open file: name = 'dataset/SCAMPS/scamps_videos/P002779.mat', errno = 2, error message = 'No such file or directory', flags = 0, o_flags = 0)"
SCAMPS,P002780,dataset/SCAMPS/scamps_videos/P002780.mat,,,,30.000000,"FileNotFoundError: [Errno 2] Unable to synchronously open file (unable to open file: name = 'dataset/SCAMPS/scamps_videos/P002780.mat', errno = 2, error message = 'No such file or directory', flags = 0, o_flags = 0)"
SCAMPS,P002781,dataset/SCAMPS/scamps_videos/P002781.mat,,,,30.000000,"FileNotFoundError: [Errno 2] Unable to synchronously open file (unable to open file: name = 'dataset/SCAMPS/scamps_videos/P002781.mat', errno = 2, error message = 'No such file or directory', flags = 0, o_flags = 0)"
SCAMPS,P002782,dataset/SCAMPS/scamps_videos/P002782.mat,,,,30.000000,"FileNotFoundError: [Errno 2] Unable to synchronously open file (unable to open file: name = 'dataset/SCAMPS/scamps_videos/P002782.mat', errno = 2, error message = 'No such file or directory', flags = 0, o_flags = 0)"
SCAMPS,P002783,dataset/SCAMPS/scamps_videos/P002783.mat,,,,30.000000,"FileNotFoundError: [Errno 2] Unable to synchronously open file (unable to open file: name = 'dataset/SCAMPS/scamps_videos/P002783.mat', errno = 2, error message = 'No such file or directory', flags = 0, o_flags = 0)"
SCAMPS,P002784,dataset/SCAMPS/scamps_videos/P002784.mat,,,,30.000000,"FileNotFoundError: [Errno 2] Unable to synchronously open file (unable to open file: name = 'dataset/SCAMPS/scamps_videos/P002784.mat', errno = 2, error message = 'No such file or directory', flags = 0, o_flags = 0)"
SCAMPS,P002785,dataset/SCAMPS/scamps_videos/P002785.mat,,,,30.000000,"FileNotFoundError: [Errno 2] Unable to synchronously open file (unable to open file: name = 'dataset/SCAMPS/scamps_videos/P002785.mat', errno = 2, error message = 'No such file or directory', flags = 0, o_flags = 0)"
SCAMPS,P002786,dataset/SCAMPS/scamps_videos/P002786.mat,,,,30.000000,"FileNotFoundError: [Errno 2] Unable to synchronously open file (unable to open file: name = 'dataset/SCAMPS/scamps_videos/P002786.mat', errno = 2, error message = 'No such file or directory', flags = 0, o_flags = 0)"
SCAMPS,P002787,dataset/SCAMPS/scamps_videos/P002787.mat,,,,30.000000,"FileNotFoundError: [Errno 2] Unable to synchronously open file (unable to open file: name = 'dataset/SCAMPS/scamps_videos/P002787.mat', errno = 2, error message = 'No such file or directory', flags = 0, o_flags = 0)"
SCAMPS,P002788,dataset/SCAMPS/scamps_videos/P002788.mat,,,,30.000000,"FileNotFoundError: [Errno 2] Unable to synchronously open file (unable to open file: name = 'dataset/SCAMPS/scamps_videos/P002788.mat', errno = 2, error message = 'No such file or directory', flags = 0, o_flags = 0)"
SCAMPS,P002789,dataset/SCAMPS/scamps_videos/P002789.mat,,,,30.000000,"FileNotFoundError: [Errno 2] Unable to synchronously open file (unable to open file: name = 'dataset/SCAMPS/scamps_videos/P002789.mat', errno = 2, error message = 'No such file or directory', flags = 0, o_flags = 0)"
SCAMPS,P002790,dataset/SCAMPS/scamps_videos/P002790.mat,,,,30.000000,"FileNotFoundError: [Errno 2] Unable to synchronously open file (unable to open file: name = 'dataset/SCAMPS/scamps_videos/P002790.mat', errno = 2, error message = 'No such file or directory', flags = 0, o_flags = 0)"
SCAMPS,P002791,dataset/SCAMPS/scamps_videos/P002791.mat,,,,30.000000,"FileNotFoundError: [Errno 2] Unable to synchronously open file (unable to open file: name = 'dataset/SCAMPS/scamps_videos/P002791.mat', errno = 2, error message = 'No such file or directory', flags = 0, o_flags = 0)"
SCAMPS,P002792,dataset/SCAMPS/scamps_videos/P002792.mat,,,,30.000000,"FileNotFoundError: [Errno 2] Unable to synchronously open file (unable to open file: name = 'dataset/SCAMPS/scamps_videos/P002792.mat', errno = 2, error message = 'No such file or directory', flags = 0, o_flags = 0)"
SCAMPS,P002793,dataset/SCAMPS/scamps_videos/P002793.mat,,,,30.000000,"FileNotFoundError: [Errno 2] Unable to synchronously open file (unable to open file: name = 'dataset/SCAMPS/scamps_videos/P002793.mat', errno = 2, error message = 'No such file or directory', flags = 0, o_flags = 0)"
SCAMPS,P002794,dataset/SCAMPS/scamps_videos/P002794.mat,,,,30.000000,"FileNotFoundError: [Errno 2] Unable to synchronously open file (unable to open file: name = 'dataset/SCAMPS/scamps_videos/P002794.mat', errno = 2, error message = 'No such file or directory', flags = 0, o_flags = 0)"
SCAMPS,P002795,dataset/SCAMPS/scamps_videos/P002795.mat,,,,30.000000,"FileNotFoundError: [Errno 2] Unable to synchronously open file (unable to open file: name = 'dataset/SCAMPS/scamps_videos/P002795.mat', errno = 2, error message = 'No such file or directory', flags = 0, o_flags = 0)"
SCAMPS,P002796,dataset/SCAMPS/scamps_videos/P002796.mat,,,,30.000000,"FileNotFoundError: [Errno 2] Unable to synchronously open file (unable to open file: name = 'dataset/SCAMPS/scamps_videos/P002796.mat', errno = 2, error message = 'No such file or directory', flags = 0, o_flags = 0)"
SCAMPS,P002797,dataset/SCAMPS/scamps_videos/P002797.mat,,,,30.000000,"FileNotFoundError: [Errno 2] Unable to synchronously open file (unable to open file: name = 'dataset/SCAMPS/scamps_videos/P002797.mat', errno = 2, error message = 'No such file or directory', flags = 0, o_flags = 0)"
SCAMPS,P002798,dataset/SCAMPS/scamps_videos/P002798.mat,,,,30.000000,"FileNotFoundError: [Errno 2] Unable to synchronously open file (unable to open file: name = 'dataset/SCAMPS/scamps_videos/P002798.mat', errno = 2, error message = 'No such file or directory', flags = 0, o_flags = 0)"
SCAMPS,P002799,dataset/SCAMPS/scamps_videos/P002799.mat,,,,30.000000,"FileNotFoundError: [Errno 2] Unable to synchronously open file (unable to open file: name = 'dataset/SCAMPS/scamps_videos/P002799.mat', errno = 2, error message = 'No such file or directory', flags = 0, o_flags = 0)"
SCAMPS,P002800,dataset/SCAMPS/scamps_videos/P002800.mat,,,,30.000000,"FileNotFoundError: [Errno 2] Unable to synchronously open file (unable to open file: name = 'dataset/SCAMPS/scamps_videos/P002800.mat', errno = 2, error message = 'No such file or directory', flags = 0, o_flags = 0)"
